model_id,family,fold_id,seed,sample_id,y_pred,environment_id,model_spec_sha256,config_sha256,code_sha256,environment_sha256,expected_sample_ids_sha256,selected_parameter_sha256,selected_parameter_json,epoch_count,parameter_count,fit_seconds,inference_seconds,peak_ram_mb,peak_vram_mb,aggregation
C01_compact_gru,gated_recurrent_unit,rolling_origin_2021-11-02,42117,P-D01-W001::C012::C014,52.14424992204836,gate_c_torch,93d6a231e88abd7219722c0fb59328fbdb4063caf9d8ab33a5570465fdfe8a6d,340f5e8ac2d6df6696e2ea0267670ec4d5d1ef1265aa1ecb1a2cebed848a9eba,5a84f27899c20bd37e8318cdc99009da9cb2fc71b7090dead1ca57fee9e7db6a,4a1388db6a465b41decad90e9701c9312bb7aa844e8aeb133c461ed0a4bd9258,4addff335526e77628b914bf83380de2c81030fb22994a739cb072c37c504f5d,6fc5331c754442474d4542d6d7069dfc5ef5f7af9c53d4bcf9f4b9eb79696691,"{""dropout"":0.0,""hidden_size"":32,""layers"":1,""weight_decay"":0.01}",67,4065,3.359043499978725,0.0015041999868117273,1776.59765625,78.05810546875,single_seed
C01_compact_gru,gated_recurrent_unit,rolling_origin_2021-11-02,42117,P-D01-W002::C012::C014,48.62748589077785,gate_c_torch,93d6a231e88abd7219722c0fb59328fbdb4063caf9d8ab33a5570465fdfe8a6d,340f5e8ac2d6df6696e2ea0267670ec4d5d1ef1265aa1ecb1a2cebed848a9eba,5a84f27899c20bd37e8318cdc99009da9cb2fc71b7090dead1ca57fee9e7db6a,4a1388db6a465b41decad90e9701c9312bb7aa844e8aeb133c461ed0a4bd9258,4addff335526e77628b914bf83380de2c81030fb22994a739cb072c37c504f5d,6fc5331c754442474d4542d6d7069dfc5ef5f7af9c53d4bcf9f4b9eb79696691,"{""dropout"":0.0,""hidden_size"":32,""layers"":1,""weight_decay"":0.01}",67,4065,3.359043499978725,0.0015041999868117273,1776.59765625,78.05810546875,single_seed
C01_compact_gru,gated_recurrent_unit,rolling_origin_2021-11-02,42117,P-D01-W003::C012::C014,5.068882555771182,gate_c_torch,93d6a231e88abd7219722c0fb59328fbdb4063caf9d8ab33a5570465fdfe8a6d,340f5e8ac2d6df6696e2ea0267670ec4d5d1ef1265aa1ecb1a2cebed848a9eba,5a84f27899c20bd37e8318cdc99009da9cb2fc71b7090dead1ca57fee9e7db6a,4a1388db6a465b41decad90e9701c9312bb7aa844e8aeb133c461ed0a4bd9258,4addff335526e77628b914bf83380de2c81030fb22994a739cb072c37c504f5d,6fc5331c754442474d4542d6d7069dfc5ef5f7af9c53d4bcf9f4b9eb79696691,"{""dropout"":0.0,""hidden_size"":32,""layers"":1,""weight_decay"":0.01}",67,4065,3.359043499978725,0.0015041999868117273,1776.59765625,78.05810546875,single_seed
C01_compact_gru,gated_recurrent_unit,rolling_origin_2021-11-02,42117,P-D01-W004::C012::C014,4.74984589683962,gate_c_torch,93d6a231e88abd7219722c0fb59328fbdb4063caf9d8ab33a5570465fdfe8a6d,340f5e8ac2d6df6696e2ea0267670ec4d5d1ef1265aa1ecb1a2cebed848a9eba,5a84f27899c20bd37e8318cdc99009da9cb2fc71b7090dead1ca57fee9e7db6a,4a1388db6a465b41decad90e9701c9312bb7aa844e8aeb133c461ed0a4bd9258,4addff335526e77628b914bf83380de2c81030fb22994a739cb072c37c504f5d,6fc5331c754442474d4542d6d7069dfc5ef5f7af9c53d4bcf9f4b9eb79696691,"{""dropout"":0.0,""hidden_size"":32,""layers"":1,""weight_decay"":0.01}",67,4065,3.359043499978725,0.0015041999868117273,1776.59765625,78.05810546875,single_seed
C01_compact_gru,gated_recurrent_unit,rolling_origin_2021-11-02,42117,P-D01-W005::C012::C014,38.34925032021097,gate_c_torch,93d6a231e88abd7219722c0fb59328fbdb4063caf9d8ab33a5570465fdfe8a6d,340f5e8ac2d6df6696e2ea0267670ec4d5d1ef1265aa1ecb1a2cebed848a9eba,5a84f27899c20bd37e8318cdc99009da9cb2fc71b7090dead1ca57fee9e7db6a,4a1388db6a465b41decad90e9701c9312bb7aa844e8aeb133c461ed0a4bd9258,4addff335526e77628b914bf83380de2c81030fb22994a739cb072c37c504f5d,6fc5331c754442474d4542d6d7069dfc5ef5f7af9c53d4bcf9f4b9eb79696691,"{""dropout"":0.0,""hidden_size"":32,""layers"":1,""weight_decay"":0.01}",67,4065,3.359043499978725,0.0015041999868117273,1776.59765625,78.05810546875,single_seed
C01_compact_gru,gated_recurrent_unit,rolling_origin_2021-11-02,42117,P-D01-W006::C012::C014,25.867218617863326,gate_c_torch,93d6a231e88abd7219722c0fb59328fbdb4063caf9d8ab33a5570465fdfe8a6d,340f5e8ac2d6df6696e2ea0267670ec4d5d1ef1265aa1ecb1a2cebed848a9eba,5a84f27899c20bd37e8318cdc99009da9cb2fc71b7090dead1ca57fee9e7db6a,4a1388db6a465b41decad90e9701c9312bb7aa844e8aeb133c461ed0a4bd9258,4addff335526e77628b914bf83380de2c81030fb22994a739cb072c37c504f5d,6fc5331c754442474d4542d6d7069dfc5ef5f7af9c53d4bcf9f4b9eb79696691,"{""dropout"":0.0,""hidden_size"":32,""layers"":1,""weight_decay"":0.01}",67,4065,3.359043499978725,0.0015041999868117273,1776.59765625,78.05810546875,single_seed
C01_compact_gru,gated_recurrent_unit,rolling_origin_2021-11-02,42117,P-D01-W007::C012::C014,31.890630081721007,gate_c_torch,93d6a231e88abd7219722c0fb59328fbdb4063caf9d8ab33a5570465fdfe8a6d,340f5e8ac2d6df6696e2ea0267670ec4d5d1ef1265aa1ecb1a2cebed848a9eba,5a84f27899c20bd37e8318cdc99009da9cb2fc71b7090dead1ca57fee9e7db6a,4a1388db6a465b41decad90e9701c9312bb7aa844e8aeb133c461ed0a4bd9258,4addff335526e77628b914bf83380de2c81030fb22994a739cb072c37c504f5d,6fc5331c754442474d4542d6d7069dfc5ef5f7af9c53d4bcf9f4b9eb79696691,"{""dropout"":0.0,""hidden_size"":32,""layers"":1,""weight_decay"":0.01}",67,4065,3.359043499978725,0.0015041999868117273,1776.59765625,78.05810546875,single_seed
C01_compact_gru,gated_recurrent_unit,rolling_origin_2021-11-02,42117,P-H01-W001::C012::C014,24.772744533638384,gate_c_torch,93d6a231e88abd7219722c0fb59328fbdb4063caf9d8ab33a5570465fdfe8a6d,340f5e8ac2d6df6696e2ea0267670ec4d5d1ef1265aa1ecb1a2cebed848a9eba,5a84f27899c20bd37e8318cdc99009da9cb2fc71b7090dead1ca57fee9e7db6a,4a1388db6a465b41decad90e9701c9312bb7aa844e8aeb133c461ed0a4bd9258,4addff335526e77628b914bf83380de2c81030fb22994a739cb072c37c504f5d,6fc5331c754442474d4542d6d7069dfc5ef5f7af9c53d4bcf9f4b9eb79696691,"{""dropout"":0.0,""hidden_size"":32,""layers"":1,""weight_decay"":0.01}",67,4065,3.359043499978725,0.0015041999868117273,1776.59765625,78.05810546875,single_seed
C01_compact_gru,gated_recurrent_unit,rolling_origin_2021-11-02,42117,P-H01-W002::C012::C014,28.19863790166179,gate_c_torch,93d6a231e88abd7219722c0fb59328fbdb4063caf9d8ab33a5570465fdfe8a6d,340f5e8ac2d6df6696e2ea0267670ec4d5d1ef1265aa1ecb1a2cebed848a9eba,5a84f27899c20bd37e8318cdc99009da9cb2fc71b7090dead1ca57fee9e7db6a,4a1388db6a465b41decad90e9701c9312bb7aa844e8aeb133c461ed0a4bd9258,4addff335526e77628b914bf83380de2c81030fb22994a739cb072c37c504f5d,6fc5331c754442474d4542d6d7069dfc5ef5f7af9c53d4bcf9f4b9eb79696691,"{""dropout"":0.0,""hidden_size"":32,""layers"":1,""weight_decay"":0.01}",67,4065,3.359043499978725,0.0015041999868117273,1776.59765625,78.05810546875,single_seed
C01_compact_gru,gated_recurrent_unit,rolling_origin_2021-11-02,42117,P-H01-W003::C012::C014,23.168450721002884,gate_c_torch,93d6a231e88abd7219722c0fb59328fbdb4063caf9d8ab33a5570465fdfe8a6d,340f5e8ac2d6df6696e2ea0267670ec4d5d1ef1265aa1ecb1a2cebed848a9eba,5a84f27899c20bd37e8318cdc99009da9cb2fc71b7090dead1ca57fee9e7db6a,4a1388db6a465b41decad90e9701c9312bb7aa844e8aeb133c461ed0a4bd9258,4addff335526e77628b914bf83380de2c81030fb22994a739cb072c37c504f5d,6fc5331c754442474d4542d6d7069dfc5ef5f7af9c53d4bcf9f4b9eb79696691,"{""dropout"":0.0,""hidden_size"":32,""layers"":1,""weight_decay"":0.01}",67,4065,3.359043499978725,0.0015041999868117273,1776.59765625,78.05810546875,single_seed
C01_compact_gru,gated_recurrent_unit,rolling_origin_2021-11-02,42117,P-H01-W004::C012::C014,28.466979336101048,gate_c_torch,93d6a231e88abd7219722c0fb59328fbdb4063caf9d8ab33a5570465fdfe8a6d,340f5e8ac2d6df6696e2ea0267670ec4d5d1ef1265aa1ecb1a2cebed848a9eba,5a84f27899c20bd37e8318cdc99009da9cb2fc71b7090dead1ca57fee9e7db6a,4a1388db6a465b41decad90e9701c9312bb7aa844e8aeb133c461ed0a4bd9258,4addff335526e77628b914bf83380de2c81030fb22994a739cb072c37c504f5d,6fc5331c754442474d4542d6d7069dfc5ef5f7af9c53d4bcf9f4b9eb79696691,"{""dropout"":0.0,""hidden_size"":32,""layers"":1,""weight_decay"":0.01}",67,4065,3.359043499978725,0.0015041999868117273,1776.59765625,78.05810546875,single_seed
C01_compact_gru,gated_recurrent_unit,rolling_origin_2021-11-02,42117,P-H01-W005::C012::C014,49.04516199897823,gate_c_torch,93d6a231e88abd7219722c0fb59328fbdb4063caf9d8ab33a5570465fdfe8a6d,340f5e8ac2d6df6696e2ea0267670ec4d5d1ef1265aa1ecb1a2cebed848a9eba,5a84f27899c20bd37e8318cdc99009da9cb2fc71b7090dead1ca57fee9e7db6a,4a1388db6a465b41decad90e9701c9312bb7aa844e8aeb133c461ed0a4bd9258,4addff335526e77628b914bf83380de2c81030fb22994a739cb072c37c504f5d,6fc5331c754442474d4542d6d7069dfc5ef5f7af9c53d4bcf9f4b9eb79696691,"{""dropout"":0.0,""hidden_size"":32,""layers"":1,""weight_decay"":0.01}",67,4065,3.359043499978725,0.0015041999868117273,1776.59765625,78.05810546875,single_seed
C01_compact_gru,gated_recurrent_unit,rolling_origin_2021-11-02,42117,P-H01-W006::C012::C014,30.61744696663454,gate_c_torch,93d6a231e88abd7219722c0fb59328fbdb4063caf9d8ab33a5570465fdfe8a6d,340f5e8ac2d6df6696e2ea0267670ec4d5d1ef1265aa1ecb1a2cebed848a9eba,5a84f27899c20bd37e8318cdc99009da9cb2fc71b7090dead1ca57fee9e7db6a,4a1388db6a465b41decad90e9701c9312bb7aa844e8aeb133c461ed0a4bd9258,4addff335526e77628b914bf83380de2c81030fb22994a739cb072c37c504f5d,6fc5331c754442474d4542d6d7069dfc5ef5f7af9c53d4bcf9f4b9eb79696691,"{""dropout"":0.0,""hidden_size"":32,""layers"":1,""weight_decay"":0.01}",67,4065,3.359043499978725,0.0015041999868117273,1776.59765625,78.05810546875,single_seed
C01_compact_gru,gated_recurrent_unit,rolling_origin_2021-11-02,42117,P-H01-W007::C012::C014,33.67714261843653,gate_c_torch,93d6a231e88abd7219722c0fb59328fbdb4063caf9d8ab33a5570465fdfe8a6d,340f5e8ac2d6df6696e2ea0267670ec4d5d1ef1265aa1ecb1a2cebed848a9eba,5a84f27899c20bd37e8318cdc99009da9cb2fc71b7090dead1ca57fee9e7db6a,4a1388db6a465b41decad90e9701c9312bb7aa844e8aeb133c461ed0a4bd9258,4addff335526e77628b914bf83380de2c81030fb22994a739cb072c37c504f5d,6fc5331c754442474d4542d6d7069dfc5ef5f7af9c53d4bcf9f4b9eb79696691,"{""dropout"":0.0,""hidden_size"":32,""layers"":1,""weight_decay"":0.01}",67,4065,3.359043499978725,0.0015041999868117273,1776.59765625,78.05810546875,single_seed
C01_compact_gru,gated_recurrent_unit,rolling_origin_2021-11-02,42117,P-H02-W001::C012::C014,31.57147012347786,gate_c_torch,93d6a231e88abd7219722c0fb59328fbdb4063caf9d8ab33a5570465fdfe8a6d,340f5e8ac2d6df6696e2ea0267670ec4d5d1ef1265aa1ecb1a2cebed848a9eba,5a84f27899c20bd37e8318cdc99009da9cb2fc71b7090dead1ca57fee9e7db6a,4a1388db6a465b41decad90e9701c9312bb7aa844e8aeb133c461ed0a4bd9258,4addff335526e77628b914bf83380de2c81030fb22994a739cb072c37c504f5d,6fc5331c754442474d4542d6d7069dfc5ef5f7af9c53d4bcf9f4b9eb79696691,"{""dropout"":0.0,""hidden_size"":32,""layers"":1,""weight_decay"":0.01}",67,4065,3.359043499978725,0.0015041999868117273,1776.59765625,78.05810546875,single_seed
C01_compact_gru,gated_recurrent_unit,rolling_origin_2021-11-02,42117,P-H02-W003::C012::C014,24.482852362236386,gate_c_torch,93d6a231e88abd7219722c0fb59328fbdb4063caf9d8ab33a5570465fdfe8a6d,340f5e8ac2d6df6696e2ea0267670ec4d5d1ef1265aa1ecb1a2cebed848a9eba,5a84f27899c20bd37e8318cdc99009da9cb2fc71b7090dead1ca57fee9e7db6a,4a1388db6a465b41decad90e9701c9312bb7aa844e8aeb133c461ed0a4bd9258,4addff335526e77628b914bf83380de2c81030fb22994a739cb072c37c504f5d,6fc5331c754442474d4542d6d7069dfc5ef5f7af9c53d4bcf9f4b9eb79696691,"{""dropout"":0.0,""hidden_size"":32,""layers"":1,""weight_decay"":0.01}",67,4065,3.359043499978725,0.0015041999868117273,1776.59765625,78.05810546875,single_seed
C01_compact_gru,gated_recurrent_unit,rolling_origin_2021-11-02,42117,P-H02-W004::C012::C014,19.676707156066385,gate_c_torch,93d6a231e88abd7219722c0fb59328fbdb4063caf9d8ab33a5570465fdfe8a6d,340f5e8ac2d6df6696e2ea0267670ec4d5d1ef1265aa1ecb1a2cebed848a9eba,5a84f27899c20bd37e8318cdc99009da9cb2fc71b7090dead1ca57fee9e7db6a,4a1388db6a465b41decad90e9701c9312bb7aa844e8aeb133c461ed0a4bd9258,4addff335526e77628b914bf83380de2c81030fb22994a739cb072c37c504f5d,6fc5331c754442474d4542d6d7069dfc5ef5f7af9c53d4bcf9f4b9eb79696691,"{""dropout"":0.0,""hidden_size"":32,""layers"":1,""weight_decay"":0.01}",67,4065,3.359043499978725,0.0015041999868117273,1776.59765625,78.05810546875,single_seed
C01_compact_gru,gated_recurrent_unit,rolling_origin_2021-11-02,42117,P-H02-W005::C012::C014,6.105692216223822,gate_c_torch,93d6a231e88abd7219722c0fb59328fbdb4063caf9d8ab33a5570465fdfe8a6d,340f5e8ac2d6df6696e2ea0267670ec4d5d1ef1265aa1ecb1a2cebed848a9eba,5a84f27899c20bd37e8318cdc99009da9cb2fc71b7090dead1ca57fee9e7db6a,4a1388db6a465b41decad90e9701c9312bb7aa844e8aeb133c461ed0a4bd9258,4addff335526e77628b914bf83380de2c81030fb22994a739cb072c37c504f5d,6fc5331c754442474d4542d6d7069dfc5ef5f7af9c53d4bcf9f4b9eb79696691,"{""dropout"":0.0,""hidden_size"":32,""layers"":1,""weight_decay"":0.01}",67,4065,3.359043499978725,0.0015041999868117273,1776.59765625,78.05810546875,single_seed
C01_compact_gru,gated_recurrent_unit,rolling_origin_2021-11-02,42117,P-H02-W006::C012::C014,18.89970091742157,gate_c_torch,93d6a231e88abd7219722c0fb59328fbdb4063caf9d8ab33a5570465fdfe8a6d,340f5e8ac2d6df6696e2ea0267670ec4d5d1ef1265aa1ecb1a2cebed848a9eba,5a84f27899c20bd37e8318cdc99009da9cb2fc71b7090dead1ca57fee9e7db6a,4a1388db6a465b41decad90e9701c9312bb7aa844e8aeb133c461ed0a4bd9258,4addff335526e77628b914bf83380de2c81030fb22994a739cb072c37c504f5d,6fc5331c754442474d4542d6d7069dfc5ef5f7af9c53d4bcf9f4b9eb79696691,"{""dropout"":0.0,""hidden_size"":32,""layers"":1,""weight_decay"":0.01}",67,4065,3.359043499978725,0.0015041999868117273,1776.59765625,78.05810546875,single_seed
C01_compact_gru,gated_recurrent_unit,rolling_origin_2021-11-02,42117,P-H02-W007::C012::C014,30.817545639880855,gate_c_torch,93d6a231e88abd7219722c0fb59328fbdb4063caf9d8ab33a5570465fdfe8a6d,340f5e8ac2d6df6696e2ea0267670ec4d5d1ef1265aa1ecb1a2cebed848a9eba,5a84f27899c20bd37e8318cdc99009da9cb2fc71b7090dead1ca57fee9e7db6a,4a1388db6a465b41decad90e9701c9312bb7aa844e8aeb133c461ed0a4bd9258,4addff335526e77628b914bf83380de2c81030fb22994a739cb072c37c504f5d,6fc5331c754442474d4542d6d7069dfc5ef5f7af9c53d4bcf9f4b9eb79696691,"{""dropout"":0.0,""hidden_size"":32,""layers"":1,""weight_decay"":0.01}",67,4065,3.359043499978725,0.0015041999868117273,1776.59765625,78.05810546875,single_seed
C01_compact_gru,gated_recurrent_unit,rolling_origin_2021-11-02,42117,P-H03-W001::C012::C014,50.50826508836259,gate_c_torch,93d6a231e88abd7219722c0fb59328fbdb4063caf9d8ab33a5570465fdfe8a6d,340f5e8ac2d6df6696e2ea0267670ec4d5d1ef1265aa1ecb1a2cebed848a9eba,5a84f27899c20bd37e8318cdc99009da9cb2fc71b7090dead1ca57fee9e7db6a,4a1388db6a465b41decad90e9701c9312bb7aa844e8aeb133c461ed0a4bd9258,4addff335526e77628b914bf83380de2c81030fb22994a739cb072c37c504f5d,6fc5331c754442474d4542d6d7069dfc5ef5f7af9c53d4bcf9f4b9eb79696691,"{""dropout"":0.0,""hidden_size"":32,""layers"":1,""weight_decay"":0.01}",67,4065,3.359043499978725,0.0015041999868117273,1776.59765625,78.05810546875,single_seed
C01_compact_gru,gated_recurrent_unit,rolling_origin_2021-11-02,42117,P-H03-W003::C012::C014,44.87273064355416,gate_c_torch,93d6a231e88abd7219722c0fb59328fbdb4063caf9d8ab33a5570465fdfe8a6d,340f5e8ac2d6df6696e2ea0267670ec4d5d1ef1265aa1ecb1a2cebed848a9eba,5a84f27899c20bd37e8318cdc99009da9cb2fc71b7090dead1ca57fee9e7db6a,4a1388db6a465b41decad90e9701c9312bb7aa844e8aeb133c461ed0a4bd9258,4addff335526e77628b914bf83380de2c81030fb22994a739cb072c37c504f5d,6fc5331c754442474d4542d6d7069dfc5ef5f7af9c53d4bcf9f4b9eb79696691,"{""dropout"":0.0,""hidden_size"":32,""layers"":1,""weight_decay"":0.01}",67,4065,3.359043499978725,0.0015041999868117273,1776.59765625,78.05810546875,single_seed
C01_compact_gru,gated_recurrent_unit,rolling_origin_2021-11-02,42117,P-H03-W004::C012::C014,52.12615280499909,gate_c_torch,93d6a231e88abd7219722c0fb59328fbdb4063caf9d8ab33a5570465fdfe8a6d,340f5e8ac2d6df6696e2ea0267670ec4d5d1ef1265aa1ecb1a2cebed848a9eba,5a84f27899c20bd37e8318cdc99009da9cb2fc71b7090dead1ca57fee9e7db6a,4a1388db6a465b41decad90e9701c9312bb7aa844e8aeb133c461ed0a4bd9258,4addff335526e77628b914bf83380de2c81030fb22994a739cb072c37c504f5d,6fc5331c754442474d4542d6d7069dfc5ef5f7af9c53d4bcf9f4b9eb79696691,"{""dropout"":0.0,""hidden_size"":32,""layers"":1,""weight_decay"":0.01}",67,4065,3.359043499978725,0.0015041999868117273,1776.59765625,78.05810546875,single_seed
C01_compact_gru,gated_recurrent_unit,rolling_origin_2021-11-02,42117,P-H03-W005::C012::C014,51.73361984284977,gate_c_torch,93d6a231e88abd7219722c0fb59328fbdb4063caf9d8ab33a5570465fdfe8a6d,340f5e8ac2d6df6696e2ea0267670ec4d5d1ef1265aa1ecb1a2cebed848a9eba,5a84f27899c20bd37e8318cdc99009da9cb2fc71b7090dead1ca57fee9e7db6a,4a1388db6a465b41decad90e9701c9312bb7aa844e8aeb133c461ed0a4bd9258,4addff335526e77628b914bf83380de2c81030fb22994a739cb072c37c504f5d,6fc5331c754442474d4542d6d7069dfc5ef5f7af9c53d4bcf9f4b9eb79696691,"{""dropout"":0.0,""hidden_size"":32,""layers"":1,""weight_decay"":0.01}",67,4065,3.359043499978725,0.0015041999868117273,1776.59765625,78.05810546875,single_seed
C01_compact_gru,gated_recurrent_unit,rolling_origin_2021-11-02,42117,P-H03-W006::C012::C014,55.48648160918799,gate_c_torch,93d6a231e88abd7219722c0fb59328fbdb4063caf9d8ab33a5570465fdfe8a6d,340f5e8ac2d6df6696e2ea0267670ec4d5d1ef1265aa1ecb1a2cebed848a9eba,5a84f27899c20bd37e8318cdc99009da9cb2fc71b7090dead1ca57fee9e7db6a,4a1388db6a465b41decad90e9701c9312bb7aa844e8aeb133c461ed0a4bd9258,4addff335526e77628b914bf83380de2c81030fb22994a739cb072c37c504f5d,6fc5331c754442474d4542d6d7069dfc5ef5f7af9c53d4bcf9f4b9eb79696691,"{""dropout"":0.0,""hidden_size"":32,""layers"":1,""weight_decay"":0.01}",67,4065,3.359043499978725,0.0015041999868117273,1776.59765625,78.05810546875,single_seed
C01_compact_gru,gated_recurrent_unit,rolling_origin_2021-11-02,42117,P-H03-W007::C012::C014,22.085225995075213,gate_c_torch,93d6a231e88abd7219722c0fb59328fbdb4063caf9d8ab33a5570465fdfe8a6d,340f5e8ac2d6df6696e2ea0267670ec4d5d1ef1265aa1ecb1a2cebed848a9eba,5a84f27899c20bd37e8318cdc99009da9cb2fc71b7090dead1ca57fee9e7db6a,4a1388db6a465b41decad90e9701c9312bb7aa844e8aeb133c461ed0a4bd9258,4addff335526e77628b914bf83380de2c81030fb22994a739cb072c37c504f5d,6fc5331c754442474d4542d6d7069dfc5ef5f7af9c53d4bcf9f4b9eb79696691,"{""dropout"":0.0,""hidden_size"":32,""layers"":1,""weight_decay"":0.01}",67,4065,3.359043499978725,0.0015041999868117273,1776.59765625,78.05810546875,single_seed
C01_compact_gru,gated_recurrent_unit,rolling_origin_2021-11-02,42117,P-H05-W001::C012::C014,31.13395212003009,gate_c_torch,93d6a231e88abd7219722c0fb59328fbdb4063caf9d8ab33a5570465fdfe8a6d,340f5e8ac2d6df6696e2ea0267670ec4d5d1ef1265aa1ecb1a2cebed848a9eba,5a84f27899c20bd37e8318cdc99009da9cb2fc71b7090dead1ca57fee9e7db6a,4a1388db6a465b41decad90e9701c9312bb7aa844e8aeb133c461ed0a4bd9258,4addff335526e77628b914bf83380de2c81030fb22994a739cb072c37c504f5d,6fc5331c754442474d4542d6d7069dfc5ef5f7af9c53d4bcf9f4b9eb79696691,"{""dropout"":0.0,""hidden_size"":32,""layers"":1,""weight_decay"":0.01}",67,4065,3.359043499978725,0.0015041999868117273,1776.59765625,78.05810546875,single_seed
C01_compact_gru,gated_recurrent_unit,rolling_origin_2021-11-02,42117,P-H05-W002::C012::C014,36.44269908812663,gate_c_torch,93d6a231e88abd7219722c0fb59328fbdb4063caf9d8ab33a5570465fdfe8a6d,340f5e8ac2d6df6696e2ea0267670ec4d5d1ef1265aa1ecb1a2cebed848a9eba,5a84f27899c20bd37e8318cdc99009da9cb2fc71b7090dead1ca57fee9e7db6a,4a1388db6a465b41decad90e9701c9312bb7aa844e8aeb133c461ed0a4bd9258,4addff335526e77628b914bf83380de2c81030fb22994a739cb072c37c504f5d,6fc5331c754442474d4542d6d7069dfc5ef5f7af9c53d4bcf9f4b9eb79696691,"{""dropout"":0.0,""hidden_size"":32,""layers"":1,""weight_decay"":0.01}",67,4065,3.359043499978725,0.0015041999868117273,1776.59765625,78.05810546875,single_seed
C01_compact_gru,gated_recurrent_unit,rolling_origin_2021-11-02,42117,P-H05-W003::C012::C014,29.209268454008235,gate_c_torch,93d6a231e88abd7219722c0fb59328fbdb4063caf9d8ab33a5570465fdfe8a6d,340f5e8ac2d6df6696e2ea0267670ec4d5d1ef1265aa1ecb1a2cebed848a9eba,5a84f27899c20bd37e8318cdc99009da9cb2fc71b7090dead1ca57fee9e7db6a,4a1388db6a465b41decad90e9701c9312bb7aa844e8aeb133c461ed0a4bd9258,4addff335526e77628b914bf83380de2c81030fb22994a739cb072c37c504f5d,6fc5331c754442474d4542d6d7069dfc5ef5f7af9c53d4bcf9f4b9eb79696691,"{""dropout"":0.0,""hidden_size"":32,""layers"":1,""weight_decay"":0.01}",67,4065,3.359043499978725,0.0015041999868117273,1776.59765625,78.05810546875,single_seed
C01_compact_gru,gated_recurrent_unit,rolling_origin_2021-11-02,42117,P-H05-W004::C012::C014,19.97963683558091,gate_c_torch,93d6a231e88abd7219722c0fb59328fbdb4063caf9d8ab33a5570465fdfe8a6d,340f5e8ac2d6df6696e2ea0267670ec4d5d1ef1265aa1ecb1a2cebed848a9eba,5a84f27899c20bd37e8318cdc99009da9cb2fc71b7090dead1ca57fee9e7db6a,4a1388db6a465b41decad90e9701c9312bb7aa844e8aeb133c461ed0a4bd9258,4addff335526e77628b914bf83380de2c81030fb22994a739cb072c37c504f5d,6fc5331c754442474d4542d6d7069dfc5ef5f7af9c53d4bcf9f4b9eb79696691,"{""dropout"":0.0,""hidden_size"":32,""layers"":1,""weight_decay"":0.01}",67,4065,3.359043499978725,0.0015041999868117273,1776.59765625,78.05810546875,single_seed
C01_compact_gru,gated_recurrent_unit,rolling_origin_2021-11-02,42117,P-H05-W005::C012::C014,17.0403212757341,gate_c_torch,93d6a231e88abd7219722c0fb59328fbdb4063caf9d8ab33a5570465fdfe8a6d,340f5e8ac2d6df6696e2ea0267670ec4d5d1ef1265aa1ecb1a2cebed848a9eba,5a84f27899c20bd37e8318cdc99009da9cb2fc71b7090dead1ca57fee9e7db6a,4a1388db6a465b41decad90e9701c9312bb7aa844e8aeb133c461ed0a4bd9258,4addff335526e77628b914bf83380de2c81030fb22994a739cb072c37c504f5d,6fc5331c754442474d4542d6d7069dfc5ef5f7af9c53d4bcf9f4b9eb79696691,"{""dropout"":0.0,""hidden_size"":32,""layers"":1,""weight_decay"":0.01}",67,4065,3.359043499978725,0.0015041999868117273,1776.59765625,78.05810546875,single_seed
C01_compact_gru,gated_recurrent_unit,rolling_origin_2021-11-02,42117,P-H05-W006::C012::C014,14.731902889897206,gate_c_torch,93d6a231e88abd7219722c0fb59328fbdb4063caf9d8ab33a5570465fdfe8a6d,340f5e8ac2d6df6696e2ea0267670ec4d5d1ef1265aa1ecb1a2cebed848a9eba,5a84f27899c20bd37e8318cdc99009da9cb2fc71b7090dead1ca57fee9e7db6a,4a1388db6a465b41decad90e9701c9312bb7aa844e8aeb133c461ed0a4bd9258,4addff335526e77628b914bf83380de2c81030fb22994a739cb072c37c504f5d,6fc5331c754442474d4542d6d7069dfc5ef5f7af9c53d4bcf9f4b9eb79696691,"{""dropout"":0.0,""hidden_size"":32,""layers"":1,""weight_decay"":0.01}",67,4065,3.359043499978725,0.0015041999868117273,1776.59765625,78.05810546875,single_seed
C01_compact_gru,gated_recurrent_unit,rolling_origin_2021-11-02,42117,P-H05-W007::C012::C014,23.668789413906467,gate_c_torch,93d6a231e88abd7219722c0fb59328fbdb4063caf9d8ab33a5570465fdfe8a6d,340f5e8ac2d6df6696e2ea0267670ec4d5d1ef1265aa1ecb1a2cebed848a9eba,5a84f27899c20bd37e8318cdc99009da9cb2fc71b7090dead1ca57fee9e7db6a,4a1388db6a465b41decad90e9701c9312bb7aa844e8aeb133c461ed0a4bd9258,4addff335526e77628b914bf83380de2c81030fb22994a739cb072c37c504f5d,6fc5331c754442474d4542d6d7069dfc5ef5f7af9c53d4bcf9f4b9eb79696691,"{""dropout"":0.0,""hidden_size"":32,""layers"":1,""weight_decay"":0.01}",67,4065,3.359043499978725,0.0015041999868117273,1776.59765625,78.05810546875,single_seed
C01_compact_gru,gated_recurrent_unit,rolling_origin_2021-11-02,42117,P-H06-W001::C012::C014,4.020798753240054,gate_c_torch,93d6a231e88abd7219722c0fb59328fbdb4063caf9d8ab33a5570465fdfe8a6d,340f5e8ac2d6df6696e2ea0267670ec4d5d1ef1265aa1ecb1a2cebed848a9eba,5a84f27899c20bd37e8318cdc99009da9cb2fc71b7090dead1ca57fee9e7db6a,4a1388db6a465b41decad90e9701c9312bb7aa844e8aeb133c461ed0a4bd9258,4addff335526e77628b914bf83380de2c81030fb22994a739cb072c37c504f5d,6fc5331c754442474d4542d6d7069dfc5ef5f7af9c53d4bcf9f4b9eb79696691,"{""dropout"":0.0,""hidden_size"":32,""layers"":1,""weight_decay"":0.01}",67,4065,3.359043499978725,0.0015041999868117273,1776.59765625,78.05810546875,single_seed
C01_compact_gru,gated_recurrent_unit,rolling_origin_2021-11-02,42117,P-H06-W002::C012::C014,1.1560885708207493,gate_c_torch,93d6a231e88abd7219722c0fb59328fbdb4063caf9d8ab33a5570465fdfe8a6d,340f5e8ac2d6df6696e2ea0267670ec4d5d1ef1265aa1ecb1a2cebed848a9eba,5a84f27899c20bd37e8318cdc99009da9cb2fc71b7090dead1ca57fee9e7db6a,4a1388db6a465b41decad90e9701c9312bb7aa844e8aeb133c461ed0a4bd9258,4addff335526e77628b914bf83380de2c81030fb22994a739cb072c37c504f5d,6fc5331c754442474d4542d6d7069dfc5ef5f7af9c53d4bcf9f4b9eb79696691,"{""dropout"":0.0,""hidden_size"":32,""layers"":1,""weight_decay"":0.01}",67,4065,3.359043499978725,0.0015041999868117273,1776.59765625,78.05810546875,single_seed
C01_compact_gru,gated_recurrent_unit,rolling_origin_2021-11-02,42117,P-H06-W003::C012::C014,2.7091691779363813,gate_c_torch,93d6a231e88abd7219722c0fb59328fbdb4063caf9d8ab33a5570465fdfe8a6d,340f5e8ac2d6df6696e2ea0267670ec4d5d1ef1265aa1ecb1a2cebed848a9eba,5a84f27899c20bd37e8318cdc99009da9cb2fc71b7090dead1ca57fee9e7db6a,4a1388db6a465b41decad90e9701c9312bb7aa844e8aeb133c461ed0a4bd9258,4addff335526e77628b914bf83380de2c81030fb22994a739cb072c37c504f5d,6fc5331c754442474d4542d6d7069dfc5ef5f7af9c53d4bcf9f4b9eb79696691,"{""dropout"":0.0,""hidden_size"":32,""layers"":1,""weight_decay"":0.01}",67,4065,3.359043499978725,0.0015041999868117273,1776.59765625,78.05810546875,single_seed
C01_compact_gru,gated_recurrent_unit,rolling_origin_2021-11-02,42117,P-H06-W004::C012::C014,3.301570943761167,gate_c_torch,93d6a231e88abd7219722c0fb59328fbdb4063caf9d8ab33a5570465fdfe8a6d,340f5e8ac2d6df6696e2ea0267670ec4d5d1ef1265aa1ecb1a2cebed848a9eba,5a84f27899c20bd37e8318cdc99009da9cb2fc71b7090dead1ca57fee9e7db6a,4a1388db6a465b41decad90e9701c9312bb7aa844e8aeb133c461ed0a4bd9258,4addff335526e77628b914bf83380de2c81030fb22994a739cb072c37c504f5d,6fc5331c754442474d4542d6d7069dfc5ef5f7af9c53d4bcf9f4b9eb79696691,"{""dropout"":0.0,""hidden_size"":32,""layers"":1,""weight_decay"":0.01}",67,4065,3.359043499978725,0.0015041999868117273,1776.59765625,78.05810546875,single_seed
C01_compact_gru,gated_recurrent_unit,rolling_origin_2021-11-02,42117,P-H06-W005::C012::C014,4.520437304324076,gate_c_torch,93d6a231e88abd7219722c0fb59328fbdb4063caf9d8ab33a5570465fdfe8a6d,340f5e8ac2d6df6696e2ea0267670ec4d5d1ef1265aa1ecb1a2cebed848a9eba,5a84f27899c20bd37e8318cdc99009da9cb2fc71b7090dead1ca57fee9e7db6a,4a1388db6a465b41decad90e9701c9312bb7aa844e8aeb133c461ed0a4bd9258,4addff335526e77628b914bf83380de2c81030fb22994a739cb072c37c504f5d,6fc5331c754442474d4542d6d7069dfc5ef5f7af9c53d4bcf9f4b9eb79696691,"{""dropout"":0.0,""hidden_size"":32,""layers"":1,""weight_decay"":0.01}",67,4065,3.359043499978725,0.0015041999868117273,1776.59765625,78.05810546875,single_seed
C01_compact_gru,gated_recurrent_unit,rolling_origin_2021-11-02,42117,P-H06-W006::C012::C014,4.921845338529465,gate_c_torch,93d6a231e88abd7219722c0fb59328fbdb4063caf9d8ab33a5570465fdfe8a6d,340f5e8ac2d6df6696e2ea0267670ec4d5d1ef1265aa1ecb1a2cebed848a9eba,5a84f27899c20bd37e8318cdc99009da9cb2fc71b7090dead1ca57fee9e7db6a,4a1388db6a465b41decad90e9701c9312bb7aa844e8aeb133c461ed0a4bd9258,4addff335526e77628b914bf83380de2c81030fb22994a739cb072c37c504f5d,6fc5331c754442474d4542d6d7069dfc5ef5f7af9c53d4bcf9f4b9eb79696691,"{""dropout"":0.0,""hidden_size"":32,""layers"":1,""weight_decay"":0.01}",67,4065,3.359043499978725,0.0015041999868117273,1776.59765625,78.05810546875,single_seed
C01_compact_gru,gated_recurrent_unit,rolling_origin_2021-11-02,42117,P-H06-W007::C012::C014,12.918709063708459,gate_c_torch,93d6a231e88abd7219722c0fb59328fbdb4063caf9d8ab33a5570465fdfe8a6d,340f5e8ac2d6df6696e2ea0267670ec4d5d1ef1265aa1ecb1a2cebed848a9eba,5a84f27899c20bd37e8318cdc99009da9cb2fc71b7090dead1ca57fee9e7db6a,4a1388db6a465b41decad90e9701c9312bb7aa844e8aeb133c461ed0a4bd9258,4addff335526e77628b914bf83380de2c81030fb22994a739cb072c37c504f5d,6fc5331c754442474d4542d6d7069dfc5ef5f7af9c53d4bcf9f4b9eb79696691,"{""dropout"":0.0,""hidden_size"":32,""layers"":1,""weight_decay"":0.01}",67,4065,3.359043499978725,0.0015041999868117273,1776.59765625,78.05810546875,single_seed
C01_compact_gru,gated_recurrent_unit,rolling_origin_2021-11-02,42117,P-H07-W001::C012::C014,34.72348257216132,gate_c_torch,93d6a231e88abd7219722c0fb59328fbdb4063caf9d8ab33a5570465fdfe8a6d,340f5e8ac2d6df6696e2ea0267670ec4d5d1ef1265aa1ecb1a2cebed848a9eba,5a84f27899c20bd37e8318cdc99009da9cb2fc71b7090dead1ca57fee9e7db6a,4a1388db6a465b41decad90e9701c9312bb7aa844e8aeb133c461ed0a4bd9258,4addff335526e77628b914bf83380de2c81030fb22994a739cb072c37c504f5d,6fc5331c754442474d4542d6d7069dfc5ef5f7af9c53d4bcf9f4b9eb79696691,"{""dropout"":0.0,""hidden_size"":32,""layers"":1,""weight_decay"":0.01}",67,4065,3.359043499978725,0.0015041999868117273,1776.59765625,78.05810546875,single_seed
C01_compact_gru,gated_recurrent_unit,rolling_origin_2021-11-02,42117,P-H07-W002::C012::C014,38.666568843509225,gate_c_torch,93d6a231e88abd7219722c0fb59328fbdb4063caf9d8ab33a5570465fdfe8a6d,340f5e8ac2d6df6696e2ea0267670ec4d5d1ef1265aa1ecb1a2cebed848a9eba,5a84f27899c20bd37e8318cdc99009da9cb2fc71b7090dead1ca57fee9e7db6a,4a1388db6a465b41decad90e9701c9312bb7aa844e8aeb133c461ed0a4bd9258,4addff335526e77628b914bf83380de2c81030fb22994a739cb072c37c504f5d,6fc5331c754442474d4542d6d7069dfc5ef5f7af9c53d4bcf9f4b9eb79696691,"{""dropout"":0.0,""hidden_size"":32,""layers"":1,""weight_decay"":0.01}",67,4065,3.359043499978725,0.0015041999868117273,1776.59765625,78.05810546875,single_seed
C01_compact_gru,gated_recurrent_unit,rolling_origin_2021-11-02,42117,P-H07-W003::C012::C014,9.173329520921556,gate_c_torch,93d6a231e88abd7219722c0fb59328fbdb4063caf9d8ab33a5570465fdfe8a6d,340f5e8ac2d6df6696e2ea0267670ec4d5d1ef1265aa1ecb1a2cebed848a9eba,5a84f27899c20bd37e8318cdc99009da9cb2fc71b7090dead1ca57fee9e7db6a,4a1388db6a465b41decad90e9701c9312bb7aa844e8aeb133c461ed0a4bd9258,4addff335526e77628b914bf83380de2c81030fb22994a739cb072c37c504f5d,6fc5331c754442474d4542d6d7069dfc5ef5f7af9c53d4bcf9f4b9eb79696691,"{""dropout"":0.0,""hidden_size"":32,""layers"":1,""weight_decay"":0.01}",67,4065,3.359043499978725,0.0015041999868117273,1776.59765625,78.05810546875,single_seed
C01_compact_gru,gated_recurrent_unit,rolling_origin_2021-11-02,42117,P-H07-W004::C012::C014,33.664900979498526,gate_c_torch,93d6a231e88abd7219722c0fb59328fbdb4063caf9d8ab33a5570465fdfe8a6d,340f5e8ac2d6df6696e2ea0267670ec4d5d1ef1265aa1ecb1a2cebed848a9eba,5a84f27899c20bd37e8318cdc99009da9cb2fc71b7090dead1ca57fee9e7db6a,4a1388db6a465b41decad90e9701c9312bb7aa844e8aeb133c461ed0a4bd9258,4addff335526e77628b914bf83380de2c81030fb22994a739cb072c37c504f5d,6fc5331c754442474d4542d6d7069dfc5ef5f7af9c53d4bcf9f4b9eb79696691,"{""dropout"":0.0,""hidden_size"":32,""layers"":1,""weight_decay"":0.01}",67,4065,3.359043499978725,0.0015041999868117273,1776.59765625,78.05810546875,single_seed
C01_compact_gru,gated_recurrent_unit,rolling_origin_2021-11-02,42117,P-H07-W005::C012::C014,10.279618033655652,gate_c_torch,93d6a231e88abd7219722c0fb59328fbdb4063caf9d8ab33a5570465fdfe8a6d,340f5e8ac2d6df6696e2ea0267670ec4d5d1ef1265aa1ecb1a2cebed848a9eba,5a84f27899c20bd37e8318cdc99009da9cb2fc71b7090dead1ca57fee9e7db6a,4a1388db6a465b41decad90e9701c9312bb7aa844e8aeb133c461ed0a4bd9258,4addff335526e77628b914bf83380de2c81030fb22994a739cb072c37c504f5d,6fc5331c754442474d4542d6d7069dfc5ef5f7af9c53d4bcf9f4b9eb79696691,"{""dropout"":0.0,""hidden_size"":32,""layers"":1,""weight_decay"":0.01}",67,4065,3.359043499978725,0.0015041999868117273,1776.59765625,78.05810546875,single_seed
C01_compact_gru,gated_recurrent_unit,rolling_origin_2021-11-02,42117,P-H07-W006::C012::C014,20.451660058436843,gate_c_torch,93d6a231e88abd7219722c0fb59328fbdb4063caf9d8ab33a5570465fdfe8a6d,340f5e8ac2d6df6696e2ea0267670ec4d5d1ef1265aa1ecb1a2cebed848a9eba,5a84f27899c20bd37e8318cdc99009da9cb2fc71b7090dead1ca57fee9e7db6a,4a1388db6a465b41decad90e9701c9312bb7aa844e8aeb133c461ed0a4bd9258,4addff335526e77628b914bf83380de2c81030fb22994a739cb072c37c504f5d,6fc5331c754442474d4542d6d7069dfc5ef5f7af9c53d4bcf9f4b9eb79696691,"{""dropout"":0.0,""hidden_size"":32,""layers"":1,""weight_decay"":0.01}",67,4065,3.359043499978725,0.0015041999868117273,1776.59765625,78.05810546875,single_seed
C01_compact_gru,gated_recurrent_unit,rolling_origin_2021-11-02,42117,P-H07-W007::C012::C014,19.62617178696297,gate_c_torch,93d6a231e88abd7219722c0fb59328fbdb4063caf9d8ab33a5570465fdfe8a6d,340f5e8ac2d6df6696e2ea0267670ec4d5d1ef1265aa1ecb1a2cebed848a9eba,5a84f27899c20bd37e8318cdc99009da9cb2fc71b7090dead1ca57fee9e7db6a,4a1388db6a465b41decad90e9701c9312bb7aa844e8aeb133c461ed0a4bd9258,4addff335526e77628b914bf83380de2c81030fb22994a739cb072c37c504f5d,6fc5331c754442474d4542d6d7069dfc5ef5f7af9c53d4bcf9f4b9eb79696691,"{""dropout"":0.0,""hidden_size"":32,""layers"":1,""weight_decay"":0.01}",67,4065,3.359043499978725,0.0015041999868117273,1776.59765625,78.05810546875,single_seed
C01_compact_gru,gated_recurrent_unit,rolling_origin_2021-11-02,42117,P-V01-W001::C012::C014,26.475205664510398,gate_c_torch,93d6a231e88abd7219722c0fb59328fbdb4063caf9d8ab33a5570465fdfe8a6d,340f5e8ac2d6df6696e2ea0267670ec4d5d1ef1265aa1ecb1a2cebed848a9eba,5a84f27899c20bd37e8318cdc99009da9cb2fc71b7090dead1ca57fee9e7db6a,4a1388db6a465b41decad90e9701c9312bb7aa844e8aeb133c461ed0a4bd9258,4addff335526e77628b914bf83380de2c81030fb22994a739cb072c37c504f5d,6fc5331c754442474d4542d6d7069dfc5ef5f7af9c53d4bcf9f4b9eb79696691,"{""dropout"":0.0,""hidden_size"":32,""layers"":1,""weight_decay"":0.01}",67,4065,3.359043499978725,0.0015041999868117273,1776.59765625,78.05810546875,single_seed
C01_compact_gru,gated_recurrent_unit,rolling_origin_2021-11-02,42117,P-V01-W002::C012::C014,28.205224191521886,gate_c_torch,93d6a231e88abd7219722c0fb59328fbdb4063caf9d8ab33a5570465fdfe8a6d,340f5e8ac2d6df6696e2ea0267670ec4d5d1ef1265aa1ecb1a2cebed848a9eba,5a84f27899c20bd37e8318cdc99009da9cb2fc71b7090dead1ca57fee9e7db6a,4a1388db6a465b41decad90e9701c9312bb7aa844e8aeb133c461ed0a4bd9258,4addff335526e77628b914bf83380de2c81030fb22994a739cb072c37c504f5d,6fc5331c754442474d4542d6d7069dfc5ef5f7af9c53d4bcf9f4b9eb79696691,"{""dropout"":0.0,""hidden_size"":32,""layers"":1,""weight_decay"":0.01}",67,4065,3.359043499978725,0.0015041999868117273,1776.59765625,78.05810546875,single_seed
C01_compact_gru,gated_recurrent_unit,rolling_origin_2021-11-02,42117,P-V01-W003::C012::C014,25.07586504826833,gate_c_torch,93d6a231e88abd7219722c0fb59328fbdb4063caf9d8ab33a5570465fdfe8a6d,340f5e8ac2d6df6696e2ea0267670ec4d5d1ef1265aa1ecb1a2cebed848a9eba,5a84f27899c20bd37e8318cdc99009da9cb2fc71b7090dead1ca57fee9e7db6a,4a1388db6a465b41decad90e9701c9312bb7aa844e8aeb133c461ed0a4bd9258,4addff335526e77628b914bf83380de2c81030fb22994a739cb072c37c504f5d,6fc5331c754442474d4542d6d7069dfc5ef5f7af9c53d4bcf9f4b9eb79696691,"{""dropout"":0.0,""hidden_size"":32,""layers"":1,""weight_decay"":0.01}",67,4065,3.359043499978725,0.0015041999868117273,1776.59765625,78.05810546875,single_seed
C01_compact_gru,gated_recurrent_unit,rolling_origin_2021-11-02,42117,P-V01-W004::C012::C014,27.89216414143233,gate_c_torch,93d6a231e88abd7219722c0fb59328fbdb4063caf9d8ab33a5570465fdfe8a6d,340f5e8ac2d6df6696e2ea0267670ec4d5d1ef1265aa1ecb1a2cebed848a9eba,5a84f27899c20bd37e8318cdc99009da9cb2fc71b7090dead1ca57fee9e7db6a,4a1388db6a465b41decad90e9701c9312bb7aa844e8aeb133c461ed0a4bd9258,4addff335526e77628b914bf83380de2c81030fb22994a739cb072c37c504f5d,6fc5331c754442474d4542d6d7069dfc5ef5f7af9c53d4bcf9f4b9eb79696691,"{""dropout"":0.0,""hidden_size"":32,""layers"":1,""weight_decay"":0.01}",67,4065,3.359043499978725,0.0015041999868117273,1776.59765625,78.05810546875,single_seed
C01_compact_gru,gated_recurrent_unit,rolling_origin_2021-11-02,42117,P-V01-W005::C012::C014,38.86732180857984,gate_c_torch,93d6a231e88abd7219722c0fb59328fbdb4063caf9d8ab33a5570465fdfe8a6d,340f5e8ac2d6df6696e2ea0267670ec4d5d1ef1265aa1ecb1a2cebed848a9eba,5a84f27899c20bd37e8318cdc99009da9cb2fc71b7090dead1ca57fee9e7db6a,4a1388db6a465b41decad90e9701c9312bb7aa844e8aeb133c461ed0a4bd9258,4addff335526e77628b914bf83380de2c81030fb22994a739cb072c37c504f5d,6fc5331c754442474d4542d6d7069dfc5ef5f7af9c53d4bcf9f4b9eb79696691,"{""dropout"":0.0,""hidden_size"":32,""layers"":1,""weight_decay"":0.01}",67,4065,3.359043499978725,0.0015041999868117273,1776.59765625,78.05810546875,single_seed
C01_compact_gru,gated_recurrent_unit,rolling_origin_2021-11-02,42117,P-V01-W006::C012::C014,37.41165261437341,gate_c_torch,93d6a231e88abd7219722c0fb59328fbdb4063caf9d8ab33a5570465fdfe8a6d,340f5e8ac2d6df6696e2ea0267670ec4d5d1ef1265aa1ecb1a2cebed848a9eba,5a84f27899c20bd37e8318cdc99009da9cb2fc71b7090dead1ca57fee9e7db6a,4a1388db6a465b41decad90e9701c9312bb7aa844e8aeb133c461ed0a4bd9258,4addff335526e77628b914bf83380de2c81030fb22994a739cb072c37c504f5d,6fc5331c754442474d4542d6d7069dfc5ef5f7af9c53d4bcf9f4b9eb79696691,"{""dropout"":0.0,""hidden_size"":32,""layers"":1,""weight_decay"":0.01}",67,4065,3.359043499978725,0.0015041999868117273,1776.59765625,78.05810546875,single_seed
C01_compact_gru,gated_recurrent_unit,rolling_origin_2021-11-02,42117,P-V01-W007::C012::C014,41.167192268272814,gate_c_torch,93d6a231e88abd7219722c0fb59328fbdb4063caf9d8ab33a5570465fdfe8a6d,340f5e8ac2d6df6696e2ea0267670ec4d5d1ef1265aa1ecb1a2cebed848a9eba,5a84f27899c20bd37e8318cdc99009da9cb2fc71b7090dead1ca57fee9e7db6a,4a1388db6a465b41decad90e9701c9312bb7aa844e8aeb133c461ed0a4bd9258,4addff335526e77628b914bf83380de2c81030fb22994a739cb072c37c504f5d,6fc5331c754442474d4542d6d7069dfc5ef5f7af9c53d4bcf9f4b9eb79696691,"{""dropout"":0.0,""hidden_size"":32,""layers"":1,""weight_decay"":0.01}",67,4065,3.359043499978725,0.0015041999868117273,1776.59765625,78.05810546875,single_seed
C01_compact_gru,gated_recurrent_unit,rolling_origin_2021-11-02,42117,P-V02-W001::C012::C014,36.93676810397524,gate_c_torch,93d6a231e88abd7219722c0fb59328fbdb4063caf9d8ab33a5570465fdfe8a6d,340f5e8ac2d6df6696e2ea0267670ec4d5d1ef1265aa1ecb1a2cebed848a9eba,5a84f27899c20bd37e8318cdc99009da9cb2fc71b7090dead1ca57fee9e7db6a,4a1388db6a465b41decad90e9701c9312bb7aa844e8aeb133c461ed0a4bd9258,4addff335526e77628b914bf83380de2c81030fb22994a739cb072c37c504f5d,6fc5331c754442474d4542d6d7069dfc5ef5f7af9c53d4bcf9f4b9eb79696691,"{""dropout"":0.0,""hidden_size"":32,""layers"":1,""weight_decay"":0.01}",67,4065,3.359043499978725,0.0015041999868117273,1776.59765625,78.05810546875,single_seed
C01_compact_gru,gated_recurrent_unit,rolling_origin_2021-11-02,42117,P-V02-W003::C012::C014,11.4580372632621,gate_c_torch,93d6a231e88abd7219722c0fb59328fbdb4063caf9d8ab33a5570465fdfe8a6d,340f5e8ac2d6df6696e2ea0267670ec4d5d1ef1265aa1ecb1a2cebed848a9eba,5a84f27899c20bd37e8318cdc99009da9cb2fc71b7090dead1ca57fee9e7db6a,4a1388db6a465b41decad90e9701c9312bb7aa844e8aeb133c461ed0a4bd9258,4addff335526e77628b914bf83380de2c81030fb22994a739cb072c37c504f5d,6fc5331c754442474d4542d6d7069dfc5ef5f7af9c53d4bcf9f4b9eb79696691,"{""dropout"":0.0,""hidden_size"":32,""layers"":1,""weight_decay"":0.01}",67,4065,3.359043499978725,0.0015041999868117273,1776.59765625,78.05810546875,single_seed
C01_compact_gru,gated_recurrent_unit,rolling_origin_2021-11-02,42117,P-V02-W004::C012::C014,19.469625032865867,gate_c_torch,93d6a231e88abd7219722c0fb59328fbdb4063caf9d8ab33a5570465fdfe8a6d,340f5e8ac2d6df6696e2ea0267670ec4d5d1ef1265aa1ecb1a2cebed848a9eba,5a84f27899c20bd37e8318cdc99009da9cb2fc71b7090dead1ca57fee9e7db6a,4a1388db6a465b41decad90e9701c9312bb7aa844e8aeb133c461ed0a4bd9258,4addff335526e77628b914bf83380de2c81030fb22994a739cb072c37c504f5d,6fc5331c754442474d4542d6d7069dfc5ef5f7af9c53d4bcf9f4b9eb79696691,"{""dropout"":0.0,""hidden_size"":32,""layers"":1,""weight_decay"":0.01}",67,4065,3.359043499978725,0.0015041999868117273,1776.59765625,78.05810546875,single_seed
C01_compact_gru,gated_recurrent_unit,rolling_origin_2021-11-02,42117,P-V02-W005::C012::C014,48.9248912654577,gate_c_torch,93d6a231e88abd7219722c0fb59328fbdb4063caf9d8ab33a5570465fdfe8a6d,340f5e8ac2d6df6696e2ea0267670ec4d5d1ef1265aa1ecb1a2cebed848a9eba,5a84f27899c20bd37e8318cdc99009da9cb2fc71b7090dead1ca57fee9e7db6a,4a1388db6a465b41decad90e9701c9312bb7aa844e8aeb133c461ed0a4bd9258,4addff335526e77628b914bf83380de2c81030fb22994a739cb072c37c504f5d,6fc5331c754442474d4542d6d7069dfc5ef5f7af9c53d4bcf9f4b9eb79696691,"{""dropout"":0.0,""hidden_size"":32,""layers"":1,""weight_decay"":0.01}",67,4065,3.359043499978725,0.0015041999868117273,1776.59765625,78.05810546875,single_seed
C01_compact_gru,gated_recurrent_unit,rolling_origin_2021-11-02,42117,P-V02-W006::C012::C014,28.1236843121081,gate_c_torch,93d6a231e88abd7219722c0fb59328fbdb4063caf9d8ab33a5570465fdfe8a6d,340f5e8ac2d6df6696e2ea0267670ec4d5d1ef1265aa1ecb1a2cebed848a9eba,5a84f27899c20bd37e8318cdc99009da9cb2fc71b7090dead1ca57fee9e7db6a,4a1388db6a465b41decad90e9701c9312bb7aa844e8aeb133c461ed0a4bd9258,4addff335526e77628b914bf83380de2c81030fb22994a739cb072c37c504f5d,6fc5331c754442474d4542d6d7069dfc5ef5f7af9c53d4bcf9f4b9eb79696691,"{""dropout"":0.0,""hidden_size"":32,""layers"":1,""weight_decay"":0.01}",67,4065,3.359043499978725,0.0015041999868117273,1776.59765625,78.05810546875,single_seed
C01_compact_gru,gated_recurrent_unit,rolling_origin_2021-11-02,42117,P-V02-W007::C012::C014,24.73228005403507,gate_c_torch,93d6a231e88abd7219722c0fb59328fbdb4063caf9d8ab33a5570465fdfe8a6d,340f5e8ac2d6df6696e2ea0267670ec4d5d1ef1265aa1ecb1a2cebed848a9eba,5a84f27899c20bd37e8318cdc99009da9cb2fc71b7090dead1ca57fee9e7db6a,4a1388db6a465b41decad90e9701c9312bb7aa844e8aeb133c461ed0a4bd9258,4addff335526e77628b914bf83380de2c81030fb22994a739cb072c37c504f5d,6fc5331c754442474d4542d6d7069dfc5ef5f7af9c53d4bcf9f4b9eb79696691,"{""dropout"":0.0,""hidden_size"":32,""layers"":1,""weight_decay"":0.01}",67,4065,3.359043499978725,0.0015041999868117273,1776.59765625,78.05810546875,single_seed
C01_compact_gru,gated_recurrent_unit,rolling_origin_2021-11-02,42117,P-V03-W001::C012::C014,29.65642053281204,gate_c_torch,93d6a231e88abd7219722c0fb59328fbdb4063caf9d8ab33a5570465fdfe8a6d,340f5e8ac2d6df6696e2ea0267670ec4d5d1ef1265aa1ecb1a2cebed848a9eba,5a84f27899c20bd37e8318cdc99009da9cb2fc71b7090dead1ca57fee9e7db6a,4a1388db6a465b41decad90e9701c9312bb7aa844e8aeb133c461ed0a4bd9258,4addff335526e77628b914bf83380de2c81030fb22994a739cb072c37c504f5d,6fc5331c754442474d4542d6d7069dfc5ef5f7af9c53d4bcf9f4b9eb79696691,"{""dropout"":0.0,""hidden_size"":32,""layers"":1,""weight_decay"":0.01}",67,4065,3.359043499978725,0.0015041999868117273,1776.59765625,78.05810546875,single_seed
C01_compact_gru,gated_recurrent_unit,rolling_origin_2021-11-02,42117,P-V03-W002::C012::C014,32.25807256335437,gate_c_torch,93d6a231e88abd7219722c0fb59328fbdb4063caf9d8ab33a5570465fdfe8a6d,340f5e8ac2d6df6696e2ea0267670ec4d5d1ef1265aa1ecb1a2cebed848a9eba,5a84f27899c20bd37e8318cdc99009da9cb2fc71b7090dead1ca57fee9e7db6a,4a1388db6a465b41decad90e9701c9312bb7aa844e8aeb133c461ed0a4bd9258,4addff335526e77628b914bf83380de2c81030fb22994a739cb072c37c504f5d,6fc5331c754442474d4542d6d7069dfc5ef5f7af9c53d4bcf9f4b9eb79696691,"{""dropout"":0.0,""hidden_size"":32,""layers"":1,""weight_decay"":0.01}",67,4065,3.359043499978725,0.0015041999868117273,1776.59765625,78.05810546875,single_seed
C01_compact_gru,gated_recurrent_unit,rolling_origin_2021-11-02,42117,P-V03-W003::C012::C014,32.623278308732324,gate_c_torch,93d6a231e88abd7219722c0fb59328fbdb4063caf9d8ab33a5570465fdfe8a6d,340f5e8ac2d6df6696e2ea0267670ec4d5d1ef1265aa1ecb1a2cebed848a9eba,5a84f27899c20bd37e8318cdc99009da9cb2fc71b7090dead1ca57fee9e7db6a,4a1388db6a465b41decad90e9701c9312bb7aa844e8aeb133c461ed0a4bd9258,4addff335526e77628b914bf83380de2c81030fb22994a739cb072c37c504f5d,6fc5331c754442474d4542d6d7069dfc5ef5f7af9c53d4bcf9f4b9eb79696691,"{""dropout"":0.0,""hidden_size"":32,""layers"":1,""weight_decay"":0.01}",67,4065,3.359043499978725,0.0015041999868117273,1776.59765625,78.05810546875,single_seed
C01_compact_gru,gated_recurrent_unit,rolling_origin_2021-11-02,42117,P-V03-W004::C012::C014,23.56611144748731,gate_c_torch,93d6a231e88abd7219722c0fb59328fbdb4063caf9d8ab33a5570465fdfe8a6d,340f5e8ac2d6df6696e2ea0267670ec4d5d1ef1265aa1ecb1a2cebed848a9eba,5a84f27899c20bd37e8318cdc99009da9cb2fc71b7090dead1ca57fee9e7db6a,4a1388db6a465b41decad90e9701c9312bb7aa844e8aeb133c461ed0a4bd9258,4addff335526e77628b914bf83380de2c81030fb22994a739cb072c37c504f5d,6fc5331c754442474d4542d6d7069dfc5ef5f7af9c53d4bcf9f4b9eb79696691,"{""dropout"":0.0,""hidden_size"":32,""layers"":1,""weight_decay"":0.01}",67,4065,3.359043499978725,0.0015041999868117273,1776.59765625,78.05810546875,single_seed
C01_compact_gru,gated_recurrent_unit,rolling_origin_2021-11-02,42117,P-V03-W005::C012::C014,32.22510378348341,gate_c_torch,93d6a231e88abd7219722c0fb59328fbdb4063caf9d8ab33a5570465fdfe8a6d,340f5e8ac2d6df6696e2ea0267670ec4d5d1ef1265aa1ecb1a2cebed848a9eba,5a84f27899c20bd37e8318cdc99009da9cb2fc71b7090dead1ca57fee9e7db6a,4a1388db6a465b41decad90e9701c9312bb7aa844e8aeb133c461ed0a4bd9258,4addff335526e77628b914bf83380de2c81030fb22994a739cb072c37c504f5d,6fc5331c754442474d4542d6d7069dfc5ef5f7af9c53d4bcf9f4b9eb79696691,"{""dropout"":0.0,""hidden_size"":32,""layers"":1,""weight_decay"":0.01}",67,4065,3.359043499978725,0.0015041999868117273,1776.59765625,78.05810546875,single_seed
C01_compact_gru,gated_recurrent_unit,rolling_origin_2021-11-02,42117,P-V03-W006::C012::C014,34.92241640769014,gate_c_torch,93d6a231e88abd7219722c0fb59328fbdb4063caf9d8ab33a5570465fdfe8a6d,340f5e8ac2d6df6696e2ea0267670ec4d5d1ef1265aa1ecb1a2cebed848a9eba,5a84f27899c20bd37e8318cdc99009da9cb2fc71b7090dead1ca57fee9e7db6a,4a1388db6a465b41decad90e9701c9312bb7aa844e8aeb133c461ed0a4bd9258,4addff335526e77628b914bf83380de2c81030fb22994a739cb072c37c504f5d,6fc5331c754442474d4542d6d7069dfc5ef5f7af9c53d4bcf9f4b9eb79696691,"{""dropout"":0.0,""hidden_size"":32,""layers"":1,""weight_decay"":0.01}",67,4065,3.359043499978725,0.0015041999868117273,1776.59765625,78.05810546875,single_seed
C01_compact_gru,gated_recurrent_unit,rolling_origin_2021-11-02,42117,P-V03-W007::C012::C014,5.565361174749231,gate_c_torch,93d6a231e88abd7219722c0fb59328fbdb4063caf9d8ab33a5570465fdfe8a6d,340f5e8ac2d6df6696e2ea0267670ec4d5d1ef1265aa1ecb1a2cebed848a9eba,5a84f27899c20bd37e8318cdc99009da9cb2fc71b7090dead1ca57fee9e7db6a,4a1388db6a465b41decad90e9701c9312bb7aa844e8aeb133c461ed0a4bd9258,4addff335526e77628b914bf83380de2c81030fb22994a739cb072c37c504f5d,6fc5331c754442474d4542d6d7069dfc5ef5f7af9c53d4bcf9f4b9eb79696691,"{""dropout"":0.0,""hidden_size"":32,""layers"":1,""weight_decay"":0.01}",67,4065,3.359043499978725,0.0015041999868117273,1776.59765625,78.05810546875,single_seed
C01_compact_gru,gated_recurrent_unit,rolling_origin_2021-11-02,42117,P-V04-W001::C012::C014,7.582753531193163,gate_c_torch,93d6a231e88abd7219722c0fb59328fbdb4063caf9d8ab33a5570465fdfe8a6d,340f5e8ac2d6df6696e2ea0267670ec4d5d1ef1265aa1ecb1a2cebed848a9eba,5a84f27899c20bd37e8318cdc99009da9cb2fc71b7090dead1ca57fee9e7db6a,4a1388db6a465b41decad90e9701c9312bb7aa844e8aeb133c461ed0a4bd9258,4addff335526e77628b914bf83380de2c81030fb22994a739cb072c37c504f5d,6fc5331c754442474d4542d6d7069dfc5ef5f7af9c53d4bcf9f4b9eb79696691,"{""dropout"":0.0,""hidden_size"":32,""layers"":1,""weight_decay"":0.01}",67,4065,3.359043499978725,0.0015041999868117273,1776.59765625,78.05810546875,single_seed
C01_compact_gru,gated_recurrent_unit,rolling_origin_2021-11-02,42117,P-V04-W003::C012::C014,6.873260790978797,gate_c_torch,93d6a231e88abd7219722c0fb59328fbdb4063caf9d8ab33a5570465fdfe8a6d,340f5e8ac2d6df6696e2ea0267670ec4d5d1ef1265aa1ecb1a2cebed848a9eba,5a84f27899c20bd37e8318cdc99009da9cb2fc71b7090dead1ca57fee9e7db6a,4a1388db6a465b41decad90e9701c9312bb7aa844e8aeb133c461ed0a4bd9258,4addff335526e77628b914bf83380de2c81030fb22994a739cb072c37c504f5d,6fc5331c754442474d4542d6d7069dfc5ef5f7af9c53d4bcf9f4b9eb79696691,"{""dropout"":0.0,""hidden_size"":32,""layers"":1,""weight_decay"":0.01}",67,4065,3.359043499978725,0.0015041999868117273,1776.59765625,78.05810546875,single_seed
C01_compact_gru,gated_recurrent_unit,rolling_origin_2021-11-02,42117,P-V04-W004::C012::C014,6.843983710219685,gate_c_torch,93d6a231e88abd7219722c0fb59328fbdb4063caf9d8ab33a5570465fdfe8a6d,340f5e8ac2d6df6696e2ea0267670ec4d5d1ef1265aa1ecb1a2cebed848a9eba,5a84f27899c20bd37e8318cdc99009da9cb2fc71b7090dead1ca57fee9e7db6a,4a1388db6a465b41decad90e9701c9312bb7aa844e8aeb133c461ed0a4bd9258,4addff335526e77628b914bf83380de2c81030fb22994a739cb072c37c504f5d,6fc5331c754442474d4542d6d7069dfc5ef5f7af9c53d4bcf9f4b9eb79696691,"{""dropout"":0.0,""hidden_size"":32,""layers"":1,""weight_decay"":0.01}",67,4065,3.359043499978725,0.0015041999868117273,1776.59765625,78.05810546875,single_seed
C01_compact_gru,gated_recurrent_unit,rolling_origin_2021-11-02,42117,P-V04-W006::C012::C014,5.403664350913921,gate_c_torch,93d6a231e88abd7219722c0fb59328fbdb4063caf9d8ab33a5570465fdfe8a6d,340f5e8ac2d6df6696e2ea0267670ec4d5d1ef1265aa1ecb1a2cebed848a9eba,5a84f27899c20bd37e8318cdc99009da9cb2fc71b7090dead1ca57fee9e7db6a,4a1388db6a465b41decad90e9701c9312bb7aa844e8aeb133c461ed0a4bd9258,4addff335526e77628b914bf83380de2c81030fb22994a739cb072c37c504f5d,6fc5331c754442474d4542d6d7069dfc5ef5f7af9c53d4bcf9f4b9eb79696691,"{""dropout"":0.0,""hidden_size"":32,""layers"":1,""weight_decay"":0.01}",67,4065,3.359043499978725,0.0015041999868117273,1776.59765625,78.05810546875,single_seed
C01_compact_gru,gated_recurrent_unit,rolling_origin_2021-11-02,42117,P-V04-W007::C012::C014,32.55967274790489,gate_c_torch,93d6a231e88abd7219722c0fb59328fbdb4063caf9d8ab33a5570465fdfe8a6d,340f5e8ac2d6df6696e2ea0267670ec4d5d1ef1265aa1ecb1a2cebed848a9eba,5a84f27899c20bd37e8318cdc99009da9cb2fc71b7090dead1ca57fee9e7db6a,4a1388db6a465b41decad90e9701c9312bb7aa844e8aeb133c461ed0a4bd9258,4addff335526e77628b914bf83380de2c81030fb22994a739cb072c37c504f5d,6fc5331c754442474d4542d6d7069dfc5ef5f7af9c53d4bcf9f4b9eb79696691,"{""dropout"":0.0,""hidden_size"":32,""layers"":1,""weight_decay"":0.01}",67,4065,3.359043499978725,0.0015041999868117273,1776.59765625,78.05810546875,single_seed
C01_compact_gru,gated_recurrent_unit,rolling_origin_2021-11-02,42117,P-V05-W001::C012::C014,27.73914907615955,gate_c_torch,93d6a231e88abd7219722c0fb59328fbdb4063caf9d8ab33a5570465fdfe8a6d,340f5e8ac2d6df6696e2ea0267670ec4d5d1ef1265aa1ecb1a2cebed848a9eba,5a84f27899c20bd37e8318cdc99009da9cb2fc71b7090dead1ca57fee9e7db6a,4a1388db6a465b41decad90e9701c9312bb7aa844e8aeb133c461ed0a4bd9258,4addff335526e77628b914bf83380de2c81030fb22994a739cb072c37c504f5d,6fc5331c754442474d4542d6d7069dfc5ef5f7af9c53d4bcf9f4b9eb79696691,"{""dropout"":0.0,""hidden_size"":32,""layers"":1,""weight_decay"":0.01}",67,4065,3.359043499978725,0.0015041999868117273,1776.59765625,78.05810546875,single_seed
C01_compact_gru,gated_recurrent_unit,rolling_origin_2021-11-02,42117,P-V05-W002::C012::C014,27.458732363913754,gate_c_torch,93d6a231e88abd7219722c0fb59328fbdb4063caf9d8ab33a5570465fdfe8a6d,340f5e8ac2d6df6696e2ea0267670ec4d5d1ef1265aa1ecb1a2cebed848a9eba,5a84f27899c20bd37e8318cdc99009da9cb2fc71b7090dead1ca57fee9e7db6a,4a1388db6a465b41decad90e9701c9312bb7aa844e8aeb133c461ed0a4bd9258,4addff335526e77628b914bf83380de2c81030fb22994a739cb072c37c504f5d,6fc5331c754442474d4542d6d7069dfc5ef5f7af9c53d4bcf9f4b9eb79696691,"{""dropout"":0.0,""hidden_size"":32,""layers"":1,""weight_decay"":0.01}",67,4065,3.359043499978725,0.0015041999868117273,1776.59765625,78.05810546875,single_seed
C01_compact_gru,gated_recurrent_unit,rolling_origin_2021-11-02,42117,P-V05-W003::C012::C014,28.092680421392256,gate_c_torch,93d6a231e88abd7219722c0fb59328fbdb4063caf9d8ab33a5570465fdfe8a6d,340f5e8ac2d6df6696e2ea0267670ec4d5d1ef1265aa1ecb1a2cebed848a9eba,5a84f27899c20bd37e8318cdc99009da9cb2fc71b7090dead1ca57fee9e7db6a,4a1388db6a465b41decad90e9701c9312bb7aa844e8aeb133c461ed0a4bd9258,4addff335526e77628b914bf83380de2c81030fb22994a739cb072c37c504f5d,6fc5331c754442474d4542d6d7069dfc5ef5f7af9c53d4bcf9f4b9eb79696691,"{""dropout"":0.0,""hidden_size"":32,""layers"":1,""weight_decay"":0.01}",67,4065,3.359043499978725,0.0015041999868117273,1776.59765625,78.05810546875,single_seed
C01_compact_gru,gated_recurrent_unit,rolling_origin_2021-11-02,42117,P-V05-W004::C012::C014,31.539795831479925,gate_c_torch,93d6a231e88abd7219722c0fb59328fbdb4063caf9d8ab33a5570465fdfe8a6d,340f5e8ac2d6df6696e2ea0267670ec4d5d1ef1265aa1ecb1a2cebed848a9eba,5a84f27899c20bd37e8318cdc99009da9cb2fc71b7090dead1ca57fee9e7db6a,4a1388db6a465b41decad90e9701c9312bb7aa844e8aeb133c461ed0a4bd9258,4addff335526e77628b914bf83380de2c81030fb22994a739cb072c37c504f5d,6fc5331c754442474d4542d6d7069dfc5ef5f7af9c53d4bcf9f4b9eb79696691,"{""dropout"":0.0,""hidden_size"":32,""layers"":1,""weight_decay"":0.01}",67,4065,3.359043499978725,0.0015041999868117273,1776.59765625,78.05810546875,single_seed
C01_compact_gru,gated_recurrent_unit,rolling_origin_2021-11-02,42117,P-V05-W006::C012::C014,22.722685914353058,gate_c_torch,93d6a231e88abd7219722c0fb59328fbdb4063caf9d8ab33a5570465fdfe8a6d,340f5e8ac2d6df6696e2ea0267670ec4d5d1ef1265aa1ecb1a2cebed848a9eba,5a84f27899c20bd37e8318cdc99009da9cb2fc71b7090dead1ca57fee9e7db6a,4a1388db6a465b41decad90e9701c9312bb7aa844e8aeb133c461ed0a4bd9258,4addff335526e77628b914bf83380de2c81030fb22994a739cb072c37c504f5d,6fc5331c754442474d4542d6d7069dfc5ef5f7af9c53d4bcf9f4b9eb79696691,"{""dropout"":0.0,""hidden_size"":32,""layers"":1,""weight_decay"":0.01}",67,4065,3.359043499978725,0.0015041999868117273,1776.59765625,78.05810546875,single_seed
C01_compact_gru,gated_recurrent_unit,rolling_origin_2021-11-02,42117,P-V05-W007::C012::C014,32.97695928604416,gate_c_torch,93d6a231e88abd7219722c0fb59328fbdb4063caf9d8ab33a5570465fdfe8a6d,340f5e8ac2d6df6696e2ea0267670ec4d5d1ef1265aa1ecb1a2cebed848a9eba,5a84f27899c20bd37e8318cdc99009da9cb2fc71b7090dead1ca57fee9e7db6a,4a1388db6a465b41decad90e9701c9312bb7aa844e8aeb133c461ed0a4bd9258,4addff335526e77628b914bf83380de2c81030fb22994a739cb072c37c504f5d,6fc5331c754442474d4542d6d7069dfc5ef5f7af9c53d4bcf9f4b9eb79696691,"{""dropout"":0.0,""hidden_size"":32,""layers"":1,""weight_decay"":0.01}",67,4065,3.359043499978725,0.0015041999868117273,1776.59765625,78.05810546875,single_seed
C01_compact_gru,gated_recurrent_unit,rolling_origin_2021-11-02,42117,P-H04-W001::C013::C014,28.087532830032174,gate_c_torch,93d6a231e88abd7219722c0fb59328fbdb4063caf9d8ab33a5570465fdfe8a6d,340f5e8ac2d6df6696e2ea0267670ec4d5d1ef1265aa1ecb1a2cebed848a9eba,5a84f27899c20bd37e8318cdc99009da9cb2fc71b7090dead1ca57fee9e7db6a,4a1388db6a465b41decad90e9701c9312bb7aa844e8aeb133c461ed0a4bd9258,4addff335526e77628b914bf83380de2c81030fb22994a739cb072c37c504f5d,6fc5331c754442474d4542d6d7069dfc5ef5f7af9c53d4bcf9f4b9eb79696691,"{""dropout"":0.0,""hidden_size"":32,""layers"":1,""weight_decay"":0.01}",67,4065,3.359043499978725,0.0015041999868117273,1776.59765625,78.05810546875,single_seed
C01_compact_gru,gated_recurrent_unit,rolling_origin_2021-11-02,42117,P-H04-W002::C013::C014,29.219939111013936,gate_c_torch,93d6a231e88abd7219722c0fb59328fbdb4063caf9d8ab33a5570465fdfe8a6d,340f5e8ac2d6df6696e2ea0267670ec4d5d1ef1265aa1ecb1a2cebed848a9eba,5a84f27899c20bd37e8318cdc99009da9cb2fc71b7090dead1ca57fee9e7db6a,4a1388db6a465b41decad90e9701c9312bb7aa844e8aeb133c461ed0a4bd9258,4addff335526e77628b914bf83380de2c81030fb22994a739cb072c37c504f5d,6fc5331c754442474d4542d6d7069dfc5ef5f7af9c53d4bcf9f4b9eb79696691,"{""dropout"":0.0,""hidden_size"":32,""layers"":1,""weight_decay"":0.01}",67,4065,3.359043499978725,0.0015041999868117273,1776.59765625,78.05810546875,single_seed
C01_compact_gru,gated_recurrent_unit,rolling_origin_2021-11-02,42117,P-H04-W003::C013::C014,27.81235416994793,gate_c_torch,93d6a231e88abd7219722c0fb59328fbdb4063caf9d8ab33a5570465fdfe8a6d,340f5e8ac2d6df6696e2ea0267670ec4d5d1ef1265aa1ecb1a2cebed848a9eba,5a84f27899c20bd37e8318cdc99009da9cb2fc71b7090dead1ca57fee9e7db6a,4a1388db6a465b41decad90e9701c9312bb7aa844e8aeb133c461ed0a4bd9258,4addff335526e77628b914bf83380de2c81030fb22994a739cb072c37c504f5d,6fc5331c754442474d4542d6d7069dfc5ef5f7af9c53d4bcf9f4b9eb79696691,"{""dropout"":0.0,""hidden_size"":32,""layers"":1,""weight_decay"":0.01}",67,4065,3.359043499978725,0.0015041999868117273,1776.59765625,78.05810546875,single_seed
C01_compact_gru,gated_recurrent_unit,rolling_origin_2021-11-02,42117,P-H04-W004::C013::C014,16.904752753253476,gate_c_torch,93d6a231e88abd7219722c0fb59328fbdb4063caf9d8ab33a5570465fdfe8a6d,340f5e8ac2d6df6696e2ea0267670ec4d5d1ef1265aa1ecb1a2cebed848a9eba,5a84f27899c20bd37e8318cdc99009da9cb2fc71b7090dead1ca57fee9e7db6a,4a1388db6a465b41decad90e9701c9312bb7aa844e8aeb133c461ed0a4bd9258,4addff335526e77628b914bf83380de2c81030fb22994a739cb072c37c504f5d,6fc5331c754442474d4542d6d7069dfc5ef5f7af9c53d4bcf9f4b9eb79696691,"{""dropout"":0.0,""hidden_size"":32,""layers"":1,""weight_decay"":0.01}",67,4065,3.359043499978725,0.0015041999868117273,1776.59765625,78.05810546875,single_seed
C01_compact_gru,gated_recurrent_unit,rolling_origin_2021-11-02,42117,P-H04-W005::C013::C014,30.949266790123822,gate_c_torch,93d6a231e88abd7219722c0fb59328fbdb4063caf9d8ab33a5570465fdfe8a6d,340f5e8ac2d6df6696e2ea0267670ec4d5d1ef1265aa1ecb1a2cebed848a9eba,5a84f27899c20bd37e8318cdc99009da9cb2fc71b7090dead1ca57fee9e7db6a,4a1388db6a465b41decad90e9701c9312bb7aa844e8aeb133c461ed0a4bd9258,4addff335526e77628b914bf83380de2c81030fb22994a739cb072c37c504f5d,6fc5331c754442474d4542d6d7069dfc5ef5f7af9c53d4bcf9f4b9eb79696691,"{""dropout"":0.0,""hidden_size"":32,""layers"":1,""weight_decay"":0.01}",67,4065,3.359043499978725,0.0015041999868117273,1776.59765625,78.05810546875,single_seed
C01_compact_gru,gated_recurrent_unit,rolling_origin_2021-11-02,42117,P-H04-W006::C013::C014,27.566536235884424,gate_c_torch,93d6a231e88abd7219722c0fb59328fbdb4063caf9d8ab33a5570465fdfe8a6d,340f5e8ac2d6df6696e2ea0267670ec4d5d1ef1265aa1ecb1a2cebed848a9eba,5a84f27899c20bd37e8318cdc99009da9cb2fc71b7090dead1ca57fee9e7db6a,4a1388db6a465b41decad90e9701c9312bb7aa844e8aeb133c461ed0a4bd9258,4addff335526e77628b914bf83380de2c81030fb22994a739cb072c37c504f5d,6fc5331c754442474d4542d6d7069dfc5ef5f7af9c53d4bcf9f4b9eb79696691,"{""dropout"":0.0,""hidden_size"":32,""layers"":1,""weight_decay"":0.01}",67,4065,3.359043499978725,0.0015041999868117273,1776.59765625,78.05810546875,single_seed
C01_compact_gru,gated_recurrent_unit,rolling_origin_2021-11-02,42117,P-H04-W007::C013::C014,31.233267546931774,gate_c_torch,93d6a231e88abd7219722c0fb59328fbdb4063caf9d8ab33a5570465fdfe8a6d,340f5e8ac2d6df6696e2ea0267670ec4d5d1ef1265aa1ecb1a2cebed848a9eba,5a84f27899c20bd37e8318cdc99009da9cb2fc71b7090dead1ca57fee9e7db6a,4a1388db6a465b41decad90e9701c9312bb7aa844e8aeb133c461ed0a4bd9258,4addff335526e77628b914bf83380de2c81030fb22994a739cb072c37c504f5d,6fc5331c754442474d4542d6d7069dfc5ef5f7af9c53d4bcf9f4b9eb79696691,"{""dropout"":0.0,""hidden_size"":32,""layers"":1,""weight_decay"":0.01}",67,4065,3.359043499978725,0.0015041999868117273,1776.59765625,78.05810546875,single_seed
C01_compact_gru,gated_recurrent_unit,rolling_origin_2021-11-02,42117,P-V06-W001::C013::C014,0.973152046477054,gate_c_torch,93d6a231e88abd7219722c0fb59328fbdb4063caf9d8ab33a5570465fdfe8a6d,340f5e8ac2d6df6696e2ea0267670ec4d5d1ef1265aa1ecb1a2cebed848a9eba,5a84f27899c20bd37e8318cdc99009da9cb2fc71b7090dead1ca57fee9e7db6a,4a1388db6a465b41decad90e9701c9312bb7aa844e8aeb133c461ed0a4bd9258,4addff335526e77628b914bf83380de2c81030fb22994a739cb072c37c504f5d,6fc5331c754442474d4542d6d7069dfc5ef5f7af9c53d4bcf9f4b9eb79696691,"{""dropout"":0.0,""hidden_size"":32,""layers"":1,""weight_decay"":0.01}",67,4065,3.359043499978725,0.0015041999868117273,1776.59765625,78.05810546875,single_seed
C01_compact_gru,gated_recurrent_unit,rolling_origin_2021-11-02,42117,P-V06-W002::C013::C014,21.04277306763802,gate_c_torch,93d6a231e88abd7219722c0fb59328fbdb4063caf9d8ab33a5570465fdfe8a6d,340f5e8ac2d6df6696e2ea0267670ec4d5d1ef1265aa1ecb1a2cebed848a9eba,5a84f27899c20bd37e8318cdc99009da9cb2fc71b7090dead1ca57fee9e7db6a,4a1388db6a465b41decad90e9701c9312bb7aa844e8aeb133c461ed0a4bd9258,4addff335526e77628b914bf83380de2c81030fb22994a739cb072c37c504f5d,6fc5331c754442474d4542d6d7069dfc5ef5f7af9c53d4bcf9f4b9eb79696691,"{""dropout"":0.0,""hidden_size"":32,""layers"":1,""weight_decay"":0.01}",67,4065,3.359043499978725,0.0015041999868117273,1776.59765625,78.05810546875,single_seed
C01_compact_gru,gated_recurrent_unit,rolling_origin_2021-11-02,42117,P-V06-W004::C013::C014,19.969129751531284,gate_c_torch,93d6a231e88abd7219722c0fb59328fbdb4063caf9d8ab33a5570465fdfe8a6d,340f5e8ac2d6df6696e2ea0267670ec4d5d1ef1265aa1ecb1a2cebed848a9eba,5a84f27899c20bd37e8318cdc99009da9cb2fc71b7090dead1ca57fee9e7db6a,4a1388db6a465b41decad90e9701c9312bb7aa844e8aeb133c461ed0a4bd9258,4addff335526e77628b914bf83380de2c81030fb22994a739cb072c37c504f5d,6fc5331c754442474d4542d6d7069dfc5ef5f7af9c53d4bcf9f4b9eb79696691,"{""dropout"":0.0,""hidden_size"":32,""layers"":1,""weight_decay"":0.01}",67,4065,3.359043499978725,0.0015041999868117273,1776.59765625,78.05810546875,single_seed
C01_compact_gru,gated_recurrent_unit,rolling_origin_2021-11-02,42117,P-V06-W005::C013::C014,41.10818332436915,gate_c_torch,93d6a231e88abd7219722c0fb59328fbdb4063caf9d8ab33a5570465fdfe8a6d,340f5e8ac2d6df6696e2ea0267670ec4d5d1ef1265aa1ecb1a2cebed848a9eba,5a84f27899c20bd37e8318cdc99009da9cb2fc71b7090dead1ca57fee9e7db6a,4a1388db6a465b41decad90e9701c9312bb7aa844e8aeb133c461ed0a4bd9258,4addff335526e77628b914bf83380de2c81030fb22994a739cb072c37c504f5d,6fc5331c754442474d4542d6d7069dfc5ef5f7af9c53d4bcf9f4b9eb79696691,"{""dropout"":0.0,""hidden_size"":32,""layers"":1,""weight_decay"":0.01}",67,4065,3.359043499978725,0.0015041999868117273,1776.59765625,78.05810546875,single_seed
C01_compact_gru,gated_recurrent_unit,rolling_origin_2021-11-02,42117,P-V06-W006::C013::C014,16.610549443107683,gate_c_torch,93d6a231e88abd7219722c0fb59328fbdb4063caf9d8ab33a5570465fdfe8a6d,340f5e8ac2d6df6696e2ea0267670ec4d5d1ef1265aa1ecb1a2cebed848a9eba,5a84f27899c20bd37e8318cdc99009da9cb2fc71b7090dead1ca57fee9e7db6a,4a1388db6a465b41decad90e9701c9312bb7aa844e8aeb133c461ed0a4bd9258,4addff335526e77628b914bf83380de2c81030fb22994a739cb072c37c504f5d,6fc5331c754442474d4542d6d7069dfc5ef5f7af9c53d4bcf9f4b9eb79696691,"{""dropout"":0.0,""hidden_size"":32,""layers"":1,""weight_decay"":0.01}",67,4065,3.359043499978725,0.0015041999868117273,1776.59765625,78.05810546875,single_seed
C01_compact_gru,gated_recurrent_unit,rolling_origin_2021-11-02,42117,P-V06-W007::C013::C014,17.77478119715284,gate_c_torch,93d6a231e88abd7219722c0fb59328fbdb4063caf9d8ab33a5570465fdfe8a6d,340f5e8ac2d6df6696e2ea0267670ec4d5d1ef1265aa1ecb1a2cebed848a9eba,5a84f27899c20bd37e8318cdc99009da9cb2fc71b7090dead1ca57fee9e7db6a,4a1388db6a465b41decad90e9701c9312bb7aa844e8aeb133c461ed0a4bd9258,4addff335526e77628b914bf83380de2c81030fb22994a739cb072c37c504f5d,6fc5331c754442474d4542d6d7069dfc5ef5f7af9c53d4bcf9f4b9eb79696691,"{""dropout"":0.0,""hidden_size"":32,""layers"":1,""weight_decay"":0.01}",67,4065,3.359043499978725,0.0015041999868117273,1776.59765625,78.05810546875,single_seed
C01_compact_gru,gated_recurrent_unit,rolling_origin_2021-11-02,42118,P-D01-W001::C012::C014,48.122264792973276,gate_c_torch,93d6a231e88abd7219722c0fb59328fbdb4063caf9d8ab33a5570465fdfe8a6d,340f5e8ac2d6df6696e2ea0267670ec4d5d1ef1265aa1ecb1a2cebed848a9eba,5a84f27899c20bd37e8318cdc99009da9cb2fc71b7090dead1ca57fee9e7db6a,4a1388db6a465b41decad90e9701c9312bb7aa844e8aeb133c461ed0a4bd9258,4addff335526e77628b914bf83380de2c81030fb22994a739cb072c37c504f5d,6fc5331c754442474d4542d6d7069dfc5ef5f7af9c53d4bcf9f4b9eb79696691,"{""dropout"":0.0,""hidden_size"":32,""layers"":1,""weight_decay"":0.01}",67,4065,3.4085826000082307,0.001581599994096905,1776.91796875,78.05810546875,single_seed
C01_compact_gru,gated_recurrent_unit,rolling_origin_2021-11-02,42118,P-D01-W002::C012::C014,46.462261996904,gate_c_torch,93d6a231e88abd7219722c0fb59328fbdb4063caf9d8ab33a5570465fdfe8a6d,340f5e8ac2d6df6696e2ea0267670ec4d5d1ef1265aa1ecb1a2cebed848a9eba,5a84f27899c20bd37e8318cdc99009da9cb2fc71b7090dead1ca57fee9e7db6a,4a1388db6a465b41decad90e9701c9312bb7aa844e8aeb133c461ed0a4bd9258,4addff335526e77628b914bf83380de2c81030fb22994a739cb072c37c504f5d,6fc5331c754442474d4542d6d7069dfc5ef5f7af9c53d4bcf9f4b9eb79696691,"{""dropout"":0.0,""hidden_size"":32,""layers"":1,""weight_decay"":0.01}",67,4065,3.4085826000082307,0.001581599994096905,1776.91796875,78.05810546875,single_seed
C01_compact_gru,gated_recurrent_unit,rolling_origin_2021-11-02,42118,P-D01-W003::C012::C014,6.524818175625764,gate_c_torch,93d6a231e88abd7219722c0fb59328fbdb4063caf9d8ab33a5570465fdfe8a6d,340f5e8ac2d6df6696e2ea0267670ec4d5d1ef1265aa1ecb1a2cebed848a9eba,5a84f27899c20bd37e8318cdc99009da9cb2fc71b7090dead1ca57fee9e7db6a,4a1388db6a465b41decad90e9701c9312bb7aa844e8aeb133c461ed0a4bd9258,4addff335526e77628b914bf83380de2c81030fb22994a739cb072c37c504f5d,6fc5331c754442474d4542d6d7069dfc5ef5f7af9c53d4bcf9f4b9eb79696691,"{""dropout"":0.0,""hidden_size"":32,""layers"":1,""weight_decay"":0.01}",67,4065,3.4085826000082307,0.001581599994096905,1776.91796875,78.05810546875,single_seed
C01_compact_gru,gated_recurrent_unit,rolling_origin_2021-11-02,42118,P-D01-W004::C012::C014,6.399565902079345,gate_c_torch,93d6a231e88abd7219722c0fb59328fbdb4063caf9d8ab33a5570465fdfe8a6d,340f5e8ac2d6df6696e2ea0267670ec4d5d1ef1265aa1ecb1a2cebed848a9eba,5a84f27899c20bd37e8318cdc99009da9cb2fc71b7090dead1ca57fee9e7db6a,4a1388db6a465b41decad90e9701c9312bb7aa844e8aeb133c461ed0a4bd9258,4addff335526e77628b914bf83380de2c81030fb22994a739cb072c37c504f5d,6fc5331c754442474d4542d6d7069dfc5ef5f7af9c53d4bcf9f4b9eb79696691,"{""dropout"":0.0,""hidden_size"":32,""layers"":1,""weight_decay"":0.01}",67,4065,3.4085826000082307,0.001581599994096905,1776.91796875,78.05810546875,single_seed
C01_compact_gru,gated_recurrent_unit,rolling_origin_2021-11-02,42118,P-D01-W005::C012::C014,36.01689544867133,gate_c_torch,93d6a231e88abd7219722c0fb59328fbdb4063caf9d8ab33a5570465fdfe8a6d,340f5e8ac2d6df6696e2ea0267670ec4d5d1ef1265aa1ecb1a2cebed848a9eba,5a84f27899c20bd37e8318cdc99009da9cb2fc71b7090dead1ca57fee9e7db6a,4a1388db6a465b41decad90e9701c9312bb7aa844e8aeb133c461ed0a4bd9258,4addff335526e77628b914bf83380de2c81030fb22994a739cb072c37c504f5d,6fc5331c754442474d4542d6d7069dfc5ef5f7af9c53d4bcf9f4b9eb79696691,"{""dropout"":0.0,""hidden_size"":32,""layers"":1,""weight_decay"":0.01}",67,4065,3.4085826000082307,0.001581599994096905,1776.91796875,78.05810546875,single_seed
C01_compact_gru,gated_recurrent_unit,rolling_origin_2021-11-02,42118,P-D01-W006::C012::C014,25.211179536991416,gate_c_torch,93d6a231e88abd7219722c0fb59328fbdb4063caf9d8ab33a5570465fdfe8a6d,340f5e8ac2d6df6696e2ea0267670ec4d5d1ef1265aa1ecb1a2cebed848a9eba,5a84f27899c20bd37e8318cdc99009da9cb2fc71b7090dead1ca57fee9e7db6a,4a1388db6a465b41decad90e9701c9312bb7aa844e8aeb133c461ed0a4bd9258,4addff335526e77628b914bf83380de2c81030fb22994a739cb072c37c504f5d,6fc5331c754442474d4542d6d7069dfc5ef5f7af9c53d4bcf9f4b9eb79696691,"{""dropout"":0.0,""hidden_size"":32,""layers"":1,""weight_decay"":0.01}",67,4065,3.4085826000082307,0.001581599994096905,1776.91796875,78.05810546875,single_seed
C01_compact_gru,gated_recurrent_unit,rolling_origin_2021-11-02,42118,P-D01-W007::C012::C014,29.84114056001202,gate_c_torch,93d6a231e88abd7219722c0fb59328fbdb4063caf9d8ab33a5570465fdfe8a6d,340f5e8ac2d6df6696e2ea0267670ec4d5d1ef1265aa1ecb1a2cebed848a9eba,5a84f27899c20bd37e8318cdc99009da9cb2fc71b7090dead1ca57fee9e7db6a,4a1388db6a465b41decad90e9701c9312bb7aa844e8aeb133c461ed0a4bd9258,4addff335526e77628b914bf83380de2c81030fb22994a739cb072c37c504f5d,6fc5331c754442474d4542d6d7069dfc5ef5f7af9c53d4bcf9f4b9eb79696691,"{""dropout"":0.0,""hidden_size"":32,""layers"":1,""weight_decay"":0.01}",67,4065,3.4085826000082307,0.001581599994096905,1776.91796875,78.05810546875,single_seed
C01_compact_gru,gated_recurrent_unit,rolling_origin_2021-11-02,42118,P-H01-W001::C012::C014,24.374216374811144,gate_c_torch,93d6a231e88abd7219722c0fb59328fbdb4063caf9d8ab33a5570465fdfe8a6d,340f5e8ac2d6df6696e2ea0267670ec4d5d1ef1265aa1ecb1a2cebed848a9eba,5a84f27899c20bd37e8318cdc99009da9cb2fc71b7090dead1ca57fee9e7db6a,4a1388db6a465b41decad90e9701c9312bb7aa844e8aeb133c461ed0a4bd9258,4addff335526e77628b914bf83380de2c81030fb22994a739cb072c37c504f5d,6fc5331c754442474d4542d6d7069dfc5ef5f7af9c53d4bcf9f4b9eb79696691,"{""dropout"":0.0,""hidden_size"":32,""layers"":1,""weight_decay"":0.01}",67,4065,3.4085826000082307,0.001581599994096905,1776.91796875,78.05810546875,single_seed
C01_compact_gru,gated_recurrent_unit,rolling_origin_2021-11-02,42118,P-H01-W002::C012::C014,26.47157236218306,gate_c_torch,93d6a231e88abd7219722c0fb59328fbdb4063caf9d8ab33a5570465fdfe8a6d,340f5e8ac2d6df6696e2ea0267670ec4d5d1ef1265aa1ecb1a2cebed848a9eba,5a84f27899c20bd37e8318cdc99009da9cb2fc71b7090dead1ca57fee9e7db6a,4a1388db6a465b41decad90e9701c9312bb7aa844e8aeb133c461ed0a4bd9258,4addff335526e77628b914bf83380de2c81030fb22994a739cb072c37c504f5d,6fc5331c754442474d4542d6d7069dfc5ef5f7af9c53d4bcf9f4b9eb79696691,"{""dropout"":0.0,""hidden_size"":32,""layers"":1,""weight_decay"":0.01}",67,4065,3.4085826000082307,0.001581599994096905,1776.91796875,78.05810546875,single_seed
C01_compact_gru,gated_recurrent_unit,rolling_origin_2021-11-02,42118,P-H01-W003::C012::C014,22.34493647770345,gate_c_torch,93d6a231e88abd7219722c0fb59328fbdb4063caf9d8ab33a5570465fdfe8a6d,340f5e8ac2d6df6696e2ea0267670ec4d5d1ef1265aa1ecb1a2cebed848a9eba,5a84f27899c20bd37e8318cdc99009da9cb2fc71b7090dead1ca57fee9e7db6a,4a1388db6a465b41decad90e9701c9312bb7aa844e8aeb133c461ed0a4bd9258,4addff335526e77628b914bf83380de2c81030fb22994a739cb072c37c504f5d,6fc5331c754442474d4542d6d7069dfc5ef5f7af9c53d4bcf9f4b9eb79696691,"{""dropout"":0.0,""hidden_size"":32,""layers"":1,""weight_decay"":0.01}",67,4065,3.4085826000082307,0.001581599994096905,1776.91796875,78.05810546875,single_seed
C01_compact_gru,gated_recurrent_unit,rolling_origin_2021-11-02,42118,P-H01-W004::C012::C014,28.36677076368353,gate_c_torch,93d6a231e88abd7219722c0fb59328fbdb4063caf9d8ab33a5570465fdfe8a6d,340f5e8ac2d6df6696e2ea0267670ec4d5d1ef1265aa1ecb1a2cebed848a9eba,5a84f27899c20bd37e8318cdc99009da9cb2fc71b7090dead1ca57fee9e7db6a,4a1388db6a465b41decad90e9701c9312bb7aa844e8aeb133c461ed0a4bd9258,4addff335526e77628b914bf83380de2c81030fb22994a739cb072c37c504f5d,6fc5331c754442474d4542d6d7069dfc5ef5f7af9c53d4bcf9f4b9eb79696691,"{""dropout"":0.0,""hidden_size"":32,""layers"":1,""weight_decay"":0.01}",67,4065,3.4085826000082307,0.001581599994096905,1776.91796875,78.05810546875,single_seed
C01_compact_gru,gated_recurrent_unit,rolling_origin_2021-11-02,42118,P-H01-W005::C012::C014,48.010779909896414,gate_c_torch,93d6a231e88abd7219722c0fb59328fbdb4063caf9d8ab33a5570465fdfe8a6d,340f5e8ac2d6df6696e2ea0267670ec4d5d1ef1265aa1ecb1a2cebed848a9eba,5a84f27899c20bd37e8318cdc99009da9cb2fc71b7090dead1ca57fee9e7db6a,4a1388db6a465b41decad90e9701c9312bb7aa844e8aeb133c461ed0a4bd9258,4addff335526e77628b914bf83380de2c81030fb22994a739cb072c37c504f5d,6fc5331c754442474d4542d6d7069dfc5ef5f7af9c53d4bcf9f4b9eb79696691,"{""dropout"":0.0,""hidden_size"":32,""layers"":1,""weight_decay"":0.01}",67,4065,3.4085826000082307,0.001581599994096905,1776.91796875,78.05810546875,single_seed
C01_compact_gru,gated_recurrent_unit,rolling_origin_2021-11-02,42118,P-H01-W006::C012::C014,30.076369313750593,gate_c_torch,93d6a231e88abd7219722c0fb59328fbdb4063caf9d8ab33a5570465fdfe8a6d,340f5e8ac2d6df6696e2ea0267670ec4d5d1ef1265aa1ecb1a2cebed848a9eba,5a84f27899c20bd37e8318cdc99009da9cb2fc71b7090dead1ca57fee9e7db6a,4a1388db6a465b41decad90e9701c9312bb7aa844e8aeb133c461ed0a4bd9258,4addff335526e77628b914bf83380de2c81030fb22994a739cb072c37c504f5d,6fc5331c754442474d4542d6d7069dfc5ef5f7af9c53d4bcf9f4b9eb79696691,"{""dropout"":0.0,""hidden_size"":32,""layers"":1,""weight_decay"":0.01}",67,4065,3.4085826000082307,0.001581599994096905,1776.91796875,78.05810546875,single_seed
C01_compact_gru,gated_recurrent_unit,rolling_origin_2021-11-02,42118,P-H01-W007::C012::C014,32.36355388522715,gate_c_torch,93d6a231e88abd7219722c0fb59328fbdb4063caf9d8ab33a5570465fdfe8a6d,340f5e8ac2d6df6696e2ea0267670ec4d5d1ef1265aa1ecb1a2cebed848a9eba,5a84f27899c20bd37e8318cdc99009da9cb2fc71b7090dead1ca57fee9e7db6a,4a1388db6a465b41decad90e9701c9312bb7aa844e8aeb133c461ed0a4bd9258,4addff335526e77628b914bf83380de2c81030fb22994a739cb072c37c504f5d,6fc5331c754442474d4542d6d7069dfc5ef5f7af9c53d4bcf9f4b9eb79696691,"{""dropout"":0.0,""hidden_size"":32,""layers"":1,""weight_decay"":0.01}",67,4065,3.4085826000082307,0.001581599994096905,1776.91796875,78.05810546875,single_seed
C01_compact_gru,gated_recurrent_unit,rolling_origin_2021-11-02,42118,P-H02-W001::C012::C014,32.76766861813939,gate_c_torch,93d6a231e88abd7219722c0fb59328fbdb4063caf9d8ab33a5570465fdfe8a6d,340f5e8ac2d6df6696e2ea0267670ec4d5d1ef1265aa1ecb1a2cebed848a9eba,5a84f27899c20bd37e8318cdc99009da9cb2fc71b7090dead1ca57fee9e7db6a,4a1388db6a465b41decad90e9701c9312bb7aa844e8aeb133c461ed0a4bd9258,4addff335526e77628b914bf83380de2c81030fb22994a739cb072c37c504f5d,6fc5331c754442474d4542d6d7069dfc5ef5f7af9c53d4bcf9f4b9eb79696691,"{""dropout"":0.0,""hidden_size"":32,""layers"":1,""weight_decay"":0.01}",67,4065,3.4085826000082307,0.001581599994096905,1776.91796875,78.05810546875,single_seed
C01_compact_gru,gated_recurrent_unit,rolling_origin_2021-11-02,42118,P-H02-W003::C012::C014,23.9563605841969,gate_c_torch,93d6a231e88abd7219722c0fb59328fbdb4063caf9d8ab33a5570465fdfe8a6d,340f5e8ac2d6df6696e2ea0267670ec4d5d1ef1265aa1ecb1a2cebed848a9eba,5a84f27899c20bd37e8318cdc99009da9cb2fc71b7090dead1ca57fee9e7db6a,4a1388db6a465b41decad90e9701c9312bb7aa844e8aeb133c461ed0a4bd9258,4addff335526e77628b914bf83380de2c81030fb22994a739cb072c37c504f5d,6fc5331c754442474d4542d6d7069dfc5ef5f7af9c53d4bcf9f4b9eb79696691,"{""dropout"":0.0,""hidden_size"":32,""layers"":1,""weight_decay"":0.01}",67,4065,3.4085826000082307,0.001581599994096905,1776.91796875,78.05810546875,single_seed
C01_compact_gru,gated_recurrent_unit,rolling_origin_2021-11-02,42118,P-H02-W004::C012::C014,21.54612175077117,gate_c_torch,93d6a231e88abd7219722c0fb59328fbdb4063caf9d8ab33a5570465fdfe8a6d,340f5e8ac2d6df6696e2ea0267670ec4d5d1ef1265aa1ecb1a2cebed848a9eba,5a84f27899c20bd37e8318cdc99009da9cb2fc71b7090dead1ca57fee9e7db6a,4a1388db6a465b41decad90e9701c9312bb7aa844e8aeb133c461ed0a4bd9258,4addff335526e77628b914bf83380de2c81030fb22994a739cb072c37c504f5d,6fc5331c754442474d4542d6d7069dfc5ef5f7af9c53d4bcf9f4b9eb79696691,"{""dropout"":0.0,""hidden_size"":32,""layers"":1,""weight_decay"":0.01}",67,4065,3.4085826000082307,0.001581599994096905,1776.91796875,78.05810546875,single_seed
C01_compact_gru,gated_recurrent_unit,rolling_origin_2021-11-02,42118,P-H02-W005::C012::C014,8.241932717146064,gate_c_torch,93d6a231e88abd7219722c0fb59328fbdb4063caf9d8ab33a5570465fdfe8a6d,340f5e8ac2d6df6696e2ea0267670ec4d5d1ef1265aa1ecb1a2cebed848a9eba,5a84f27899c20bd37e8318cdc99009da9cb2fc71b7090dead1ca57fee9e7db6a,4a1388db6a465b41decad90e9701c9312bb7aa844e8aeb133c461ed0a4bd9258,4addff335526e77628b914bf83380de2c81030fb22994a739cb072c37c504f5d,6fc5331c754442474d4542d6d7069dfc5ef5f7af9c53d4bcf9f4b9eb79696691,"{""dropout"":0.0,""hidden_size"":32,""layers"":1,""weight_decay"":0.01}",67,4065,3.4085826000082307,0.001581599994096905,1776.91796875,78.05810546875,single_seed
C01_compact_gru,gated_recurrent_unit,rolling_origin_2021-11-02,42118,P-H02-W006::C012::C014,20.19752840496198,gate_c_torch,93d6a231e88abd7219722c0fb59328fbdb4063caf9d8ab33a5570465fdfe8a6d,340f5e8ac2d6df6696e2ea0267670ec4d5d1ef1265aa1ecb1a2cebed848a9eba,5a84f27899c20bd37e8318cdc99009da9cb2fc71b7090dead1ca57fee9e7db6a,4a1388db6a465b41decad90e9701c9312bb7aa844e8aeb133c461ed0a4bd9258,4addff335526e77628b914bf83380de2c81030fb22994a739cb072c37c504f5d,6fc5331c754442474d4542d6d7069dfc5ef5f7af9c53d4bcf9f4b9eb79696691,"{""dropout"":0.0,""hidden_size"":32,""layers"":1,""weight_decay"":0.01}",67,4065,3.4085826000082307,0.001581599994096905,1776.91796875,78.05810546875,single_seed
C01_compact_gru,gated_recurrent_unit,rolling_origin_2021-11-02,42118,P-H02-W007::C012::C014,31.658453605538714,gate_c_torch,93d6a231e88abd7219722c0fb59328fbdb4063caf9d8ab33a5570465fdfe8a6d,340f5e8ac2d6df6696e2ea0267670ec4d5d1ef1265aa1ecb1a2cebed848a9eba,5a84f27899c20bd37e8318cdc99009da9cb2fc71b7090dead1ca57fee9e7db6a,4a1388db6a465b41decad90e9701c9312bb7aa844e8aeb133c461ed0a4bd9258,4addff335526e77628b914bf83380de2c81030fb22994a739cb072c37c504f5d,6fc5331c754442474d4542d6d7069dfc5ef5f7af9c53d4bcf9f4b9eb79696691,"{""dropout"":0.0,""hidden_size"":32,""layers"":1,""weight_decay"":0.01}",67,4065,3.4085826000082307,0.001581599994096905,1776.91796875,78.05810546875,single_seed
C01_compact_gru,gated_recurrent_unit,rolling_origin_2021-11-02,42118,P-H03-W001::C012::C014,48.2519682336274,gate_c_torch,93d6a231e88abd7219722c0fb59328fbdb4063caf9d8ab33a5570465fdfe8a6d,340f5e8ac2d6df6696e2ea0267670ec4d5d1ef1265aa1ecb1a2cebed848a9eba,5a84f27899c20bd37e8318cdc99009da9cb2fc71b7090dead1ca57fee9e7db6a,4a1388db6a465b41decad90e9701c9312bb7aa844e8aeb133c461ed0a4bd9258,4addff335526e77628b914bf83380de2c81030fb22994a739cb072c37c504f5d,6fc5331c754442474d4542d6d7069dfc5ef5f7af9c53d4bcf9f4b9eb79696691,"{""dropout"":0.0,""hidden_size"":32,""layers"":1,""weight_decay"":0.01}",67,4065,3.4085826000082307,0.001581599994096905,1776.91796875,78.05810546875,single_seed
C01_compact_gru,gated_recurrent_unit,rolling_origin_2021-11-02,42118,P-H03-W003::C012::C014,43.58642389671542,gate_c_torch,93d6a231e88abd7219722c0fb59328fbdb4063caf9d8ab33a5570465fdfe8a6d,340f5e8ac2d6df6696e2ea0267670ec4d5d1ef1265aa1ecb1a2cebed848a9eba,5a84f27899c20bd37e8318cdc99009da9cb2fc71b7090dead1ca57fee9e7db6a,4a1388db6a465b41decad90e9701c9312bb7aa844e8aeb133c461ed0a4bd9258,4addff335526e77628b914bf83380de2c81030fb22994a739cb072c37c504f5d,6fc5331c754442474d4542d6d7069dfc5ef5f7af9c53d4bcf9f4b9eb79696691,"{""dropout"":0.0,""hidden_size"":32,""layers"":1,""weight_decay"":0.01}",67,4065,3.4085826000082307,0.001581599994096905,1776.91796875,78.05810546875,single_seed
C01_compact_gru,gated_recurrent_unit,rolling_origin_2021-11-02,42118,P-H03-W004::C012::C014,49.993891340152246,gate_c_torch,93d6a231e88abd7219722c0fb59328fbdb4063caf9d8ab33a5570465fdfe8a6d,340f5e8ac2d6df6696e2ea0267670ec4d5d1ef1265aa1ecb1a2cebed848a9eba,5a84f27899c20bd37e8318cdc99009da9cb2fc71b7090dead1ca57fee9e7db6a,4a1388db6a465b41decad90e9701c9312bb7aa844e8aeb133c461ed0a4bd9258,4addff335526e77628b914bf83380de2c81030fb22994a739cb072c37c504f5d,6fc5331c754442474d4542d6d7069dfc5ef5f7af9c53d4bcf9f4b9eb79696691,"{""dropout"":0.0,""hidden_size"":32,""layers"":1,""weight_decay"":0.01}",67,4065,3.4085826000082307,0.001581599994096905,1776.91796875,78.05810546875,single_seed
C01_compact_gru,gated_recurrent_unit,rolling_origin_2021-11-02,42118,P-H03-W005::C012::C014,49.64944387033242,gate_c_torch,93d6a231e88abd7219722c0fb59328fbdb4063caf9d8ab33a5570465fdfe8a6d,340f5e8ac2d6df6696e2ea0267670ec4d5d1ef1265aa1ecb1a2cebed848a9eba,5a84f27899c20bd37e8318cdc99009da9cb2fc71b7090dead1ca57fee9e7db6a,4a1388db6a465b41decad90e9701c9312bb7aa844e8aeb133c461ed0a4bd9258,4addff335526e77628b914bf83380de2c81030fb22994a739cb072c37c504f5d,6fc5331c754442474d4542d6d7069dfc5ef5f7af9c53d4bcf9f4b9eb79696691,"{""dropout"":0.0,""hidden_size"":32,""layers"":1,""weight_decay"":0.01}",67,4065,3.4085826000082307,0.001581599994096905,1776.91796875,78.05810546875,single_seed
C01_compact_gru,gated_recurrent_unit,rolling_origin_2021-11-02,42118,P-H03-W006::C012::C014,53.57088615574072,gate_c_torch,93d6a231e88abd7219722c0fb59328fbdb4063caf9d8ab33a5570465fdfe8a6d,340f5e8ac2d6df6696e2ea0267670ec4d5d1ef1265aa1ecb1a2cebed848a9eba,5a84f27899c20bd37e8318cdc99009da9cb2fc71b7090dead1ca57fee9e7db6a,4a1388db6a465b41decad90e9701c9312bb7aa844e8aeb133c461ed0a4bd9258,4addff335526e77628b914bf83380de2c81030fb22994a739cb072c37c504f5d,6fc5331c754442474d4542d6d7069dfc5ef5f7af9c53d4bcf9f4b9eb79696691,"{""dropout"":0.0,""hidden_size"":32,""layers"":1,""weight_decay"":0.01}",67,4065,3.4085826000082307,0.001581599994096905,1776.91796875,78.05810546875,single_seed
C01_compact_gru,gated_recurrent_unit,rolling_origin_2021-11-02,42118,P-H03-W007::C012::C014,22.97070340900013,gate_c_torch,93d6a231e88abd7219722c0fb59328fbdb4063caf9d8ab33a5570465fdfe8a6d,340f5e8ac2d6df6696e2ea0267670ec4d5d1ef1265aa1ecb1a2cebed848a9eba,5a84f27899c20bd37e8318cdc99009da9cb2fc71b7090dead1ca57fee9e7db6a,4a1388db6a465b41decad90e9701c9312bb7aa844e8aeb133c461ed0a4bd9258,4addff335526e77628b914bf83380de2c81030fb22994a739cb072c37c504f5d,6fc5331c754442474d4542d6d7069dfc5ef5f7af9c53d4bcf9f4b9eb79696691,"{""dropout"":0.0,""hidden_size"":32,""layers"":1,""weight_decay"":0.01}",67,4065,3.4085826000082307,0.001581599994096905,1776.91796875,78.05810546875,single_seed
C01_compact_gru,gated_recurrent_unit,rolling_origin_2021-11-02,42118,P-H05-W001::C012::C014,31.294588817623573,gate_c_torch,93d6a231e88abd7219722c0fb59328fbdb4063caf9d8ab33a5570465fdfe8a6d,340f5e8ac2d6df6696e2ea0267670ec4d5d1ef1265aa1ecb1a2cebed848a9eba,5a84f27899c20bd37e8318cdc99009da9cb2fc71b7090dead1ca57fee9e7db6a,4a1388db6a465b41decad90e9701c9312bb7aa844e8aeb133c461ed0a4bd9258,4addff335526e77628b914bf83380de2c81030fb22994a739cb072c37c504f5d,6fc5331c754442474d4542d6d7069dfc5ef5f7af9c53d4bcf9f4b9eb79696691,"{""dropout"":0.0,""hidden_size"":32,""layers"":1,""weight_decay"":0.01}",67,4065,3.4085826000082307,0.001581599994096905,1776.91796875,78.05810546875,single_seed
C01_compact_gru,gated_recurrent_unit,rolling_origin_2021-11-02,42118,P-H05-W002::C012::C014,37.51190053104362,gate_c_torch,93d6a231e88abd7219722c0fb59328fbdb4063caf9d8ab33a5570465fdfe8a6d,340f5e8ac2d6df6696e2ea0267670ec4d5d1ef1265aa1ecb1a2cebed848a9eba,5a84f27899c20bd37e8318cdc99009da9cb2fc71b7090dead1ca57fee9e7db6a,4a1388db6a465b41decad90e9701c9312bb7aa844e8aeb133c461ed0a4bd9258,4addff335526e77628b914bf83380de2c81030fb22994a739cb072c37c504f5d,6fc5331c754442474d4542d6d7069dfc5ef5f7af9c53d4bcf9f4b9eb79696691,"{""dropout"":0.0,""hidden_size"":32,""layers"":1,""weight_decay"":0.01}",67,4065,3.4085826000082307,0.001581599994096905,1776.91796875,78.05810546875,single_seed
C01_compact_gru,gated_recurrent_unit,rolling_origin_2021-11-02,42118,P-H05-W003::C012::C014,30.49025923467321,gate_c_torch,93d6a231e88abd7219722c0fb59328fbdb4063caf9d8ab33a5570465fdfe8a6d,340f5e8ac2d6df6696e2ea0267670ec4d5d1ef1265aa1ecb1a2cebed848a9eba,5a84f27899c20bd37e8318cdc99009da9cb2fc71b7090dead1ca57fee9e7db6a,4a1388db6a465b41decad90e9701c9312bb7aa844e8aeb133c461ed0a4bd9258,4addff335526e77628b914bf83380de2c81030fb22994a739cb072c37c504f5d,6fc5331c754442474d4542d6d7069dfc5ef5f7af9c53d4bcf9f4b9eb79696691,"{""dropout"":0.0,""hidden_size"":32,""layers"":1,""weight_decay"":0.01}",67,4065,3.4085826000082307,0.001581599994096905,1776.91796875,78.05810546875,single_seed
C01_compact_gru,gated_recurrent_unit,rolling_origin_2021-11-02,42118,P-H05-W004::C012::C014,20.210937669792855,gate_c_torch,93d6a231e88abd7219722c0fb59328fbdb4063caf9d8ab33a5570465fdfe8a6d,340f5e8ac2d6df6696e2ea0267670ec4d5d1ef1265aa1ecb1a2cebed848a9eba,5a84f27899c20bd37e8318cdc99009da9cb2fc71b7090dead1ca57fee9e7db6a,4a1388db6a465b41decad90e9701c9312bb7aa844e8aeb133c461ed0a4bd9258,4addff335526e77628b914bf83380de2c81030fb22994a739cb072c37c504f5d,6fc5331c754442474d4542d6d7069dfc5ef5f7af9c53d4bcf9f4b9eb79696691,"{""dropout"":0.0,""hidden_size"":32,""layers"":1,""weight_decay"":0.01}",67,4065,3.4085826000082307,0.001581599994096905,1776.91796875,78.05810546875,single_seed
C01_compact_gru,gated_recurrent_unit,rolling_origin_2021-11-02,42118,P-H05-W005::C012::C014,16.863885537205284,gate_c_torch,93d6a231e88abd7219722c0fb59328fbdb4063caf9d8ab33a5570465fdfe8a6d,340f5e8ac2d6df6696e2ea0267670ec4d5d1ef1265aa1ecb1a2cebed848a9eba,5a84f27899c20bd37e8318cdc99009da9cb2fc71b7090dead1ca57fee9e7db6a,4a1388db6a465b41decad90e9701c9312bb7aa844e8aeb133c461ed0a4bd9258,4addff335526e77628b914bf83380de2c81030fb22994a739cb072c37c504f5d,6fc5331c754442474d4542d6d7069dfc5ef5f7af9c53d4bcf9f4b9eb79696691,"{""dropout"":0.0,""hidden_size"":32,""layers"":1,""weight_decay"":0.01}",67,4065,3.4085826000082307,0.001581599994096905,1776.91796875,78.05810546875,single_seed
C01_compact_gru,gated_recurrent_unit,rolling_origin_2021-11-02,42118,P-H05-W006::C012::C014,14.623279294362575,gate_c_torch,93d6a231e88abd7219722c0fb59328fbdb4063caf9d8ab33a5570465fdfe8a6d,340f5e8ac2d6df6696e2ea0267670ec4d5d1ef1265aa1ecb1a2cebed848a9eba,5a84f27899c20bd37e8318cdc99009da9cb2fc71b7090dead1ca57fee9e7db6a,4a1388db6a465b41decad90e9701c9312bb7aa844e8aeb133c461ed0a4bd9258,4addff335526e77628b914bf83380de2c81030fb22994a739cb072c37c504f5d,6fc5331c754442474d4542d6d7069dfc5ef5f7af9c53d4bcf9f4b9eb79696691,"{""dropout"":0.0,""hidden_size"":32,""layers"":1,""weight_decay"":0.01}",67,4065,3.4085826000082307,0.001581599994096905,1776.91796875,78.05810546875,single_seed
C01_compact_gru,gated_recurrent_unit,rolling_origin_2021-11-02,42118,P-H05-W007::C012::C014,24.0724998613875,gate_c_torch,93d6a231e88abd7219722c0fb59328fbdb4063caf9d8ab33a5570465fdfe8a6d,340f5e8ac2d6df6696e2ea0267670ec4d5d1ef1265aa1ecb1a2cebed848a9eba,5a84f27899c20bd37e8318cdc99009da9cb2fc71b7090dead1ca57fee9e7db6a,4a1388db6a465b41decad90e9701c9312bb7aa844e8aeb133c461ed0a4bd9258,4addff335526e77628b914bf83380de2c81030fb22994a739cb072c37c504f5d,6fc5331c754442474d4542d6d7069dfc5ef5f7af9c53d4bcf9f4b9eb79696691,"{""dropout"":0.0,""hidden_size"":32,""layers"":1,""weight_decay"":0.01}",67,4065,3.4085826000082307,0.001581599994096905,1776.91796875,78.05810546875,single_seed
C01_compact_gru,gated_recurrent_unit,rolling_origin_2021-11-02,42118,P-H06-W001::C012::C014,6.034758555984556,gate_c_torch,93d6a231e88abd7219722c0fb59328fbdb4063caf9d8ab33a5570465fdfe8a6d,340f5e8ac2d6df6696e2ea0267670ec4d5d1ef1265aa1ecb1a2cebed848a9eba,5a84f27899c20bd37e8318cdc99009da9cb2fc71b7090dead1ca57fee9e7db6a,4a1388db6a465b41decad90e9701c9312bb7aa844e8aeb133c461ed0a4bd9258,4addff335526e77628b914bf83380de2c81030fb22994a739cb072c37c504f5d,6fc5331c754442474d4542d6d7069dfc5ef5f7af9c53d4bcf9f4b9eb79696691,"{""dropout"":0.0,""hidden_size"":32,""layers"":1,""weight_decay"":0.01}",67,4065,3.4085826000082307,0.001581599994096905,1776.91796875,78.05810546875,single_seed
C01_compact_gru,gated_recurrent_unit,rolling_origin_2021-11-02,42118,P-H06-W002::C012::C014,2.7710691499197466,gate_c_torch,93d6a231e88abd7219722c0fb59328fbdb4063caf9d8ab33a5570465fdfe8a6d,340f5e8ac2d6df6696e2ea0267670ec4d5d1ef1265aa1ecb1a2cebed848a9eba,5a84f27899c20bd37e8318cdc99009da9cb2fc71b7090dead1ca57fee9e7db6a,4a1388db6a465b41decad90e9701c9312bb7aa844e8aeb133c461ed0a4bd9258,4addff335526e77628b914bf83380de2c81030fb22994a739cb072c37c504f5d,6fc5331c754442474d4542d6d7069dfc5ef5f7af9c53d4bcf9f4b9eb79696691,"{""dropout"":0.0,""hidden_size"":32,""layers"":1,""weight_decay"":0.01}",67,4065,3.4085826000082307,0.001581599994096905,1776.91796875,78.05810546875,single_seed
C01_compact_gru,gated_recurrent_unit,rolling_origin_2021-11-02,42118,P-H06-W003::C012::C014,4.622945501841851,gate_c_torch,93d6a231e88abd7219722c0fb59328fbdb4063caf9d8ab33a5570465fdfe8a6d,340f5e8ac2d6df6696e2ea0267670ec4d5d1ef1265aa1ecb1a2cebed848a9eba,5a84f27899c20bd37e8318cdc99009da9cb2fc71b7090dead1ca57fee9e7db6a,4a1388db6a465b41decad90e9701c9312bb7aa844e8aeb133c461ed0a4bd9258,4addff335526e77628b914bf83380de2c81030fb22994a739cb072c37c504f5d,6fc5331c754442474d4542d6d7069dfc5ef5f7af9c53d4bcf9f4b9eb79696691,"{""dropout"":0.0,""hidden_size"":32,""layers"":1,""weight_decay"":0.01}",67,4065,3.4085826000082307,0.001581599994096905,1776.91796875,78.05810546875,single_seed
C01_compact_gru,gated_recurrent_unit,rolling_origin_2021-11-02,42118,P-H06-W004::C012::C014,5.408316266649539,gate_c_torch,93d6a231e88abd7219722c0fb59328fbdb4063caf9d8ab33a5570465fdfe8a6d,340f5e8ac2d6df6696e2ea0267670ec4d5d1ef1265aa1ecb1a2cebed848a9eba,5a84f27899c20bd37e8318cdc99009da9cb2fc71b7090dead1ca57fee9e7db6a,4a1388db6a465b41decad90e9701c9312bb7aa844e8aeb133c461ed0a4bd9258,4addff335526e77628b914bf83380de2c81030fb22994a739cb072c37c504f5d,6fc5331c754442474d4542d6d7069dfc5ef5f7af9c53d4bcf9f4b9eb79696691,"{""dropout"":0.0,""hidden_size"":32,""layers"":1,""weight_decay"":0.01}",67,4065,3.4085826000082307,0.001581599994096905,1776.91796875,78.05810546875,single_seed
C01_compact_gru,gated_recurrent_unit,rolling_origin_2021-11-02,42118,P-H06-W005::C012::C014,6.285468808461545,gate_c_torch,93d6a231e88abd7219722c0fb59328fbdb4063caf9d8ab33a5570465fdfe8a6d,340f5e8ac2d6df6696e2ea0267670ec4d5d1ef1265aa1ecb1a2cebed848a9eba,5a84f27899c20bd37e8318cdc99009da9cb2fc71b7090dead1ca57fee9e7db6a,4a1388db6a465b41decad90e9701c9312bb7aa844e8aeb133c461ed0a4bd9258,4addff335526e77628b914bf83380de2c81030fb22994a739cb072c37c504f5d,6fc5331c754442474d4542d6d7069dfc5ef5f7af9c53d4bcf9f4b9eb79696691,"{""dropout"":0.0,""hidden_size"":32,""layers"":1,""weight_decay"":0.01}",67,4065,3.4085826000082307,0.001581599994096905,1776.91796875,78.05810546875,single_seed
C01_compact_gru,gated_recurrent_unit,rolling_origin_2021-11-02,42118,P-H06-W006::C012::C014,7.162960888076313,gate_c_torch,93d6a231e88abd7219722c0fb59328fbdb4063caf9d8ab33a5570465fdfe8a6d,340f5e8ac2d6df6696e2ea0267670ec4d5d1ef1265aa1ecb1a2cebed848a9eba,5a84f27899c20bd37e8318cdc99009da9cb2fc71b7090dead1ca57fee9e7db6a,4a1388db6a465b41decad90e9701c9312bb7aa844e8aeb133c461ed0a4bd9258,4addff335526e77628b914bf83380de2c81030fb22994a739cb072c37c504f5d,6fc5331c754442474d4542d6d7069dfc5ef5f7af9c53d4bcf9f4b9eb79696691,"{""dropout"":0.0,""hidden_size"":32,""layers"":1,""weight_decay"":0.01}",67,4065,3.4085826000082307,0.001581599994096905,1776.91796875,78.05810546875,single_seed
C01_compact_gru,gated_recurrent_unit,rolling_origin_2021-11-02,42118,P-H06-W007::C012::C014,12.598501371114093,gate_c_torch,93d6a231e88abd7219722c0fb59328fbdb4063caf9d8ab33a5570465fdfe8a6d,340f5e8ac2d6df6696e2ea0267670ec4d5d1ef1265aa1ecb1a2cebed848a9eba,5a84f27899c20bd37e8318cdc99009da9cb2fc71b7090dead1ca57fee9e7db6a,4a1388db6a465b41decad90e9701c9312bb7aa844e8aeb133c461ed0a4bd9258,4addff335526e77628b914bf83380de2c81030fb22994a739cb072c37c504f5d,6fc5331c754442474d4542d6d7069dfc5ef5f7af9c53d4bcf9f4b9eb79696691,"{""dropout"":0.0,""hidden_size"":32,""layers"":1,""weight_decay"":0.01}",67,4065,3.4085826000082307,0.001581599994096905,1776.91796875,78.05810546875,single_seed
C01_compact_gru,gated_recurrent_unit,rolling_origin_2021-11-02,42118,P-H07-W001::C012::C014,35.25489455036818,gate_c_torch,93d6a231e88abd7219722c0fb59328fbdb4063caf9d8ab33a5570465fdfe8a6d,340f5e8ac2d6df6696e2ea0267670ec4d5d1ef1265aa1ecb1a2cebed848a9eba,5a84f27899c20bd37e8318cdc99009da9cb2fc71b7090dead1ca57fee9e7db6a,4a1388db6a465b41decad90e9701c9312bb7aa844e8aeb133c461ed0a4bd9258,4addff335526e77628b914bf83380de2c81030fb22994a739cb072c37c504f5d,6fc5331c754442474d4542d6d7069dfc5ef5f7af9c53d4bcf9f4b9eb79696691,"{""dropout"":0.0,""hidden_size"":32,""layers"":1,""weight_decay"":0.01}",67,4065,3.4085826000082307,0.001581599994096905,1776.91796875,78.05810546875,single_seed
C01_compact_gru,gated_recurrent_unit,rolling_origin_2021-11-02,42118,P-H07-W002::C012::C014,40.23588840367691,gate_c_torch,93d6a231e88abd7219722c0fb59328fbdb4063caf9d8ab33a5570465fdfe8a6d,340f5e8ac2d6df6696e2ea0267670ec4d5d1ef1265aa1ecb1a2cebed848a9eba,5a84f27899c20bd37e8318cdc99009da9cb2fc71b7090dead1ca57fee9e7db6a,4a1388db6a465b41decad90e9701c9312bb7aa844e8aeb133c461ed0a4bd9258,4addff335526e77628b914bf83380de2c81030fb22994a739cb072c37c504f5d,6fc5331c754442474d4542d6d7069dfc5ef5f7af9c53d4bcf9f4b9eb79696691,"{""dropout"":0.0,""hidden_size"":32,""layers"":1,""weight_decay"":0.01}",67,4065,3.4085826000082307,0.001581599994096905,1776.91796875,78.05810546875,single_seed
C01_compact_gru,gated_recurrent_unit,rolling_origin_2021-11-02,42118,P-H07-W003::C012::C014,12.992267326379274,gate_c_torch,93d6a231e88abd7219722c0fb59328fbdb4063caf9d8ab33a5570465fdfe8a6d,340f5e8ac2d6df6696e2ea0267670ec4d5d1ef1265aa1ecb1a2cebed848a9eba,5a84f27899c20bd37e8318cdc99009da9cb2fc71b7090dead1ca57fee9e7db6a,4a1388db6a465b41decad90e9701c9312bb7aa844e8aeb133c461ed0a4bd9258,4addff335526e77628b914bf83380de2c81030fb22994a739cb072c37c504f5d,6fc5331c754442474d4542d6d7069dfc5ef5f7af9c53d4bcf9f4b9eb79696691,"{""dropout"":0.0,""hidden_size"":32,""layers"":1,""weight_decay"":0.01}",67,4065,3.4085826000082307,0.001581599994096905,1776.91796875,78.05810546875,single_seed
C01_compact_gru,gated_recurrent_unit,rolling_origin_2021-11-02,42118,P-H07-W004::C012::C014,33.98713009924892,gate_c_torch,93d6a231e88abd7219722c0fb59328fbdb4063caf9d8ab33a5570465fdfe8a6d,340f5e8ac2d6df6696e2ea0267670ec4d5d1ef1265aa1ecb1a2cebed848a9eba,5a84f27899c20bd37e8318cdc99009da9cb2fc71b7090dead1ca57fee9e7db6a,4a1388db6a465b41decad90e9701c9312bb7aa844e8aeb133c461ed0a4bd9258,4addff335526e77628b914bf83380de2c81030fb22994a739cb072c37c504f5d,6fc5331c754442474d4542d6d7069dfc5ef5f7af9c53d4bcf9f4b9eb79696691,"{""dropout"":0.0,""hidden_size"":32,""layers"":1,""weight_decay"":0.01}",67,4065,3.4085826000082307,0.001581599994096905,1776.91796875,78.05810546875,single_seed
C01_compact_gru,gated_recurrent_unit,rolling_origin_2021-11-02,42118,P-H07-W005::C012::C014,13.965707336622003,gate_c_torch,93d6a231e88abd7219722c0fb59328fbdb4063caf9d8ab33a5570465fdfe8a6d,340f5e8ac2d6df6696e2ea0267670ec4d5d1ef1265aa1ecb1a2cebed848a9eba,5a84f27899c20bd37e8318cdc99009da9cb2fc71b7090dead1ca57fee9e7db6a,4a1388db6a465b41decad90e9701c9312bb7aa844e8aeb133c461ed0a4bd9258,4addff335526e77628b914bf83380de2c81030fb22994a739cb072c37c504f5d,6fc5331c754442474d4542d6d7069dfc5ef5f7af9c53d4bcf9f4b9eb79696691,"{""dropout"":0.0,""hidden_size"":32,""layers"":1,""weight_decay"":0.01}",67,4065,3.4085826000082307,0.001581599994096905,1776.91796875,78.05810546875,single_seed
C01_compact_gru,gated_recurrent_unit,rolling_origin_2021-11-02,42118,P-H07-W006::C012::C014,24.61175404756794,gate_c_torch,93d6a231e88abd7219722c0fb59328fbdb4063caf9d8ab33a5570465fdfe8a6d,340f5e8ac2d6df6696e2ea0267670ec4d5d1ef1265aa1ecb1a2cebed848a9eba,5a84f27899c20bd37e8318cdc99009da9cb2fc71b7090dead1ca57fee9e7db6a,4a1388db6a465b41decad90e9701c9312bb7aa844e8aeb133c461ed0a4bd9258,4addff335526e77628b914bf83380de2c81030fb22994a739cb072c37c504f5d,6fc5331c754442474d4542d6d7069dfc5ef5f7af9c53d4bcf9f4b9eb79696691,"{""dropout"":0.0,""hidden_size"":32,""layers"":1,""weight_decay"":0.01}",67,4065,3.4085826000082307,0.001581599994096905,1776.91796875,78.05810546875,single_seed
C01_compact_gru,gated_recurrent_unit,rolling_origin_2021-11-02,42118,P-H07-W007::C012::C014,22.194588147290297,gate_c_torch,93d6a231e88abd7219722c0fb59328fbdb4063caf9d8ab33a5570465fdfe8a6d,340f5e8ac2d6df6696e2ea0267670ec4d5d1ef1265aa1ecb1a2cebed848a9eba,5a84f27899c20bd37e8318cdc99009da9cb2fc71b7090dead1ca57fee9e7db6a,4a1388db6a465b41decad90e9701c9312bb7aa844e8aeb133c461ed0a4bd9258,4addff335526e77628b914bf83380de2c81030fb22994a739cb072c37c504f5d,6fc5331c754442474d4542d6d7069dfc5ef5f7af9c53d4bcf9f4b9eb79696691,"{""dropout"":0.0,""hidden_size"":32,""layers"":1,""weight_decay"":0.01}",67,4065,3.4085826000082307,0.001581599994096905,1776.91796875,78.05810546875,single_seed
C01_compact_gru,gated_recurrent_unit,rolling_origin_2021-11-02,42118,P-V01-W001::C012::C014,26.667175877109994,gate_c_torch,93d6a231e88abd7219722c0fb59328fbdb4063caf9d8ab33a5570465fdfe8a6d,340f5e8ac2d6df6696e2ea0267670ec4d5d1ef1265aa1ecb1a2cebed848a9eba,5a84f27899c20bd37e8318cdc99009da9cb2fc71b7090dead1ca57fee9e7db6a,4a1388db6a465b41decad90e9701c9312bb7aa844e8aeb133c461ed0a4bd9258,4addff335526e77628b914bf83380de2c81030fb22994a739cb072c37c504f5d,6fc5331c754442474d4542d6d7069dfc5ef5f7af9c53d4bcf9f4b9eb79696691,"{""dropout"":0.0,""hidden_size"":32,""layers"":1,""weight_decay"":0.01}",67,4065,3.4085826000082307,0.001581599994096905,1776.91796875,78.05810546875,single_seed
C01_compact_gru,gated_recurrent_unit,rolling_origin_2021-11-02,42118,P-V01-W002::C012::C014,28.009577614775075,gate_c_torch,93d6a231e88abd7219722c0fb59328fbdb4063caf9d8ab33a5570465fdfe8a6d,340f5e8ac2d6df6696e2ea0267670ec4d5d1ef1265aa1ecb1a2cebed848a9eba,5a84f27899c20bd37e8318cdc99009da9cb2fc71b7090dead1ca57fee9e7db6a,4a1388db6a465b41decad90e9701c9312bb7aa844e8aeb133c461ed0a4bd9258,4addff335526e77628b914bf83380de2c81030fb22994a739cb072c37c504f5d,6fc5331c754442474d4542d6d7069dfc5ef5f7af9c53d4bcf9f4b9eb79696691,"{""dropout"":0.0,""hidden_size"":32,""layers"":1,""weight_decay"":0.01}",67,4065,3.4085826000082307,0.001581599994096905,1776.91796875,78.05810546875,single_seed
C01_compact_gru,gated_recurrent_unit,rolling_origin_2021-11-02,42118,P-V01-W003::C012::C014,25.638376334748735,gate_c_torch,93d6a231e88abd7219722c0fb59328fbdb4063caf9d8ab33a5570465fdfe8a6d,340f5e8ac2d6df6696e2ea0267670ec4d5d1ef1265aa1ecb1a2cebed848a9eba,5a84f27899c20bd37e8318cdc99009da9cb2fc71b7090dead1ca57fee9e7db6a,4a1388db6a465b41decad90e9701c9312bb7aa844e8aeb133c461ed0a4bd9258,4addff335526e77628b914bf83380de2c81030fb22994a739cb072c37c504f5d,6fc5331c754442474d4542d6d7069dfc5ef5f7af9c53d4bcf9f4b9eb79696691,"{""dropout"":0.0,""hidden_size"":32,""layers"":1,""weight_decay"":0.01}",67,4065,3.4085826000082307,0.001581599994096905,1776.91796875,78.05810546875,single_seed
C01_compact_gru,gated_recurrent_unit,rolling_origin_2021-11-02,42118,P-V01-W004::C012::C014,28.555804098208164,gate_c_torch,93d6a231e88abd7219722c0fb59328fbdb4063caf9d8ab33a5570465fdfe8a6d,340f5e8ac2d6df6696e2ea0267670ec4d5d1ef1265aa1ecb1a2cebed848a9eba,5a84f27899c20bd37e8318cdc99009da9cb2fc71b7090dead1ca57fee9e7db6a,4a1388db6a465b41decad90e9701c9312bb7aa844e8aeb133c461ed0a4bd9258,4addff335526e77628b914bf83380de2c81030fb22994a739cb072c37c504f5d,6fc5331c754442474d4542d6d7069dfc5ef5f7af9c53d4bcf9f4b9eb79696691,"{""dropout"":0.0,""hidden_size"":32,""layers"":1,""weight_decay"":0.01}",67,4065,3.4085826000082307,0.001581599994096905,1776.91796875,78.05810546875,single_seed
C01_compact_gru,gated_recurrent_unit,rolling_origin_2021-11-02,42118,P-V01-W005::C012::C014,38.20714755381082,gate_c_torch,93d6a231e88abd7219722c0fb59328fbdb4063caf9d8ab33a5570465fdfe8a6d,340f5e8ac2d6df6696e2ea0267670ec4d5d1ef1265aa1ecb1a2cebed848a9eba,5a84f27899c20bd37e8318cdc99009da9cb2fc71b7090dead1ca57fee9e7db6a,4a1388db6a465b41decad90e9701c9312bb7aa844e8aeb133c461ed0a4bd9258,4addff335526e77628b914bf83380de2c81030fb22994a739cb072c37c504f5d,6fc5331c754442474d4542d6d7069dfc5ef5f7af9c53d4bcf9f4b9eb79696691,"{""dropout"":0.0,""hidden_size"":32,""layers"":1,""weight_decay"":0.01}",67,4065,3.4085826000082307,0.001581599994096905,1776.91796875,78.05810546875,single_seed
C01_compact_gru,gated_recurrent_unit,rolling_origin_2021-11-02,42118,P-V01-W006::C012::C014,36.24005481075142,gate_c_torch,93d6a231e88abd7219722c0fb59328fbdb4063caf9d8ab33a5570465fdfe8a6d,340f5e8ac2d6df6696e2ea0267670ec4d5d1ef1265aa1ecb1a2cebed848a9eba,5a84f27899c20bd37e8318cdc99009da9cb2fc71b7090dead1ca57fee9e7db6a,4a1388db6a465b41decad90e9701c9312bb7aa844e8aeb133c461ed0a4bd9258,4addff335526e77628b914bf83380de2c81030fb22994a739cb072c37c504f5d,6fc5331c754442474d4542d6d7069dfc5ef5f7af9c53d4bcf9f4b9eb79696691,"{""dropout"":0.0,""hidden_size"":32,""layers"":1,""weight_decay"":0.01}",67,4065,3.4085826000082307,0.001581599994096905,1776.91796875,78.05810546875,single_seed
C01_compact_gru,gated_recurrent_unit,rolling_origin_2021-11-02,42118,P-V01-W007::C012::C014,39.93584107791865,gate_c_torch,93d6a231e88abd7219722c0fb59328fbdb4063caf9d8ab33a5570465fdfe8a6d,340f5e8ac2d6df6696e2ea0267670ec4d5d1ef1265aa1ecb1a2cebed848a9eba,5a84f27899c20bd37e8318cdc99009da9cb2fc71b7090dead1ca57fee9e7db6a,4a1388db6a465b41decad90e9701c9312bb7aa844e8aeb133c461ed0a4bd9258,4addff335526e77628b914bf83380de2c81030fb22994a739cb072c37c504f5d,6fc5331c754442474d4542d6d7069dfc5ef5f7af9c53d4bcf9f4b9eb79696691,"{""dropout"":0.0,""hidden_size"":32,""layers"":1,""weight_decay"":0.01}",67,4065,3.4085826000082307,0.001581599994096905,1776.91796875,78.05810546875,single_seed
C01_compact_gru,gated_recurrent_unit,rolling_origin_2021-11-02,42118,P-V02-W001::C012::C014,35.276002277241545,gate_c_torch,93d6a231e88abd7219722c0fb59328fbdb4063caf9d8ab33a5570465fdfe8a6d,340f5e8ac2d6df6696e2ea0267670ec4d5d1ef1265aa1ecb1a2cebed848a9eba,5a84f27899c20bd37e8318cdc99009da9cb2fc71b7090dead1ca57fee9e7db6a,4a1388db6a465b41decad90e9701c9312bb7aa844e8aeb133c461ed0a4bd9258,4addff335526e77628b914bf83380de2c81030fb22994a739cb072c37c504f5d,6fc5331c754442474d4542d6d7069dfc5ef5f7af9c53d4bcf9f4b9eb79696691,"{""dropout"":0.0,""hidden_size"":32,""layers"":1,""weight_decay"":0.01}",67,4065,3.4085826000082307,0.001581599994096905,1776.91796875,78.05810546875,single_seed
C01_compact_gru,gated_recurrent_unit,rolling_origin_2021-11-02,42118,P-V02-W003::C012::C014,10.469729462663498,gate_c_torch,93d6a231e88abd7219722c0fb59328fbdb4063caf9d8ab33a5570465fdfe8a6d,340f5e8ac2d6df6696e2ea0267670ec4d5d1ef1265aa1ecb1a2cebed848a9eba,5a84f27899c20bd37e8318cdc99009da9cb2fc71b7090dead1ca57fee9e7db6a,4a1388db6a465b41decad90e9701c9312bb7aa844e8aeb133c461ed0a4bd9258,4addff335526e77628b914bf83380de2c81030fb22994a739cb072c37c504f5d,6fc5331c754442474d4542d6d7069dfc5ef5f7af9c53d4bcf9f4b9eb79696691,"{""dropout"":0.0,""hidden_size"":32,""layers"":1,""weight_decay"":0.01}",67,4065,3.4085826000082307,0.001581599994096905,1776.91796875,78.05810546875,single_seed
C01_compact_gru,gated_recurrent_unit,rolling_origin_2021-11-02,42118,P-V02-W004::C012::C014,18.36709621974335,gate_c_torch,93d6a231e88abd7219722c0fb59328fbdb4063caf9d8ab33a5570465fdfe8a6d,340f5e8ac2d6df6696e2ea0267670ec4d5d1ef1265aa1ecb1a2cebed848a9eba,5a84f27899c20bd37e8318cdc99009da9cb2fc71b7090dead1ca57fee9e7db6a,4a1388db6a465b41decad90e9701c9312bb7aa844e8aeb133c461ed0a4bd9258,4addff335526e77628b914bf83380de2c81030fb22994a739cb072c37c504f5d,6fc5331c754442474d4542d6d7069dfc5ef5f7af9c53d4bcf9f4b9eb79696691,"{""dropout"":0.0,""hidden_size"":32,""layers"":1,""weight_decay"":0.01}",67,4065,3.4085826000082307,0.001581599994096905,1776.91796875,78.05810546875,single_seed
C01_compact_gru,gated_recurrent_unit,rolling_origin_2021-11-02,42118,P-V02-W005::C012::C014,48.04002972849618,gate_c_torch,93d6a231e88abd7219722c0fb59328fbdb4063caf9d8ab33a5570465fdfe8a6d,340f5e8ac2d6df6696e2ea0267670ec4d5d1ef1265aa1ecb1a2cebed848a9eba,5a84f27899c20bd37e8318cdc99009da9cb2fc71b7090dead1ca57fee9e7db6a,4a1388db6a465b41decad90e9701c9312bb7aa844e8aeb133c461ed0a4bd9258,4addff335526e77628b914bf83380de2c81030fb22994a739cb072c37c504f5d,6fc5331c754442474d4542d6d7069dfc5ef5f7af9c53d4bcf9f4b9eb79696691,"{""dropout"":0.0,""hidden_size"":32,""layers"":1,""weight_decay"":0.01}",67,4065,3.4085826000082307,0.001581599994096905,1776.91796875,78.05810546875,single_seed
C01_compact_gru,gated_recurrent_unit,rolling_origin_2021-11-02,42118,P-V02-W006::C012::C014,28.232114903946453,gate_c_torch,93d6a231e88abd7219722c0fb59328fbdb4063caf9d8ab33a5570465fdfe8a6d,340f5e8ac2d6df6696e2ea0267670ec4d5d1ef1265aa1ecb1a2cebed848a9eba,5a84f27899c20bd37e8318cdc99009da9cb2fc71b7090dead1ca57fee9e7db6a,4a1388db6a465b41decad90e9701c9312bb7aa844e8aeb133c461ed0a4bd9258,4addff335526e77628b914bf83380de2c81030fb22994a739cb072c37c504f5d,6fc5331c754442474d4542d6d7069dfc5ef5f7af9c53d4bcf9f4b9eb79696691,"{""dropout"":0.0,""hidden_size"":32,""layers"":1,""weight_decay"":0.01}",67,4065,3.4085826000082307,0.001581599994096905,1776.91796875,78.05810546875,single_seed
C01_compact_gru,gated_recurrent_unit,rolling_origin_2021-11-02,42118,P-V02-W007::C012::C014,24.511989414631586,gate_c_torch,93d6a231e88abd7219722c0fb59328fbdb4063caf9d8ab33a5570465fdfe8a6d,340f5e8ac2d6df6696e2ea0267670ec4d5d1ef1265aa1ecb1a2cebed848a9eba,5a84f27899c20bd37e8318cdc99009da9cb2fc71b7090dead1ca57fee9e7db6a,4a1388db6a465b41decad90e9701c9312bb7aa844e8aeb133c461ed0a4bd9258,4addff335526e77628b914bf83380de2c81030fb22994a739cb072c37c504f5d,6fc5331c754442474d4542d6d7069dfc5ef5f7af9c53d4bcf9f4b9eb79696691,"{""dropout"":0.0,""hidden_size"":32,""layers"":1,""weight_decay"":0.01}",67,4065,3.4085826000082307,0.001581599994096905,1776.91796875,78.05810546875,single_seed
C01_compact_gru,gated_recurrent_unit,rolling_origin_2021-11-02,42118,P-V03-W001::C012::C014,27.667993291281068,gate_c_torch,93d6a231e88abd7219722c0fb59328fbdb4063caf9d8ab33a5570465fdfe8a6d,340f5e8ac2d6df6696e2ea0267670ec4d5d1ef1265aa1ecb1a2cebed848a9eba,5a84f27899c20bd37e8318cdc99009da9cb2fc71b7090dead1ca57fee9e7db6a,4a1388db6a465b41decad90e9701c9312bb7aa844e8aeb133c461ed0a4bd9258,4addff335526e77628b914bf83380de2c81030fb22994a739cb072c37c504f5d,6fc5331c754442474d4542d6d7069dfc5ef5f7af9c53d4bcf9f4b9eb79696691,"{""dropout"":0.0,""hidden_size"":32,""layers"":1,""weight_decay"":0.01}",67,4065,3.4085826000082307,0.001581599994096905,1776.91796875,78.05810546875,single_seed
C01_compact_gru,gated_recurrent_unit,rolling_origin_2021-11-02,42118,P-V03-W002::C012::C014,30.24199839427425,gate_c_torch,93d6a231e88abd7219722c0fb59328fbdb4063caf9d8ab33a5570465fdfe8a6d,340f5e8ac2d6df6696e2ea0267670ec4d5d1ef1265aa1ecb1a2cebed848a9eba,5a84f27899c20bd37e8318cdc99009da9cb2fc71b7090dead1ca57fee9e7db6a,4a1388db6a465b41decad90e9701c9312bb7aa844e8aeb133c461ed0a4bd9258,4addff335526e77628b914bf83380de2c81030fb22994a739cb072c37c504f5d,6fc5331c754442474d4542d6d7069dfc5ef5f7af9c53d4bcf9f4b9eb79696691,"{""dropout"":0.0,""hidden_size"":32,""layers"":1,""weight_decay"":0.01}",67,4065,3.4085826000082307,0.001581599994096905,1776.91796875,78.05810546875,single_seed
C01_compact_gru,gated_recurrent_unit,rolling_origin_2021-11-02,42118,P-V03-W003::C012::C014,30.393549977265796,gate_c_torch,93d6a231e88abd7219722c0fb59328fbdb4063caf9d8ab33a5570465fdfe8a6d,340f5e8ac2d6df6696e2ea0267670ec4d5d1ef1265aa1ecb1a2cebed848a9eba,5a84f27899c20bd37e8318cdc99009da9cb2fc71b7090dead1ca57fee9e7db6a,4a1388db6a465b41decad90e9701c9312bb7aa844e8aeb133c461ed0a4bd9258,4addff335526e77628b914bf83380de2c81030fb22994a739cb072c37c504f5d,6fc5331c754442474d4542d6d7069dfc5ef5f7af9c53d4bcf9f4b9eb79696691,"{""dropout"":0.0,""hidden_size"":32,""layers"":1,""weight_decay"":0.01}",67,4065,3.4085826000082307,0.001581599994096905,1776.91796875,78.05810546875,single_seed
C01_compact_gru,gated_recurrent_unit,rolling_origin_2021-11-02,42118,P-V03-W004::C012::C014,22.158929242866183,gate_c_torch,93d6a231e88abd7219722c0fb59328fbdb4063caf9d8ab33a5570465fdfe8a6d,340f5e8ac2d6df6696e2ea0267670ec4d5d1ef1265aa1ecb1a2cebed848a9eba,5a84f27899c20bd37e8318cdc99009da9cb2fc71b7090dead1ca57fee9e7db6a,4a1388db6a465b41decad90e9701c9312bb7aa844e8aeb133c461ed0a4bd9258,4addff335526e77628b914bf83380de2c81030fb22994a739cb072c37c504f5d,6fc5331c754442474d4542d6d7069dfc5ef5f7af9c53d4bcf9f4b9eb79696691,"{""dropout"":0.0,""hidden_size"":32,""layers"":1,""weight_decay"":0.01}",67,4065,3.4085826000082307,0.001581599994096905,1776.91796875,78.05810546875,single_seed
C01_compact_gru,gated_recurrent_unit,rolling_origin_2021-11-02,42118,P-V03-W005::C012::C014,30.225342763900382,gate_c_torch,93d6a231e88abd7219722c0fb59328fbdb4063caf9d8ab33a5570465fdfe8a6d,340f5e8ac2d6df6696e2ea0267670ec4d5d1ef1265aa1ecb1a2cebed848a9eba,5a84f27899c20bd37e8318cdc99009da9cb2fc71b7090dead1ca57fee9e7db6a,4a1388db6a465b41decad90e9701c9312bb7aa844e8aeb133c461ed0a4bd9258,4addff335526e77628b914bf83380de2c81030fb22994a739cb072c37c504f5d,6fc5331c754442474d4542d6d7069dfc5ef5f7af9c53d4bcf9f4b9eb79696691,"{""dropout"":0.0,""hidden_size"":32,""layers"":1,""weight_decay"":0.01}",67,4065,3.4085826000082307,0.001581599994096905,1776.91796875,78.05810546875,single_seed
C01_compact_gru,gated_recurrent_unit,rolling_origin_2021-11-02,42118,P-V03-W006::C012::C014,32.5989381571929,gate_c_torch,93d6a231e88abd7219722c0fb59328fbdb4063caf9d8ab33a5570465fdfe8a6d,340f5e8ac2d6df6696e2ea0267670ec4d5d1ef1265aa1ecb1a2cebed848a9eba,5a84f27899c20bd37e8318cdc99009da9cb2fc71b7090dead1ca57fee9e7db6a,4a1388db6a465b41decad90e9701c9312bb7aa844e8aeb133c461ed0a4bd9258,4addff335526e77628b914bf83380de2c81030fb22994a739cb072c37c504f5d,6fc5331c754442474d4542d6d7069dfc5ef5f7af9c53d4bcf9f4b9eb79696691,"{""dropout"":0.0,""hidden_size"":32,""layers"":1,""weight_decay"":0.01}",67,4065,3.4085826000082307,0.001581599994096905,1776.91796875,78.05810546875,single_seed
C01_compact_gru,gated_recurrent_unit,rolling_origin_2021-11-02,42118,P-V03-W007::C012::C014,6.823829539328884,gate_c_torch,93d6a231e88abd7219722c0fb59328fbdb4063caf9d8ab33a5570465fdfe8a6d,340f5e8ac2d6df6696e2ea0267670ec4d5d1ef1265aa1ecb1a2cebed848a9eba,5a84f27899c20bd37e8318cdc99009da9cb2fc71b7090dead1ca57fee9e7db6a,4a1388db6a465b41decad90e9701c9312bb7aa844e8aeb133c461ed0a4bd9258,4addff335526e77628b914bf83380de2c81030fb22994a739cb072c37c504f5d,6fc5331c754442474d4542d6d7069dfc5ef5f7af9c53d4bcf9f4b9eb79696691,"{""dropout"":0.0,""hidden_size"":32,""layers"":1,""weight_decay"":0.01}",67,4065,3.4085826000082307,0.001581599994096905,1776.91796875,78.05810546875,single_seed
C01_compact_gru,gated_recurrent_unit,rolling_origin_2021-11-02,42118,P-V04-W001::C012::C014,8.881339402439004,gate_c_torch,93d6a231e88abd7219722c0fb59328fbdb4063caf9d8ab33a5570465fdfe8a6d,340f5e8ac2d6df6696e2ea0267670ec4d5d1ef1265aa1ecb1a2cebed848a9eba,5a84f27899c20bd37e8318cdc99009da9cb2fc71b7090dead1ca57fee9e7db6a,4a1388db6a465b41decad90e9701c9312bb7aa844e8aeb133c461ed0a4bd9258,4addff335526e77628b914bf83380de2c81030fb22994a739cb072c37c504f5d,6fc5331c754442474d4542d6d7069dfc5ef5f7af9c53d4bcf9f4b9eb79696691,"{""dropout"":0.0,""hidden_size"":32,""layers"":1,""weight_decay"":0.01}",67,4065,3.4085826000082307,0.001581599994096905,1776.91796875,78.05810546875,single_seed
C01_compact_gru,gated_recurrent_unit,rolling_origin_2021-11-02,42118,P-V04-W003::C012::C014,6.34808998847851,gate_c_torch,93d6a231e88abd7219722c0fb59328fbdb4063caf9d8ab33a5570465fdfe8a6d,340f5e8ac2d6df6696e2ea0267670ec4d5d1ef1265aa1ecb1a2cebed848a9eba,5a84f27899c20bd37e8318cdc99009da9cb2fc71b7090dead1ca57fee9e7db6a,4a1388db6a465b41decad90e9701c9312bb7aa844e8aeb133c461ed0a4bd9258,4addff335526e77628b914bf83380de2c81030fb22994a739cb072c37c504f5d,6fc5331c754442474d4542d6d7069dfc5ef5f7af9c53d4bcf9f4b9eb79696691,"{""dropout"":0.0,""hidden_size"":32,""layers"":1,""weight_decay"":0.01}",67,4065,3.4085826000082307,0.001581599994096905,1776.91796875,78.05810546875,single_seed
C01_compact_gru,gated_recurrent_unit,rolling_origin_2021-11-02,42118,P-V04-W004::C012::C014,8.559410476238678,gate_c_torch,93d6a231e88abd7219722c0fb59328fbdb4063caf9d8ab33a5570465fdfe8a6d,340f5e8ac2d6df6696e2ea0267670ec4d5d1ef1265aa1ecb1a2cebed848a9eba,5a84f27899c20bd37e8318cdc99009da9cb2fc71b7090dead1ca57fee9e7db6a,4a1388db6a465b41decad90e9701c9312bb7aa844e8aeb133c461ed0a4bd9258,4addff335526e77628b914bf83380de2c81030fb22994a739cb072c37c504f5d,6fc5331c754442474d4542d6d7069dfc5ef5f7af9c53d4bcf9f4b9eb79696691,"{""dropout"":0.0,""hidden_size"":32,""layers"":1,""weight_decay"":0.01}",67,4065,3.4085826000082307,0.001581599994096905,1776.91796875,78.05810546875,single_seed
C01_compact_gru,gated_recurrent_unit,rolling_origin_2021-11-02,42118,P-V04-W006::C012::C014,7.119579357423014,gate_c_torch,93d6a231e88abd7219722c0fb59328fbdb4063caf9d8ab33a5570465fdfe8a6d,340f5e8ac2d6df6696e2ea0267670ec4d5d1ef1265aa1ecb1a2cebed848a9eba,5a84f27899c20bd37e8318cdc99009da9cb2fc71b7090dead1ca57fee9e7db6a,4a1388db6a465b41decad90e9701c9312bb7aa844e8aeb133c461ed0a4bd9258,4addff335526e77628b914bf83380de2c81030fb22994a739cb072c37c504f5d,6fc5331c754442474d4542d6d7069dfc5ef5f7af9c53d4bcf9f4b9eb79696691,"{""dropout"":0.0,""hidden_size"":32,""layers"":1,""weight_decay"":0.01}",67,4065,3.4085826000082307,0.001581599994096905,1776.91796875,78.05810546875,single_seed
C01_compact_gru,gated_recurrent_unit,rolling_origin_2021-11-02,42118,P-V04-W007::C012::C014,31.704509461084644,gate_c_torch,93d6a231e88abd7219722c0fb59328fbdb4063caf9d8ab33a5570465fdfe8a6d,340f5e8ac2d6df6696e2ea0267670ec4d5d1ef1265aa1ecb1a2cebed848a9eba,5a84f27899c20bd37e8318cdc99009da9cb2fc71b7090dead1ca57fee9e7db6a,4a1388db6a465b41decad90e9701c9312bb7aa844e8aeb133c461ed0a4bd9258,4addff335526e77628b914bf83380de2c81030fb22994a739cb072c37c504f5d,6fc5331c754442474d4542d6d7069dfc5ef5f7af9c53d4bcf9f4b9eb79696691,"{""dropout"":0.0,""hidden_size"":32,""layers"":1,""weight_decay"":0.01}",67,4065,3.4085826000082307,0.001581599994096905,1776.91796875,78.05810546875,single_seed
C01_compact_gru,gated_recurrent_unit,rolling_origin_2021-11-02,42118,P-V05-W001::C012::C014,27.511049686887123,gate_c_torch,93d6a231e88abd7219722c0fb59328fbdb4063caf9d8ab33a5570465fdfe8a6d,340f5e8ac2d6df6696e2ea0267670ec4d5d1ef1265aa1ecb1a2cebed848a9eba,5a84f27899c20bd37e8318cdc99009da9cb2fc71b7090dead1ca57fee9e7db6a,4a1388db6a465b41decad90e9701c9312bb7aa844e8aeb133c461ed0a4bd9258,4addff335526e77628b914bf83380de2c81030fb22994a739cb072c37c504f5d,6fc5331c754442474d4542d6d7069dfc5ef5f7af9c53d4bcf9f4b9eb79696691,"{""dropout"":0.0,""hidden_size"":32,""layers"":1,""weight_decay"":0.01}",67,4065,3.4085826000082307,0.001581599994096905,1776.91796875,78.05810546875,single_seed
C01_compact_gru,gated_recurrent_unit,rolling_origin_2021-11-02,42118,P-V05-W002::C012::C014,27.374122083803666,gate_c_torch,93d6a231e88abd7219722c0fb59328fbdb4063caf9d8ab33a5570465fdfe8a6d,340f5e8ac2d6df6696e2ea0267670ec4d5d1ef1265aa1ecb1a2cebed848a9eba,5a84f27899c20bd37e8318cdc99009da9cb2fc71b7090dead1ca57fee9e7db6a,4a1388db6a465b41decad90e9701c9312bb7aa844e8aeb133c461ed0a4bd9258,4addff335526e77628b914bf83380de2c81030fb22994a739cb072c37c504f5d,6fc5331c754442474d4542d6d7069dfc5ef5f7af9c53d4bcf9f4b9eb79696691,"{""dropout"":0.0,""hidden_size"":32,""layers"":1,""weight_decay"":0.01}",67,4065,3.4085826000082307,0.001581599994096905,1776.91796875,78.05810546875,single_seed
C01_compact_gru,gated_recurrent_unit,rolling_origin_2021-11-02,42118,P-V05-W003::C012::C014,26.757551174529894,gate_c_torch,93d6a231e88abd7219722c0fb59328fbdb4063caf9d8ab33a5570465fdfe8a6d,340f5e8ac2d6df6696e2ea0267670ec4d5d1ef1265aa1ecb1a2cebed848a9eba,5a84f27899c20bd37e8318cdc99009da9cb2fc71b7090dead1ca57fee9e7db6a,4a1388db6a465b41decad90e9701c9312bb7aa844e8aeb133c461ed0a4bd9258,4addff335526e77628b914bf83380de2c81030fb22994a739cb072c37c504f5d,6fc5331c754442474d4542d6d7069dfc5ef5f7af9c53d4bcf9f4b9eb79696691,"{""dropout"":0.0,""hidden_size"":32,""layers"":1,""weight_decay"":0.01}",67,4065,3.4085826000082307,0.001581599994096905,1776.91796875,78.05810546875,single_seed
C01_compact_gru,gated_recurrent_unit,rolling_origin_2021-11-02,42118,P-V05-W004::C012::C014,30.917800062293633,gate_c_torch,93d6a231e88abd7219722c0fb59328fbdb4063caf9d8ab33a5570465fdfe8a6d,340f5e8ac2d6df6696e2ea0267670ec4d5d1ef1265aa1ecb1a2cebed848a9eba,5a84f27899c20bd37e8318cdc99009da9cb2fc71b7090dead1ca57fee9e7db6a,4a1388db6a465b41decad90e9701c9312bb7aa844e8aeb133c461ed0a4bd9258,4addff335526e77628b914bf83380de2c81030fb22994a739cb072c37c504f5d,6fc5331c754442474d4542d6d7069dfc5ef5f7af9c53d4bcf9f4b9eb79696691,"{""dropout"":0.0,""hidden_size"":32,""layers"":1,""weight_decay"":0.01}",67,4065,3.4085826000082307,0.001581599994096905,1776.91796875,78.05810546875,single_seed
C01_compact_gru,gated_recurrent_unit,rolling_origin_2021-11-02,42118,P-V05-W006::C012::C014,22.091585513337115,gate_c_torch,93d6a231e88abd7219722c0fb59328fbdb4063caf9d8ab33a5570465fdfe8a6d,340f5e8ac2d6df6696e2ea0267670ec4d5d1ef1265aa1ecb1a2cebed848a9eba,5a84f27899c20bd37e8318cdc99009da9cb2fc71b7090dead1ca57fee9e7db6a,4a1388db6a465b41decad90e9701c9312bb7aa844e8aeb133c461ed0a4bd9258,4addff335526e77628b914bf83380de2c81030fb22994a739cb072c37c504f5d,6fc5331c754442474d4542d6d7069dfc5ef5f7af9c53d4bcf9f4b9eb79696691,"{""dropout"":0.0,""hidden_size"":32,""layers"":1,""weight_decay"":0.01}",67,4065,3.4085826000082307,0.001581599994096905,1776.91796875,78.05810546875,single_seed
C01_compact_gru,gated_recurrent_unit,rolling_origin_2021-11-02,42118,P-V05-W007::C012::C014,31.509555126327125,gate_c_torch,93d6a231e88abd7219722c0fb59328fbdb4063caf9d8ab33a5570465fdfe8a6d,340f5e8ac2d6df6696e2ea0267670ec4d5d1ef1265aa1ecb1a2cebed848a9eba,5a84f27899c20bd37e8318cdc99009da9cb2fc71b7090dead1ca57fee9e7db6a,4a1388db6a465b41decad90e9701c9312bb7aa844e8aeb133c461ed0a4bd9258,4addff335526e77628b914bf83380de2c81030fb22994a739cb072c37c504f5d,6fc5331c754442474d4542d6d7069dfc5ef5f7af9c53d4bcf9f4b9eb79696691,"{""dropout"":0.0,""hidden_size"":32,""layers"":1,""weight_decay"":0.01}",67,4065,3.4085826000082307,0.001581599994096905,1776.91796875,78.05810546875,single_seed
C01_compact_gru,gated_recurrent_unit,rolling_origin_2021-11-02,42118,P-H04-W001::C013::C014,24.87993562661831,gate_c_torch,93d6a231e88abd7219722c0fb59328fbdb4063caf9d8ab33a5570465fdfe8a6d,340f5e8ac2d6df6696e2ea0267670ec4d5d1ef1265aa1ecb1a2cebed848a9eba,5a84f27899c20bd37e8318cdc99009da9cb2fc71b7090dead1ca57fee9e7db6a,4a1388db6a465b41decad90e9701c9312bb7aa844e8aeb133c461ed0a4bd9258,4addff335526e77628b914bf83380de2c81030fb22994a739cb072c37c504f5d,6fc5331c754442474d4542d6d7069dfc5ef5f7af9c53d4bcf9f4b9eb79696691,"{""dropout"":0.0,""hidden_size"":32,""layers"":1,""weight_decay"":0.01}",67,4065,3.4085826000082307,0.001581599994096905,1776.91796875,78.05810546875,single_seed
C01_compact_gru,gated_recurrent_unit,rolling_origin_2021-11-02,42118,P-H04-W002::C013::C014,25.193410805043357,gate_c_torch,93d6a231e88abd7219722c0fb59328fbdb4063caf9d8ab33a5570465fdfe8a6d,340f5e8ac2d6df6696e2ea0267670ec4d5d1ef1265aa1ecb1a2cebed848a9eba,5a84f27899c20bd37e8318cdc99009da9cb2fc71b7090dead1ca57fee9e7db6a,4a1388db6a465b41decad90e9701c9312bb7aa844e8aeb133c461ed0a4bd9258,4addff335526e77628b914bf83380de2c81030fb22994a739cb072c37c504f5d,6fc5331c754442474d4542d6d7069dfc5ef5f7af9c53d4bcf9f4b9eb79696691,"{""dropout"":0.0,""hidden_size"":32,""layers"":1,""weight_decay"":0.01}",67,4065,3.4085826000082307,0.001581599994096905,1776.91796875,78.05810546875,single_seed
C01_compact_gru,gated_recurrent_unit,rolling_origin_2021-11-02,42118,P-H04-W003::C013::C014,24.473225102420187,gate_c_torch,93d6a231e88abd7219722c0fb59328fbdb4063caf9d8ab33a5570465fdfe8a6d,340f5e8ac2d6df6696e2ea0267670ec4d5d1ef1265aa1ecb1a2cebed848a9eba,5a84f27899c20bd37e8318cdc99009da9cb2fc71b7090dead1ca57fee9e7db6a,4a1388db6a465b41decad90e9701c9312bb7aa844e8aeb133c461ed0a4bd9258,4addff335526e77628b914bf83380de2c81030fb22994a739cb072c37c504f5d,6fc5331c754442474d4542d6d7069dfc5ef5f7af9c53d4bcf9f4b9eb79696691,"{""dropout"":0.0,""hidden_size"":32,""layers"":1,""weight_decay"":0.01}",67,4065,3.4085826000082307,0.001581599994096905,1776.91796875,78.05810546875,single_seed
C01_compact_gru,gated_recurrent_unit,rolling_origin_2021-11-02,42118,P-H04-W004::C013::C014,13.788603675189215,gate_c_torch,93d6a231e88abd7219722c0fb59328fbdb4063caf9d8ab33a5570465fdfe8a6d,340f5e8ac2d6df6696e2ea0267670ec4d5d1ef1265aa1ecb1a2cebed848a9eba,5a84f27899c20bd37e8318cdc99009da9cb2fc71b7090dead1ca57fee9e7db6a,4a1388db6a465b41decad90e9701c9312bb7aa844e8aeb133c461ed0a4bd9258,4addff335526e77628b914bf83380de2c81030fb22994a739cb072c37c504f5d,6fc5331c754442474d4542d6d7069dfc5ef5f7af9c53d4bcf9f4b9eb79696691,"{""dropout"":0.0,""hidden_size"":32,""layers"":1,""weight_decay"":0.01}",67,4065,3.4085826000082307,0.001581599994096905,1776.91796875,78.05810546875,single_seed
C01_compact_gru,gated_recurrent_unit,rolling_origin_2021-11-02,42118,P-H04-W005::C013::C014,26.969747430985844,gate_c_torch,93d6a231e88abd7219722c0fb59328fbdb4063caf9d8ab33a5570465fdfe8a6d,340f5e8ac2d6df6696e2ea0267670ec4d5d1ef1265aa1ecb1a2cebed848a9eba,5a84f27899c20bd37e8318cdc99009da9cb2fc71b7090dead1ca57fee9e7db6a,4a1388db6a465b41decad90e9701c9312bb7aa844e8aeb133c461ed0a4bd9258,4addff335526e77628b914bf83380de2c81030fb22994a739cb072c37c504f5d,6fc5331c754442474d4542d6d7069dfc5ef5f7af9c53d4bcf9f4b9eb79696691,"{""dropout"":0.0,""hidden_size"":32,""layers"":1,""weight_decay"":0.01}",67,4065,3.4085826000082307,0.001581599994096905,1776.91796875,78.05810546875,single_seed
C01_compact_gru,gated_recurrent_unit,rolling_origin_2021-11-02,42118,P-H04-W006::C013::C014,22.606432631768826,gate_c_torch,93d6a231e88abd7219722c0fb59328fbdb4063caf9d8ab33a5570465fdfe8a6d,340f5e8ac2d6df6696e2ea0267670ec4d5d1ef1265aa1ecb1a2cebed848a9eba,5a84f27899c20bd37e8318cdc99009da9cb2fc71b7090dead1ca57fee9e7db6a,4a1388db6a465b41decad90e9701c9312bb7aa844e8aeb133c461ed0a4bd9258,4addff335526e77628b914bf83380de2c81030fb22994a739cb072c37c504f5d,6fc5331c754442474d4542d6d7069dfc5ef5f7af9c53d4bcf9f4b9eb79696691,"{""dropout"":0.0,""hidden_size"":32,""layers"":1,""weight_decay"":0.01}",67,4065,3.4085826000082307,0.001581599994096905,1776.91796875,78.05810546875,single_seed
C01_compact_gru,gated_recurrent_unit,rolling_origin_2021-11-02,42118,P-H04-W007::C013::C014,29.27730643920882,gate_c_torch,93d6a231e88abd7219722c0fb59328fbdb4063caf9d8ab33a5570465fdfe8a6d,340f5e8ac2d6df6696e2ea0267670ec4d5d1ef1265aa1ecb1a2cebed848a9eba,5a84f27899c20bd37e8318cdc99009da9cb2fc71b7090dead1ca57fee9e7db6a,4a1388db6a465b41decad90e9701c9312bb7aa844e8aeb133c461ed0a4bd9258,4addff335526e77628b914bf83380de2c81030fb22994a739cb072c37c504f5d,6fc5331c754442474d4542d6d7069dfc5ef5f7af9c53d4bcf9f4b9eb79696691,"{""dropout"":0.0,""hidden_size"":32,""layers"":1,""weight_decay"":0.01}",67,4065,3.4085826000082307,0.001581599994096905,1776.91796875,78.05810546875,single_seed
C01_compact_gru,gated_recurrent_unit,rolling_origin_2021-11-02,42118,P-V06-W001::C013::C014,0.0835382194659573,gate_c_torch,93d6a231e88abd7219722c0fb59328fbdb4063caf9d8ab33a5570465fdfe8a6d,340f5e8ac2d6df6696e2ea0267670ec4d5d1ef1265aa1ecb1a2cebed848a9eba,5a84f27899c20bd37e8318cdc99009da9cb2fc71b7090dead1ca57fee9e7db6a,4a1388db6a465b41decad90e9701c9312bb7aa844e8aeb133c461ed0a4bd9258,4addff335526e77628b914bf83380de2c81030fb22994a739cb072c37c504f5d,6fc5331c754442474d4542d6d7069dfc5ef5f7af9c53d4bcf9f4b9eb79696691,"{""dropout"":0.0,""hidden_size"":32,""layers"":1,""weight_decay"":0.01}",67,4065,3.4085826000082307,0.001581599994096905,1776.91796875,78.05810546875,single_seed
C01_compact_gru,gated_recurrent_unit,rolling_origin_2021-11-02,42118,P-V06-W002::C013::C014,20.335555478539955,gate_c_torch,93d6a231e88abd7219722c0fb59328fbdb4063caf9d8ab33a5570465fdfe8a6d,340f5e8ac2d6df6696e2ea0267670ec4d5d1ef1265aa1ecb1a2cebed848a9eba,5a84f27899c20bd37e8318cdc99009da9cb2fc71b7090dead1ca57fee9e7db6a,4a1388db6a465b41decad90e9701c9312bb7aa844e8aeb133c461ed0a4bd9258,4addff335526e77628b914bf83380de2c81030fb22994a739cb072c37c504f5d,6fc5331c754442474d4542d6d7069dfc5ef5f7af9c53d4bcf9f4b9eb79696691,"{""dropout"":0.0,""hidden_size"":32,""layers"":1,""weight_decay"":0.01}",67,4065,3.4085826000082307,0.001581599994096905,1776.91796875,78.05810546875,single_seed
C01_compact_gru,gated_recurrent_unit,rolling_origin_2021-11-02,42118,P-V06-W004::C013::C014,19.49457362623432,gate_c_torch,93d6a231e88abd7219722c0fb59328fbdb4063caf9d8ab33a5570465fdfe8a6d,340f5e8ac2d6df6696e2ea0267670ec4d5d1ef1265aa1ecb1a2cebed848a9eba,5a84f27899c20bd37e8318cdc99009da9cb2fc71b7090dead1ca57fee9e7db6a,4a1388db6a465b41decad90e9701c9312bb7aa844e8aeb133c461ed0a4bd9258,4addff335526e77628b914bf83380de2c81030fb22994a739cb072c37c504f5d,6fc5331c754442474d4542d6d7069dfc5ef5f7af9c53d4bcf9f4b9eb79696691,"{""dropout"":0.0,""hidden_size"":32,""layers"":1,""weight_decay"":0.01}",67,4065,3.4085826000082307,0.001581599994096905,1776.91796875,78.05810546875,single_seed
C01_compact_gru,gated_recurrent_unit,rolling_origin_2021-11-02,42118,P-V06-W005::C013::C014,38.79017857195507,gate_c_torch,93d6a231e88abd7219722c0fb59328fbdb4063caf9d8ab33a5570465fdfe8a6d,340f5e8ac2d6df6696e2ea0267670ec4d5d1ef1265aa1ecb1a2cebed848a9eba,5a84f27899c20bd37e8318cdc99009da9cb2fc71b7090dead1ca57fee9e7db6a,4a1388db6a465b41decad90e9701c9312bb7aa844e8aeb133c461ed0a4bd9258,4addff335526e77628b914bf83380de2c81030fb22994a739cb072c37c504f5d,6fc5331c754442474d4542d6d7069dfc5ef5f7af9c53d4bcf9f4b9eb79696691,"{""dropout"":0.0,""hidden_size"":32,""layers"":1,""weight_decay"":0.01}",67,4065,3.4085826000082307,0.001581599994096905,1776.91796875,78.05810546875,single_seed
C01_compact_gru,gated_recurrent_unit,rolling_origin_2021-11-02,42118,P-V06-W006::C013::C014,15.508025586741407,gate_c_torch,93d6a231e88abd7219722c0fb59328fbdb4063caf9d8ab33a5570465fdfe8a6d,340f5e8ac2d6df6696e2ea0267670ec4d5d1ef1265aa1ecb1a2cebed848a9eba,5a84f27899c20bd37e8318cdc99009da9cb2fc71b7090dead1ca57fee9e7db6a,4a1388db6a465b41decad90e9701c9312bb7aa844e8aeb133c461ed0a4bd9258,4addff335526e77628b914bf83380de2c81030fb22994a739cb072c37c504f5d,6fc5331c754442474d4542d6d7069dfc5ef5f7af9c53d4bcf9f4b9eb79696691,"{""dropout"":0.0,""hidden_size"":32,""layers"":1,""weight_decay"":0.01}",67,4065,3.4085826000082307,0.001581599994096905,1776.91796875,78.05810546875,single_seed
C01_compact_gru,gated_recurrent_unit,rolling_origin_2021-11-02,42118,P-V06-W007::C013::C014,16.402752307818872,gate_c_torch,93d6a231e88abd7219722c0fb59328fbdb4063caf9d8ab33a5570465fdfe8a6d,340f5e8ac2d6df6696e2ea0267670ec4d5d1ef1265aa1ecb1a2cebed848a9eba,5a84f27899c20bd37e8318cdc99009da9cb2fc71b7090dead1ca57fee9e7db6a,4a1388db6a465b41decad90e9701c9312bb7aa844e8aeb133c461ed0a4bd9258,4addff335526e77628b914bf83380de2c81030fb22994a739cb072c37c504f5d,6fc5331c754442474d4542d6d7069dfc5ef5f7af9c53d4bcf9f4b9eb79696691,"{""dropout"":0.0,""hidden_size"":32,""layers"":1,""weight_decay"":0.01}",67,4065,3.4085826000082307,0.001581599994096905,1776.91796875,78.05810546875,single_seed
C01_compact_gru,gated_recurrent_unit,rolling_origin_2021-11-02,42119,P-D01-W001::C012::C014,50.93395503222153,gate_c_torch,93d6a231e88abd7219722c0fb59328fbdb4063caf9d8ab33a5570465fdfe8a6d,340f5e8ac2d6df6696e2ea0267670ec4d5d1ef1265aa1ecb1a2cebed848a9eba,5a84f27899c20bd37e8318cdc99009da9cb2fc71b7090dead1ca57fee9e7db6a,4a1388db6a465b41decad90e9701c9312bb7aa844e8aeb133c461ed0a4bd9258,4addff335526e77628b914bf83380de2c81030fb22994a739cb072c37c504f5d,6fc5331c754442474d4542d6d7069dfc5ef5f7af9c53d4bcf9f4b9eb79696691,"{""dropout"":0.0,""hidden_size"":32,""layers"":1,""weight_decay"":0.01}",67,4065,3.313590500038117,0.0013031999696977437,1777.25390625,78.05810546875,single_seed
C01_compact_gru,gated_recurrent_unit,rolling_origin_2021-11-02,42119,P-D01-W002::C012::C014,49.09776185705755,gate_c_torch,93d6a231e88abd7219722c0fb59328fbdb4063caf9d8ab33a5570465fdfe8a6d,340f5e8ac2d6df6696e2ea0267670ec4d5d1ef1265aa1ecb1a2cebed848a9eba,5a84f27899c20bd37e8318cdc99009da9cb2fc71b7090dead1ca57fee9e7db6a,4a1388db6a465b41decad90e9701c9312bb7aa844e8aeb133c461ed0a4bd9258,4addff335526e77628b914bf83380de2c81030fb22994a739cb072c37c504f5d,6fc5331c754442474d4542d6d7069dfc5ef5f7af9c53d4bcf9f4b9eb79696691,"{""dropout"":0.0,""hidden_size"":32,""layers"":1,""weight_decay"":0.01}",67,4065,3.313590500038117,0.0013031999696977437,1777.25390625,78.05810546875,single_seed
C01_compact_gru,gated_recurrent_unit,rolling_origin_2021-11-02,42119,P-D01-W003::C012::C014,4.51301456184769,gate_c_torch,93d6a231e88abd7219722c0fb59328fbdb4063caf9d8ab33a5570465fdfe8a6d,340f5e8ac2d6df6696e2ea0267670ec4d5d1ef1265aa1ecb1a2cebed848a9eba,5a84f27899c20bd37e8318cdc99009da9cb2fc71b7090dead1ca57fee9e7db6a,4a1388db6a465b41decad90e9701c9312bb7aa844e8aeb133c461ed0a4bd9258,4addff335526e77628b914bf83380de2c81030fb22994a739cb072c37c504f5d,6fc5331c754442474d4542d6d7069dfc5ef5f7af9c53d4bcf9f4b9eb79696691,"{""dropout"":0.0,""hidden_size"":32,""layers"":1,""weight_decay"":0.01}",67,4065,3.313590500038117,0.0013031999696977437,1777.25390625,78.05810546875,single_seed
C01_compact_gru,gated_recurrent_unit,rolling_origin_2021-11-02,42119,P-D01-W004::C012::C014,4.190369384370015,gate_c_torch,93d6a231e88abd7219722c0fb59328fbdb4063caf9d8ab33a5570465fdfe8a6d,340f5e8ac2d6df6696e2ea0267670ec4d5d1ef1265aa1ecb1a2cebed848a9eba,5a84f27899c20bd37e8318cdc99009da9cb2fc71b7090dead1ca57fee9e7db6a,4a1388db6a465b41decad90e9701c9312bb7aa844e8aeb133c461ed0a4bd9258,4addff335526e77628b914bf83380de2c81030fb22994a739cb072c37c504f5d,6fc5331c754442474d4542d6d7069dfc5ef5f7af9c53d4bcf9f4b9eb79696691,"{""dropout"":0.0,""hidden_size"":32,""layers"":1,""weight_decay"":0.01}",67,4065,3.313590500038117,0.0013031999696977437,1777.25390625,78.05810546875,single_seed
C01_compact_gru,gated_recurrent_unit,rolling_origin_2021-11-02,42119,P-D01-W005::C012::C014,37.493566728883664,gate_c_torch,93d6a231e88abd7219722c0fb59328fbdb4063caf9d8ab33a5570465fdfe8a6d,340f5e8ac2d6df6696e2ea0267670ec4d5d1ef1265aa1ecb1a2cebed848a9eba,5a84f27899c20bd37e8318cdc99009da9cb2fc71b7090dead1ca57fee9e7db6a,4a1388db6a465b41decad90e9701c9312bb7aa844e8aeb133c461ed0a4bd9258,4addff335526e77628b914bf83380de2c81030fb22994a739cb072c37c504f5d,6fc5331c754442474d4542d6d7069dfc5ef5f7af9c53d4bcf9f4b9eb79696691,"{""dropout"":0.0,""hidden_size"":32,""layers"":1,""weight_decay"":0.01}",67,4065,3.313590500038117,0.0013031999696977437,1777.25390625,78.05810546875,single_seed
C01_compact_gru,gated_recurrent_unit,rolling_origin_2021-11-02,42119,P-D01-W006::C012::C014,25.42483431897236,gate_c_torch,93d6a231e88abd7219722c0fb59328fbdb4063caf9d8ab33a5570465fdfe8a6d,340f5e8ac2d6df6696e2ea0267670ec4d5d1ef1265aa1ecb1a2cebed848a9eba,5a84f27899c20bd37e8318cdc99009da9cb2fc71b7090dead1ca57fee9e7db6a,4a1388db6a465b41decad90e9701c9312bb7aa844e8aeb133c461ed0a4bd9258,4addff335526e77628b914bf83380de2c81030fb22994a739cb072c37c504f5d,6fc5331c754442474d4542d6d7069dfc5ef5f7af9c53d4bcf9f4b9eb79696691,"{""dropout"":0.0,""hidden_size"":32,""layers"":1,""weight_decay"":0.01}",67,4065,3.313590500038117,0.0013031999696977437,1777.25390625,78.05810546875,single_seed
C01_compact_gru,gated_recurrent_unit,rolling_origin_2021-11-02,42119,P-D01-W007::C012::C014,31.201730185325097,gate_c_torch,93d6a231e88abd7219722c0fb59328fbdb4063caf9d8ab33a5570465fdfe8a6d,340f5e8ac2d6df6696e2ea0267670ec4d5d1ef1265aa1ecb1a2cebed848a9eba,5a84f27899c20bd37e8318cdc99009da9cb2fc71b7090dead1ca57fee9e7db6a,4a1388db6a465b41decad90e9701c9312bb7aa844e8aeb133c461ed0a4bd9258,4addff335526e77628b914bf83380de2c81030fb22994a739cb072c37c504f5d,6fc5331c754442474d4542d6d7069dfc5ef5f7af9c53d4bcf9f4b9eb79696691,"{""dropout"":0.0,""hidden_size"":32,""layers"":1,""weight_decay"":0.01}",67,4065,3.313590500038117,0.0013031999696977437,1777.25390625,78.05810546875,single_seed
C01_compact_gru,gated_recurrent_unit,rolling_origin_2021-11-02,42119,P-H01-W001::C012::C014,24.53934823072401,gate_c_torch,93d6a231e88abd7219722c0fb59328fbdb4063caf9d8ab33a5570465fdfe8a6d,340f5e8ac2d6df6696e2ea0267670ec4d5d1ef1265aa1ecb1a2cebed848a9eba,5a84f27899c20bd37e8318cdc99009da9cb2fc71b7090dead1ca57fee9e7db6a,4a1388db6a465b41decad90e9701c9312bb7aa844e8aeb133c461ed0a4bd9258,4addff335526e77628b914bf83380de2c81030fb22994a739cb072c37c504f5d,6fc5331c754442474d4542d6d7069dfc5ef5f7af9c53d4bcf9f4b9eb79696691,"{""dropout"":0.0,""hidden_size"":32,""layers"":1,""weight_decay"":0.01}",67,4065,3.313590500038117,0.0013031999696977437,1777.25390625,78.05810546875,single_seed
C01_compact_gru,gated_recurrent_unit,rolling_origin_2021-11-02,42119,P-H01-W002::C012::C014,27.422632308183864,gate_c_torch,93d6a231e88abd7219722c0fb59328fbdb4063caf9d8ab33a5570465fdfe8a6d,340f5e8ac2d6df6696e2ea0267670ec4d5d1ef1265aa1ecb1a2cebed848a9eba,5a84f27899c20bd37e8318cdc99009da9cb2fc71b7090dead1ca57fee9e7db6a,4a1388db6a465b41decad90e9701c9312bb7aa844e8aeb133c461ed0a4bd9258,4addff335526e77628b914bf83380de2c81030fb22994a739cb072c37c504f5d,6fc5331c754442474d4542d6d7069dfc5ef5f7af9c53d4bcf9f4b9eb79696691,"{""dropout"":0.0,""hidden_size"":32,""layers"":1,""weight_decay"":0.01}",67,4065,3.313590500038117,0.0013031999696977437,1777.25390625,78.05810546875,single_seed
C01_compact_gru,gated_recurrent_unit,rolling_origin_2021-11-02,42119,P-H01-W003::C012::C014,23.269569787583094,gate_c_torch,93d6a231e88abd7219722c0fb59328fbdb4063caf9d8ab33a5570465fdfe8a6d,340f5e8ac2d6df6696e2ea0267670ec4d5d1ef1265aa1ecb1a2cebed848a9eba,5a84f27899c20bd37e8318cdc99009da9cb2fc71b7090dead1ca57fee9e7db6a,4a1388db6a465b41decad90e9701c9312bb7aa844e8aeb133c461ed0a4bd9258,4addff335526e77628b914bf83380de2c81030fb22994a739cb072c37c504f5d,6fc5331c754442474d4542d6d7069dfc5ef5f7af9c53d4bcf9f4b9eb79696691,"{""dropout"":0.0,""hidden_size"":32,""layers"":1,""weight_decay"":0.01}",67,4065,3.313590500038117,0.0013031999696977437,1777.25390625,78.05810546875,single_seed
C01_compact_gru,gated_recurrent_unit,rolling_origin_2021-11-02,42119,P-H01-W004::C012::C014,28.5446368361862,gate_c_torch,93d6a231e88abd7219722c0fb59328fbdb4063caf9d8ab33a5570465fdfe8a6d,340f5e8ac2d6df6696e2ea0267670ec4d5d1ef1265aa1ecb1a2cebed848a9eba,5a84f27899c20bd37e8318cdc99009da9cb2fc71b7090dead1ca57fee9e7db6a,4a1388db6a465b41decad90e9701c9312bb7aa844e8aeb133c461ed0a4bd9258,4addff335526e77628b914bf83380de2c81030fb22994a739cb072c37c504f5d,6fc5331c754442474d4542d6d7069dfc5ef5f7af9c53d4bcf9f4b9eb79696691,"{""dropout"":0.0,""hidden_size"":32,""layers"":1,""weight_decay"":0.01}",67,4065,3.313590500038117,0.0013031999696977437,1777.25390625,78.05810546875,single_seed
C01_compact_gru,gated_recurrent_unit,rolling_origin_2021-11-02,42119,P-H01-W005::C012::C014,49.98681557061299,gate_c_torch,93d6a231e88abd7219722c0fb59328fbdb4063caf9d8ab33a5570465fdfe8a6d,340f5e8ac2d6df6696e2ea0267670ec4d5d1ef1265aa1ecb1a2cebed848a9eba,5a84f27899c20bd37e8318cdc99009da9cb2fc71b7090dead1ca57fee9e7db6a,4a1388db6a465b41decad90e9701c9312bb7aa844e8aeb133c461ed0a4bd9258,4addff335526e77628b914bf83380de2c81030fb22994a739cb072c37c504f5d,6fc5331c754442474d4542d6d7069dfc5ef5f7af9c53d4bcf9f4b9eb79696691,"{""dropout"":0.0,""hidden_size"":32,""layers"":1,""weight_decay"":0.01}",67,4065,3.313590500038117,0.0013031999696977437,1777.25390625,78.05810546875,single_seed
C01_compact_gru,gated_recurrent_unit,rolling_origin_2021-11-02,42119,P-H01-W006::C012::C014,31.793385494639164,gate_c_torch,93d6a231e88abd7219722c0fb59328fbdb4063caf9d8ab33a5570465fdfe8a6d,340f5e8ac2d6df6696e2ea0267670ec4d5d1ef1265aa1ecb1a2cebed848a9eba,5a84f27899c20bd37e8318cdc99009da9cb2fc71b7090dead1ca57fee9e7db6a,4a1388db6a465b41decad90e9701c9312bb7aa844e8aeb133c461ed0a4bd9258,4addff335526e77628b914bf83380de2c81030fb22994a739cb072c37c504f5d,6fc5331c754442474d4542d6d7069dfc5ef5f7af9c53d4bcf9f4b9eb79696691,"{""dropout"":0.0,""hidden_size"":32,""layers"":1,""weight_decay"":0.01}",67,4065,3.313590500038117,0.0013031999696977437,1777.25390625,78.05810546875,single_seed
C01_compact_gru,gated_recurrent_unit,rolling_origin_2021-11-02,42119,P-H01-W007::C012::C014,31.939226119943694,gate_c_torch,93d6a231e88abd7219722c0fb59328fbdb4063caf9d8ab33a5570465fdfe8a6d,340f5e8ac2d6df6696e2ea0267670ec4d5d1ef1265aa1ecb1a2cebed848a9eba,5a84f27899c20bd37e8318cdc99009da9cb2fc71b7090dead1ca57fee9e7db6a,4a1388db6a465b41decad90e9701c9312bb7aa844e8aeb133c461ed0a4bd9258,4addff335526e77628b914bf83380de2c81030fb22994a739cb072c37c504f5d,6fc5331c754442474d4542d6d7069dfc5ef5f7af9c53d4bcf9f4b9eb79696691,"{""dropout"":0.0,""hidden_size"":32,""layers"":1,""weight_decay"":0.01}",67,4065,3.313590500038117,0.0013031999696977437,1777.25390625,78.05810546875,single_seed
C01_compact_gru,gated_recurrent_unit,rolling_origin_2021-11-02,42119,P-H02-W001::C012::C014,33.793287471977905,gate_c_torch,93d6a231e88abd7219722c0fb59328fbdb4063caf9d8ab33a5570465fdfe8a6d,340f5e8ac2d6df6696e2ea0267670ec4d5d1ef1265aa1ecb1a2cebed848a9eba,5a84f27899c20bd37e8318cdc99009da9cb2fc71b7090dead1ca57fee9e7db6a,4a1388db6a465b41decad90e9701c9312bb7aa844e8aeb133c461ed0a4bd9258,4addff335526e77628b914bf83380de2c81030fb22994a739cb072c37c504f5d,6fc5331c754442474d4542d6d7069dfc5ef5f7af9c53d4bcf9f4b9eb79696691,"{""dropout"":0.0,""hidden_size"":32,""layers"":1,""weight_decay"":0.01}",67,4065,3.313590500038117,0.0013031999696977437,1777.25390625,78.05810546875,single_seed
C01_compact_gru,gated_recurrent_unit,rolling_origin_2021-11-02,42119,P-H02-W003::C012::C014,23.731286675017312,gate_c_torch,93d6a231e88abd7219722c0fb59328fbdb4063caf9d8ab33a5570465fdfe8a6d,340f5e8ac2d6df6696e2ea0267670ec4d5d1ef1265aa1ecb1a2cebed848a9eba,5a84f27899c20bd37e8318cdc99009da9cb2fc71b7090dead1ca57fee9e7db6a,4a1388db6a465b41decad90e9701c9312bb7aa844e8aeb133c461ed0a4bd9258,4addff335526e77628b914bf83380de2c81030fb22994a739cb072c37c504f5d,6fc5331c754442474d4542d6d7069dfc5ef5f7af9c53d4bcf9f4b9eb79696691,"{""dropout"":0.0,""hidden_size"":32,""layers"":1,""weight_decay"":0.01}",67,4065,3.313590500038117,0.0013031999696977437,1777.25390625,78.05810546875,single_seed
C01_compact_gru,gated_recurrent_unit,rolling_origin_2021-11-02,42119,P-H02-W004::C012::C014,20.22921075168881,gate_c_torch,93d6a231e88abd7219722c0fb59328fbdb4063caf9d8ab33a5570465fdfe8a6d,340f5e8ac2d6df6696e2ea0267670ec4d5d1ef1265aa1ecb1a2cebed848a9eba,5a84f27899c20bd37e8318cdc99009da9cb2fc71b7090dead1ca57fee9e7db6a,4a1388db6a465b41decad90e9701c9312bb7aa844e8aeb133c461ed0a4bd9258,4addff335526e77628b914bf83380de2c81030fb22994a739cb072c37c504f5d,6fc5331c754442474d4542d6d7069dfc5ef5f7af9c53d4bcf9f4b9eb79696691,"{""dropout"":0.0,""hidden_size"":32,""layers"":1,""weight_decay"":0.01}",67,4065,3.313590500038117,0.0013031999696977437,1777.25390625,78.05810546875,single_seed
C01_compact_gru,gated_recurrent_unit,rolling_origin_2021-11-02,42119,P-H02-W005::C012::C014,6.1960712312109045,gate_c_torch,93d6a231e88abd7219722c0fb59328fbdb4063caf9d8ab33a5570465fdfe8a6d,340f5e8ac2d6df6696e2ea0267670ec4d5d1ef1265aa1ecb1a2cebed848a9eba,5a84f27899c20bd37e8318cdc99009da9cb2fc71b7090dead1ca57fee9e7db6a,4a1388db6a465b41decad90e9701c9312bb7aa844e8aeb133c461ed0a4bd9258,4addff335526e77628b914bf83380de2c81030fb22994a739cb072c37c504f5d,6fc5331c754442474d4542d6d7069dfc5ef5f7af9c53d4bcf9f4b9eb79696691,"{""dropout"":0.0,""hidden_size"":32,""layers"":1,""weight_decay"":0.01}",67,4065,3.313590500038117,0.0013031999696977437,1777.25390625,78.05810546875,single_seed
C01_compact_gru,gated_recurrent_unit,rolling_origin_2021-11-02,42119,P-H02-W006::C012::C014,19.148311983628943,gate_c_torch,93d6a231e88abd7219722c0fb59328fbdb4063caf9d8ab33a5570465fdfe8a6d,340f5e8ac2d6df6696e2ea0267670ec4d5d1ef1265aa1ecb1a2cebed848a9eba,5a84f27899c20bd37e8318cdc99009da9cb2fc71b7090dead1ca57fee9e7db6a,4a1388db6a465b41decad90e9701c9312bb7aa844e8aeb133c461ed0a4bd9258,4addff335526e77628b914bf83380de2c81030fb22994a739cb072c37c504f5d,6fc5331c754442474d4542d6d7069dfc5ef5f7af9c53d4bcf9f4b9eb79696691,"{""dropout"":0.0,""hidden_size"":32,""layers"":1,""weight_decay"":0.01}",67,4065,3.313590500038117,0.0013031999696977437,1777.25390625,78.05810546875,single_seed
C01_compact_gru,gated_recurrent_unit,rolling_origin_2021-11-02,42119,P-H02-W007::C012::C014,30.80102663010098,gate_c_torch,93d6a231e88abd7219722c0fb59328fbdb4063caf9d8ab33a5570465fdfe8a6d,340f5e8ac2d6df6696e2ea0267670ec4d5d1ef1265aa1ecb1a2cebed848a9eba,5a84f27899c20bd37e8318cdc99009da9cb2fc71b7090dead1ca57fee9e7db6a,4a1388db6a465b41decad90e9701c9312bb7aa844e8aeb133c461ed0a4bd9258,4addff335526e77628b914bf83380de2c81030fb22994a739cb072c37c504f5d,6fc5331c754442474d4542d6d7069dfc5ef5f7af9c53d4bcf9f4b9eb79696691,"{""dropout"":0.0,""hidden_size"":32,""layers"":1,""weight_decay"":0.01}",67,4065,3.313590500038117,0.0013031999696977437,1777.25390625,78.05810546875,single_seed
C01_compact_gru,gated_recurrent_unit,rolling_origin_2021-11-02,42119,P-H03-W001::C012::C014,49.63009641152043,gate_c_torch,93d6a231e88abd7219722c0fb59328fbdb4063caf9d8ab33a5570465fdfe8a6d,340f5e8ac2d6df6696e2ea0267670ec4d5d1ef1265aa1ecb1a2cebed848a9eba,5a84f27899c20bd37e8318cdc99009da9cb2fc71b7090dead1ca57fee9e7db6a,4a1388db6a465b41decad90e9701c9312bb7aa844e8aeb133c461ed0a4bd9258,4addff335526e77628b914bf83380de2c81030fb22994a739cb072c37c504f5d,6fc5331c754442474d4542d6d7069dfc5ef5f7af9c53d4bcf9f4b9eb79696691,"{""dropout"":0.0,""hidden_size"":32,""layers"":1,""weight_decay"":0.01}",67,4065,3.313590500038117,0.0013031999696977437,1777.25390625,78.05810546875,single_seed
C01_compact_gru,gated_recurrent_unit,rolling_origin_2021-11-02,42119,P-H03-W003::C012::C014,46.83808325537443,gate_c_torch,93d6a231e88abd7219722c0fb59328fbdb4063caf9d8ab33a5570465fdfe8a6d,340f5e8ac2d6df6696e2ea0267670ec4d5d1ef1265aa1ecb1a2cebed848a9eba,5a84f27899c20bd37e8318cdc99009da9cb2fc71b7090dead1ca57fee9e7db6a,4a1388db6a465b41decad90e9701c9312bb7aa844e8aeb133c461ed0a4bd9258,4addff335526e77628b914bf83380de2c81030fb22994a739cb072c37c504f5d,6fc5331c754442474d4542d6d7069dfc5ef5f7af9c53d4bcf9f4b9eb79696691,"{""dropout"":0.0,""hidden_size"":32,""layers"":1,""weight_decay"":0.01}",67,4065,3.313590500038117,0.0013031999696977437,1777.25390625,78.05810546875,single_seed
C01_compact_gru,gated_recurrent_unit,rolling_origin_2021-11-02,42119,P-H03-W004::C012::C014,51.771101594382856,gate_c_torch,93d6a231e88abd7219722c0fb59328fbdb4063caf9d8ab33a5570465fdfe8a6d,340f5e8ac2d6df6696e2ea0267670ec4d5d1ef1265aa1ecb1a2cebed848a9eba,5a84f27899c20bd37e8318cdc99009da9cb2fc71b7090dead1ca57fee9e7db6a,4a1388db6a465b41decad90e9701c9312bb7aa844e8aeb133c461ed0a4bd9258,4addff335526e77628b914bf83380de2c81030fb22994a739cb072c37c504f5d,6fc5331c754442474d4542d6d7069dfc5ef5f7af9c53d4bcf9f4b9eb79696691,"{""dropout"":0.0,""hidden_size"":32,""layers"":1,""weight_decay"":0.01}",67,4065,3.313590500038117,0.0013031999696977437,1777.25390625,78.05810546875,single_seed
C01_compact_gru,gated_recurrent_unit,rolling_origin_2021-11-02,42119,P-H03-W005::C012::C014,51.72531108019465,gate_c_torch,93d6a231e88abd7219722c0fb59328fbdb4063caf9d8ab33a5570465fdfe8a6d,340f5e8ac2d6df6696e2ea0267670ec4d5d1ef1265aa1ecb1a2cebed848a9eba,5a84f27899c20bd37e8318cdc99009da9cb2fc71b7090dead1ca57fee9e7db6a,4a1388db6a465b41decad90e9701c9312bb7aa844e8aeb133c461ed0a4bd9258,4addff335526e77628b914bf83380de2c81030fb22994a739cb072c37c504f5d,6fc5331c754442474d4542d6d7069dfc5ef5f7af9c53d4bcf9f4b9eb79696691,"{""dropout"":0.0,""hidden_size"":32,""layers"":1,""weight_decay"":0.01}",67,4065,3.313590500038117,0.0013031999696977437,1777.25390625,78.05810546875,single_seed
C01_compact_gru,gated_recurrent_unit,rolling_origin_2021-11-02,42119,P-H03-W006::C012::C014,56.28901762087095,gate_c_torch,93d6a231e88abd7219722c0fb59328fbdb4063caf9d8ab33a5570465fdfe8a6d,340f5e8ac2d6df6696e2ea0267670ec4d5d1ef1265aa1ecb1a2cebed848a9eba,5a84f27899c20bd37e8318cdc99009da9cb2fc71b7090dead1ca57fee9e7db6a,4a1388db6a465b41decad90e9701c9312bb7aa844e8aeb133c461ed0a4bd9258,4addff335526e77628b914bf83380de2c81030fb22994a739cb072c37c504f5d,6fc5331c754442474d4542d6d7069dfc5ef5f7af9c53d4bcf9f4b9eb79696691,"{""dropout"":0.0,""hidden_size"":32,""layers"":1,""weight_decay"":0.01}",67,4065,3.313590500038117,0.0013031999696977437,1777.25390625,78.05810546875,single_seed
C01_compact_gru,gated_recurrent_unit,rolling_origin_2021-11-02,42119,P-H03-W007::C012::C014,22.00411487507659,gate_c_torch,93d6a231e88abd7219722c0fb59328fbdb4063caf9d8ab33a5570465fdfe8a6d,340f5e8ac2d6df6696e2ea0267670ec4d5d1ef1265aa1ecb1a2cebed848a9eba,5a84f27899c20bd37e8318cdc99009da9cb2fc71b7090dead1ca57fee9e7db6a,4a1388db6a465b41decad90e9701c9312bb7aa844e8aeb133c461ed0a4bd9258,4addff335526e77628b914bf83380de2c81030fb22994a739cb072c37c504f5d,6fc5331c754442474d4542d6d7069dfc5ef5f7af9c53d4bcf9f4b9eb79696691,"{""dropout"":0.0,""hidden_size"":32,""layers"":1,""weight_decay"":0.01}",67,4065,3.313590500038117,0.0013031999696977437,1777.25390625,78.05810546875,single_seed
C01_compact_gru,gated_recurrent_unit,rolling_origin_2021-11-02,42119,P-H05-W001::C012::C014,32.31147448655352,gate_c_torch,93d6a231e88abd7219722c0fb59328fbdb4063caf9d8ab33a5570465fdfe8a6d,340f5e8ac2d6df6696e2ea0267670ec4d5d1ef1265aa1ecb1a2cebed848a9eba,5a84f27899c20bd37e8318cdc99009da9cb2fc71b7090dead1ca57fee9e7db6a,4a1388db6a465b41decad90e9701c9312bb7aa844e8aeb133c461ed0a4bd9258,4addff335526e77628b914bf83380de2c81030fb22994a739cb072c37c504f5d,6fc5331c754442474d4542d6d7069dfc5ef5f7af9c53d4bcf9f4b9eb79696691,"{""dropout"":0.0,""hidden_size"":32,""layers"":1,""weight_decay"":0.01}",67,4065,3.313590500038117,0.0013031999696977437,1777.25390625,78.05810546875,single_seed
C01_compact_gru,gated_recurrent_unit,rolling_origin_2021-11-02,42119,P-H05-W002::C012::C014,38.44259719299955,gate_c_torch,93d6a231e88abd7219722c0fb59328fbdb4063caf9d8ab33a5570465fdfe8a6d,340f5e8ac2d6df6696e2ea0267670ec4d5d1ef1265aa1ecb1a2cebed848a9eba,5a84f27899c20bd37e8318cdc99009da9cb2fc71b7090dead1ca57fee9e7db6a,4a1388db6a465b41decad90e9701c9312bb7aa844e8aeb133c461ed0a4bd9258,4addff335526e77628b914bf83380de2c81030fb22994a739cb072c37c504f5d,6fc5331c754442474d4542d6d7069dfc5ef5f7af9c53d4bcf9f4b9eb79696691,"{""dropout"":0.0,""hidden_size"":32,""layers"":1,""weight_decay"":0.01}",67,4065,3.313590500038117,0.0013031999696977437,1777.25390625,78.05810546875,single_seed
C01_compact_gru,gated_recurrent_unit,rolling_origin_2021-11-02,42119,P-H05-W003::C012::C014,31.383511475666523,gate_c_torch,93d6a231e88abd7219722c0fb59328fbdb4063caf9d8ab33a5570465fdfe8a6d,340f5e8ac2d6df6696e2ea0267670ec4d5d1ef1265aa1ecb1a2cebed848a9eba,5a84f27899c20bd37e8318cdc99009da9cb2fc71b7090dead1ca57fee9e7db6a,4a1388db6a465b41decad90e9701c9312bb7aa844e8aeb133c461ed0a4bd9258,4addff335526e77628b914bf83380de2c81030fb22994a739cb072c37c504f5d,6fc5331c754442474d4542d6d7069dfc5ef5f7af9c53d4bcf9f4b9eb79696691,"{""dropout"":0.0,""hidden_size"":32,""layers"":1,""weight_decay"":0.01}",67,4065,3.313590500038117,0.0013031999696977437,1777.25390625,78.05810546875,single_seed
C01_compact_gru,gated_recurrent_unit,rolling_origin_2021-11-02,42119,P-H05-W004::C012::C014,21.50358782543571,gate_c_torch,93d6a231e88abd7219722c0fb59328fbdb4063caf9d8ab33a5570465fdfe8a6d,340f5e8ac2d6df6696e2ea0267670ec4d5d1ef1265aa1ecb1a2cebed848a9eba,5a84f27899c20bd37e8318cdc99009da9cb2fc71b7090dead1ca57fee9e7db6a,4a1388db6a465b41decad90e9701c9312bb7aa844e8aeb133c461ed0a4bd9258,4addff335526e77628b914bf83380de2c81030fb22994a739cb072c37c504f5d,6fc5331c754442474d4542d6d7069dfc5ef5f7af9c53d4bcf9f4b9eb79696691,"{""dropout"":0.0,""hidden_size"":32,""layers"":1,""weight_decay"":0.01}",67,4065,3.313590500038117,0.0013031999696977437,1777.25390625,78.05810546875,single_seed
C01_compact_gru,gated_recurrent_unit,rolling_origin_2021-11-02,42119,P-H05-W005::C012::C014,17.67219616991327,gate_c_torch,93d6a231e88abd7219722c0fb59328fbdb4063caf9d8ab33a5570465fdfe8a6d,340f5e8ac2d6df6696e2ea0267670ec4d5d1ef1265aa1ecb1a2cebed848a9eba,5a84f27899c20bd37e8318cdc99009da9cb2fc71b7090dead1ca57fee9e7db6a,4a1388db6a465b41decad90e9701c9312bb7aa844e8aeb133c461ed0a4bd9258,4addff335526e77628b914bf83380de2c81030fb22994a739cb072c37c504f5d,6fc5331c754442474d4542d6d7069dfc5ef5f7af9c53d4bcf9f4b9eb79696691,"{""dropout"":0.0,""hidden_size"":32,""layers"":1,""weight_decay"":0.01}",67,4065,3.313590500038117,0.0013031999696977437,1777.25390625,78.05810546875,single_seed
C01_compact_gru,gated_recurrent_unit,rolling_origin_2021-11-02,42119,P-H05-W006::C012::C014,16.24543973488197,gate_c_torch,93d6a231e88abd7219722c0fb59328fbdb4063caf9d8ab33a5570465fdfe8a6d,340f5e8ac2d6df6696e2ea0267670ec4d5d1ef1265aa1ecb1a2cebed848a9eba,5a84f27899c20bd37e8318cdc99009da9cb2fc71b7090dead1ca57fee9e7db6a,4a1388db6a465b41decad90e9701c9312bb7aa844e8aeb133c461ed0a4bd9258,4addff335526e77628b914bf83380de2c81030fb22994a739cb072c37c504f5d,6fc5331c754442474d4542d6d7069dfc5ef5f7af9c53d4bcf9f4b9eb79696691,"{""dropout"":0.0,""hidden_size"":32,""layers"":1,""weight_decay"":0.01}",67,4065,3.313590500038117,0.0013031999696977437,1777.25390625,78.05810546875,single_seed
C01_compact_gru,gated_recurrent_unit,rolling_origin_2021-11-02,42119,P-H05-W007::C012::C014,24.880017413096347,gate_c_torch,93d6a231e88abd7219722c0fb59328fbdb4063caf9d8ab33a5570465fdfe8a6d,340f5e8ac2d6df6696e2ea0267670ec4d5d1ef1265aa1ecb1a2cebed848a9eba,5a84f27899c20bd37e8318cdc99009da9cb2fc71b7090dead1ca57fee9e7db6a,4a1388db6a465b41decad90e9701c9312bb7aa844e8aeb133c461ed0a4bd9258,4addff335526e77628b914bf83380de2c81030fb22994a739cb072c37c504f5d,6fc5331c754442474d4542d6d7069dfc5ef5f7af9c53d4bcf9f4b9eb79696691,"{""dropout"":0.0,""hidden_size"":32,""layers"":1,""weight_decay"":0.01}",67,4065,3.313590500038117,0.0013031999696977437,1777.25390625,78.05810546875,single_seed
C01_compact_gru,gated_recurrent_unit,rolling_origin_2021-11-02,42119,P-H06-W001::C012::C014,4.215388611514957,gate_c_torch,93d6a231e88abd7219722c0fb59328fbdb4063caf9d8ab33a5570465fdfe8a6d,340f5e8ac2d6df6696e2ea0267670ec4d5d1ef1265aa1ecb1a2cebed848a9eba,5a84f27899c20bd37e8318cdc99009da9cb2fc71b7090dead1ca57fee9e7db6a,4a1388db6a465b41decad90e9701c9312bb7aa844e8aeb133c461ed0a4bd9258,4addff335526e77628b914bf83380de2c81030fb22994a739cb072c37c504f5d,6fc5331c754442474d4542d6d7069dfc5ef5f7af9c53d4bcf9f4b9eb79696691,"{""dropout"":0.0,""hidden_size"":32,""layers"":1,""weight_decay"":0.01}",67,4065,3.313590500038117,0.0013031999696977437,1777.25390625,78.05810546875,single_seed
C01_compact_gru,gated_recurrent_unit,rolling_origin_2021-11-02,42119,P-H06-W002::C012::C014,1.3574989256883079,gate_c_torch,93d6a231e88abd7219722c0fb59328fbdb4063caf9d8ab33a5570465fdfe8a6d,340f5e8ac2d6df6696e2ea0267670ec4d5d1ef1265aa1ecb1a2cebed848a9eba,5a84f27899c20bd37e8318cdc99009da9cb2fc71b7090dead1ca57fee9e7db6a,4a1388db6a465b41decad90e9701c9312bb7aa844e8aeb133c461ed0a4bd9258,4addff335526e77628b914bf83380de2c81030fb22994a739cb072c37c504f5d,6fc5331c754442474d4542d6d7069dfc5ef5f7af9c53d4bcf9f4b9eb79696691,"{""dropout"":0.0,""hidden_size"":32,""layers"":1,""weight_decay"":0.01}",67,4065,3.313590500038117,0.0013031999696977437,1777.25390625,78.05810546875,single_seed
C01_compact_gru,gated_recurrent_unit,rolling_origin_2021-11-02,42119,P-H06-W003::C012::C014,3.3593072404990174,gate_c_torch,93d6a231e88abd7219722c0fb59328fbdb4063caf9d8ab33a5570465fdfe8a6d,340f5e8ac2d6df6696e2ea0267670ec4d5d1ef1265aa1ecb1a2cebed848a9eba,5a84f27899c20bd37e8318cdc99009da9cb2fc71b7090dead1ca57fee9e7db6a,4a1388db6a465b41decad90e9701c9312bb7aa844e8aeb133c461ed0a4bd9258,4addff335526e77628b914bf83380de2c81030fb22994a739cb072c37c504f5d,6fc5331c754442474d4542d6d7069dfc5ef5f7af9c53d4bcf9f4b9eb79696691,"{""dropout"":0.0,""hidden_size"":32,""layers"":1,""weight_decay"":0.01}",67,4065,3.313590500038117,0.0013031999696977437,1777.25390625,78.05810546875,single_seed
C01_compact_gru,gated_recurrent_unit,rolling_origin_2021-11-02,42119,P-H06-W004::C012::C014,3.888765637150936,gate_c_torch,93d6a231e88abd7219722c0fb59328fbdb4063caf9d8ab33a5570465fdfe8a6d,340f5e8ac2d6df6696e2ea0267670ec4d5d1ef1265aa1ecb1a2cebed848a9eba,5a84f27899c20bd37e8318cdc99009da9cb2fc71b7090dead1ca57fee9e7db6a,4a1388db6a465b41decad90e9701c9312bb7aa844e8aeb133c461ed0a4bd9258,4addff335526e77628b914bf83380de2c81030fb22994a739cb072c37c504f5d,6fc5331c754442474d4542d6d7069dfc5ef5f7af9c53d4bcf9f4b9eb79696691,"{""dropout"":0.0,""hidden_size"":32,""layers"":1,""weight_decay"":0.01}",67,4065,3.313590500038117,0.0013031999696977437,1777.25390625,78.05810546875,single_seed
C01_compact_gru,gated_recurrent_unit,rolling_origin_2021-11-02,42119,P-H06-W005::C012::C014,5.030098416534809,gate_c_torch,93d6a231e88abd7219722c0fb59328fbdb4063caf9d8ab33a5570465fdfe8a6d,340f5e8ac2d6df6696e2ea0267670ec4d5d1ef1265aa1ecb1a2cebed848a9eba,5a84f27899c20bd37e8318cdc99009da9cb2fc71b7090dead1ca57fee9e7db6a,4a1388db6a465b41decad90e9701c9312bb7aa844e8aeb133c461ed0a4bd9258,4addff335526e77628b914bf83380de2c81030fb22994a739cb072c37c504f5d,6fc5331c754442474d4542d6d7069dfc5ef5f7af9c53d4bcf9f4b9eb79696691,"{""dropout"":0.0,""hidden_size"":32,""layers"":1,""weight_decay"":0.01}",67,4065,3.313590500038117,0.0013031999696977437,1777.25390625,78.05810546875,single_seed
C01_compact_gru,gated_recurrent_unit,rolling_origin_2021-11-02,42119,P-H06-W006::C012::C014,5.085291897319145,gate_c_torch,93d6a231e88abd7219722c0fb59328fbdb4063caf9d8ab33a5570465fdfe8a6d,340f5e8ac2d6df6696e2ea0267670ec4d5d1ef1265aa1ecb1a2cebed848a9eba,5a84f27899c20bd37e8318cdc99009da9cb2fc71b7090dead1ca57fee9e7db6a,4a1388db6a465b41decad90e9701c9312bb7aa844e8aeb133c461ed0a4bd9258,4addff335526e77628b914bf83380de2c81030fb22994a739cb072c37c504f5d,6fc5331c754442474d4542d6d7069dfc5ef5f7af9c53d4bcf9f4b9eb79696691,"{""dropout"":0.0,""hidden_size"":32,""layers"":1,""weight_decay"":0.01}",67,4065,3.313590500038117,0.0013031999696977437,1777.25390625,78.05810546875,single_seed
C01_compact_gru,gated_recurrent_unit,rolling_origin_2021-11-02,42119,P-H06-W007::C012::C014,11.319810680245276,gate_c_torch,93d6a231e88abd7219722c0fb59328fbdb4063caf9d8ab33a5570465fdfe8a6d,340f5e8ac2d6df6696e2ea0267670ec4d5d1ef1265aa1ecb1a2cebed848a9eba,5a84f27899c20bd37e8318cdc99009da9cb2fc71b7090dead1ca57fee9e7db6a,4a1388db6a465b41decad90e9701c9312bb7aa844e8aeb133c461ed0a4bd9258,4addff335526e77628b914bf83380de2c81030fb22994a739cb072c37c504f5d,6fc5331c754442474d4542d6d7069dfc5ef5f7af9c53d4bcf9f4b9eb79696691,"{""dropout"":0.0,""hidden_size"":32,""layers"":1,""weight_decay"":0.01}",67,4065,3.313590500038117,0.0013031999696977437,1777.25390625,78.05810546875,single_seed
C01_compact_gru,gated_recurrent_unit,rolling_origin_2021-11-02,42119,P-H07-W001::C012::C014,35.34156591168425,gate_c_torch,93d6a231e88abd7219722c0fb59328fbdb4063caf9d8ab33a5570465fdfe8a6d,340f5e8ac2d6df6696e2ea0267670ec4d5d1ef1265aa1ecb1a2cebed848a9eba,5a84f27899c20bd37e8318cdc99009da9cb2fc71b7090dead1ca57fee9e7db6a,4a1388db6a465b41decad90e9701c9312bb7aa844e8aeb133c461ed0a4bd9258,4addff335526e77628b914bf83380de2c81030fb22994a739cb072c37c504f5d,6fc5331c754442474d4542d6d7069dfc5ef5f7af9c53d4bcf9f4b9eb79696691,"{""dropout"":0.0,""hidden_size"":32,""layers"":1,""weight_decay"":0.01}",67,4065,3.313590500038117,0.0013031999696977437,1777.25390625,78.05810546875,single_seed
C01_compact_gru,gated_recurrent_unit,rolling_origin_2021-11-02,42119,P-H07-W002::C012::C014,42.48646887927294,gate_c_torch,93d6a231e88abd7219722c0fb59328fbdb4063caf9d8ab33a5570465fdfe8a6d,340f5e8ac2d6df6696e2ea0267670ec4d5d1ef1265aa1ecb1a2cebed848a9eba,5a84f27899c20bd37e8318cdc99009da9cb2fc71b7090dead1ca57fee9e7db6a,4a1388db6a465b41decad90e9701c9312bb7aa844e8aeb133c461ed0a4bd9258,4addff335526e77628b914bf83380de2c81030fb22994a739cb072c37c504f5d,6fc5331c754442474d4542d6d7069dfc5ef5f7af9c53d4bcf9f4b9eb79696691,"{""dropout"":0.0,""hidden_size"":32,""layers"":1,""weight_decay"":0.01}",67,4065,3.313590500038117,0.0013031999696977437,1777.25390625,78.05810546875,single_seed
C01_compact_gru,gated_recurrent_unit,rolling_origin_2021-11-02,42119,P-H07-W003::C012::C014,11.11091314507015,gate_c_torch,93d6a231e88abd7219722c0fb59328fbdb4063caf9d8ab33a5570465fdfe8a6d,340f5e8ac2d6df6696e2ea0267670ec4d5d1ef1265aa1ecb1a2cebed848a9eba,5a84f27899c20bd37e8318cdc99009da9cb2fc71b7090dead1ca57fee9e7db6a,4a1388db6a465b41decad90e9701c9312bb7aa844e8aeb133c461ed0a4bd9258,4addff335526e77628b914bf83380de2c81030fb22994a739cb072c37c504f5d,6fc5331c754442474d4542d6d7069dfc5ef5f7af9c53d4bcf9f4b9eb79696691,"{""dropout"":0.0,""hidden_size"":32,""layers"":1,""weight_decay"":0.01}",67,4065,3.313590500038117,0.0013031999696977437,1777.25390625,78.05810546875,single_seed
C01_compact_gru,gated_recurrent_unit,rolling_origin_2021-11-02,42119,P-H07-W004::C012::C014,34.29761511446937,gate_c_torch,93d6a231e88abd7219722c0fb59328fbdb4063caf9d8ab33a5570465fdfe8a6d,340f5e8ac2d6df6696e2ea0267670ec4d5d1ef1265aa1ecb1a2cebed848a9eba,5a84f27899c20bd37e8318cdc99009da9cb2fc71b7090dead1ca57fee9e7db6a,4a1388db6a465b41decad90e9701c9312bb7aa844e8aeb133c461ed0a4bd9258,4addff335526e77628b914bf83380de2c81030fb22994a739cb072c37c504f5d,6fc5331c754442474d4542d6d7069dfc5ef5f7af9c53d4bcf9f4b9eb79696691,"{""dropout"":0.0,""hidden_size"":32,""layers"":1,""weight_decay"":0.01}",67,4065,3.313590500038117,0.0013031999696977437,1777.25390625,78.05810546875,single_seed
C01_compact_gru,gated_recurrent_unit,rolling_origin_2021-11-02,42119,P-H07-W005::C012::C014,12.313033104660459,gate_c_torch,93d6a231e88abd7219722c0fb59328fbdb4063caf9d8ab33a5570465fdfe8a6d,340f5e8ac2d6df6696e2ea0267670ec4d5d1ef1265aa1ecb1a2cebed848a9eba,5a84f27899c20bd37e8318cdc99009da9cb2fc71b7090dead1ca57fee9e7db6a,4a1388db6a465b41decad90e9701c9312bb7aa844e8aeb133c461ed0a4bd9258,4addff335526e77628b914bf83380de2c81030fb22994a739cb072c37c504f5d,6fc5331c754442474d4542d6d7069dfc5ef5f7af9c53d4bcf9f4b9eb79696691,"{""dropout"":0.0,""hidden_size"":32,""layers"":1,""weight_decay"":0.01}",67,4065,3.313590500038117,0.0013031999696977437,1777.25390625,78.05810546875,single_seed
C01_compact_gru,gated_recurrent_unit,rolling_origin_2021-11-02,42119,P-H07-W006::C012::C014,24.12527196674632,gate_c_torch,93d6a231e88abd7219722c0fb59328fbdb4063caf9d8ab33a5570465fdfe8a6d,340f5e8ac2d6df6696e2ea0267670ec4d5d1ef1265aa1ecb1a2cebed848a9eba,5a84f27899c20bd37e8318cdc99009da9cb2fc71b7090dead1ca57fee9e7db6a,4a1388db6a465b41decad90e9701c9312bb7aa844e8aeb133c461ed0a4bd9258,4addff335526e77628b914bf83380de2c81030fb22994a739cb072c37c504f5d,6fc5331c754442474d4542d6d7069dfc5ef5f7af9c53d4bcf9f4b9eb79696691,"{""dropout"":0.0,""hidden_size"":32,""layers"":1,""weight_decay"":0.01}",67,4065,3.313590500038117,0.0013031999696977437,1777.25390625,78.05810546875,single_seed
C01_compact_gru,gated_recurrent_unit,rolling_origin_2021-11-02,42119,P-H07-W007::C012::C014,21.62776820044422,gate_c_torch,93d6a231e88abd7219722c0fb59328fbdb4063caf9d8ab33a5570465fdfe8a6d,340f5e8ac2d6df6696e2ea0267670ec4d5d1ef1265aa1ecb1a2cebed848a9eba,5a84f27899c20bd37e8318cdc99009da9cb2fc71b7090dead1ca57fee9e7db6a,4a1388db6a465b41decad90e9701c9312bb7aa844e8aeb133c461ed0a4bd9258,4addff335526e77628b914bf83380de2c81030fb22994a739cb072c37c504f5d,6fc5331c754442474d4542d6d7069dfc5ef5f7af9c53d4bcf9f4b9eb79696691,"{""dropout"":0.0,""hidden_size"":32,""layers"":1,""weight_decay"":0.01}",67,4065,3.313590500038117,0.0013031999696977437,1777.25390625,78.05810546875,single_seed
C01_compact_gru,gated_recurrent_unit,rolling_origin_2021-11-02,42119,P-V01-W001::C012::C014,26.140513090980065,gate_c_torch,93d6a231e88abd7219722c0fb59328fbdb4063caf9d8ab33a5570465fdfe8a6d,340f5e8ac2d6df6696e2ea0267670ec4d5d1ef1265aa1ecb1a2cebed848a9eba,5a84f27899c20bd37e8318cdc99009da9cb2fc71b7090dead1ca57fee9e7db6a,4a1388db6a465b41decad90e9701c9312bb7aa844e8aeb133c461ed0a4bd9258,4addff335526e77628b914bf83380de2c81030fb22994a739cb072c37c504f5d,6fc5331c754442474d4542d6d7069dfc5ef5f7af9c53d4bcf9f4b9eb79696691,"{""dropout"":0.0,""hidden_size"":32,""layers"":1,""weight_decay"":0.01}",67,4065,3.313590500038117,0.0013031999696977437,1777.25390625,78.05810546875,single_seed
C01_compact_gru,gated_recurrent_unit,rolling_origin_2021-11-02,42119,P-V01-W002::C012::C014,27.298806341246852,gate_c_torch,93d6a231e88abd7219722c0fb59328fbdb4063caf9d8ab33a5570465fdfe8a6d,340f5e8ac2d6df6696e2ea0267670ec4d5d1ef1265aa1ecb1a2cebed848a9eba,5a84f27899c20bd37e8318cdc99009da9cb2fc71b7090dead1ca57fee9e7db6a,4a1388db6a465b41decad90e9701c9312bb7aa844e8aeb133c461ed0a4bd9258,4addff335526e77628b914bf83380de2c81030fb22994a739cb072c37c504f5d,6fc5331c754442474d4542d6d7069dfc5ef5f7af9c53d4bcf9f4b9eb79696691,"{""dropout"":0.0,""hidden_size"":32,""layers"":1,""weight_decay"":0.01}",67,4065,3.313590500038117,0.0013031999696977437,1777.25390625,78.05810546875,single_seed
C01_compact_gru,gated_recurrent_unit,rolling_origin_2021-11-02,42119,P-V01-W003::C012::C014,24.874809101472266,gate_c_torch,93d6a231e88abd7219722c0fb59328fbdb4063caf9d8ab33a5570465fdfe8a6d,340f5e8ac2d6df6696e2ea0267670ec4d5d1ef1265aa1ecb1a2cebed848a9eba,5a84f27899c20bd37e8318cdc99009da9cb2fc71b7090dead1ca57fee9e7db6a,4a1388db6a465b41decad90e9701c9312bb7aa844e8aeb133c461ed0a4bd9258,4addff335526e77628b914bf83380de2c81030fb22994a739cb072c37c504f5d,6fc5331c754442474d4542d6d7069dfc5ef5f7af9c53d4bcf9f4b9eb79696691,"{""dropout"":0.0,""hidden_size"":32,""layers"":1,""weight_decay"":0.01}",67,4065,3.313590500038117,0.0013031999696977437,1777.25390625,78.05810546875,single_seed
C01_compact_gru,gated_recurrent_unit,rolling_origin_2021-11-02,42119,P-V01-W004::C012::C014,27.676577153907765,gate_c_torch,93d6a231e88abd7219722c0fb59328fbdb4063caf9d8ab33a5570465fdfe8a6d,340f5e8ac2d6df6696e2ea0267670ec4d5d1ef1265aa1ecb1a2cebed848a9eba,5a84f27899c20bd37e8318cdc99009da9cb2fc71b7090dead1ca57fee9e7db6a,4a1388db6a465b41decad90e9701c9312bb7aa844e8aeb133c461ed0a4bd9258,4addff335526e77628b914bf83380de2c81030fb22994a739cb072c37c504f5d,6fc5331c754442474d4542d6d7069dfc5ef5f7af9c53d4bcf9f4b9eb79696691,"{""dropout"":0.0,""hidden_size"":32,""layers"":1,""weight_decay"":0.01}",67,4065,3.313590500038117,0.0013031999696977437,1777.25390625,78.05810546875,single_seed
C01_compact_gru,gated_recurrent_unit,rolling_origin_2021-11-02,42119,P-V01-W005::C012::C014,38.48353752120235,gate_c_torch,93d6a231e88abd7219722c0fb59328fbdb4063caf9d8ab33a5570465fdfe8a6d,340f5e8ac2d6df6696e2ea0267670ec4d5d1ef1265aa1ecb1a2cebed848a9eba,5a84f27899c20bd37e8318cdc99009da9cb2fc71b7090dead1ca57fee9e7db6a,4a1388db6a465b41decad90e9701c9312bb7aa844e8aeb133c461ed0a4bd9258,4addff335526e77628b914bf83380de2c81030fb22994a739cb072c37c504f5d,6fc5331c754442474d4542d6d7069dfc5ef5f7af9c53d4bcf9f4b9eb79696691,"{""dropout"":0.0,""hidden_size"":32,""layers"":1,""weight_decay"":0.01}",67,4065,3.313590500038117,0.0013031999696977437,1777.25390625,78.05810546875,single_seed
C01_compact_gru,gated_recurrent_unit,rolling_origin_2021-11-02,42119,P-V01-W006::C012::C014,36.65484670641193,gate_c_torch,93d6a231e88abd7219722c0fb59328fbdb4063caf9d8ab33a5570465fdfe8a6d,340f5e8ac2d6df6696e2ea0267670ec4d5d1ef1265aa1ecb1a2cebed848a9eba,5a84f27899c20bd37e8318cdc99009da9cb2fc71b7090dead1ca57fee9e7db6a,4a1388db6a465b41decad90e9701c9312bb7aa844e8aeb133c461ed0a4bd9258,4addff335526e77628b914bf83380de2c81030fb22994a739cb072c37c504f5d,6fc5331c754442474d4542d6d7069dfc5ef5f7af9c53d4bcf9f4b9eb79696691,"{""dropout"":0.0,""hidden_size"":32,""layers"":1,""weight_decay"":0.01}",67,4065,3.313590500038117,0.0013031999696977437,1777.25390625,78.05810546875,single_seed
C01_compact_gru,gated_recurrent_unit,rolling_origin_2021-11-02,42119,P-V01-W007::C012::C014,40.482671666019066,gate_c_torch,93d6a231e88abd7219722c0fb59328fbdb4063caf9d8ab33a5570465fdfe8a6d,340f5e8ac2d6df6696e2ea0267670ec4d5d1ef1265aa1ecb1a2cebed848a9eba,5a84f27899c20bd37e8318cdc99009da9cb2fc71b7090dead1ca57fee9e7db6a,4a1388db6a465b41decad90e9701c9312bb7aa844e8aeb133c461ed0a4bd9258,4addff335526e77628b914bf83380de2c81030fb22994a739cb072c37c504f5d,6fc5331c754442474d4542d6d7069dfc5ef5f7af9c53d4bcf9f4b9eb79696691,"{""dropout"":0.0,""hidden_size"":32,""layers"":1,""weight_decay"":0.01}",67,4065,3.313590500038117,0.0013031999696977437,1777.25390625,78.05810546875,single_seed
C01_compact_gru,gated_recurrent_unit,rolling_origin_2021-11-02,42119,P-V02-W001::C012::C014,35.40596718678758,gate_c_torch,93d6a231e88abd7219722c0fb59328fbdb4063caf9d8ab33a5570465fdfe8a6d,340f5e8ac2d6df6696e2ea0267670ec4d5d1ef1265aa1ecb1a2cebed848a9eba,5a84f27899c20bd37e8318cdc99009da9cb2fc71b7090dead1ca57fee9e7db6a,4a1388db6a465b41decad90e9701c9312bb7aa844e8aeb133c461ed0a4bd9258,4addff335526e77628b914bf83380de2c81030fb22994a739cb072c37c504f5d,6fc5331c754442474d4542d6d7069dfc5ef5f7af9c53d4bcf9f4b9eb79696691,"{""dropout"":0.0,""hidden_size"":32,""layers"":1,""weight_decay"":0.01}",67,4065,3.313590500038117,0.0013031999696977437,1777.25390625,78.05810546875,single_seed
C01_compact_gru,gated_recurrent_unit,rolling_origin_2021-11-02,42119,P-V02-W003::C012::C014,10.765164526736093,gate_c_torch,93d6a231e88abd7219722c0fb59328fbdb4063caf9d8ab33a5570465fdfe8a6d,340f5e8ac2d6df6696e2ea0267670ec4d5d1ef1265aa1ecb1a2cebed848a9eba,5a84f27899c20bd37e8318cdc99009da9cb2fc71b7090dead1ca57fee9e7db6a,4a1388db6a465b41decad90e9701c9312bb7aa844e8aeb133c461ed0a4bd9258,4addff335526e77628b914bf83380de2c81030fb22994a739cb072c37c504f5d,6fc5331c754442474d4542d6d7069dfc5ef5f7af9c53d4bcf9f4b9eb79696691,"{""dropout"":0.0,""hidden_size"":32,""layers"":1,""weight_decay"":0.01}",67,4065,3.313590500038117,0.0013031999696977437,1777.25390625,78.05810546875,single_seed
C01_compact_gru,gated_recurrent_unit,rolling_origin_2021-11-02,42119,P-V02-W004::C012::C014,18.8629651577033,gate_c_torch,93d6a231e88abd7219722c0fb59328fbdb4063caf9d8ab33a5570465fdfe8a6d,340f5e8ac2d6df6696e2ea0267670ec4d5d1ef1265aa1ecb1a2cebed848a9eba,5a84f27899c20bd37e8318cdc99009da9cb2fc71b7090dead1ca57fee9e7db6a,4a1388db6a465b41decad90e9701c9312bb7aa844e8aeb133c461ed0a4bd9258,4addff335526e77628b914bf83380de2c81030fb22994a739cb072c37c504f5d,6fc5331c754442474d4542d6d7069dfc5ef5f7af9c53d4bcf9f4b9eb79696691,"{""dropout"":0.0,""hidden_size"":32,""layers"":1,""weight_decay"":0.01}",67,4065,3.313590500038117,0.0013031999696977437,1777.25390625,78.05810546875,single_seed
C01_compact_gru,gated_recurrent_unit,rolling_origin_2021-11-02,42119,P-V02-W005::C012::C014,46.94245395405114,gate_c_torch,93d6a231e88abd7219722c0fb59328fbdb4063caf9d8ab33a5570465fdfe8a6d,340f5e8ac2d6df6696e2ea0267670ec4d5d1ef1265aa1ecb1a2cebed848a9eba,5a84f27899c20bd37e8318cdc99009da9cb2fc71b7090dead1ca57fee9e7db6a,4a1388db6a465b41decad90e9701c9312bb7aa844e8aeb133c461ed0a4bd9258,4addff335526e77628b914bf83380de2c81030fb22994a739cb072c37c504f5d,6fc5331c754442474d4542d6d7069dfc5ef5f7af9c53d4bcf9f4b9eb79696691,"{""dropout"":0.0,""hidden_size"":32,""layers"":1,""weight_decay"":0.01}",67,4065,3.313590500038117,0.0013031999696977437,1777.25390625,78.05810546875,single_seed
C01_compact_gru,gated_recurrent_unit,rolling_origin_2021-11-02,42119,P-V02-W006::C012::C014,26.859162199167386,gate_c_torch,93d6a231e88abd7219722c0fb59328fbdb4063caf9d8ab33a5570465fdfe8a6d,340f5e8ac2d6df6696e2ea0267670ec4d5d1ef1265aa1ecb1a2cebed848a9eba,5a84f27899c20bd37e8318cdc99009da9cb2fc71b7090dead1ca57fee9e7db6a,4a1388db6a465b41decad90e9701c9312bb7aa844e8aeb133c461ed0a4bd9258,4addff335526e77628b914bf83380de2c81030fb22994a739cb072c37c504f5d,6fc5331c754442474d4542d6d7069dfc5ef5f7af9c53d4bcf9f4b9eb79696691,"{""dropout"":0.0,""hidden_size"":32,""layers"":1,""weight_decay"":0.01}",67,4065,3.313590500038117,0.0013031999696977437,1777.25390625,78.05810546875,single_seed
C01_compact_gru,gated_recurrent_unit,rolling_origin_2021-11-02,42119,P-V02-W007::C012::C014,23.7943155482354,gate_c_torch,93d6a231e88abd7219722c0fb59328fbdb4063caf9d8ab33a5570465fdfe8a6d,340f5e8ac2d6df6696e2ea0267670ec4d5d1ef1265aa1ecb1a2cebed848a9eba,5a84f27899c20bd37e8318cdc99009da9cb2fc71b7090dead1ca57fee9e7db6a,4a1388db6a465b41decad90e9701c9312bb7aa844e8aeb133c461ed0a4bd9258,4addff335526e77628b914bf83380de2c81030fb22994a739cb072c37c504f5d,6fc5331c754442474d4542d6d7069dfc5ef5f7af9c53d4bcf9f4b9eb79696691,"{""dropout"":0.0,""hidden_size"":32,""layers"":1,""weight_decay"":0.01}",67,4065,3.313590500038117,0.0013031999696977437,1777.25390625,78.05810546875,single_seed
C01_compact_gru,gated_recurrent_unit,rolling_origin_2021-11-02,42119,P-V03-W001::C012::C014,27.814221008268575,gate_c_torch,93d6a231e88abd7219722c0fb59328fbdb4063caf9d8ab33a5570465fdfe8a6d,340f5e8ac2d6df6696e2ea0267670ec4d5d1ef1265aa1ecb1a2cebed848a9eba,5a84f27899c20bd37e8318cdc99009da9cb2fc71b7090dead1ca57fee9e7db6a,4a1388db6a465b41decad90e9701c9312bb7aa844e8aeb133c461ed0a4bd9258,4addff335526e77628b914bf83380de2c81030fb22994a739cb072c37c504f5d,6fc5331c754442474d4542d6d7069dfc5ef5f7af9c53d4bcf9f4b9eb79696691,"{""dropout"":0.0,""hidden_size"":32,""layers"":1,""weight_decay"":0.01}",67,4065,3.313590500038117,0.0013031999696977437,1777.25390625,78.05810546875,single_seed
C01_compact_gru,gated_recurrent_unit,rolling_origin_2021-11-02,42119,P-V03-W002::C012::C014,30.176274284848127,gate_c_torch,93d6a231e88abd7219722c0fb59328fbdb4063caf9d8ab33a5570465fdfe8a6d,340f5e8ac2d6df6696e2ea0267670ec4d5d1ef1265aa1ecb1a2cebed848a9eba,5a84f27899c20bd37e8318cdc99009da9cb2fc71b7090dead1ca57fee9e7db6a,4a1388db6a465b41decad90e9701c9312bb7aa844e8aeb133c461ed0a4bd9258,4addff335526e77628b914bf83380de2c81030fb22994a739cb072c37c504f5d,6fc5331c754442474d4542d6d7069dfc5ef5f7af9c53d4bcf9f4b9eb79696691,"{""dropout"":0.0,""hidden_size"":32,""layers"":1,""weight_decay"":0.01}",67,4065,3.313590500038117,0.0013031999696977437,1777.25390625,78.05810546875,single_seed
C01_compact_gru,gated_recurrent_unit,rolling_origin_2021-11-02,42119,P-V03-W003::C012::C014,31.068598528133254,gate_c_torch,93d6a231e88abd7219722c0fb59328fbdb4063caf9d8ab33a5570465fdfe8a6d,340f5e8ac2d6df6696e2ea0267670ec4d5d1ef1265aa1ecb1a2cebed848a9eba,5a84f27899c20bd37e8318cdc99009da9cb2fc71b7090dead1ca57fee9e7db6a,4a1388db6a465b41decad90e9701c9312bb7aa844e8aeb133c461ed0a4bd9258,4addff335526e77628b914bf83380de2c81030fb22994a739cb072c37c504f5d,6fc5331c754442474d4542d6d7069dfc5ef5f7af9c53d4bcf9f4b9eb79696691,"{""dropout"":0.0,""hidden_size"":32,""layers"":1,""weight_decay"":0.01}",67,4065,3.313590500038117,0.0013031999696977437,1777.25390625,78.05810546875,single_seed
C01_compact_gru,gated_recurrent_unit,rolling_origin_2021-11-02,42119,P-V03-W004::C012::C014,21.637969204795738,gate_c_torch,93d6a231e88abd7219722c0fb59328fbdb4063caf9d8ab33a5570465fdfe8a6d,340f5e8ac2d6df6696e2ea0267670ec4d5d1ef1265aa1ecb1a2cebed848a9eba,5a84f27899c20bd37e8318cdc99009da9cb2fc71b7090dead1ca57fee9e7db6a,4a1388db6a465b41decad90e9701c9312bb7aa844e8aeb133c461ed0a4bd9258,4addff335526e77628b914bf83380de2c81030fb22994a739cb072c37c504f5d,6fc5331c754442474d4542d6d7069dfc5ef5f7af9c53d4bcf9f4b9eb79696691,"{""dropout"":0.0,""hidden_size"":32,""layers"":1,""weight_decay"":0.01}",67,4065,3.313590500038117,0.0013031999696977437,1777.25390625,78.05810546875,single_seed
C01_compact_gru,gated_recurrent_unit,rolling_origin_2021-11-02,42119,P-V03-W005::C012::C014,30.422903268152165,gate_c_torch,93d6a231e88abd7219722c0fb59328fbdb4063caf9d8ab33a5570465fdfe8a6d,340f5e8ac2d6df6696e2ea0267670ec4d5d1ef1265aa1ecb1a2cebed848a9eba,5a84f27899c20bd37e8318cdc99009da9cb2fc71b7090dead1ca57fee9e7db6a,4a1388db6a465b41decad90e9701c9312bb7aa844e8aeb133c461ed0a4bd9258,4addff335526e77628b914bf83380de2c81030fb22994a739cb072c37c504f5d,6fc5331c754442474d4542d6d7069dfc5ef5f7af9c53d4bcf9f4b9eb79696691,"{""dropout"":0.0,""hidden_size"":32,""layers"":1,""weight_decay"":0.01}",67,4065,3.313590500038117,0.0013031999696977437,1777.25390625,78.05810546875,single_seed
C01_compact_gru,gated_recurrent_unit,rolling_origin_2021-11-02,42119,P-V03-W006::C012::C014,33.02445833215046,gate_c_torch,93d6a231e88abd7219722c0fb59328fbdb4063caf9d8ab33a5570465fdfe8a6d,340f5e8ac2d6df6696e2ea0267670ec4d5d1ef1265aa1ecb1a2cebed848a9eba,5a84f27899c20bd37e8318cdc99009da9cb2fc71b7090dead1ca57fee9e7db6a,4a1388db6a465b41decad90e9701c9312bb7aa844e8aeb133c461ed0a4bd9258,4addff335526e77628b914bf83380de2c81030fb22994a739cb072c37c504f5d,6fc5331c754442474d4542d6d7069dfc5ef5f7af9c53d4bcf9f4b9eb79696691,"{""dropout"":0.0,""hidden_size"":32,""layers"":1,""weight_decay"":0.01}",67,4065,3.313590500038117,0.0013031999696977437,1777.25390625,78.05810546875,single_seed
C01_compact_gru,gated_recurrent_unit,rolling_origin_2021-11-02,42119,P-V03-W007::C012::C014,4.051637212216232,gate_c_torch,93d6a231e88abd7219722c0fb59328fbdb4063caf9d8ab33a5570465fdfe8a6d,340f5e8ac2d6df6696e2ea0267670ec4d5d1ef1265aa1ecb1a2cebed848a9eba,5a84f27899c20bd37e8318cdc99009da9cb2fc71b7090dead1ca57fee9e7db6a,4a1388db6a465b41decad90e9701c9312bb7aa844e8aeb133c461ed0a4bd9258,4addff335526e77628b914bf83380de2c81030fb22994a739cb072c37c504f5d,6fc5331c754442474d4542d6d7069dfc5ef5f7af9c53d4bcf9f4b9eb79696691,"{""dropout"":0.0,""hidden_size"":32,""layers"":1,""weight_decay"":0.01}",67,4065,3.313590500038117,0.0013031999696977437,1777.25390625,78.05810546875,single_seed
C01_compact_gru,gated_recurrent_unit,rolling_origin_2021-11-02,42119,P-V04-W001::C012::C014,7.390488391597007,gate_c_torch,93d6a231e88abd7219722c0fb59328fbdb4063caf9d8ab33a5570465fdfe8a6d,340f5e8ac2d6df6696e2ea0267670ec4d5d1ef1265aa1ecb1a2cebed848a9eba,5a84f27899c20bd37e8318cdc99009da9cb2fc71b7090dead1ca57fee9e7db6a,4a1388db6a465b41decad90e9701c9312bb7aa844e8aeb133c461ed0a4bd9258,4addff335526e77628b914bf83380de2c81030fb22994a739cb072c37c504f5d,6fc5331c754442474d4542d6d7069dfc5ef5f7af9c53d4bcf9f4b9eb79696691,"{""dropout"":0.0,""hidden_size"":32,""layers"":1,""weight_decay"":0.01}",67,4065,3.313590500038117,0.0013031999696977437,1777.25390625,78.05810546875,single_seed
C01_compact_gru,gated_recurrent_unit,rolling_origin_2021-11-02,42119,P-V04-W003::C012::C014,8.19823643247123,gate_c_torch,93d6a231e88abd7219722c0fb59328fbdb4063caf9d8ab33a5570465fdfe8a6d,340f5e8ac2d6df6696e2ea0267670ec4d5d1ef1265aa1ecb1a2cebed848a9eba,5a84f27899c20bd37e8318cdc99009da9cb2fc71b7090dead1ca57fee9e7db6a,4a1388db6a465b41decad90e9701c9312bb7aa844e8aeb133c461ed0a4bd9258,4addff335526e77628b914bf83380de2c81030fb22994a739cb072c37c504f5d,6fc5331c754442474d4542d6d7069dfc5ef5f7af9c53d4bcf9f4b9eb79696691,"{""dropout"":0.0,""hidden_size"":32,""layers"":1,""weight_decay"":0.01}",67,4065,3.313590500038117,0.0013031999696977437,1777.25390625,78.05810546875,single_seed
C01_compact_gru,gated_recurrent_unit,rolling_origin_2021-11-02,42119,P-V04-W004::C012::C014,6.533864255772276,gate_c_torch,93d6a231e88abd7219722c0fb59328fbdb4063caf9d8ab33a5570465fdfe8a6d,340f5e8ac2d6df6696e2ea0267670ec4d5d1ef1265aa1ecb1a2cebed848a9eba,5a84f27899c20bd37e8318cdc99009da9cb2fc71b7090dead1ca57fee9e7db6a,4a1388db6a465b41decad90e9701c9312bb7aa844e8aeb133c461ed0a4bd9258,4addff335526e77628b914bf83380de2c81030fb22994a739cb072c37c504f5d,6fc5331c754442474d4542d6d7069dfc5ef5f7af9c53d4bcf9f4b9eb79696691,"{""dropout"":0.0,""hidden_size"":32,""layers"":1,""weight_decay"":0.01}",67,4065,3.313590500038117,0.0013031999696977437,1777.25390625,78.05810546875,single_seed
C01_compact_gru,gated_recurrent_unit,rolling_origin_2021-11-02,42119,P-V04-W006::C012::C014,5.210844054618363,gate_c_torch,93d6a231e88abd7219722c0fb59328fbdb4063caf9d8ab33a5570465fdfe8a6d,340f5e8ac2d6df6696e2ea0267670ec4d5d1ef1265aa1ecb1a2cebed848a9eba,5a84f27899c20bd37e8318cdc99009da9cb2fc71b7090dead1ca57fee9e7db6a,4a1388db6a465b41decad90e9701c9312bb7aa844e8aeb133c461ed0a4bd9258,4addff335526e77628b914bf83380de2c81030fb22994a739cb072c37c504f5d,6fc5331c754442474d4542d6d7069dfc5ef5f7af9c53d4bcf9f4b9eb79696691,"{""dropout"":0.0,""hidden_size"":32,""layers"":1,""weight_decay"":0.01}",67,4065,3.313590500038117,0.0013031999696977437,1777.25390625,78.05810546875,single_seed
C01_compact_gru,gated_recurrent_unit,rolling_origin_2021-11-02,42119,P-V04-W007::C012::C014,31.970761622766776,gate_c_torch,93d6a231e88abd7219722c0fb59328fbdb4063caf9d8ab33a5570465fdfe8a6d,340f5e8ac2d6df6696e2ea0267670ec4d5d1ef1265aa1ecb1a2cebed848a9eba,5a84f27899c20bd37e8318cdc99009da9cb2fc71b7090dead1ca57fee9e7db6a,4a1388db6a465b41decad90e9701c9312bb7aa844e8aeb133c461ed0a4bd9258,4addff335526e77628b914bf83380de2c81030fb22994a739cb072c37c504f5d,6fc5331c754442474d4542d6d7069dfc5ef5f7af9c53d4bcf9f4b9eb79696691,"{""dropout"":0.0,""hidden_size"":32,""layers"":1,""weight_decay"":0.01}",67,4065,3.313590500038117,0.0013031999696977437,1777.25390625,78.05810546875,single_seed
C01_compact_gru,gated_recurrent_unit,rolling_origin_2021-11-02,42119,P-V05-W001::C012::C014,26.536754945989454,gate_c_torch,93d6a231e88abd7219722c0fb59328fbdb4063caf9d8ab33a5570465fdfe8a6d,340f5e8ac2d6df6696e2ea0267670ec4d5d1ef1265aa1ecb1a2cebed848a9eba,5a84f27899c20bd37e8318cdc99009da9cb2fc71b7090dead1ca57fee9e7db6a,4a1388db6a465b41decad90e9701c9312bb7aa844e8aeb133c461ed0a4bd9258,4addff335526e77628b914bf83380de2c81030fb22994a739cb072c37c504f5d,6fc5331c754442474d4542d6d7069dfc5ef5f7af9c53d4bcf9f4b9eb79696691,"{""dropout"":0.0,""hidden_size"":32,""layers"":1,""weight_decay"":0.01}",67,4065,3.313590500038117,0.0013031999696977437,1777.25390625,78.05810546875,single_seed
C01_compact_gru,gated_recurrent_unit,rolling_origin_2021-11-02,42119,P-V05-W002::C012::C014,26.91342876653397,gate_c_torch,93d6a231e88abd7219722c0fb59328fbdb4063caf9d8ab33a5570465fdfe8a6d,340f5e8ac2d6df6696e2ea0267670ec4d5d1ef1265aa1ecb1a2cebed848a9eba,5a84f27899c20bd37e8318cdc99009da9cb2fc71b7090dead1ca57fee9e7db6a,4a1388db6a465b41decad90e9701c9312bb7aa844e8aeb133c461ed0a4bd9258,4addff335526e77628b914bf83380de2c81030fb22994a739cb072c37c504f5d,6fc5331c754442474d4542d6d7069dfc5ef5f7af9c53d4bcf9f4b9eb79696691,"{""dropout"":0.0,""hidden_size"":32,""layers"":1,""weight_decay"":0.01}",67,4065,3.313590500038117,0.0013031999696977437,1777.25390625,78.05810546875,single_seed
C01_compact_gru,gated_recurrent_unit,rolling_origin_2021-11-02,42119,P-V05-W003::C012::C014,27.16412693691761,gate_c_torch,93d6a231e88abd7219722c0fb59328fbdb4063caf9d8ab33a5570465fdfe8a6d,340f5e8ac2d6df6696e2ea0267670ec4d5d1ef1265aa1ecb1a2cebed848a9eba,5a84f27899c20bd37e8318cdc99009da9cb2fc71b7090dead1ca57fee9e7db6a,4a1388db6a465b41decad90e9701c9312bb7aa844e8aeb133c461ed0a4bd9258,4addff335526e77628b914bf83380de2c81030fb22994a739cb072c37c504f5d,6fc5331c754442474d4542d6d7069dfc5ef5f7af9c53d4bcf9f4b9eb79696691,"{""dropout"":0.0,""hidden_size"":32,""layers"":1,""weight_decay"":0.01}",67,4065,3.313590500038117,0.0013031999696977437,1777.25390625,78.05810546875,single_seed
C01_compact_gru,gated_recurrent_unit,rolling_origin_2021-11-02,42119,P-V05-W004::C012::C014,31.075522032316623,gate_c_torch,93d6a231e88abd7219722c0fb59328fbdb4063caf9d8ab33a5570465fdfe8a6d,340f5e8ac2d6df6696e2ea0267670ec4d5d1ef1265aa1ecb1a2cebed848a9eba,5a84f27899c20bd37e8318cdc99009da9cb2fc71b7090dead1ca57fee9e7db6a,4a1388db6a465b41decad90e9701c9312bb7aa844e8aeb133c461ed0a4bd9258,4addff335526e77628b914bf83380de2c81030fb22994a739cb072c37c504f5d,6fc5331c754442474d4542d6d7069dfc5ef5f7af9c53d4bcf9f4b9eb79696691,"{""dropout"":0.0,""hidden_size"":32,""layers"":1,""weight_decay"":0.01}",67,4065,3.313590500038117,0.0013031999696977437,1777.25390625,78.05810546875,single_seed
C01_compact_gru,gated_recurrent_unit,rolling_origin_2021-11-02,42119,P-V05-W006::C012::C014,21.87613762478467,gate_c_torch,93d6a231e88abd7219722c0fb59328fbdb4063caf9d8ab33a5570465fdfe8a6d,340f5e8ac2d6df6696e2ea0267670ec4d5d1ef1265aa1ecb1a2cebed848a9eba,5a84f27899c20bd37e8318cdc99009da9cb2fc71b7090dead1ca57fee9e7db6a,4a1388db6a465b41decad90e9701c9312bb7aa844e8aeb133c461ed0a4bd9258,4addff335526e77628b914bf83380de2c81030fb22994a739cb072c37c504f5d,6fc5331c754442474d4542d6d7069dfc5ef5f7af9c53d4bcf9f4b9eb79696691,"{""dropout"":0.0,""hidden_size"":32,""layers"":1,""weight_decay"":0.01}",67,4065,3.313590500038117,0.0013031999696977437,1777.25390625,78.05810546875,single_seed
C01_compact_gru,gated_recurrent_unit,rolling_origin_2021-11-02,42119,P-V05-W007::C012::C014,32.59808001876804,gate_c_torch,93d6a231e88abd7219722c0fb59328fbdb4063caf9d8ab33a5570465fdfe8a6d,340f5e8ac2d6df6696e2ea0267670ec4d5d1ef1265aa1ecb1a2cebed848a9eba,5a84f27899c20bd37e8318cdc99009da9cb2fc71b7090dead1ca57fee9e7db6a,4a1388db6a465b41decad90e9701c9312bb7aa844e8aeb133c461ed0a4bd9258,4addff335526e77628b914bf83380de2c81030fb22994a739cb072c37c504f5d,6fc5331c754442474d4542d6d7069dfc5ef5f7af9c53d4bcf9f4b9eb79696691,"{""dropout"":0.0,""hidden_size"":32,""layers"":1,""weight_decay"":0.01}",67,4065,3.313590500038117,0.0013031999696977437,1777.25390625,78.05810546875,single_seed
C01_compact_gru,gated_recurrent_unit,rolling_origin_2021-11-02,42119,P-H04-W001::C013::C014,27.591513640398553,gate_c_torch,93d6a231e88abd7219722c0fb59328fbdb4063caf9d8ab33a5570465fdfe8a6d,340f5e8ac2d6df6696e2ea0267670ec4d5d1ef1265aa1ecb1a2cebed848a9eba,5a84f27899c20bd37e8318cdc99009da9cb2fc71b7090dead1ca57fee9e7db6a,4a1388db6a465b41decad90e9701c9312bb7aa844e8aeb133c461ed0a4bd9258,4addff335526e77628b914bf83380de2c81030fb22994a739cb072c37c504f5d,6fc5331c754442474d4542d6d7069dfc5ef5f7af9c53d4bcf9f4b9eb79696691,"{""dropout"":0.0,""hidden_size"":32,""layers"":1,""weight_decay"":0.01}",67,4065,3.313590500038117,0.0013031999696977437,1777.25390625,78.05810546875,single_seed
C01_compact_gru,gated_recurrent_unit,rolling_origin_2021-11-02,42119,P-H04-W002::C013::C014,27.87173518036721,gate_c_torch,93d6a231e88abd7219722c0fb59328fbdb4063caf9d8ab33a5570465fdfe8a6d,340f5e8ac2d6df6696e2ea0267670ec4d5d1ef1265aa1ecb1a2cebed848a9eba,5a84f27899c20bd37e8318cdc99009da9cb2fc71b7090dead1ca57fee9e7db6a,4a1388db6a465b41decad90e9701c9312bb7aa844e8aeb133c461ed0a4bd9258,4addff335526e77628b914bf83380de2c81030fb22994a739cb072c37c504f5d,6fc5331c754442474d4542d6d7069dfc5ef5f7af9c53d4bcf9f4b9eb79696691,"{""dropout"":0.0,""hidden_size"":32,""layers"":1,""weight_decay"":0.01}",67,4065,3.313590500038117,0.0013031999696977437,1777.25390625,78.05810546875,single_seed
C01_compact_gru,gated_recurrent_unit,rolling_origin_2021-11-02,42119,P-H04-W003::C013::C014,26.333656815620586,gate_c_torch,93d6a231e88abd7219722c0fb59328fbdb4063caf9d8ab33a5570465fdfe8a6d,340f5e8ac2d6df6696e2ea0267670ec4d5d1ef1265aa1ecb1a2cebed848a9eba,5a84f27899c20bd37e8318cdc99009da9cb2fc71b7090dead1ca57fee9e7db6a,4a1388db6a465b41decad90e9701c9312bb7aa844e8aeb133c461ed0a4bd9258,4addff335526e77628b914bf83380de2c81030fb22994a739cb072c37c504f5d,6fc5331c754442474d4542d6d7069dfc5ef5f7af9c53d4bcf9f4b9eb79696691,"{""dropout"":0.0,""hidden_size"":32,""layers"":1,""weight_decay"":0.01}",67,4065,3.313590500038117,0.0013031999696977437,1777.25390625,78.05810546875,single_seed
C01_compact_gru,gated_recurrent_unit,rolling_origin_2021-11-02,42119,P-H04-W004::C013::C014,16.139388695838317,gate_c_torch,93d6a231e88abd7219722c0fb59328fbdb4063caf9d8ab33a5570465fdfe8a6d,340f5e8ac2d6df6696e2ea0267670ec4d5d1ef1265aa1ecb1a2cebed848a9eba,5a84f27899c20bd37e8318cdc99009da9cb2fc71b7090dead1ca57fee9e7db6a,4a1388db6a465b41decad90e9701c9312bb7aa844e8aeb133c461ed0a4bd9258,4addff335526e77628b914bf83380de2c81030fb22994a739cb072c37c504f5d,6fc5331c754442474d4542d6d7069dfc5ef5f7af9c53d4bcf9f4b9eb79696691,"{""dropout"":0.0,""hidden_size"":32,""layers"":1,""weight_decay"":0.01}",67,4065,3.313590500038117,0.0013031999696977437,1777.25390625,78.05810546875,single_seed
C01_compact_gru,gated_recurrent_unit,rolling_origin_2021-11-02,42119,P-H04-W005::C013::C014,30.407505724472646,gate_c_torch,93d6a231e88abd7219722c0fb59328fbdb4063caf9d8ab33a5570465fdfe8a6d,340f5e8ac2d6df6696e2ea0267670ec4d5d1ef1265aa1ecb1a2cebed848a9eba,5a84f27899c20bd37e8318cdc99009da9cb2fc71b7090dead1ca57fee9e7db6a,4a1388db6a465b41decad90e9701c9312bb7aa844e8aeb133c461ed0a4bd9258,4addff335526e77628b914bf83380de2c81030fb22994a739cb072c37c504f5d,6fc5331c754442474d4542d6d7069dfc5ef5f7af9c53d4bcf9f4b9eb79696691,"{""dropout"":0.0,""hidden_size"":32,""layers"":1,""weight_decay"":0.01}",67,4065,3.313590500038117,0.0013031999696977437,1777.25390625,78.05810546875,single_seed
C01_compact_gru,gated_recurrent_unit,rolling_origin_2021-11-02,42119,P-H04-W006::C013::C014,26.757368394143374,gate_c_torch,93d6a231e88abd7219722c0fb59328fbdb4063caf9d8ab33a5570465fdfe8a6d,340f5e8ac2d6df6696e2ea0267670ec4d5d1ef1265aa1ecb1a2cebed848a9eba,5a84f27899c20bd37e8318cdc99009da9cb2fc71b7090dead1ca57fee9e7db6a,4a1388db6a465b41decad90e9701c9312bb7aa844e8aeb133c461ed0a4bd9258,4addff335526e77628b914bf83380de2c81030fb22994a739cb072c37c504f5d,6fc5331c754442474d4542d6d7069dfc5ef5f7af9c53d4bcf9f4b9eb79696691,"{""dropout"":0.0,""hidden_size"":32,""layers"":1,""weight_decay"":0.01}",67,4065,3.313590500038117,0.0013031999696977437,1777.25390625,78.05810546875,single_seed
C01_compact_gru,gated_recurrent_unit,rolling_origin_2021-11-02,42119,P-H04-W007::C013::C014,31.294090044026454,gate_c_torch,93d6a231e88abd7219722c0fb59328fbdb4063caf9d8ab33a5570465fdfe8a6d,340f5e8ac2d6df6696e2ea0267670ec4d5d1ef1265aa1ecb1a2cebed848a9eba,5a84f27899c20bd37e8318cdc99009da9cb2fc71b7090dead1ca57fee9e7db6a,4a1388db6a465b41decad90e9701c9312bb7aa844e8aeb133c461ed0a4bd9258,4addff335526e77628b914bf83380de2c81030fb22994a739cb072c37c504f5d,6fc5331c754442474d4542d6d7069dfc5ef5f7af9c53d4bcf9f4b9eb79696691,"{""dropout"":0.0,""hidden_size"":32,""layers"":1,""weight_decay"":0.01}",67,4065,3.313590500038117,0.0013031999696977437,1777.25390625,78.05810546875,single_seed
C01_compact_gru,gated_recurrent_unit,rolling_origin_2021-11-02,42119,P-V06-W001::C013::C014,0.3941384792691025,gate_c_torch,93d6a231e88abd7219722c0fb59328fbdb4063caf9d8ab33a5570465fdfe8a6d,340f5e8ac2d6df6696e2ea0267670ec4d5d1ef1265aa1ecb1a2cebed848a9eba,5a84f27899c20bd37e8318cdc99009da9cb2fc71b7090dead1ca57fee9e7db6a,4a1388db6a465b41decad90e9701c9312bb7aa844e8aeb133c461ed0a4bd9258,4addff335526e77628b914bf83380de2c81030fb22994a739cb072c37c504f5d,6fc5331c754442474d4542d6d7069dfc5ef5f7af9c53d4bcf9f4b9eb79696691,"{""dropout"":0.0,""hidden_size"":32,""layers"":1,""weight_decay"":0.01}",67,4065,3.313590500038117,0.0013031999696977437,1777.25390625,78.05810546875,single_seed
C01_compact_gru,gated_recurrent_unit,rolling_origin_2021-11-02,42119,P-V06-W002::C013::C014,21.385158526860074,gate_c_torch,93d6a231e88abd7219722c0fb59328fbdb4063caf9d8ab33a5570465fdfe8a6d,340f5e8ac2d6df6696e2ea0267670ec4d5d1ef1265aa1ecb1a2cebed848a9eba,5a84f27899c20bd37e8318cdc99009da9cb2fc71b7090dead1ca57fee9e7db6a,4a1388db6a465b41decad90e9701c9312bb7aa844e8aeb133c461ed0a4bd9258,4addff335526e77628b914bf83380de2c81030fb22994a739cb072c37c504f5d,6fc5331c754442474d4542d6d7069dfc5ef5f7af9c53d4bcf9f4b9eb79696691,"{""dropout"":0.0,""hidden_size"":32,""layers"":1,""weight_decay"":0.01}",67,4065,3.313590500038117,0.0013031999696977437,1777.25390625,78.05810546875,single_seed
C01_compact_gru,gated_recurrent_unit,rolling_origin_2021-11-02,42119,P-V06-W004::C013::C014,20.621997747595668,gate_c_torch,93d6a231e88abd7219722c0fb59328fbdb4063caf9d8ab33a5570465fdfe8a6d,340f5e8ac2d6df6696e2ea0267670ec4d5d1ef1265aa1ecb1a2cebed848a9eba,5a84f27899c20bd37e8318cdc99009da9cb2fc71b7090dead1ca57fee9e7db6a,4a1388db6a465b41decad90e9701c9312bb7aa844e8aeb133c461ed0a4bd9258,4addff335526e77628b914bf83380de2c81030fb22994a739cb072c37c504f5d,6fc5331c754442474d4542d6d7069dfc5ef5f7af9c53d4bcf9f4b9eb79696691,"{""dropout"":0.0,""hidden_size"":32,""layers"":1,""weight_decay"":0.01}",67,4065,3.313590500038117,0.0013031999696977437,1777.25390625,78.05810546875,single_seed
C01_compact_gru,gated_recurrent_unit,rolling_origin_2021-11-02,42119,P-V06-W005::C013::C014,41.017166127015564,gate_c_torch,93d6a231e88abd7219722c0fb59328fbdb4063caf9d8ab33a5570465fdfe8a6d,340f5e8ac2d6df6696e2ea0267670ec4d5d1ef1265aa1ecb1a2cebed848a9eba,5a84f27899c20bd37e8318cdc99009da9cb2fc71b7090dead1ca57fee9e7db6a,4a1388db6a465b41decad90e9701c9312bb7aa844e8aeb133c461ed0a4bd9258,4addff335526e77628b914bf83380de2c81030fb22994a739cb072c37c504f5d,6fc5331c754442474d4542d6d7069dfc5ef5f7af9c53d4bcf9f4b9eb79696691,"{""dropout"":0.0,""hidden_size"":32,""layers"":1,""weight_decay"":0.01}",67,4065,3.313590500038117,0.0013031999696977437,1777.25390625,78.05810546875,single_seed
C01_compact_gru,gated_recurrent_unit,rolling_origin_2021-11-02,42119,P-V06-W006::C013::C014,17.367194566288475,gate_c_torch,93d6a231e88abd7219722c0fb59328fbdb4063caf9d8ab33a5570465fdfe8a6d,340f5e8ac2d6df6696e2ea0267670ec4d5d1ef1265aa1ecb1a2cebed848a9eba,5a84f27899c20bd37e8318cdc99009da9cb2fc71b7090dead1ca57fee9e7db6a,4a1388db6a465b41decad90e9701c9312bb7aa844e8aeb133c461ed0a4bd9258,4addff335526e77628b914bf83380de2c81030fb22994a739cb072c37c504f5d,6fc5331c754442474d4542d6d7069dfc5ef5f7af9c53d4bcf9f4b9eb79696691,"{""dropout"":0.0,""hidden_size"":32,""layers"":1,""weight_decay"":0.01}",67,4065,3.313590500038117,0.0013031999696977437,1777.25390625,78.05810546875,single_seed
C01_compact_gru,gated_recurrent_unit,rolling_origin_2021-11-02,42119,P-V06-W007::C013::C014,18.442617357887052,gate_c_torch,93d6a231e88abd7219722c0fb59328fbdb4063caf9d8ab33a5570465fdfe8a6d,340f5e8ac2d6df6696e2ea0267670ec4d5d1ef1265aa1ecb1a2cebed848a9eba,5a84f27899c20bd37e8318cdc99009da9cb2fc71b7090dead1ca57fee9e7db6a,4a1388db6a465b41decad90e9701c9312bb7aa844e8aeb133c461ed0a4bd9258,4addff335526e77628b914bf83380de2c81030fb22994a739cb072c37c504f5d,6fc5331c754442474d4542d6d7069dfc5ef5f7af9c53d4bcf9f4b9eb79696691,"{""dropout"":0.0,""hidden_size"":32,""layers"":1,""weight_decay"":0.01}",67,4065,3.313590500038117,0.0013031999696977437,1777.25390625,78.05810546875,single_seed
C01_compact_gru,gated_recurrent_unit,rolling_origin_2021-11-02,42120,P-D01-W001::C012::C014,48.76803347490625,gate_c_torch,93d6a231e88abd7219722c0fb59328fbdb4063caf9d8ab33a5570465fdfe8a6d,340f5e8ac2d6df6696e2ea0267670ec4d5d1ef1265aa1ecb1a2cebed848a9eba,5a84f27899c20bd37e8318cdc99009da9cb2fc71b7090dead1ca57fee9e7db6a,4a1388db6a465b41decad90e9701c9312bb7aa844e8aeb133c461ed0a4bd9258,4addff335526e77628b914bf83380de2c81030fb22994a739cb072c37c504f5d,6fc5331c754442474d4542d6d7069dfc5ef5f7af9c53d4bcf9f4b9eb79696691,"{""dropout"":0.0,""hidden_size"":32,""layers"":1,""weight_decay"":0.01}",67,4065,3.355075499974191,0.004470500047318637,1777.24609375,78.05810546875,single_seed
C01_compact_gru,gated_recurrent_unit,rolling_origin_2021-11-02,42120,P-D01-W002::C012::C014,48.652248605787136,gate_c_torch,93d6a231e88abd7219722c0fb59328fbdb4063caf9d8ab33a5570465fdfe8a6d,340f5e8ac2d6df6696e2ea0267670ec4d5d1ef1265aa1ecb1a2cebed848a9eba,5a84f27899c20bd37e8318cdc99009da9cb2fc71b7090dead1ca57fee9e7db6a,4a1388db6a465b41decad90e9701c9312bb7aa844e8aeb133c461ed0a4bd9258,4addff335526e77628b914bf83380de2c81030fb22994a739cb072c37c504f5d,6fc5331c754442474d4542d6d7069dfc5ef5f7af9c53d4bcf9f4b9eb79696691,"{""dropout"":0.0,""hidden_size"":32,""layers"":1,""weight_decay"":0.01}",67,4065,3.355075499974191,0.004470500047318637,1777.24609375,78.05810546875,single_seed
C01_compact_gru,gated_recurrent_unit,rolling_origin_2021-11-02,42120,P-D01-W003::C012::C014,5.630986149050461,gate_c_torch,93d6a231e88abd7219722c0fb59328fbdb4063caf9d8ab33a5570465fdfe8a6d,340f5e8ac2d6df6696e2ea0267670ec4d5d1ef1265aa1ecb1a2cebed848a9eba,5a84f27899c20bd37e8318cdc99009da9cb2fc71b7090dead1ca57fee9e7db6a,4a1388db6a465b41decad90e9701c9312bb7aa844e8aeb133c461ed0a4bd9258,4addff335526e77628b914bf83380de2c81030fb22994a739cb072c37c504f5d,6fc5331c754442474d4542d6d7069dfc5ef5f7af9c53d4bcf9f4b9eb79696691,"{""dropout"":0.0,""hidden_size"":32,""layers"":1,""weight_decay"":0.01}",67,4065,3.355075499974191,0.004470500047318637,1777.24609375,78.05810546875,single_seed
C01_compact_gru,gated_recurrent_unit,rolling_origin_2021-11-02,42120,P-D01-W004::C012::C014,5.386365271620043,gate_c_torch,93d6a231e88abd7219722c0fb59328fbdb4063caf9d8ab33a5570465fdfe8a6d,340f5e8ac2d6df6696e2ea0267670ec4d5d1ef1265aa1ecb1a2cebed848a9eba,5a84f27899c20bd37e8318cdc99009da9cb2fc71b7090dead1ca57fee9e7db6a,4a1388db6a465b41decad90e9701c9312bb7aa844e8aeb133c461ed0a4bd9258,4addff335526e77628b914bf83380de2c81030fb22994a739cb072c37c504f5d,6fc5331c754442474d4542d6d7069dfc5ef5f7af9c53d4bcf9f4b9eb79696691,"{""dropout"":0.0,""hidden_size"":32,""layers"":1,""weight_decay"":0.01}",67,4065,3.355075499974191,0.004470500047318637,1777.24609375,78.05810546875,single_seed
C01_compact_gru,gated_recurrent_unit,rolling_origin_2021-11-02,42120,P-D01-W005::C012::C014,38.28301070813541,gate_c_torch,93d6a231e88abd7219722c0fb59328fbdb4063caf9d8ab33a5570465fdfe8a6d,340f5e8ac2d6df6696e2ea0267670ec4d5d1ef1265aa1ecb1a2cebed848a9eba,5a84f27899c20bd37e8318cdc99009da9cb2fc71b7090dead1ca57fee9e7db6a,4a1388db6a465b41decad90e9701c9312bb7aa844e8aeb133c461ed0a4bd9258,4addff335526e77628b914bf83380de2c81030fb22994a739cb072c37c504f5d,6fc5331c754442474d4542d6d7069dfc5ef5f7af9c53d4bcf9f4b9eb79696691,"{""dropout"":0.0,""hidden_size"":32,""layers"":1,""weight_decay"":0.01}",67,4065,3.355075499974191,0.004470500047318637,1777.24609375,78.05810546875,single_seed
C01_compact_gru,gated_recurrent_unit,rolling_origin_2021-11-02,42120,P-D01-W006::C012::C014,26.808393242925945,gate_c_torch,93d6a231e88abd7219722c0fb59328fbdb4063caf9d8ab33a5570465fdfe8a6d,340f5e8ac2d6df6696e2ea0267670ec4d5d1ef1265aa1ecb1a2cebed848a9eba,5a84f27899c20bd37e8318cdc99009da9cb2fc71b7090dead1ca57fee9e7db6a,4a1388db6a465b41decad90e9701c9312bb7aa844e8aeb133c461ed0a4bd9258,4addff335526e77628b914bf83380de2c81030fb22994a739cb072c37c504f5d,6fc5331c754442474d4542d6d7069dfc5ef5f7af9c53d4bcf9f4b9eb79696691,"{""dropout"":0.0,""hidden_size"":32,""layers"":1,""weight_decay"":0.01}",67,4065,3.355075499974191,0.004470500047318637,1777.24609375,78.05810546875,single_seed
C01_compact_gru,gated_recurrent_unit,rolling_origin_2021-11-02,42120,P-D01-W007::C012::C014,31.700554976442515,gate_c_torch,93d6a231e88abd7219722c0fb59328fbdb4063caf9d8ab33a5570465fdfe8a6d,340f5e8ac2d6df6696e2ea0267670ec4d5d1ef1265aa1ecb1a2cebed848a9eba,5a84f27899c20bd37e8318cdc99009da9cb2fc71b7090dead1ca57fee9e7db6a,4a1388db6a465b41decad90e9701c9312bb7aa844e8aeb133c461ed0a4bd9258,4addff335526e77628b914bf83380de2c81030fb22994a739cb072c37c504f5d,6fc5331c754442474d4542d6d7069dfc5ef5f7af9c53d4bcf9f4b9eb79696691,"{""dropout"":0.0,""hidden_size"":32,""layers"":1,""weight_decay"":0.01}",67,4065,3.355075499974191,0.004470500047318637,1777.24609375,78.05810546875,single_seed
C01_compact_gru,gated_recurrent_unit,rolling_origin_2021-11-02,42120,P-H01-W001::C012::C014,23.797659499916957,gate_c_torch,93d6a231e88abd7219722c0fb59328fbdb4063caf9d8ab33a5570465fdfe8a6d,340f5e8ac2d6df6696e2ea0267670ec4d5d1ef1265aa1ecb1a2cebed848a9eba,5a84f27899c20bd37e8318cdc99009da9cb2fc71b7090dead1ca57fee9e7db6a,4a1388db6a465b41decad90e9701c9312bb7aa844e8aeb133c461ed0a4bd9258,4addff335526e77628b914bf83380de2c81030fb22994a739cb072c37c504f5d,6fc5331c754442474d4542d6d7069dfc5ef5f7af9c53d4bcf9f4b9eb79696691,"{""dropout"":0.0,""hidden_size"":32,""layers"":1,""weight_decay"":0.01}",67,4065,3.355075499974191,0.004470500047318637,1777.24609375,78.05810546875,single_seed
C01_compact_gru,gated_recurrent_unit,rolling_origin_2021-11-02,42120,P-H01-W002::C012::C014,24.767240675423217,gate_c_torch,93d6a231e88abd7219722c0fb59328fbdb4063caf9d8ab33a5570465fdfe8a6d,340f5e8ac2d6df6696e2ea0267670ec4d5d1ef1265aa1ecb1a2cebed848a9eba,5a84f27899c20bd37e8318cdc99009da9cb2fc71b7090dead1ca57fee9e7db6a,4a1388db6a465b41decad90e9701c9312bb7aa844e8aeb133c461ed0a4bd9258,4addff335526e77628b914bf83380de2c81030fb22994a739cb072c37c504f5d,6fc5331c754442474d4542d6d7069dfc5ef5f7af9c53d4bcf9f4b9eb79696691,"{""dropout"":0.0,""hidden_size"":32,""layers"":1,""weight_decay"":0.01}",67,4065,3.355075499974191,0.004470500047318637,1777.24609375,78.05810546875,single_seed
C01_compact_gru,gated_recurrent_unit,rolling_origin_2021-11-02,42120,P-H01-W003::C012::C014,22.22605239674236,gate_c_torch,93d6a231e88abd7219722c0fb59328fbdb4063caf9d8ab33a5570465fdfe8a6d,340f5e8ac2d6df6696e2ea0267670ec4d5d1ef1265aa1ecb1a2cebed848a9eba,5a84f27899c20bd37e8318cdc99009da9cb2fc71b7090dead1ca57fee9e7db6a,4a1388db6a465b41decad90e9701c9312bb7aa844e8aeb133c461ed0a4bd9258,4addff335526e77628b914bf83380de2c81030fb22994a739cb072c37c504f5d,6fc5331c754442474d4542d6d7069dfc5ef5f7af9c53d4bcf9f4b9eb79696691,"{""dropout"":0.0,""hidden_size"":32,""layers"":1,""weight_decay"":0.01}",67,4065,3.355075499974191,0.004470500047318637,1777.24609375,78.05810546875,single_seed
C01_compact_gru,gated_recurrent_unit,rolling_origin_2021-11-02,42120,P-H01-W004::C012::C014,28.871433606816048,gate_c_torch,93d6a231e88abd7219722c0fb59328fbdb4063caf9d8ab33a5570465fdfe8a6d,340f5e8ac2d6df6696e2ea0267670ec4d5d1ef1265aa1ecb1a2cebed848a9eba,5a84f27899c20bd37e8318cdc99009da9cb2fc71b7090dead1ca57fee9e7db6a,4a1388db6a465b41decad90e9701c9312bb7aa844e8aeb133c461ed0a4bd9258,4addff335526e77628b914bf83380de2c81030fb22994a739cb072c37c504f5d,6fc5331c754442474d4542d6d7069dfc5ef5f7af9c53d4bcf9f4b9eb79696691,"{""dropout"":0.0,""hidden_size"":32,""layers"":1,""weight_decay"":0.01}",67,4065,3.355075499974191,0.004470500047318637,1777.24609375,78.05810546875,single_seed
C01_compact_gru,gated_recurrent_unit,rolling_origin_2021-11-02,42120,P-H01-W005::C012::C014,49.216829337999684,gate_c_torch,93d6a231e88abd7219722c0fb59328fbdb4063caf9d8ab33a5570465fdfe8a6d,340f5e8ac2d6df6696e2ea0267670ec4d5d1ef1265aa1ecb1a2cebed848a9eba,5a84f27899c20bd37e8318cdc99009da9cb2fc71b7090dead1ca57fee9e7db6a,4a1388db6a465b41decad90e9701c9312bb7aa844e8aeb133c461ed0a4bd9258,4addff335526e77628b914bf83380de2c81030fb22994a739cb072c37c504f5d,6fc5331c754442474d4542d6d7069dfc5ef5f7af9c53d4bcf9f4b9eb79696691,"{""dropout"":0.0,""hidden_size"":32,""layers"":1,""weight_decay"":0.01}",67,4065,3.355075499974191,0.004470500047318637,1777.24609375,78.05810546875,single_seed
C01_compact_gru,gated_recurrent_unit,rolling_origin_2021-11-02,42120,P-H01-W006::C012::C014,32.367771232848874,gate_c_torch,93d6a231e88abd7219722c0fb59328fbdb4063caf9d8ab33a5570465fdfe8a6d,340f5e8ac2d6df6696e2ea0267670ec4d5d1ef1265aa1ecb1a2cebed848a9eba,5a84f27899c20bd37e8318cdc99009da9cb2fc71b7090dead1ca57fee9e7db6a,4a1388db6a465b41decad90e9701c9312bb7aa844e8aeb133c461ed0a4bd9258,4addff335526e77628b914bf83380de2c81030fb22994a739cb072c37c504f5d,6fc5331c754442474d4542d6d7069dfc5ef5f7af9c53d4bcf9f4b9eb79696691,"{""dropout"":0.0,""hidden_size"":32,""layers"":1,""weight_decay"":0.01}",67,4065,3.355075499974191,0.004470500047318637,1777.24609375,78.05810546875,single_seed
C01_compact_gru,gated_recurrent_unit,rolling_origin_2021-11-02,42120,P-H01-W007::C012::C014,30.633369306881463,gate_c_torch,93d6a231e88abd7219722c0fb59328fbdb4063caf9d8ab33a5570465fdfe8a6d,340f5e8ac2d6df6696e2ea0267670ec4d5d1ef1265aa1ecb1a2cebed848a9eba,5a84f27899c20bd37e8318cdc99009da9cb2fc71b7090dead1ca57fee9e7db6a,4a1388db6a465b41decad90e9701c9312bb7aa844e8aeb133c461ed0a4bd9258,4addff335526e77628b914bf83380de2c81030fb22994a739cb072c37c504f5d,6fc5331c754442474d4542d6d7069dfc5ef5f7af9c53d4bcf9f4b9eb79696691,"{""dropout"":0.0,""hidden_size"":32,""layers"":1,""weight_decay"":0.01}",67,4065,3.355075499974191,0.004470500047318637,1777.24609375,78.05810546875,single_seed
C01_compact_gru,gated_recurrent_unit,rolling_origin_2021-11-02,42120,P-H02-W001::C012::C014,34.20135242981988,gate_c_torch,93d6a231e88abd7219722c0fb59328fbdb4063caf9d8ab33a5570465fdfe8a6d,340f5e8ac2d6df6696e2ea0267670ec4d5d1ef1265aa1ecb1a2cebed848a9eba,5a84f27899c20bd37e8318cdc99009da9cb2fc71b7090dead1ca57fee9e7db6a,4a1388db6a465b41decad90e9701c9312bb7aa844e8aeb133c461ed0a4bd9258,4addff335526e77628b914bf83380de2c81030fb22994a739cb072c37c504f5d,6fc5331c754442474d4542d6d7069dfc5ef5f7af9c53d4bcf9f4b9eb79696691,"{""dropout"":0.0,""hidden_size"":32,""layers"":1,""weight_decay"":0.01}",67,4065,3.355075499974191,0.004470500047318637,1777.24609375,78.05810546875,single_seed
C01_compact_gru,gated_recurrent_unit,rolling_origin_2021-11-02,42120,P-H02-W003::C012::C014,21.126581902222803,gate_c_torch,93d6a231e88abd7219722c0fb59328fbdb4063caf9d8ab33a5570465fdfe8a6d,340f5e8ac2d6df6696e2ea0267670ec4d5d1ef1265aa1ecb1a2cebed848a9eba,5a84f27899c20bd37e8318cdc99009da9cb2fc71b7090dead1ca57fee9e7db6a,4a1388db6a465b41decad90e9701c9312bb7aa844e8aeb133c461ed0a4bd9258,4addff335526e77628b914bf83380de2c81030fb22994a739cb072c37c504f5d,6fc5331c754442474d4542d6d7069dfc5ef5f7af9c53d4bcf9f4b9eb79696691,"{""dropout"":0.0,""hidden_size"":32,""layers"":1,""weight_decay"":0.01}",67,4065,3.355075499974191,0.004470500047318637,1777.24609375,78.05810546875,single_seed
C01_compact_gru,gated_recurrent_unit,rolling_origin_2021-11-02,42120,P-H02-W004::C012::C014,20.358563501838624,gate_c_torch,93d6a231e88abd7219722c0fb59328fbdb4063caf9d8ab33a5570465fdfe8a6d,340f5e8ac2d6df6696e2ea0267670ec4d5d1ef1265aa1ecb1a2cebed848a9eba,5a84f27899c20bd37e8318cdc99009da9cb2fc71b7090dead1ca57fee9e7db6a,4a1388db6a465b41decad90e9701c9312bb7aa844e8aeb133c461ed0a4bd9258,4addff335526e77628b914bf83380de2c81030fb22994a739cb072c37c504f5d,6fc5331c754442474d4542d6d7069dfc5ef5f7af9c53d4bcf9f4b9eb79696691,"{""dropout"":0.0,""hidden_size"":32,""layers"":1,""weight_decay"":0.01}",67,4065,3.355075499974191,0.004470500047318637,1777.24609375,78.05810546875,single_seed
C01_compact_gru,gated_recurrent_unit,rolling_origin_2021-11-02,42120,P-H02-W005::C012::C014,5.837001330469313,gate_c_torch,93d6a231e88abd7219722c0fb59328fbdb4063caf9d8ab33a5570465fdfe8a6d,340f5e8ac2d6df6696e2ea0267670ec4d5d1ef1265aa1ecb1a2cebed848a9eba,5a84f27899c20bd37e8318cdc99009da9cb2fc71b7090dead1ca57fee9e7db6a,4a1388db6a465b41decad90e9701c9312bb7aa844e8aeb133c461ed0a4bd9258,4addff335526e77628b914bf83380de2c81030fb22994a739cb072c37c504f5d,6fc5331c754442474d4542d6d7069dfc5ef5f7af9c53d4bcf9f4b9eb79696691,"{""dropout"":0.0,""hidden_size"":32,""layers"":1,""weight_decay"":0.01}",67,4065,3.355075499974191,0.004470500047318637,1777.24609375,78.05810546875,single_seed
C01_compact_gru,gated_recurrent_unit,rolling_origin_2021-11-02,42120,P-H02-W006::C012::C014,18.82397283470465,gate_c_torch,93d6a231e88abd7219722c0fb59328fbdb4063caf9d8ab33a5570465fdfe8a6d,340f5e8ac2d6df6696e2ea0267670ec4d5d1ef1265aa1ecb1a2cebed848a9eba,5a84f27899c20bd37e8318cdc99009da9cb2fc71b7090dead1ca57fee9e7db6a,4a1388db6a465b41decad90e9701c9312bb7aa844e8aeb133c461ed0a4bd9258,4addff335526e77628b914bf83380de2c81030fb22994a739cb072c37c504f5d,6fc5331c754442474d4542d6d7069dfc5ef5f7af9c53d4bcf9f4b9eb79696691,"{""dropout"":0.0,""hidden_size"":32,""layers"":1,""weight_decay"":0.01}",67,4065,3.355075499974191,0.004470500047318637,1777.24609375,78.05810546875,single_seed
C01_compact_gru,gated_recurrent_unit,rolling_origin_2021-11-02,42120,P-H02-W007::C012::C014,30.633182189333226,gate_c_torch,93d6a231e88abd7219722c0fb59328fbdb4063caf9d8ab33a5570465fdfe8a6d,340f5e8ac2d6df6696e2ea0267670ec4d5d1ef1265aa1ecb1a2cebed848a9eba,5a84f27899c20bd37e8318cdc99009da9cb2fc71b7090dead1ca57fee9e7db6a,4a1388db6a465b41decad90e9701c9312bb7aa844e8aeb133c461ed0a4bd9258,4addff335526e77628b914bf83380de2c81030fb22994a739cb072c37c504f5d,6fc5331c754442474d4542d6d7069dfc5ef5f7af9c53d4bcf9f4b9eb79696691,"{""dropout"":0.0,""hidden_size"":32,""layers"":1,""weight_decay"":0.01}",67,4065,3.355075499974191,0.004470500047318637,1777.24609375,78.05810546875,single_seed
C01_compact_gru,gated_recurrent_unit,rolling_origin_2021-11-02,42120,P-H03-W001::C012::C014,50.805195853632014,gate_c_torch,93d6a231e88abd7219722c0fb59328fbdb4063caf9d8ab33a5570465fdfe8a6d,340f5e8ac2d6df6696e2ea0267670ec4d5d1ef1265aa1ecb1a2cebed848a9eba,5a84f27899c20bd37e8318cdc99009da9cb2fc71b7090dead1ca57fee9e7db6a,4a1388db6a465b41decad90e9701c9312bb7aa844e8aeb133c461ed0a4bd9258,4addff335526e77628b914bf83380de2c81030fb22994a739cb072c37c504f5d,6fc5331c754442474d4542d6d7069dfc5ef5f7af9c53d4bcf9f4b9eb79696691,"{""dropout"":0.0,""hidden_size"":32,""layers"":1,""weight_decay"":0.01}",67,4065,3.355075499974191,0.004470500047318637,1777.24609375,78.05810546875,single_seed
C01_compact_gru,gated_recurrent_unit,rolling_origin_2021-11-02,42120,P-H03-W003::C012::C014,46.18111726108477,gate_c_torch,93d6a231e88abd7219722c0fb59328fbdb4063caf9d8ab33a5570465fdfe8a6d,340f5e8ac2d6df6696e2ea0267670ec4d5d1ef1265aa1ecb1a2cebed848a9eba,5a84f27899c20bd37e8318cdc99009da9cb2fc71b7090dead1ca57fee9e7db6a,4a1388db6a465b41decad90e9701c9312bb7aa844e8aeb133c461ed0a4bd9258,4addff335526e77628b914bf83380de2c81030fb22994a739cb072c37c504f5d,6fc5331c754442474d4542d6d7069dfc5ef5f7af9c53d4bcf9f4b9eb79696691,"{""dropout"":0.0,""hidden_size"":32,""layers"":1,""weight_decay"":0.01}",67,4065,3.355075499974191,0.004470500047318637,1777.24609375,78.05810546875,single_seed
C01_compact_gru,gated_recurrent_unit,rolling_origin_2021-11-02,42120,P-H03-W004::C012::C014,52.88965436125531,gate_c_torch,93d6a231e88abd7219722c0fb59328fbdb4063caf9d8ab33a5570465fdfe8a6d,340f5e8ac2d6df6696e2ea0267670ec4d5d1ef1265aa1ecb1a2cebed848a9eba,5a84f27899c20bd37e8318cdc99009da9cb2fc71b7090dead1ca57fee9e7db6a,4a1388db6a465b41decad90e9701c9312bb7aa844e8aeb133c461ed0a4bd9258,4addff335526e77628b914bf83380de2c81030fb22994a739cb072c37c504f5d,6fc5331c754442474d4542d6d7069dfc5ef5f7af9c53d4bcf9f4b9eb79696691,"{""dropout"":0.0,""hidden_size"":32,""layers"":1,""weight_decay"":0.01}",67,4065,3.355075499974191,0.004470500047318637,1777.24609375,78.05810546875,single_seed
C01_compact_gru,gated_recurrent_unit,rolling_origin_2021-11-02,42120,P-H03-W005::C012::C014,52.27107100894621,gate_c_torch,93d6a231e88abd7219722c0fb59328fbdb4063caf9d8ab33a5570465fdfe8a6d,340f5e8ac2d6df6696e2ea0267670ec4d5d1ef1265aa1ecb1a2cebed848a9eba,5a84f27899c20bd37e8318cdc99009da9cb2fc71b7090dead1ca57fee9e7db6a,4a1388db6a465b41decad90e9701c9312bb7aa844e8aeb133c461ed0a4bd9258,4addff335526e77628b914bf83380de2c81030fb22994a739cb072c37c504f5d,6fc5331c754442474d4542d6d7069dfc5ef5f7af9c53d4bcf9f4b9eb79696691,"{""dropout"":0.0,""hidden_size"":32,""layers"":1,""weight_decay"":0.01}",67,4065,3.355075499974191,0.004470500047318637,1777.24609375,78.05810546875,single_seed
C01_compact_gru,gated_recurrent_unit,rolling_origin_2021-11-02,42120,P-H03-W006::C012::C014,56.10548380739977,gate_c_torch,93d6a231e88abd7219722c0fb59328fbdb4063caf9d8ab33a5570465fdfe8a6d,340f5e8ac2d6df6696e2ea0267670ec4d5d1ef1265aa1ecb1a2cebed848a9eba,5a84f27899c20bd37e8318cdc99009da9cb2fc71b7090dead1ca57fee9e7db6a,4a1388db6a465b41decad90e9701c9312bb7aa844e8aeb133c461ed0a4bd9258,4addff335526e77628b914bf83380de2c81030fb22994a739cb072c37c504f5d,6fc5331c754442474d4542d6d7069dfc5ef5f7af9c53d4bcf9f4b9eb79696691,"{""dropout"":0.0,""hidden_size"":32,""layers"":1,""weight_decay"":0.01}",67,4065,3.355075499974191,0.004470500047318637,1777.24609375,78.05810546875,single_seed
C01_compact_gru,gated_recurrent_unit,rolling_origin_2021-11-02,42120,P-H03-W007::C012::C014,22.61600412807727,gate_c_torch,93d6a231e88abd7219722c0fb59328fbdb4063caf9d8ab33a5570465fdfe8a6d,340f5e8ac2d6df6696e2ea0267670ec4d5d1ef1265aa1ecb1a2cebed848a9eba,5a84f27899c20bd37e8318cdc99009da9cb2fc71b7090dead1ca57fee9e7db6a,4a1388db6a465b41decad90e9701c9312bb7aa844e8aeb133c461ed0a4bd9258,4addff335526e77628b914bf83380de2c81030fb22994a739cb072c37c504f5d,6fc5331c754442474d4542d6d7069dfc5ef5f7af9c53d4bcf9f4b9eb79696691,"{""dropout"":0.0,""hidden_size"":32,""layers"":1,""weight_decay"":0.01}",67,4065,3.355075499974191,0.004470500047318637,1777.24609375,78.05810546875,single_seed
C01_compact_gru,gated_recurrent_unit,rolling_origin_2021-11-02,42120,P-H05-W001::C012::C014,31.02939840861891,gate_c_torch,93d6a231e88abd7219722c0fb59328fbdb4063caf9d8ab33a5570465fdfe8a6d,340f5e8ac2d6df6696e2ea0267670ec4d5d1ef1265aa1ecb1a2cebed848a9eba,5a84f27899c20bd37e8318cdc99009da9cb2fc71b7090dead1ca57fee9e7db6a,4a1388db6a465b41decad90e9701c9312bb7aa844e8aeb133c461ed0a4bd9258,4addff335526e77628b914bf83380de2c81030fb22994a739cb072c37c504f5d,6fc5331c754442474d4542d6d7069dfc5ef5f7af9c53d4bcf9f4b9eb79696691,"{""dropout"":0.0,""hidden_size"":32,""layers"":1,""weight_decay"":0.01}",67,4065,3.355075499974191,0.004470500047318637,1777.24609375,78.05810546875,single_seed
C01_compact_gru,gated_recurrent_unit,rolling_origin_2021-11-02,42120,P-H05-W002::C012::C014,38.461404365380865,gate_c_torch,93d6a231e88abd7219722c0fb59328fbdb4063caf9d8ab33a5570465fdfe8a6d,340f5e8ac2d6df6696e2ea0267670ec4d5d1ef1265aa1ecb1a2cebed848a9eba,5a84f27899c20bd37e8318cdc99009da9cb2fc71b7090dead1ca57fee9e7db6a,4a1388db6a465b41decad90e9701c9312bb7aa844e8aeb133c461ed0a4bd9258,4addff335526e77628b914bf83380de2c81030fb22994a739cb072c37c504f5d,6fc5331c754442474d4542d6d7069dfc5ef5f7af9c53d4bcf9f4b9eb79696691,"{""dropout"":0.0,""hidden_size"":32,""layers"":1,""weight_decay"":0.01}",67,4065,3.355075499974191,0.004470500047318637,1777.24609375,78.05810546875,single_seed
C01_compact_gru,gated_recurrent_unit,rolling_origin_2021-11-02,42120,P-H05-W003::C012::C014,31.20243381236389,gate_c_torch,93d6a231e88abd7219722c0fb59328fbdb4063caf9d8ab33a5570465fdfe8a6d,340f5e8ac2d6df6696e2ea0267670ec4d5d1ef1265aa1ecb1a2cebed848a9eba,5a84f27899c20bd37e8318cdc99009da9cb2fc71b7090dead1ca57fee9e7db6a,4a1388db6a465b41decad90e9701c9312bb7aa844e8aeb133c461ed0a4bd9258,4addff335526e77628b914bf83380de2c81030fb22994a739cb072c37c504f5d,6fc5331c754442474d4542d6d7069dfc5ef5f7af9c53d4bcf9f4b9eb79696691,"{""dropout"":0.0,""hidden_size"":32,""layers"":1,""weight_decay"":0.01}",67,4065,3.355075499974191,0.004470500047318637,1777.24609375,78.05810546875,single_seed
C01_compact_gru,gated_recurrent_unit,rolling_origin_2021-11-02,42120,P-H05-W004::C012::C014,19.90177115173348,gate_c_torch,93d6a231e88abd7219722c0fb59328fbdb4063caf9d8ab33a5570465fdfe8a6d,340f5e8ac2d6df6696e2ea0267670ec4d5d1ef1265aa1ecb1a2cebed848a9eba,5a84f27899c20bd37e8318cdc99009da9cb2fc71b7090dead1ca57fee9e7db6a,4a1388db6a465b41decad90e9701c9312bb7aa844e8aeb133c461ed0a4bd9258,4addff335526e77628b914bf83380de2c81030fb22994a739cb072c37c504f5d,6fc5331c754442474d4542d6d7069dfc5ef5f7af9c53d4bcf9f4b9eb79696691,"{""dropout"":0.0,""hidden_size"":32,""layers"":1,""weight_decay"":0.01}",67,4065,3.355075499974191,0.004470500047318637,1777.24609375,78.05810546875,single_seed
C01_compact_gru,gated_recurrent_unit,rolling_origin_2021-11-02,42120,P-H05-W005::C012::C014,16.92281145544185,gate_c_torch,93d6a231e88abd7219722c0fb59328fbdb4063caf9d8ab33a5570465fdfe8a6d,340f5e8ac2d6df6696e2ea0267670ec4d5d1ef1265aa1ecb1a2cebed848a9eba,5a84f27899c20bd37e8318cdc99009da9cb2fc71b7090dead1ca57fee9e7db6a,4a1388db6a465b41decad90e9701c9312bb7aa844e8aeb133c461ed0a4bd9258,4addff335526e77628b914bf83380de2c81030fb22994a739cb072c37c504f5d,6fc5331c754442474d4542d6d7069dfc5ef5f7af9c53d4bcf9f4b9eb79696691,"{""dropout"":0.0,""hidden_size"":32,""layers"":1,""weight_decay"":0.01}",67,4065,3.355075499974191,0.004470500047318637,1777.24609375,78.05810546875,single_seed
C01_compact_gru,gated_recurrent_unit,rolling_origin_2021-11-02,42120,P-H05-W006::C012::C014,15.549478939215536,gate_c_torch,93d6a231e88abd7219722c0fb59328fbdb4063caf9d8ab33a5570465fdfe8a6d,340f5e8ac2d6df6696e2ea0267670ec4d5d1ef1265aa1ecb1a2cebed848a9eba,5a84f27899c20bd37e8318cdc99009da9cb2fc71b7090dead1ca57fee9e7db6a,4a1388db6a465b41decad90e9701c9312bb7aa844e8aeb133c461ed0a4bd9258,4addff335526e77628b914bf83380de2c81030fb22994a739cb072c37c504f5d,6fc5331c754442474d4542d6d7069dfc5ef5f7af9c53d4bcf9f4b9eb79696691,"{""dropout"":0.0,""hidden_size"":32,""layers"":1,""weight_decay"":0.01}",67,4065,3.355075499974191,0.004470500047318637,1777.24609375,78.05810546875,single_seed
C01_compact_gru,gated_recurrent_unit,rolling_origin_2021-11-02,42120,P-H05-W007::C012::C014,25.49213839445147,gate_c_torch,93d6a231e88abd7219722c0fb59328fbdb4063caf9d8ab33a5570465fdfe8a6d,340f5e8ac2d6df6696e2ea0267670ec4d5d1ef1265aa1ecb1a2cebed848a9eba,5a84f27899c20bd37e8318cdc99009da9cb2fc71b7090dead1ca57fee9e7db6a,4a1388db6a465b41decad90e9701c9312bb7aa844e8aeb133c461ed0a4bd9258,4addff335526e77628b914bf83380de2c81030fb22994a739cb072c37c504f5d,6fc5331c754442474d4542d6d7069dfc5ef5f7af9c53d4bcf9f4b9eb79696691,"{""dropout"":0.0,""hidden_size"":32,""layers"":1,""weight_decay"":0.01}",67,4065,3.355075499974191,0.004470500047318637,1777.24609375,78.05810546875,single_seed
C01_compact_gru,gated_recurrent_unit,rolling_origin_2021-11-02,42120,P-H06-W001::C012::C014,4.8970937762217375,gate_c_torch,93d6a231e88abd7219722c0fb59328fbdb4063caf9d8ab33a5570465fdfe8a6d,340f5e8ac2d6df6696e2ea0267670ec4d5d1ef1265aa1ecb1a2cebed848a9eba,5a84f27899c20bd37e8318cdc99009da9cb2fc71b7090dead1ca57fee9e7db6a,4a1388db6a465b41decad90e9701c9312bb7aa844e8aeb133c461ed0a4bd9258,4addff335526e77628b914bf83380de2c81030fb22994a739cb072c37c504f5d,6fc5331c754442474d4542d6d7069dfc5ef5f7af9c53d4bcf9f4b9eb79696691,"{""dropout"":0.0,""hidden_size"":32,""layers"":1,""weight_decay"":0.01}",67,4065,3.355075499974191,0.004470500047318637,1777.24609375,78.05810546875,single_seed
C01_compact_gru,gated_recurrent_unit,rolling_origin_2021-11-02,42120,P-H06-W002::C012::C014,1.0976161957805672,gate_c_torch,93d6a231e88abd7219722c0fb59328fbdb4063caf9d8ab33a5570465fdfe8a6d,340f5e8ac2d6df6696e2ea0267670ec4d5d1ef1265aa1ecb1a2cebed848a9eba,5a84f27899c20bd37e8318cdc99009da9cb2fc71b7090dead1ca57fee9e7db6a,4a1388db6a465b41decad90e9701c9312bb7aa844e8aeb133c461ed0a4bd9258,4addff335526e77628b914bf83380de2c81030fb22994a739cb072c37c504f5d,6fc5331c754442474d4542d6d7069dfc5ef5f7af9c53d4bcf9f4b9eb79696691,"{""dropout"":0.0,""hidden_size"":32,""layers"":1,""weight_decay"":0.01}",67,4065,3.355075499974191,0.004470500047318637,1777.24609375,78.05810546875,single_seed
C01_compact_gru,gated_recurrent_unit,rolling_origin_2021-11-02,42120,P-H06-W003::C012::C014,3.24722258991655,gate_c_torch,93d6a231e88abd7219722c0fb59328fbdb4063caf9d8ab33a5570465fdfe8a6d,340f5e8ac2d6df6696e2ea0267670ec4d5d1ef1265aa1ecb1a2cebed848a9eba,5a84f27899c20bd37e8318cdc99009da9cb2fc71b7090dead1ca57fee9e7db6a,4a1388db6a465b41decad90e9701c9312bb7aa844e8aeb133c461ed0a4bd9258,4addff335526e77628b914bf83380de2c81030fb22994a739cb072c37c504f5d,6fc5331c754442474d4542d6d7069dfc5ef5f7af9c53d4bcf9f4b9eb79696691,"{""dropout"":0.0,""hidden_size"":32,""layers"":1,""weight_decay"":0.01}",67,4065,3.355075499974191,0.004470500047318637,1777.24609375,78.05810546875,single_seed
C01_compact_gru,gated_recurrent_unit,rolling_origin_2021-11-02,42120,P-H06-W004::C012::C014,3.8068750672328413,gate_c_torch,93d6a231e88abd7219722c0fb59328fbdb4063caf9d8ab33a5570465fdfe8a6d,340f5e8ac2d6df6696e2ea0267670ec4d5d1ef1265aa1ecb1a2cebed848a9eba,5a84f27899c20bd37e8318cdc99009da9cb2fc71b7090dead1ca57fee9e7db6a,4a1388db6a465b41decad90e9701c9312bb7aa844e8aeb133c461ed0a4bd9258,4addff335526e77628b914bf83380de2c81030fb22994a739cb072c37c504f5d,6fc5331c754442474d4542d6d7069dfc5ef5f7af9c53d4bcf9f4b9eb79696691,"{""dropout"":0.0,""hidden_size"":32,""layers"":1,""weight_decay"":0.01}",67,4065,3.355075499974191,0.004470500047318637,1777.24609375,78.05810546875,single_seed
C01_compact_gru,gated_recurrent_unit,rolling_origin_2021-11-02,42120,P-H06-W005::C012::C014,4.406171680993957,gate_c_torch,93d6a231e88abd7219722c0fb59328fbdb4063caf9d8ab33a5570465fdfe8a6d,340f5e8ac2d6df6696e2ea0267670ec4d5d1ef1265aa1ecb1a2cebed848a9eba,5a84f27899c20bd37e8318cdc99009da9cb2fc71b7090dead1ca57fee9e7db6a,4a1388db6a465b41decad90e9701c9312bb7aa844e8aeb133c461ed0a4bd9258,4addff335526e77628b914bf83380de2c81030fb22994a739cb072c37c504f5d,6fc5331c754442474d4542d6d7069dfc5ef5f7af9c53d4bcf9f4b9eb79696691,"{""dropout"":0.0,""hidden_size"":32,""layers"":1,""weight_decay"":0.01}",67,4065,3.355075499974191,0.004470500047318637,1777.24609375,78.05810546875,single_seed
C01_compact_gru,gated_recurrent_unit,rolling_origin_2021-11-02,42120,P-H06-W006::C012::C014,5.860171687534997,gate_c_torch,93d6a231e88abd7219722c0fb59328fbdb4063caf9d8ab33a5570465fdfe8a6d,340f5e8ac2d6df6696e2ea0267670ec4d5d1ef1265aa1ecb1a2cebed848a9eba,5a84f27899c20bd37e8318cdc99009da9cb2fc71b7090dead1ca57fee9e7db6a,4a1388db6a465b41decad90e9701c9312bb7aa844e8aeb133c461ed0a4bd9258,4addff335526e77628b914bf83380de2c81030fb22994a739cb072c37c504f5d,6fc5331c754442474d4542d6d7069dfc5ef5f7af9c53d4bcf9f4b9eb79696691,"{""dropout"":0.0,""hidden_size"":32,""layers"":1,""weight_decay"":0.01}",67,4065,3.355075499974191,0.004470500047318637,1777.24609375,78.05810546875,single_seed
C01_compact_gru,gated_recurrent_unit,rolling_origin_2021-11-02,42120,P-H06-W007::C012::C014,14.562088138522196,gate_c_torch,93d6a231e88abd7219722c0fb59328fbdb4063caf9d8ab33a5570465fdfe8a6d,340f5e8ac2d6df6696e2ea0267670ec4d5d1ef1265aa1ecb1a2cebed848a9eba,5a84f27899c20bd37e8318cdc99009da9cb2fc71b7090dead1ca57fee9e7db6a,4a1388db6a465b41decad90e9701c9312bb7aa844e8aeb133c461ed0a4bd9258,4addff335526e77628b914bf83380de2c81030fb22994a739cb072c37c504f5d,6fc5331c754442474d4542d6d7069dfc5ef5f7af9c53d4bcf9f4b9eb79696691,"{""dropout"":0.0,""hidden_size"":32,""layers"":1,""weight_decay"":0.01}",67,4065,3.355075499974191,0.004470500047318637,1777.24609375,78.05810546875,single_seed
C01_compact_gru,gated_recurrent_unit,rolling_origin_2021-11-02,42120,P-H07-W001::C012::C014,36.68851082624483,gate_c_torch,93d6a231e88abd7219722c0fb59328fbdb4063caf9d8ab33a5570465fdfe8a6d,340f5e8ac2d6df6696e2ea0267670ec4d5d1ef1265aa1ecb1a2cebed848a9eba,5a84f27899c20bd37e8318cdc99009da9cb2fc71b7090dead1ca57fee9e7db6a,4a1388db6a465b41decad90e9701c9312bb7aa844e8aeb133c461ed0a4bd9258,4addff335526e77628b914bf83380de2c81030fb22994a739cb072c37c504f5d,6fc5331c754442474d4542d6d7069dfc5ef5f7af9c53d4bcf9f4b9eb79696691,"{""dropout"":0.0,""hidden_size"":32,""layers"":1,""weight_decay"":0.01}",67,4065,3.355075499974191,0.004470500047318637,1777.24609375,78.05810546875,single_seed
C01_compact_gru,gated_recurrent_unit,rolling_origin_2021-11-02,42120,P-H07-W002::C012::C014,41.60833985648074,gate_c_torch,93d6a231e88abd7219722c0fb59328fbdb4063caf9d8ab33a5570465fdfe8a6d,340f5e8ac2d6df6696e2ea0267670ec4d5d1ef1265aa1ecb1a2cebed848a9eba,5a84f27899c20bd37e8318cdc99009da9cb2fc71b7090dead1ca57fee9e7db6a,4a1388db6a465b41decad90e9701c9312bb7aa844e8aeb133c461ed0a4bd9258,4addff335526e77628b914bf83380de2c81030fb22994a739cb072c37c504f5d,6fc5331c754442474d4542d6d7069dfc5ef5f7af9c53d4bcf9f4b9eb79696691,"{""dropout"":0.0,""hidden_size"":32,""layers"":1,""weight_decay"":0.01}",67,4065,3.355075499974191,0.004470500047318637,1777.24609375,78.05810546875,single_seed
C01_compact_gru,gated_recurrent_unit,rolling_origin_2021-11-02,42120,P-H07-W003::C012::C014,14.858787175437179,gate_c_torch,93d6a231e88abd7219722c0fb59328fbdb4063caf9d8ab33a5570465fdfe8a6d,340f5e8ac2d6df6696e2ea0267670ec4d5d1ef1265aa1ecb1a2cebed848a9eba,5a84f27899c20bd37e8318cdc99009da9cb2fc71b7090dead1ca57fee9e7db6a,4a1388db6a465b41decad90e9701c9312bb7aa844e8aeb133c461ed0a4bd9258,4addff335526e77628b914bf83380de2c81030fb22994a739cb072c37c504f5d,6fc5331c754442474d4542d6d7069dfc5ef5f7af9c53d4bcf9f4b9eb79696691,"{""dropout"":0.0,""hidden_size"":32,""layers"":1,""weight_decay"":0.01}",67,4065,3.355075499974191,0.004470500047318637,1777.24609375,78.05810546875,single_seed
C01_compact_gru,gated_recurrent_unit,rolling_origin_2021-11-02,42120,P-H07-W004::C012::C014,35.031371796095904,gate_c_torch,93d6a231e88abd7219722c0fb59328fbdb4063caf9d8ab33a5570465fdfe8a6d,340f5e8ac2d6df6696e2ea0267670ec4d5d1ef1265aa1ecb1a2cebed848a9eba,5a84f27899c20bd37e8318cdc99009da9cb2fc71b7090dead1ca57fee9e7db6a,4a1388db6a465b41decad90e9701c9312bb7aa844e8aeb133c461ed0a4bd9258,4addff335526e77628b914bf83380de2c81030fb22994a739cb072c37c504f5d,6fc5331c754442474d4542d6d7069dfc5ef5f7af9c53d4bcf9f4b9eb79696691,"{""dropout"":0.0,""hidden_size"":32,""layers"":1,""weight_decay"":0.01}",67,4065,3.355075499974191,0.004470500047318637,1777.24609375,78.05810546875,single_seed
C01_compact_gru,gated_recurrent_unit,rolling_origin_2021-11-02,42120,P-H07-W005::C012::C014,15.510073966259515,gate_c_torch,93d6a231e88abd7219722c0fb59328fbdb4063caf9d8ab33a5570465fdfe8a6d,340f5e8ac2d6df6696e2ea0267670ec4d5d1ef1265aa1ecb1a2cebed848a9eba,5a84f27899c20bd37e8318cdc99009da9cb2fc71b7090dead1ca57fee9e7db6a,4a1388db6a465b41decad90e9701c9312bb7aa844e8aeb133c461ed0a4bd9258,4addff335526e77628b914bf83380de2c81030fb22994a739cb072c37c504f5d,6fc5331c754442474d4542d6d7069dfc5ef5f7af9c53d4bcf9f4b9eb79696691,"{""dropout"":0.0,""hidden_size"":32,""layers"":1,""weight_decay"":0.01}",67,4065,3.355075499974191,0.004470500047318637,1777.24609375,78.05810546875,single_seed
C01_compact_gru,gated_recurrent_unit,rolling_origin_2021-11-02,42120,P-H07-W006::C012::C014,24.847554996855507,gate_c_torch,93d6a231e88abd7219722c0fb59328fbdb4063caf9d8ab33a5570465fdfe8a6d,340f5e8ac2d6df6696e2ea0267670ec4d5d1ef1265aa1ecb1a2cebed848a9eba,5a84f27899c20bd37e8318cdc99009da9cb2fc71b7090dead1ca57fee9e7db6a,4a1388db6a465b41decad90e9701c9312bb7aa844e8aeb133c461ed0a4bd9258,4addff335526e77628b914bf83380de2c81030fb22994a739cb072c37c504f5d,6fc5331c754442474d4542d6d7069dfc5ef5f7af9c53d4bcf9f4b9eb79696691,"{""dropout"":0.0,""hidden_size"":32,""layers"":1,""weight_decay"":0.01}",67,4065,3.355075499974191,0.004470500047318637,1777.24609375,78.05810546875,single_seed
C01_compact_gru,gated_recurrent_unit,rolling_origin_2021-11-02,42120,P-H07-W007::C012::C014,23.492483170634536,gate_c_torch,93d6a231e88abd7219722c0fb59328fbdb4063caf9d8ab33a5570465fdfe8a6d,340f5e8ac2d6df6696e2ea0267670ec4d5d1ef1265aa1ecb1a2cebed848a9eba,5a84f27899c20bd37e8318cdc99009da9cb2fc71b7090dead1ca57fee9e7db6a,4a1388db6a465b41decad90e9701c9312bb7aa844e8aeb133c461ed0a4bd9258,4addff335526e77628b914bf83380de2c81030fb22994a739cb072c37c504f5d,6fc5331c754442474d4542d6d7069dfc5ef5f7af9c53d4bcf9f4b9eb79696691,"{""dropout"":0.0,""hidden_size"":32,""layers"":1,""weight_decay"":0.01}",67,4065,3.355075499974191,0.004470500047318637,1777.24609375,78.05810546875,single_seed
C01_compact_gru,gated_recurrent_unit,rolling_origin_2021-11-02,42120,P-V01-W001::C012::C014,25.25643410191067,gate_c_torch,93d6a231e88abd7219722c0fb59328fbdb4063caf9d8ab33a5570465fdfe8a6d,340f5e8ac2d6df6696e2ea0267670ec4d5d1ef1265aa1ecb1a2cebed848a9eba,5a84f27899c20bd37e8318cdc99009da9cb2fc71b7090dead1ca57fee9e7db6a,4a1388db6a465b41decad90e9701c9312bb7aa844e8aeb133c461ed0a4bd9258,4addff335526e77628b914bf83380de2c81030fb22994a739cb072c37c504f5d,6fc5331c754442474d4542d6d7069dfc5ef5f7af9c53d4bcf9f4b9eb79696691,"{""dropout"":0.0,""hidden_size"":32,""layers"":1,""weight_decay"":0.01}",67,4065,3.355075499974191,0.004470500047318637,1777.24609375,78.05810546875,single_seed
C01_compact_gru,gated_recurrent_unit,rolling_origin_2021-11-02,42120,P-V01-W002::C012::C014,26.639118158387074,gate_c_torch,93d6a231e88abd7219722c0fb59328fbdb4063caf9d8ab33a5570465fdfe8a6d,340f5e8ac2d6df6696e2ea0267670ec4d5d1ef1265aa1ecb1a2cebed848a9eba,5a84f27899c20bd37e8318cdc99009da9cb2fc71b7090dead1ca57fee9e7db6a,4a1388db6a465b41decad90e9701c9312bb7aa844e8aeb133c461ed0a4bd9258,4addff335526e77628b914bf83380de2c81030fb22994a739cb072c37c504f5d,6fc5331c754442474d4542d6d7069dfc5ef5f7af9c53d4bcf9f4b9eb79696691,"{""dropout"":0.0,""hidden_size"":32,""layers"":1,""weight_decay"":0.01}",67,4065,3.355075499974191,0.004470500047318637,1777.24609375,78.05810546875,single_seed
C01_compact_gru,gated_recurrent_unit,rolling_origin_2021-11-02,42120,P-V01-W003::C012::C014,25.422676890816867,gate_c_torch,93d6a231e88abd7219722c0fb59328fbdb4063caf9d8ab33a5570465fdfe8a6d,340f5e8ac2d6df6696e2ea0267670ec4d5d1ef1265aa1ecb1a2cebed848a9eba,5a84f27899c20bd37e8318cdc99009da9cb2fc71b7090dead1ca57fee9e7db6a,4a1388db6a465b41decad90e9701c9312bb7aa844e8aeb133c461ed0a4bd9258,4addff335526e77628b914bf83380de2c81030fb22994a739cb072c37c504f5d,6fc5331c754442474d4542d6d7069dfc5ef5f7af9c53d4bcf9f4b9eb79696691,"{""dropout"":0.0,""hidden_size"":32,""layers"":1,""weight_decay"":0.01}",67,4065,3.355075499974191,0.004470500047318637,1777.24609375,78.05810546875,single_seed
C01_compact_gru,gated_recurrent_unit,rolling_origin_2021-11-02,42120,P-V01-W004::C012::C014,28.40246746337401,gate_c_torch,93d6a231e88abd7219722c0fb59328fbdb4063caf9d8ab33a5570465fdfe8a6d,340f5e8ac2d6df6696e2ea0267670ec4d5d1ef1265aa1ecb1a2cebed848a9eba,5a84f27899c20bd37e8318cdc99009da9cb2fc71b7090dead1ca57fee9e7db6a,4a1388db6a465b41decad90e9701c9312bb7aa844e8aeb133c461ed0a4bd9258,4addff335526e77628b914bf83380de2c81030fb22994a739cb072c37c504f5d,6fc5331c754442474d4542d6d7069dfc5ef5f7af9c53d4bcf9f4b9eb79696691,"{""dropout"":0.0,""hidden_size"":32,""layers"":1,""weight_decay"":0.01}",67,4065,3.355075499974191,0.004470500047318637,1777.24609375,78.05810546875,single_seed
C01_compact_gru,gated_recurrent_unit,rolling_origin_2021-11-02,42120,P-V01-W005::C012::C014,40.444873921275374,gate_c_torch,93d6a231e88abd7219722c0fb59328fbdb4063caf9d8ab33a5570465fdfe8a6d,340f5e8ac2d6df6696e2ea0267670ec4d5d1ef1265aa1ecb1a2cebed848a9eba,5a84f27899c20bd37e8318cdc99009da9cb2fc71b7090dead1ca57fee9e7db6a,4a1388db6a465b41decad90e9701c9312bb7aa844e8aeb133c461ed0a4bd9258,4addff335526e77628b914bf83380de2c81030fb22994a739cb072c37c504f5d,6fc5331c754442474d4542d6d7069dfc5ef5f7af9c53d4bcf9f4b9eb79696691,"{""dropout"":0.0,""hidden_size"":32,""layers"":1,""weight_decay"":0.01}",67,4065,3.355075499974191,0.004470500047318637,1777.24609375,78.05810546875,single_seed
C01_compact_gru,gated_recurrent_unit,rolling_origin_2021-11-02,42120,P-V01-W006::C012::C014,37.81150360752344,gate_c_torch,93d6a231e88abd7219722c0fb59328fbdb4063caf9d8ab33a5570465fdfe8a6d,340f5e8ac2d6df6696e2ea0267670ec4d5d1ef1265aa1ecb1a2cebed848a9eba,5a84f27899c20bd37e8318cdc99009da9cb2fc71b7090dead1ca57fee9e7db6a,4a1388db6a465b41decad90e9701c9312bb7aa844e8aeb133c461ed0a4bd9258,4addff335526e77628b914bf83380de2c81030fb22994a739cb072c37c504f5d,6fc5331c754442474d4542d6d7069dfc5ef5f7af9c53d4bcf9f4b9eb79696691,"{""dropout"":0.0,""hidden_size"":32,""layers"":1,""weight_decay"":0.01}",67,4065,3.355075499974191,0.004470500047318637,1777.24609375,78.05810546875,single_seed
C01_compact_gru,gated_recurrent_unit,rolling_origin_2021-11-02,42120,P-V01-W007::C012::C014,39.170224225935016,gate_c_torch,93d6a231e88abd7219722c0fb59328fbdb4063caf9d8ab33a5570465fdfe8a6d,340f5e8ac2d6df6696e2ea0267670ec4d5d1ef1265aa1ecb1a2cebed848a9eba,5a84f27899c20bd37e8318cdc99009da9cb2fc71b7090dead1ca57fee9e7db6a,4a1388db6a465b41decad90e9701c9312bb7aa844e8aeb133c461ed0a4bd9258,4addff335526e77628b914bf83380de2c81030fb22994a739cb072c37c504f5d,6fc5331c754442474d4542d6d7069dfc5ef5f7af9c53d4bcf9f4b9eb79696691,"{""dropout"":0.0,""hidden_size"":32,""layers"":1,""weight_decay"":0.01}",67,4065,3.355075499974191,0.004470500047318637,1777.24609375,78.05810546875,single_seed
C01_compact_gru,gated_recurrent_unit,rolling_origin_2021-11-02,42120,P-V02-W001::C012::C014,35.74673209651489,gate_c_torch,93d6a231e88abd7219722c0fb59328fbdb4063caf9d8ab33a5570465fdfe8a6d,340f5e8ac2d6df6696e2ea0267670ec4d5d1ef1265aa1ecb1a2cebed848a9eba,5a84f27899c20bd37e8318cdc99009da9cb2fc71b7090dead1ca57fee9e7db6a,4a1388db6a465b41decad90e9701c9312bb7aa844e8aeb133c461ed0a4bd9258,4addff335526e77628b914bf83380de2c81030fb22994a739cb072c37c504f5d,6fc5331c754442474d4542d6d7069dfc5ef5f7af9c53d4bcf9f4b9eb79696691,"{""dropout"":0.0,""hidden_size"":32,""layers"":1,""weight_decay"":0.01}",67,4065,3.355075499974191,0.004470500047318637,1777.24609375,78.05810546875,single_seed
C01_compact_gru,gated_recurrent_unit,rolling_origin_2021-11-02,42120,P-V02-W003::C012::C014,11.65889493980838,gate_c_torch,93d6a231e88abd7219722c0fb59328fbdb4063caf9d8ab33a5570465fdfe8a6d,340f5e8ac2d6df6696e2ea0267670ec4d5d1ef1265aa1ecb1a2cebed848a9eba,5a84f27899c20bd37e8318cdc99009da9cb2fc71b7090dead1ca57fee9e7db6a,4a1388db6a465b41decad90e9701c9312bb7aa844e8aeb133c461ed0a4bd9258,4addff335526e77628b914bf83380de2c81030fb22994a739cb072c37c504f5d,6fc5331c754442474d4542d6d7069dfc5ef5f7af9c53d4bcf9f4b9eb79696691,"{""dropout"":0.0,""hidden_size"":32,""layers"":1,""weight_decay"":0.01}",67,4065,3.355075499974191,0.004470500047318637,1777.24609375,78.05810546875,single_seed
C01_compact_gru,gated_recurrent_unit,rolling_origin_2021-11-02,42120,P-V02-W004::C012::C014,18.833199836454092,gate_c_torch,93d6a231e88abd7219722c0fb59328fbdb4063caf9d8ab33a5570465fdfe8a6d,340f5e8ac2d6df6696e2ea0267670ec4d5d1ef1265aa1ecb1a2cebed848a9eba,5a84f27899c20bd37e8318cdc99009da9cb2fc71b7090dead1ca57fee9e7db6a,4a1388db6a465b41decad90e9701c9312bb7aa844e8aeb133c461ed0a4bd9258,4addff335526e77628b914bf83380de2c81030fb22994a739cb072c37c504f5d,6fc5331c754442474d4542d6d7069dfc5ef5f7af9c53d4bcf9f4b9eb79696691,"{""dropout"":0.0,""hidden_size"":32,""layers"":1,""weight_decay"":0.01}",67,4065,3.355075499974191,0.004470500047318637,1777.24609375,78.05810546875,single_seed
C01_compact_gru,gated_recurrent_unit,rolling_origin_2021-11-02,42120,P-V02-W005::C012::C014,48.23668779331416,gate_c_torch,93d6a231e88abd7219722c0fb59328fbdb4063caf9d8ab33a5570465fdfe8a6d,340f5e8ac2d6df6696e2ea0267670ec4d5d1ef1265aa1ecb1a2cebed848a9eba,5a84f27899c20bd37e8318cdc99009da9cb2fc71b7090dead1ca57fee9e7db6a,4a1388db6a465b41decad90e9701c9312bb7aa844e8aeb133c461ed0a4bd9258,4addff335526e77628b914bf83380de2c81030fb22994a739cb072c37c504f5d,6fc5331c754442474d4542d6d7069dfc5ef5f7af9c53d4bcf9f4b9eb79696691,"{""dropout"":0.0,""hidden_size"":32,""layers"":1,""weight_decay"":0.01}",67,4065,3.355075499974191,0.004470500047318637,1777.24609375,78.05810546875,single_seed
C01_compact_gru,gated_recurrent_unit,rolling_origin_2021-11-02,42120,P-V02-W006::C012::C014,27.835984575952573,gate_c_torch,93d6a231e88abd7219722c0fb59328fbdb4063caf9d8ab33a5570465fdfe8a6d,340f5e8ac2d6df6696e2ea0267670ec4d5d1ef1265aa1ecb1a2cebed848a9eba,5a84f27899c20bd37e8318cdc99009da9cb2fc71b7090dead1ca57fee9e7db6a,4a1388db6a465b41decad90e9701c9312bb7aa844e8aeb133c461ed0a4bd9258,4addff335526e77628b914bf83380de2c81030fb22994a739cb072c37c504f5d,6fc5331c754442474d4542d6d7069dfc5ef5f7af9c53d4bcf9f4b9eb79696691,"{""dropout"":0.0,""hidden_size"":32,""layers"":1,""weight_decay"":0.01}",67,4065,3.355075499974191,0.004470500047318637,1777.24609375,78.05810546875,single_seed
C01_compact_gru,gated_recurrent_unit,rolling_origin_2021-11-02,42120,P-V02-W007::C012::C014,24.45509948402251,gate_c_torch,93d6a231e88abd7219722c0fb59328fbdb4063caf9d8ab33a5570465fdfe8a6d,340f5e8ac2d6df6696e2ea0267670ec4d5d1ef1265aa1ecb1a2cebed848a9eba,5a84f27899c20bd37e8318cdc99009da9cb2fc71b7090dead1ca57fee9e7db6a,4a1388db6a465b41decad90e9701c9312bb7aa844e8aeb133c461ed0a4bd9258,4addff335526e77628b914bf83380de2c81030fb22994a739cb072c37c504f5d,6fc5331c754442474d4542d6d7069dfc5ef5f7af9c53d4bcf9f4b9eb79696691,"{""dropout"":0.0,""hidden_size"":32,""layers"":1,""weight_decay"":0.01}",67,4065,3.355075499974191,0.004470500047318637,1777.24609375,78.05810546875,single_seed
C01_compact_gru,gated_recurrent_unit,rolling_origin_2021-11-02,42120,P-V03-W001::C012::C014,26.380459747271765,gate_c_torch,93d6a231e88abd7219722c0fb59328fbdb4063caf9d8ab33a5570465fdfe8a6d,340f5e8ac2d6df6696e2ea0267670ec4d5d1ef1265aa1ecb1a2cebed848a9eba,5a84f27899c20bd37e8318cdc99009da9cb2fc71b7090dead1ca57fee9e7db6a,4a1388db6a465b41decad90e9701c9312bb7aa844e8aeb133c461ed0a4bd9258,4addff335526e77628b914bf83380de2c81030fb22994a739cb072c37c504f5d,6fc5331c754442474d4542d6d7069dfc5ef5f7af9c53d4bcf9f4b9eb79696691,"{""dropout"":0.0,""hidden_size"":32,""layers"":1,""weight_decay"":0.01}",67,4065,3.355075499974191,0.004470500047318637,1777.24609375,78.05810546875,single_seed
C01_compact_gru,gated_recurrent_unit,rolling_origin_2021-11-02,42120,P-V03-W002::C012::C014,28.96399142596993,gate_c_torch,93d6a231e88abd7219722c0fb59328fbdb4063caf9d8ab33a5570465fdfe8a6d,340f5e8ac2d6df6696e2ea0267670ec4d5d1ef1265aa1ecb1a2cebed848a9eba,5a84f27899c20bd37e8318cdc99009da9cb2fc71b7090dead1ca57fee9e7db6a,4a1388db6a465b41decad90e9701c9312bb7aa844e8aeb133c461ed0a4bd9258,4addff335526e77628b914bf83380de2c81030fb22994a739cb072c37c504f5d,6fc5331c754442474d4542d6d7069dfc5ef5f7af9c53d4bcf9f4b9eb79696691,"{""dropout"":0.0,""hidden_size"":32,""layers"":1,""weight_decay"":0.01}",67,4065,3.355075499974191,0.004470500047318637,1777.24609375,78.05810546875,single_seed
C01_compact_gru,gated_recurrent_unit,rolling_origin_2021-11-02,42120,P-V03-W003::C012::C014,31.211186204702905,gate_c_torch,93d6a231e88abd7219722c0fb59328fbdb4063caf9d8ab33a5570465fdfe8a6d,340f5e8ac2d6df6696e2ea0267670ec4d5d1ef1265aa1ecb1a2cebed848a9eba,5a84f27899c20bd37e8318cdc99009da9cb2fc71b7090dead1ca57fee9e7db6a,4a1388db6a465b41decad90e9701c9312bb7aa844e8aeb133c461ed0a4bd9258,4addff335526e77628b914bf83380de2c81030fb22994a739cb072c37c504f5d,6fc5331c754442474d4542d6d7069dfc5ef5f7af9c53d4bcf9f4b9eb79696691,"{""dropout"":0.0,""hidden_size"":32,""layers"":1,""weight_decay"":0.01}",67,4065,3.355075499974191,0.004470500047318637,1777.24609375,78.05810546875,single_seed
C01_compact_gru,gated_recurrent_unit,rolling_origin_2021-11-02,42120,P-V03-W004::C012::C014,22.688429771946183,gate_c_torch,93d6a231e88abd7219722c0fb59328fbdb4063caf9d8ab33a5570465fdfe8a6d,340f5e8ac2d6df6696e2ea0267670ec4d5d1ef1265aa1ecb1a2cebed848a9eba,5a84f27899c20bd37e8318cdc99009da9cb2fc71b7090dead1ca57fee9e7db6a,4a1388db6a465b41decad90e9701c9312bb7aa844e8aeb133c461ed0a4bd9258,4addff335526e77628b914bf83380de2c81030fb22994a739cb072c37c504f5d,6fc5331c754442474d4542d6d7069dfc5ef5f7af9c53d4bcf9f4b9eb79696691,"{""dropout"":0.0,""hidden_size"":32,""layers"":1,""weight_decay"":0.01}",67,4065,3.355075499974191,0.004470500047318637,1777.24609375,78.05810546875,single_seed
C01_compact_gru,gated_recurrent_unit,rolling_origin_2021-11-02,42120,P-V03-W005::C012::C014,28.48321952834216,gate_c_torch,93d6a231e88abd7219722c0fb59328fbdb4063caf9d8ab33a5570465fdfe8a6d,340f5e8ac2d6df6696e2ea0267670ec4d5d1ef1265aa1ecb1a2cebed848a9eba,5a84f27899c20bd37e8318cdc99009da9cb2fc71b7090dead1ca57fee9e7db6a,4a1388db6a465b41decad90e9701c9312bb7aa844e8aeb133c461ed0a4bd9258,4addff335526e77628b914bf83380de2c81030fb22994a739cb072c37c504f5d,6fc5331c754442474d4542d6d7069dfc5ef5f7af9c53d4bcf9f4b9eb79696691,"{""dropout"":0.0,""hidden_size"":32,""layers"":1,""weight_decay"":0.01}",67,4065,3.355075499974191,0.004470500047318637,1777.24609375,78.05810546875,single_seed
C01_compact_gru,gated_recurrent_unit,rolling_origin_2021-11-02,42120,P-V03-W006::C012::C014,30.2577714122393,gate_c_torch,93d6a231e88abd7219722c0fb59328fbdb4063caf9d8ab33a5570465fdfe8a6d,340f5e8ac2d6df6696e2ea0267670ec4d5d1ef1265aa1ecb1a2cebed848a9eba,5a84f27899c20bd37e8318cdc99009da9cb2fc71b7090dead1ca57fee9e7db6a,4a1388db6a465b41decad90e9701c9312bb7aa844e8aeb133c461ed0a4bd9258,4addff335526e77628b914bf83380de2c81030fb22994a739cb072c37c504f5d,6fc5331c754442474d4542d6d7069dfc5ef5f7af9c53d4bcf9f4b9eb79696691,"{""dropout"":0.0,""hidden_size"":32,""layers"":1,""weight_decay"":0.01}",67,4065,3.355075499974191,0.004470500047318637,1777.24609375,78.05810546875,single_seed
C01_compact_gru,gated_recurrent_unit,rolling_origin_2021-11-02,42120,P-V03-W007::C012::C014,5.574481606239413,gate_c_torch,93d6a231e88abd7219722c0fb59328fbdb4063caf9d8ab33a5570465fdfe8a6d,340f5e8ac2d6df6696e2ea0267670ec4d5d1ef1265aa1ecb1a2cebed848a9eba,5a84f27899c20bd37e8318cdc99009da9cb2fc71b7090dead1ca57fee9e7db6a,4a1388db6a465b41decad90e9701c9312bb7aa844e8aeb133c461ed0a4bd9258,4addff335526e77628b914bf83380de2c81030fb22994a739cb072c37c504f5d,6fc5331c754442474d4542d6d7069dfc5ef5f7af9c53d4bcf9f4b9eb79696691,"{""dropout"":0.0,""hidden_size"":32,""layers"":1,""weight_decay"":0.01}",67,4065,3.355075499974191,0.004470500047318637,1777.24609375,78.05810546875,single_seed
C01_compact_gru,gated_recurrent_unit,rolling_origin_2021-11-02,42120,P-V04-W001::C012::C014,7.289122726393625,gate_c_torch,93d6a231e88abd7219722c0fb59328fbdb4063caf9d8ab33a5570465fdfe8a6d,340f5e8ac2d6df6696e2ea0267670ec4d5d1ef1265aa1ecb1a2cebed848a9eba,5a84f27899c20bd37e8318cdc99009da9cb2fc71b7090dead1ca57fee9e7db6a,4a1388db6a465b41decad90e9701c9312bb7aa844e8aeb133c461ed0a4bd9258,4addff335526e77628b914bf83380de2c81030fb22994a739cb072c37c504f5d,6fc5331c754442474d4542d6d7069dfc5ef5f7af9c53d4bcf9f4b9eb79696691,"{""dropout"":0.0,""hidden_size"":32,""layers"":1,""weight_decay"":0.01}",67,4065,3.355075499974191,0.004470500047318637,1777.24609375,78.05810546875,single_seed
C01_compact_gru,gated_recurrent_unit,rolling_origin_2021-11-02,42120,P-V04-W003::C012::C014,6.326081990752201,gate_c_torch,93d6a231e88abd7219722c0fb59328fbdb4063caf9d8ab33a5570465fdfe8a6d,340f5e8ac2d6df6696e2ea0267670ec4d5d1ef1265aa1ecb1a2cebed848a9eba,5a84f27899c20bd37e8318cdc99009da9cb2fc71b7090dead1ca57fee9e7db6a,4a1388db6a465b41decad90e9701c9312bb7aa844e8aeb133c461ed0a4bd9258,4addff335526e77628b914bf83380de2c81030fb22994a739cb072c37c504f5d,6fc5331c754442474d4542d6d7069dfc5ef5f7af9c53d4bcf9f4b9eb79696691,"{""dropout"":0.0,""hidden_size"":32,""layers"":1,""weight_decay"":0.01}",67,4065,3.355075499974191,0.004470500047318637,1777.24609375,78.05810546875,single_seed
C01_compact_gru,gated_recurrent_unit,rolling_origin_2021-11-02,42120,P-V04-W004::C012::C014,7.046224321758228,gate_c_torch,93d6a231e88abd7219722c0fb59328fbdb4063caf9d8ab33a5570465fdfe8a6d,340f5e8ac2d6df6696e2ea0267670ec4d5d1ef1265aa1ecb1a2cebed848a9eba,5a84f27899c20bd37e8318cdc99009da9cb2fc71b7090dead1ca57fee9e7db6a,4a1388db6a465b41decad90e9701c9312bb7aa844e8aeb133c461ed0a4bd9258,4addff335526e77628b914bf83380de2c81030fb22994a739cb072c37c504f5d,6fc5331c754442474d4542d6d7069dfc5ef5f7af9c53d4bcf9f4b9eb79696691,"{""dropout"":0.0,""hidden_size"":32,""layers"":1,""weight_decay"":0.01}",67,4065,3.355075499974191,0.004470500047318637,1777.24609375,78.05810546875,single_seed
C01_compact_gru,gated_recurrent_unit,rolling_origin_2021-11-02,42120,P-V04-W006::C012::C014,5.439618182334591,gate_c_torch,93d6a231e88abd7219722c0fb59328fbdb4063caf9d8ab33a5570465fdfe8a6d,340f5e8ac2d6df6696e2ea0267670ec4d5d1ef1265aa1ecb1a2cebed848a9eba,5a84f27899c20bd37e8318cdc99009da9cb2fc71b7090dead1ca57fee9e7db6a,4a1388db6a465b41decad90e9701c9312bb7aa844e8aeb133c461ed0a4bd9258,4addff335526e77628b914bf83380de2c81030fb22994a739cb072c37c504f5d,6fc5331c754442474d4542d6d7069dfc5ef5f7af9c53d4bcf9f4b9eb79696691,"{""dropout"":0.0,""hidden_size"":32,""layers"":1,""weight_decay"":0.01}",67,4065,3.355075499974191,0.004470500047318637,1777.24609375,78.05810546875,single_seed
C01_compact_gru,gated_recurrent_unit,rolling_origin_2021-11-02,42120,P-V04-W007::C012::C014,31.60611978586097,gate_c_torch,93d6a231e88abd7219722c0fb59328fbdb4063caf9d8ab33a5570465fdfe8a6d,340f5e8ac2d6df6696e2ea0267670ec4d5d1ef1265aa1ecb1a2cebed848a9eba,5a84f27899c20bd37e8318cdc99009da9cb2fc71b7090dead1ca57fee9e7db6a,4a1388db6a465b41decad90e9701c9312bb7aa844e8aeb133c461ed0a4bd9258,4addff335526e77628b914bf83380de2c81030fb22994a739cb072c37c504f5d,6fc5331c754442474d4542d6d7069dfc5ef5f7af9c53d4bcf9f4b9eb79696691,"{""dropout"":0.0,""hidden_size"":32,""layers"":1,""weight_decay"":0.01}",67,4065,3.355075499974191,0.004470500047318637,1777.24609375,78.05810546875,single_seed
C01_compact_gru,gated_recurrent_unit,rolling_origin_2021-11-02,42120,P-V05-W001::C012::C014,29.284750867493777,gate_c_torch,93d6a231e88abd7219722c0fb59328fbdb4063caf9d8ab33a5570465fdfe8a6d,340f5e8ac2d6df6696e2ea0267670ec4d5d1ef1265aa1ecb1a2cebed848a9eba,5a84f27899c20bd37e8318cdc99009da9cb2fc71b7090dead1ca57fee9e7db6a,4a1388db6a465b41decad90e9701c9312bb7aa844e8aeb133c461ed0a4bd9258,4addff335526e77628b914bf83380de2c81030fb22994a739cb072c37c504f5d,6fc5331c754442474d4542d6d7069dfc5ef5f7af9c53d4bcf9f4b9eb79696691,"{""dropout"":0.0,""hidden_size"":32,""layers"":1,""weight_decay"":0.01}",67,4065,3.355075499974191,0.004470500047318637,1777.24609375,78.05810546875,single_seed
C01_compact_gru,gated_recurrent_unit,rolling_origin_2021-11-02,42120,P-V05-W002::C012::C014,29.303474394613463,gate_c_torch,93d6a231e88abd7219722c0fb59328fbdb4063caf9d8ab33a5570465fdfe8a6d,340f5e8ac2d6df6696e2ea0267670ec4d5d1ef1265aa1ecb1a2cebed848a9eba,5a84f27899c20bd37e8318cdc99009da9cb2fc71b7090dead1ca57fee9e7db6a,4a1388db6a465b41decad90e9701c9312bb7aa844e8aeb133c461ed0a4bd9258,4addff335526e77628b914bf83380de2c81030fb22994a739cb072c37c504f5d,6fc5331c754442474d4542d6d7069dfc5ef5f7af9c53d4bcf9f4b9eb79696691,"{""dropout"":0.0,""hidden_size"":32,""layers"":1,""weight_decay"":0.01}",67,4065,3.355075499974191,0.004470500047318637,1777.24609375,78.05810546875,single_seed
C01_compact_gru,gated_recurrent_unit,rolling_origin_2021-11-02,42120,P-V05-W003::C012::C014,28.18366013327674,gate_c_torch,93d6a231e88abd7219722c0fb59328fbdb4063caf9d8ab33a5570465fdfe8a6d,340f5e8ac2d6df6696e2ea0267670ec4d5d1ef1265aa1ecb1a2cebed848a9eba,5a84f27899c20bd37e8318cdc99009da9cb2fc71b7090dead1ca57fee9e7db6a,4a1388db6a465b41decad90e9701c9312bb7aa844e8aeb133c461ed0a4bd9258,4addff335526e77628b914bf83380de2c81030fb22994a739cb072c37c504f5d,6fc5331c754442474d4542d6d7069dfc5ef5f7af9c53d4bcf9f4b9eb79696691,"{""dropout"":0.0,""hidden_size"":32,""layers"":1,""weight_decay"":0.01}",67,4065,3.355075499974191,0.004470500047318637,1777.24609375,78.05810546875,single_seed
C01_compact_gru,gated_recurrent_unit,rolling_origin_2021-11-02,42120,P-V05-W004::C012::C014,32.26539284038525,gate_c_torch,93d6a231e88abd7219722c0fb59328fbdb4063caf9d8ab33a5570465fdfe8a6d,340f5e8ac2d6df6696e2ea0267670ec4d5d1ef1265aa1ecb1a2cebed848a9eba,5a84f27899c20bd37e8318cdc99009da9cb2fc71b7090dead1ca57fee9e7db6a,4a1388db6a465b41decad90e9701c9312bb7aa844e8aeb133c461ed0a4bd9258,4addff335526e77628b914bf83380de2c81030fb22994a739cb072c37c504f5d,6fc5331c754442474d4542d6d7069dfc5ef5f7af9c53d4bcf9f4b9eb79696691,"{""dropout"":0.0,""hidden_size"":32,""layers"":1,""weight_decay"":0.01}",67,4065,3.355075499974191,0.004470500047318637,1777.24609375,78.05810546875,single_seed
C01_compact_gru,gated_recurrent_unit,rolling_origin_2021-11-02,42120,P-V05-W006::C012::C014,23.213200935974243,gate_c_torch,93d6a231e88abd7219722c0fb59328fbdb4063caf9d8ab33a5570465fdfe8a6d,340f5e8ac2d6df6696e2ea0267670ec4d5d1ef1265aa1ecb1a2cebed848a9eba,5a84f27899c20bd37e8318cdc99009da9cb2fc71b7090dead1ca57fee9e7db6a,4a1388db6a465b41decad90e9701c9312bb7aa844e8aeb133c461ed0a4bd9258,4addff335526e77628b914bf83380de2c81030fb22994a739cb072c37c504f5d,6fc5331c754442474d4542d6d7069dfc5ef5f7af9c53d4bcf9f4b9eb79696691,"{""dropout"":0.0,""hidden_size"":32,""layers"":1,""weight_decay"":0.01}",67,4065,3.355075499974191,0.004470500047318637,1777.24609375,78.05810546875,single_seed
C01_compact_gru,gated_recurrent_unit,rolling_origin_2021-11-02,42120,P-V05-W007::C012::C014,33.22271533810393,gate_c_torch,93d6a231e88abd7219722c0fb59328fbdb4063caf9d8ab33a5570465fdfe8a6d,340f5e8ac2d6df6696e2ea0267670ec4d5d1ef1265aa1ecb1a2cebed848a9eba,5a84f27899c20bd37e8318cdc99009da9cb2fc71b7090dead1ca57fee9e7db6a,4a1388db6a465b41decad90e9701c9312bb7aa844e8aeb133c461ed0a4bd9258,4addff335526e77628b914bf83380de2c81030fb22994a739cb072c37c504f5d,6fc5331c754442474d4542d6d7069dfc5ef5f7af9c53d4bcf9f4b9eb79696691,"{""dropout"":0.0,""hidden_size"":32,""layers"":1,""weight_decay"":0.01}",67,4065,3.355075499974191,0.004470500047318637,1777.24609375,78.05810546875,single_seed
C01_compact_gru,gated_recurrent_unit,rolling_origin_2021-11-02,42120,P-H04-W001::C013::C014,26.467474983552314,gate_c_torch,93d6a231e88abd7219722c0fb59328fbdb4063caf9d8ab33a5570465fdfe8a6d,340f5e8ac2d6df6696e2ea0267670ec4d5d1ef1265aa1ecb1a2cebed848a9eba,5a84f27899c20bd37e8318cdc99009da9cb2fc71b7090dead1ca57fee9e7db6a,4a1388db6a465b41decad90e9701c9312bb7aa844e8aeb133c461ed0a4bd9258,4addff335526e77628b914bf83380de2c81030fb22994a739cb072c37c504f5d,6fc5331c754442474d4542d6d7069dfc5ef5f7af9c53d4bcf9f4b9eb79696691,"{""dropout"":0.0,""hidden_size"":32,""layers"":1,""weight_decay"":0.01}",67,4065,3.355075499974191,0.004470500047318637,1777.24609375,78.05810546875,single_seed
C01_compact_gru,gated_recurrent_unit,rolling_origin_2021-11-02,42120,P-H04-W002::C013::C014,26.39808659207232,gate_c_torch,93d6a231e88abd7219722c0fb59328fbdb4063caf9d8ab33a5570465fdfe8a6d,340f5e8ac2d6df6696e2ea0267670ec4d5d1ef1265aa1ecb1a2cebed848a9eba,5a84f27899c20bd37e8318cdc99009da9cb2fc71b7090dead1ca57fee9e7db6a,4a1388db6a465b41decad90e9701c9312bb7aa844e8aeb133c461ed0a4bd9258,4addff335526e77628b914bf83380de2c81030fb22994a739cb072c37c504f5d,6fc5331c754442474d4542d6d7069dfc5ef5f7af9c53d4bcf9f4b9eb79696691,"{""dropout"":0.0,""hidden_size"":32,""layers"":1,""weight_decay"":0.01}",67,4065,3.355075499974191,0.004470500047318637,1777.24609375,78.05810546875,single_seed
C01_compact_gru,gated_recurrent_unit,rolling_origin_2021-11-02,42120,P-H04-W003::C013::C014,25.800067582233268,gate_c_torch,93d6a231e88abd7219722c0fb59328fbdb4063caf9d8ab33a5570465fdfe8a6d,340f5e8ac2d6df6696e2ea0267670ec4d5d1ef1265aa1ecb1a2cebed848a9eba,5a84f27899c20bd37e8318cdc99009da9cb2fc71b7090dead1ca57fee9e7db6a,4a1388db6a465b41decad90e9701c9312bb7aa844e8aeb133c461ed0a4bd9258,4addff335526e77628b914bf83380de2c81030fb22994a739cb072c37c504f5d,6fc5331c754442474d4542d6d7069dfc5ef5f7af9c53d4bcf9f4b9eb79696691,"{""dropout"":0.0,""hidden_size"":32,""layers"":1,""weight_decay"":0.01}",67,4065,3.355075499974191,0.004470500047318637,1777.24609375,78.05810546875,single_seed
C01_compact_gru,gated_recurrent_unit,rolling_origin_2021-11-02,42120,P-H04-W004::C013::C014,15.144629676987286,gate_c_torch,93d6a231e88abd7219722c0fb59328fbdb4063caf9d8ab33a5570465fdfe8a6d,340f5e8ac2d6df6696e2ea0267670ec4d5d1ef1265aa1ecb1a2cebed848a9eba,5a84f27899c20bd37e8318cdc99009da9cb2fc71b7090dead1ca57fee9e7db6a,4a1388db6a465b41decad90e9701c9312bb7aa844e8aeb133c461ed0a4bd9258,4addff335526e77628b914bf83380de2c81030fb22994a739cb072c37c504f5d,6fc5331c754442474d4542d6d7069dfc5ef5f7af9c53d4bcf9f4b9eb79696691,"{""dropout"":0.0,""hidden_size"":32,""layers"":1,""weight_decay"":0.01}",67,4065,3.355075499974191,0.004470500047318637,1777.24609375,78.05810546875,single_seed
C01_compact_gru,gated_recurrent_unit,rolling_origin_2021-11-02,42120,P-H04-W005::C013::C014,28.852586160790246,gate_c_torch,93d6a231e88abd7219722c0fb59328fbdb4063caf9d8ab33a5570465fdfe8a6d,340f5e8ac2d6df6696e2ea0267670ec4d5d1ef1265aa1ecb1a2cebed848a9eba,5a84f27899c20bd37e8318cdc99009da9cb2fc71b7090dead1ca57fee9e7db6a,4a1388db6a465b41decad90e9701c9312bb7aa844e8aeb133c461ed0a4bd9258,4addff335526e77628b914bf83380de2c81030fb22994a739cb072c37c504f5d,6fc5331c754442474d4542d6d7069dfc5ef5f7af9c53d4bcf9f4b9eb79696691,"{""dropout"":0.0,""hidden_size"":32,""layers"":1,""weight_decay"":0.01}",67,4065,3.355075499974191,0.004470500047318637,1777.24609375,78.05810546875,single_seed
C01_compact_gru,gated_recurrent_unit,rolling_origin_2021-11-02,42120,P-H04-W006::C013::C014,25.04498321767501,gate_c_torch,93d6a231e88abd7219722c0fb59328fbdb4063caf9d8ab33a5570465fdfe8a6d,340f5e8ac2d6df6696e2ea0267670ec4d5d1ef1265aa1ecb1a2cebed848a9eba,5a84f27899c20bd37e8318cdc99009da9cb2fc71b7090dead1ca57fee9e7db6a,4a1388db6a465b41decad90e9701c9312bb7aa844e8aeb133c461ed0a4bd9258,4addff335526e77628b914bf83380de2c81030fb22994a739cb072c37c504f5d,6fc5331c754442474d4542d6d7069dfc5ef5f7af9c53d4bcf9f4b9eb79696691,"{""dropout"":0.0,""hidden_size"":32,""layers"":1,""weight_decay"":0.01}",67,4065,3.355075499974191,0.004470500047318637,1777.24609375,78.05810546875,single_seed
C01_compact_gru,gated_recurrent_unit,rolling_origin_2021-11-02,42120,P-H04-W007::C013::C014,31.019606336657578,gate_c_torch,93d6a231e88abd7219722c0fb59328fbdb4063caf9d8ab33a5570465fdfe8a6d,340f5e8ac2d6df6696e2ea0267670ec4d5d1ef1265aa1ecb1a2cebed848a9eba,5a84f27899c20bd37e8318cdc99009da9cb2fc71b7090dead1ca57fee9e7db6a,4a1388db6a465b41decad90e9701c9312bb7aa844e8aeb133c461ed0a4bd9258,4addff335526e77628b914bf83380de2c81030fb22994a739cb072c37c504f5d,6fc5331c754442474d4542d6d7069dfc5ef5f7af9c53d4bcf9f4b9eb79696691,"{""dropout"":0.0,""hidden_size"":32,""layers"":1,""weight_decay"":0.01}",67,4065,3.355075499974191,0.004470500047318637,1777.24609375,78.05810546875,single_seed
C01_compact_gru,gated_recurrent_unit,rolling_origin_2021-11-02,42120,P-V06-W001::C013::C014,0.2192789892260869,gate_c_torch,93d6a231e88abd7219722c0fb59328fbdb4063caf9d8ab33a5570465fdfe8a6d,340f5e8ac2d6df6696e2ea0267670ec4d5d1ef1265aa1ecb1a2cebed848a9eba,5a84f27899c20bd37e8318cdc99009da9cb2fc71b7090dead1ca57fee9e7db6a,4a1388db6a465b41decad90e9701c9312bb7aa844e8aeb133c461ed0a4bd9258,4addff335526e77628b914bf83380de2c81030fb22994a739cb072c37c504f5d,6fc5331c754442474d4542d6d7069dfc5ef5f7af9c53d4bcf9f4b9eb79696691,"{""dropout"":0.0,""hidden_size"":32,""layers"":1,""weight_decay"":0.01}",67,4065,3.355075499974191,0.004470500047318637,1777.24609375,78.05810546875,single_seed
C01_compact_gru,gated_recurrent_unit,rolling_origin_2021-11-02,42120,P-V06-W002::C013::C014,18.68248470607884,gate_c_torch,93d6a231e88abd7219722c0fb59328fbdb4063caf9d8ab33a5570465fdfe8a6d,340f5e8ac2d6df6696e2ea0267670ec4d5d1ef1265aa1ecb1a2cebed848a9eba,5a84f27899c20bd37e8318cdc99009da9cb2fc71b7090dead1ca57fee9e7db6a,4a1388db6a465b41decad90e9701c9312bb7aa844e8aeb133c461ed0a4bd9258,4addff335526e77628b914bf83380de2c81030fb22994a739cb072c37c504f5d,6fc5331c754442474d4542d6d7069dfc5ef5f7af9c53d4bcf9f4b9eb79696691,"{""dropout"":0.0,""hidden_size"":32,""layers"":1,""weight_decay"":0.01}",67,4065,3.355075499974191,0.004470500047318637,1777.24609375,78.05810546875,single_seed
C01_compact_gru,gated_recurrent_unit,rolling_origin_2021-11-02,42120,P-V06-W004::C013::C014,18.642507227776562,gate_c_torch,93d6a231e88abd7219722c0fb59328fbdb4063caf9d8ab33a5570465fdfe8a6d,340f5e8ac2d6df6696e2ea0267670ec4d5d1ef1265aa1ecb1a2cebed848a9eba,5a84f27899c20bd37e8318cdc99009da9cb2fc71b7090dead1ca57fee9e7db6a,4a1388db6a465b41decad90e9701c9312bb7aa844e8aeb133c461ed0a4bd9258,4addff335526e77628b914bf83380de2c81030fb22994a739cb072c37c504f5d,6fc5331c754442474d4542d6d7069dfc5ef5f7af9c53d4bcf9f4b9eb79696691,"{""dropout"":0.0,""hidden_size"":32,""layers"":1,""weight_decay"":0.01}",67,4065,3.355075499974191,0.004470500047318637,1777.24609375,78.05810546875,single_seed
C01_compact_gru,gated_recurrent_unit,rolling_origin_2021-11-02,42120,P-V06-W005::C013::C014,42.642098633464784,gate_c_torch,93d6a231e88abd7219722c0fb59328fbdb4063caf9d8ab33a5570465fdfe8a6d,340f5e8ac2d6df6696e2ea0267670ec4d5d1ef1265aa1ecb1a2cebed848a9eba,5a84f27899c20bd37e8318cdc99009da9cb2fc71b7090dead1ca57fee9e7db6a,4a1388db6a465b41decad90e9701c9312bb7aa844e8aeb133c461ed0a4bd9258,4addff335526e77628b914bf83380de2c81030fb22994a739cb072c37c504f5d,6fc5331c754442474d4542d6d7069dfc5ef5f7af9c53d4bcf9f4b9eb79696691,"{""dropout"":0.0,""hidden_size"":32,""layers"":1,""weight_decay"":0.01}",67,4065,3.355075499974191,0.004470500047318637,1777.24609375,78.05810546875,single_seed
C01_compact_gru,gated_recurrent_unit,rolling_origin_2021-11-02,42120,P-V06-W006::C013::C014,15.035610780142143,gate_c_torch,93d6a231e88abd7219722c0fb59328fbdb4063caf9d8ab33a5570465fdfe8a6d,340f5e8ac2d6df6696e2ea0267670ec4d5d1ef1265aa1ecb1a2cebed848a9eba,5a84f27899c20bd37e8318cdc99009da9cb2fc71b7090dead1ca57fee9e7db6a,4a1388db6a465b41decad90e9701c9312bb7aa844e8aeb133c461ed0a4bd9258,4addff335526e77628b914bf83380de2c81030fb22994a739cb072c37c504f5d,6fc5331c754442474d4542d6d7069dfc5ef5f7af9c53d4bcf9f4b9eb79696691,"{""dropout"":0.0,""hidden_size"":32,""layers"":1,""weight_decay"":0.01}",67,4065,3.355075499974191,0.004470500047318637,1777.24609375,78.05810546875,single_seed
C01_compact_gru,gated_recurrent_unit,rolling_origin_2021-11-02,42120,P-V06-W007::C013::C014,16.068311289667957,gate_c_torch,93d6a231e88abd7219722c0fb59328fbdb4063caf9d8ab33a5570465fdfe8a6d,340f5e8ac2d6df6696e2ea0267670ec4d5d1ef1265aa1ecb1a2cebed848a9eba,5a84f27899c20bd37e8318cdc99009da9cb2fc71b7090dead1ca57fee9e7db6a,4a1388db6a465b41decad90e9701c9312bb7aa844e8aeb133c461ed0a4bd9258,4addff335526e77628b914bf83380de2c81030fb22994a739cb072c37c504f5d,6fc5331c754442474d4542d6d7069dfc5ef5f7af9c53d4bcf9f4b9eb79696691,"{""dropout"":0.0,""hidden_size"":32,""layers"":1,""weight_decay"":0.01}",67,4065,3.355075499974191,0.004470500047318637,1777.24609375,78.05810546875,single_seed
C01_compact_gru,gated_recurrent_unit,rolling_origin_2021-11-02,42121,P-D01-W001::C012::C014,49.22800930170952,gate_c_torch,93d6a231e88abd7219722c0fb59328fbdb4063caf9d8ab33a5570465fdfe8a6d,340f5e8ac2d6df6696e2ea0267670ec4d5d1ef1265aa1ecb1a2cebed848a9eba,5a84f27899c20bd37e8318cdc99009da9cb2fc71b7090dead1ca57fee9e7db6a,4a1388db6a465b41decad90e9701c9312bb7aa844e8aeb133c461ed0a4bd9258,4addff335526e77628b914bf83380de2c81030fb22994a739cb072c37c504f5d,6fc5331c754442474d4542d6d7069dfc5ef5f7af9c53d4bcf9f4b9eb79696691,"{""dropout"":0.0,""hidden_size"":32,""layers"":1,""weight_decay"":0.01}",67,4065,3.366666699992493,0.0009681000374257565,1777.2578125,78.05810546875,single_seed
C01_compact_gru,gated_recurrent_unit,rolling_origin_2021-11-02,42121,P-D01-W002::C012::C014,48.57548456101508,gate_c_torch,93d6a231e88abd7219722c0fb59328fbdb4063caf9d8ab33a5570465fdfe8a6d,340f5e8ac2d6df6696e2ea0267670ec4d5d1ef1265aa1ecb1a2cebed848a9eba,5a84f27899c20bd37e8318cdc99009da9cb2fc71b7090dead1ca57fee9e7db6a,4a1388db6a465b41decad90e9701c9312bb7aa844e8aeb133c461ed0a4bd9258,4addff335526e77628b914bf83380de2c81030fb22994a739cb072c37c504f5d,6fc5331c754442474d4542d6d7069dfc5ef5f7af9c53d4bcf9f4b9eb79696691,"{""dropout"":0.0,""hidden_size"":32,""layers"":1,""weight_decay"":0.01}",67,4065,3.366666699992493,0.0009681000374257565,1777.2578125,78.05810546875,single_seed
C01_compact_gru,gated_recurrent_unit,rolling_origin_2021-11-02,42121,P-D01-W003::C012::C014,4.714543878865122,gate_c_torch,93d6a231e88abd7219722c0fb59328fbdb4063caf9d8ab33a5570465fdfe8a6d,340f5e8ac2d6df6696e2ea0267670ec4d5d1ef1265aa1ecb1a2cebed848a9eba,5a84f27899c20bd37e8318cdc99009da9cb2fc71b7090dead1ca57fee9e7db6a,4a1388db6a465b41decad90e9701c9312bb7aa844e8aeb133c461ed0a4bd9258,4addff335526e77628b914bf83380de2c81030fb22994a739cb072c37c504f5d,6fc5331c754442474d4542d6d7069dfc5ef5f7af9c53d4bcf9f4b9eb79696691,"{""dropout"":0.0,""hidden_size"":32,""layers"":1,""weight_decay"":0.01}",67,4065,3.366666699992493,0.0009681000374257565,1777.2578125,78.05810546875,single_seed
C01_compact_gru,gated_recurrent_unit,rolling_origin_2021-11-02,42121,P-D01-W004::C012::C014,4.22557474559774,gate_c_torch,93d6a231e88abd7219722c0fb59328fbdb4063caf9d8ab33a5570465fdfe8a6d,340f5e8ac2d6df6696e2ea0267670ec4d5d1ef1265aa1ecb1a2cebed848a9eba,5a84f27899c20bd37e8318cdc99009da9cb2fc71b7090dead1ca57fee9e7db6a,4a1388db6a465b41decad90e9701c9312bb7aa844e8aeb133c461ed0a4bd9258,4addff335526e77628b914bf83380de2c81030fb22994a739cb072c37c504f5d,6fc5331c754442474d4542d6d7069dfc5ef5f7af9c53d4bcf9f4b9eb79696691,"{""dropout"":0.0,""hidden_size"":32,""layers"":1,""weight_decay"":0.01}",67,4065,3.366666699992493,0.0009681000374257565,1777.2578125,78.05810546875,single_seed
C01_compact_gru,gated_recurrent_unit,rolling_origin_2021-11-02,42121,P-D01-W005::C012::C014,37.333998522058174,gate_c_torch,93d6a231e88abd7219722c0fb59328fbdb4063caf9d8ab33a5570465fdfe8a6d,340f5e8ac2d6df6696e2ea0267670ec4d5d1ef1265aa1ecb1a2cebed848a9eba,5a84f27899c20bd37e8318cdc99009da9cb2fc71b7090dead1ca57fee9e7db6a,4a1388db6a465b41decad90e9701c9312bb7aa844e8aeb133c461ed0a4bd9258,4addff335526e77628b914bf83380de2c81030fb22994a739cb072c37c504f5d,6fc5331c754442474d4542d6d7069dfc5ef5f7af9c53d4bcf9f4b9eb79696691,"{""dropout"":0.0,""hidden_size"":32,""layers"":1,""weight_decay"":0.01}",67,4065,3.366666699992493,0.0009681000374257565,1777.2578125,78.05810546875,single_seed
C01_compact_gru,gated_recurrent_unit,rolling_origin_2021-11-02,42121,P-D01-W006::C012::C014,25.940693235272512,gate_c_torch,93d6a231e88abd7219722c0fb59328fbdb4063caf9d8ab33a5570465fdfe8a6d,340f5e8ac2d6df6696e2ea0267670ec4d5d1ef1265aa1ecb1a2cebed848a9eba,5a84f27899c20bd37e8318cdc99009da9cb2fc71b7090dead1ca57fee9e7db6a,4a1388db6a465b41decad90e9701c9312bb7aa844e8aeb133c461ed0a4bd9258,4addff335526e77628b914bf83380de2c81030fb22994a739cb072c37c504f5d,6fc5331c754442474d4542d6d7069dfc5ef5f7af9c53d4bcf9f4b9eb79696691,"{""dropout"":0.0,""hidden_size"":32,""layers"":1,""weight_decay"":0.01}",67,4065,3.366666699992493,0.0009681000374257565,1777.2578125,78.05810546875,single_seed
C01_compact_gru,gated_recurrent_unit,rolling_origin_2021-11-02,42121,P-D01-W007::C012::C014,30.492046455096677,gate_c_torch,93d6a231e88abd7219722c0fb59328fbdb4063caf9d8ab33a5570465fdfe8a6d,340f5e8ac2d6df6696e2ea0267670ec4d5d1ef1265aa1ecb1a2cebed848a9eba,5a84f27899c20bd37e8318cdc99009da9cb2fc71b7090dead1ca57fee9e7db6a,4a1388db6a465b41decad90e9701c9312bb7aa844e8aeb133c461ed0a4bd9258,4addff335526e77628b914bf83380de2c81030fb22994a739cb072c37c504f5d,6fc5331c754442474d4542d6d7069dfc5ef5f7af9c53d4bcf9f4b9eb79696691,"{""dropout"":0.0,""hidden_size"":32,""layers"":1,""weight_decay"":0.01}",67,4065,3.366666699992493,0.0009681000374257565,1777.2578125,78.05810546875,single_seed
C01_compact_gru,gated_recurrent_unit,rolling_origin_2021-11-02,42121,P-H01-W001::C012::C014,24.76267860089453,gate_c_torch,93d6a231e88abd7219722c0fb59328fbdb4063caf9d8ab33a5570465fdfe8a6d,340f5e8ac2d6df6696e2ea0267670ec4d5d1ef1265aa1ecb1a2cebed848a9eba,5a84f27899c20bd37e8318cdc99009da9cb2fc71b7090dead1ca57fee9e7db6a,4a1388db6a465b41decad90e9701c9312bb7aa844e8aeb133c461ed0a4bd9258,4addff335526e77628b914bf83380de2c81030fb22994a739cb072c37c504f5d,6fc5331c754442474d4542d6d7069dfc5ef5f7af9c53d4bcf9f4b9eb79696691,"{""dropout"":0.0,""hidden_size"":32,""layers"":1,""weight_decay"":0.01}",67,4065,3.366666699992493,0.0009681000374257565,1777.2578125,78.05810546875,single_seed
C01_compact_gru,gated_recurrent_unit,rolling_origin_2021-11-02,42121,P-H01-W002::C012::C014,27.155479256054264,gate_c_torch,93d6a231e88abd7219722c0fb59328fbdb4063caf9d8ab33a5570465fdfe8a6d,340f5e8ac2d6df6696e2ea0267670ec4d5d1ef1265aa1ecb1a2cebed848a9eba,5a84f27899c20bd37e8318cdc99009da9cb2fc71b7090dead1ca57fee9e7db6a,4a1388db6a465b41decad90e9701c9312bb7aa844e8aeb133c461ed0a4bd9258,4addff335526e77628b914bf83380de2c81030fb22994a739cb072c37c504f5d,6fc5331c754442474d4542d6d7069dfc5ef5f7af9c53d4bcf9f4b9eb79696691,"{""dropout"":0.0,""hidden_size"":32,""layers"":1,""weight_decay"":0.01}",67,4065,3.366666699992493,0.0009681000374257565,1777.2578125,78.05810546875,single_seed
C01_compact_gru,gated_recurrent_unit,rolling_origin_2021-11-02,42121,P-H01-W003::C012::C014,23.42933471567205,gate_c_torch,93d6a231e88abd7219722c0fb59328fbdb4063caf9d8ab33a5570465fdfe8a6d,340f5e8ac2d6df6696e2ea0267670ec4d5d1ef1265aa1ecb1a2cebed848a9eba,5a84f27899c20bd37e8318cdc99009da9cb2fc71b7090dead1ca57fee9e7db6a,4a1388db6a465b41decad90e9701c9312bb7aa844e8aeb133c461ed0a4bd9258,4addff335526e77628b914bf83380de2c81030fb22994a739cb072c37c504f5d,6fc5331c754442474d4542d6d7069dfc5ef5f7af9c53d4bcf9f4b9eb79696691,"{""dropout"":0.0,""hidden_size"":32,""layers"":1,""weight_decay"":0.01}",67,4065,3.366666699992493,0.0009681000374257565,1777.2578125,78.05810546875,single_seed
C01_compact_gru,gated_recurrent_unit,rolling_origin_2021-11-02,42121,P-H01-W004::C012::C014,29.876549767840306,gate_c_torch,93d6a231e88abd7219722c0fb59328fbdb4063caf9d8ab33a5570465fdfe8a6d,340f5e8ac2d6df6696e2ea0267670ec4d5d1ef1265aa1ecb1a2cebed848a9eba,5a84f27899c20bd37e8318cdc99009da9cb2fc71b7090dead1ca57fee9e7db6a,4a1388db6a465b41decad90e9701c9312bb7aa844e8aeb133c461ed0a4bd9258,4addff335526e77628b914bf83380de2c81030fb22994a739cb072c37c504f5d,6fc5331c754442474d4542d6d7069dfc5ef5f7af9c53d4bcf9f4b9eb79696691,"{""dropout"":0.0,""hidden_size"":32,""layers"":1,""weight_decay"":0.01}",67,4065,3.366666699992493,0.0009681000374257565,1777.2578125,78.05810546875,single_seed
C01_compact_gru,gated_recurrent_unit,rolling_origin_2021-11-02,42121,P-H01-W005::C012::C014,52.55248588798077,gate_c_torch,93d6a231e88abd7219722c0fb59328fbdb4063caf9d8ab33a5570465fdfe8a6d,340f5e8ac2d6df6696e2ea0267670ec4d5d1ef1265aa1ecb1a2cebed848a9eba,5a84f27899c20bd37e8318cdc99009da9cb2fc71b7090dead1ca57fee9e7db6a,4a1388db6a465b41decad90e9701c9312bb7aa844e8aeb133c461ed0a4bd9258,4addff335526e77628b914bf83380de2c81030fb22994a739cb072c37c504f5d,6fc5331c754442474d4542d6d7069dfc5ef5f7af9c53d4bcf9f4b9eb79696691,"{""dropout"":0.0,""hidden_size"":32,""layers"":1,""weight_decay"":0.01}",67,4065,3.366666699992493,0.0009681000374257565,1777.2578125,78.05810546875,single_seed
C01_compact_gru,gated_recurrent_unit,rolling_origin_2021-11-02,42121,P-H01-W006::C012::C014,34.090037935238925,gate_c_torch,93d6a231e88abd7219722c0fb59328fbdb4063caf9d8ab33a5570465fdfe8a6d,340f5e8ac2d6df6696e2ea0267670ec4d5d1ef1265aa1ecb1a2cebed848a9eba,5a84f27899c20bd37e8318cdc99009da9cb2fc71b7090dead1ca57fee9e7db6a,4a1388db6a465b41decad90e9701c9312bb7aa844e8aeb133c461ed0a4bd9258,4addff335526e77628b914bf83380de2c81030fb22994a739cb072c37c504f5d,6fc5331c754442474d4542d6d7069dfc5ef5f7af9c53d4bcf9f4b9eb79696691,"{""dropout"":0.0,""hidden_size"":32,""layers"":1,""weight_decay"":0.01}",67,4065,3.366666699992493,0.0009681000374257565,1777.2578125,78.05810546875,single_seed
C01_compact_gru,gated_recurrent_unit,rolling_origin_2021-11-02,42121,P-H01-W007::C012::C014,30.974910568555593,gate_c_torch,93d6a231e88abd7219722c0fb59328fbdb4063caf9d8ab33a5570465fdfe8a6d,340f5e8ac2d6df6696e2ea0267670ec4d5d1ef1265aa1ecb1a2cebed848a9eba,5a84f27899c20bd37e8318cdc99009da9cb2fc71b7090dead1ca57fee9e7db6a,4a1388db6a465b41decad90e9701c9312bb7aa844e8aeb133c461ed0a4bd9258,4addff335526e77628b914bf83380de2c81030fb22994a739cb072c37c504f5d,6fc5331c754442474d4542d6d7069dfc5ef5f7af9c53d4bcf9f4b9eb79696691,"{""dropout"":0.0,""hidden_size"":32,""layers"":1,""weight_decay"":0.01}",67,4065,3.366666699992493,0.0009681000374257565,1777.2578125,78.05810546875,single_seed
C01_compact_gru,gated_recurrent_unit,rolling_origin_2021-11-02,42121,P-H02-W001::C012::C014,33.882646634367646,gate_c_torch,93d6a231e88abd7219722c0fb59328fbdb4063caf9d8ab33a5570465fdfe8a6d,340f5e8ac2d6df6696e2ea0267670ec4d5d1ef1265aa1ecb1a2cebed848a9eba,5a84f27899c20bd37e8318cdc99009da9cb2fc71b7090dead1ca57fee9e7db6a,4a1388db6a465b41decad90e9701c9312bb7aa844e8aeb133c461ed0a4bd9258,4addff335526e77628b914bf83380de2c81030fb22994a739cb072c37c504f5d,6fc5331c754442474d4542d6d7069dfc5ef5f7af9c53d4bcf9f4b9eb79696691,"{""dropout"":0.0,""hidden_size"":32,""layers"":1,""weight_decay"":0.01}",67,4065,3.366666699992493,0.0009681000374257565,1777.2578125,78.05810546875,single_seed
C01_compact_gru,gated_recurrent_unit,rolling_origin_2021-11-02,42121,P-H02-W003::C012::C014,23.175613233776424,gate_c_torch,93d6a231e88abd7219722c0fb59328fbdb4063caf9d8ab33a5570465fdfe8a6d,340f5e8ac2d6df6696e2ea0267670ec4d5d1ef1265aa1ecb1a2cebed848a9eba,5a84f27899c20bd37e8318cdc99009da9cb2fc71b7090dead1ca57fee9e7db6a,4a1388db6a465b41decad90e9701c9312bb7aa844e8aeb133c461ed0a4bd9258,4addff335526e77628b914bf83380de2c81030fb22994a739cb072c37c504f5d,6fc5331c754442474d4542d6d7069dfc5ef5f7af9c53d4bcf9f4b9eb79696691,"{""dropout"":0.0,""hidden_size"":32,""layers"":1,""weight_decay"":0.01}",67,4065,3.366666699992493,0.0009681000374257565,1777.2578125,78.05810546875,single_seed
C01_compact_gru,gated_recurrent_unit,rolling_origin_2021-11-02,42121,P-H02-W004::C012::C014,19.958326501296035,gate_c_torch,93d6a231e88abd7219722c0fb59328fbdb4063caf9d8ab33a5570465fdfe8a6d,340f5e8ac2d6df6696e2ea0267670ec4d5d1ef1265aa1ecb1a2cebed848a9eba,5a84f27899c20bd37e8318cdc99009da9cb2fc71b7090dead1ca57fee9e7db6a,4a1388db6a465b41decad90e9701c9312bb7aa844e8aeb133c461ed0a4bd9258,4addff335526e77628b914bf83380de2c81030fb22994a739cb072c37c504f5d,6fc5331c754442474d4542d6d7069dfc5ef5f7af9c53d4bcf9f4b9eb79696691,"{""dropout"":0.0,""hidden_size"":32,""layers"":1,""weight_decay"":0.01}",67,4065,3.366666699992493,0.0009681000374257565,1777.2578125,78.05810546875,single_seed
C01_compact_gru,gated_recurrent_unit,rolling_origin_2021-11-02,42121,P-H02-W005::C012::C014,7.394334834442866,gate_c_torch,93d6a231e88abd7219722c0fb59328fbdb4063caf9d8ab33a5570465fdfe8a6d,340f5e8ac2d6df6696e2ea0267670ec4d5d1ef1265aa1ecb1a2cebed848a9eba,5a84f27899c20bd37e8318cdc99009da9cb2fc71b7090dead1ca57fee9e7db6a,4a1388db6a465b41decad90e9701c9312bb7aa844e8aeb133c461ed0a4bd9258,4addff335526e77628b914bf83380de2c81030fb22994a739cb072c37c504f5d,6fc5331c754442474d4542d6d7069dfc5ef5f7af9c53d4bcf9f4b9eb79696691,"{""dropout"":0.0,""hidden_size"":32,""layers"":1,""weight_decay"":0.01}",67,4065,3.366666699992493,0.0009681000374257565,1777.2578125,78.05810546875,single_seed
C01_compact_gru,gated_recurrent_unit,rolling_origin_2021-11-02,42121,P-H02-W006::C012::C014,19.285951191030776,gate_c_torch,93d6a231e88abd7219722c0fb59328fbdb4063caf9d8ab33a5570465fdfe8a6d,340f5e8ac2d6df6696e2ea0267670ec4d5d1ef1265aa1ecb1a2cebed848a9eba,5a84f27899c20bd37e8318cdc99009da9cb2fc71b7090dead1ca57fee9e7db6a,4a1388db6a465b41decad90e9701c9312bb7aa844e8aeb133c461ed0a4bd9258,4addff335526e77628b914bf83380de2c81030fb22994a739cb072c37c504f5d,6fc5331c754442474d4542d6d7069dfc5ef5f7af9c53d4bcf9f4b9eb79696691,"{""dropout"":0.0,""hidden_size"":32,""layers"":1,""weight_decay"":0.01}",67,4065,3.366666699992493,0.0009681000374257565,1777.2578125,78.05810546875,single_seed
C01_compact_gru,gated_recurrent_unit,rolling_origin_2021-11-02,42121,P-H02-W007::C012::C014,30.05500910210601,gate_c_torch,93d6a231e88abd7219722c0fb59328fbdb4063caf9d8ab33a5570465fdfe8a6d,340f5e8ac2d6df6696e2ea0267670ec4d5d1ef1265aa1ecb1a2cebed848a9eba,5a84f27899c20bd37e8318cdc99009da9cb2fc71b7090dead1ca57fee9e7db6a,4a1388db6a465b41decad90e9701c9312bb7aa844e8aeb133c461ed0a4bd9258,4addff335526e77628b914bf83380de2c81030fb22994a739cb072c37c504f5d,6fc5331c754442474d4542d6d7069dfc5ef5f7af9c53d4bcf9f4b9eb79696691,"{""dropout"":0.0,""hidden_size"":32,""layers"":1,""weight_decay"":0.01}",67,4065,3.366666699992493,0.0009681000374257565,1777.2578125,78.05810546875,single_seed
C01_compact_gru,gated_recurrent_unit,rolling_origin_2021-11-02,42121,P-H03-W001::C012::C014,50.636823518324206,gate_c_torch,93d6a231e88abd7219722c0fb59328fbdb4063caf9d8ab33a5570465fdfe8a6d,340f5e8ac2d6df6696e2ea0267670ec4d5d1ef1265aa1ecb1a2cebed848a9eba,5a84f27899c20bd37e8318cdc99009da9cb2fc71b7090dead1ca57fee9e7db6a,4a1388db6a465b41decad90e9701c9312bb7aa844e8aeb133c461ed0a4bd9258,4addff335526e77628b914bf83380de2c81030fb22994a739cb072c37c504f5d,6fc5331c754442474d4542d6d7069dfc5ef5f7af9c53d4bcf9f4b9eb79696691,"{""dropout"":0.0,""hidden_size"":32,""layers"":1,""weight_decay"":0.01}",67,4065,3.366666699992493,0.0009681000374257565,1777.2578125,78.05810546875,single_seed
C01_compact_gru,gated_recurrent_unit,rolling_origin_2021-11-02,42121,P-H03-W003::C012::C014,47.8329525620519,gate_c_torch,93d6a231e88abd7219722c0fb59328fbdb4063caf9d8ab33a5570465fdfe8a6d,340f5e8ac2d6df6696e2ea0267670ec4d5d1ef1265aa1ecb1a2cebed848a9eba,5a84f27899c20bd37e8318cdc99009da9cb2fc71b7090dead1ca57fee9e7db6a,4a1388db6a465b41decad90e9701c9312bb7aa844e8aeb133c461ed0a4bd9258,4addff335526e77628b914bf83380de2c81030fb22994a739cb072c37c504f5d,6fc5331c754442474d4542d6d7069dfc5ef5f7af9c53d4bcf9f4b9eb79696691,"{""dropout"":0.0,""hidden_size"":32,""layers"":1,""weight_decay"":0.01}",67,4065,3.366666699992493,0.0009681000374257565,1777.2578125,78.05810546875,single_seed
C01_compact_gru,gated_recurrent_unit,rolling_origin_2021-11-02,42121,P-H03-W004::C012::C014,53.59799217726467,gate_c_torch,93d6a231e88abd7219722c0fb59328fbdb4063caf9d8ab33a5570465fdfe8a6d,340f5e8ac2d6df6696e2ea0267670ec4d5d1ef1265aa1ecb1a2cebed848a9eba,5a84f27899c20bd37e8318cdc99009da9cb2fc71b7090dead1ca57fee9e7db6a,4a1388db6a465b41decad90e9701c9312bb7aa844e8aeb133c461ed0a4bd9258,4addff335526e77628b914bf83380de2c81030fb22994a739cb072c37c504f5d,6fc5331c754442474d4542d6d7069dfc5ef5f7af9c53d4bcf9f4b9eb79696691,"{""dropout"":0.0,""hidden_size"":32,""layers"":1,""weight_decay"":0.01}",67,4065,3.366666699992493,0.0009681000374257565,1777.2578125,78.05810546875,single_seed
C01_compact_gru,gated_recurrent_unit,rolling_origin_2021-11-02,42121,P-H03-W005::C012::C014,53.29796715690952,gate_c_torch,93d6a231e88abd7219722c0fb59328fbdb4063caf9d8ab33a5570465fdfe8a6d,340f5e8ac2d6df6696e2ea0267670ec4d5d1ef1265aa1ecb1a2cebed848a9eba,5a84f27899c20bd37e8318cdc99009da9cb2fc71b7090dead1ca57fee9e7db6a,4a1388db6a465b41decad90e9701c9312bb7aa844e8aeb133c461ed0a4bd9258,4addff335526e77628b914bf83380de2c81030fb22994a739cb072c37c504f5d,6fc5331c754442474d4542d6d7069dfc5ef5f7af9c53d4bcf9f4b9eb79696691,"{""dropout"":0.0,""hidden_size"":32,""layers"":1,""weight_decay"":0.01}",67,4065,3.366666699992493,0.0009681000374257565,1777.2578125,78.05810546875,single_seed
C01_compact_gru,gated_recurrent_unit,rolling_origin_2021-11-02,42121,P-H03-W006::C012::C014,57.369585525451484,gate_c_torch,93d6a231e88abd7219722c0fb59328fbdb4063caf9d8ab33a5570465fdfe8a6d,340f5e8ac2d6df6696e2ea0267670ec4d5d1ef1265aa1ecb1a2cebed848a9eba,5a84f27899c20bd37e8318cdc99009da9cb2fc71b7090dead1ca57fee9e7db6a,4a1388db6a465b41decad90e9701c9312bb7aa844e8aeb133c461ed0a4bd9258,4addff335526e77628b914bf83380de2c81030fb22994a739cb072c37c504f5d,6fc5331c754442474d4542d6d7069dfc5ef5f7af9c53d4bcf9f4b9eb79696691,"{""dropout"":0.0,""hidden_size"":32,""layers"":1,""weight_decay"":0.01}",67,4065,3.366666699992493,0.0009681000374257565,1777.2578125,78.05810546875,single_seed
C01_compact_gru,gated_recurrent_unit,rolling_origin_2021-11-02,42121,P-H03-W007::C012::C014,25.980020758912207,gate_c_torch,93d6a231e88abd7219722c0fb59328fbdb4063caf9d8ab33a5570465fdfe8a6d,340f5e8ac2d6df6696e2ea0267670ec4d5d1ef1265aa1ecb1a2cebed848a9eba,5a84f27899c20bd37e8318cdc99009da9cb2fc71b7090dead1ca57fee9e7db6a,4a1388db6a465b41decad90e9701c9312bb7aa844e8aeb133c461ed0a4bd9258,4addff335526e77628b914bf83380de2c81030fb22994a739cb072c37c504f5d,6fc5331c754442474d4542d6d7069dfc5ef5f7af9c53d4bcf9f4b9eb79696691,"{""dropout"":0.0,""hidden_size"":32,""layers"":1,""weight_decay"":0.01}",67,4065,3.366666699992493,0.0009681000374257565,1777.2578125,78.05810546875,single_seed
C01_compact_gru,gated_recurrent_unit,rolling_origin_2021-11-02,42121,P-H05-W001::C012::C014,32.72826798234508,gate_c_torch,93d6a231e88abd7219722c0fb59328fbdb4063caf9d8ab33a5570465fdfe8a6d,340f5e8ac2d6df6696e2ea0267670ec4d5d1ef1265aa1ecb1a2cebed848a9eba,5a84f27899c20bd37e8318cdc99009da9cb2fc71b7090dead1ca57fee9e7db6a,4a1388db6a465b41decad90e9701c9312bb7aa844e8aeb133c461ed0a4bd9258,4addff335526e77628b914bf83380de2c81030fb22994a739cb072c37c504f5d,6fc5331c754442474d4542d6d7069dfc5ef5f7af9c53d4bcf9f4b9eb79696691,"{""dropout"":0.0,""hidden_size"":32,""layers"":1,""weight_decay"":0.01}",67,4065,3.366666699992493,0.0009681000374257565,1777.2578125,78.05810546875,single_seed
C01_compact_gru,gated_recurrent_unit,rolling_origin_2021-11-02,42121,P-H05-W002::C012::C014,39.775092233715135,gate_c_torch,93d6a231e88abd7219722c0fb59328fbdb4063caf9d8ab33a5570465fdfe8a6d,340f5e8ac2d6df6696e2ea0267670ec4d5d1ef1265aa1ecb1a2cebed848a9eba,5a84f27899c20bd37e8318cdc99009da9cb2fc71b7090dead1ca57fee9e7db6a,4a1388db6a465b41decad90e9701c9312bb7aa844e8aeb133c461ed0a4bd9258,4addff335526e77628b914bf83380de2c81030fb22994a739cb072c37c504f5d,6fc5331c754442474d4542d6d7069dfc5ef5f7af9c53d4bcf9f4b9eb79696691,"{""dropout"":0.0,""hidden_size"":32,""layers"":1,""weight_decay"":0.01}",67,4065,3.366666699992493,0.0009681000374257565,1777.2578125,78.05810546875,single_seed
C01_compact_gru,gated_recurrent_unit,rolling_origin_2021-11-02,42121,P-H05-W003::C012::C014,32.84757090920884,gate_c_torch,93d6a231e88abd7219722c0fb59328fbdb4063caf9d8ab33a5570465fdfe8a6d,340f5e8ac2d6df6696e2ea0267670ec4d5d1ef1265aa1ecb1a2cebed848a9eba,5a84f27899c20bd37e8318cdc99009da9cb2fc71b7090dead1ca57fee9e7db6a,4a1388db6a465b41decad90e9701c9312bb7aa844e8aeb133c461ed0a4bd9258,4addff335526e77628b914bf83380de2c81030fb22994a739cb072c37c504f5d,6fc5331c754442474d4542d6d7069dfc5ef5f7af9c53d4bcf9f4b9eb79696691,"{""dropout"":0.0,""hidden_size"":32,""layers"":1,""weight_decay"":0.01}",67,4065,3.366666699992493,0.0009681000374257565,1777.2578125,78.05810546875,single_seed
C01_compact_gru,gated_recurrent_unit,rolling_origin_2021-11-02,42121,P-H05-W004::C012::C014,21.78159865211925,gate_c_torch,93d6a231e88abd7219722c0fb59328fbdb4063caf9d8ab33a5570465fdfe8a6d,340f5e8ac2d6df6696e2ea0267670ec4d5d1ef1265aa1ecb1a2cebed848a9eba,5a84f27899c20bd37e8318cdc99009da9cb2fc71b7090dead1ca57fee9e7db6a,4a1388db6a465b41decad90e9701c9312bb7aa844e8aeb133c461ed0a4bd9258,4addff335526e77628b914bf83380de2c81030fb22994a739cb072c37c504f5d,6fc5331c754442474d4542d6d7069dfc5ef5f7af9c53d4bcf9f4b9eb79696691,"{""dropout"":0.0,""hidden_size"":32,""layers"":1,""weight_decay"":0.01}",67,4065,3.366666699992493,0.0009681000374257565,1777.2578125,78.05810546875,single_seed
C01_compact_gru,gated_recurrent_unit,rolling_origin_2021-11-02,42121,P-H05-W005::C012::C014,17.909368281897024,gate_c_torch,93d6a231e88abd7219722c0fb59328fbdb4063caf9d8ab33a5570465fdfe8a6d,340f5e8ac2d6df6696e2ea0267670ec4d5d1ef1265aa1ecb1a2cebed848a9eba,5a84f27899c20bd37e8318cdc99009da9cb2fc71b7090dead1ca57fee9e7db6a,4a1388db6a465b41decad90e9701c9312bb7aa844e8aeb133c461ed0a4bd9258,4addff335526e77628b914bf83380de2c81030fb22994a739cb072c37c504f5d,6fc5331c754442474d4542d6d7069dfc5ef5f7af9c53d4bcf9f4b9eb79696691,"{""dropout"":0.0,""hidden_size"":32,""layers"":1,""weight_decay"":0.01}",67,4065,3.366666699992493,0.0009681000374257565,1777.2578125,78.05810546875,single_seed
C01_compact_gru,gated_recurrent_unit,rolling_origin_2021-11-02,42121,P-H05-W006::C012::C014,17.038623586720306,gate_c_torch,93d6a231e88abd7219722c0fb59328fbdb4063caf9d8ab33a5570465fdfe8a6d,340f5e8ac2d6df6696e2ea0267670ec4d5d1ef1265aa1ecb1a2cebed848a9eba,5a84f27899c20bd37e8318cdc99009da9cb2fc71b7090dead1ca57fee9e7db6a,4a1388db6a465b41decad90e9701c9312bb7aa844e8aeb133c461ed0a4bd9258,4addff335526e77628b914bf83380de2c81030fb22994a739cb072c37c504f5d,6fc5331c754442474d4542d6d7069dfc5ef5f7af9c53d4bcf9f4b9eb79696691,"{""dropout"":0.0,""hidden_size"":32,""layers"":1,""weight_decay"":0.01}",67,4065,3.366666699992493,0.0009681000374257565,1777.2578125,78.05810546875,single_seed
C01_compact_gru,gated_recurrent_unit,rolling_origin_2021-11-02,42121,P-H05-W007::C012::C014,26.172481690380025,gate_c_torch,93d6a231e88abd7219722c0fb59328fbdb4063caf9d8ab33a5570465fdfe8a6d,340f5e8ac2d6df6696e2ea0267670ec4d5d1ef1265aa1ecb1a2cebed848a9eba,5a84f27899c20bd37e8318cdc99009da9cb2fc71b7090dead1ca57fee9e7db6a,4a1388db6a465b41decad90e9701c9312bb7aa844e8aeb133c461ed0a4bd9258,4addff335526e77628b914bf83380de2c81030fb22994a739cb072c37c504f5d,6fc5331c754442474d4542d6d7069dfc5ef5f7af9c53d4bcf9f4b9eb79696691,"{""dropout"":0.0,""hidden_size"":32,""layers"":1,""weight_decay"":0.01}",67,4065,3.366666699992493,0.0009681000374257565,1777.2578125,78.05810546875,single_seed
C01_compact_gru,gated_recurrent_unit,rolling_origin_2021-11-02,42121,P-H06-W001::C012::C014,2.823050652657539,gate_c_torch,93d6a231e88abd7219722c0fb59328fbdb4063caf9d8ab33a5570465fdfe8a6d,340f5e8ac2d6df6696e2ea0267670ec4d5d1ef1265aa1ecb1a2cebed848a9eba,5a84f27899c20bd37e8318cdc99009da9cb2fc71b7090dead1ca57fee9e7db6a,4a1388db6a465b41decad90e9701c9312bb7aa844e8aeb133c461ed0a4bd9258,4addff335526e77628b914bf83380de2c81030fb22994a739cb072c37c504f5d,6fc5331c754442474d4542d6d7069dfc5ef5f7af9c53d4bcf9f4b9eb79696691,"{""dropout"":0.0,""hidden_size"":32,""layers"":1,""weight_decay"":0.01}",67,4065,3.366666699992493,0.0009681000374257565,1777.2578125,78.05810546875,single_seed
C01_compact_gru,gated_recurrent_unit,rolling_origin_2021-11-02,42121,P-H06-W002::C012::C014,1.2628075327683668,gate_c_torch,93d6a231e88abd7219722c0fb59328fbdb4063caf9d8ab33a5570465fdfe8a6d,340f5e8ac2d6df6696e2ea0267670ec4d5d1ef1265aa1ecb1a2cebed848a9eba,5a84f27899c20bd37e8318cdc99009da9cb2fc71b7090dead1ca57fee9e7db6a,4a1388db6a465b41decad90e9701c9312bb7aa844e8aeb133c461ed0a4bd9258,4addff335526e77628b914bf83380de2c81030fb22994a739cb072c37c504f5d,6fc5331c754442474d4542d6d7069dfc5ef5f7af9c53d4bcf9f4b9eb79696691,"{""dropout"":0.0,""hidden_size"":32,""layers"":1,""weight_decay"":0.01}",67,4065,3.366666699992493,0.0009681000374257565,1777.2578125,78.05810546875,single_seed
C01_compact_gru,gated_recurrent_unit,rolling_origin_2021-11-02,42121,P-H06-W003::C012::C014,2.1904248099073023,gate_c_torch,93d6a231e88abd7219722c0fb59328fbdb4063caf9d8ab33a5570465fdfe8a6d,340f5e8ac2d6df6696e2ea0267670ec4d5d1ef1265aa1ecb1a2cebed848a9eba,5a84f27899c20bd37e8318cdc99009da9cb2fc71b7090dead1ca57fee9e7db6a,4a1388db6a465b41decad90e9701c9312bb7aa844e8aeb133c461ed0a4bd9258,4addff335526e77628b914bf83380de2c81030fb22994a739cb072c37c504f5d,6fc5331c754442474d4542d6d7069dfc5ef5f7af9c53d4bcf9f4b9eb79696691,"{""dropout"":0.0,""hidden_size"":32,""layers"":1,""weight_decay"":0.01}",67,4065,3.366666699992493,0.0009681000374257565,1777.2578125,78.05810546875,single_seed
C01_compact_gru,gated_recurrent_unit,rolling_origin_2021-11-02,42121,P-H06-W004::C012::C014,2.577225283459665,gate_c_torch,93d6a231e88abd7219722c0fb59328fbdb4063caf9d8ab33a5570465fdfe8a6d,340f5e8ac2d6df6696e2ea0267670ec4d5d1ef1265aa1ecb1a2cebed848a9eba,5a84f27899c20bd37e8318cdc99009da9cb2fc71b7090dead1ca57fee9e7db6a,4a1388db6a465b41decad90e9701c9312bb7aa844e8aeb133c461ed0a4bd9258,4addff335526e77628b914bf83380de2c81030fb22994a739cb072c37c504f5d,6fc5331c754442474d4542d6d7069dfc5ef5f7af9c53d4bcf9f4b9eb79696691,"{""dropout"":0.0,""hidden_size"":32,""layers"":1,""weight_decay"":0.01}",67,4065,3.366666699992493,0.0009681000374257565,1777.2578125,78.05810546875,single_seed
C01_compact_gru,gated_recurrent_unit,rolling_origin_2021-11-02,42121,P-H06-W005::C012::C014,3.729029210410392,gate_c_torch,93d6a231e88abd7219722c0fb59328fbdb4063caf9d8ab33a5570465fdfe8a6d,340f5e8ac2d6df6696e2ea0267670ec4d5d1ef1265aa1ecb1a2cebed848a9eba,5a84f27899c20bd37e8318cdc99009da9cb2fc71b7090dead1ca57fee9e7db6a,4a1388db6a465b41decad90e9701c9312bb7aa844e8aeb133c461ed0a4bd9258,4addff335526e77628b914bf83380de2c81030fb22994a739cb072c37c504f5d,6fc5331c754442474d4542d6d7069dfc5ef5f7af9c53d4bcf9f4b9eb79696691,"{""dropout"":0.0,""hidden_size"":32,""layers"":1,""weight_decay"":0.01}",67,4065,3.366666699992493,0.0009681000374257565,1777.2578125,78.05810546875,single_seed
C01_compact_gru,gated_recurrent_unit,rolling_origin_2021-11-02,42121,P-H06-W006::C012::C014,3.381667167918696,gate_c_torch,93d6a231e88abd7219722c0fb59328fbdb4063caf9d8ab33a5570465fdfe8a6d,340f5e8ac2d6df6696e2ea0267670ec4d5d1ef1265aa1ecb1a2cebed848a9eba,5a84f27899c20bd37e8318cdc99009da9cb2fc71b7090dead1ca57fee9e7db6a,4a1388db6a465b41decad90e9701c9312bb7aa844e8aeb133c461ed0a4bd9258,4addff335526e77628b914bf83380de2c81030fb22994a739cb072c37c504f5d,6fc5331c754442474d4542d6d7069dfc5ef5f7af9c53d4bcf9f4b9eb79696691,"{""dropout"":0.0,""hidden_size"":32,""layers"":1,""weight_decay"":0.01}",67,4065,3.366666699992493,0.0009681000374257565,1777.2578125,78.05810546875,single_seed
C01_compact_gru,gated_recurrent_unit,rolling_origin_2021-11-02,42121,P-H06-W007::C012::C014,12.128525288587205,gate_c_torch,93d6a231e88abd7219722c0fb59328fbdb4063caf9d8ab33a5570465fdfe8a6d,340f5e8ac2d6df6696e2ea0267670ec4d5d1ef1265aa1ecb1a2cebed848a9eba,5a84f27899c20bd37e8318cdc99009da9cb2fc71b7090dead1ca57fee9e7db6a,4a1388db6a465b41decad90e9701c9312bb7aa844e8aeb133c461ed0a4bd9258,4addff335526e77628b914bf83380de2c81030fb22994a739cb072c37c504f5d,6fc5331c754442474d4542d6d7069dfc5ef5f7af9c53d4bcf9f4b9eb79696691,"{""dropout"":0.0,""hidden_size"":32,""layers"":1,""weight_decay"":0.01}",67,4065,3.366666699992493,0.0009681000374257565,1777.2578125,78.05810546875,single_seed
C01_compact_gru,gated_recurrent_unit,rolling_origin_2021-11-02,42121,P-H07-W001::C012::C014,35.838928072462906,gate_c_torch,93d6a231e88abd7219722c0fb59328fbdb4063caf9d8ab33a5570465fdfe8a6d,340f5e8ac2d6df6696e2ea0267670ec4d5d1ef1265aa1ecb1a2cebed848a9eba,5a84f27899c20bd37e8318cdc99009da9cb2fc71b7090dead1ca57fee9e7db6a,4a1388db6a465b41decad90e9701c9312bb7aa844e8aeb133c461ed0a4bd9258,4addff335526e77628b914bf83380de2c81030fb22994a739cb072c37c504f5d,6fc5331c754442474d4542d6d7069dfc5ef5f7af9c53d4bcf9f4b9eb79696691,"{""dropout"":0.0,""hidden_size"":32,""layers"":1,""weight_decay"":0.01}",67,4065,3.366666699992493,0.0009681000374257565,1777.2578125,78.05810546875,single_seed
C01_compact_gru,gated_recurrent_unit,rolling_origin_2021-11-02,42121,P-H07-W002::C012::C014,40.621182023330896,gate_c_torch,93d6a231e88abd7219722c0fb59328fbdb4063caf9d8ab33a5570465fdfe8a6d,340f5e8ac2d6df6696e2ea0267670ec4d5d1ef1265aa1ecb1a2cebed848a9eba,5a84f27899c20bd37e8318cdc99009da9cb2fc71b7090dead1ca57fee9e7db6a,4a1388db6a465b41decad90e9701c9312bb7aa844e8aeb133c461ed0a4bd9258,4addff335526e77628b914bf83380de2c81030fb22994a739cb072c37c504f5d,6fc5331c754442474d4542d6d7069dfc5ef5f7af9c53d4bcf9f4b9eb79696691,"{""dropout"":0.0,""hidden_size"":32,""layers"":1,""weight_decay"":0.01}",67,4065,3.366666699992493,0.0009681000374257565,1777.2578125,78.05810546875,single_seed
C01_compact_gru,gated_recurrent_unit,rolling_origin_2021-11-02,42121,P-H07-W003::C012::C014,10.272103591188742,gate_c_torch,93d6a231e88abd7219722c0fb59328fbdb4063caf9d8ab33a5570465fdfe8a6d,340f5e8ac2d6df6696e2ea0267670ec4d5d1ef1265aa1ecb1a2cebed848a9eba,5a84f27899c20bd37e8318cdc99009da9cb2fc71b7090dead1ca57fee9e7db6a,4a1388db6a465b41decad90e9701c9312bb7aa844e8aeb133c461ed0a4bd9258,4addff335526e77628b914bf83380de2c81030fb22994a739cb072c37c504f5d,6fc5331c754442474d4542d6d7069dfc5ef5f7af9c53d4bcf9f4b9eb79696691,"{""dropout"":0.0,""hidden_size"":32,""layers"":1,""weight_decay"":0.01}",67,4065,3.366666699992493,0.0009681000374257565,1777.2578125,78.05810546875,single_seed
C01_compact_gru,gated_recurrent_unit,rolling_origin_2021-11-02,42121,P-H07-W004::C012::C014,34.42807693882894,gate_c_torch,93d6a231e88abd7219722c0fb59328fbdb4063caf9d8ab33a5570465fdfe8a6d,340f5e8ac2d6df6696e2ea0267670ec4d5d1ef1265aa1ecb1a2cebed848a9eba,5a84f27899c20bd37e8318cdc99009da9cb2fc71b7090dead1ca57fee9e7db6a,4a1388db6a465b41decad90e9701c9312bb7aa844e8aeb133c461ed0a4bd9258,4addff335526e77628b914bf83380de2c81030fb22994a739cb072c37c504f5d,6fc5331c754442474d4542d6d7069dfc5ef5f7af9c53d4bcf9f4b9eb79696691,"{""dropout"":0.0,""hidden_size"":32,""layers"":1,""weight_decay"":0.01}",67,4065,3.366666699992493,0.0009681000374257565,1777.2578125,78.05810546875,single_seed
C01_compact_gru,gated_recurrent_unit,rolling_origin_2021-11-02,42121,P-H07-W005::C012::C014,11.79607316887946,gate_c_torch,93d6a231e88abd7219722c0fb59328fbdb4063caf9d8ab33a5570465fdfe8a6d,340f5e8ac2d6df6696e2ea0267670ec4d5d1ef1265aa1ecb1a2cebed848a9eba,5a84f27899c20bd37e8318cdc99009da9cb2fc71b7090dead1ca57fee9e7db6a,4a1388db6a465b41decad90e9701c9312bb7aa844e8aeb133c461ed0a4bd9258,4addff335526e77628b914bf83380de2c81030fb22994a739cb072c37c504f5d,6fc5331c754442474d4542d6d7069dfc5ef5f7af9c53d4bcf9f4b9eb79696691,"{""dropout"":0.0,""hidden_size"":32,""layers"":1,""weight_decay"":0.01}",67,4065,3.366666699992493,0.0009681000374257565,1777.2578125,78.05810546875,single_seed
C01_compact_gru,gated_recurrent_unit,rolling_origin_2021-11-02,42121,P-H07-W006::C012::C014,26.18104820435987,gate_c_torch,93d6a231e88abd7219722c0fb59328fbdb4063caf9d8ab33a5570465fdfe8a6d,340f5e8ac2d6df6696e2ea0267670ec4d5d1ef1265aa1ecb1a2cebed848a9eba,5a84f27899c20bd37e8318cdc99009da9cb2fc71b7090dead1ca57fee9e7db6a,4a1388db6a465b41decad90e9701c9312bb7aa844e8aeb133c461ed0a4bd9258,4addff335526e77628b914bf83380de2c81030fb22994a739cb072c37c504f5d,6fc5331c754442474d4542d6d7069dfc5ef5f7af9c53d4bcf9f4b9eb79696691,"{""dropout"":0.0,""hidden_size"":32,""layers"":1,""weight_decay"":0.01}",67,4065,3.366666699992493,0.0009681000374257565,1777.2578125,78.05810546875,single_seed
C01_compact_gru,gated_recurrent_unit,rolling_origin_2021-11-02,42121,P-H07-W007::C012::C014,21.001638186752615,gate_c_torch,93d6a231e88abd7219722c0fb59328fbdb4063caf9d8ab33a5570465fdfe8a6d,340f5e8ac2d6df6696e2ea0267670ec4d5d1ef1265aa1ecb1a2cebed848a9eba,5a84f27899c20bd37e8318cdc99009da9cb2fc71b7090dead1ca57fee9e7db6a,4a1388db6a465b41decad90e9701c9312bb7aa844e8aeb133c461ed0a4bd9258,4addff335526e77628b914bf83380de2c81030fb22994a739cb072c37c504f5d,6fc5331c754442474d4542d6d7069dfc5ef5f7af9c53d4bcf9f4b9eb79696691,"{""dropout"":0.0,""hidden_size"":32,""layers"":1,""weight_decay"":0.01}",67,4065,3.366666699992493,0.0009681000374257565,1777.2578125,78.05810546875,single_seed
C01_compact_gru,gated_recurrent_unit,rolling_origin_2021-11-02,42121,P-V01-W001::C012::C014,26.02123866546471,gate_c_torch,93d6a231e88abd7219722c0fb59328fbdb4063caf9d8ab33a5570465fdfe8a6d,340f5e8ac2d6df6696e2ea0267670ec4d5d1ef1265aa1ecb1a2cebed848a9eba,5a84f27899c20bd37e8318cdc99009da9cb2fc71b7090dead1ca57fee9e7db6a,4a1388db6a465b41decad90e9701c9312bb7aa844e8aeb133c461ed0a4bd9258,4addff335526e77628b914bf83380de2c81030fb22994a739cb072c37c504f5d,6fc5331c754442474d4542d6d7069dfc5ef5f7af9c53d4bcf9f4b9eb79696691,"{""dropout"":0.0,""hidden_size"":32,""layers"":1,""weight_decay"":0.01}",67,4065,3.366666699992493,0.0009681000374257565,1777.2578125,78.05810546875,single_seed
C01_compact_gru,gated_recurrent_unit,rolling_origin_2021-11-02,42121,P-V01-W002::C012::C014,27.42606331289697,gate_c_torch,93d6a231e88abd7219722c0fb59328fbdb4063caf9d8ab33a5570465fdfe8a6d,340f5e8ac2d6df6696e2ea0267670ec4d5d1ef1265aa1ecb1a2cebed848a9eba,5a84f27899c20bd37e8318cdc99009da9cb2fc71b7090dead1ca57fee9e7db6a,4a1388db6a465b41decad90e9701c9312bb7aa844e8aeb133c461ed0a4bd9258,4addff335526e77628b914bf83380de2c81030fb22994a739cb072c37c504f5d,6fc5331c754442474d4542d6d7069dfc5ef5f7af9c53d4bcf9f4b9eb79696691,"{""dropout"":0.0,""hidden_size"":32,""layers"":1,""weight_decay"":0.01}",67,4065,3.366666699992493,0.0009681000374257565,1777.2578125,78.05810546875,single_seed
C01_compact_gru,gated_recurrent_unit,rolling_origin_2021-11-02,42121,P-V01-W003::C012::C014,25.381736562614066,gate_c_torch,93d6a231e88abd7219722c0fb59328fbdb4063caf9d8ab33a5570465fdfe8a6d,340f5e8ac2d6df6696e2ea0267670ec4d5d1ef1265aa1ecb1a2cebed848a9eba,5a84f27899c20bd37e8318cdc99009da9cb2fc71b7090dead1ca57fee9e7db6a,4a1388db6a465b41decad90e9701c9312bb7aa844e8aeb133c461ed0a4bd9258,4addff335526e77628b914bf83380de2c81030fb22994a739cb072c37c504f5d,6fc5331c754442474d4542d6d7069dfc5ef5f7af9c53d4bcf9f4b9eb79696691,"{""dropout"":0.0,""hidden_size"":32,""layers"":1,""weight_decay"":0.01}",67,4065,3.366666699992493,0.0009681000374257565,1777.2578125,78.05810546875,single_seed
C01_compact_gru,gated_recurrent_unit,rolling_origin_2021-11-02,42121,P-V01-W004::C012::C014,28.21834813307143,gate_c_torch,93d6a231e88abd7219722c0fb59328fbdb4063caf9d8ab33a5570465fdfe8a6d,340f5e8ac2d6df6696e2ea0267670ec4d5d1ef1265aa1ecb1a2cebed848a9eba,5a84f27899c20bd37e8318cdc99009da9cb2fc71b7090dead1ca57fee9e7db6a,4a1388db6a465b41decad90e9701c9312bb7aa844e8aeb133c461ed0a4bd9258,4addff335526e77628b914bf83380de2c81030fb22994a739cb072c37c504f5d,6fc5331c754442474d4542d6d7069dfc5ef5f7af9c53d4bcf9f4b9eb79696691,"{""dropout"":0.0,""hidden_size"":32,""layers"":1,""weight_decay"":0.01}",67,4065,3.366666699992493,0.0009681000374257565,1777.2578125,78.05810546875,single_seed
C01_compact_gru,gated_recurrent_unit,rolling_origin_2021-11-02,42121,P-V01-W005::C012::C014,39.73734033896672,gate_c_torch,93d6a231e88abd7219722c0fb59328fbdb4063caf9d8ab33a5570465fdfe8a6d,340f5e8ac2d6df6696e2ea0267670ec4d5d1ef1265aa1ecb1a2cebed848a9eba,5a84f27899c20bd37e8318cdc99009da9cb2fc71b7090dead1ca57fee9e7db6a,4a1388db6a465b41decad90e9701c9312bb7aa844e8aeb133c461ed0a4bd9258,4addff335526e77628b914bf83380de2c81030fb22994a739cb072c37c504f5d,6fc5331c754442474d4542d6d7069dfc5ef5f7af9c53d4bcf9f4b9eb79696691,"{""dropout"":0.0,""hidden_size"":32,""layers"":1,""weight_decay"":0.01}",67,4065,3.366666699992493,0.0009681000374257565,1777.2578125,78.05810546875,single_seed
C01_compact_gru,gated_recurrent_unit,rolling_origin_2021-11-02,42121,P-V01-W006::C012::C014,36.661499292886795,gate_c_torch,93d6a231e88abd7219722c0fb59328fbdb4063caf9d8ab33a5570465fdfe8a6d,340f5e8ac2d6df6696e2ea0267670ec4d5d1ef1265aa1ecb1a2cebed848a9eba,5a84f27899c20bd37e8318cdc99009da9cb2fc71b7090dead1ca57fee9e7db6a,4a1388db6a465b41decad90e9701c9312bb7aa844e8aeb133c461ed0a4bd9258,4addff335526e77628b914bf83380de2c81030fb22994a739cb072c37c504f5d,6fc5331c754442474d4542d6d7069dfc5ef5f7af9c53d4bcf9f4b9eb79696691,"{""dropout"":0.0,""hidden_size"":32,""layers"":1,""weight_decay"":0.01}",67,4065,3.366666699992493,0.0009681000374257565,1777.2578125,78.05810546875,single_seed
C01_compact_gru,gated_recurrent_unit,rolling_origin_2021-11-02,42121,P-V01-W007::C012::C014,40.773649367038644,gate_c_torch,93d6a231e88abd7219722c0fb59328fbdb4063caf9d8ab33a5570465fdfe8a6d,340f5e8ac2d6df6696e2ea0267670ec4d5d1ef1265aa1ecb1a2cebed848a9eba,5a84f27899c20bd37e8318cdc99009da9cb2fc71b7090dead1ca57fee9e7db6a,4a1388db6a465b41decad90e9701c9312bb7aa844e8aeb133c461ed0a4bd9258,4addff335526e77628b914bf83380de2c81030fb22994a739cb072c37c504f5d,6fc5331c754442474d4542d6d7069dfc5ef5f7af9c53d4bcf9f4b9eb79696691,"{""dropout"":0.0,""hidden_size"":32,""layers"":1,""weight_decay"":0.01}",67,4065,3.366666699992493,0.0009681000374257565,1777.2578125,78.05810546875,single_seed
C01_compact_gru,gated_recurrent_unit,rolling_origin_2021-11-02,42121,P-V02-W001::C012::C014,35.4477668926043,gate_c_torch,93d6a231e88abd7219722c0fb59328fbdb4063caf9d8ab33a5570465fdfe8a6d,340f5e8ac2d6df6696e2ea0267670ec4d5d1ef1265aa1ecb1a2cebed848a9eba,5a84f27899c20bd37e8318cdc99009da9cb2fc71b7090dead1ca57fee9e7db6a,4a1388db6a465b41decad90e9701c9312bb7aa844e8aeb133c461ed0a4bd9258,4addff335526e77628b914bf83380de2c81030fb22994a739cb072c37c504f5d,6fc5331c754442474d4542d6d7069dfc5ef5f7af9c53d4bcf9f4b9eb79696691,"{""dropout"":0.0,""hidden_size"":32,""layers"":1,""weight_decay"":0.01}",67,4065,3.366666699992493,0.0009681000374257565,1777.2578125,78.05810546875,single_seed
C01_compact_gru,gated_recurrent_unit,rolling_origin_2021-11-02,42121,P-V02-W003::C012::C014,11.842902123500924,gate_c_torch,93d6a231e88abd7219722c0fb59328fbdb4063caf9d8ab33a5570465fdfe8a6d,340f5e8ac2d6df6696e2ea0267670ec4d5d1ef1265aa1ecb1a2cebed848a9eba,5a84f27899c20bd37e8318cdc99009da9cb2fc71b7090dead1ca57fee9e7db6a,4a1388db6a465b41decad90e9701c9312bb7aa844e8aeb133c461ed0a4bd9258,4addff335526e77628b914bf83380de2c81030fb22994a739cb072c37c504f5d,6fc5331c754442474d4542d6d7069dfc5ef5f7af9c53d4bcf9f4b9eb79696691,"{""dropout"":0.0,""hidden_size"":32,""layers"":1,""weight_decay"":0.01}",67,4065,3.366666699992493,0.0009681000374257565,1777.2578125,78.05810546875,single_seed
C01_compact_gru,gated_recurrent_unit,rolling_origin_2021-11-02,42121,P-V02-W004::C012::C014,19.732867204318428,gate_c_torch,93d6a231e88abd7219722c0fb59328fbdb4063caf9d8ab33a5570465fdfe8a6d,340f5e8ac2d6df6696e2ea0267670ec4d5d1ef1265aa1ecb1a2cebed848a9eba,5a84f27899c20bd37e8318cdc99009da9cb2fc71b7090dead1ca57fee9e7db6a,4a1388db6a465b41decad90e9701c9312bb7aa844e8aeb133c461ed0a4bd9258,4addff335526e77628b914bf83380de2c81030fb22994a739cb072c37c504f5d,6fc5331c754442474d4542d6d7069dfc5ef5f7af9c53d4bcf9f4b9eb79696691,"{""dropout"":0.0,""hidden_size"":32,""layers"":1,""weight_decay"":0.01}",67,4065,3.366666699992493,0.0009681000374257565,1777.2578125,78.05810546875,single_seed
C01_compact_gru,gated_recurrent_unit,rolling_origin_2021-11-02,42121,P-V02-W005::C012::C014,48.19259248976164,gate_c_torch,93d6a231e88abd7219722c0fb59328fbdb4063caf9d8ab33a5570465fdfe8a6d,340f5e8ac2d6df6696e2ea0267670ec4d5d1ef1265aa1ecb1a2cebed848a9eba,5a84f27899c20bd37e8318cdc99009da9cb2fc71b7090dead1ca57fee9e7db6a,4a1388db6a465b41decad90e9701c9312bb7aa844e8aeb133c461ed0a4bd9258,4addff335526e77628b914bf83380de2c81030fb22994a739cb072c37c504f5d,6fc5331c754442474d4542d6d7069dfc5ef5f7af9c53d4bcf9f4b9eb79696691,"{""dropout"":0.0,""hidden_size"":32,""layers"":1,""weight_decay"":0.01}",67,4065,3.366666699992493,0.0009681000374257565,1777.2578125,78.05810546875,single_seed
C01_compact_gru,gated_recurrent_unit,rolling_origin_2021-11-02,42121,P-V02-W006::C012::C014,27.468188615639512,gate_c_torch,93d6a231e88abd7219722c0fb59328fbdb4063caf9d8ab33a5570465fdfe8a6d,340f5e8ac2d6df6696e2ea0267670ec4d5d1ef1265aa1ecb1a2cebed848a9eba,5a84f27899c20bd37e8318cdc99009da9cb2fc71b7090dead1ca57fee9e7db6a,4a1388db6a465b41decad90e9701c9312bb7aa844e8aeb133c461ed0a4bd9258,4addff335526e77628b914bf83380de2c81030fb22994a739cb072c37c504f5d,6fc5331c754442474d4542d6d7069dfc5ef5f7af9c53d4bcf9f4b9eb79696691,"{""dropout"":0.0,""hidden_size"":32,""layers"":1,""weight_decay"":0.01}",67,4065,3.366666699992493,0.0009681000374257565,1777.2578125,78.05810546875,single_seed
C01_compact_gru,gated_recurrent_unit,rolling_origin_2021-11-02,42121,P-V02-W007::C012::C014,24.637244166556123,gate_c_torch,93d6a231e88abd7219722c0fb59328fbdb4063caf9d8ab33a5570465fdfe8a6d,340f5e8ac2d6df6696e2ea0267670ec4d5d1ef1265aa1ecb1a2cebed848a9eba,5a84f27899c20bd37e8318cdc99009da9cb2fc71b7090dead1ca57fee9e7db6a,4a1388db6a465b41decad90e9701c9312bb7aa844e8aeb133c461ed0a4bd9258,4addff335526e77628b914bf83380de2c81030fb22994a739cb072c37c504f5d,6fc5331c754442474d4542d6d7069dfc5ef5f7af9c53d4bcf9f4b9eb79696691,"{""dropout"":0.0,""hidden_size"":32,""layers"":1,""weight_decay"":0.01}",67,4065,3.366666699992493,0.0009681000374257565,1777.2578125,78.05810546875,single_seed
C01_compact_gru,gated_recurrent_unit,rolling_origin_2021-11-02,42121,P-V03-W001::C012::C014,28.532892731656265,gate_c_torch,93d6a231e88abd7219722c0fb59328fbdb4063caf9d8ab33a5570465fdfe8a6d,340f5e8ac2d6df6696e2ea0267670ec4d5d1ef1265aa1ecb1a2cebed848a9eba,5a84f27899c20bd37e8318cdc99009da9cb2fc71b7090dead1ca57fee9e7db6a,4a1388db6a465b41decad90e9701c9312bb7aa844e8aeb133c461ed0a4bd9258,4addff335526e77628b914bf83380de2c81030fb22994a739cb072c37c504f5d,6fc5331c754442474d4542d6d7069dfc5ef5f7af9c53d4bcf9f4b9eb79696691,"{""dropout"":0.0,""hidden_size"":32,""layers"":1,""weight_decay"":0.01}",67,4065,3.366666699992493,0.0009681000374257565,1777.2578125,78.05810546875,single_seed
C01_compact_gru,gated_recurrent_unit,rolling_origin_2021-11-02,42121,P-V03-W002::C012::C014,30.67653413434769,gate_c_torch,93d6a231e88abd7219722c0fb59328fbdb4063caf9d8ab33a5570465fdfe8a6d,340f5e8ac2d6df6696e2ea0267670ec4d5d1ef1265aa1ecb1a2cebed848a9eba,5a84f27899c20bd37e8318cdc99009da9cb2fc71b7090dead1ca57fee9e7db6a,4a1388db6a465b41decad90e9701c9312bb7aa844e8aeb133c461ed0a4bd9258,4addff335526e77628b914bf83380de2c81030fb22994a739cb072c37c504f5d,6fc5331c754442474d4542d6d7069dfc5ef5f7af9c53d4bcf9f4b9eb79696691,"{""dropout"":0.0,""hidden_size"":32,""layers"":1,""weight_decay"":0.01}",67,4065,3.366666699992493,0.0009681000374257565,1777.2578125,78.05810546875,single_seed
C01_compact_gru,gated_recurrent_unit,rolling_origin_2021-11-02,42121,P-V03-W003::C012::C014,32.884835183061696,gate_c_torch,93d6a231e88abd7219722c0fb59328fbdb4063caf9d8ab33a5570465fdfe8a6d,340f5e8ac2d6df6696e2ea0267670ec4d5d1ef1265aa1ecb1a2cebed848a9eba,5a84f27899c20bd37e8318cdc99009da9cb2fc71b7090dead1ca57fee9e7db6a,4a1388db6a465b41decad90e9701c9312bb7aa844e8aeb133c461ed0a4bd9258,4addff335526e77628b914bf83380de2c81030fb22994a739cb072c37c504f5d,6fc5331c754442474d4542d6d7069dfc5ef5f7af9c53d4bcf9f4b9eb79696691,"{""dropout"":0.0,""hidden_size"":32,""layers"":1,""weight_decay"":0.01}",67,4065,3.366666699992493,0.0009681000374257565,1777.2578125,78.05810546875,single_seed
C01_compact_gru,gated_recurrent_unit,rolling_origin_2021-11-02,42121,P-V03-W004::C012::C014,22.059131151825177,gate_c_torch,93d6a231e88abd7219722c0fb59328fbdb4063caf9d8ab33a5570465fdfe8a6d,340f5e8ac2d6df6696e2ea0267670ec4d5d1ef1265aa1ecb1a2cebed848a9eba,5a84f27899c20bd37e8318cdc99009da9cb2fc71b7090dead1ca57fee9e7db6a,4a1388db6a465b41decad90e9701c9312bb7aa844e8aeb133c461ed0a4bd9258,4addff335526e77628b914bf83380de2c81030fb22994a739cb072c37c504f5d,6fc5331c754442474d4542d6d7069dfc5ef5f7af9c53d4bcf9f4b9eb79696691,"{""dropout"":0.0,""hidden_size"":32,""layers"":1,""weight_decay"":0.01}",67,4065,3.366666699992493,0.0009681000374257565,1777.2578125,78.05810546875,single_seed
C01_compact_gru,gated_recurrent_unit,rolling_origin_2021-11-02,42121,P-V03-W005::C012::C014,30.605333119068476,gate_c_torch,93d6a231e88abd7219722c0fb59328fbdb4063caf9d8ab33a5570465fdfe8a6d,340f5e8ac2d6df6696e2ea0267670ec4d5d1ef1265aa1ecb1a2cebed848a9eba,5a84f27899c20bd37e8318cdc99009da9cb2fc71b7090dead1ca57fee9e7db6a,4a1388db6a465b41decad90e9701c9312bb7aa844e8aeb133c461ed0a4bd9258,4addff335526e77628b914bf83380de2c81030fb22994a739cb072c37c504f5d,6fc5331c754442474d4542d6d7069dfc5ef5f7af9c53d4bcf9f4b9eb79696691,"{""dropout"":0.0,""hidden_size"":32,""layers"":1,""weight_decay"":0.01}",67,4065,3.366666699992493,0.0009681000374257565,1777.2578125,78.05810546875,single_seed
C01_compact_gru,gated_recurrent_unit,rolling_origin_2021-11-02,42121,P-V03-W006::C012::C014,32.688535863476915,gate_c_torch,93d6a231e88abd7219722c0fb59328fbdb4063caf9d8ab33a5570465fdfe8a6d,340f5e8ac2d6df6696e2ea0267670ec4d5d1ef1265aa1ecb1a2cebed848a9eba,5a84f27899c20bd37e8318cdc99009da9cb2fc71b7090dead1ca57fee9e7db6a,4a1388db6a465b41decad90e9701c9312bb7aa844e8aeb133c461ed0a4bd9258,4addff335526e77628b914bf83380de2c81030fb22994a739cb072c37c504f5d,6fc5331c754442474d4542d6d7069dfc5ef5f7af9c53d4bcf9f4b9eb79696691,"{""dropout"":0.0,""hidden_size"":32,""layers"":1,""weight_decay"":0.01}",67,4065,3.366666699992493,0.0009681000374257565,1777.2578125,78.05810546875,single_seed
C01_compact_gru,gated_recurrent_unit,rolling_origin_2021-11-02,42121,P-V03-W007::C012::C014,2.8792776171188876,gate_c_torch,93d6a231e88abd7219722c0fb59328fbdb4063caf9d8ab33a5570465fdfe8a6d,340f5e8ac2d6df6696e2ea0267670ec4d5d1ef1265aa1ecb1a2cebed848a9eba,5a84f27899c20bd37e8318cdc99009da9cb2fc71b7090dead1ca57fee9e7db6a,4a1388db6a465b41decad90e9701c9312bb7aa844e8aeb133c461ed0a4bd9258,4addff335526e77628b914bf83380de2c81030fb22994a739cb072c37c504f5d,6fc5331c754442474d4542d6d7069dfc5ef5f7af9c53d4bcf9f4b9eb79696691,"{""dropout"":0.0,""hidden_size"":32,""layers"":1,""weight_decay"":0.01}",67,4065,3.366666699992493,0.0009681000374257565,1777.2578125,78.05810546875,single_seed
C01_compact_gru,gated_recurrent_unit,rolling_origin_2021-11-02,42121,P-V04-W001::C012::C014,7.081523861354604,gate_c_torch,93d6a231e88abd7219722c0fb59328fbdb4063caf9d8ab33a5570465fdfe8a6d,340f5e8ac2d6df6696e2ea0267670ec4d5d1ef1265aa1ecb1a2cebed848a9eba,5a84f27899c20bd37e8318cdc99009da9cb2fc71b7090dead1ca57fee9e7db6a,4a1388db6a465b41decad90e9701c9312bb7aa844e8aeb133c461ed0a4bd9258,4addff335526e77628b914bf83380de2c81030fb22994a739cb072c37c504f5d,6fc5331c754442474d4542d6d7069dfc5ef5f7af9c53d4bcf9f4b9eb79696691,"{""dropout"":0.0,""hidden_size"":32,""layers"":1,""weight_decay"":0.01}",67,4065,3.366666699992493,0.0009681000374257565,1777.2578125,78.05810546875,single_seed
C01_compact_gru,gated_recurrent_unit,rolling_origin_2021-11-02,42121,P-V04-W003::C012::C014,8.218018846643684,gate_c_torch,93d6a231e88abd7219722c0fb59328fbdb4063caf9d8ab33a5570465fdfe8a6d,340f5e8ac2d6df6696e2ea0267670ec4d5d1ef1265aa1ecb1a2cebed848a9eba,5a84f27899c20bd37e8318cdc99009da9cb2fc71b7090dead1ca57fee9e7db6a,4a1388db6a465b41decad90e9701c9312bb7aa844e8aeb133c461ed0a4bd9258,4addff335526e77628b914bf83380de2c81030fb22994a739cb072c37c504f5d,6fc5331c754442474d4542d6d7069dfc5ef5f7af9c53d4bcf9f4b9eb79696691,"{""dropout"":0.0,""hidden_size"":32,""layers"":1,""weight_decay"":0.01}",67,4065,3.366666699992493,0.0009681000374257565,1777.2578125,78.05810546875,single_seed
C01_compact_gru,gated_recurrent_unit,rolling_origin_2021-11-02,42121,P-V04-W004::C012::C014,6.256394954708469,gate_c_torch,93d6a231e88abd7219722c0fb59328fbdb4063caf9d8ab33a5570465fdfe8a6d,340f5e8ac2d6df6696e2ea0267670ec4d5d1ef1265aa1ecb1a2cebed848a9eba,5a84f27899c20bd37e8318cdc99009da9cb2fc71b7090dead1ca57fee9e7db6a,4a1388db6a465b41decad90e9701c9312bb7aa844e8aeb133c461ed0a4bd9258,4addff335526e77628b914bf83380de2c81030fb22994a739cb072c37c504f5d,6fc5331c754442474d4542d6d7069dfc5ef5f7af9c53d4bcf9f4b9eb79696691,"{""dropout"":0.0,""hidden_size"":32,""layers"":1,""weight_decay"":0.01}",67,4065,3.366666699992493,0.0009681000374257565,1777.2578125,78.05810546875,single_seed
C01_compact_gru,gated_recurrent_unit,rolling_origin_2021-11-02,42121,P-V04-W006::C012::C014,4.952141032696854,gate_c_torch,93d6a231e88abd7219722c0fb59328fbdb4063caf9d8ab33a5570465fdfe8a6d,340f5e8ac2d6df6696e2ea0267670ec4d5d1ef1265aa1ecb1a2cebed848a9eba,5a84f27899c20bd37e8318cdc99009da9cb2fc71b7090dead1ca57fee9e7db6a,4a1388db6a465b41decad90e9701c9312bb7aa844e8aeb133c461ed0a4bd9258,4addff335526e77628b914bf83380de2c81030fb22994a739cb072c37c504f5d,6fc5331c754442474d4542d6d7069dfc5ef5f7af9c53d4bcf9f4b9eb79696691,"{""dropout"":0.0,""hidden_size"":32,""layers"":1,""weight_decay"":0.01}",67,4065,3.366666699992493,0.0009681000374257565,1777.2578125,78.05810546875,single_seed
C01_compact_gru,gated_recurrent_unit,rolling_origin_2021-11-02,42121,P-V04-W007::C012::C014,32.01688052205619,gate_c_torch,93d6a231e88abd7219722c0fb59328fbdb4063caf9d8ab33a5570465fdfe8a6d,340f5e8ac2d6df6696e2ea0267670ec4d5d1ef1265aa1ecb1a2cebed848a9eba,5a84f27899c20bd37e8318cdc99009da9cb2fc71b7090dead1ca57fee9e7db6a,4a1388db6a465b41decad90e9701c9312bb7aa844e8aeb133c461ed0a4bd9258,4addff335526e77628b914bf83380de2c81030fb22994a739cb072c37c504f5d,6fc5331c754442474d4542d6d7069dfc5ef5f7af9c53d4bcf9f4b9eb79696691,"{""dropout"":0.0,""hidden_size"":32,""layers"":1,""weight_decay"":0.01}",67,4065,3.366666699992493,0.0009681000374257565,1777.2578125,78.05810546875,single_seed
C01_compact_gru,gated_recurrent_unit,rolling_origin_2021-11-02,42121,P-V05-W001::C012::C014,32.04148245228479,gate_c_torch,93d6a231e88abd7219722c0fb59328fbdb4063caf9d8ab33a5570465fdfe8a6d,340f5e8ac2d6df6696e2ea0267670ec4d5d1ef1265aa1ecb1a2cebed848a9eba,5a84f27899c20bd37e8318cdc99009da9cb2fc71b7090dead1ca57fee9e7db6a,4a1388db6a465b41decad90e9701c9312bb7aa844e8aeb133c461ed0a4bd9258,4addff335526e77628b914bf83380de2c81030fb22994a739cb072c37c504f5d,6fc5331c754442474d4542d6d7069dfc5ef5f7af9c53d4bcf9f4b9eb79696691,"{""dropout"":0.0,""hidden_size"":32,""layers"":1,""weight_decay"":0.01}",67,4065,3.366666699992493,0.0009681000374257565,1777.2578125,78.05810546875,single_seed
C01_compact_gru,gated_recurrent_unit,rolling_origin_2021-11-02,42121,P-V05-W002::C012::C014,29.841517893081143,gate_c_torch,93d6a231e88abd7219722c0fb59328fbdb4063caf9d8ab33a5570465fdfe8a6d,340f5e8ac2d6df6696e2ea0267670ec4d5d1ef1265aa1ecb1a2cebed848a9eba,5a84f27899c20bd37e8318cdc99009da9cb2fc71b7090dead1ca57fee9e7db6a,4a1388db6a465b41decad90e9701c9312bb7aa844e8aeb133c461ed0a4bd9258,4addff335526e77628b914bf83380de2c81030fb22994a739cb072c37c504f5d,6fc5331c754442474d4542d6d7069dfc5ef5f7af9c53d4bcf9f4b9eb79696691,"{""dropout"":0.0,""hidden_size"":32,""layers"":1,""weight_decay"":0.01}",67,4065,3.366666699992493,0.0009681000374257565,1777.2578125,78.05810546875,single_seed
C01_compact_gru,gated_recurrent_unit,rolling_origin_2021-11-02,42121,P-V05-W003::C012::C014,27.446770162109054,gate_c_torch,93d6a231e88abd7219722c0fb59328fbdb4063caf9d8ab33a5570465fdfe8a6d,340f5e8ac2d6df6696e2ea0267670ec4d5d1ef1265aa1ecb1a2cebed848a9eba,5a84f27899c20bd37e8318cdc99009da9cb2fc71b7090dead1ca57fee9e7db6a,4a1388db6a465b41decad90e9701c9312bb7aa844e8aeb133c461ed0a4bd9258,4addff335526e77628b914bf83380de2c81030fb22994a739cb072c37c504f5d,6fc5331c754442474d4542d6d7069dfc5ef5f7af9c53d4bcf9f4b9eb79696691,"{""dropout"":0.0,""hidden_size"":32,""layers"":1,""weight_decay"":0.01}",67,4065,3.366666699992493,0.0009681000374257565,1777.2578125,78.05810546875,single_seed
C01_compact_gru,gated_recurrent_unit,rolling_origin_2021-11-02,42121,P-V05-W004::C012::C014,31.96448559486787,gate_c_torch,93d6a231e88abd7219722c0fb59328fbdb4063caf9d8ab33a5570465fdfe8a6d,340f5e8ac2d6df6696e2ea0267670ec4d5d1ef1265aa1ecb1a2cebed848a9eba,5a84f27899c20bd37e8318cdc99009da9cb2fc71b7090dead1ca57fee9e7db6a,4a1388db6a465b41decad90e9701c9312bb7aa844e8aeb133c461ed0a4bd9258,4addff335526e77628b914bf83380de2c81030fb22994a739cb072c37c504f5d,6fc5331c754442474d4542d6d7069dfc5ef5f7af9c53d4bcf9f4b9eb79696691,"{""dropout"":0.0,""hidden_size"":32,""layers"":1,""weight_decay"":0.01}",67,4065,3.366666699992493,0.0009681000374257565,1777.2578125,78.05810546875,single_seed
C01_compact_gru,gated_recurrent_unit,rolling_origin_2021-11-02,42121,P-V05-W006::C012::C014,22.73571722652028,gate_c_torch,93d6a231e88abd7219722c0fb59328fbdb4063caf9d8ab33a5570465fdfe8a6d,340f5e8ac2d6df6696e2ea0267670ec4d5d1ef1265aa1ecb1a2cebed848a9eba,5a84f27899c20bd37e8318cdc99009da9cb2fc71b7090dead1ca57fee9e7db6a,4a1388db6a465b41decad90e9701c9312bb7aa844e8aeb133c461ed0a4bd9258,4addff335526e77628b914bf83380de2c81030fb22994a739cb072c37c504f5d,6fc5331c754442474d4542d6d7069dfc5ef5f7af9c53d4bcf9f4b9eb79696691,"{""dropout"":0.0,""hidden_size"":32,""layers"":1,""weight_decay"":0.01}",67,4065,3.366666699992493,0.0009681000374257565,1777.2578125,78.05810546875,single_seed
C01_compact_gru,gated_recurrent_unit,rolling_origin_2021-11-02,42121,P-V05-W007::C012::C014,32.560759361812906,gate_c_torch,93d6a231e88abd7219722c0fb59328fbdb4063caf9d8ab33a5570465fdfe8a6d,340f5e8ac2d6df6696e2ea0267670ec4d5d1ef1265aa1ecb1a2cebed848a9eba,5a84f27899c20bd37e8318cdc99009da9cb2fc71b7090dead1ca57fee9e7db6a,4a1388db6a465b41decad90e9701c9312bb7aa844e8aeb133c461ed0a4bd9258,4addff335526e77628b914bf83380de2c81030fb22994a739cb072c37c504f5d,6fc5331c754442474d4542d6d7069dfc5ef5f7af9c53d4bcf9f4b9eb79696691,"{""dropout"":0.0,""hidden_size"":32,""layers"":1,""weight_decay"":0.01}",67,4065,3.366666699992493,0.0009681000374257565,1777.2578125,78.05810546875,single_seed
C01_compact_gru,gated_recurrent_unit,rolling_origin_2021-11-02,42121,P-H04-W001::C013::C014,25.468616107692416,gate_c_torch,93d6a231e88abd7219722c0fb59328fbdb4063caf9d8ab33a5570465fdfe8a6d,340f5e8ac2d6df6696e2ea0267670ec4d5d1ef1265aa1ecb1a2cebed848a9eba,5a84f27899c20bd37e8318cdc99009da9cb2fc71b7090dead1ca57fee9e7db6a,4a1388db6a465b41decad90e9701c9312bb7aa844e8aeb133c461ed0a4bd9258,4addff335526e77628b914bf83380de2c81030fb22994a739cb072c37c504f5d,6fc5331c754442474d4542d6d7069dfc5ef5f7af9c53d4bcf9f4b9eb79696691,"{""dropout"":0.0,""hidden_size"":32,""layers"":1,""weight_decay"":0.01}",67,4065,3.366666699992493,0.0009681000374257565,1777.2578125,78.05810546875,single_seed
C01_compact_gru,gated_recurrent_unit,rolling_origin_2021-11-02,42121,P-H04-W002::C013::C014,25.888258808932864,gate_c_torch,93d6a231e88abd7219722c0fb59328fbdb4063caf9d8ab33a5570465fdfe8a6d,340f5e8ac2d6df6696e2ea0267670ec4d5d1ef1265aa1ecb1a2cebed848a9eba,5a84f27899c20bd37e8318cdc99009da9cb2fc71b7090dead1ca57fee9e7db6a,4a1388db6a465b41decad90e9701c9312bb7aa844e8aeb133c461ed0a4bd9258,4addff335526e77628b914bf83380de2c81030fb22994a739cb072c37c504f5d,6fc5331c754442474d4542d6d7069dfc5ef5f7af9c53d4bcf9f4b9eb79696691,"{""dropout"":0.0,""hidden_size"":32,""layers"":1,""weight_decay"":0.01}",67,4065,3.366666699992493,0.0009681000374257565,1777.2578125,78.05810546875,single_seed
C01_compact_gru,gated_recurrent_unit,rolling_origin_2021-11-02,42121,P-H04-W003::C013::C014,24.337496724550675,gate_c_torch,93d6a231e88abd7219722c0fb59328fbdb4063caf9d8ab33a5570465fdfe8a6d,340f5e8ac2d6df6696e2ea0267670ec4d5d1ef1265aa1ecb1a2cebed848a9eba,5a84f27899c20bd37e8318cdc99009da9cb2fc71b7090dead1ca57fee9e7db6a,4a1388db6a465b41decad90e9701c9312bb7aa844e8aeb133c461ed0a4bd9258,4addff335526e77628b914bf83380de2c81030fb22994a739cb072c37c504f5d,6fc5331c754442474d4542d6d7069dfc5ef5f7af9c53d4bcf9f4b9eb79696691,"{""dropout"":0.0,""hidden_size"":32,""layers"":1,""weight_decay"":0.01}",67,4065,3.366666699992493,0.0009681000374257565,1777.2578125,78.05810546875,single_seed
C01_compact_gru,gated_recurrent_unit,rolling_origin_2021-11-02,42121,P-H04-W004::C013::C014,14.459547722088828,gate_c_torch,93d6a231e88abd7219722c0fb59328fbdb4063caf9d8ab33a5570465fdfe8a6d,340f5e8ac2d6df6696e2ea0267670ec4d5d1ef1265aa1ecb1a2cebed848a9eba,5a84f27899c20bd37e8318cdc99009da9cb2fc71b7090dead1ca57fee9e7db6a,4a1388db6a465b41decad90e9701c9312bb7aa844e8aeb133c461ed0a4bd9258,4addff335526e77628b914bf83380de2c81030fb22994a739cb072c37c504f5d,6fc5331c754442474d4542d6d7069dfc5ef5f7af9c53d4bcf9f4b9eb79696691,"{""dropout"":0.0,""hidden_size"":32,""layers"":1,""weight_decay"":0.01}",67,4065,3.366666699992493,0.0009681000374257565,1777.2578125,78.05810546875,single_seed
C01_compact_gru,gated_recurrent_unit,rolling_origin_2021-11-02,42121,P-H04-W005::C013::C014,28.153924552565,gate_c_torch,93d6a231e88abd7219722c0fb59328fbdb4063caf9d8ab33a5570465fdfe8a6d,340f5e8ac2d6df6696e2ea0267670ec4d5d1ef1265aa1ecb1a2cebed848a9eba,5a84f27899c20bd37e8318cdc99009da9cb2fc71b7090dead1ca57fee9e7db6a,4a1388db6a465b41decad90e9701c9312bb7aa844e8aeb133c461ed0a4bd9258,4addff335526e77628b914bf83380de2c81030fb22994a739cb072c37c504f5d,6fc5331c754442474d4542d6d7069dfc5ef5f7af9c53d4bcf9f4b9eb79696691,"{""dropout"":0.0,""hidden_size"":32,""layers"":1,""weight_decay"":0.01}",67,4065,3.366666699992493,0.0009681000374257565,1777.2578125,78.05810546875,single_seed
C01_compact_gru,gated_recurrent_unit,rolling_origin_2021-11-02,42121,P-H04-W006::C013::C014,25.168594185309914,gate_c_torch,93d6a231e88abd7219722c0fb59328fbdb4063caf9d8ab33a5570465fdfe8a6d,340f5e8ac2d6df6696e2ea0267670ec4d5d1ef1265aa1ecb1a2cebed848a9eba,5a84f27899c20bd37e8318cdc99009da9cb2fc71b7090dead1ca57fee9e7db6a,4a1388db6a465b41decad90e9701c9312bb7aa844e8aeb133c461ed0a4bd9258,4addff335526e77628b914bf83380de2c81030fb22994a739cb072c37c504f5d,6fc5331c754442474d4542d6d7069dfc5ef5f7af9c53d4bcf9f4b9eb79696691,"{""dropout"":0.0,""hidden_size"":32,""layers"":1,""weight_decay"":0.01}",67,4065,3.366666699992493,0.0009681000374257565,1777.2578125,78.05810546875,single_seed
C01_compact_gru,gated_recurrent_unit,rolling_origin_2021-11-02,42121,P-H04-W007::C013::C014,28.77316281629293,gate_c_torch,93d6a231e88abd7219722c0fb59328fbdb4063caf9d8ab33a5570465fdfe8a6d,340f5e8ac2d6df6696e2ea0267670ec4d5d1ef1265aa1ecb1a2cebed848a9eba,5a84f27899c20bd37e8318cdc99009da9cb2fc71b7090dead1ca57fee9e7db6a,4a1388db6a465b41decad90e9701c9312bb7aa844e8aeb133c461ed0a4bd9258,4addff335526e77628b914bf83380de2c81030fb22994a739cb072c37c504f5d,6fc5331c754442474d4542d6d7069dfc5ef5f7af9c53d4bcf9f4b9eb79696691,"{""dropout"":0.0,""hidden_size"":32,""layers"":1,""weight_decay"":0.01}",67,4065,3.366666699992493,0.0009681000374257565,1777.2578125,78.05810546875,single_seed
C01_compact_gru,gated_recurrent_unit,rolling_origin_2021-11-02,42121,P-V06-W001::C013::C014,1.1536696737733543,gate_c_torch,93d6a231e88abd7219722c0fb59328fbdb4063caf9d8ab33a5570465fdfe8a6d,340f5e8ac2d6df6696e2ea0267670ec4d5d1ef1265aa1ecb1a2cebed848a9eba,5a84f27899c20bd37e8318cdc99009da9cb2fc71b7090dead1ca57fee9e7db6a,4a1388db6a465b41decad90e9701c9312bb7aa844e8aeb133c461ed0a4bd9258,4addff335526e77628b914bf83380de2c81030fb22994a739cb072c37c504f5d,6fc5331c754442474d4542d6d7069dfc5ef5f7af9c53d4bcf9f4b9eb79696691,"{""dropout"":0.0,""hidden_size"":32,""layers"":1,""weight_decay"":0.01}",67,4065,3.366666699992493,0.0009681000374257565,1777.2578125,78.05810546875,single_seed
C01_compact_gru,gated_recurrent_unit,rolling_origin_2021-11-02,42121,P-V06-W002::C013::C014,21.388690215684395,gate_c_torch,93d6a231e88abd7219722c0fb59328fbdb4063caf9d8ab33a5570465fdfe8a6d,340f5e8ac2d6df6696e2ea0267670ec4d5d1ef1265aa1ecb1a2cebed848a9eba,5a84f27899c20bd37e8318cdc99009da9cb2fc71b7090dead1ca57fee9e7db6a,4a1388db6a465b41decad90e9701c9312bb7aa844e8aeb133c461ed0a4bd9258,4addff335526e77628b914bf83380de2c81030fb22994a739cb072c37c504f5d,6fc5331c754442474d4542d6d7069dfc5ef5f7af9c53d4bcf9f4b9eb79696691,"{""dropout"":0.0,""hidden_size"":32,""layers"":1,""weight_decay"":0.01}",67,4065,3.366666699992493,0.0009681000374257565,1777.2578125,78.05810546875,single_seed
C01_compact_gru,gated_recurrent_unit,rolling_origin_2021-11-02,42121,P-V06-W004::C013::C014,21.104257911285895,gate_c_torch,93d6a231e88abd7219722c0fb59328fbdb4063caf9d8ab33a5570465fdfe8a6d,340f5e8ac2d6df6696e2ea0267670ec4d5d1ef1265aa1ecb1a2cebed848a9eba,5a84f27899c20bd37e8318cdc99009da9cb2fc71b7090dead1ca57fee9e7db6a,4a1388db6a465b41decad90e9701c9312bb7aa844e8aeb133c461ed0a4bd9258,4addff335526e77628b914bf83380de2c81030fb22994a739cb072c37c504f5d,6fc5331c754442474d4542d6d7069dfc5ef5f7af9c53d4bcf9f4b9eb79696691,"{""dropout"":0.0,""hidden_size"":32,""layers"":1,""weight_decay"":0.01}",67,4065,3.366666699992493,0.0009681000374257565,1777.2578125,78.05810546875,single_seed
C01_compact_gru,gated_recurrent_unit,rolling_origin_2021-11-02,42121,P-V06-W005::C013::C014,40.50664377840732,gate_c_torch,93d6a231e88abd7219722c0fb59328fbdb4063caf9d8ab33a5570465fdfe8a6d,340f5e8ac2d6df6696e2ea0267670ec4d5d1ef1265aa1ecb1a2cebed848a9eba,5a84f27899c20bd37e8318cdc99009da9cb2fc71b7090dead1ca57fee9e7db6a,4a1388db6a465b41decad90e9701c9312bb7aa844e8aeb133c461ed0a4bd9258,4addff335526e77628b914bf83380de2c81030fb22994a739cb072c37c504f5d,6fc5331c754442474d4542d6d7069dfc5ef5f7af9c53d4bcf9f4b9eb79696691,"{""dropout"":0.0,""hidden_size"":32,""layers"":1,""weight_decay"":0.01}",67,4065,3.366666699992493,0.0009681000374257565,1777.2578125,78.05810546875,single_seed
C01_compact_gru,gated_recurrent_unit,rolling_origin_2021-11-02,42121,P-V06-W006::C013::C014,18.01961273672366,gate_c_torch,93d6a231e88abd7219722c0fb59328fbdb4063caf9d8ab33a5570465fdfe8a6d,340f5e8ac2d6df6696e2ea0267670ec4d5d1ef1265aa1ecb1a2cebed848a9eba,5a84f27899c20bd37e8318cdc99009da9cb2fc71b7090dead1ca57fee9e7db6a,4a1388db6a465b41decad90e9701c9312bb7aa844e8aeb133c461ed0a4bd9258,4addff335526e77628b914bf83380de2c81030fb22994a739cb072c37c504f5d,6fc5331c754442474d4542d6d7069dfc5ef5f7af9c53d4bcf9f4b9eb79696691,"{""dropout"":0.0,""hidden_size"":32,""layers"":1,""weight_decay"":0.01}",67,4065,3.366666699992493,0.0009681000374257565,1777.2578125,78.05810546875,single_seed
C01_compact_gru,gated_recurrent_unit,rolling_origin_2021-11-02,42121,P-V06-W007::C013::C014,19.12192221338235,gate_c_torch,93d6a231e88abd7219722c0fb59328fbdb4063caf9d8ab33a5570465fdfe8a6d,340f5e8ac2d6df6696e2ea0267670ec4d5d1ef1265aa1ecb1a2cebed848a9eba,5a84f27899c20bd37e8318cdc99009da9cb2fc71b7090dead1ca57fee9e7db6a,4a1388db6a465b41decad90e9701c9312bb7aa844e8aeb133c461ed0a4bd9258,4addff335526e77628b914bf83380de2c81030fb22994a739cb072c37c504f5d,6fc5331c754442474d4542d6d7069dfc5ef5f7af9c53d4bcf9f4b9eb79696691,"{""dropout"":0.0,""hidden_size"":32,""layers"":1,""weight_decay"":0.01}",67,4065,3.366666699992493,0.0009681000374257565,1777.2578125,78.05810546875,single_seed
