integrated_record_id,plan_unit_id,source_layer_name,membership_confidence,membership_status,depth_roof_m,chamber_width_m,pillar_width_m,load_coeff,axial_distance_m,mining_interval,fill_interval,fill_type,mining_method,settlement_mean_mm,settlement_min_mm,settlement_max_mm,anchor_conditioned,anchor_id,attribute_provenance,depth_roof_m_nearest_anchor_distance_m,depth_roof_m_standard_uncertainty,chamber_width_m_nearest_anchor_distance_m,chamber_width_m_standard_uncertainty,pillar_width_m_nearest_anchor_distance_m,pillar_width_m_standard_uncertainty,load_coeff_nearest_anchor_distance_m,load_coeff_standard_uncertainty,axial_distance_m_nearest_anchor_distance_m,axial_distance_m_standard_uncertainty,categorical_nearest_anchor_distance_m
IR-00001,PU-0006,otrpol_ab,0.488762573808179,reconstructed_candidate,246.117069914049,15,12,0.28421243282929,27,1956–1957,1978–1981,сухая,БВР,923.304579148517,647.945205479452,1433.33333333333,False,,R/D,3775.00003411908,488.000004367243,3775.00003411908,38.1250003411908,3775.00003411908,24.4000002183621,3775.00003411908,0.91500000818858,3775.00003411908,61.0000005459053,3775.00003411908
IR-00002,PU-0007,otrpol_ab,0.524500533345173,reconstructed_candidate,246.270324353453,15,12,0.284629092274371,27,1956–1957,1978–1981,сухая,БВР,1014.01241277533,490.867579908675,1668.9497716895,False,,R/D,3596.81778083532,465.192675946921,3596.81778083532,36.3431778083532,3596.81778083532,23.2596337973461,3596.81778083532,0.872236267400477,3596.81778083532,58.1490844933651,3596.81778083532
IR-00003,PU-0008,otrpol_ab,0.520394253151936,reconstructed_candidate,246.271567560651,15,12,0.284642284836439,27,1956–1957,1978–1981,сухая,БВР,932.429286025911,608.675799086758,1217.35159817352,False,,R/D,3552.20338079633,459.48203274193,3552.20338079633,35.8970338079633,3552.20338079633,22.9741016370965,3552.20338079633,0.861528811391118,3552.20338079633,57.4352540927412,3552.20338079633
IR-00004,PU-0014,otrpol_ab,0.43346797294617,reconstructed_candidate,239.319046340379,15.1872569056167,11.8127430943833,0.286956088453521,27,1957–1959,"1996, 2011",сухая/гидро,БВР,504.020924768364,78.5388127853876,1197.71689497717,False,,R/D,3709.96713880021,479.675793766426,3709.96713880021,37.4746713880021,3709.96713880021,23.9837896883213,3709.96713880021,0.89939211331205,3709.96713880021,59.9594742208033,3709.96713880021
IR-00005,PU-0016,otrpol_ab,0.622581870777097,reconstructed_candidate,227.788163927088,15.1967781499583,11.8032218500417,0.253169083730045,27,1957–1959,"1996, 2011",сухая/гидро,БВР,330.026828601105,58.9041095890407,1924.20091324201,False,,R/D,3986.72768714403,515.101143954436,3986.72768714403,40.2422768714403,3986.72768714403,25.7550571977218,3986.72768714403,0.965814644914567,3986.72768714403,64.3876429943045,3986.72768714403
IR-00006,PU-0017,otrpol_ab,0.561574216356946,reconstructed_candidate,246.417576140151,15,12,0.285041692207302,27,1956–1957,1978–1981,сухая,БВР,930.657855158197,510.502283105023,1668.9497716895,False,,R/D,3386.86939243763,438.319282232017,3386.86939243763,34.2436939243763,3386.86939243763,21.9159641116008,3386.86939243763,0.821848654185031,3386.86939243763,54.7899102790021,3386.86939243763
IR-00007,PU-0018,otrpol_ab,0.578615984744366,reconstructed_candidate,246.382469707266,15,12,0.284915014023403,27,1956–1957,1978–1981,сухая,БВР,1055.90528357762,510.502283105023,1747.48858447489,False,,R/D,3538.41856541473,457.717576373085,3538.41856541473,35.7591856541473,3538.41856541473,22.8858788186543,3538.41856541473,0.858220455699535,3538.41856541473,57.2146970466357,3538.41856541473
IR-00008,PU-0020,otrpol_ab,0.586713229468538,reconstructed_candidate,,,,,,1957–1959,"1996, 2011",сухая/гидро,БВР,427.883956751721,0,2022.37442922374,False,,R/D,5606.71483143014,,5606.71483143014,,5606.71483143014,,5606.71483143014,,5606.71483143014,,5606.71483143014
IR-00009,PU-0021,otrpol_ab,0.499650451868745,reconstructed_candidate,248.883498486629,15,12,0.297874003437667,27,1957–1959,"1996, 2011",сухая/гидро,БВР,289.270842335514,0,1786.75799086758,False,,R/D,3285.59399144884,425.356030905452,3285.59399144884,33.2309399144884,3285.59399144884,21.2678015452726,3285.59399144884,0.797542557947723,3285.59399144884,53.1695038631815,3285.59399144884
IR-00010,PU-0022,otrpol_ab,0.666748218090953,reconstructed_candidate,217.426543200239,15.3858766803812,11.6141233196188,0.238103671248098,27,1957–1959,"1996, 2011",сухая/гидро,БВР,208.760596654721,0,2022.37442922374,False,,R/D,3940.31947542611,509.160892854543,3940.31947542611,39.7781947542611,3940.31947542611,25.4580446427271,3940.31947542611,0.954676674102267,3940.31947542611,63.6451116068178,3940.31947542611
IR-00011,PU-0023,otrpol_ab,0.623699806665045,reconstructed_candidate,246.562565867545,15,12,0.285403955645957,27,1956–1957,1978–1981,сухая,БВР,698.425433531782,353.424657534246,1943.83561643836,False,,R/D,3334.68553854746,431.639748934074,3334.68553854746,33.7218553854746,3334.68553854746,21.5819874467037,3334.68553854746,0.80932452925139,3334.68553854746,53.9549686167593,3334.68553854746
IR-00012,PU-0024,otrpol_ab,0.603441210472945,reconstructed_candidate,246.650189492296,15,12,0.285686773300132,27,1956–1957,1978–1981,сухая,БВР,700.030592817663,353.424657534246,1668.9497716895,False,,R/D,3114.04787324868,403.39812777583,3114.04787324868,31.5154787324868,3114.04787324868,20.1699063887915,3114.04787324868,0.756371489579682,3114.04787324868,50.4247659719788,3114.04787324868
IR-00013,PU-0025,otrpol_ab,0.487500201324565,reconstructed_candidate,227.721130356657,15.1982093860758,11.8017906139242,0.253098208814809,27,1957–1959,"1996, 2011",сухая/гидро,БВР,421.105878458241,39.2694063926938,2022.37442922374,False,,R/D,3587.07379891556,463.945446261191,3587.07379891556,36.2457379891556,3587.07379891556,23.1972723130596,3587.07379891556,0.869897711739734,3587.07379891556,57.9931807826489,3587.07379891556
IR-00014,PU-0026,otrpol_ab,0.482427737556449,reconstructed_candidate,227.522993050122,15.2008874367808,11.7991125632192,0.252717976941582,27,1957–1959,"1996, 2011",сухая/гидро,БВР,235.823208843044,39.2694063926938,498.959485681934,False,,R/D,3674.49567162808,475.135445968394,3674.49567162808,37.1199567162808,3674.49567162808,23.7567722984197,3674.49567162808,0.890878961190739,3674.49567162808,59.3919307460493,3674.49567162808
IR-00015,PU-0027,otrpol_ab,0.478804549150652,reconstructed_candidate,217.59461101701,15.3821341731968,11.6178658268032,0.238318611813696,27,1957–1959,"1996, 2011",сухая/гидро,БВР,267.580269764596,39.2694063926938,333.789954337899,False,,R/D,3740.69446924636,483.608892063534,3740.69446924636,37.7819446924636,3740.69446924636,24.1804446031767,3740.69446924636,0.906766672619127,3740.69446924636,60.4511115079418,3740.69446924636
IR-00016,PU-0028,otrpol_ab,0.454056482612479,reconstructed_candidate,217.016789626629,15.3967007046023,11.6032992953977,0.237702842043945,27,1957–1959,"1996, 2011",сухая/гидро,БВР,217.756977363996,39.2694063926938,419.233583890364,False,,R/D,4289.69053880544,553.880388967096,4289.69053880544,43.2719053880544,4289.69053880544,27.6940194483548,4289.69053880544,1.03852572931331,4289.69053880544,69.2350486208871,4289.69053880544
IR-00017,PU-0029,otrpol_ab,0.62704490098462,reconstructed_candidate,246.68851722048,15,12,0.285761590736046,27,1956–1957,1978–1981,сухая,БВР,568.112692401217,392.694063926941,1197.71689497717,False,,R/D,3163.67812335774,409.750799789791,3163.67812335774,32.0117812335774,3163.67812335774,20.4875399894895,3163.67812335774,0.768282749605858,3163.67812335774,51.2188499737238,3163.67812335774
IR-00018,PU-0030,otrpol_ab,0.617141519342108,reconstructed_candidate,246.74636167239,15,12,0.28594883438141,27,1956–1957,1978–1981,сухая,БВР,645.171525203139,353.424657534246,1197.71689497717,False,,R/D,3024.93542500456,391.991734400584,3024.93542500456,30.6243542500457,3024.93542500456,19.5995867200292,3024.93542500456,0.734984502001096,3024.93542500456,48.998966800073,3024.93542500456
IR-00019,PU-0031,otrpol_ab,0.605167935275797,reconstructed_candidate,246.733320994027,15,12,0.285954899733203,27,1956–1957,1978–1981,сухая,БВР,695.637904034015,431.963470319634,1197.71689497717,False,,R/D,2895.7892139424,375.461019384627,2895.7892139424,29.332892139424,2895.7892139424,18.7730509692313,2895.7892139424,0.703989411346176,2895.7892139424,46.9326274230784,2895.7892139424
IR-00020,PU-0032,otrpol_ab,0.48105111467588,reconstructed_candidate,217.49359622191,15.3857030966922,11.6142969033078,0.238285011099462,27,1957–1959,"1996, 2011",сухая/гидро,БВР,416.532357137497,78.5388127853876,2022.37442922374,False,,R/D,3738.49678979064,483.327589093202,3738.49678979064,37.7599678979064,3738.49678979064,24.1663794546601,3738.49678979064,0.906239229549754,3738.49678979064,60.4159486366502,3738.49678979064
IR-00021,PU-0033,otrpol_ab,0.617465438290087,reconstructed_candidate,246.895875289238,15,12,0.286363973217067,27,1956–1957,1978–1981,сухая,БВР,596.404109589041,196.34703196347,1197.71689497717,False,,R/D,2871.11222261634,372.302364494891,2871.11222261634,29.0861222261634,2871.11222261634,18.6151182247446,2871.11222261634,0.698066933427921,2871.11222261634,46.5377955618614,2871.11222261634
IR-00022,PU-0034,otrpol_ab,0.608045148435015,reconstructed_candidate,246.904328331504,15,12,0.286418251220322,27,1956–1957,1978–1981,сухая,БВР,503.957382039574,353.424657534246,1197.71689497717,False,,R/D,2771.32721129029,359.529883045157,2771.32721129029,28.0882721129029,2771.32721129029,17.9764941522579,2771.32721129029,0.67411853070967,2771.32721129029,44.9412353806447,2771.32721129029
IR-00023,PU-0035,otrpol_ab,0.456901938091997,reconstructed_candidate,217.001385946566,15.3988342503833,11.6011657496167,0.237812653573924,27,1957–1959,"1996, 2011",сухая/гидро,БВР,353.424657534246,333.789954337899,431.963470319634,False,,R/D,4089.12399777864,528.207871715665,4089.12399777864,41.2662399777864,4089.12399777864,26.4103935857833,4089.12399777864,0.990389759466873,4089.12399777864,66.0259839644582,4089.12399777864
IR-00024,PU-0036,otrpol_ab,0.452312566111321,reconstructed_candidate,216.905464744644,15.4010151238792,11.5989848761208,0.23769328825186,27,1957–1959,"1996, 2011",сухая/гидро,БВР,174.133356176227,98.1735159817354,314.155251141553,False,,R/D,4204.44520364982,542.968986067176,4204.44520364982,42.4194520364981,4204.44520364982,27.1484493033588,4204.44520364982,1.01806684887596,4204.44520364982,67.871123258397,4204.44520364982
IR-00025,PU-0037,otrpol_ab,0.609981648236925,reconstructed_candidate,,,,,,1957–1959,"1996, 2011",сухая/гидро,БВР,453.490083796966,235.616438356164,1060.27397260274,False,,R/D,5351.59968420337,,5351.59968420337,,5351.59968420337,,5351.59968420337,,5351.59968420337,,5351.59968420337
IR-00026,PU-0038,otrpol_ab,0.627622994426626,reconstructed_candidate,246.925186234967,15,12,0.286399110491248,27,1956–1957,1978–1981,сухая,БВР,453.627441819609,137.442922374429,1099.54337899543,False,,R/D,2945.09539060383,381.772209997291,2945.09539060383,29.8259539060383,2945.09539060383,19.0886104998645,2945.09539060383,0.71582289374492,2945.09539060383,47.7215262496613,2945.09539060383
IR-00027,PU-0039,otrpol_ab,0.617236520996674,reconstructed_candidate,,,,,,1957–1959,"1996, 2011",сухая/гидро,БВР,347.148657245639,117.808219178082,1806.39269406393,False,,R/D,5166.7614056703,,5166.7614056703,,5166.7614056703,,5166.7614056703,,5166.7614056703,,5166.7614056703
IR-00028,PU-0040,otrpol_ab,0.486537769892899,reconstructed_candidate,217.919351065896,15.3773158266855,11.6226841733145,0.238908514154678,27,1957–1959,"1996, 2011",сухая/гидро,БВР,624.37766883456,0,2179.45205479452,False,,R/D,3241.96388415454,419.771377171781,3241.96388415454,32.7946388415454,3241.96388415454,20.988568858589,3241.96388415454,0.787071332197089,3241.96388415454,52.4714221464726,3241.96388415454
IR-00029,PU-0041,otrpol_ab,0.420354195013672,reconstructed_candidate,,,,,,1957–1959,"1996, 2011",сухая/гидро,БВР,314.955723460481,0,1786.75799086758,False,,R/D,4835.37394393093,,4835.37394393093,,4835.37394393093,,4835.37394393093,,4835.37394393093,,4835.37394393093
IR-00030,PU-0042,otrpol_ab,0.497615588460483,reconstructed_candidate,228.134967844306,15.1930252342083,11.8069747657917,0.253939005401609,27,1957–1959,"1996, 2011",сухая/гидро,БВР,263.518385003605,0,2022.37442922374,False,,R/D,3112.22285959184,403.164526027756,3112.22285959184,31.4972285959184,3112.22285959184,20.1582263013878,3112.22285959184,0.755933486302042,3112.22285959184,50.3955657534695,3112.22285959184
IR-00031,PU-0043,otrpol_ab,0.627470489578983,reconstructed_candidate,238.451888291063,15,12,0.26378358882076,27,1956–1957,1978–1981,сухая,БВР,452.318330169098,176.712328767123,1197.71689497717,False,,R/D,3062.63377114147,396.817122706108,3062.63377114147,31.0013377114147,3062.63377114147,19.8408561353054,3062.63377114147,0.744032105073954,3062.63377114147,49.6021403382636,3062.63377114147
IR-00032,PU-0044,otrpol_ab,0.517521281047544,reconstructed_candidate,248.965283666921,15,12,0.298043151067703,27,1957–1959,"1996, 2011",сухая/гидро,БВР,279.259873331071,0,2022.37442922374,False,,R/D,2843.67339783139,368.790194922418,2843.67339783139,28.8117339783139,2843.67339783139,18.4395097461209,2843.67339783139,0.691481615479533,2843.67339783139,46.0987743653022,2843.67339783139
IR-00033,PU-0045,otrpol_ab,0.440426132969409,reconstructed_candidate,216.783034907102,15.4040118417593,11.5959881582407,0.237556358505835,27,1957–1959,"1996, 2011",сухая/гидро,БВР,270.16289729983,0,785.388127853881,False,,R/D,4329.14993505528,558.931191687076,4329.14993505528,43.6664993505528,4329.14993505528,27.9465595843538,4329.14993505528,1.04799598441327,4329.14993505528,69.8663989608845,4329.14993505528
IR-00034,PU-0046,otrpol_ab,0.618230638887205,reconstructed_candidate,246.936624872252,15,12,0.286441214720839,27,1956–1957,1978–1981,сухая,БВР,519.986154820625,176.712328767123,1079.90867579909,False,,R/D,2914.78280508836,377.89219905131,2914.78280508836,29.5228280508836,2914.78280508836,18.8946099525655,2914.78280508836,0.708547873221207,2914.78280508836,47.2365248814138,2914.78280508836
IR-00035,PU-0047,otrpol_ab,0.5986654214959,reconstructed_candidate,,,,,,1965–1970,"1997–2002, 20…",сухая/гидро,комбайн+БВР,603.875505172827,235.616438356164,1374.42922374429,False,,R/D,5416.38350704808,,5416.38350704808,,5416.38350704808,,5416.38350704808,,5416.38350704808,,5416.38350704808
IR-00036,PU-0048,otrpol_ab,0.442922651389715,reconstructed_candidate,216.904382235306,15.4018315542678,11.5981684457322,0.237749130921906,27,1957–1959,"1996, 2011",сухая/гидро,БВР,225.799086757991,78.5388127853876,333.789954337899,False,,R/D,4106.05018844205,530.374424120582,4106.05018844205,41.4355018844205,4106.05018844205,26.5187212060291,4106.05018844205,0.994452045226092,4106.05018844205,66.2968030150728,4106.05018844205
IR-00037,PU-0049,otrpol_ab,0.472074558247049,reconstructed_candidate,217.74155059572,15.3819362096543,11.6180637903457,0.238728952893348,27,1957–1959,"1996, 2011",сухая/гидро,БВР,279.217551004231,39.2694063926938,1040.63926940639,False,,R/D,3350.46778782038,433.659876841008,3350.46778782038,33.8796778782038,3350.46778782038,21.6829938420504,3350.46778782038,0.813112269076891,3350.46778782038,54.207484605126,3350.46778782038
IR-00038,PU-0050,otrpol_ab,0.454055901383339,reconstructed_candidate,217.250441883591,15.3939895136011,11.6060104863989,0.238181690616036,27,1957–1959,"1996, 2011",сухая/гидро,БВР,358.007154327694,0,1983.10502283105,False,,R/D,3729.64465117188,482.194515350001,3729.64465117188,37.6714465117188,3729.64465117188,24.1097257675,3729.64465117188,0.904114716281252,3729.64465117188,60.2743144187501,3729.64465117188
IR-00039,PU-0051,otrpol_ab,0.420509821858999,reconstructed_candidate,,,,,,1957–1959,"1996, 2011",сухая/гидро,БВР,421.953389493171,0,1943.83561643836,False,,R/D,4584.88525968859,,4584.88525968859,,4584.88525968859,,4584.88525968859,,4584.88525968859,,4584.88525968859
IR-00040,PU-0052,otrpol_ab,0.481913962519198,reconstructed_candidate,227.83565915757,15.1973055226819,11.8026944773182,0.253392693092015,27,1957–1959,"1996, 2011",сухая/гидро,БВР,297.727893059252,39.2694063926938,2002.7397260274,False,,R/D,3056.9209242192,396.085878300058,3056.9209242192,30.944209242192,3056.9209242192,19.8042939150029,3056.9209242192,0.742661021812608,3056.9209242192,49.5107347875072,3056.9209242192
IR-00041,PU-0053,otrpol_ab,0.462821293982589,reconstructed_candidate,217.55221821309,15.3873927057314,11.6126072942686,0.238576421816929,27,1957–1959,"1996, 2011",сухая/гидро,БВР,233.796980645605,0,471.232876712329,False,,R/D,3424.85745917358,443.181754774218,3424.85745917358,34.6235745917358,3424.85745917358,22.1590877387109,3424.85745917358,0.830965790201659,3424.85745917358,55.3977193467773,3424.85745917358
IR-00042,PU-0054,otrpol_ab,0.598956756996636,reconstructed_candidate,247.049003916336,15,12,0.286773690426962,27,1956–1957,1978–1981,сухая,БВР,287.307662677471,39.2694063926938,1060.27397260274,False,,R/D,2761.76584046878,358.306027580004,2761.76584046878,27.9926584046878,2761.76584046878,17.9153013790002,2761.76584046878,0.671823801712508,2761.76584046878,44.7882534475005,2761.76584046878
IR-00043,PU-0055,otrpol_ab,0.588595252603173,reconstructed_candidate,247.117710002279,15,12,0.286996286479921,27,1956–1957,1978–1981,сухая,БВР,541.877851312965,137.442922374429,1845.66210045662,False,,R/D,2621.87904824164,340.40051817493,2621.87904824164,26.5937904824164,2621.87904824164,17.0200259087465,2621.87904824164,0.638250971577994,2621.87904824164,42.5500647718662,2621.87904824164
IR-00044,PU-0057,otrpol_ab,0.579890153404949,reconstructed_candidate,,,,,,1965–1970,"1997–2002, 20…",сухая/гидро,комбайн+БВР,415.819224698931,157.077625570776,1963.4703196347,False,,R/D,5260.88614008676,,5260.88614008676,,5260.88614008676,,5260.88614008676,,5260.88614008676,,5260.88614008676
IR-00045,PU-0058,otrpol_ab,0.505721817984793,reconstructed_candidate,249.362821399374,15,12,0.298803974736576,27,1957–1959,"1996, 2011",сухая/гидро,БВР,310.453464116684,279.44955116642,333.789954337899,False,,R/D,2655.5744958046,344.713535462988,2655.5744958046,26.930744958046,2655.5744958046,17.2356767731494,2655.5744958046,0.646337878993103,2655.5744958046,43.0891919328736,2655.5744958046
IR-00046,PU-0059,otrpol_ab,0.502098629578996,reconstructed_candidate,249.241368562721,15,12,0.298573588487585,27,1957–1959,"1996, 2011",сухая/гидро,БВР,324.302409621534,289.394867107086,410.427967651217,False,,R/D,2666.92026986527,346.165794542754,2666.92026986527,27.0442026986527,2666.92026986527,17.3082897271377,2666.92026986527,0.649060864767664,2666.92026986527,43.2707243178443,2666.92026986527
IR-00047,PU-0060,otrpol_ab,0.425251403616639,reconstructed_candidate,216.962085392274,15.4013728371952,11.5986271628048,0.237882496864827,27,1957–1959,"1996, 2011",сухая/гидро,БВР,349.932041225413,235.616438356164,451.598173515982,False,,R/D,3939.79359440936,509.093580084399,3939.79359440936,39.7729359440936,3939.79359440936,25.4546790042199,3939.79359440936,0.954550462658247,3939.79359440936,63.6366975105498,3939.79359440936
IR-00048,PU-0062,otrpol_ab,0.510946232748119,reconstructed_candidate,249.644967662355,15,12,0.299337937248913,27,1957–1959,"1996, 2011",сухая/гидро,БВР,348.511029234542,78.5388127853876,1079.90867579909,False,,R/D,2636.49672175596,342.271580384763,2636.49672175596,26.7399672175596,2636.49672175596,17.1135790192381,2636.49672175596,0.64175921322143,2636.49672175596,42.7839475480953,2636.49672175596
IR-00049,PU-0063,otrpol_ab,0.506115314873723,reconstructed_candidate,249.469604701804,15,12,0.299006903183426,27,1957–1959,"1996, 2011",сухая/гидро,БВР,137.442922374429,39.2694063926938,196.34703196347,False,,R/D,2635.7274845514,342.173118022579,2635.7274845514,26.732274845514,2635.7274845514,17.1086559011289,2635.7274845514,0.641574596292335,2635.7274845514,42.7716397528223,2635.7274845514
IR-00050,PU-0065,otrpol_ab,0.514409075105637,reconstructed_candidate,249.882795996767,15,12,0.299785433557426,27,1955–1957,1978–1980,сухая,БВР,226.039785286909,78.5388127853876,314.155251141553,False,,R/D,2570.56971915809,333.832924052236,2570.56971915809,26.0806971915809,2570.56971915809,16.6916462026118,2570.56971915809,0.625936732597943,2570.56971915809,41.7291155065295,2570.56971915809
IR-00051,PU-0066,otrpol_ab,0.562725096178471,reconstructed_candidate,247.297988894386,15,12,0.287445986104248,27,1956–1957,1978–1981,сухая,БВР,213.470486345259,0,416.393760643836,False,,R/D,2574.61009390028,334.350092019236,2574.61009390028,26.1211009390028,2574.61009390028,16.7175046009618,2574.61009390028,0.626906422536067,2574.61009390028,41.7937615024045,2574.61009390028
IR-00052,PU-0067,otrpol_ab,0.548201956472249,reconstructed_candidate,247.46691204041,15,12,0.287929509100621,27,1956–1957,1978–1981,сухая,БВР,267.780064863621,39.2694063926938,1983.10502283105,False,,R/D,2413.06976726916,313.672930210453,2413.06976726916,24.5056976726916,2413.06976726916,15.6836465105227,2413.06976726916,0.5881367441446,2413.06976726916,39.2091162763066,2413.06976726916
IR-00053,PU-0068,otrpol_ab,0.474288912993986,reconstructed_candidate,249.448723543711,15,12,0.29897632542892,27,1957–1959,"1996, 2011",сухая/гидро,БВР,242.161339421613,196.34703196347,333.789954337899,False,,R/D,2480.74649822541,322.335551772853,2480.74649822541,25.1824649822541,2480.74649822541,16.1167775886426,2480.74649822541,0.604379159574099,2480.74649822541,40.2919439716066,2480.74649822541
IR-00054,PU-0069,otrpol_ab,0.426211704447362,reconstructed_candidate,218.178512586957,15.3738707823501,11.6261292176499,0.239407736098594,27,1957–1959,"1996, 2011",сухая/гидро,БВР,297.972510403452,195.237492100137,1099.54337899543,False,,R/D,2907.42082307512,376.949865353616,2907.42082307512,29.4492082307512,2907.42082307512,18.8474932676808,2907.42082307512,0.706780997538029,2907.42082307512,47.118733169202,2907.42082307512
IR-00055,PU-0070,otrpol_ab,0.428702363090353,reconstructed_candidate,218.327976959127,15.3710769849278,11.6289230150722,0.239637293190553,27,1957–1959,"1996, 2011",сухая/гидро,БВР,430.02297848043,196.34703196347,1767.12328767123,False,,R/D,2783.19730804711,361.04925543003,2783.19730804711,28.2069730804711,2783.19730804711,18.0524627715015,2783.19730804711,0.676967353931307,2783.19730804711,45.1311569287538,2783.19730804711
IR-00056,PU-0072,otrpol_ab,0.548057510264923,reconstructed_candidate,239.359370456527,15,12,0.2662535589342,27,1956–1957,1978–1981,сухая,БВР,184.445059295149,39.2694063926938,333.789954337899,False,,R/D,2628.68070250306,341.271129920392,2628.68070250306,26.6618070250306,2628.68070250306,17.0635564960196,2628.68070250306,0.639883368600735,2628.68070250306,42.658891240049,2628.68070250306
IR-00057,PU-0073,otrpol_ab,0.462275500232757,reconstructed_candidate,249.60189237859,15,12,0.299271526860566,27,1957–1959,"1996, 2011",сухая/гидро,БВР,593.389410246645,39.2694063926938,1865.29680365297,False,,R/D,2402.16656682788,312.277320553969,2402.16656682788,24.3966656682788,2402.16656682788,15.6138660276984,2402.16656682788,0.585519976038691,2402.16656682788,39.0346650692461,2402.16656682788
IR-00058,PU-0074,otrpol_ab,0.453096756271404,reconstructed_candidate,249.229742608524,15,12,0.298564711798983,27,1957–1959,"1996, 2011",сухая/гидро,БВР,186.162537016041,0,333.789954337899,False,,R/D,2417.93303991269,314.295429108824,2417.93303991269,24.5543303991269,2417.93303991269,15.7147714554412,2417.93303991269,0.589303929579046,2417.93303991269,39.286928638603,2417.93303991269
IR-00059,PU-0077,otrpol_ab,0.439854571997884,reconstructed_candidate,248.855354088438,15,12,0.29785216652057,27,1957–1959,"1996, 2011",сухая/гидро,БВР,307.629129584781,39.2694063926938,1021.00456621005,False,,R/D,2431.67953633655,316.054980651078,2431.67953633655,24.6917953633655,2431.67953633655,15.8027490325539,2431.67953633655,0.592603088720771,2431.67953633655,39.5068725813848,2431.67953633655
IR-00060,PU-0078,otrpol_ab,0.42392939111467,reconstructed_candidate,228.589346600533,15.1872862186818,11.8127137813182,0.254872885673612,27,1957–1959,"1996, 2011",сухая/гидро,БВР,362.02432186602,39.2694063926938,1197.71689497717,False,,R/D,2543.46359846358,330.363340603338,2543.46359846358,25.8096359846358,2543.46359846358,16.5181670301669,2543.46359846358,0.619431263631259,2543.46359846358,41.2954175754173,2543.46359846358
IR-00061,PU-0081,otrpol_ab,0.455838933802742,reconstructed_candidate,249.865592901479,15,12,0.299768959951429,27,1955–1957,1978–1980,сухая,БВР,344.698784769371,39.2694063926938,1394.06392694064,False,,R/D,2382.09647110696,309.708348301691,2382.09647110696,24.1959647110696,2382.09647110696,15.4854174150846,2382.09647110696,0.580703153065671,2382.09647110696,38.7135435377114,2382.09647110696
IR-00062,PU-0083,otrpol_ab,0.542251977281001,reconstructed_candidate,239.034969733615,15,12,0.265361758822983,27,1956–1957,1978–1981,сухая,БВР,300.691845289568,137.442922374429,1963.4703196347,False,,R/D,2799.71774062683,363.163870800234,2799.71774062683,28.3721774062683,2799.71774062683,18.1581935400117,2799.71774062683,0.680932257750438,2799.71774062683,45.3954838500292,2799.71774062683
IR-00063,PU-0091,otrpol_ab,0.420466717994654,reconstructed_candidate,249.564361104267,15,12,0.29921700605752,27,1957–1959,"1996, 2011",сухая/гидро,БВР,508.575010143355,39.2694063926938,1826.02739726027,False,,R/D,2180.58715006081,283.915155207784,2180.58715006081,22.1808715006081,2180.58715006081,14.1957577603892,2180.58715006081,0.532340916014596,2180.58715006081,35.489394400973,2180.58715006081
IR-00064,PU-0093,otrpol_ab,0.436311059711843,reconstructed_candidate,250.745190688422,15,12,0.301437623239826,27,1955–1957,1978–1980,сухая,БВР,201.593134297068,58.9041095890407,333.789954337899,False,,R/D,1903.93471240886,248.503643188334,1903.93471240886,19.4143471240886,1903.93471240886,12.4251821594167,1903.93471240886,0.465944330978127,1903.93471240886,31.0629553985418,1903.93471240886
IR-00065,PU-0094,otrpol_ab,0.493787578556816,reconstructed_candidate,240.13686862839,15,12,0.268364407271659,27,1956–1957,1978–1981,сухая,БВР,1036.16889390102,98.1735159817354,1963.4703196347,False,,R/D,2330.59047114719,303.11558030684,2330.59047114719,23.6809047114719,2330.59047114719,15.155779015342,2330.59047114719,0.568341713075325,2330.59047114719,37.889447538355,2330.59047114719
IR-00066,PU-0095,otrpol_ab,0.485274137727704,reconstructed_candidate,240.378388901293,15,12,0.269034204465766,27,1956–1957,1978–1981,сухая,БВР,194.968003705069,98.1735159817354,480.695292408652,False,,R/D,2219.0473279552,288.838057978266,2219.0473279552,22.565473279552,2219.0473279552,14.4419028989133,2219.0473279552,0.541571358709249,2219.0473279552,36.1047572472833,2219.0473279552
IR-00067,PU-0096,otrpol_ab,0.438125625977383,reconstructed_candidate,251.011909074452,15,12,0.301917983181842,27,1955–1957,1978–1980,сухая,БВР,255.025153379274,39.2694063926938,365.28456420503,False,,R/D,1883.97772120738,245.949148314544,1883.97772120738,19.2147772120738,1883.97772120738,12.2974574157272,1883.97772120738,0.461154653089771,1883.97772120738,30.743643539318,1883.97772120738
IR-00068,PU-0104,otrpol_ab,0.492442661209106,reconstructed_candidate,239.827674356462,15,12,0.267515430576709,27,1956–1957,1978–1981,сухая,БВР,246.801346866946,0,1060.27397260274,False,,R/D,2460.08415361403,319.690771662595,2460.08415361403,24.9758415361403,2460.08415361403,15.9845385831298,2460.08415361403,0.599420196867366,2460.08415361403,39.9613464578244,2460.08415361403
IR-00069,PU-0105,otrpol_ab,0.497890824007946,reconstructed_candidate,239.537856995617,15,12,0.266717725995961,27,1956–1957,1978–1981,сухая,БВР,241.833359682777,58.9041095890407,2002.7397260274,False,,R/D,2585.39378410273,335.73040436515,2585.39378410273,26.2289378410273,2585.39378410273,16.7865202182575,2585.39378410273,0.629494508184656,2585.39378410273,41.9663005456438,2585.39378410273
IR-00070,PU-0114,otrpol_ab,0.480800047227354,reconstructed_candidate,240.455076039777,15,12,0.269220563052689,27,1956–1957,1978–1981,сухая,БВР,1086.83758382742,444.731310805896,1410.58565305343,False,,R/D,2228.14682035153,290.002793004996,2228.14682035153,22.6564682035153,2228.14682035153,14.5001396502498,2228.14682035153,0.543755236884368,2228.14682035153,36.2503491256245,2228.14682035153
IR-00071,PU-0120,otrpol_ab,0.463826447515905,reconstructed_candidate,,,,,,1965–1970,"1997–2002, 20…",сухая/гидро,комбайн+БВР,811.027409054654,193.001443241615,1406.7061615252,False,,R/D,4673.70140741671,,4673.70140741671,,4673.70140741671,,4673.70140741671,,4673.70140741671,,4673.70140741671
IR-00072,PU-0121,otrpol_ab,0.427292237376842,reconstructed_candidate,251.342474304989,15,12,0.302582846161392,27,1955–1957,1978–1980,сухая,БВР,404.213224776152,39.2694063926938,1826.02739726027,False,,R/D,1560.2833341035,204.516266765248,1560.2833341035,15.977833341035,1560.2833341035,10.2258133382624,1560.2833341035,0.38346800018484,1560.2833341035,25.564533345656,1560.2833341035
IR-00073,PU-0122,otrpol_ab,0.433394929042196,reconstructed_candidate,248.258535690631,15,12,0.290345696579415,27,1955–1957,1978–1980,сухая,БВР,419.430435240059,78.5388127853876,1394.06392694064,False,,R/D,1513.16036108605,198.484526219014,1513.16036108605,15.5066036108605,1513.16036108605,9.9242263109507,1513.16036108605,0.372158486660651,1513.16036108605,24.8105657773767,1513.16036108605
IR-00074,PU-0124,otrpol_ab,0.420463911127904,reconstructed_candidate,250.830130830961,15,12,0.301644226641628,27,1955–1957,1978–1980,сухая,БВР,216.101922351094,0,471.232876712329,False,,R/D,1650.30819048058,216.039448381514,1650.30819048058,16.8780819048058,1650.30819048058,10.8019724190757,1650.30819048058,0.405073965715339,1650.30819048058,27.0049310476892,1650.30819048058
IR-00075,PU-0128,otrpol_ab,0.439803300538937,reconstructed_candidate,248.422441194472,15,12,0.290760708036822,27,1955–1957,1978–1980,сухая,БВР,248.700721791556,206.837693052387,296.922240374818,False,,R/D,1526.5994445829,200.204728906611,1526.5994445829,15.640994445829,1526.5994445829,10.0102364453306,1526.5994445829,0.375383866699896,1526.5994445829,25.0255911133264,1526.5994445829
IR-00076,PU-0139,otrpol_ab,0.446694280226527,reconstructed_candidate,248.617908358392,15,12,0.291267924582926,27,1955–1957,1978–1980,сухая,БВР,194.951159532995,78.5388127853876,431.963470319634,False,,R/D,1513.37600896205,198.512129147142,1513.37600896205,15.5087600896205,1513.37600896205,9.92560645735711,1513.37600896205,0.372210242150891,1513.37600896205,24.8140161433928,1513.37600896205
IR-00077,PU-0141,otrpol_ab,0.497779414455648,reconstructed_candidate,240.288639435953,15,12,0.268750506472836,27,1956–1957,1978–1981,сухая,БВР,730.41095890411,98.1735159817354,2081.27853881279,False,,R/D,2287.14436415624,297.554478611998,2287.14436415624,23.2464436415624,2287.14436415624,14.8777239305999,2287.14436415624,0.557914647397497,2287.14436415624,37.1943098264998,2287.14436415624
IR-00078,PU-0144,otrpol_ab,0.510830737697548,reconstructed_candidate,239.886489457722,15,12,0.26765081915093,27,1956–1957,1978–1981,сухая,БВР,273.068463239301,39.2694063926938,1983.10502283105,False,,R/D,2428.82024128557,315.688990884553,2428.82024128557,24.6632024128557,2428.82024128557,15.7844495442277,2428.82024128557,0.591916857908537,2428.82024128557,39.4611238605691,2428.82024128557
IR-00079,PU-0145,otrpol_ab,0.50042413544312,reconstructed_candidate,240.705123811267,15,12,0.269885210355174,27,1956–1957,1978–1981,сухая,БВР,668.105646345902,58.9041095890407,1253.04146473552,False,,R/D,2145.33956538119,279.403464368792,2145.33956538119,21.8283956538119,2145.33956538119,13.9701732184396,2145.33956538119,0.523881495691485,2145.33956538119,34.925433046099,2145.33956538119
IR-00080,PU-0146,otrpol_ab,0.487219626586437,reconstructed_candidate,,,,,,1965–1970,"1997–2002, 20…",сухая/гидро,комбайн+БВР,196.935360990358,78.5388127853876,369.230644805438,False,,R/D,4508.61731399966,,4508.61731399966,,4508.61731399966,,4508.61731399966,,4508.61731399966,,4508.61731399966
IR-00081,PU-0147,otrpol_ab,0.478423021692241,reconstructed_candidate,,,,,,1965–1970,"1997–2002, 20…",сухая/гидро,комбайн+БВР,1326.38488748275,1037.40525602592,1521.52283455973,False,,R/D,4765.24757987341,,4765.24757987341,,4765.24757987341,,4765.24757987341,,4765.24757987341,,4765.24757987341
IR-00082,PU-0152,otrpol_ab,0.44621520818212,reconstructed_candidate,250.016765282594,15,12,0.300158103984803,27,1957–1959,"1996, 2011",сухая/гидро,БВР,337.665809991576,78.5388127853876,1060.27397260274,False,,R/D,1584.85697936672,207.66169335894,1584.85697936672,16.2235697936672,1584.85697936672,10.383084667947,1584.85697936672,0.389365675048013,1584.85697936672,25.9577116698675,1584.85697936672
IR-00083,PU-0155,otrpol_ab,0.471567069575236,reconstructed_candidate,248.712687741084,15,12,0.291662671968738,27,1955–1957,1978–1980,сухая,БВР,1755.84874526502,1740.51786798723,1767.61321446,False,,R/D,1265.3104892862,166.759742628634,1265.3104892862,13.028104892862,1265.3104892862,8.3379871314317,1265.3104892862,0.312674517428689,1265.3104892862,20.8449678285792,1265.3104892862
IR-00084,PU-0156,otrpol_ab,0.440166103391661,reconstructed_candidate,249.238146117792,15,12,0.298659500183249,27,1957–1959,"1996, 2011",сухая/гидро,БВР,272.545782495617,0,1747.48858447489,False,,R/D,1530.96718346249,200.763799483199,1530.96718346249,15.6846718346249,1530.96718346249,10.0381899741599,1530.96718346249,0.376432124030997,1530.96718346249,25.0954749353998,1530.96718346249
IR-00085,PU-0157,otrpol_ab,0.434610547836105,reconstructed_candidate,248.826838920138,15,12,0.29786355579928,27,1957–1959,"1996, 2011",сухая/гидро,БВР,150.532724505327,0,196.34703196347,False,,R/D,1533.08754126188,201.03520528152,1533.08754126188,15.7058754126188,1533.08754126188,10.051760264076,1533.08754126188,0.376941009902851,1533.08754126188,25.12940066019,1533.08754126188
IR-00086,PU-0158,otrpol_ab,0.42857190049311,reconstructed_candidate,230.336126774583,15.162862043497,11.837137956503,0.258245029216214,27,1957–1959,"1996, 2011",сухая/гидро,БВР,193.814579798741,39.2694063926938,471.232876712329,False,,R/D,1562.2437388452,204.767198572186,1562.2437388452,15.997437388452,1562.2437388452,10.2383599286093,1562.2437388452,0.383938497322849,1562.2437388452,25.5958998215232,1562.2437388452
IR-00087,PU-0160,otrpol_ab,0.484901356727861,reconstructed_candidate,249.57056920867,15,12,0.293916948929671,27,1955–1957,1978–1980,сухая,БВР,244.817496337125,78.5388127853876,333.789954337899,False,,R/D,1185.06838206593,156.488752904439,1185.06838206593,12.2256838206593,1185.06838206593,7.82443764522195,1185.06838206593,0.293416411695823,1185.06838206593,19.5610941130549,1185.06838206593
IR-00088,PU-0161,otrpol_ab,0.481140134717304,reconstructed_candidate,249.083321264464,15,12,0.292650750805947,27,1955–1957,1978–1980,сухая,БВР,1112.63318112633,490.867579908675,1688.58447488584,False,,R/D,1219.20688128505,160.858480804487,1219.20688128505,12.5670688128505,1219.20688128505,8.04292404022434,1219.20688128505,0.301609651508413,1219.20688128505,20.1073101005608,1219.20688128505
IR-00089,PU-0162,otrpol_ab,0.4737984108424,reconstructed_candidate,248.495796015155,15,12,0.29111443155688,27,1955–1957,1978–1980,сухая,БВР,867.817771184437,392.694063926941,1845.66210045662,False,,R/D,1241.33446614046,163.690811665979,1241.33446614046,12.7883446614046,1241.33446614046,8.18454058329893,1241.33446614046,0.30692027187371,1241.33446614046,20.4613514582473,1241.33446614046
IR-00090,PU-0163,otrpol_ab,0.470008894781716,reconstructed_candidate,251.422456735701,15,12,0.302826500828557,27,1955–1957,1978–1980,сухая,БВР,204.043720419672,176.712328767123,241.370540676861,False,,R/D,1298.42986875244,170.999023200312,1298.42986875244,13.3592986875244,1298.42986875244,8.54995116001562,1298.42986875244,0.320623168500586,1298.42986875244,21.374877900039,1298.42986875244
IR-00091,PU-0165,otrpol_ab,0.466558024938787,reconstructed_candidate,250.948512255381,15,12,0.301941136825102,27,1955–1957,1978–1980,сухая,БВР,335.197709854575,39.2694063926938,1983.10502283105,False,,R/D,1376.73246204484,181.02175514174,1376.73246204484,14.1423246204484,1376.73246204484,9.05108775708699,1376.73246204484,0.339415790890762,1376.73246204484,22.6277193927175,1376.73246204484
IR-00092,PU-0172,otrpol_ab,0.532703461692305,reconstructed_candidate,215.800922109496,15.4318140814159,11.5681859185841,0.236730486798774,27,1965–1970,"1997–2002, 20…",сухая/гидро,комбайн+БВР,611.753543983584,314.155251141553,1040.63926940639,False,,R/D,4435.63132782673,572.560809961821,4435.63132782673,44.7313132782673,4435.63132782673,28.6280404980911,4435.63132782673,1.07355151867841,4435.63132782673,71.5701012452276,4435.63132782673
IR-00093,PU-0177,otrpol_ab,0.548468004739809,reconstructed_candidate,215.77445638308,15.4331980779027,11.5668019220974,0.236753827735963,27,1965–1970,"1997–2002, 20…",сухая/гидро,комбайн+БВР,778.569973069821,749.83415366803,811.364286941364,False,,R/D,4321.75195442958,557.984250166986,4321.75195442958,43.5925195442958,4321.75195442958,27.8992125083493,4321.75195442958,1.0462204690631,4321.75195442958,69.7480312708732,4321.75195442958
IR-00094,PU-0180,otrpol_ab,0.439731950898358,reconstructed_candidate,218.326248418588,15.388526245776,11.611473754224,0.240877339944841,27,1957–1959,"1996, 2011",сухая/гидро,БВР,196.34703196347,78.5388127853876,314.155251141553,False,,R/D,2003.53832465399,261.252905555711,2003.53832465399,20.4103832465399,2003.53832465399,13.0626452777855,2003.53832465399,0.489849197916958,2003.53832465399,32.6566131944639,2003.53832465399
IR-00095,PU-0181,otrpol_ab,0.488790519322086,reconstructed_candidate,248.967051599047,15,12,0.298166080609974,27,1957–1959,"1996, 2011",сухая/гидро,БВР,390.857294218591,78.5388127853876,2022.37442922374,False,,R/D,1302.30785807236,171.495405833262,1302.30785807236,13.3980785807236,1302.30785807236,8.57477029166311,1302.30785807236,0.321553885937367,1302.30785807236,21.4369257291578,1302.30785807236
IR-00096,PU-0182,otrpol_ab,0.565965557750634,reconstructed_candidate,215.769540615888,15.4340860730301,11.5659139269699,0.236803392080621,27,1965–1970,"1997–2002, 20…",сухая/гидро,комбайн+БВР,712.612954232346,467.77187222232,1060.27397260274,False,,R/D,4198.92763410932,542.262737165993,4198.92763410932,42.3642763410932,4198.92763410932,27.1131368582997,4198.92763410932,1.01674263218624,4198.92763410932,67.7828421457492,4198.92763410932
IR-00097,PU-0183,otrpol_ab,0.486851929187239,reconstructed_candidate,248.547615299781,15,12,0.297366896815901,27,1957–1959,"1996, 2011",сухая/гидро,БВР,219.7357759241,0,370.755589534692,False,,R/D,1171.72954189928,154.781381363108,1171.72954189928,12.0922954189928,1171.72954189928,7.73906906815541,1171.72954189928,0.290215090055828,1171.72954189928,19.3476726703885,1171.72954189928
IR-00098,PU-0184,otrpol_ab,0.553947171004596,reconstructed_candidate,244.805468875332,15,12,0.281061657148385,27,1956–1957,1978–1981,сухая,БВР,354.486304251205,0,1197.71689497717,False,,R/D,1175.05462729372,155.206992293596,1175.05462729372,12.1255462729372,1175.05462729372,7.76034961467982,1175.05462729372,0.291013110550493,1175.05462729372,19.4008740366995,1175.05462729372
IR-00099,PU-0185,otrpol_ab,0.462918100014018,reconstructed_candidate,218.961444971149,15.3760119416715,11.6239880583285,0.24180487346537,27,1957–1959,"1996, 2011",сухая/гидро,БВР,198.334803949648,39.2694063926938,333.789954337899,False,,R/D,1792.15463162497,234.195792847996,1792.15463162497,18.2965463162497,1792.15463162497,11.7097896423998,1792.15463162497,0.439117111589992,1792.15463162497,29.2744741059995,1792.15463162497
IR-00100,PU-0186,otrpol_ab,0.530281358199094,reconstructed_candidate,249.20637546286,15,12,0.293136193905099,27,1955–1957,1978–1980,сухая,БВР,253.870393998734,39.2694063926938,530.13698630137,False,,R/D,1007.30419740371,133.734937267674,1007.30419740371,10.4480419740371,1007.30419740371,6.68674686338372,1007.30419740371,0.25075300737689,1007.30419740371,16.7168671584593,1007.30419740371
IR-00101,PU-0187,otrpol_ab,0.60568309165283,reconstructed_candidate,240.016579140526,15,12,0.267978905435216,27,1956–1957,1978–1981,сухая,БВР,234.915198956295,0,530.13698630137,False,,R/D,2296.09926192672,298.70070552662,2296.09926192672,23.3359926192672,2296.09926192672,14.935035276331,2296.09926192672,0.560063822862412,2296.09926192672,37.3375881908275,2296.09926192672
IR-00102,PU-0188,otrpol_ab,0.521265169894755,reconstructed_candidate,250.916673679412,15,12,0.3019589229991,27,1955–1957,1978–1980,сухая,БВР,393.07094182549,39.2694063926938,1119.17808219178,False,,R/D,1194.77156604051,157.730760453185,1194.77156604051,12.3227156604051,1194.77156604051,7.88653802265924,1194.77156604051,0.295745175849721,1194.77156604051,19.7163450566481,1194.77156604051
IR-00103,PU-0189,otrpol_ab,0.514421369572694,reconstructed_candidate,249.939394940513,15,12,0.300068236754287,27,1957–1959,"1996, 2011",сухая/гидро,БВР,218.326910834985,0,333.789954337899,False,,R/D,1307.63408226305,172.177162529671,1307.63408226305,13.4513408226305,1307.63408226305,8.60885812648355,1307.63408226305,0.322832179743133,1307.63408226305,21.5221453162089,1307.63408226305
IR-00104,PU-0190,otrpol_ab,0.492923785031631,reconstructed_candidate,230.521829533025,15.1594422332907,11.8405577667093,0.258600341834957,27,1957–1959,"1996, 2011",сухая/гидро,БВР,305.839298204672,39.2694063926938,2022.37442922374,False,,R/D,1265.86664656366,166.830930760148,1265.86664656366,13.0336664656366,1265.86664656366,8.34154653800741,1265.86664656366,0.312807995175278,1265.86664656366,20.8538663450185,1265.86664656366
IR-00105,PU-0191,otrpol_ab,0.483503495176559,reconstructed_candidate,218.990784904118,15.1793058018883,11.8206941981117,0.228526258407453,27,1957–1959,"1996, 2011",сухая/гидро,БВР,218.707610116529,39.2694063926938,333.789954337899,False,,R/D,1382.32618561753,181.737751759044,1382.32618561753,14.1982618561753,1382.32618561753,9.08688758795221,1382.32618561753,0.340758284548208,1382.32618561753,22.7172189698805,1382.32618561753
IR-00106,PU-0192,otrpol_ab,0.473841659427766,reconstructed_candidate,220.062678709825,15.3522319150783,11.6477680849217,0.243263667483172,27,1957–1959,"1996, 2011",сухая/гидро,БВР,252.781754463513,39.2694063926938,530.13698630137,False,,R/D,1564.03261068196,204.996174167291,1564.03261068196,16.0153261068196,1564.03261068196,10.2498087083645,1564.03261068196,0.38436782656367,1564.03261068196,25.6245217709113,1564.03261068196
IR-00107,PU-0193,otrpol_ab,0.601902677041313,reconstructed_candidate,240.839939637532,15,12,0.270219072588622,27,1956–1957,1978–1981,сухая,БВР,179.656611888888,0,970.599777970151,False,,R/D,2047.89317880537,266.930326887088,2047.89317880537,20.8539317880537,2047.89317880537,13.3465163443544,2047.89317880537,0.50049436291329,2047.89317880537,33.366290860886,2047.89317880537
IR-00108,PU-0194,otrpol_ab,0.547443095710982,reconstructed_candidate,250.152217866747,15,12,0.295669132664441,27,1955–1957,1978–1980,сухая,БВР,332.785036917623,196.34703196347,608.675799086758,False,,R/D,915.8067027899,122.023257957107,915.8067027899,9.533067027899,915.8067027899,6.10116289785536,915.8067027899,0.228793608669576,915.8067027899,15.2529072446384,915.8067027899
IR-00109,PU-0195,otrpol_ab,0.451199017516085,reconstructed_candidate,216.772285452104,15.423065667151,11.576934332849,0.238885085604513,27,1965–1970,"1997–2002, 20…",сухая/гидро,комбайн+БВР,898.359002523265,294.520547945205,1433.33333333333,False,,R/D,2541.12935901049,330.064557953343,2541.12935901049,25.7862935901049,2541.12935901049,16.5032278976672,2541.12935901049,0.618871046162518,2541.12935901049,41.2580697441679,2541.12935901049
IR-00110,PU-0196,otrpol_ab,0.588638631042656,reconstructed_candidate,215.653500159256,15.436448042234,11.563551957766,0.236639784525325,27,1965–1970,"1997–2002, 20…",сухая/гидро,комбайн+БВР,121.942129373443,0,314.155251141553,False,,R/D,4319.09929089015,557.644709233939,4319.09929089015,43.5659929089015,4319.09929089015,27.882235461697,4319.09929089015,1.04558382981364,4319.09929089015,69.7055886542424,4319.09929089015
IR-00111,PU-0197,otrpol_ab,0.525635988702641,reconstructed_candidate,249.315858184202,15,12,0.298875781272842,27,1957–1959,"1996, 2011",сухая/гидро,БВР,301.659533096655,266.818111767602,314.155251141553,False,,R/D,1166.12826499339,154.064417919155,1166.12826499339,12.0362826499339,1166.12826499339,7.70322089595773,1166.12826499339,0.288870783598415,1166.12826499339,19.2580522398943,1166.12826499339
IR-00112,PU-0198,otrpol_ab,0.546911242665835,reconstructed_candidate,250.875705580738,15,12,0.301947584130886,27,1955–1957,1978–1980,сухая,БВР,305.16992145959,176.712328767123,471.232876712329,False,,R/D,1072.47091120516,142.076276634261,1072.47091120516,11.0997091120516,1072.47091120516,7.10381383171304,1072.47091120516,0.266393018689239,1072.47091120516,17.7595345792826,1072.47091120516
IR-00113,PU-0199,otrpol_ab,0.456493421775547,reconstructed_candidate,216.306987954065,15.4335192256831,11.5664807743169,0.238297563198276,27,1965–1970,"1997–2002, 20…",сухая/гидро,комбайн+БВР,1324.74853845056,490.867579908675,2002.7397260274,False,,R/D,2667.31943017407,346.216887062281,2667.31943017407,27.0481943017407,2667.31943017407,17.3108443531141,2667.31943017407,0.649156663241777,2667.31943017407,43.2771108827852,2667.31943017407
IR-00114,PU-0200,otrpol_ab,0.447414220423624,reconstructed_candidate,216.052132228136,15.4369844839093,11.5630155160907,0.237817033055276,27,1965–1970,"1997–2002, 20…",сухая/гидро,комбайн+БВР,1527.93035497723,1276.25570776256,1826.02739726027,False,,R/D,2941.16211174069,381.268750302808,2941.16211174069,29.7866211174069,2941.16211174069,19.0634375151404,2941.16211174069,0.714878906817765,2941.16211174069,47.658593787851,2941.16211174069
IR-00115,PU-0201,otrpol_ab,0.438839341196571,reconstructed_candidate,215.897866019433,15.4385644925114,11.5614355074886,0.237489419362758,27,1965–1970,"1997–2002, 20…",сухая/гидро,комбайн+БВР,1446.17175979694,1178.08219178082,1826.02739726027,False,,R/D,3184.90675624721,412.468064799643,3184.90675624721,32.2240675624721,3184.90675624721,20.6234032399821,3184.90675624721,0.77337762149933,3184.90675624721,51.5585080999554,3184.90675624721
IR-00116,PU-0202,otrpol_ab,0.430747553756958,reconstructed_candidate,215.794882825864,15.4391167905992,11.5608832094008,0.237234870665597,27,1965–1970,"1997–2002, 20…",сухая/гидро,комбайн+БВР,1196.36779378859,706.849315068493,1747.48858447489,False,,R/D,3424.20165012567,443.097811216086,3424.20165012567,34.6170165012567,3424.20165012567,22.1548905608043,3424.20165012567,0.830808396030162,3424.20165012567,55.3872264020108,3424.20165012567
IR-00117,PU-0203,otrpol_ab,0.424829679360822,reconstructed_candidate,215.739153087567,15.4391084772388,11.5608915227612,0.237075123071607,27,1965–1970,"1997–2002, 20…",сухая/гидро,комбайн+БВР,424.823578248236,196.34703196347,1021.00456621005,False,,R/D,3604.06960393923,466.120909304222,3604.06960393923,36.4156960393923,3604.06960393923,23.3060454652111,3604.06960393923,0.873976704945416,3604.06960393923,58.2651136630277,3604.06960393923
IR-00118,PU-0205,otrpol_ab,0.607317602066137,reconstructed_candidate,215.621275528873,15.438395496578,11.561604503422,0.236686898751997,27,1965–1970,"1997–2002, 20…",сухая/гидро,комбайн+БВР,186.251386389663,0,471.232876712329,False,,R/D,4142.92331379414,535.09418416565,4142.92331379414,41.8042331379414,4142.92331379414,26.7547092082825,4142.92331379414,1.00330159531059,4142.92331379414,66.8867730207063,4142.92331379414
IR-00119,PU-0209,otrpol_ab,0.481184364712906,reconstructed_candidate,217.384158499313,15.4140371939712,11.5859628060288,0.239989851779761,27,1957–1959,"1996, 2011",сухая/гидро,БВР,213.497067457933,0,1845.66210045662,False,,R/D,2072.68857782175,270.104137961184,2072.68857782175,21.1018857782175,2072.68857782175,13.5052068980592,2072.68857782175,0.506445258677219,2072.68857782175,33.7630172451479,2072.68857782175
IR-00120,PU-0210,otrpol_ab,0.588486034379858,reconstructed_candidate,247.050471767569,15,12,0.287196068630474,27,1956–1957,1978–1981,сухая,БВР,731.81717872672,353.424657534246,1767.12328767123,False,,R/D,842.315391604576,112.616370125386,842.315391604576,8.79815391604576,842.315391604576,5.63081850626928,842.315391604576,0.211155693985098,842.315391604576,14.0770462656732,842.315391604576
IR-00121,PU-0211,otrpol_ab,0.578757102549477,reconstructed_candidate,251.183244696769,15,12,0.298419730499712,27,1955–1957,1978–1980,сухая,БВР,208.034355294629,0,333.789954337899,False,,R/D,781.486051568517,104.83021460077,781.486051568517,8.18986051568518,781.486051568517,5.24151073003851,781.486051568517,0.196556652376444,781.486051568517,13.1037768250963,781.486051568517
IR-00122,PU-0212,otrpol_ab,0.561183975193741,reconstructed_candidate,249.022767427837,15,12,0.292772619273567,27,1955–1957,1978–1980,сухая,БВР,400.305491844776,78.5388127853876,1394.06392694064,False,,R/D,868.605463980948,115.981499389561,868.605463980948,9.06105463980948,868.605463980948,5.79907496947807,868.605463980948,0.217465311355428,868.605463980948,14.4976874236952,868.605463980948
IR-00123,PU-0213,otrpol_ab,0.546325422071297,reconstructed_candidate,249.334538933028,15,12,0.298945579220085,27,1957–1959,"1996, 2011",сухая/гидро,БВР,445.506948849762,78.5388127853876,1119.17808219178,False,,R/D,1040.6803928459,138.007090284275,1040.6803928459,10.781803928459,1040.6803928459,6.90035451421373,1040.6803928459,0.258763294283015,1040.6803928459,17.2508862855343,1040.6803928459
IR-00124,PU-0214,otrpol_ab,0.600147587994664,reconstructed_candidate,245.865418790929,15,12,0.283877326020557,27,1956–1957,1978–1981,сухая,БВР,511.031445449454,157.077625570776,1197.71689497717,False,,R/D,1013.94437048063,134.584879421521,1013.94437048063,10.5144437048063,1013.94437048063,6.72924397107604,1013.94437048063,0.252346648915351,1013.94437048063,16.8231099276901,1013.94437048063
IR-00125,PU-0215,otrpol_ab,0.578828710530238,reconstructed_candidate,251.25244910736,15,12,0.298771420639676,27,1955–1957,1978–1980,сухая,БВР,255.595046644744,196.34703196347,334.862590537943,False,,R/D,700.521537813585,94.4667568401389,700.521537813585,7.38021537813585,700.521537813585,4.72333784200694,700.521537813585,0.17712516907526,700.521537813585,11.8083446050174,700.521537813585
IR-00126,PU-0216,otrpol_ab,0.47547700990652,reconstructed_candidate,216.42706065474,15.4345694757865,11.5654305242135,0.2387116609283,27,1965–1970,"1997–2002, 20…",сухая/гидро,комбайн+БВР,255.251141552511,196.34703196347,314.155251141553,False,,R/D,2367.92358752077,307.894219202659,2367.92358752077,24.0542358752077,2367.92358752077,15.3947109601329,2367.92358752077,0.577301661004985,2367.92358752077,38.4867774003324,2367.92358752077
IR-00127,PU-0217,otrpol_ab,0.523383843079325,reconstructed_candidate,221.983873210551,15.3226124254277,11.6773875745723,0.246634841851311,27,1957–1959,"1996, 2011",сухая/гидро,БВР,454.58795445158,0,1806.39269406393,False,,R/D,1120.94549784595,148.281023724281,1120.94549784595,11.5844549784595,1120.94549784595,7.41405118621407,1120.94549784595,0.278026919483028,1120.94549784595,18.5351279655352,1120.94549784595
IR-00128,PU-0218,otrpol_ab,0.575214226482806,reconstructed_candidate,250.606733274687,15,12,0.297213137925786,27,1955–1957,1978–1980,сухая,БВР,534.486540381354,39.2694063926938,2002.7397260274,False,,R/D,659.723826655765,89.244649811938,659.723826655765,6.97223826655765,659.723826655765,4.4622324905969,659.723826655765,0.167333718397384,659.723826655765,11.1555812264922,659.723826655765
IR-00129,PU-0219,otrpol_ab,0.545300044500002,reconstructed_candidate,232.669879098747,15,12,0.252621204322812,27,1957–1959,"1996, 2011",сухая/гидро,БВР,740.693519632069,157.077625570776,1865.29680365297,False,,R/D,873.053544250155,116.55085366402,873.053544250155,9.10553544250156,873.053544250155,5.827542683201,873.053544250155,0.218532850620037,873.053544250155,14.5688567080025,873.053544250155
IR-00130,PU-0220,otrpol_ab,0.516072991359905,reconstructed_candidate,220.133454422368,15.3616655458246,11.6383344541754,0.24412809375517,27,1957–1959,"1996, 2011",сухая/гидро,БВР,300.518433183294,0,1197.71689497717,False,,R/D,1317.51730705543,173.442215303095,1317.51730705543,13.5501730705543,1317.51730705543,8.67211076515477,1317.51730705543,0.325204153693304,1317.51730705543,21.6802769128869,1317.51730705543
IR-00131,PU-0221,otrpol_ab,0.508585068654591,reconstructed_candidate,218.839080278875,15.3885853374444,11.6114146625556,0.242338243350267,27,1957–1959,"1996, 2011",сухая/гидро,БВР,241.99998038292,39.2694063926938,333.789954337899,False,,R/D,1520.50608892954,199.424779382981,1520.50608892954,15.5800608892954,1520.50608892954,9.97123896914903,1520.50608892954,0.373921461343089,1520.50608892954,24.9280974228726,1520.50608892954
IR-00132,PU-0222,otrpol_ab,0.53131983064662,reconstructed_candidate,221.415107333928,15.1645891215378,11.8354108784622,0.234327308071145,27,1957–1959,"1996, 2011",сухая/гидро,БВР,466.568318861252,157.077625570776,1197.71689497717,False,,R/D,966.152692612826,128.467544654442,966.152692612826,10.0365269261283,966.152692612826,6.42337723272209,966.152692612826,0.240876646227078,966.152692612826,16.0584430818052,966.152692612826
IR-00133,PU-0223,otrpol_ab,0.537676808779596,reconstructed_candidate,221.8246890501,15.1495826670691,11.8504173329309,0.2344891732723,27,1957–1959,"1996, 2011",сухая/гидро,БВР,585.940879596251,157.077625570776,2218.72146118721,False,,R/D,940.052567790403,125.126728677172,940.052567790403,9.77552567790403,940.052567790403,6.25633643385858,940.052567790403,0.234612616269697,940.052567790403,15.6408410846464,940.052567790403
IR-00134,PU-0224,otrpol_ab,0.61172700801032,reconstructed_candidate,245.878217387425,15,12,0.2838472757489,27,1956–1957,1978–1981,сухая,БВР,1102.48742511903,196.34703196347,1826.02739726027,False,,R/D,997.372497059091,132.463679623564,997.372497059091,10.3487249705909,997.372497059091,6.62318398117818,997.372497059091,0.248369399294182,997.372497059091,16.5579599529455,997.372497059091
IR-00135,PU-0225,otrpol_ab,0.607379181923363,reconstructed_candidate,246.784520126209,15,12,0.28630916836458,27,1956–1957,1978–1981,сухая,БВР,864.591601479692,530.13698630137,1082.39990185408,False,,R/D,878.221634240091,117.212369182732,878.221634240091,9.15721634240091,878.221634240091,5.86061845913658,878.221634240091,0.219773192217622,878.221634240091,14.6515461478415,878.221634240091
IR-00136,PU-0226,otrpol_ab,0.602548264048967,reconstructed_candidate,247.796122727303,15,12,0.289070684951453,27,1956–1957,1978–1981,сухая,БВР,769.301633276474,353.424657534246,1197.71689497717,False,,R/D,755.503866864778,101.504494958692,755.503866864778,7.93003866864778,755.503866864778,5.07522474793458,755.503866864778,0.190320928047547,755.503866864778,12.6880618698365,755.503866864778
IR-00137,PU-0227,otrpol_ab,0.437691348847828,reconstructed_candidate,215.538815925483,15.4452096180789,11.5547903819211,0.236937003552642,27,1965–1970,"1997–2002, 20…",сухая/гидро,комбайн+БВР,281.991992198937,98.1735159817354,437.137806241734,False,,R/D,3504.74746357958,453.407675338186,3504.74746357958,35.4224746357958,3504.74746357958,22.6703837669093,3504.74746357958,0.850139391259099,3504.74746357958,56.6759594172733,3504.74746357958
IR-00138,PU-0228,otrpol_ab,0.429700717805046,reconstructed_candidate,215.498104881033,15.4444190311886,11.5555809688114,0.236764574641009,27,1965–1970,"1997–2002, 20…",сухая/гидро,комбайн+БВР,230.189593542098,78.5388127853876,333.789954337899,False,,R/D,3741.84980549319,483.756775103128,3741.84980549319,37.7934980549319,3741.84980549319,24.1878387551564,3741.84980549319,0.907043953318365,3741.84980549319,60.469596887891,3741.84980549319
IR-00139,PU-0230,otrpol_ab,0.439124352901689,reconstructed_candidate,215.510632093668,15.4474489126201,11.5525510873799,0.237015494310449,27,1965–1970,"1997–2002, 20…",сухая/гидро,комбайн+БВР,795.205479452055,628.310502283105,1433.33333333333,False,,R/D,3329.65380168859,430.995686616139,3329.65380168859,33.6715380168859,3329.65380168859,21.549784330807,3329.65380168859,0.808116912405261,3329.65380168859,53.8744608270174,3329.65380168859
IR-00140,PU-0231,otrpol_ab,0.580485467621778,reconstructed_candidate,250.80220209701,15,12,0.297968799608672,27,1955–1957,1978–1980,сухая,БВР,494.959706957321,39.2694063926938,1943.83561643836,False,,R/D,407.799498288896,56.9983357809787,407.799498288896,4.45299498288896,407.799498288896,2.84991678904894,407.799498288896,0.106871879589335,407.799498288896,7.12479197262234,407.799498288896
IR-00141,PU-0232,otrpol_ab,0.575031532368498,reconstructed_candidate,252.197895623637,15,12,0.301775869049568,27,1955–1957,1978–1980,сухая,БВР,432.247845861455,39.2694063926938,1197.71689497717,False,,R/D,476.981017121255,65.8535701915207,476.981017121255,5.14481017121255,476.981017121255,3.29267850957603,476.981017121255,0.123475444109101,476.981017121255,8.23169627394008,476.981017121255
IR-00142,PU-0233,otrpol_ab,0.4396537332987,reconstructed_candidate,215.506388513706,15.4484398314432,11.5515601685568,0.237073534654238,27,1965–1970,"1997–2002, 20…",сухая/гидро,комбайн+БВР,1193.99559255744,844.292237442922,1806.39269406393,False,,R/D,3232.75892227215,418.593142050836,3232.75892227215,32.7025892227216,3232.75892227215,20.9296571025418,3232.75892227215,0.784862141345317,3232.75892227215,52.3241427563545,3232.75892227215
IR-00143,PU-0234,otrpol_ab,0.444978505869059,reconstructed_candidate,215.510223652624,15.4505296525562,11.5494703474438,0.237231881434915,27,1965–1970,"1997–2002, 20…",сухая/гидро,комбайн+БВР,1385.65657001082,1040.63926940639,1786.75799086758,False,,R/D,3008.39831084088,389.874983787632,3008.39831084088,30.4589831084088,3008.39831084088,19.4937491893816,3008.39831084088,0.731015594601811,3008.39831084088,48.7343729734541,3008.39831084088
IR-00144,PU-0235,otrpol_ab,0.46648178065809,reconstructed_candidate,215.878611752955,15.4492915678549,11.5507084321451,0.238187096625094,27,1965–1970,"1997–2002, 20…",сухая/гидро,комбайн+БВР,813.159928301415,333.789954337899,1806.39269406393,False,,R/D,2329.72486339292,303.004782514294,2329.72486339292,23.6722486339292,2329.72486339292,15.1502391257147,2329.72486339292,0.568133967214301,2329.72486339292,37.8755978142867,2329.72486339292
IR-00145,PU-0236,otrpol_ab,0.453877875496336,reconstructed_candidate,215.641410840753,15.4508381920805,11.5491618079195,0.237625191463039,27,1965–1970,"1997–2002, 20…",сухая/гидро,комбайн+БВР,1422.05684249856,1119.17808219178,1845.66210045662,False,,R/D,2673.87938600972,347.056561409244,2673.87938600972,27.1137938600972,2673.87938600972,17.3528280704622,2673.87938600972,0.650731052642332,2673.87938600972,43.3820701761555,2673.87938600972
IR-00146,PU-0237,otrpol_ab,0.638683789603635,reconstructed_candidate,240.487145811917,15,12,0.269233701900186,27,1956–1957,1978–1981,сухая,БВР,406.092409196016,0,1943.83561643836,False,,R/D,2031.24839973227,264.79979516573,2031.24839973227,20.6874839973227,2031.24839973227,13.2399897582865,2031.24839973227,0.496499615935744,2031.24839973227,33.0999743957163,2031.24839973227
IR-00147,PU-0239,otrpol_ab,0.472406763365671,reconstructed_candidate,216.179947258424,15.4456136759426,11.5543863240574,0.23878081522579,27,1965–1970,"1997–2002, 20…",сухая/гидро,комбайн+БВР,355.945425710335,39.2694063926938,1786.75799086758,False,,R/D,2077.5656237248,270.728399836775,2077.5656237248,21.150656237248,2077.5656237248,13.5364199918387,2077.5656237248,0.507615749693953,2077.5656237248,33.8410499795969,2077.5656237248
IR-00148,PU-0240,otrpol_ab,0.477844055408874,reconstructed_candidate,216.512634095321,15.4442747733503,11.5557252266497,0.239621470946327,27,1965–1970,"1997–2002, 20…",сухая/гидро,комбайн+БВР,277.983529691585,0,1963.4703196347,False,,R/D,1721.35315809779,225.133204236517,1721.35315809779,17.5885315809779,1721.35315809779,11.2566602118259,1721.35315809779,0.42212475794347,1721.35315809779,28.1416505295647,1721.35315809779
IR-00149,PU-0241,otrpol_ab,0.545119534433287,reconstructed_candidate,250.210355874816,15,12,0.300832485557567,27,1957–1959,"1996, 2011",сухая/гидро,БВР,321.417179808077,0,2002.7397260274,False,,R/D,838.780440255987,112.163896352766,838.780440255987,8.76280440255987,838.780440255987,5.60819481763832,838.780440255987,0.210307305661437,838.780440255987,14.0204870440958,838.780440255987
IR-00150,PU-0242,otrpol_ab,0.424005499070233,reconstructed_candidate,215.391021012175,15.4498541224118,11.5501458775882,0.236845326439385,27,1965–1970,"1997–2002, 20…",сухая/гидро,комбайн+БВР,283.542625178595,0,903.196347031963,False,,R/D,3413.06671999271,441.672540159067,3413.06671999271,34.5056671999271,3413.06671999271,22.0836270079533,3413.06671999271,0.82813601279825,3413.06671999271,55.2090675198833,3413.06671999271
IR-00151,PU-0245,otrpol_ab,0.499265270762457,reconstructed_candidate,219.9212668919,15.3758747724532,11.6241252275468,0.244514900262716,27,1957–1959,"1996, 2011",сухая/гидро,БВР,169.625228826033,39.2694063926938,333.789954337899,False,,R/D,1140.98443804298,150.846008069501,1140.98443804298,11.7848443804298,1140.98443804298,7.54230040347505,1140.98443804298,0.282836265130314,1140.98443804298,18.8557510086876,1140.98443804298
IR-00152,PU-0246,otrpol_ab,0.726955000876857,reconstructed_candidate,225.883370420158,15,12,0.234558095551767,27,1957–1959,"1996, 2011",сухая/гидро,БВР,611.909668081776,78.5388127853876,2022.37442922374,False,,R/D,593.023664344436,80.7070290360879,593.023664344436,6.30523664344437,593.023664344436,4.03535145180439,593.023664344436,0.151325679442665,593.023664344436,10.088378629511,593.023664344436
IR-00153,PU-0247,otrpol_ab,0.517051619234345,reconstructed_candidate,224.485234263077,15.1405681851933,11.8594318148067,0.241258591535474,27,1957–1959,"1996, 2011",сухая/гидро,БВР,207.691877872555,58.9041095890407,314.155251141553,False,,R/D,686.496723349013,92.6715805886736,686.496723349013,7.23996723349013,686.496723349013,4.63357902943368,686.496723349013,0.173759213603763,686.496723349013,11.5839475735842,686.496723349013
IR-00154,PU-0248,otrpol_ab,0.506665145804394,reconstructed_candidate,222.768680201423,15.3200490180217,11.6799509819783,0.248675018168743,27,1957–1959,"1996, 2011",сухая/гидро,БВР,311.705347252819,0,1021.00456621005,False,,R/D,890.321052813849,118.761094760173,890.321052813849,9.27821052813849,890.321052813849,5.93805473800863,890.321052813849,0.222677052675324,890.321052813849,14.8451368450216,890.321052813849
IR-00155,PU-0249,otrpol_ab,0.574508658362125,reconstructed_candidate,250.077054166805,15,12,0.295256319799376,27,1956–1957,1978–1981,сухая,БВР,309.529238769645,0,1197.71689497717,False,,R/D,508.432476636799,69.8793570095102,508.432476636799,5.45932476636799,508.432476636799,3.49396785047551,508.432476636799,0.131023794392832,508.432476636799,8.73491962618878,508.432476636799
IR-00156,PU-0250,otrpol_ab,0.486985753148065,reconstructed_candidate,217.856370120937,15.417665035607,11.582334964393,0.241571943942445,27,1957–1959,"1996, 2011",сухая/гидро,БВР,366.085863118101,117.808219178082,2022.37442922374,False,,R/D,1444.68046269224,189.719099224607,1444.68046269224,14.8218046269224,1444.68046269224,9.48595496123036,1444.68046269224,0.355723311046138,1444.68046269224,23.7148874030759,1444.68046269224
IR-00157,PU-0251,otrpol_ab,0.588786220413146,reconstructed_candidate,246.45954634035,15,12,0.285337103781533,27,1956–1957,1978–1981,сухая,БВР,858.572001529182,176.712328767123,1884.93150684932,False,,R/D,877.444568589996,117.112904779519,877.444568589996,9.14944568589996,877.444568589996,5.85564523897597,877.444568589996,0.219586696461599,877.444568589996,14.6391130974399,877.444568589996
IR-00158,PU-0252,otrpol_ab,0.582176186781747,reconstructed_candidate,247.625480506796,15,12,0.288461182350287,27,1956–1957,1978–1981,сухая,БВР,569.4717963038,157.077625570776,1963.4703196347,False,,R/D,739.991680649865,99.5189351231827,739.991680649865,7.77491680649865,739.991680649865,4.97594675615913,739.991680649865,0.186598003355968,739.991680649865,12.4398668903978,739.991680649865
IR-00159,PU-0253,otrpol_ab,0.573824394499744,reconstructed_candidate,249.734142884131,15,12,0.29409302644589,27,1956–1957,1978–1981,сухая,БВР,318.854472331996,0,1983.10502283105,False,,R/D,521.143086658194,71.5063150922489,521.143086658194,5.58643086658194,521.143086658194,3.57531575461244,521.143086658194,0.134074340797967,521.143086658194,8.93828938653111,521.143086658194
IR-00160,PU-0254,otrpol_ab,0.613397085148936,reconstructed_candidate,240.825589289275,15,12,0.27013734306451,27,1956–1957,1978–1981,сухая,БВР,152.155319853592,0,314.155251141553,False,,R/D,1862.71186423369,243.227118621912,1862.71186423369,19.0021186423369,1862.71186423369,12.1613559310956,1862.71186423369,0.456050847416086,1862.71186423369,30.4033898277391,1862.71186423369
IR-00161,PU-0255,otrpol_ab,0.551981794653926,reconstructed_candidate,252.313083622332,15,12,0.302834074355759,27,1955–1957,1978–1980,сухая,БВР,246.700231898076,136.61638216409,353.424657534246,False,,R/D,273.278558893985,39.77965553843,273.278558893985,3.10778558893985,273.278558893985,1.9889827769215,273.278558893985,0.0745868541345564,273.278558893985,4.97245694230376,273.278558893985
IR-00162,PU-0256,otrpol_ab,0.495728119865573,reconstructed_candidate,225.046375950738,15.2823079931335,11.7176920068665,0.252451249181822,27,1957–1959,"1996, 2011",сухая/гидро,БВР,782.115677321157,373.059360730594,1197.71689497717,False,,R/D,709.132872123606,95.5690076318216,709.132872123606,7.46632872123606,709.132872123606,4.77845038159108,709.132872123606,0.179191889309666,709.132872123606,11.9461259539777,709.132872123606
IR-00163,PU-0257,otrpol_ab,0.495693897373177,reconstructed_candidate,225.580618477373,15.1423552036938,11.8576447963062,0.244399183597658,27,1957–1959,"1996, 2011",сухая/гидро,БВР,621.425711018455,157.077625570776,1610.04566210046,False,,R/D,596.302621660189,81.1267355725042,596.302621660189,6.33802621660189,596.302621660189,4.05633677862521,596.302621660189,0.152112629198445,596.302621660189,10.140841946563,596.302621660189
IR-00164,PU-0260,otrpol_ab,0.592566575877043,reconstructed_candidate,241.785714908219,15,12,0.27272835463846,27,1956–1957,1978–1981,сухая,БВР,84.5021853051605,82.3408280798067,89.5768284247335,False,,R/D,1603.71930779949,210.076071398335,1603.71930779949,16.4121930779949,1603.71930779949,10.5038035699167,1603.71930779949,0.393892633871878,1603.71930779949,26.2595089247918,1603.71930779949
IR-00165,PU-0261,otrpol_ab,0.463016644204504,reconstructed_candidate,218.80523461592,15.4070448756081,11.5929551243919,0.243508170579723,27,1957–1959,"1996, 2011",сухая/гидро,БВР,825.092906413776,392.694063926941,1570.77625570776,False,,R/D,1079.73646783661,143.006267883086,1079.73646783661,11.1723646783661,1079.73646783661,7.15031339415431,1079.73646783661,0.268136752280787,1079.73646783661,17.8757834853858,1079.73646783661
IR-00166,PU-0262,otrpol_ab,0.448332707509088,reconstructed_candidate,216.836514487426,15.4452913428345,11.5547086571655,0.24059079989876,27,1965–1970,"1997–2002, 20…",сухая/гидро,комбайн+БВР,834.340471270635,543.412899757391,1570.77625570776,False,,R/D,1367.61412453995,179.854607941113,1367.61412453995,14.0511412453995,1367.61412453995,8.99273039705566,1367.61412453995,0.337227389889587,1367.61412453995,22.4818259926391,1367.61412453995
IR-00167,PU-0263,otrpol_ab,0.688065881640926,reconstructed_candidate,230.650729076953,15,12,0.247815819087789,27,1957–1959,"1996, 2011",сухая/гидро,БВР,336.932028712722,196.34703196347,431.963470319634,False,,R/D,363.585073869356,51.3388894552775,363.585073869356,4.01085073869356,363.585073869356,2.56694447276388,363.585073869356,0.0962604177286454,363.585073869356,6.41736118190969,363.585073869356
IR-00168,PU-0264,otrpol_ab,0.479301216354521,reconstructed_candidate,228.680634547498,15.1301566622525,11.8698433377475,0.250466848601169,27,1957–1959,"1996, 2011",сухая/гидро,БВР,897.487613089723,137.442922374429,1845.66210045662,False,,R/D,480.938211216333,66.3600910356907,480.938211216333,5.18438211216333,480.938211216333,3.31800455178453,480.938211216333,0.12442517069192,480.938211216333,8.29501137946134,480.938211216333
IR-00169,PU-0265,otrpol_ab,0.5210280261042,reconstructed_candidate,254.535908238747,15,12,0.310133942049248,27,1955–1957,1978–1980,сухая,БВР,165.000791772179,100.089309112745,353.424657534246,False,,R/D,159.088895582403,25.1633786345476,159.088895582403,1.96588895582403,159.088895582403,1.25816893172738,159.088895582403,0.0471813349397767,159.088895582403,3.14542232931844,159.088895582403
IR-00170,PU-0266,otrpol_ab,0.697109634120188,reconstructed_candidate,228.690191362757,15,12,0.243791271323412,27,1957–1959,"1996, 2011",сухая/гидро,БВР,230.91629644122,78.5388127853876,333.789954337899,False,,R/D,651.399020413193,88.1790746128887,651.399020413193,6.88899020413193,651.399020413193,4.40895373064444,651.399020413193,0.165335764899166,651.399020413193,11.0223843266111,651.399020413193
IR-00171,PU-0267,otrpol_ab,0.462387411897966,reconstructed_candidate,223.324437650499,15.3200492273804,11.6799507726196,0.250248101820638,27,1957–1959,"1996, 2011",сухая/гидро,БВР,1010.40948662432,608.675799086758,1845.66210045662,False,,R/D,730.533575480525,98.3082976615072,730.533575480525,7.68033575480525,730.533575480525,4.91541488307536,730.533575480525,0.184328058115326,730.533575480525,12.2885372076884,730.533575480525
IR-00172,PU-0273,otrpol_ab,0.682689157266391,reconstructed_candidate,226.994200106553,15,12,0.237579961757116,27,1957–1959,"1996, 2011",сухая/гидро,БВР,204.489133070251,196.34703196347,217.950151312773,False,,R/D,408.998823764926,57.1518494419105,408.998823764926,4.46498823764926,408.998823764926,2.85759247209552,408.998823764926,0.107159717703582,408.998823764926,7.14398118023881,408.998823764926
IR-00173,PU-0275,otrpol_ab,0.470750613435461,reconstructed_candidate,234.42611837161,15,12,0.258332496600323,27,1957–1959,"1996, 2011",сухая/гидро,БВР,994.182995334036,157.077625570776,1786.75799086758,False,,R/D,295.158714011262,42.5803153934416,295.158714011262,3.32658714011262,295.158714011262,2.12901576967208,295.158714011262,0.079838091362703,295.158714011262,5.3225394241802,295.158714011262
IR-00174,PU-0276,otrpol_ab,0.543472094245807,reconstructed_candidate,215.173123505326,15.450700053688,11.549299946312,0.23628391652743,27,1965–1970,"1997–2002, 20…",сухая/гидро,комбайн+БВР,207.150839980528,0,471.232876712329,False,,R/D,4045.89926332672,522.67510570582,4045.89926332672,40.8339926332672,4045.89926332672,26.133755285291,4045.89926332672,0.980015823198413,4045.89926332672,65.3343882132275,4045.89926332672
IR-00175,PU-0277,otrpol_ab,0.676746198243738,reconstructed_candidate,221.721403994946,15,12,0.222667879401273,27,1957–1959,"1996, 2011",сухая/гидро,БВР,288.344528711599,196.34703196347,333.789954337899,False,,R/D,491.507934472273,67.7130156124509,491.507934472273,5.29007934472273,491.507934472273,3.38565078062255,491.507934472273,0.126961904273345,491.507934472273,8.46412695155636,491.507934472273
IR-00176,PU-0278,otrpol_ab,0.566000875899514,reconstructed_candidate,239.493982496765,15,12,0.266517799611927,27,1956–1957,1978–1981,сухая,БВР,103.511569289875,58.9041095890407,159.22779193955,False,,R/D,2134.93334058626,278.071467595041,2134.93334058626,21.7243334058626,2134.93334058626,13.903573379752,2134.93334058626,0.521384001740701,2134.93334058626,34.7589334493801,2134.93334058626
IR-00177,PU-0279,otrpol_ab,0.560686866237678,reconstructed_candidate,240.075429622409,15,12,0.26809094895159,27,1956–1957,1978–1981,сухая,БВР,191.75955873668,98.1735159817354,333.789954337899,False,,R/D,1952.86520774964,254.766746591954,1952.86520774964,19.9036520774964,1952.86520774964,12.7383373295977,1952.86520774964,0.477687649859914,1952.86520774964,31.8458433239943,1952.86520774964
IR-00178,PU-0280,otrpol_ab,0.557546769619321,reconstructed_candidate,240.457491573782,15,12,0.269124033889093,27,1956–1957,1978–1981,сухая,БВР,252.61889454572,196.34703196347,333.789954337899,False,,R/D,1844.62819866839,240.912409429553,1844.62819866839,18.8212819866839,1844.62819866839,12.0456204714777,1844.62819866839,0.451710767680413,1844.62819866839,30.1140511786942,1844.62819866839
IR-00179,PU-0282,otrpol_ab,0.523094736725585,reconstructed_candidate,247.236621424822,15,12,0.2873232458129,27,1956–1957,1978–1981,сухая,БВР,424.44287745501,157.077625570776,1060.27397260274,False,,R/D,713.550973293033,96.1345245815082,713.550973293033,7.51050973293033,713.550973293033,4.80672622907541,713.550973293033,0.180252233590328,713.550973293033,12.0168155726885,713.550973293033
IR-00180,PU-0283,otrpol_ab,0.518988456532348,reconstructed_candidate,248.609215898782,15,12,0.290944507565158,27,1956–1957,1978–1981,сухая,БВР,430.86891213119,221.680790029623,641.132914241746,False,,R/D,570.74200803586,77.85497702859,570.74200803586,6.0824200803586,570.74200803586,3.8927488514295,570.74200803586,0.145978081928606,570.74200803586,9.73187212857375,570.74200803586
IR-00181,PU-0284,otrpol_ab,0.430157589431766,reconstructed_candidate,219.370051137217,15.4027546792346,11.5972453207654,0.244800036181293,27,1957–1959,"1996, 2011",сухая/гидро,БВР,1236.50763824615,1040.63926940639,1668.9497716895,False,,R/D,877.94478811165,117.176932878291,877.94478811165,9.15444788111651,877.94478811165,5.85884664391456,877.94478811165,0.219706749146796,877.94478811165,14.6471166097864,877.94478811165
IR-00182,PU-0287,otrpol_ab,0.542804516751381,reconstructed_candidate,241.207733381644,15,12,0.271149890070392,27,1956–1957,1978–1981,сухая,БВР,166.640748378671,58.9041095890407,415.2028918102,False,,R/D,1646.74307997455,215.583114236742,1646.74307997455,16.8424307997455,1646.74307997455,10.7791557118371,1646.74307997455,0.404218339193892,1646.74307997455,26.9478892795928,1646.74307997455
IR-00183,PU-0288,otrpol_ab,0.480936321946611,reconstructed_candidate,251.153028099667,15,12,0.300184559569126,27,1955–1957,1978–1980,сухая,БВР,359.626341732245,0,1806.39269406393,False,,R/D,235.78676834658,34.9807063483623,235.78676834658,2.7328676834658,235.78676834658,1.74903531741811,235.78676834658,0.0655888244031792,235.78676834658,4.37258829354528,235.78676834658
IR-00184,PU-0290,otrpol_ab,0.496210658939247,reconstructed_candidate,246,15,12,0.27,27,1956–1957,1978–1981,сухая,БВР,170.135,100.008,281.119,True,PUBROW-02,P/H,176.943776618569,27.4488034071768,176.943776618569,2.14443776618569,176.943776618569,1.37244017035884,176.943776618569,0.0514665063884566,176.943776618569,3.4311004258971,176.943776618569
IR-00185,PU-0291,otrpol_ab,0.645967209112508,reconstructed_candidate,235.175182193624,15,12,0.260294886530346,27,1957–1959,"1996, 2011",сухая/гидро,БВР,1429.69877253797,785.388127853881,1786.75799086758,False,,R/D,229.179386708775,34.1349614987232,229.179386708775,2.66679386708775,229.179386708775,1.70674807493616,229.179386708775,0.0640030528101059,229.179386708775,4.26687018734039,229.179386708775
IR-00186,PU-0295,otrpol_ab,0.644765932819799,reconstructed_candidate,224.448871228393,15,12,0.23055769542192,27,1957–1959,"1996, 2011",сухая/гидро,БВР,544.140547030599,196.34703196347,1433.33333333333,False,,R/D,367.686570900626,51.8638810752801,367.686570900626,4.05186570900626,367.686570900626,2.59319405376401,367.686570900626,0.0972447770161503,367.686570900626,6.48298513441002,367.686570900626
IR-00187,PU-0296,otrpol_ab,0.45535354482787,reconstructed_candidate,241.464866503338,15,12,0.272808277514424,27,1955–1957,1978–1980,сухая,БВР,348.882779299787,78.5388127853876,1197.71689497717,False,,R/D,418.197962835211,58.329339242907,418.197962835211,4.55697962835211,418.197962835211,2.91646696214535,418.197962835211,0.109367511080451,418.197962835211,7.29116740536337,418.197962835211
IR-00188,PU-0297,otrpol_ab,0.442262516951336,reconstructed_candidate,217.970102511477,15,12,0.208438485163814,27,1961,2011–2012,гидро,БВР,186.577911063883,78.5388127853876,255.251141552511,False,,R/D,615.189361144637,83.5442382265135,615.189361144637,6.52689361144637,615.189361144637,4.17721191132568,615.189361144637,0.156645446674713,615.189361144637,10.4430297783142,615.189361144637
IR-00189,PU-0303,otrpol_ab,0.475383418495001,reconstructed_candidate,247.505026935151,15,12,0.287970703085441,27,1956–1957,1978–1981,сухая,БВР,150.160094856082,58.9041095890407,387.353894140839,False,,R/D,604.765040335039,82.209925162885,604.765040335039,6.42265040335039,604.765040335039,4.11049625814425,604.765040335039,0.154143609680409,604.765040335039,10.2762406453606,604.765040335039
IR-00190,PU-0304,otrpol_ab,0.516141308890247,reconstructed_candidate,239.090946805317,15,12,0.265412544960324,27,1956–1957,1978–1981,сухая,БВР,201.249483326607,91.2804493002943,249.092753816259,False,,R/D,2104.56577464368,274.184419154392,2104.56577464368,21.4206577464368,2104.56577464368,13.7092209577196,2104.56577464368,0.514095785914484,2104.56577464368,34.273052394299,2104.56577464368
IR-00191,PU-0306,otrpol_ab,0.619172697669943,reconstructed_candidate,227.113946631258,15,12,0.238838612946468,27,1957–1959,"1996, 2011",сухая/гидро,БВР,1374.65462382783,687.214611872146,1983.10502283105,False,,R/D,259.453479858038,38.0100454218288,259.453479858038,2.96953479858038,259.453479858038,1.90050227109144,259.453479858038,0.0712688351659291,259.453479858038,4.75125567772861,259.453479858038
IR-00192,PU-0309,otrpol_ab,0.464677773241509,reconstructed_candidate,247.640628292666,15,12,0.288312637626245,27,1956–1957,1978–1981,сухая,БВР,357.791456387361,98.1735159817354,1884.93150684932,False,,R/D,537.772257939556,73.6348490162632,537.772257939556,5.75272257939556,537.772257939556,3.68174245081316,537.772257939556,0.138065341905494,537.772257939556,9.2043561270329,537.772257939556
IR-00193,PU-0310,otrpol_ab,0.636887918169045,reconstructed_candidate,231.463987593048,15,12,0.24513226936652,27,1955–1957,1978–1980,сухая,БВР,285.862745101431,157.077625570776,431.963470319634,False,,R/D,548.883353454817,75.0570692422166,548.883353454817,5.86383353454817,548.883353454817,3.75285346211083,548.883353454817,0.140732004829156,548.883353454817,9.38213365527708,548.883353454817
IR-00194,PU-0312,otrpol_ab,0.504846500435357,reconstructed_candidate,239.828178858159,15,12,0.267404229293808,27,1956–1957,1978–1981,сухая,БВР,255.251141552511,137.442922374429,314.155251141553,False,,R/D,1857.63483203178,242.577258500068,1857.63483203178,18.9513483203178,1857.63483203178,12.1288629250034,1857.63483203178,0.454832359687628,1857.63483203178,30.3221573125085,1857.63483203178
IR-00195,PU-0314,otrpol_ab,0.697171493224241,reconstructed_candidate,240.730458034015,15,12,0.269840453693274,27,1956–1957,1978–1981,сухая,БВР,553.355773422891,84.0408026037635,1079.90867579909,False,,R/D,1618.20861477131,211.930702690727,1618.20861477131,16.5570861477131,1618.20861477131,10.5965351345364,1618.20861477131,0.397370067545114,1618.20861477131,26.4913378363409,1618.20861477131
IR-00196,PU-0315,otrpol_ab,0.691857483562405,reconstructed_candidate,241.392297467287,15,12,0.271622405769601,27,1956–1957,1978–1981,сухая,БВР,331.844682047496,108.580095904765,562.564736394732,False,,R/D,1448.97944443961,190.26936888827,1448.97944443961,14.8647944443961,1448.97944443961,9.51346844441348,1448.97944443961,0.356755066665505,1448.97944443961,23.7836711110337,1448.97944443961
IR-00197,PU-0318,otrpol_ab,0.480459441807228,reconstructed_candidate,214.871651346495,15.459512195956,11.540487804044,0.236051829310148,27,1965–1970,"1997–2002, 20…",сухая/гидро,комбайн+БВР,114.437502392452,0,145.85421482194,False,,R/D,3873.66465032586,500.629075241711,3873.66465032586,39.1116465032586,3873.66465032586,25.0314537620855,3873.66465032586,0.938679516078207,3873.66465032586,62.5786344052138,3873.66465032586
IR-00198,PU-0319,otrpol_ab,0.438513950781437,reconstructed_candidate,246.353892998863,15,12,0.28582067728892,27,1955–1957,1978–1980,сухая,БВР,452.588287634693,39.2694063926938,2159.81735159817,False,,R/D,357.578190773829,50.5700084190502,357.578190773829,3.95078190773829,357.578190773829,2.52850042095251,357.578190773829,0.0948187657857191,357.578190773829,6.32125105238127,357.578190773829
IR-00199,PU-0320,otrpol_ab,0.420048977255186,reconstructed_candidate,207.805444249297,15,12,0.182092041503345,27,1961,2011–2012,гидро,БВР,588.709303003925,235.616438356164,1040.63926940639,False,,R/D,429.65548358769,59.7959018992243,429.65548358769,4.6715548358769,429.65548358769,2.98979509496121,429.65548358769,0.112117316061046,429.65548358769,7.47448773740304,429.65548358769
IR-00200,PU-0321,otrpol_ab,0.458791273291432,reconstructed_candidate,214.996679840681,15.4528805878142,11.5471194121858,0.235935220534268,27,1965–1970,"1997–2002, 20…",сухая/гидро,комбайн+БВР,593.040159923471,137.442922374429,1884.93150684932,False,,R/D,4398.06918793279,567.752856055398,4398.06918793279,44.3556918793279,4398.06918793279,28.3876428027699,4398.06918793279,1.06453660510387,4398.06918793279,70.9691070069247,4398.06918793279
IR-00201,PU-0325,otrpol_ab,0.420481854901375,reconstructed_candidate,208.583956253607,15,12,0.184214663711165,27,1961,2011–2012,гидро,БВР,922.83105022831,451.598173515982,1217.35159817352,False,,R/D,449.66823228514,62.3575337324979,449.66823228514,4.8716823228514,449.66823228514,3.1178766866249,449.66823228514,0.116920375748434,449.66823228514,7.79469171656224,449.66823228514
IR-00202,PU-0327,otrpol_ab,0.465916637510071,reconstructed_candidate,214.949342294984,15.4562652071146,11.5437347928854,0.236041954453405,27,1965–1970,"1997–2002, 20…",сухая/гидро,комбайн+БВР,202.789580652584,0,530.13698630137,False,,R/D,4057.43995300058,524.152313984074,4057.43995300058,40.9493995300058,4057.43995300058,26.2076156992037,4057.43995300058,0.982785588720139,4057.43995300058,65.5190392480092,4057.43995300058
IR-00203,PU-0331,otrpol_ab,0.421427448137993,reconstructed_candidate,214.13986093128,15,12,0.197898068916805,27,1961,2011–2012,гидро,БВР,824.789845149365,431.963470319634,1511.87214611872,False,,R/D,471.938252308525,65.2080962954911,471.938252308525,5.09438252308524,471.938252308525,3.26040481477456,471.938252308525,0.122265180554046,471.938252308525,8.15101203693639,471.938252308525
IR-00204,PU-0336,otrpol_ab,0.685040509475195,reconstructed_candidate,239.655873127995,15,12,0.266918035493792,27,1956–1957,1978–1981,сухая,БВР,174.97957373089,0,1060.27397260274,False,,R/D,1691.92981926838,221.367016866353,1691.92981926838,17.2942981926838,1691.92981926838,11.0683508433176,1691.92981926838,0.415063156624411,1691.92981926838,27.6708771082941,1691.92981926838
IR-00205,PU-0337,otrpol_ab,0.647721668895485,reconstructed_candidate,244.69509403506,15,12,0.280471857420861,27,1956–1957,1978–1981,сухая,БВР,728.81557258426,559.932867701661,979.594313412204,False,,R/D,614.552701561595,83.4627457998841,614.552701561595,6.52052701561595,614.552701561595,4.17313728999421,614.552701561595,0.156492648374783,614.552701561595,10.4328432249855,614.552701561595
IR-00206,PU-0338,otrpol_ab,0.650558127416566,reconstructed_candidate,244.354765769878,15,12,0.279545169572271,27,1956–1957,1978–1981,сухая,БВР,241.620849465667,78.5388127853876,373.979848133655,False,,R/D,672.782051883241,90.9161026410549,672.782051883241,7.10282051883241,672.782051883241,4.54580513205274,672.782051883241,0.170467692451978,672.782051883241,11.3645128301319,672.782051883241
IR-00207,PU-0339,otrpol_ab,0.654643759238394,reconstructed_candidate,243.710755289291,15,12,0.277809861913639,27,1956–1957,1978–1981,сухая,БВР,172.042504651769,0,424.821403330061,False,,R/D,765.670399353064,102.805811117192,765.670399353064,8.03170399353064,765.670399353064,5.14029055585961,765.670399353064,0.192760895844735,765.670399353064,12.850726389649,765.670399353064
IR-00208,PU-0342,otrpol_ab,0.69416566479992,reconstructed_candidate,238.911623286685,15,12,0.264912162837526,27,1956–1957,1978–1981,сухая,БВР,149.414982491455,0,471.232876712329,False,,R/D,1966.36176829815,256.494306342163,1966.36176829815,20.0386176829815,1966.36176829815,12.8247153171082,1966.36176829815,0.480926824391556,1966.36176829815,32.0617882927704,1966.36176829815
IR-00209,PU-0350,otrpol_ab,0.428756773726368,reconstructed_candidate,227.66979536473,15,12,0.234484849877464,27,1961,2011–2012,гидро,БВР,1177.48789830765,431.963470319634,1806.39269406393,False,,R/D,579.931137845698,79.0311856442493,579.931137845698,6.17431137845698,579.931137845698,3.95155928221247,579.931137845698,0.148183473082968,579.931137845698,9.87889820553116,579.931137845698
IR-00210,PU-0360,otrpol_ab,0.422098530343983,reconstructed_candidate,197.935177455784,15,12,0.152905307631077,27,1961,2011–2012,гидро,БВР,174.236767524386,163.492541912967,186.040185536378,False,,R/D,123.325091620917,20.5856117274774,123.325091620917,1.60825091620917,123.325091620917,1.02928058637387,123.325091620917,0.0385980219890202,123.325091620917,2.57320146593468,123.325091620917
IR-00211,PU-0361,otrpol_ab,0.427842080532065,reconstructed_candidate,200.461475259419,15,12,0.154468078750325,27,1961,2011–2012,гидро,БВР,198.564274682859,192.177597145375,203.915371964923,False,,R/D,213.735043903261,32.1580856196175,213.735043903261,2.51235043903261,213.735043903261,1.60790428098087,213.735043903261,0.0602964105367827,213.735043903261,4.01976070245218,213.735043903261
IR-00212,PU-0362,otrpol_ab,0.430919487399085,reconstructed_candidate,190,15,12,0.14,27,1961,2011–2012,гидро,БВР,220.325,141.391,283.09,True,PUBROW-08,P/H,57.5393563082678,12.1650376074583,57.5393563082678,0.950393563082678,57.5393563082678,0.608251880372914,57.5393563082678,0.0228094455139843,57.5393563082678,1.52062970093228,57.5393563082678
IR-00213,PU-0363,otrpol_ab,0.44918602000935,reconstructed_candidate,213.464946694863,15,12,0.157010728641927,27,1961,2011–2012,гидро,БВР,1584.11673380939,1178.08219178082,1845.66210045662,False,,R/D,416.484279380542,58.1099877607093,416.484279380542,4.53984279380542,416.484279380542,2.90549938803547,416.484279380542,0.10895622705133,416.484279380542,7.26374847008867,416.484279380542
IR-00214,PU-0364,otrpol_ab,0.51365708444027,reconstructed_candidate,238.510702964638,15,12,0.263811065791999,27,1956–1957,1978–1981,сухая,БВР,297.816448091486,58.9041095890407,1197.71689497717,False,,R/D,1850.185019863,241.623682542464,1850.185019863,18.87685019863,1850.185019863,12.0811841271232,1850.185019863,0.45304440476712,1850.185019863,30.202960317808,1850.185019863
IR-00215,PU-0365,otrpol_ab,0.444739649218487,reconstructed_candidate,201.770995992776,15,12,0.155235059579688,27,1961,2011–2012,гидро,БВР,1219.71276398997,215.098963131291,2611.41552511416,False,,R/D,233.179705307562,34.647002279368,233.179705307562,2.70679705307562,233.179705307562,1.7323501139684,233.179705307562,0.0649631292738149,233.179705307562,4.33087528492099,233.179705307562
IR-00216,PU-0367,otrpol_ab,0.673956648146973,reconstructed_candidate,237.81676461055,15,12,0.261899035519684,27,1956–1957,1978–1981,сухая,БВР,882.159165035877,39.2694063926938,2022.37442922374,False,,R/D,837.562585492173,112.008010942998,837.562585492173,8.75062585492173,837.562585492173,5.60040054714991,837.562585492173,0.210015020518122,837.562585492173,14.0010013678748,837.562585492173
IR-00217,PU-0370,otrpol_ab,0.670656327454922,reconstructed_candidate,234.625080524378,15,12,0.253275439304545,27,1956–1957,1978–1981,сухая,БВР,772.692705517095,39.2694063926938,2159.81735159817,False,,R/D,770.518362473216,103.426350396572,770.518362473216,8.08018362473216,770.518362473216,5.17131751982858,770.518362473216,0.193924406993572,770.518362473216,12.9282937995715,770.518362473216
IR-00218,PU-0371,otrpol_ab,0.686262265738894,reconstructed_candidate,238.601826302646,15,12,0.264010701414236,27,1956–1957,1978–1981,сухая,БВР,429.760727802442,39.2694063926938,2022.37442922374,False,,R/D,973.528598053581,129.411660550858,973.528598053581,10.1102859805358,973.528598053581,6.47058302754292,973.528598053581,0.242646863532859,973.528598053581,16.1764575688573,973.528598053581
IR-00219,PU-0372,otrpol_ab,0.464160816463531,reconstructed_candidate,214.707108644174,15,12,0.199449394410882,27,1961,2011–2012,гидро,БВР,970.225033716095,765.753424657534,1394.06392694064,False,,R/D,618.913979469796,84.0209893721339,618.913979469796,6.56413979469797,618.913979469796,4.2010494686067,618.913979469796,0.157539355072751,618.913979469796,10.5026236715167,618.913979469796
IR-00220,PU-0374,otrpol_ab,0.434964679203325,reconstructed_candidate,206.686807849035,15.6935969570986,11.3064030429014,0.228533675191854,27,1965–1970,"1997–2002, 20…",сухая/гидро,комбайн+БВР,1376.98428010867,278.923658571858,2984.47488584475,False,,R/D,230.740628441324,34.3348004404894,230.740628441324,2.68240628441324,230.740628441324,1.71674002202447,230.740628441324,0.0643777508259177,230.740628441324,4.29185005506118,230.740628441324
IR-00221,PU-0383,otrpol_ab,0.502597529444871,reconstructed_candidate,214.769464059877,15.4588215849128,11.5411784150872,0.235710786469835,27,1965–1970,"1997–2002, 20…",сухая/гидро,комбайн+БВР,462.615204486382,274.885844748858,1197.71689497717,False,,R/D,4328.7878013703,558.884838575398,4328.7878013703,43.662878013703,4328.7878013703,27.9442419287699,4328.7878013703,1.04790907232887,4328.7878013703,69.8606048219247,4328.7878013703
IR-00222,PU-0384,otrpol_ab,0.497766611570475,reconstructed_candidate,214.812093911361,15.456747798168,11.543252201832,0.235684104481013,27,1965–1970,"1997–2002, 20…",сухая/гидро,комбайн+БВР,507.095798225903,157.077625570776,1197.71689497717,False,,R/D,4495.3055679569,580.199112698483,4495.3055679569,45.328055679569,4495.3055679569,29.0099556349242,4495.3055679569,1.08787333630966,4495.3055679569,72.5248890873104,4495.3055679569
IR-00223,PU-0385,otrpol_ab,0.429229903997196,reconstructed_candidate,195.287535904252,15.994127662192,11.005872337808,0.212544682174467,27,1965–1970,"1997–2002, 20…",сухая/гидро,комбайн+БВР,264.173737265109,132.234495329957,347.325999538309,False,,R/D,20.442459119262,7.41663476726554,20.442459119262,0.57942459119262,20.442459119262,0.370831738363277,20.442459119262,0.0139061901886229,20.442459119262,0.927079345908192,20.442459119262
IR-00224,PU-0389,otrpol_ab,0.538950983853654,reconstructed_candidate,237.805277042779,15,12,0.261887482770206,27,1956–1957,1978–1981,сухая,БВР,299.399514220908,0,1786.75799086758,False,,R/D,1802.79933082778,235.558314345955,1802.79933082778,18.4029933082778,1802.79933082778,11.7779157172978,1802.79933082778,0.441671839398666,1802.79933082778,29.4447892932444,1802.79933082778
IR-00225,PU-0390,otrpol_ab,0.434549838167413,reconstructed_candidate,201.979837786559,15.8674433859095,11.1325566140905,0.226061974522034,27,1965–1970,"1997–2002, 20…",сухая/гидро,комбайн+БВР,157.645759171415,100.24,190.327266085297,False,,R/D,210.969447873057,31.8040893277513,210.969447873057,2.48469447873057,210.969447873057,1.59020446638756,210.969447873057,0.0596326674895336,210.969447873057,3.97551116596891,210.969447873057
IR-00226,PU-0391,otrpol_ab,0.463878766303571,reconstructed_candidate,206.634061909908,15.1169565207194,11.8830434792806,0.188737458621912,27,1962–1965,"1996–1998, 20…",сухая/гидро,БВР,3296.8365495875,2984.47488584475,3671.68949771689,False,,R/D,333.516300705987,47.4900864903663,333.516300705987,3.71016300705987,333.516300705987,2.37450432451832,333.516300705987,0.0890439121694369,333.516300705987,5.93626081129579,333.516300705987
IR-00227,PU-0394,otrpol_ab,0.531226771001764,reconstructed_candidate,214.702829750653,15.4622853876392,11.5377146123608,0.235768162855637,27,1965–1970,"1997–2002, 20…",сухая/гидро,комбайн+БВР,240.196165513313,78.5388127853876,1060.27397260274,False,,R/D,4057.38201548965,524.144897982675,4057.38201548965,40.9488201548965,4057.38201548965,26.2072448991337,4057.38201548965,0.982771683717515,4057.38201548965,65.5181122478343,4057.38201548965
IR-00228,PU-0395,otrpol_ab,0.479644588305125,reconstructed_candidate,215.594792574039,15,12,0.158923392343973,27,1961–1962,2012,гидро,БВР,2740.59101692558,265.886530465603,4280.36529680365,False,,R/D,239.430552848533,35.4471107646123,239.430552848533,2.76930552848533,239.430552848533,1.77235553823061,239.430552848533,0.066463332683648,239.430552848533,4.43088884557653,239.430552848533
IR-00229,PU-0396,otrpol_ab,0.546652146371116,reconstructed_candidate,214.499730727091,15.4701061918206,11.5298938081794,0.235746891758452,27,1965–1970,"1997–2002, 20…",сухая/гидро,комбайн+БВР,222.526636225266,39.2694063926938,333.789954337899,False,,R/D,3680.61171065223,475.918298963485,3680.61171065223,37.1811171065223,3680.61171065223,23.7959149481743,3680.61171065223,0.892346810556535,3680.61171065223,59.4897873704357,3680.61171065223
IR-00230,PU-0397,otrpol_ab,0.543678208500983,reconstructed_candidate,214.560946369909,15.4673333999036,11.5326666000964,0.235723778555409,27,1965–1970,"1997–2002, 20…",сухая/гидро,комбайн+БВР,130.986464435278,0,333.789954337899,False,,R/D,3839.03263123345,496.196176797882,3839.03263123345,38.7653263123345,3839.03263123345,24.8098088398941,3839.03263123345,0.930367831496029,3839.03263123345,62.0245220997352,3839.03263123345
IR-00231,PU-0398,otrpol_ab,0.511020836614148,reconstructed_candidate,227.632543273221,15,12,0.165880673105408,27,1961,2011–2012,гидро,БВР,2043.85148546476,1295.8904109589,2552.51141552511,False,,R/D,506.535820156509,69.6365849800331,506.535820156509,5.44035820156509,506.535820156509,3.48182924900166,506.535820156509,0.130568596837562,506.535820156509,8.70457312250414,506.535820156509
IR-00232,PU-0399,otrpol_ab,0.525043936758181,reconstructed_candidate,230.743968781074,15,12,0.167710739805408,27,1961,2011–2012,гидро,БВР,946.996838777661,353.424657534246,1668.9497716895,False,,R/D,921.552957392212,122.758778546203,921.552957392212,9.59052957392212,921.552957392212,6.13793892731016,921.552957392212,0.230172709774131,921.552957392212,15.3448473182754,921.552957392212
IR-00233,PU-0400,otrpol_ab,0.51913968863747,reconstructed_candidate,231.275840737986,15,12,0.168057811395523,27,1961,2011–2012,гидро,БВР,1614.57673184033,981.735159817351,2120.54794520548,False,,R/D,686.354469310548,92.6533720717501,686.354469310548,7.23854469310548,686.354469310548,4.63266860358751,686.354469310548,0.173725072634531,686.354469310548,11.5816715089688,686.354469310548
IR-00234,PU-0401,otrpol_ab,0.75594772267598,reconstructed_candidate,235.385107895372,15,12,0.255283307415244,27,1956–1957,1978–1981,сухая,БВР,207.120624553207,58.9041095890407,333.789954337899,False,,R/D,1260.2464191786,166.111541654861,1260.2464191786,12.977464191786,1260.2464191786,8.30557708274305,1260.2464191786,0.311459140602864,1260.2464191786,20.7639427068576,1260.2464191786
IR-00235,PU-0402,otrpol_ab,0.520617343920087,reconstructed_candidate,232.697510484364,15,12,0.169255029720948,27,1934–1935,2016–2017,сухая,БВР,3025.1019305105,2552.51141552511,3514.61187214612,False,,R/D,405.948736492835,56.7614382710829,405.948736492835,4.43448736492835,405.948736492835,2.83807191355415,405.948736492835,0.10642769675828,405.948736492835,7.09517978388537,405.948736492835
IR-00236,PU-0403,otrpol_ab,0.461964800079358,reconstructed_candidate,209.063233160729,15.6733170642396,11.3266829357604,0.234557992909593,27,1969–1971,"1994, 2002",сухая,комбайн+БВР,3651.19935283541,3377.16894977169,3926.94063926941,False,,R/D,812.253995154123,108.768511379728,812.253995154123,8.49753995154123,812.253995154123,5.43842556898639,812.253995154123,0.20394095883699,812.253995154123,13.596063922466,812.253995154123
IR-00237,PU-0404,otrpol_ab,0.456892336311242,reconstructed_candidate,210.059584848754,15.6372210107104,11.3627789892896,0.234867303211997,27,1969–1971,"1994, 2002",сухая,комбайн+БВР,3767.68138001015,3514.61187214612,4221.46118721461,False,,R/D,986.788879688475,131.108976600125,986.788879688475,10.2428887968848,986.788879688475,6.55544883000624,986.788879688475,0.245829331125234,986.788879688475,16.3886220750156,986.788879688475
IR-00238,PU-0405,otrpol_ab,0.547501475900542,reconstructed_candidate,242.846192525739,15,12,0.20185885976457,27,1935–1939,"1989–1999, 20…",сухая/гидро,БВР,521.184462524576,274.885844748858,727.262333586471,False,,R/D,1106.77839593011,146.467634679055,1106.77839593011,11.4427839593011,1106.77839593011,7.32338173395273,1106.77839593011,0.274626815023227,1106.77839593011,18.3084543348818,1106.77839593011
IR-00239,PU-0406,otrpol_ab,0.468274422760446,reconstructed_candidate,208.386270459509,15.7001550303337,11.2998449696663,0.234642785845764,27,1969–1971,"1994, 2002",сухая,комбайн+БВР,3289.16289173298,3004.1095890411,3534.24657534247,False,,R/D,711.257676631983,95.8409826088939,711.257676631983,7.48757676631983,711.257676631983,4.79204913044469,711.257676631983,0.179701842391676,711.257676631983,11.9801228261117,711.257676631983
IR-00240,PU-0407,otrpol_ab,0.518651805956404,reconstructed_candidate,241.308235535567,15,12,0.175528268995882,27,1934–1935,2016–2017,сухая,БВР,2903.00852921547,297.290365680253,4280.36529680365,False,,R/D,263.030019080681,38.4678424423271,263.030019080681,3.00530019080681,263.030019080681,1.92339212211636,263.030019080681,0.0721272045793634,263.030019080681,4.80848030529089,263.030019080681
IR-00241,PU-0408,otrpol_ab,0.455004462961234,reconstructed_candidate,210.570102917293,15.6178670816667,11.3821329183333,0.235001846883821,27,1969–1971,"1994, 2002",сухая,комбайн+БВР,3396.18070752929,3180.82191780822,3652.05479452055,False,,R/D,1118.41849841042,147.957567796533,1118.41849841042,11.5591849841042,1118.41849841042,7.39787838982666,1118.41849841042,0.2774204396185,1118.41849841042,18.4946959745666,1118.41849841042
IR-00242,PU-0409,otrpol_ab,0.5618867720859,reconstructed_candidate,265.690781597516,15,12,0.268024715473198,27,1956–1957,1978–1981,сухая,БВР,245.082238450691,39.2694063926938,419.409164596213,False,,R/D,1300.23258700838,171.229771137073,1300.23258700838,13.3773258700838,1300.23258700838,8.56148855685363,1300.23258700838,0.321055820882011,1300.23258700838,21.4037213921341,1300.23258700838
IR-00243,PU-0411,otrpol_ab,0.435034012312292,reconstructed_candidate,213.066813362985,15.5258806391243,11.4741193608757,0.235621449022416,27,1969–1971,"1994, 2002",сухая,комбайн+БВР,980.658070139865,274.885844748858,2002.7397260274,False,,R/D,2084.37574616773,271.600095509469,2084.37574616773,21.2187574616772,2084.37574616773,13.5800047754734,2084.37574616773,0.509250179080254,2084.37574616773,33.9500119386836,2084.37574616773
IR-00244,PU-0413,otrpol_ab,0.5966638469703,reconstructed_candidate,252.079303795782,15,12,0.266157957360867,27,1956–1957,1978–1981,сухая,БВР,333.54910149199,39.2694063926938,1197.71689497717,False,,R/D,1884.00432619995,245.952553753593,1884.00432619995,19.2150432619995,1884.00432619995,12.2976276876797,1884.00432619995,0.461161038287988,1884.00432619995,30.7440692191992,1884.00432619995
IR-00245,PU-0414,otrpol_ab,0.495955876635882,reconstructed_candidate,205.093137710446,15.9632766464758,11.0367233535242,0.245252537643321,27,1969–1971,"1994, 2002",сухая,комбайн+БВР,182.265700951748,100.001,462.278579479432,False,,R/D,81.2163342938221,15.1956907896092,81.2163342938221,1.18716334293822,81.2163342938221,0.759784539480462,81.2163342938221,0.0284919202305173,81.2163342938221,1.89946134870115,81.2163342938221
IR-00246,PU-0415,otrpol_ab,0.48605249499337,reconstructed_candidate,206.156642135874,15.7941892522352,11.2058107477648,0.235140331377908,27,1969–1971,"1994, 2002",сухая,комбайн+БВР,2854.80440144726,2067.49872278293,3455.70776255708,False,,R/D,417.364900370584,58.2227072474347,417.364900370584,4.54864900370584,417.364900370584,2.91113536237174,417.364900370584,0.10916757608894,417.364900370584,7.27783840592934,417.364900370584
IR-00247,PU-0416,otrpol_ab,0.451752978085158,reconstructed_candidate,212.145781136463,15.5603548721896,11.4396451278104,0.235430487907918,27,1969–1971,"1994, 2002",сухая,комбайн+БВР,2020.58945620589,1767.12328767123,2375.79908675799,False,,R/D,1601.68746760203,209.81599585306,1601.68746760203,16.3918746760203,1601.68746760203,10.490799792653,1601.68746760203,0.393404992224488,1601.68746760203,26.2269994816325,1601.68746760203
IR-00248,PU-0417,otrpol_ab,0.506218655820408,reconstructed_candidate,208.618997568068,15.7765702391033,11.2234297608967,0.231838487766408,27,1969–1971,"1994, 2002",сухая,комбайн+БВР,1342.69703955568,127.622222353721,3141.55251141553,False,,R/D,230.396649129978,34.2907710886372,230.396649129978,2.67896649129978,230.396649129978,1.71453855443186,230.396649129978,0.0642951957911947,230.396649129978,4.28634638607965,230.396649129978
IR-00249,PU-0418,otrpol_ab,0.517987344885735,reconstructed_candidate,240.693131599577,15.2012111407685,11.7987888592315,0.209368362803295,27,1934–1935,2016–2017,сухая,БВР,3085.66883025724,2847.03196347032,3377.16894977169,False,,R/D,483.214435521509,66.6514477467532,483.214435521509,5.20714435521509,483.214435521509,3.33257238733766,483.214435521509,0.124971464525162,483.214435521509,8.33143096834415,483.214435521509
IR-00250,PU-0422,otrpol_ab,0.462773081655516,reconstructed_candidate,211.823017351772,15.5721289179327,11.4278710820673,0.235342110637842,27,1969–1971,"1994, 2002",сухая,комбайн+БВР,2477.12089899177,2022.37442922374,2748.85844748858,False,,R/D,1480.34534744663,194.284204473169,1480.34534744663,15.1784534744663,1480.34534744663,9.71421022365846,1480.34534744663,0.364282883387192,1480.34534744663,24.2855255591461,1480.34534744663
IR-00251,PU-0423,otrpol_ab,0.468316376889515,reconstructed_candidate,211.361171008222,15.5888632960001,11.4111367039999,0.235209158994513,27,1969–1971,"1994, 2002",сухая,комбайн+БВР,2910.1025766851,2611.41552511416,3298.6301369863,False,,R/D,1332.24569438574,175.327448881375,1332.24569438574,13.6974569438574,1332.24569438574,8.76637244406875,1332.24569438574,0.328738966652578,1332.24569438574,21.9159311101719,1332.24569438574
IR-00252,PU-0425,otrpol_ab,0.55975571766734,reconstructed_candidate,242.180386538417,15,12,0.174655361805943,27,1935–1939,"1989–1999, 20…",сухая/гидро,БВР,1776.94063926941,1492.23744292237,2022.37442922374,False,,R/D,583.849412833395,79.5327248426746,583.849412833395,6.21349412833395,583.849412833395,3.97663624213373,583.849412833395,0.149123859080015,583.849412833395,9.94159060533432,583.849412833395
IR-00253,PU-0426,otrpol_ab,0.802543658090667,reconstructed_candidate,264.591231882247,15,12,0.272203823445498,27,1956–1957,1978–1981,сухая,БВР,258.074060877193,0,1040.63926940639,False,,R/D,1648.49213788637,215.806993649456,1648.49213788637,16.8599213788637,1648.49213788637,10.7903496824728,1648.49213788637,0.40463811309273,1648.49213788637,26.975874206182,1648.49213788637
IR-00254,PU-0427,otrpol_ab,0.433448030191553,reconstructed_candidate,213.89886547337,15.4912295329628,11.5087704670372,0.235540247837591,27,1969–1971,"1994, 2002",сухая,комбайн+БВР,299.718539937871,117.808219178082,981.735159817351,False,,R/D,2996.03087429545,388.291951909817,2996.03087429545,30.3353087429545,2996.03087429545,19.4145975954909,2996.03087429545,0.728047409830908,2996.03087429545,48.5364939887272,2996.03087429545
IR-00255,PU-0428,otrpol_ab,0.627389139185121,reconstructed_candidate,264.385862241157,15,12,0.273020569532393,27,1956–1957,1978–1981,сухая,БВР,268.73536564981,78.5388127853876,903.196347031963,False,,R/D,2188.3785606221,284.912455759629,2188.3785606221,22.258785606221,2188.3785606221,14.2456227879815,2188.3785606221,0.534210854549305,2188.3785606221,35.6140569699536,2188.3785606221
IR-00256,PU-0429,otrpol_ab,0.597407335110291,reconstructed_candidate,265.854435418167,15,12,0.267422168210858,27,1956–1957,1978–1981,сухая,БВР,455.890802634415,58.9041095890407,1747.48858447489,False,,R/D,1494.10855611283,196.045895182442,1494.10855611283,15.3160855611283,1494.10855611283,9.80229475912209,1494.10855611283,0.367586053467078,1494.10855611283,24.5057368978052,1494.10855611283
IR-00257,PU-0430,otrpol_ab,0.564074001776958,reconstructed_candidate,252.268055387529,15,12,0.180683703460415,27,1935–1939,"1989–1999, 20…",сухая/гидро,БВР,1977.26344956877,1511.87214611872,2552.51141552511,False,,R/D,410.912031646062,57.3967400506959,410.912031646062,4.48412031646062,410.912031646062,2.86983700253479,410.912031646062,0.107618887595055,410.912031646062,7.17459250633698,410.912031646062
IR-00258,PU-0431,otrpol_ab,0.557552262646523,reconstructed_candidate,269.237218359304,15,12,0.190851070102667,27,1935–1939,"1989–1999, 20…",сухая/гидро,БВР,700.925235858478,129.157990701492,2945.20547945205,False,,R/D,196.7550976131,29.9846524944768,196.7550976131,2.342550976131,196.7550976131,1.49923262472384,196.7550976131,0.0562212234271439,196.7550976131,3.74808156180959,196.7550976131
IR-00259,PU-0432,otrpol_ab,0.54921892931319,reconstructed_candidate,268.022416573065,15,12,0.196961264201438,27,1934–1935,2016–2017,сухая,БВР,253.329301461228,100.468088499024,3239.72602739726,False,,R/D,72.2603505867694,14.0493248751065,72.2603505867694,1.09760350586769,72.2603505867694,0.702466243755324,72.2603505867694,0.0263424841408247,72.2603505867694,1.75616560938831,72.2603505867694
IR-00260,PU-0433,otrpol_ab,0.620839668540608,reconstructed_candidate,264.55057802863,15,12,0.272379999443422,27,1956–1957,1978–1981,сухая,БВР,352.197488584475,333.789954337899,431.963470319634,False,,R/D,1982.5785114938,258.570049471206,1982.5785114938,20.200785114938,1982.5785114938,12.9285024735603,1982.5785114938,0.484818842758511,1982.5785114938,32.3212561839007,1982.5785114938
IR-00261,PU-0434,otrpol_ab,0.579963921199082,reconstructed_candidate,239.137026945941,15,12,0.172785421979021,27,1935–1939,"1989–1999, 20…",сухая/гидро,БВР,1186.13791755642,431.963470319634,1845.66210045662,False,,R/D,840.212195735286,112.347161054117,840.212195735286,8.77712195735286,840.212195735286,5.61735805270583,840.212195735286,0.210650926976469,840.212195735286,14.0433951317646,840.212195735286
IR-00262,PU-0435,otrpol_ab,0.630771959176688,reconstructed_candidate,264.655116300132,15,12,0.271991695352046,27,1956–1957,1978–1981,сухая,БВР,337.269410789724,331.175054790727,358.440822644627,False,,R/D,2144.89969026211,279.347160353551,2144.89969026211,21.8239969026211,2144.89969026211,13.9673580176775,2144.89969026211,0.523775925662907,2144.89969026211,34.9183950441938,2144.89969026211
IR-00263,PU-0436,otrpol_ab,0.467728480915819,reconstructed_candidate,212.88431373098,15.5284136238062,11.4715863761938,0.235297499594767,27,1969–1971,"1994, 2002",сухая,комбайн+БВР,714.81624100615,235.616438356164,1995.53848615602,False,,R/D,2143.16930756652,279.125671368515,2143.16930756652,21.8066930756652,2143.16930756652,13.9562835684257,2143.16930756652,0.523360633815966,2143.16930756652,34.8907089210644,2143.16930756652
IR-00264,PU-0437,otrpol_ab,0.589627860024835,reconstructed_candidate,238.225032839406,15,12,0.17224084104375,27,1935–1939,"1989–1999, 20…",сухая/гидро,БВР,1181.38099194515,471.232876712329,1904.56621004566,False,,R/D,1060.42692603452,140.534646532419,1060.42692603452,10.9792692603452,1060.42692603452,7.02673232662093,1060.42692603452,0.263502462248285,1060.42692603452,17.5668308165523,1060.42692603452
IR-00265,PU-0438,otrpol_ab,0.574893560507927,reconstructed_candidate,248.476262867217,15,12,0.178344528965474,27,1935–1939,"1989–1999, 20…",сухая/гидро,БВР,1466.750846576,1433.33333333333,1478.32700272442,False,,R/D,554.51625253967,75.7780803250777,554.51625253967,5.9201625253967,554.51625253967,3.78890401625389,554.51625253967,0.142083900609521,554.51625253967,9.47226004063472,554.51625253967
IR-00266,PU-0439,otrpol_ab,0.599053823654679,reconstructed_candidate,254.330727437423,15,12,0.226328799683341,27,1935–1939,"1989–1999, 20…",сухая/гидро,БВР,134.170003889237,0,267.16537104204,False,,R/D,1380.18947427011,181.464252706574,1380.18947427011,14.1768947427011,1380.18947427011,9.07321263532869,1380.18947427011,0.340245473824826,1380.18947427011,22.6830315883217,1380.18947427011
IR-00267,PU-0440,otrpol_ab,0.542643138977869,reconstructed_candidate,238.333830827504,15.4088756607215,11.5911243392785,0.208564011843091,27,1969–1971,"1994, 2002",сухая,комбайн+БВР,2862.4363775444,2788.12785388128,2984.47488584475,False,,R/D,521.904408962346,71.6037643471803,521.904408962346,5.59404408962346,521.904408962346,3.58018821735902,521.904408962346,0.134257058150963,521.904408962346,8.95047054339754,521.904408962346
IR-00268,PU-0441,otrpol_ab,0.490885079208817,reconstructed_candidate,219.567001203342,15.5875295049104,11.4124704950896,0.241308660355108,27,1969–1971,"1994, 2002",сухая,комбайн+БВР,3523.45516719465,3259.36073059361,3887.67123287671,False,,R/D,1398.20847637729,183.770684976293,1398.20847637729,14.3570847637729,1398.20847637729,9.18853424881466,1398.20847637729,0.34457003433055,1398.20847637729,22.9713356220367,1398.20847637729
IR-00269,PU-0442,otrpol_ab,0.527841600947947,reconstructed_candidate,216.140149444126,15.782609904405,11.217390095595,0.235923266740134,27,1969–1971,"1994, 2002",сухая,комбайн+БВР,2649.98429584214,494.320621697049,3514.61187214612,False,,R/D,316.549672271953,45.31835805081,316.549672271953,3.54049672271953,316.549672271953,2.2659179025405,316.549672271953,0.0849719213452688,316.549672271953,5.66479475635126,316.549672271953
IR-00270,PU-0443,otrpol_ab,0.499052831361348,reconstructed_candidate,218.125661023847,15.6199925529471,11.3800074470529,0.24065171835884,27,1969–1971,"1994, 2002",сухая,комбайн+БВР,3791.82320802964,3573.51598173516,4084.01826484018,False,,R/D,1135.04630240005,150.085926707206,1135.04630240005,11.7254630240005,1135.04630240005,7.50429633536029,1135.04630240005,0.281411112576011,1135.04630240005,18.7607408384007,1135.04630240005
IR-00271,PU-0444,otrpol_ab,0.483231575322701,reconstructed_candidate,211.977125876484,15.5618970286044,11.4381029713956,0.235098330035421,27,1969–1971,"1994, 2002",сухая,комбайн+БВР,2339.30293231053,1884.93150684932,2787.69837977186,False,,R/D,1663.56012464548,217.735695954621,1663.56012464548,17.0106012464548,1663.56012464548,10.8867847977311,1663.56012464548,0.408254429914915,1663.56012464548,27.2169619943277,1663.56012464548
IR-00272,PU-0445,otrpol_ab,0.453642203342024,reconstructed_candidate,213.525591055309,15.5041526624949,11.4958473375051,0.235398476460389,27,1969–1971,"1994, 2002",сухая,комбайн+БВР,403.258898981001,235.616438356164,1197.71689497717,False,,R/D,2668.76160852157,346.401485890761,2668.76160852157,27.0626160852157,2668.76160852157,17.320074294538,2668.76160852157,0.649502786045176,2668.76160852157,43.3001857363451,2668.76160852157
IR-00273,PU-0446,otrpol_ab,0.449052831361348,reconstructed_candidate,213.6725210261,15.4985032961847,11.5014967038153,0.235414942693359,27,1969–1971,"1994, 2002",сухая,комбайн+БВР,368.727905529035,137.442922374429,981.735159817351,False,,R/D,2825.56064518423,366.471762583582,2825.56064518423,28.6306064518423,2825.56064518423,18.3235881291791,2825.56064518423,0.687134554844216,2825.56064518423,45.8089703229477,2825.56064518423
IR-00274,PU-0448,otrpol_ab,0.509239134851575,reconstructed_candidate,210.750206636597,15.675092338955,11.324907661045,0.224738406003772,27,1969–1971,"1994, 2002",сухая,комбайн+БВР,3554.41009876477,3318.26484018265,3887.67123287671,False,,R/D,808.30081884332,108.262504811945,808.30081884332,8.4580081884332,808.30081884332,5.41312524059725,808.30081884332,0.202992196522397,808.30081884332,13.5328131014931,808.30081884332
IR-00275,PU-0449,otrpol_ab,0.623859373370709,reconstructed_candidate,214.240062595619,15.4758208779661,11.5241791220339,0.235415518546576,27,1969–1971,"1994, 2002",сухая,комбайн+БВР,354.827136333985,137.442922374429,903.196347031963,False,,R/D,3691.97695360077,477.373050060898,3691.97695360077,37.2947695360077,3691.97695360077,23.8686525030449,3691.97695360077,0.895074468864184,3691.97695360077,59.6716312576123,3691.97695360077
IR-00276,PU-0450,otrpol_ab,0.518907682549453,reconstructed_candidate,217.760298346533,15.7362282321732,11.2637717678268,0.232310680492205,27,1969–1971,"1994, 2002",сухая,комбайн+БВР,3522.95592782621,3200.45662100457,3848.40182648402,False,,R/D,520.508846012765,71.4251322896339,520.508846012765,5.58008846012765,520.508846012765,3.57125661448169,520.508846012765,0.133922123043064,520.508846012765,8.92814153620423,520.508846012765
IR-00277,PU-0451,otrpol_ab,0.486633294522045,reconstructed_candidate,211.721540005504,15.5711950654236,11.4288049345764,0.235035267092419,27,1969–1971,"1994, 2002",сухая,комбайн+БВР,2899.39117199391,2552.51141552511,3278.99543378995,False,,R/D,1561.7994351405,204.710327697984,1561.7994351405,15.992994351405,1561.7994351405,10.2355163848992,1561.7994351405,0.38383186443372,1561.7994351405,25.588790962248,1561.7994351405
IR-00278,PU-0452,otrpol_ab,0.434338608531707,reconstructed_candidate,214.092812021179,15.4822656013081,11.5177343986919,0.235455455125097,27,1969–1971,"1994, 2002",сухая,комбайн+БВР,248.343954935607,39.2694063926938,1060.27397260274,False,,R/D,3379.11855724198,437.327175326974,3379.11855724198,34.1661855724198,3379.11855724198,21.8663587663487,3379.11855724198,0.819988453738076,3379.11855724198,54.6658969158717,3379.11855724198
IR-00279,PU-0453,otrpol_ab,0.549372449461948,reconstructed_candidate,256.785928347897,15.1183140600501,11.8816859399499,0.196492086816548,27,1934–1935,2016–2017,сухая,БВР,2648.97756601151,2356.16438356164,2984.47488584475,False,,R/D,361.802624695045,51.1107359609657,361.802624695045,3.99302624695045,361.802624695045,2.55553679804829,361.802624695045,0.0958326299268107,361.802624695045,6.38884199512071,361.802624695045
IR-00280,PU-0454,otrpol_ab,0.537669074514969,reconstructed_candidate,224.120643343618,15.6255385620017,11.3744614379983,0.21960630876695,27,1969–1971,"1994, 2002",сухая,комбайн+БВР,3025.80212439045,431.834110740095,3514.61187214612,False,,R/D,400.179923998949,56.0230302718655,400.179923998949,4.37679923998949,400.179923998949,2.80115151359327,400.179923998949,0.105043181759748,400.179923998949,7.00287878398318,400.179923998949
IR-00281,PU-0455,otrpol_ab,0.627814399700035,reconstructed_candidate,265.35704497811,15,12,0.269321616185412,27,1956–1957,1978–1981,сухая,БВР,490.539233043707,255.251141552511,1943.83561643836,False,,R/D,2136.02541694424,278.211253368863,2136.02541694424,21.7352541694424,2136.02541694424,13.9105626684432,2136.02541694424,0.521646100066618,2136.02541694424,34.7764066711079,2136.02541694424
IR-00282,PU-0456,otrpol_ab,0.570868418367585,reconstructed_candidate,259.756197591854,15,12,0.184763247472347,27,1935–1939,"1989–1999, 20…",сухая/гидро,БВР,1632.95281582953,1315.52511415525,1845.66210045662,False,,R/D,404.45585290125,56.57034917136,404.45585290125,4.4195585290125,404.45585290125,2.828517458568,404.45585290125,0.1060694046963,404.45585290125,7.07129364642001,404.45585290125
IR-00283,PU-0457,otrpol_ab,0.553280858807347,reconstructed_candidate,270.805252277745,15,12,0.192221112176059,27,1935–1939,"1989–1999, 20…",сухая/гидро,БВР,1048.13598674953,100.002,2336.5296803653,False,,R/D,235.882790672852,34.9929972061251,235.882790672852,2.73382790672852,235.882790672852,1.74964986030625,235.882790672852,0.0656118697614846,235.882790672852,4.37412465076564,235.882790672852
IR-00284,PU-0458,otrpol_ab,0.562793693255151,reconstructed_candidate,275.478977066661,15,12,0.192814062287146,27,1935–1939,"1989–1999, 20…",сухая/гидро,БВР,477.40002933491,104.033410800948,1610.04566210046,False,,R/D,201.460934917521,30.5869996694427,201.460934917521,2.38960934917521,201.460934917521,1.52934998347213,201.460934917521,0.057350624380205,201.460934917521,3.82337495868033,201.460934917521
IR-00285,PU-0459,otrpol_ab,0.556996591805876,reconstructed_candidate,279.603258084703,15,12,0.195282157562246,27,1935–1939,"1989–1999, 20…",сухая/гидро,БВР,146.565402083328,112.049225890172,207.585842283586,False,,R/D,149.279417667526,23.9077654614433,149.279417667526,1.86779417667526,149.279417667526,1.19538827307216,149.279417667526,0.0448270602402061,149.279417667526,2.98847068268041,149.279417667526
IR-00286,PU-0460,otrpol_ab,0.523963669571855,reconstructed_candidate,220.798114212903,15.7059205601722,11.2940794398278,0.232354180108227,27,1969–1971,"1994, 2002",сухая,комбайн+БВР,3210.27397260274,3102.28310502283,3298.6301369863,False,,R/D,466.381159738493,64.4967884465271,466.381159738493,5.03881159738493,466.381159738493,3.22483942232635,466.381159738493,0.120931478337238,466.381159738493,8.06209855581588,466.381159738493
IR-00287,PU-0461,otrpol_ab,0.57830642759339,reconstructed_candidate,245.251340741327,15,12,0.176422026590329,27,1935–1939,"1989–1999, 20…",сухая/гидро,БВР,978.879372247716,274.885844748858,2022.37442922374,False,,R/D,840.517560543745,112.386247749599,840.517560543745,8.78017560543745,840.517560543745,5.61931238747997,840.517560543745,0.210724214530499,840.517560543745,14.0482809686999,840.517560543745
IR-00288,PU-0462,otrpol_ab,0.459070641650503,reconstructed_candidate,222.279159922376,15.5314493424206,11.4685506575794,0.242284406456928,27,1969–1971,"1994, 2002",сухая,комбайн+БВР,1531.50684931507,1374.42922374429,1727.85388127854,False,,R/D,2129.98679832807,277.438310185993,2129.98679832807,21.6748679832807,2129.98679832807,13.8719155092997,2129.98679832807,0.520196831598738,2129.98679832807,34.6797887732492,2129.98679832807
IR-00289,PU-0463,otrpol_ab,0.445544071602194,reconstructed_candidate,223.258706047375,15.5101855137859,11.4898144862141,0.242817513225894,27,1969–1971,"1994, 2002",сухая,комбайн+БВР,715.030441400304,412.328767123287,1197.71689497717,False,,R/D,2583.53326368099,335.492257751167,2583.53326368099,26.2103326368099,2583.53326368099,16.7746128875584,2583.53326368099,0.629047983283439,2583.53326368099,41.9365322188959,2583.53326368099
IR-00290,PU-0464,otrpol_ab,0.452134691520903,reconstructed_candidate,222.753112404071,15.5211036039442,11.4788963960558,0.242544721345683,27,1969–1971,"1994, 2002",сухая,комбайн+БВР,701.239399869537,353.424657534246,1197.71689497717,False,,R/D,2332.44750173856,303.353280222535,2332.44750173856,23.6994750173856,2332.44750173856,15.1676640111268,2332.44750173856,0.568787400417254,2332.44750173856,37.9191600278169,2332.44750173856
IR-00291,PU-0465,otrpol_ab,0.603273640274542,reconstructed_candidate,266.71725860224,15,12,0.264168904811581,27,1935–1939,"1989–1999, 20…",сухая/гидро,БВР,343.607305936073,117.808219178082,1963.4703196347,False,,R/D,1992.11739581528,259.791026664355,1992.11739581528,20.2961739581528,1992.11739581528,12.9895513332178,1992.11739581528,0.487108174995666,1992.11739581528,32.4738783330444,1992.11739581528
IR-00292,PU-0466,otrpol_ab,0.789747070226233,reconstructed_candidate,247.139360193752,15,12,0.202231421853129,27,1935–1939,"1989–1999, 20…",сухая/гидро,БВР,354.242489590958,0,2081.27853881279,False,,R/D,1531.13182101625,200.78487309008,1531.13182101625,15.6863182101625,1531.13182101625,10.039243654504,1531.13182101625,0.376471637043901,1531.13182101625,25.0981091362601,1531.13182101625
IR-00293,PU-0467,otrpol_ab,0.551446030112426,reconstructed_candidate,265.983955278953,15,12,0.188138556098865,27,1935–1939,"1989–1999, 20…",сухая/гидро,БВР,1075.18271805195,100.002,1806.39269406393,False,,R/D,355.856105451804,50.3495814978309,355.856105451804,3.93356105451804,355.856105451804,2.51747907489155,355.856105451804,0.094405465308433,355.856105451804,6.29369768722886,355.856105451804
IR-00294,PU-0468,otrpol_ab,0.539368735426436,reconstructed_candidate,267.234402730843,15.0681311552239,11.9318688447761,0.196542344423773,27,1935–1939,"1989–1999, 20…",сухая/гидро,БВР,1791.71837403336,1610.04566210046,1983.10502283105,False,,R/D,340.929333228117,48.438954653199,340.929333228117,3.78429333228117,340.929333228117,2.42194773265995,340.929333228117,0.0908230399747481,340.929333228117,6.05486933164987,340.929333228117
IR-00295,PU-0469,otrpol_ab,0.815848967549325,reconstructed_candidate,265.690448136928,15,12,0.268056529322215,27,1956–1957,1978–1981,сухая,БВР,446.642840728706,117.808219178082,2159.81735159817,False,,R/D,2458.71066879068,319.514965605207,2458.71066879068,24.9621066879068,2458.71066879068,15.9757482802604,2458.71066879068,0.599090560509764,2458.71066879068,39.9393707006509,2458.71066879068
IR-00296,PU-0470,otrpol_ab,0.455795355072402,reconstructed_candidate,221.88278508907,15.5413327452076,11.4586672547924,0.241918118726599,27,1969–1971,"1994, 2002",сухая,комбайн+БВР,2101.62795759941,1217.35159817352,2905.93607305936,False,,R/D,1961.26706269143,255.842184024503,1961.26706269143,19.9876706269143,1961.26706269143,12.7921092012252,1961.26706269143,0.479704095045944,1961.26706269143,31.9802730030629,1961.26706269143
IR-00297,PU-0471,otrpol_ab,0.524462765311616,reconstructed_candidate,250.859957241248,15.2802479481626,11.7197520518374,0.204468941324561,27,1935–1939,"1989–1999, 20…",сухая/гидро,БВР,2656.01782810679,2002.7397260274,3298.6301369863,False,,R/D,583.793623703077,79.5255838339939,583.793623703077,6.21293623703077,583.793623703077,3.97627919169969,583.793623703077,0.149110469688739,583.793623703077,9.94069797924923,583.793623703077
IR-00298,PU-0472,otrpol_ab,0.515042475456543,reconstructed_candidate,233.49972324968,15.4902993746789,11.5097006253211,0.212448123003327,27,1969–1971,"1994, 2002",сухая,комбайн+БВР,3668.4629610882,3318.26484018265,4300,False,,R/D,656.195238302392,88.7929905027062,656.195238302392,6.93695238302392,656.195238302392,4.43964952513531,656.195238302392,0.166486857192574,656.195238302392,11.0991238128383,656.195238302392
IR-00299,PU-0473,otrpol_ab,0.495152548561746,reconstructed_candidate,224.647224678258,15.6374101954798,11.3625898045202,0.22935396451035,27,1969–1971,"1994, 2002",сухая,комбайн+БВР,2934.76043185359,2002.7397260274,3671.68949771689,False,,R/D,753.600115268263,101.260814754338,753.600115268263,7.91100115268263,753.600115268263,5.06304073771688,753.600115268263,0.189864027664383,753.600115268263,12.6576018442922,753.600115268263
IR-00300,PU-0474,otrpol_ab,0.475828129244057,reconstructed_candidate,226.173343349874,15.5952745623112,11.4047254376888,0.227929894294949,27,1969–1971,"1994, 2002",сухая,комбайн+БВР,3816.36481659433,3652.05479452055,4084.01826484018,False,,R/D,1250.65021441506,164.883227445128,1250.65021441506,12.8815021441506,1250.65021441506,8.24416137225638,1250.65021441506,0.309156051459614,1250.65021441506,20.610403430641,1250.65021441506
IR-00301,PU-0475,otrpol_ab,0.466294170733116,reconstructed_candidate,227.42383801571,15.5715481202639,11.4284518797361,0.227454426789873,27,1969–1971,"1994, 2002",сухая,комбайн+БВР,3883.4867466275,3298.6301369863,4260.73059360731,False,,R/D,1546.77053520366,202.786628506069,1546.77053520366,15.8427053520366,1546.77053520366,10.1393314253034,1546.77053520366,0.380224928448879,1546.77053520366,25.3483285632586,1546.77053520366
IR-00302,PU-0476,otrpol_ab,0.459893204549541,reconstructed_candidate,221.255520914389,15.5554901780682,11.4445098219319,0.241564559059239,27,1969–1971,"1994, 2002",сухая,комбайн+БВР,3188.76257398527,2807.76255707763,3377.16894977169,False,,R/D,1750.74343853645,228.895160132666,1750.74343853645,17.8824343853645,1750.74343853645,11.4447580066333,1750.74343853645,0.429178425248748,1750.74343853645,28.6118950165832,1750.74343853645
IR-00303,PU-0477,otrpol_ab,0.484779813904271,reconstructed_candidate,224.967429279941,15.6216620441481,11.3783379558519,0.228647799634924,27,1969–1971,"1994, 2002",сухая,комбайн+БВР,3537.3473612626,3121.91780821918,3887.67123287671,False,,R/D,964.377610881637,128.240334192849,964.377610881637,10.0187761088164,964.377610881637,6.41201670964247,964.377610881637,0.240450626611593,964.377610881637,16.0300417741062,964.377610881637
IR-00304,PU-0478,otrpol_ab,0.502059834053226,reconstructed_candidate,227.440040284428,15.6105802749831,11.3894197250169,0.228759052717859,27,1969–1971,"1994, 2002",сухая,комбайн+БВР,3097.70605998942,2022.37442922374,3907.30593607306,False,,R/D,639.025023433601,86.5952029995009,639.025023433601,6.76525023433601,639.025023433601,4.32976014997505,639.025023433601,0.162366005624064,639.025023433601,10.8244003749376,639.025023433601
IR-00305,PU-0480,otrpol_ab,0.436215429643813,reconstructed_candidate,222.463196950745,15.5292729088458,11.4707270911542,0.242131307652302,27,1969–1971,"1994, 2002",сухая,комбайн+БВР,1399.33364838013,1374.42922374429,1429.50779445547,False,,R/D,2172.31352187227,282.856130799651,2172.31352187227,22.0981352187227,2172.31352187227,14.1428065399825,2172.31352187227,0.530355245249345,2172.31352187227,35.3570163499563,2172.31352187227
IR-00306,PU-0481,otrpol_ab,0.42880035633796,reconstructed_candidate,222.90325385236,15.5195254899074,11.4804745100926,0.242384246540605,27,1969–1971,"1994, 2002",сухая,комбайн+БВР,1200.52185257665,549.771689497717,1747.48858447489,False,,R/D,2372.7290608116,308.509319783885,2372.7290608116,24.102290608116,2372.7290608116,15.4254659891942,2372.7290608116,0.578454974594784,2372.7290608116,38.5636649729856,2372.7290608116
IR-00307,PU-0482,otrpol_ab,0.420829341845206,reconstructed_candidate,223.393761570361,15.508636351528,11.491363648472,0.242684376041298,27,1969–1971,"1994, 2002",сухая,комбайн+БВР,886.341488854095,647.945205479452,1668.9497716895,False,,R/D,2634.23533250575,341.982122560736,2634.23533250575,26.7173533250575,2634.23533250575,17.0991061280368,2634.23533250575,0.64121647980138,2634.23533250575,42.747765320092,2634.23533250575
IR-00308,PU-0484,otrpol_ab,0.513218734909077,reconstructed_candidate,261.958994802368,15.0943989446218,11.9056010553782,0.196017489637274,27,1935–1939,"1989–1999, 20…",сухая/гидро,БВР,1688.58447488584,1394.06392694064,1943.83561643836,False,,R/D,476.077015786992,65.7378580207349,476.077015786992,5.13577015786992,476.077015786992,3.28689290103675,476.077015786992,0.123258483788878,476.077015786992,8.21723225259186,476.077015786992
IR-00309,PU-0485,otrpol_ab,0.53953711267802,reconstructed_candidate,247.512040962206,15,12,0.177765818220862,27,1935–1939,"1989–1999, 20…",сухая/гидро,БВР,558.498224251649,353.424657534246,1119.17808219178,False,,R/D,880.457667033406,117.498581380276,880.457667033406,9.17957667033406,880.457667033406,5.8749290690138,880.457667033406,0.220309840088018,880.457667033406,14.6873226725345,880.457667033406
IR-00310,PU-0486,otrpol_ab,0.543860221761809,reconstructed_candidate,244.017561216524,15,12,0.175711636516686,27,1935–1939,"1989–1999, 20…",сухая/гидро,БВР,271.895475186542,117.808219178082,431.963470319634,False,,R/D,1062.06324451127,140.744095297443,1062.06324451127,10.9956324451127,1062.06324451127,7.03720476487215,1062.06324451127,0.263895178682706,1062.06324451127,17.5930119121804,1062.06324451127
IR-00311,PU-0487,otrpol_ab,0.518095955487381,reconstructed_candidate,251.440456094173,15,12,0.180065533290618,27,1935–1939,"1989–1999, 20…",сухая/гидро,БВР,496.094505390175,117.808219178082,1806.39269406393,False,,R/D,767.310466113572,103.015739662537,767.310466113572,8.04810466113572,767.310466113572,5.15078698312686,767.310466113572,0.193154511867257,767.310466113572,12.8769674578172,767.310466113572
IR-00312,PU-0488,otrpol_ab,0.431418945780171,reconstructed_candidate,228.37889490862,15.5652806138684,11.4347193861317,0.22720379335578,27,1969–1971,"1994, 2002",сухая,комбайн+БВР,3573.51598173516,3298.6301369863,3789.49771689498,False,,R/D,1454.84251156034,191.019841479723,1454.84251156034,14.9234251156034,1454.84251156034,9.55099207398616,1454.84251156034,0.358162202774481,1454.84251156034,23.8774801849654,1454.84251156034
IR-00313,PU-0489,otrpol_ab,0.501081593364493,reconstructed_candidate,256.364639613387,15,12,0.182933302761363,27,1935–1939,"1989–1999, 20…",сухая/гидро,БВР,541.286268938866,215.981735159817,1374.42922374429,False,,R/D,635.059155152401,86.0875718595073,635.059155152401,6.72559155152401,635.059155152401,4.30437859297536,635.059155152401,0.161414197236576,635.059155152401,10.7609464824384,635.059155152401
IR-00314,PU-0490,otrpol_ab,0.433038115103624,reconstructed_candidate,228.211547891805,15.571226078237,11.428773921763,0.227309411225621,27,1969–1971,"1994, 2002",сухая,комбайн+БВР,3493.55795341403,3141.55251141553,3750.22831050228,False,,R/D,1328.91270104142,174.900825733302,1328.91270104142,13.6641270104142,1328.91270104142,8.74504128666509,1328.91270104142,0.327939048249941,1328.91270104142,21.8626032166627,1328.91270104142
IR-00315,PU-0491,otrpol_ab,0.476837909424438,reconstructed_candidate,249.162715017826,15.2962743100113,11.7037256899887,0.204530673938053,27,1935–1939,"1989–1999, 20…",сухая/гидро,БВР,2642.04215918977,1767.12328767123,3789.49771689498,False,,R/D,742.387803480624,99.8256388455198,742.387803480624,7.79887803480624,742.387803480624,4.99128194227599,742.387803480624,0.18717307283535,742.387803480624,12.47820485569,742.387803480624
IR-00316,PU-0492,otrpol_ab,0.448577039859221,reconstructed_candidate,229.177933046112,15.5742020063808,11.4257979936192,0.227323484772968,27,1969–1971,"1994, 2002",сухая,комбайн+БВР,3609.51293759513,3377.16894977169,4103.65296803653,False,,R/D,961.124328967015,127.823914107778,961.124328967015,9.98624328967015,961.124328967015,6.3911957053889,961.124328967015,0.239669838952084,961.124328967015,15.9779892634722,961.124328967015
IR-00317,PU-0493,otrpol_ab,0.490200611068559,reconstructed_candidate,261.00565368575,15,12,0.185646928530252,27,1935–1939,"1989–1999, 20…",сухая/гидро,БВР,884.52598554251,392.694063926941,1747.48858447489,False,,R/D,504.401864898014,69.3634387069458,504.401864898014,5.41901864898014,504.401864898014,3.46817193534729,504.401864898014,0.130056447575523,504.401864898014,8.67042983836823,504.401864898014
IR-00318,PU-0494,otrpol_ab,0.465804475802858,reconstructed_candidate,237.229110249655,15.4358427412053,11.5641572587947,0.209518676106093,27,1969–1971,"1994, 2002",сухая,комбайн+БВР,4115.93129963444,3907.30593607306,4300,False,,R/D,885.046561874188,118.085959919896,885.046561874188,9.22546561874188,885.046561874188,5.90429799599481,885.046561874188,0.221411174849805,885.046561874188,14.760744989987,885.046561874188
IR-00319,PU-0495,otrpol_ab,0.456384185947786,reconstructed_candidate,229.456630659225,15.5337700640704,11.4662299359296,0.213193394696843,27,1969–1971,"1994, 2002",сухая,комбайн+БВР,4057.19369307028,3652.05479452055,4280.36529680365,False,,R/D,866.210717253008,115.674971808385,866.210717253008,9.03710717253008,866.210717253008,5.78374859041925,866.210717253008,0.216890572140722,866.210717253008,14.4593714760481,866.210717253008
IR-00320,PU-0496,otrpol_ab,0.437543606237641,reconstructed_candidate,228.192999910126,15.578151623952,11.421848376048,0.227452624688342,27,1969–1971,"1994, 2002",сухая,комбайн+БВР,3352.56791335714,2905.93607305936,3573.51598173516,False,,R/D,1143.64796958237,151.186940106543,1143.64796958237,11.8114796958237,1143.64796958237,7.55934700532714,1143.64796958237,0.283475512699768,1143.64796958237,18.8983675133178,1143.64796958237
IR-00321,PU-0497,otrpol_ab,0.481822620797133,reconstructed_candidate,257.471896250776,15.1176024625267,11.8823975374733,0.195696526857508,27,1935–1939,"1989–1999, 20…",сухая/гидро,БВР,1465.77803220133,1197.71689497717,1610.04566210046,False,,R/D,622.626276760406,84.4961634253319,622.626276760406,6.60126276760406,622.626276760406,4.2248081712666,622.626276760406,0.158430306422497,622.626276760406,10.5620204281665,622.626276760406
IR-00322,PU-0502,otrpol_ab,0.500918486312618,reconstructed_candidate,244.392325068307,15,12,0.175949565036391,27,1935–1939,"1989–1999, 20…",сухая/гидро,БВР,315.325519554169,0,1099.54337899543,False,,R/D,1152.60000851439,152.332801089841,1152.60000851439,11.9010000851439,1152.60000851439,7.61664005449207,1152.60000851439,0.285624002043453,1152.60000851439,19.0416001362302,1152.60000851439
IR-00323,PU-0505,otrpol_ab,0.520084715841397,reconstructed_candidate,237.745700479753,15,12,0.172001892857531,27,1935–1939,"1989–1999, 20…",сухая/гидро,БВР,252.854717969005,176.712328767123,1119.17808219178,False,,R/D,1927.46166233527,251.515092778914,1927.46166233527,19.6496166233527,1927.46166233527,12.5757546389457,1927.46166233527,0.471590798960464,1927.46166233527,31.4393865973642,1927.46166233527
IR-00324,PU-0506,otrpol_ab,0.507439851853162,reconstructed_candidate,239.257628595239,15,12,0.172903511611156,27,1935–1939,"1989–1999, 20…",сухая/гидро,БВР,430.385081043549,39.2694063926938,1943.83561643836,False,,R/D,1670.23054175624,218.589509344799,1670.23054175624,17.0773054175624,1670.23054175624,10.92947546724,1670.23054175624,0.409855330021499,1670.23054175624,27.3236886680999,1670.23054175624
IR-00325,PU-0507,otrpol_ab,0.432715316816648,reconstructed_candidate,238.602416802281,15.4136062697425,11.5863937302575,0.208210576116187,27,1969–1971,"1994, 2002",сухая,комбайн+БВР,3389.20127269356,2788.12785388128,3907.30593607306,False,,R/D,1053.66867867664,139.66959087061,1053.66867867664,10.9116867867664,1053.66867867664,6.98347954353049,1053.66867867664,0.261880482882393,1053.66867867664,17.4586988588262,1053.66867867664
IR-00326,PU-0508,otrpol_ab,0.423295026961576,reconstructed_candidate,231.89725209122,15.495835809971,11.504164190029,0.211159264727241,27,1969–1971,"1994, 2002",сухая,комбайн+БВР,3426.98744804685,2611.41552511416,3928.38450630291,False,,R/D,1035.2436088178,137.311181928678,1035.2436088178,10.727436088178,1035.2436088178,6.86555909643392,1035.2436088178,0.257458466116272,1035.2436088178,17.1638977410848,1035.2436088178
IR-00327,PU-0511,otrpol_ab,0.440659248569841,reconstructed_candidate,247.470527022337,15.3103035515754,11.6896964484246,0.20458217257148,27,1935–1939,"1989–1999, 20…",сухая/гидро,БВР,2157.95564971092,1256.62100456621,3121.91780821918,False,,R/D,882.798119688881,117.798159320177,882.798119688881,9.20298119688881,882.798119688881,5.88990796600884,882.798119688881,0.220871548725331,882.798119688881,14.7247699150221,882.798119688881
IR-00328,PU-0513,otrpol_ab,0.489441468462774,reconstructed_candidate,240.840005814196,15,12,0.173847869639255,27,1935–1939,"1989–1999, 20…",сухая/гидро,БВР,676.730825498764,39.2694063926938,2179.45205479452,False,,R/D,1496.74842131137,196.383797927855,1496.74842131137,15.3424842131137,1496.74842131137,9.81918989639276,1496.74842131137,0.368219621114729,1496.74842131137,24.5479747409819,1496.74842131137
IR-00329,PU-0514,otrpol_ab,0.470721661699489,reconstructed_candidate,248.276762772168,15,12,0.178253566239248,27,1935–1939,"1989–1999, 20…",сухая/гидро,БВР,254.632119760276,39.2694063926938,490.867579908675,False,,R/D,988.76768727212,131.362263970831,988.76768727212,10.2626768727212,988.76768727212,6.56811319854157,988.76768727212,0.246304244945309,988.76768727212,16.4202829963539,988.76768727212
IR-00330,PU-0515,otrpol_ab,0.44549849765752,reconstructed_candidate,253.219373582036,15.1374589896827,11.8625410103173,0.195161949221336,27,1935–1939,"1989–1999, 20…",сухая/гидро,БВР,1035.52727605119,412.328767123287,1826.02739726027,False,,R/D,831.390534027379,111.217988355505,831.390534027379,8.6889053402738,831.390534027379,5.56089941777523,831.390534027379,0.208533728166571,831.390534027379,13.9022485444381,831.390534027379
IR-00331,PU-0516,otrpol_ab,0.446241571490333,reconstructed_candidate,251.436793632801,15,12,0.180157558424959,27,1935–1939,"1989–1999, 20…",сухая/гидро,БВР,256.632638379565,0,2022.37442922374,False,,R/D,889.736231593988,118.68623764403,889.736231593988,9.27236231593988,889.736231593988,5.93431188220153,889.736231593988,0.222536695582557,889.736231593988,14.8357797055038,889.736231593988
IR-00332,PU-0517,otrpol_ab,0.457766966469964,reconstructed_candidate,244.680702525395,15,12,0.176139166229647,27,1935–1939,"1989–1999, 20…",сухая/гидро,БВР,349.136114160711,39.2694063926938,1845.66210045662,False,,R/D,1238.59076499131,163.339617918888,1238.59076499131,12.7609076499131,1238.59076499131,8.1669808959444,1238.59076499131,0.306261783597915,1238.59076499131,20.417452239861,1238.59076499131
IR-00333,PU-0519,otrpol_ab,0.497320275076606,reconstructed_candidate,267.171606742035,15,12,0.262411533721977,27,1935–1939,"1989–1999, 20…",сухая/гидро,БВР,405.610801227364,0,2081.27853881279,False,,R/D,2579.12589368299,334.928114391423,2579.12589368299,26.1662589368299,2579.12589368299,16.7464057195711,2579.12589368299,0.627990214483917,2579.12589368299,41.8660142989278,2579.12589368299
IR-00334,PU-0520,otrpol_ab,0.445580250027402,reconstructed_candidate,247.322244910954,15,12,0.177713262018375,27,1935–1939,"1989–1999, 20…",сухая/гидро,БВР,146.630362345865,135.699129205826,157.077625570776,False,,R/D,1101.32943180254,145.770167270725,1101.32943180254,11.3882943180254,1101.32943180254,7.28850836353627,1101.32943180254,0.27331906363261,1101.32943180254,18.2212709088407,1101.32943180254
IR-00335,PU-0521,otrpol_ab,0.427705853892136,reconstructed_candidate,253.200458926832,15.1270247478051,11.8729752521949,0.19409810716339,27,1935–1939,"1989–1999, 20…",сухая/гидро,БВР,408.245341236495,196.34703196347,696.759622299614,False,,R/D,898.70304717872,119.833990038876,898.70304717872,9.3620304717872,898.70304717872,5.99169950194381,898.70304717872,0.224688731322893,898.70304717872,14.9792487548595,898.70304717872
IR-00336,PU-0523,otrpol_ab,0.575028233664559,reconstructed_candidate,232.034448867627,15.5272831588737,11.4727168411263,0.225952017596575,27,1969–1971,"1994, 2002",сухая,комбайн+БВР,1178.86843898212,628.310502283105,1747.48858447489,False,,R/D,1403.11126763259,184.398242256971,1403.11126763259,14.4061126763259,1403.11126763259,9.21991211284855,1403.11126763259,0.345746704231821,1403.11126763259,23.0497802821214,1403.11126763259
IR-00337,PU-0529,otrpol_ab,0.56155013865177,reconstructed_candidate,233.44676042853,15.5084224780484,11.4915775219516,0.225386814217586,27,1969–1971,"1994, 2002",сухая,комбайн+БВР,606.842542938039,412.328767123287,708.629294047515,False,,R/D,1533.68417957573,201.111574985693,1533.68417957573,15.7118417957573,1533.68417957573,10.0555787492847,1533.68417957573,0.377084203098174,1533.68417957573,25.1389468732116,1533.68417957573
IR-00338,PU-0533,otrpol_ab,0.469466206290115,reconstructed_candidate,247.336464202486,15,12,0.202070774557208,27,1935–1939,"1989–1999, 20…",сухая/гидро,БВР,303.448078581294,117.808219178082,903.196347031963,False,,R/D,2269.07827052521,295.242018627227,2269.07827052521,23.0657827052521,2269.07827052521,14.7621009313614,2269.07827052521,0.553578784926051,2269.07827052521,36.9052523284034,2269.07827052521
IR-00339,PU-0534,otrpol_ab,0.458355095179004,reconstructed_candidate,238.998836478123,15,12,0.172765126493736,27,1935–1939,"1989–1999, 20…",сухая/гидро,БВР,436.497060668517,39.2694063926938,1433.33333333333,False,,R/D,1942.22882246035,253.405289274925,1942.22882246035,19.7972882246035,1942.22882246035,12.6702644637462,1942.22882246035,0.475134917390484,1942.22882246035,31.6756611593656,1942.22882246035
IR-00340,PU-0536,otrpol_ab,0.450761363235615,reconstructed_candidate,240.483665900737,15,12,0.173655301097471,27,1935–1939,"1989–1999, 20…",сухая/гидро,БВР,250.029583933043,98.1735159817354,384.74984116242,False,,R/D,1752.73339910492,229.14987508543,1752.73339910492,17.9023339910492,1752.73339910492,11.4574937542715,1752.73339910492,0.429656015785181,1752.73339910492,28.6437343856788,1752.73339910492
IR-00341,PU-0538,otrpol_ab,0.435882984433709,reconstructed_candidate,243.912701388049,15,12,0.17571097730793,27,1935–1939,"1989–1999, 20…",сухая/гидро,БВР,603.194730465796,58.9041095890407,1943.83561643836,False,,R/D,1438.71253324787,188.955204255727,1438.71253324787,14.7621253324787,1438.71253324787,9.44776021278636,1438.71253324787,0.354291007979488,1438.71253324787,23.6194005319659,1438.71253324787
IR-00342,PU-0001,otrpol_kr2,0.577153618976194,reconstructed_candidate,,,,,,1957–1959,"1996, 2011",сухая/гидро,БВР,344.524437514524,39.2694063926938,1060.27397260274,False,,R/D,5245.14102372596,,5245.14102372596,,5245.14102372596,,5245.14102372596,,5245.14102372596,,5245.14102372596
IR-00343,PU-0002,otrpol_kr2,0.633985036879916,reconstructed_candidate,,,,,,1957–1959,"1996, 2011",сухая/гидро,БВР,272.694190627502,39.2694063926938,1786.75799086758,False,,R/D,4941.24748731756,,4941.24748731756,,4941.24748731756,,4941.24748731756,,4941.24748731756,,4941.24748731756
IR-00344,PU-0003,otrpol_kr2,0.558615647787231,reconstructed_candidate,,,,,,1957–1959,"1996, 2011",сухая/гидро,БВР,230.175076502499,0,471.232876712329,False,,R/D,5388.79671567724,,5388.79671567724,,5388.79671567724,,5388.79671567724,,5388.79671567724,,5388.79671567724
IR-00345,PU-0004,otrpol_kr2,0.694768280145907,reconstructed_candidate,,,,,,1957–1959,"1996, 2011",сухая/гидро,БВР,236.857279630813,78.5388127853876,1099.54337899543,False,,R/D,4666.51515145306,,4666.51515145306,,4666.51515145306,,4666.51515145306,,4666.51515145306,,4666.51515145306
IR-00346,PU-0005,otrpol_kr2,0.738202542976794,reconstructed_candidate,227.545350692464,15.1996587570257,11.8003412429743,0.252664988720371,27,1957–1959,"1996, 2011",сухая/гидро,БВР,283.665022001944,0,1649.31506849315,False,,R/D,4388.67367544531,566.550230456999,4388.67367544531,44.2617367544531,4388.67367544531,28.32751152285,4388.67367544531,1.06228168210687,4388.67367544531,70.8187788071249,4388.67367544531
IR-00347,PU-0006,otrpol_kr2,0.757112752979503,reconstructed_candidate,246.117069914049,15,12,0.28421243282929,27,1956–1957,1978–1981,сухая,БВР,923.304579148517,647.945205479452,1433.33333333333,False,,R/D,3775.00003411908,488.000004367243,3775.00003411908,38.1250003411908,3775.00003411908,24.4000002183621,3775.00003411908,0.91500000818858,3775.00003411908,61.0000005459053,3775.00003411908
IR-00348,PU-0007,otrpol_kr2,0.760778798579274,reconstructed_candidate,246.270324353453,15,12,0.284629092274371,27,1956–1957,1978–1981,сухая,БВР,1014.01241277533,490.867579908675,1668.9497716895,False,,R/D,3596.81778083532,465.192675946921,3596.81778083532,36.3431778083532,3596.81778083532,23.2596337973461,3596.81778083532,0.872236267400477,3596.81778083532,58.1490844933651,3596.81778083532
IR-00349,PU-0008,otrpol_kr2,0.76324320794155,reconstructed_candidate,246.271567560651,15,12,0.284642284836439,27,1956–1957,1978–1981,сухая,БВР,932.429286025911,608.675799086758,1217.35159817352,False,,R/D,3552.20338079633,459.48203274193,3552.20338079633,35.8970338079633,3552.20338079633,22.9741016370965,3552.20338079633,0.861528811391118,3552.20338079633,57.4352540927412,3552.20338079633
IR-00350,PU-0009,otrpol_kr2,0.729148207884789,reconstructed_candidate,228.206962282325,15.3850808817242,11.6149191182758,0.270395266169715,27,1957–1959,"1996, 2011",сухая/гидро,БВР,157.077625570776,39.2694063926938,333.789954337899,False,,R/D,4337.03226719238,559.940130200625,4337.03226719238,43.7453226719238,4337.03226719238,27.9970065100313,4337.03226719238,1.04988774412617,4337.03226719238,69.9925162750781,4337.03226719238
IR-00351,PU-0010,otrpol_kr2,0.678761322371797,reconstructed_candidate,217.144825067483,15.3908179703645,11.6091820296355,0.237646733187456,27,1957–1959,"1996, 2011",сухая/гидро,БВР,230.519556080233,0,530.13698630137,False,,R/D,4484.37109371353,578.799499995332,4484.37109371353,45.2187109371353,4484.37109371353,28.9399749997666,4484.37109371353,1.08524906249125,4484.37109371353,72.3499374994165,4484.37109371353
IR-00352,PU-0011,otrpol_kr2,0.634968158021565,reconstructed_candidate,,,,,,1957–1959,"1996, 2011",сухая/гидро,БВР,246.002327893456,39.2694063926938,1865.29680365297,False,,R/D,4655.02368693648,,4655.02368693648,,4655.02368693648,,4655.02368693648,,4655.02368693648,,4655.02368693648
IR-00353,PU-0012,otrpol_kr2,0.697716585546455,reconstructed_candidate,217.196002870932,15.3892050395589,11.6107949604411,0.237677808019087,27,1957–1959,"1996, 2011",сухая/гидро,БВР,259.084799568708,78.5388127853876,333.789954337899,False,,R/D,4461.85915514029,575.917971857958,4461.85915514029,44.9935915514029,4461.85915514029,28.7958985928979,4461.85915514029,1.07984619723367,4461.85915514029,71.9897464822447,4461.85915514029
IR-00354,PU-0013,otrpol_kr2,0.589199184648826,reconstructed_candidate,,,,,,1957–1959,"1996, 2011",сухая/гидро,БВР,219.989319972871,39.2694063926938,333.789954337899,False,,R/D,4957.27832223365,,4957.27832223365,,4957.27832223365,,4957.27832223365,,4957.27832223365,,4957.27832223365
IR-00355,PU-0014,otrpol_kr2,0.741000196833453,reconstructed_candidate,239.319046340379,15.1872569056167,11.8127430943833,0.286956088453521,27,1957–1959,"1996, 2011",сухая/гидро,БВР,504.020924768364,78.5388127853876,1197.71689497717,False,,R/D,3709.96713880021,479.675793766426,3709.96713880021,37.4746713880021,3709.96713880021,23.9837896883213,3709.96713880021,0.89939211331205,3709.96713880021,59.9594742208033,3709.96713880021
IR-00356,PU-0015,otrpol_kr2,0.748382703586758,reconstructed_candidate,217.432131563634,15.383769426749,11.616230573251,0.237966930554401,27,1957–1959,"1996, 2011",сухая/гидро,БВР,388.891454772159,39.2694063926938,2002.7397260274,False,,R/D,4128.92429177762,533.302309347535,4128.92429177762,41.6642429177762,4128.92429177762,26.6651154673768,4128.92429177762,0.999941830026629,4128.92429177762,66.6627886684419,4128.92429177762
IR-00357,PU-0016,otrpol_kr2,0.767205522857699,reconstructed_candidate,227.788163927088,15.1967781499583,11.8032218500417,0.253169083730045,27,1957–1959,"1996, 2011",сухая/гидро,БВР,330.026828601105,58.9041095890407,1924.20091324201,False,,R/D,3986.72768714403,515.101143954436,3986.72768714403,40.2422768714403,3986.72768714403,25.7550571977218,3986.72768714403,0.965814644914567,3986.72768714403,64.3876429943045,3986.72768714403
IR-00358,PU-0017,otrpol_kr2,0.768623249825592,reconstructed_candidate,246.417576140151,15,12,0.285041692207302,27,1956–1957,1978–1981,сухая,БВР,930.657855158197,510.502283105023,1668.9497716895,False,,R/D,3386.86939243763,438.319282232017,3386.86939243763,34.2436939243763,3386.86939243763,21.9159641116008,3386.86939243763,0.821848654185031,3386.86939243763,54.7899102790021,3386.86939243763
IR-00359,PU-0018,otrpol_kr2,0.745880876771486,reconstructed_candidate,246.382469707266,15,12,0.284915014023403,27,1956–1957,1978–1981,сухая,БВР,1055.90528357762,510.502283105023,1747.48858447489,False,,R/D,3538.41856541473,457.717576373085,3538.41856541473,35.7591856541473,3538.41856541473,22.8858788186543,3538.41856541473,0.858220455699535,3538.41856541473,57.2146970466357,3538.41856541473
IR-00360,PU-0019,otrpol_kr2,0.594319375363079,reconstructed_candidate,,,,,,1957–1959,"1996, 2011",сухая/гидро,БВР,157.077625570776,39.2694063926938,333.789954337899,False,,R/D,4786.85275180157,,4786.85275180157,,4786.85275180157,,4786.85275180157,,4786.85275180157,,4786.85275180157
IR-00361,PU-0020,otrpol_kr2,0.636139607017403,reconstructed_candidate,,,,,,1957–1959,"1996, 2011",сухая/гидро,БВР,427.883956751721,0,2022.37442922374,False,,R/D,5606.71483143014,,5606.71483143014,,5606.71483143014,,5606.71483143014,,5606.71483143014,,5606.71483143014
IR-00362,PU-0021,otrpol_kr2,0.726382793444582,reconstructed_candidate,248.883498486629,15,12,0.297874003437667,27,1957–1959,"1996, 2011",сухая/гидро,БВР,289.270842335514,0,1786.75799086758,False,,R/D,3285.59399144884,425.356030905452,3285.59399144884,33.2309399144884,3285.59399144884,21.2678015452726,3285.59399144884,0.797542557947723,3285.59399144884,53.1695038631815,3285.59399144884
IR-00363,PU-0022,otrpol_kr2,0.753478230261201,reconstructed_candidate,217.426543200239,15.3858766803812,11.6141233196188,0.238103671248098,27,1957–1959,"1996, 2011",сухая/гидро,БВР,208.760596654721,0,2022.37442922374,False,,R/D,3940.31947542611,509.160892854543,3940.31947542611,39.7781947542611,3940.31947542611,25.4580446427271,3940.31947542611,0.954676674102267,3940.31947542611,63.6451116068178,3940.31947542611
IR-00364,PU-0023,otrpol_kr2,0.745820781253706,reconstructed_candidate,246.562565867545,15,12,0.285403955645957,27,1956–1957,1978–1981,сухая,БВР,698.425433531782,353.424657534246,1943.83561643836,False,,R/D,3334.68553854746,431.639748934074,3334.68553854746,33.7218553854746,3334.68553854746,21.5819874467037,3334.68553854746,0.80932452925139,3334.68553854746,53.9549686167593,3334.68553854746
IR-00365,PU-0024,otrpol_kr2,0.775422554489766,reconstructed_candidate,246.650189492296,15,12,0.285686773300132,27,1956–1957,1978–1981,сухая,БВР,700.030592817663,353.424657534246,1668.9497716895,False,,R/D,3114.04787324868,403.39812777583,3114.04787324868,31.5154787324868,3114.04787324868,20.1699063887915,3114.04787324868,0.756371489579682,3114.04787324868,50.4247659719788,3114.04787324868
IR-00366,PU-0025,otrpol_kr2,0.778396310293709,reconstructed_candidate,227.721130356657,15.1982093860758,11.8017906139242,0.253098208814809,27,1957–1959,"1996, 2011",сухая/гидро,БВР,421.105878458241,39.2694063926938,2022.37442922374,False,,R/D,3587.07379891556,463.945446261191,3587.07379891556,36.2457379891556,3587.07379891556,23.1972723130596,3587.07379891556,0.869897711739734,3587.07379891556,57.9931807826489,3587.07379891556
IR-00367,PU-0026,otrpol_kr2,0.776661043884961,reconstructed_candidate,227.522993050122,15.2008874367808,11.7991125632192,0.252717976941582,27,1957–1959,"1996, 2011",сухая/гидро,БВР,235.823208843044,39.2694063926938,498.959485681934,False,,R/D,3674.49567162808,475.135445968394,3674.49567162808,37.1199567162808,3674.49567162808,23.7567722984197,3674.49567162808,0.890878961190739,3674.49567162808,59.3919307460493,3674.49567162808
IR-00368,PU-0027,otrpol_kr2,0.771515516952668,reconstructed_candidate,217.59461101701,15.3821341731968,11.6178658268032,0.238318611813696,27,1957–1959,"1996, 2011",сухая/гидро,БВР,267.580269764596,39.2694063926938,333.789954337899,False,,R/D,3740.69446924636,483.608892063534,3740.69446924636,37.7819446924636,3740.69446924636,24.1804446031767,3740.69446924636,0.906766672619127,3740.69446924636,60.4511115079418,3740.69446924636
IR-00369,PU-0028,otrpol_kr2,0.667218315173301,reconstructed_candidate,217.016789626629,15.3967007046023,11.6032992953977,0.237702842043945,27,1957–1959,"1996, 2011",сухая/гидро,БВР,217.756977363996,39.2694063926938,419.233583890364,False,,R/D,4289.69053880544,553.880388967096,4289.69053880544,43.2719053880544,4289.69053880544,27.6940194483548,4289.69053880544,1.03852572931331,4289.69053880544,69.2350486208871,4289.69053880544
IR-00370,PU-0029,otrpol_kr2,0.766462328546192,reconstructed_candidate,246.68851722048,15,12,0.285761590736046,27,1956–1957,1978–1981,сухая,БВР,568.112692401217,392.694063926941,1197.71689497717,False,,R/D,3163.67812335774,409.750799789791,3163.67812335774,32.0117812335774,3163.67812335774,20.4875399894895,3163.67812335774,0.768282749605858,3163.67812335774,51.2188499737238,3163.67812335774
IR-00371,PU-0030,otrpol_kr2,0.78054462623861,reconstructed_candidate,246.74636167239,15,12,0.28594883438141,27,1956–1957,1978–1981,сухая,БВР,645.171525203139,353.424657534246,1197.71689497717,False,,R/D,3024.93542500456,391.991734400584,3024.93542500456,30.6243542500457,3024.93542500456,19.5995867200292,3024.93542500456,0.734984502001096,3024.93542500456,48.998966800073,3024.93542500456
IR-00372,PU-0031,otrpol_kr2,0.76301127501533,reconstructed_candidate,246.733320994027,15,12,0.285954899733203,27,1956–1957,1978–1981,сухая,БВР,695.637904034015,431.963470319634,1197.71689497717,False,,R/D,2895.7892139424,375.461019384627,2895.7892139424,29.332892139424,2895.7892139424,18.7730509692313,2895.7892139424,0.703989411346176,2895.7892139424,46.9326274230784,2895.7892139424
IR-00373,PU-0032,otrpol_kr2,0.764045567669625,reconstructed_candidate,217.49359622191,15.3857030966922,11.6142969033078,0.238285011099462,27,1957–1959,"1996, 2011",сухая/гидро,БВР,416.532357137497,78.5388127853876,2022.37442922374,False,,R/D,3738.49678979064,483.327589093202,3738.49678979064,37.7599678979064,3738.49678979064,24.1663794546601,3738.49678979064,0.906239229549754,3738.49678979064,60.4159486366502,3738.49678979064
IR-00374,PU-0033,otrpol_kr2,0.784951965934753,reconstructed_candidate,246.895875289238,15,12,0.286363973217067,27,1956–1957,1978–1981,сухая,БВР,596.404109589041,196.34703196347,1197.71689497717,False,,R/D,2871.11222261634,372.302364494891,2871.11222261634,29.0861222261634,2871.11222261634,18.6151182247446,2871.11222261634,0.698066933427921,2871.11222261634,46.5377955618614,2871.11222261634
IR-00375,PU-0034,otrpol_kr2,0.7730515214736,reconstructed_candidate,246.904328331504,15,12,0.286418251220322,27,1956–1957,1978–1981,сухая,БВР,503.957382039574,353.424657534246,1197.71689497717,False,,R/D,2771.32721129029,359.529883045157,2771.32721129029,28.0882721129029,2771.32721129029,17.9764941522579,2771.32721129029,0.67411853070967,2771.32721129029,44.9412353806447,2771.32721129029
IR-00376,PU-0035,otrpol_kr2,0.678613712031819,reconstructed_candidate,217.001385946566,15.3988342503833,11.6011657496167,0.237812653573924,27,1957–1959,"1996, 2011",сухая/гидро,БВР,353.424657534246,333.789954337899,431.963470319634,False,,R/D,4089.12399777864,528.207871715665,4089.12399777864,41.2662399777864,4089.12399777864,26.4103935857833,4089.12399777864,0.990389759466873,4089.12399777864,66.0259839644582,4089.12399777864
IR-00377,PU-0036,otrpol_kr2,0.656042675813834,reconstructed_candidate,216.905464744644,15.4010151238792,11.5989848761208,0.23769328825186,27,1957–1959,"1996, 2011",сухая/гидро,БВР,174.133356176227,98.1735159817354,314.155251141553,False,,R/D,4204.44520364982,542.968986067176,4204.44520364982,42.4194520364981,4204.44520364982,27.1484493033588,4204.44520364982,1.01806684887596,4204.44520364982,67.871123258397,4204.44520364982
IR-00378,PU-0037,otrpol_kr2,0.622289013800553,reconstructed_candidate,,,,,,1957–1959,"1996, 2011",сухая/гидро,БВР,453.490083796966,235.616438356164,1060.27397260274,False,,R/D,5351.59968420337,,5351.59968420337,,5351.59968420337,,5351.59968420337,,5351.59968420337,,5351.59968420337
IR-00379,PU-0038,otrpol_kr2,0.765265762068048,reconstructed_candidate,246.925186234967,15,12,0.286399110491248,27,1956–1957,1978–1981,сухая,БВР,453.627441819609,137.442922374429,1099.54337899543,False,,R/D,2945.09539060383,381.772209997291,2945.09539060383,29.8259539060383,2945.09539060383,19.0886104998645,2945.09539060383,0.71582289374492,2945.09539060383,47.7215262496613,2945.09539060383
IR-00380,PU-0039,otrpol_kr2,0.598240049588334,reconstructed_candidate,,,,,,1957–1959,"1996, 2011",сухая/гидро,БВР,347.148657245639,117.808219178082,1806.39269406393,False,,R/D,5166.7614056703,,5166.7614056703,,5166.7614056703,,5166.7614056703,,5166.7614056703,,5166.7614056703
IR-00381,PU-0040,otrpol_kr2,0.788224881722281,reconstructed_candidate,217.919351065896,15.3773158266855,11.6226841733145,0.238908514154678,27,1957–1959,"1996, 2011",сухая/гидро,БВР,624.37766883456,0,2179.45205479452,False,,R/D,3241.96388415454,419.771377171781,3241.96388415454,32.7946388415454,3241.96388415454,20.988568858589,3241.96388415454,0.787071332197089,3241.96388415454,52.4714221464726,3241.96388415454
IR-00382,PU-0041,otrpol_kr2,0.589192338747708,reconstructed_candidate,,,,,,1957–1959,"1996, 2011",сухая/гидро,БВР,314.955723460481,0,1786.75799086758,False,,R/D,4835.37394393093,,4835.37394393093,,4835.37394393093,,4835.37394393093,,4835.37394393093,,4835.37394393093
IR-00383,PU-0042,otrpol_kr2,0.767986997336393,reconstructed_candidate,228.134967844306,15.1930252342083,11.8069747657917,0.253939005401609,27,1957–1959,"1996, 2011",сухая/гидро,БВР,263.518385003605,0,2022.37442922374,False,,R/D,3112.22285959184,403.164526027756,3112.22285959184,31.4972285959184,3112.22285959184,20.1582263013878,3112.22285959184,0.755933486302042,3112.22285959184,50.3955657534695,3112.22285959184
IR-00384,PU-0043,otrpol_kr2,0.74801453012695,reconstructed_candidate,238.451888291063,15,12,0.26378358882076,27,1956–1957,1978–1981,сухая,БВР,452.318330169098,176.712328767123,1197.71689497717,False,,R/D,3062.63377114147,396.817122706108,3062.63377114147,31.0013377114147,3062.63377114147,19.8408561353054,3062.63377114147,0.744032105073954,3062.63377114147,49.6021403382636,3062.63377114147
IR-00385,PU-0044,otrpol_kr2,0.676535956733812,reconstructed_candidate,248.965283666921,15,12,0.298043151067703,27,1957–1959,"1996, 2011",сухая/гидро,БВР,279.259873331071,0,2022.37442922374,False,,R/D,2843.67339783139,368.790194922418,2843.67339783139,28.8117339783139,2843.67339783139,18.4395097461209,2843.67339783139,0.691481615479533,2843.67339783139,46.0987743653022,2843.67339783139
IR-00386,PU-0045,otrpol_kr2,0.631561676166237,reconstructed_candidate,216.783034907102,15.4040118417593,11.5959881582407,0.237556358505835,27,1957–1959,"1996, 2011",сухая/гидро,БВР,270.16289729983,0,785.388127853881,False,,R/D,4329.14993505528,558.931191687076,4329.14993505528,43.6664993505528,4329.14993505528,27.9465595843538,4329.14993505528,1.04799598441327,4329.14993505528,69.8663989608845,4329.14993505528
IR-00387,PU-0046,otrpol_kr2,0.776139961119776,reconstructed_candidate,246.936624872252,15,12,0.286441214720839,27,1956–1957,1978–1981,сухая,БВР,519.986154820625,176.712328767123,1079.90867579909,False,,R/D,2914.78280508836,377.89219905131,2914.78280508836,29.5228280508836,2914.78280508836,18.8946099525655,2914.78280508836,0.708547873221207,2914.78280508836,47.2365248814138,2914.78280508836
IR-00388,PU-0047,otrpol_kr2,0.643483943029936,reconstructed_candidate,,,,,,1965–1970,"1997–2002, 20…",сухая/гидро,комбайн+БВР,603.875505172827,235.616438356164,1374.42922374429,False,,R/D,5416.38350704808,,5416.38350704808,,5416.38350704808,,5416.38350704808,,5416.38350704808,,5416.38350704808
IR-00389,PU-0048,otrpol_kr2,0.663898268146504,reconstructed_candidate,216.904382235306,15.4018315542678,11.5981684457322,0.237749130921906,27,1957–1959,"1996, 2011",сухая/гидро,БВР,225.799086757991,78.5388127853876,333.789954337899,False,,R/D,4106.05018844205,530.374424120582,4106.05018844205,41.4355018844205,4106.05018844205,26.5187212060291,4106.05018844205,0.994452045226092,4106.05018844205,66.2968030150728,4106.05018844205
IR-00390,PU-0049,otrpol_kr2,0.788274078644532,reconstructed_candidate,217.74155059572,15.3819362096543,11.6180637903457,0.238728952893348,27,1957–1959,"1996, 2011",сухая/гидро,БВР,279.217551004231,39.2694063926938,1040.63926940639,False,,R/D,3350.46778782038,433.659876841008,3350.46778782038,33.8796778782038,3350.46778782038,21.6829938420504,3350.46778782038,0.813112269076891,3350.46778782038,54.207484605126,3350.46778782038
IR-00391,PU-0050,otrpol_kr2,0.738642985857663,reconstructed_candidate,217.250441883591,15.3939895136011,11.6060104863989,0.238181690616036,27,1957–1959,"1996, 2011",сухая/гидро,БВР,358.007154327694,0,1983.10502283105,False,,R/D,3729.64465117188,482.194515350001,3729.64465117188,37.6714465117188,3729.64465117188,24.1097257675,3729.64465117188,0.904114716281252,3729.64465117188,60.2743144187501,3729.64465117188
IR-00392,PU-0051,otrpol_kr2,0.598127830215504,reconstructed_candidate,,,,,,1957–1959,"1996, 2011",сухая/гидро,БВР,421.953389493171,0,1943.83561643836,False,,R/D,4584.88525968859,,4584.88525968859,,4584.88525968859,,4584.88525968859,,4584.88525968859,,4584.88525968859
IR-00393,PU-0052,otrpol_kr2,0.78397452170825,reconstructed_candidate,227.83565915757,15.1973055226819,11.8026944773182,0.253392693092015,27,1957–1959,"1996, 2011",сухая/гидро,БВР,297.727893059252,39.2694063926938,2002.7397260274,False,,R/D,3056.9209242192,396.085878300058,3056.9209242192,30.944209242192,3056.9209242192,19.8042939150029,3056.9209242192,0.742661021812608,3056.9209242192,49.5107347875072,3056.9209242192
IR-00394,PU-0053,otrpol_kr2,0.777973968949873,reconstructed_candidate,217.55221821309,15.3873927057314,11.6126072942686,0.238576421816929,27,1957–1959,"1996, 2011",сухая/гидро,БВР,233.796980645605,0,471.232876712329,False,,R/D,3424.85745917358,443.181754774218,3424.85745917358,34.6235745917358,3424.85745917358,22.1590877387109,3424.85745917358,0.830965790201659,3424.85745917358,55.3977193467773,3424.85745917358
IR-00395,PU-0054,otrpol_kr2,0.79070193893013,reconstructed_candidate,247.049003916336,15,12,0.286773690426962,27,1956–1957,1978–1981,сухая,БВР,287.307662677471,39.2694063926938,1060.27397260274,False,,R/D,2761.76584046878,358.306027580004,2761.76584046878,27.9926584046878,2761.76584046878,17.9153013790002,2761.76584046878,0.671823801712508,2761.76584046878,44.7882534475005,2761.76584046878
IR-00396,PU-0055,otrpol_kr2,0.787239244638745,reconstructed_candidate,247.117710002279,15,12,0.286996286479921,27,1956–1957,1978–1981,сухая,БВР,541.877851312965,137.442922374429,1845.66210045662,False,,R/D,2621.87904824164,340.40051817493,2621.87904824164,26.5937904824164,2621.87904824164,17.0200259087465,2621.87904824164,0.638250971577994,2621.87904824164,42.5500647718662,2621.87904824164
IR-00397,PU-0056,otrpol_kr2,0.675988374174788,reconstructed_candidate,,,,,,1965–1970,"1997–2002, 20…",сухая/гидро,комбайн+БВР,382.770602703004,157.077625570776,1079.90867579909,False,,R/D,5550.40042316561,,5550.40042316561,,5550.40042316561,,5550.40042316561,,5550.40042316561,,5550.40042316561
IR-00398,PU-0057,otrpol_kr2,0.639410925246708,reconstructed_candidate,,,,,,1965–1970,"1997–2002, 20…",сухая/гидро,комбайн+БВР,415.819224698931,157.077625570776,1963.4703196347,False,,R/D,5260.88614008676,,5260.88614008676,,5260.88614008676,,5260.88614008676,,5260.88614008676,,5260.88614008676
IR-00399,PU-0058,otrpol_kr2,0.625963858296945,reconstructed_candidate,249.362821399374,15,12,0.298803974736576,27,1957–1959,"1996, 2011",сухая/гидро,БВР,310.453464116684,279.44955116642,333.789954337899,False,,R/D,2655.5744958046,344.713535462988,2655.5744958046,26.930744958046,2655.5744958046,17.2356767731494,2655.5744958046,0.646337878993103,2655.5744958046,43.0891919328736,2655.5744958046
IR-00400,PU-0059,otrpol_kr2,0.640379942047986,reconstructed_candidate,249.241368562721,15,12,0.298573588487585,27,1957–1959,"1996, 2011",сухая/гидро,БВР,324.302409621534,289.394867107086,410.427967651217,False,,R/D,2666.92026986527,346.165794542754,2666.92026986527,27.0442026986527,2666.92026986527,17.3082897271377,2666.92026986527,0.649060864767664,2666.92026986527,43.2707243178443,2666.92026986527
IR-00401,PU-0060,otrpol_kr2,0.6853231188367,reconstructed_candidate,216.962085392274,15.4013728371952,11.5986271628048,0.237882496864827,27,1957–1959,"1996, 2011",сухая/гидро,БВР,349.932041225413,235.616438356164,451.598173515982,False,,R/D,3939.79359440936,509.093580084399,3939.79359440936,39.7729359440936,3939.79359440936,25.4546790042199,3939.79359440936,0.954550462658247,3939.79359440936,63.6366975105498,3939.79359440936
IR-00402,PU-0061,otrpol_kr2,0.647627201719088,reconstructed_candidate,216.788399139356,15.4053369071126,11.5946630928874,0.237667487130573,27,1957–1959,"1996, 2011",сухая/гидро,БВР,276.09292491913,176.712328767123,431.963470319634,False,,R/D,4130.02691361676,533.443444942945,4130.02691361676,41.6752691361676,4130.02691361676,26.6721722471473,4130.02691361676,1.00020645926802,4130.02691361676,66.6804306178681,4130.02691361676
IR-00403,PU-0062,otrpol_kr2,0.603174446160892,reconstructed_candidate,249.644967662355,15,12,0.299337937248913,27,1957–1959,"1996, 2011",сухая/гидро,БВР,348.511029234542,78.5388127853876,1079.90867579909,False,,R/D,2636.49672175596,342.271580384763,2636.49672175596,26.7399672175596,2636.49672175596,17.1135790192381,2636.49672175596,0.64175921322143,2636.49672175596,42.7839475480953,2636.49672175596
IR-00404,PU-0063,otrpol_kr2,0.615729019634466,reconstructed_candidate,249.469604701804,15,12,0.299006903183426,27,1957–1959,"1996, 2011",сухая/гидро,БВР,137.442922374429,39.2694063926938,196.34703196347,False,,R/D,2635.7274845514,342.173118022579,2635.7274845514,26.732274845514,2635.7274845514,17.1086559011289,2635.7274845514,0.641574596292335,2635.7274845514,42.7716397528223,2635.7274845514
IR-00405,PU-0064,otrpol_kr2,0.608121054671786,reconstructed_candidate,,,,,,1965–1970,"1997–2002, 20…",сухая/гидро,комбайн+БВР,297.74320535284,137.442922374429,903.196347031963,False,,R/D,5037.43094220771,,5037.43094220771,,5037.43094220771,,5037.43094220771,,5037.43094220771,,5037.43094220771
IR-00406,PU-0065,otrpol_kr2,0.595379996661244,reconstructed_candidate,249.882795996767,15,12,0.299785433557426,27,1955–1957,1978–1980,сухая,БВР,226.039785286909,78.5388127853876,314.155251141553,False,,R/D,2570.56971915809,333.832924052236,2570.56971915809,26.0806971915809,2570.56971915809,16.6916462026118,2570.56971915809,0.625936732597943,2570.56971915809,41.7291155065295,2570.56971915809
IR-00407,PU-0066,otrpol_kr2,0.794955693866591,reconstructed_candidate,247.297988894386,15,12,0.287445986104248,27,1956–1957,1978–1981,сухая,БВР,213.470486345259,0,416.393760643836,False,,R/D,2574.61009390028,334.350092019236,2574.61009390028,26.1211009390028,2574.61009390028,16.7175046009618,2574.61009390028,0.626906422536067,2574.61009390028,41.7937615024045,2574.61009390028
IR-00408,PU-0067,otrpol_kr2,0.798819526679405,reconstructed_candidate,247.46691204041,15,12,0.287929509100621,27,1956–1957,1978–1981,сухая,БВР,267.780064863621,39.2694063926938,1983.10502283105,False,,R/D,2413.06976726916,313.672930210453,2413.06976726916,24.5056976726916,2413.06976726916,15.6836465105227,2413.06976726916,0.5881367441446,2413.06976726916,39.2091162763066,2413.06976726916
IR-00409,PU-0068,otrpol_kr2,0.619784431235036,reconstructed_candidate,249.448723543711,15,12,0.29897632542892,27,1957–1959,"1996, 2011",сухая/гидро,БВР,242.161339421613,196.34703196347,333.789954337899,False,,R/D,2480.74649822541,322.335551772853,2480.74649822541,25.1824649822541,2480.74649822541,16.1167775886426,2480.74649822541,0.604379159574099,2480.74649822541,40.2919439716066,2480.74649822541
IR-00410,PU-0069,otrpol_kr2,0.794934223058087,reconstructed_candidate,218.178512586957,15.3738707823501,11.6261292176499,0.239407736098594,27,1957–1959,"1996, 2011",сухая/гидро,БВР,297.972510403452,195.237492100137,1099.54337899543,False,,R/D,2907.42082307512,376.949865353616,2907.42082307512,29.4492082307512,2907.42082307512,18.8474932676808,2907.42082307512,0.706780997538029,2907.42082307512,47.118733169202,2907.42082307512
IR-00411,PU-0070,otrpol_kr2,0.786811051812774,reconstructed_candidate,218.327976959127,15.3710769849278,11.6289230150722,0.239637293190553,27,1957–1959,"1996, 2011",сухая/гидро,БВР,430.02297848043,196.34703196347,1767.12328767123,False,,R/D,2783.19730804711,361.04925543003,2783.19730804711,28.2069730804711,2783.19730804711,18.0524627715015,2783.19730804711,0.676967353931307,2783.19730804711,45.1311569287538,2783.19730804711
IR-00412,PU-0071,otrpol_kr2,0.727520532675353,reconstructed_candidate,217.08847809225,15.4005155370359,11.5994844629641,0.238185020182544,27,1957–1959,"1996, 2011",сухая/гидро,БВР,781.618095355404,215.981735159817,1668.9497716895,False,,R/D,3601.02161896412,465.730767227407,3601.02161896412,36.3852161896412,3601.02161896412,23.2865383613704,3601.02161896412,0.873245188551388,3601.02161896412,58.2163459034259,3601.02161896412
IR-00413,PU-0072,otrpol_kr2,0.781291315899944,reconstructed_candidate,239.359370456527,15,12,0.2662535589342,27,1956–1957,1978–1981,сухая,БВР,184.445059295149,39.2694063926938,333.789954337899,False,,R/D,2628.68070250306,341.271129920392,2628.68070250306,26.6618070250306,2628.68070250306,17.0635564960196,2628.68070250306,0.639883368600735,2628.68070250306,42.658891240049,2628.68070250306
IR-00414,PU-0073,otrpol_kr2,0.611284702184796,reconstructed_candidate,249.60189237859,15,12,0.299271526860566,27,1957–1959,"1996, 2011",сухая/гидро,БВР,593.389410246645,39.2694063926938,1865.29680365297,False,,R/D,2402.16656682788,312.277320553969,2402.16656682788,24.3966656682788,2402.16656682788,15.6138660276984,2402.16656682788,0.585519976038691,2402.16656682788,39.0346650692461,2402.16656682788
IR-00415,PU-0074,otrpol_kr2,0.639982089381883,reconstructed_candidate,249.229742608524,15,12,0.298564711798983,27,1957–1959,"1996, 2011",сухая/гидро,БВР,186.162537016041,0,333.789954337899,False,,R/D,2417.93303991269,314.295429108824,2417.93303991269,24.5543303991269,2417.93303991269,15.7147714554412,2417.93303991269,0.589303929579046,2417.93303991269,39.286928638603,2417.93303991269
IR-00416,PU-0075,otrpol_kr2,0.601676605493818,reconstructed_candidate,,,,,,1965–1970,"1997–2002, 20…",сухая/гидро,комбайн+БВР,426.063791835419,0,1963.4703196347,False,,R/D,4581.6166190998,,4581.6166190998,,4581.6166190998,,4581.6166190998,,4581.6166190998,,4581.6166190998
IR-00417,PU-0076,otrpol_kr2,0.687667887228712,reconstructed_candidate,216.859386764245,15.4062179156273,11.5937820843727,0.23793547037005,27,1957–1959,"1996, 2011",сухая/гидро,БВР,784.617552388282,392.694063926941,1649.31506849315,False,,R/D,3758.69727367657,485.9132510306,3758.69727367657,37.9619727367657,3758.69727367657,24.29566255153,3758.69727367657,0.911087345682376,3758.69727367657,60.7391563788251,3758.69727367657
IR-00418,PU-0077,otrpol_kr2,0.686297667787597,reconstructed_candidate,248.855354088438,15,12,0.29785216652057,27,1957–1959,"1996, 2011",сухая/гидро,БВР,307.629129584781,39.2694063926938,1021.00456621005,False,,R/D,2431.67953633655,316.054980651078,2431.67953633655,24.6917953633655,2431.67953633655,15.8027490325539,2431.67953633655,0.592603088720771,2431.67953633655,39.5068725813848,2431.67953633655
IR-00419,PU-0078,otrpol_kr2,0.742040004010731,reconstructed_candidate,228.589346600533,15.1872862186818,11.8127137813182,0.254872885673612,27,1957–1959,"1996, 2011",сухая/гидро,БВР,362.02432186602,39.2694063926938,1197.71689497717,False,,R/D,2543.46359846358,330.363340603338,2543.46359846358,25.8096359846358,2543.46359846358,16.5181670301669,2543.46359846358,0.619431263631259,2543.46359846358,41.2954175754173,2543.46359846358
IR-00420,PU-0079,otrpol_kr2,0.794092711067791,reconstructed_candidate,217.639021606651,15.3882844978992,11.6117155021008,0.238890888055699,27,1957–1959,"1996, 2011",сухая/гидро,БВР,270.351390384411,0,1060.27397260274,False,,R/D,3138.68278425266,406.55139638434,3138.68278425266,31.7618278425266,3138.68278425266,20.327569819217,3138.68278425266,0.762283868220638,3138.68278425266,50.8189245480425,3138.68278425266
IR-00421,PU-0080,otrpol_kr2,0.660423179518743,reconstructed_candidate,216.726144159476,15.4088589196659,11.5911410803341,0.237741788718733,27,1957–1959,"1996, 2011",сухая/гидро,БВР,652.412252410323,333.789954337899,1433.33333333333,False,,R/D,3933.45954030885,508.282821159533,3933.45954030885,39.7095954030885,3933.45954030885,25.4141410579767,3933.45954030885,0.953030289674125,3933.45954030885,63.5353526449416,3933.45954030885
IR-00422,PU-0081,otrpol_kr2,0.604209328047609,reconstructed_candidate,249.865592901479,15,12,0.299768959951429,27,1955–1957,1978–1980,сухая,БВР,344.698784769371,39.2694063926938,1394.06392694064,False,,R/D,2382.09647110696,309.708348301691,2382.09647110696,24.1959647110696,2382.09647110696,15.4854174150846,2382.09647110696,0.580703153065671,2382.09647110696,38.7135435377114,2382.09647110696
IR-00423,PU-0082,otrpol_kr2,0.77550665643668,reconstructed_candidate,228.028141774729,15.1951080339641,11.8048919660359,0.253818494549524,27,1957–1959,"1996, 2011",сухая/гидро,БВР,400.955683760782,0,2022.37442922374,False,,R/D,2645.88496822242,343.47327593247,2645.88496822242,26.8338496822242,2645.88496822242,17.1736637966235,2645.88496822242,0.644012392373381,2645.88496822242,42.9341594915588,2645.88496822242
IR-00424,PU-0083,otrpol_kr2,0.751804460454216,reconstructed_candidate,239.034969733615,15,12,0.265361758822983,27,1956–1957,1978–1981,сухая,БВР,300.691845289568,137.442922374429,1963.4703196347,False,,R/D,2799.71774062683,363.163870800234,2799.71774062683,28.3721774062683,2799.71774062683,18.1581935400117,2799.71774062683,0.680932257750438,2799.71774062683,45.3954838500292,2799.71774062683
IR-00425,PU-0084,otrpol_kr2,0.803209325091177,reconstructed_candidate,217.890656091666,15.3827363014132,11.6172636985868,0.239216573206952,27,1957–1959,"1996, 2011",сухая/гидро,БВР,218.505251563627,39.2694063926938,333.789954337899,False,,R/D,2957.59900152567,383.372672195286,2957.59900152567,29.9509900152567,2957.59900152567,19.1686336097643,2957.59900152567,0.718823760366162,2957.59900152567,47.9215840244108,2957.59900152567
IR-00426,PU-0085,otrpol_kr2,0.803486106388488,reconstructed_candidate,218.03475334198,15.3792116375068,11.6207883624932,0.239378066510065,27,1957–1959,"1996, 2011",сухая/гидро,БВР,294.520547945205,39.2694063926938,863.926940639269,False,,R/D,2882.07875356085,373.706080455788,2882.07875356085,29.1957875356085,2882.07875356085,18.6853040227894,2882.07875356085,0.700698900854603,2882.07875356085,46.7132600569736,2882.07875356085
IR-00427,PU-0086,otrpol_kr2,0.763084749319511,reconstructed_candidate,217.253755023963,15.3979579748339,11.6020420251661,0.238477001912702,27,1957–1959,"1996, 2011",сухая/гидро,БВР,763.891411607039,176.712328767123,1610.04566210046,False,,R/D,3352.43415226951,433.911571490498,3352.43415226951,33.8993415226951,3352.43415226951,21.6955785745249,3352.43415226951,0.813584196544684,3352.43415226951,54.2389464363122,3352.43415226951
IR-00428,PU-0087,otrpol_kr2,0.616148888598202,reconstructed_candidate,216.451848018939,15.4151197116594,11.5848802883406,0.237402474276737,27,1957–1959,"1996, 2011",сухая/гидро,БВР,336.222885895088,39.2694063926938,1826.02739726027,False,,R/D,4220.03005706565,544.963847304403,4220.03005706565,42.5753005706565,4220.03005706565,27.2481923652201,4220.03005706565,1.02180721369576,4220.03005706565,68.1204809130503,4220.03005706565
IR-00429,PU-0088,otrpol_kr2,0.635653445081273,reconstructed_candidate,,,,,,1965–1970,"1997–2002, 20…",сухая/гидро,комбайн+БВР,238.661716034095,0,903.196347031963,False,,R/D,4929.37477915179,,4929.37477915179,,4929.37477915179,,4929.37477915179,,4929.37477915179,,4929.37477915179
IR-00430,PU-0089,otrpol_kr2,0.688855175445715,reconstructed_candidate,,,,,,1965–1970,"1997–2002, 20…",сухая/гидро,комбайн+БВР,139.974883188679,0,333.789954337899,False,,R/D,5269.83140847054,,5269.83140847054,,5269.83140847054,,5269.83140847054,,5269.83140847054,,5269.83140847054
IR-00431,PU-0090,otrpol_kr2,0.801637746151954,reconstructed_candidate,218.271173301762,15.3747442231998,11.6252557768002,0.239737588453792,27,1957–1959,"1996, 2011",сухая/гидро,БВР,108.941101482814,0,206.34592957717,False,,R/D,2696.88684788689,350.001516529522,2696.88684788689,27.3438684788689,2696.88684788689,17.5000758264761,2696.88684788689,0.656252843492854,2696.88684788689,43.7501895661903,2696.88684788689
IR-00432,PU-0091,otrpol_kr2,0.618445515203822,reconstructed_candidate,249.564361104267,15,12,0.29921700605752,27,1957–1959,"1996, 2011",сухая/гидро,БВР,508.575010143355,39.2694063926938,1826.02739726027,False,,R/D,2180.58715006081,283.915155207784,2180.58715006081,22.1808715006081,2180.58715006081,14.1957577603892,2180.58715006081,0.532340916014596,2180.58715006081,35.489394400973,2180.58715006081
IR-00433,PU-0092,otrpol_kr2,0.647440743432043,reconstructed_candidate,249.111036756975,15,12,0.298355970031805,27,1957–1959,"1996, 2011",сухая/гидро,БВР,296.191593415075,39.2694063926938,1924.20091324201,False,,R/D,2145.31945197248,279.400889852478,2145.31945197248,21.8281945197248,2145.31945197248,13.9700444926239,2145.31945197248,0.523876668473396,2145.31945197248,34.9251112315597,2145.31945197248
IR-00434,PU-0093,otrpol_kr2,0.634335733185828,reconstructed_candidate,250.745190688422,15,12,0.301437623239826,27,1955–1957,1978–1980,сухая,БВР,201.593134297068,58.9041095890407,333.789954337899,False,,R/D,1903.93471240886,248.503643188334,1903.93471240886,19.4143471240886,1903.93471240886,12.4251821594167,1903.93471240886,0.465944330978127,1903.93471240886,31.0629553985418,1903.93471240886
IR-00435,PU-0094,otrpol_kr2,0.796939961119776,reconstructed_candidate,240.13686862839,15,12,0.268364407271659,27,1956–1957,1978–1981,сухая,БВР,1036.16889390102,98.1735159817354,1963.4703196347,False,,R/D,2330.59047114719,303.11558030684,2330.59047114719,23.6809047114719,2330.59047114719,15.155779015342,2330.59047114719,0.568341713075325,2330.59047114719,37.889447538355,2330.59047114719
IR-00436,PU-0095,otrpol_kr2,0.808716401634741,reconstructed_candidate,240.378388901293,15,12,0.269034204465766,27,1956–1957,1978–1981,сухая,БВР,194.968003705069,98.1735159817354,480.695292408652,False,,R/D,2219.0473279552,288.838057978266,2219.0473279552,22.565473279552,2219.0473279552,14.4419028989133,2219.0473279552,0.541571358709249,2219.0473279552,36.1047572472833,2219.0473279552
IR-00437,PU-0096,otrpol_kr2,0.656298590766802,reconstructed_candidate,251.011909074452,15,12,0.301917983181842,27,1955–1957,1978–1980,сухая,БВР,255.025153379274,39.2694063926938,365.28456420503,False,,R/D,1883.97772120738,245.949148314544,1883.97772120738,19.2147772120738,1883.97772120738,12.2974574157272,1883.97772120738,0.461154653089771,1883.97772120738,30.743643539318,1883.97772120738
IR-00438,PU-0097,otrpol_kr2,0.611070143930989,reconstructed_candidate,216.246702857528,15.4194291905631,11.5805708094369,0.23712201634986,27,1965–1970,"1997–2002, 20…",сухая/гидро,комбайн+БВР,267.597028593206,58.9041095890407,1806.39269406393,False,,R/D,4459.04164038253,575.557329968964,4459.04164038253,44.9654164038254,4459.04164038253,28.7778664984482,4459.04164038253,1.07916999369181,4459.04164038253,71.9446662461206,4459.04164038253
IR-00439,PU-0098,otrpol_kr2,0.668103323576871,reconstructed_candidate,216.620126776412,15.413397201485,11.586602798515,0.237762814771061,27,1957–1959,"1996, 2011",сухая/гидро,БВР,687.639592741049,530.13698630137,821.668498224479,False,,R/D,3781.274376388,488.803120177664,3781.274376388,38.18774376388,3781.274376388,24.4401560088832,3781.274376388,0.91650585033312,3781.274376388,61.100390022208,3781.274376388
IR-00440,PU-0099,otrpol_kr2,0.805298280013386,reconstructed_candidate,217.655359386307,15.3913856517011,11.6086143482989,0.239160469976411,27,1957–1959,"1996, 2011",сухая/гидро,БВР,597.501531552082,78.5388127853876,2002.7397260274,False,,R/D,2889.72811284036,374.685198443566,2889.72811284036,29.2722811284036,2889.72811284036,18.7342599221783,2889.72811284036,0.702534747081686,2889.72811284036,46.8356498054457,2889.72811284036
IR-00441,PU-0100,otrpol_kr2,0.763703216174985,reconstructed_candidate,217.153342743871,15.4025375007485,11.5974624992515,0.238516760766389,27,1957–1959,"1996, 2011",сухая/гидро,БВР,1147.7239046559,412.328767123287,1786.75799086758,False,,R/D,3229.53476380806,418.180449767431,3229.53476380806,32.6703476380806,3229.53476380806,20.9090224883716,3229.53476380806,0.784088343313934,3229.53476380806,52.2725562209289,3229.53476380806
IR-00442,PU-0101,otrpol_kr2,0.704510066911302,reconstructed_candidate,216.793079631366,15.4100381525991,11.5899618474009,0.238019023262345,27,1957–1959,"1996, 2011",сухая/гидро,БВР,1289.95326578495,863.926940639269,1806.39269406393,False,,R/D,3568.46901333633,461.564033707051,3568.46901333633,36.0596901333633,3568.46901333633,23.0782016853525,3568.46901333633,0.86543256320072,3568.46901333633,57.6955042133813,3568.46901333633
IR-00443,PU-0102,otrpol_kr2,0.612830394312986,reconstructed_candidate,249.846706627297,15,12,0.299758344644177,27,1957–1959,"1996, 2011",сухая/гидро,БВР,808.622009604309,39.2694063926938,1806.39269406393,False,,R/D,2130.17799650072,277.462783552092,2130.17799650072,21.6767799650072,2130.17799650072,13.8731391776046,2130.17799650072,0.520242719160173,2130.17799650072,34.6828479440116,2130.17799650072
IR-00444,PU-0103,otrpol_kr2,0.811292180568532,reconstructed_candidate,217.916336310431,15.385197180683,11.614802819317,0.23946711954871,27,1957–1959,"1996, 2011",сухая/гидро,БВР,149.372312791561,39.2694063926938,255.251141552511,False,,R/D,2759.45665014275,358.010451218272,2759.45665014275,27.9695665014275,2759.45665014275,17.9005225609136,2759.45665014275,0.67126959603426,2759.45665014275,44.751306402284,2759.45665014275
IR-00445,PU-0104,otrpol_kr2,0.782263806722564,reconstructed_candidate,239.827674356462,15,12,0.267515430576709,27,1956–1957,1978–1981,сухая,БВР,246.801346866946,0,1060.27397260274,False,,R/D,2460.08415361403,319.690771662595,2460.08415361403,24.9758415361403,2460.08415361403,15.9845385831298,2460.08415361403,0.599420196867366,2460.08415361403,39.9613464578244,2460.08415361403
IR-00446,PU-0105,otrpol_kr2,0.751961519669952,reconstructed_candidate,239.537856995617,15,12,0.266717725995961,27,1956–1957,1978–1981,сухая,БВР,241.833359682777,58.9041095890407,2002.7397260274,False,,R/D,2585.39378410273,335.73040436515,2585.39378410273,26.2289378410273,2585.39378410273,16.7865202182575,2585.39378410273,0.629494508184656,2585.39378410273,41.9663005456438,2585.39378410273
IR-00447,PU-0106,otrpol_kr2,0.688321234903489,reconstructed_candidate,248.681416720056,15,12,0.29753970575564,27,1957–1959,"1996, 2011",сухая/гидро,БВР,587.707545555739,235.616438356164,1021.00456621005,False,,R/D,2075.27147285015,270.434748524819,2075.27147285015,21.1277147285015,2075.27147285015,13.5217374262409,2075.27147285015,0.507065153484035,2075.27147285015,33.8043435656023,2075.27147285015
IR-00448,PU-0107,otrpol_kr2,0.8106454145617,reconstructed_candidate,218.221528520136,15.3789542770965,11.6210457229035,0.23989689634554,27,1957–1959,"1996, 2011",сухая/гидро,БВР,215.981735159817,39.2694063926938,333.789954337899,False,,R/D,2568.23346803382,333.533883908329,2568.23346803382,26.0573346803382,2568.23346803382,16.6766941954165,2568.23346803382,0.625376032328118,2568.23346803382,41.6917354885412,2568.23346803382
IR-00449,PU-0108,otrpol_kr2,0.628250730455409,reconstructed_candidate,249.4054971184,15,12,0.298929356367421,27,1957–1959,"1996, 2011",сухая/гидро,БВР,459.401050752773,78.5388127853876,1924.20091324201,False,,R/D,2002.91202340697,261.172738996093,2002.91202340697,20.4041202340697,2002.91202340697,13.0586369498046,2002.91202340697,0.489698885617674,2002.91202340697,32.6465923745116,2002.91202340697
IR-00450,PU-0109,otrpol_kr2,0.730089051622743,reconstructed_candidate,228.843159659964,15.1839608419373,11.8160391580627,0.25540243182517,27,1957–1959,"1996, 2011",сухая/гидро,БВР,850.01902587519,412.328767123287,1786.75799086758,False,,R/D,2163.0155315712,281.665988041114,2163.0155315712,22.005155315712,2163.0155315712,14.0832994020557,2163.0155315712,0.528123727577088,2163.0155315712,35.2082485051392,2163.0155315712
IR-00451,PU-0110,otrpol_kr2,0.786121315678688,reconstructed_candidate,218.792193042839,15.3649478348442,11.6350521651558,0.24053296301398,27,1957–1959,"1996, 2011",сухая/гидро,БВР,335.225558819144,39.2694063926938,1236.98630136986,False,,R/D,2360.22499829172,306.90879978134,2360.22499829172,23.9772499829172,2360.22499829172,15.345439989067,2360.22499829172,0.575453999590013,2360.22499829172,38.3635999726675,2360.22499829172
IR-00452,PU-0111,otrpol_kr2,0.749459498854078,reconstructed_candidate,216.963559149829,15.408097599505,11.591902400495,0.238369692715877,27,1957–1959,"1996, 2011",сухая/гидро,БВР,1363.81980587902,1217.35159817352,1767.12328767123,False,,R/D,3253.49855320215,421.247814809876,3253.49855320215,32.9099855320215,3253.49855320215,21.0623907404938,3253.49855320215,0.789839652768517,3253.49855320215,52.6559768512344,3253.49855320215
IR-00453,PU-0112,otrpol_kr2,0.708852924054159,reconstructed_candidate,216.728922313267,15.4128077427901,11.5871922572099,0.238033117057262,27,1957–1959,"1996, 2011",сухая/гидро,БВР,1370.67915171425,1021.00456621005,1767.12328767123,False,,R/D,3484.73370543952,450.845914296259,3484.73370543952,35.2223370543952,3484.73370543952,22.5422957148129,3484.73370543952,0.845336089305485,3484.73370543952,56.3557392870323,3484.73370543952
IR-00454,PU-0113,otrpol_kr2,0.67212791514334,reconstructed_candidate,216.548658765333,15.4162241255004,11.5837758744996,0.23776012732445,27,1957–1959,"1996, 2011",сухая/гидро,БВР,840.254298784794,687.214611872146,1021.00456621005,False,,R/D,3705.19951492823,479.065537910814,3705.19951492823,37.4269951492823,3705.19951492823,23.9532768955407,3705.19951492823,0.898247883582776,3705.19951492823,59.8831922388517,3705.19951492823
IR-00455,PU-0114,otrpol_kr2,0.798619904734786,reconstructed_candidate,240.455076039777,15,12,0.269220563052689,27,1956–1957,1978–1981,сухая,БВР,1086.83758382742,444.731310805896,1410.58565305343,False,,R/D,2228.14682035153,290.002793004996,2228.14682035153,22.6564682035153,2228.14682035153,14.5001396502498,2228.14682035153,0.543755236884368,2228.14682035153,36.2503491256245,2228.14682035153
IR-00456,PU-0115,otrpol_kr2,0.80045739135792,reconstructed_candidate,217.431537169293,15.3981247738296,11.6018752261704,0.23899987903443,27,1957–1959,"1996, 2011",сухая/гидро,БВР,669.95268620714,196.34703196347,1668.9497716895,False,,R/D,2906.67985919877,376.855021977442,2906.67985919877,29.4417985919877,2906.67985919877,18.8427510988721,2906.67985919877,0.706603166207704,2906.67985919877,47.1068777471803,2906.67985919877
IR-00457,PU-0116,otrpol_kr2,0.816160323346118,reconstructed_candidate,217.916604083232,15.3872335208015,11.6127664791985,0.2396136420585,27,1957–1959,"1996, 2011",сухая/гидро,БВР,199.89178022162,98.1735159817354,314.155251141553,False,,R/D,2643.08883035249,343.115370285119,2643.08883035249,26.8058883035249,2643.08883035249,17.155768514256,2643.08883035249,0.643341319284599,2643.08883035249,42.8894212856399,2643.08883035249
IR-00458,PU-0117,otrpol_kr2,0.66990792624016,reconstructed_candidate,,,,,,1965–1970,"1997–2002, 20…",сухая/гидро,комбайн+БВР,1804.68236055162,1707.36295170252,1924.20091324201,False,,R/D,4873.5774056165,,4873.5774056165,,4873.5774056165,,4873.5774056165,,4873.5774056165,,4873.5774056165
IR-00459,PU-0118,otrpol_kr2,0.618239676653882,reconstructed_candidate,250.113858674578,15,12,0.300292350487386,27,1955–1957,1978–1980,сухая,БВР,237.067235769514,187.513500637813,425.491519105239,False,,R/D,1845.46050854874,241.018945094239,1845.46050854874,18.8296050854874,1845.46050854874,12.0509472547119,1845.46050854874,0.451910522051698,1845.46050854874,30.1273681367798,1845.46050854874
IR-00460,PU-0119,otrpol_kr2,0.619740741222402,reconstructed_candidate,216.104063063055,15.4239858042475,11.5760141957525,0.237039363046158,27,1965–1970,"1997–2002, 20…",сухая/гидро,комбайн+БВР,253.709017071953,0,1865.29680365297,False,,R/D,4361.0143024606,563.009830714956,4361.0143024606,43.985143024606,4361.0143024606,28.1504915357478,4361.0143024606,1.05564343259054,4361.0143024606,70.3762288393696,4361.0143024606
IR-00461,PU-0120,otrpol_kr2,0.65797970024588,reconstructed_candidate,,,,,,1965–1970,"1997–2002, 20…",сухая/гидро,комбайн+БВР,811.027409054654,193.001443241615,1406.7061615252,False,,R/D,4673.70140741671,,4673.70140741671,,4673.70140741671,,4673.70140741671,,4673.70140741671,,4673.70140741671
IR-00462,PU-0121,otrpol_kr2,0.664298590766802,reconstructed_candidate,251.342474304989,15,12,0.302582846161392,27,1955–1957,1978–1980,сухая,БВР,404.213224776152,39.2694063926938,1826.02739726027,False,,R/D,1560.2833341035,204.516266765248,1560.2833341035,15.977833341035,1560.2833341035,10.2258133382624,1560.2833341035,0.38346800018484,1560.2833341035,25.564533345656,1560.2833341035
IR-00463,PU-0122,otrpol_kr2,0.69094461477311,reconstructed_candidate,248.258535690631,15,12,0.290345696579415,27,1955–1957,1978–1980,сухая,БВР,419.430435240059,78.5388127853876,1394.06392694064,False,,R/D,1513.16036108605,198.484526219014,1513.16036108605,15.5066036108605,1513.16036108605,9.9242263109507,1513.16036108605,0.372158486660651,1513.16036108605,24.8105657773767,1513.16036108605
IR-00464,PU-0123,otrpol_kr2,0.662253219819799,reconstructed_candidate,248.808150914617,15,12,0.297797784032573,27,1957–1959,"1996, 2011",сухая/гидро,БВР,284.673116593998,39.2694063926938,903.196347031963,False,,R/D,1853.6418250439,242.06615360562,1853.6418250439,18.911418250439,1853.6418250439,12.103307680281,1853.6418250439,0.453874038010537,1853.6418250439,30.2582692007025,1853.6418250439
IR-00465,PU-0124,otrpol_kr2,0.634989998395397,reconstructed_candidate,250.830130830961,15,12,0.301644226641628,27,1955–1957,1978–1980,сухая,БВР,216.101922351094,0,471.232876712329,False,,R/D,1650.30819048058,216.039448381514,1650.30819048058,16.8780819048058,1650.30819048058,10.8019724190757,1650.30819048058,0.405073965715339,1650.30819048058,27.0049310476892,1650.30819048058
IR-00466,PU-0125,otrpol_kr2,0.621684169579876,reconstructed_candidate,249.959758823803,15,12,0.300012069544378,27,1957–1959,"1996, 2011",сухая/гидро,БВР,349.52059996016,78.5388127853876,2022.37442922374,False,,R/D,1807.80539044922,236.199089977501,1807.80539044922,18.4530539044922,1807.80539044922,11.809954498875,1807.80539044922,0.442873293707814,1807.80539044922,29.5248862471876,1807.80539044922
IR-00467,PU-0126,otrpol_kr2,0.645223536645392,reconstructed_candidate,249.085853902044,15,12,0.298334374341852,27,1957–1959,"1996, 2011",сухая/гидро,БВР,203.7100456621,196.34703196347,255.251141552511,False,,R/D,1812.59006661656,236.81152852692,1812.59006661656,18.5009006661656,1812.59006661656,11.840576426346,1812.59006661656,0.444021615987974,1812.59006661656,29.601441065865,1812.59006661656
IR-00468,PU-0127,otrpol_kr2,0.819749323425675,reconstructed_candidate,217.888078816358,15.3896313464528,11.6103686535472,0.239703039008754,27,1957–1959,"1996, 2011",сухая/гидро,БВР,286.6495373725,196.34703196347,333.789954337899,False,,R/D,2559.93452688372,332.471619441117,2559.93452688372,25.9743452688372,2559.93452688372,16.6235809720558,2559.93452688372,0.623384286452094,2559.93452688372,41.5589524301396,2559.93452688372
IR-00469,PU-0128,otrpol_kr2,0.711380261693844,reconstructed_candidate,248.422441194472,15,12,0.290760708036822,27,1955–1957,1978–1980,сухая,БВР,248.700721791556,206.837693052387,296.922240374818,False,,R/D,1526.5994445829,200.204728906611,1526.5994445829,15.640994445829,1526.5994445829,10.0102364453306,1526.5994445829,0.375383866699896,1526.5994445829,25.0255911133264,1526.5994445829
IR-00470,PU-0129,otrpol_kr2,0.79952985447925,reconstructed_candidate,218.761556840151,15.3693383376924,11.6306616623076,0.240759385484902,27,1957–1959,"1996, 2011",сухая/гидро,БВР,327.859260189946,39.2694063926938,1021.00456621005,False,,R/D,2232.28318400626,290.532247552802,2232.28318400626,22.6978318400626,2232.28318400626,14.5266123776401,2232.28318400626,0.544747964161504,2232.28318400626,36.3165309441002,2232.28318400626
IR-00471,PU-0130,otrpol_kr2,0.816339320307693,reconstructed_candidate,218.279974013182,15.3807187777886,11.6192812222114,0.240190827639217,27,1957–1959,"1996, 2011",сухая/гидро,БВР,498.652496741264,39.2694063926938,1806.39269406393,False,,R/D,2395.10083050271,311.372906304346,2395.10083050271,24.3260083050271,2395.10083050271,15.5686453152173,2395.10083050271,0.58382419932065,2395.10083050271,38.9216132880433,2395.10083050271
IR-00472,PU-0131,otrpol_kr2,0.815912147056164,reconstructed_candidate,217.648298308952,15.3950248997023,11.6049751002977,0.239400302755868,27,1957–1959,"1996, 2011",сухая/гидро,БВР,781.449603799213,392.694063926941,1197.71689497717,False,,R/D,2674.35395681849,347.117306472766,2674.35395681849,27.1185395681849,2674.35395681849,17.3558653236383,2674.35395681849,0.650844949636437,2674.35395681849,43.3896633090958,2674.35395681849
IR-00473,PU-0132,otrpol_kr2,0.795834088214925,reconstructed_candidate,217.270243840296,15.4032716314748,11.5967283685252,0.238904706382125,27,1957–1959,"1996, 2011",сухая/гидро,БВР,1172.5946547314,647.945205479452,2002.7397260274,False,,R/D,2892.36808232504,375.023114537606,2892.36808232504,29.2986808232504,2892.36808232504,18.7511557268803,2892.36808232504,0.703168339758011,2892.36808232504,46.8778893172007,2892.36808232504
IR-00474,PU-0133,otrpol_kr2,0.624202205473294,reconstructed_candidate,216.1791092705,15.4240390739853,11.5759609260147,0.237258870802194,27,1965–1970,"1997–2002, 20…",сухая/гидро,комбайн+БВР,243.712601777701,0,1786.75799086758,False,,R/D,4035.00621926053,521.280796065348,4035.00621926053,40.7250621926053,4035.00621926053,26.0640398032674,4035.00621926053,0.977401492622527,4035.00621926053,65.1600995081684,4035.00621926053
IR-00475,PU-0134,otrpol_kr2,0.631562395220964,reconstructed_candidate,249.405889881592,15,12,0.298950273243764,27,1957–1959,"1996, 2011",сухая/гидро,БВР,491.144390545605,39.2694063926938,1983.10502283105,False,,R/D,1799.10176126389,235.085025441778,1799.10176126389,18.3660176126389,1799.10176126389,11.7542512720889,1799.10176126389,0.440784422703335,1799.10176126389,29.3856281802223,1799.10176126389
IR-00476,PU-0135,otrpol_kr2,0.642247914570787,reconstructed_candidate,216.284332053148,15.4226391720852,11.5773608279148,0.237460667376484,27,1965–1970,"1997–2002, 20…",сухая/гидро,комбайн+БВР,467.551369863013,176.712328767123,1021.00456621005,False,,R/D,3829.77990454603,495.011827781892,3829.77990454603,38.6727990454603,3829.77990454603,24.7505913890946,3829.77990454603,0.928147177091047,3829.77990454603,61.8764784727365,3829.77990454603
IR-00477,PU-0136,otrpol_kr2,0.691899787855105,reconstructed_candidate,,,,,,1965–1970,"1997–2002, 20…",сухая/гидро,комбайн+БВР,865.887511641793,193.95205080007,1499.35815157483,False,,R/D,4987.31284350319,,4987.31284350319,,4987.31284350319,,4987.31284350319,,4987.31284350319,,4987.31284350319
IR-00478,PU-0137,otrpol_kr2,0.762636956004346,reconstructed_candidate,217.020657418993,15.1926323599388,11.8073676400612,0.223866400493803,27,1957–1959,"1996, 2011",сухая/гидро,БВР,178.893962455606,0,333.789954337899,False,,R/D,2034.94538690534,265.273009523884,2034.94538690534,20.7244538690534,2034.94538690534,13.2636504761942,2034.94538690534,0.497386892857282,2034.94538690534,33.1591261904855,2034.94538690534
IR-00479,PU-0138,otrpol_kr2,0.715624792766503,reconstructed_candidate,229.190602510105,15.1790942404773,11.8209057595227,0.256084996284763,27,1957–1959,"1996, 2011",сухая/гидро,БВР,340.027055893625,235.616438356164,451.598173515982,False,,R/D,1889.0087906165,246.593125198912,1889.0087906165,19.265087906165,1889.0087906165,12.3296562599456,1889.0087906165,0.462362109747959,1889.0087906165,30.824140649864,1889.0087906165
IR-00480,PU-0139,otrpol_kr2,0.731918056306221,reconstructed_candidate,248.617908358392,15,12,0.291267924582926,27,1955–1957,1978–1980,сухая,БВР,194.951159532995,78.5388127853876,431.963470319634,False,,R/D,1513.37600896205,198.512129147142,1513.37600896205,15.5087600896205,1513.37600896205,9.92560645735711,1513.37600896205,0.372210242150891,1513.37600896205,24.8140161433928,1513.37600896205
IR-00481,PU-0140,otrpol_kr2,0.652692952540117,reconstructed_candidate,216.341213120385,15.4216239295982,11.5783760704018,0.237551232247279,27,1965–1970,"1997–2002, 20…",сухая/гидро,комбайн+БВР,777.752409944191,412.328767123287,1374.42922374429,False,,R/D,3759.12421397236,485.967899388462,3759.12421397236,37.9662421397236,3759.12421397236,24.2983949694231,3759.12421397236,0.911189811353367,3759.12421397236,60.7459874235578,3759.12421397236
IR-00482,PU-0141,otrpol_kr2,0.776629265490285,reconstructed_candidate,240.288639435953,15,12,0.268750506472836,27,1956–1957,1978–1981,сухая,БВР,730.41095890411,98.1735159817354,2081.27853881279,False,,R/D,2287.14436415624,297.554478611998,2287.14436415624,23.2464436415624,2287.14436415624,14.8777239305999,2287.14436415624,0.557914647397497,2287.14436415624,37.1943098264998,2287.14436415624
IR-00483,PU-0142,otrpol_kr2,0.718544131444515,reconstructed_candidate,216.671040634029,15.4166106851374,11.5833893148626,0.23813879510185,27,1957–1959,"1996, 2011",сухая/гидро,БВР,1331.35955221682,726.48401826484,1826.02739726027,False,,R/D,3283.14501019189,425.042561304562,3283.14501019189,33.2064501019189,3283.14501019189,21.2521280652281,3283.14501019189,0.796954802446054,3283.14501019189,53.1303201630703,3283.14501019189
IR-00484,PU-0143,otrpol_kr2,0.822193905641055,reconstructed_candidate,218.101725746633,15.3895198288662,11.6104801711338,0.240306706746706,27,1957–1959,"1996, 2011",сухая/гидро,БВР,324.810807195958,58.9041095890407,1845.66210045662,False,,R/D,2241.8389677111,291.755387867021,2241.8389677111,22.793389677111,2241.8389677111,14.587769393351,2241.8389677111,0.547041352250664,2241.8389677111,36.4694234833776,2241.8389677111
IR-00485,PU-0144,otrpol_kr2,0.751683956655462,reconstructed_candidate,239.886489457722,15,12,0.26765081915093,27,1956–1957,1978–1981,сухая,БВР,273.068463239301,39.2694063926938,1983.10502283105,False,,R/D,2428.82024128557,315.688990884553,2428.82024128557,24.6632024128557,2428.82024128557,15.7844495442277,2428.82024128557,0.591916857908537,2428.82024128557,39.4611238605691,2428.82024128557
IR-00486,PU-0145,otrpol_kr2,0.795938032394483,reconstructed_candidate,240.705123811267,15,12,0.269885210355174,27,1956–1957,1978–1981,сухая,БВР,668.105646345902,58.9041095890407,1253.04146473552,False,,R/D,2145.33956538119,279.403464368792,2145.33956538119,21.8283956538119,2145.33956538119,13.9701732184396,2145.33956538119,0.523881495691485,2145.33956538119,34.925433046099,2145.33956538119
IR-00487,PU-0146,otrpol_kr2,0.637378197528929,reconstructed_candidate,,,,,,1965–1970,"1997–2002, 20…",сухая/гидро,комбайн+БВР,196.935360990358,78.5388127853876,369.230644805438,False,,R/D,4508.61731399966,,4508.61731399966,,4508.61731399966,,4508.61731399966,,4508.61731399966,,4508.61731399966
IR-00488,PU-0147,otrpol_kr2,0.676536497668731,reconstructed_candidate,,,,,,1965–1970,"1997–2002, 20…",сухая/гидро,комбайн+БВР,1326.38488748275,1037.40525602592,1521.52283455973,False,,R/D,4765.24757987341,,4765.24757987341,,4765.24757987341,,4765.24757987341,,4765.24757987341,,4765.24757987341
IR-00489,PU-0148,otrpol_kr2,0.713380168783435,reconstructed_candidate,,,,,,1965–1970,"1997–2002, 20…",сухая/гидро,комбайн+БВР,568.303802936761,198.955596667496,856.123823770917,False,,R/D,4999.20241726537,,4999.20241726537,,4999.20241726537,,4999.20241726537,,4999.20241726537,,4999.20241726537
IR-00490,PU-0149,otrpol_kr2,0.626033510413065,reconstructed_candidate,215.993343393737,15.4279625658566,11.5720374341434,0.237006742895661,27,1965–1970,"1997–2002, 20…",сухая/гидро,комбайн+БВР,257.283390505542,106.569379522075,475.669655641112,False,,R/D,4210.08137893728,543.690416503971,4210.08137893728,42.4758137893728,4210.08137893728,27.1845208251986,4210.08137893728,1.01941953094495,4210.08137893728,67.9613020629964,4210.08137893728
IR-00491,PU-0150,otrpol_kr2,0.821139320307693,reconstructed_candidate,218.273309219632,15.3834500770003,11.6165499229997,0.240366369410813,27,1957–1959,"1996, 2011",сухая/гидро,БВР,268.340943683409,196.34703196347,353.424657534246,False,,R/D,2280.9226532201,296.758099612173,2280.9226532201,23.184226532201,2280.9226532201,14.8379049806086,2280.9226532201,0.556421436772824,2280.9226532201,37.0947624515216,2280.9226532201
IR-00492,PU-0151,otrpol_kr2,0.821613569598812,reconstructed_candidate,217.602902705625,15.3984267873938,11.6015732126062,0.23951249212201,27,1957–1959,"1996, 2011",сухая/гидро,БВР,629.88901953222,380.650494616666,1197.71689497717,False,,R/D,2554.80213902113,331.814673794704,2554.80213902113,25.9230213902113,2554.80213902113,16.5907336897352,2554.80213902113,0.62215251336507,2554.80213902113,41.476834224338,2554.80213902113
IR-00493,PU-0152,otrpol_kr2,0.628171543738673,reconstructed_candidate,250.016765282594,15,12,0.300158103984803,27,1957–1959,"1996, 2011",сухая/гидро,БВР,337.665809991576,78.5388127853876,1060.27397260274,False,,R/D,1584.85697936672,207.66169335894,1584.85697936672,16.2235697936672,1584.85697936672,10.383084667947,1584.85697936672,0.389365675048013,1584.85697936672,25.9577116698675,1584.85697936672
IR-00494,PU-0153,otrpol_kr2,0.808983828019197,reconstructed_candidate,218.799898996499,15.3732401904148,11.6267598095852,0.241147334268384,27,1957–1959,"1996, 2011",сухая/гидро,БВР,236.400154650248,0,903.196347031963,False,,R/D,2045.45466016579,266.618196501221,2045.45466016579,20.8295466016579,2045.45466016579,13.330909825061,2045.45466016579,0.499909118439789,2045.45466016579,33.3272745626526,2045.45466016579
IR-00495,PU-0154,otrpol_kr2,0.771279803128887,reconstructed_candidate,219.680833820496,15.3526578426266,11.6473421573734,0.242203295608405,27,1957–1959,"1996, 2011",сухая/гидро,БВР,317.895194607523,39.2694063926938,903.196347031963,False,,R/D,1834.29463083948,239.589712747453,1834.29463083948,18.7179463083948,1834.29463083948,11.9794856373727,1834.29463083948,0.449230711401475,1834.29463083948,29.9487140934317,1834.29463083948
IR-00496,PU-0155,otrpol_kr2,0.686023179518743,reconstructed_candidate,248.712687741084,15,12,0.291662671968738,27,1955–1957,1978–1980,сухая,БВР,1755.84874526502,1740.51786798723,1767.61321446,False,,R/D,1265.3104892862,166.759742628634,1265.3104892862,13.028104892862,1265.3104892862,8.3379871314317,1265.3104892862,0.312674517428689,1265.3104892862,20.8449678285792,1265.3104892862
IR-00497,PU-0156,otrpol_kr2,0.638484702184796,reconstructed_candidate,249.238146117792,15,12,0.298659500183249,27,1957–1959,"1996, 2011",сухая/гидро,БВР,272.545782495617,0,1747.48858447489,False,,R/D,1530.96718346249,200.763799483199,1530.96718346249,15.6846718346249,1530.96718346249,10.0381899741599,1530.96718346249,0.376432124030997,1530.96718346249,25.0954749353998,1530.96718346249
IR-00498,PU-0157,otrpol_kr2,0.653909250931106,reconstructed_candidate,248.826838920138,15,12,0.29786355579928,27,1957–1959,"1996, 2011",сухая/гидро,БВР,150.532724505327,0,196.34703196347,False,,R/D,1533.08754126188,201.03520528152,1533.08754126188,15.7058754126188,1533.08754126188,10.051760264076,1533.08754126188,0.376941009902851,1533.08754126188,25.12940066019,1533.08754126188
IR-00499,PU-0158,otrpol_kr2,0.677189823941238,reconstructed_candidate,230.336126774583,15.162862043497,11.837137956503,0.258245029216214,27,1957–1959,"1996, 2011",сухая/гидро,БВР,193.814579798741,39.2694063926938,471.232876712329,False,,R/D,1562.2437388452,204.767198572186,1562.2437388452,15.997437388452,1562.2437388452,10.2383599286093,1562.2437388452,0.383938497322849,1562.2437388452,25.5958998215232,1562.2437388452
IR-00500,PU-0159,otrpol_kr2,0.724380352977037,reconstructed_candidate,229.088535703085,15.1805898145957,11.8194101854043,0.255938952455495,27,1957–1959,"1996, 2011",сухая/гидро,БВР,198.217003696455,0,471.232876712329,False,,R/D,1666.19247494662,218.072636793168,1666.19247494662,17.0369247494662,1666.19247494662,10.9036318396584,1666.19247494662,0.408886193987189,1666.19247494662,27.259079599146,1666.19247494662
IR-00501,PU-0160,otrpol_kr2,0.737272002253896,reconstructed_candidate,249.57056920867,15,12,0.293916948929671,27,1955–1957,1978–1980,сухая,БВР,244.817496337125,78.5388127853876,333.789954337899,False,,R/D,1185.06838206593,156.488752904439,1185.06838206593,12.2256838206593,1185.06838206593,7.82443764522195,1185.06838206593,0.293416411695823,1185.06838206593,19.5610941130549,1185.06838206593
IR-00502,PU-0161,otrpol_kr2,0.70402762904979,reconstructed_candidate,249.083321264464,15,12,0.292650750805947,27,1955–1957,1978–1980,сухая,БВР,1112.63318112633,490.867579908675,1688.58447488584,False,,R/D,1219.20688128505,160.858480804487,1219.20688128505,12.5670688128505,1219.20688128505,8.04292404022434,1219.20688128505,0.301609651508413,1219.20688128505,20.1073101005608,1219.20688128505
IR-00503,PU-0162,otrpol_kr2,0.670867775845907,reconstructed_candidate,248.495796015155,15,12,0.29111443155688,27,1955–1957,1978–1980,сухая,БВР,867.817771184437,392.694063926941,1845.66210045662,False,,R/D,1241.33446614046,163.690811665979,1241.33446614046,12.7883446614046,1241.33446614046,8.18454058329893,1241.33446614046,0.30692027187371,1241.33446614046,20.4613514582473,1241.33446614046
IR-00504,PU-0163,otrpol_kr2,0.656597529669859,reconstructed_candidate,251.422456735701,15,12,0.302826500828557,27,1955–1957,1978–1980,сухая,БВР,204.043720419672,176.712328767123,241.370540676861,False,,R/D,1298.42986875244,170.999023200312,1298.42986875244,13.3592986875244,1298.42986875244,8.54995116001562,1298.42986875244,0.320623168500586,1298.42986875244,21.374877900039,1298.42986875244
IR-00505,PU-0164,otrpol_kr2,0.829470886235996,reconstructed_candidate,217.80546216388,15.3964198036864,11.6035801963136,0.239949231248571,27,1957–1959,"1996, 2011",сухая/гидро,БВР,329.86301369863,255.251141552511,451.598173515982,False,,R/D,2335.33655318356,303.723078807495,2335.33655318356,23.7283655318356,2335.33655318356,15.1861539403748,2335.33655318356,0.569480772764054,2335.33655318356,37.9653848509369,2335.33655318356
IR-00506,PU-0165,otrpol_kr2,0.63895672907255,reconstructed_candidate,250.948512255381,15,12,0.301941136825102,27,1955–1957,1978–1980,сухая,БВР,335.197709854575,39.2694063926938,1983.10502283105,False,,R/D,1376.73246204484,181.02175514174,1376.73246204484,14.1423246204484,1376.73246204484,9.05108775708699,1376.73246204484,0.339415790890762,1376.73246204484,22.6277193927175,1376.73246204484
IR-00507,PU-0166,otrpol_kr2,0.630339226757946,reconstructed_candidate,215.933895892853,15.4305418188076,11.5694581811924,0.237020993305442,27,1965–1970,"1997–2002, 20…",сухая/гидро,комбайн+БВР,432.674621659441,78.5388127853876,1040.63926940639,False,,R/D,4062.47980095463,524.797414522193,4062.47980095463,40.9997980095463,4062.47980095463,26.2398707261097,4062.47980095463,0.983995152229112,4062.47980095463,65.5996768152742,4062.47980095463
IR-00508,PU-0167,otrpol_kr2,0.750238624067653,reconstructed_candidate,216.521953932372,15.4234899752299,11.5765100247701,0.238201621678859,27,1965–1970,"1997–2002, 20…",сухая/гидро,комбайн+БВР,1735.3600742413,1472.60273972603,1845.66210045662,False,,R/D,3033.09454570311,393.036101849998,3033.09454570311,30.7059454570311,3033.09454570311,19.6518050924999,3033.09454570311,0.736942690968747,3033.09454570311,49.1295127312498,3033.09454570311
IR-00509,PU-0168,otrpol_kr2,0.655203969561817,reconstructed_candidate,216.067819703112,15.4303644189145,11.5696355810855,0.237392101234228,27,1965–1970,"1997–2002, 20…",сухая/гидро,комбайн+БВР,660.99106423826,235.616438356164,1374.42922374429,False,,R/D,3597.04098404779,465.221245958117,3597.04098404779,36.3454098404779,3597.04098404779,23.2610622979059,3597.04098404779,0.87228983617147,3597.04098404779,58.1526557447647,3597.04098404779
IR-00510,PU-0169,otrpol_kr2,0.712088729754736,reconstructed_candidate,216.324083765326,15.4266985638328,11.5733014361672,0.237864111796059,27,1965–1970,"1997–2002, 20…",сухая/гидро,комбайн+БВР,1694.31126331811,1295.8904109589,1845.66210045662,False,,R/D,3235.20167462321,418.905814351771,3235.20167462321,32.7270167462321,3235.20167462321,20.9452907175886,3235.20167462321,0.785448401909571,3235.20167462321,52.3632267939714,3235.20167462321
IR-00511,PU-0170,otrpol_kr2,0.681107502641157,reconstructed_candidate,216.185654908309,15.4287620317778,11.5712379682222,0.237615092445157,27,1965–1970,"1997–2002, 20…",сухая/гидро,комбайн+БВР,1333.53652465618,1021.00456621005,1806.39269406393,False,,R/D,3412.75356401185,441.632456193517,3412.75356401185,34.5025356401185,3412.75356401185,22.0816228096759,3412.75356401185,0.828060855362845,3412.75356401185,55.2040570241897,3412.75356401185
IR-00512,PU-0171,otrpol_kr2,0.638685101611753,reconstructed_candidate,215.984066465123,15.4310777333215,11.5689222666785,0.237203171021857,27,1965–1970,"1997–2002, 20…",сухая/гидро,комбайн+БВР,523.42067518714,176.712328767123,1943.83561643836,False,,R/D,3795.04995982737,490.566394857903,3795.04995982737,38.3254995982737,3795.04995982737,24.5283197428952,3795.04995982737,0.919811990358568,3795.04995982737,61.3207993572379,3795.04995982737
IR-00513,PU-0172,otrpol_kr2,0.663477783781475,reconstructed_candidate,215.800922109496,15.4318140814159,11.5681859185841,0.236730486798774,27,1965–1970,"1997–2002, 20…",сухая/гидро,комбайн+БВР,611.753543983584,314.155251141553,1040.63926940639,False,,R/D,4435.63132782673,572.560809961821,4435.63132782673,44.7313132782673,4435.63132782673,28.6280404980911,4435.63132782673,1.07355151867841,4435.63132782673,71.5701012452276,4435.63132782673
IR-00514,PU-0173,otrpol_kr2,0.789809752405192,reconstructed_candidate,216.801125163584,15.4184913881584,11.5815086118416,0.238644420396269,27,1957–1959,"1996, 2011",сухая/гидро,БВР,1358.3060378119,1040.63926940639,1747.48858447489,False,,R/D,2803.93867216516,363.704150037141,2803.93867216516,28.4143867216516,2803.93867216516,18.1852075018571,2803.93867216516,0.681945281319639,2803.93867216516,45.4630187546426,2803.93867216516
IR-00515,PU-0174,otrpol_kr2,0.690183697562935,reconstructed_candidate,,,,,,1965–1970,"1997–2002, 20…",сухая/гидро,комбайн+БВР,223.130396679964,66.7230912401041,626.728312469369,False,,R/D,4678.26180491412,,4678.26180491412,,4678.26180491412,,4678.26180491412,,4678.26180491412,,4678.26180491412
IR-00516,PU-0175,otrpol_kr2,0.719198391446472,reconstructed_candidate,,,,,,1965–1970,"1997–2002, 20…",сухая/гидро,комбайн+БВР,93.2627395603912,0,137.442922374429,False,,R/D,4862.67978492666,,4862.67978492666,,4862.67978492666,,4862.67978492666,,4862.67978492666,,4862.67978492666
IR-00517,PU-0176,otrpol_kr2,0.819106193735391,reconstructed_candidate,217.213988999283,15.4100641718259,11.5899358281741,0.239226315236817,27,1957–1959,"1996, 2011",сухая/гидро,БВР,902.512835929199,353.424657534246,1826.02739726027,False,,R/D,2551.63418441107,331.409175604616,2551.63418441107,25.8913418441107,2551.63418441107,16.5704587802308,2551.63418441107,0.621392204258656,2551.63418441107,41.426146950577,2551.63418441107
IR-00518,PU-0177,otrpol_kr2,0.650644016938677,reconstructed_candidate,215.77445638308,15.4331980779027,11.5668019220974,0.236753827735963,27,1965–1970,"1997–2002, 20…",сухая/гидро,комбайн+БВР,778.569973069821,749.83415366803,811.364286941364,False,,R/D,4321.75195442958,557.984250166986,4321.75195442958,43.5925195442958,4321.75195442958,27.8992125083493,4321.75195442958,1.0462204690631,4321.75195442958,69.7480312708732,4321.75195442958
IR-00519,PU-0178,otrpol_kr2,0.635061852922318,reconstructed_candidate,215.857666623183,15.4334394717224,11.5665605282776,0.237009792223927,27,1965–1970,"1997–2002, 20…",сухая/гидро,комбайн+БВР,359.969558599695,39.2694063926938,1786.75799086758,False,,R/D,3939.56367809,509.06415079552,3939.56367809,39.7706367809,3939.56367809,25.453207539776,3939.56367809,0.954495282741601,3939.56367809,63.63301884944,3939.56367809
IR-00520,PU-0179,otrpol_kr2,0.638696007154146,reconstructed_candidate,215.801968741588,15.4337733139737,11.5662266860263,0.236874003785489,27,1965–1970,"1997–2002, 20…",сухая/гидро,комбайн+БВР,153.013346913142,78.5388127853876,211.341488805764,False,,R/D,4111.87446877648,531.119932003389,4111.87446877648,41.4937446877648,4111.87446877648,26.5559966001694,4111.87446877648,0.995849872506354,4111.87446877648,66.3899915004236,4111.87446877648
IR-00521,PU-0180,otrpol_kr2,0.828312798725559,reconstructed_candidate,218.326248418588,15.388526245776,11.611473754224,0.240877339944841,27,1957–1959,"1996, 2011",сухая/гидро,БВР,196.34703196347,78.5388127853876,314.155251141553,False,,R/D,2003.53832465399,261.252905555711,2003.53832465399,20.4103832465399,2003.53832465399,13.0626452777855,2003.53832465399,0.489849197916958,2003.53832465399,32.6566131944639,2003.53832465399
IR-00522,PU-0181,otrpol_kr2,0.646102658060965,reconstructed_candidate,248.967051599047,15,12,0.298166080609974,27,1957–1959,"1996, 2011",сухая/гидро,БВР,390.857294218591,78.5388127853876,2022.37442922374,False,,R/D,1302.30785807236,171.495405833262,1302.30785807236,13.3980785807236,1302.30785807236,8.57477029166311,1302.30785807236,0.321553885937367,1302.30785807236,21.4369257291578,1302.30785807236
IR-00523,PU-0182,otrpol_kr2,0.645025565085649,reconstructed_candidate,215.769540615888,15.4340860730301,11.5659139269699,0.236803392080621,27,1965–1970,"1997–2002, 20…",сухая/гидро,комбайн+БВР,712.612954232346,467.77187222232,1060.27397260274,False,,R/D,4198.92763410932,542.262737165993,4198.92763410932,42.3642763410932,4198.92763410932,27.1131368582997,4198.92763410932,1.01674263218624,4198.92763410932,67.7828421457492,4198.92763410932
IR-00524,PU-0183,otrpol_kr2,0.660650707978417,reconstructed_candidate,248.547615299781,15,12,0.297366896815901,27,1957–1959,"1996, 2011",сухая/гидро,БВР,219.7357759241,0,370.755589534692,False,,R/D,1171.72954189928,154.781381363108,1171.72954189928,12.0922954189928,1171.72954189928,7.73906906815541,1171.72954189928,0.290215090055828,1171.72954189928,19.3476726703885,1171.72954189928
IR-00525,PU-0184,otrpol_kr2,0.816866777282876,reconstructed_candidate,244.805468875332,15,12,0.281061657148385,27,1956–1957,1978–1981,сухая,БВР,354.486304251205,0,1197.71689497717,False,,R/D,1175.05462729372,155.206992293596,1175.05462729372,12.1255462729372,1175.05462729372,7.76034961467982,1175.05462729372,0.291013110550493,1175.05462729372,19.4008740366995,1175.05462729372
IR-00526,PU-0185,otrpol_kr2,0.809792370722395,reconstructed_candidate,218.961444971149,15.3760119416715,11.6239880583285,0.24180487346537,27,1957–1959,"1996, 2011",сухая/гидро,БВР,198.334803949648,39.2694063926938,333.789954337899,False,,R/D,1792.15463162497,234.195792847996,1792.15463162497,18.2965463162497,1792.15463162497,11.7097896423998,1792.15463162497,0.439117111589992,1792.15463162497,29.2744741059995,1792.15463162497
IR-00527,PU-0186,otrpol_kr2,0.678251685067926,reconstructed_candidate,249.20637546286,15,12,0.293136193905099,27,1955–1957,1978–1980,сухая,БВР,253.870393998734,39.2694063926938,530.13698630137,False,,R/D,1007.30419740371,133.734937267674,1007.30419740371,10.4480419740371,1007.30419740371,6.68674686338372,1007.30419740371,0.25075300737689,1007.30419740371,16.7168671584593,1007.30419740371
IR-00528,PU-0187,otrpol_kr2,0.744280833931719,reconstructed_candidate,240.016579140526,15,12,0.267978905435216,27,1956–1957,1978–1981,сухая,БВР,234.915198956295,0,530.13698630137,False,,R/D,2296.09926192672,298.70070552662,2296.09926192672,23.3359926192672,2296.09926192672,14.935035276331,2296.09926192672,0.560063822862412,2296.09926192672,37.3375881908275,2296.09926192672
IR-00529,PU-0188,otrpol_kr2,0.646138361558588,reconstructed_candidate,250.916673679412,15,12,0.3019589229991,27,1955–1957,1978–1980,сухая,БВР,393.07094182549,39.2694063926938,1119.17808219178,False,,R/D,1194.77156604051,157.730760453185,1194.77156604051,12.3227156604051,1194.77156604051,7.88653802265924,1194.77156604051,0.295745175849721,1194.77156604051,19.7163450566481,1194.77156604051
IR-00530,PU-0189,otrpol_kr2,0.638193533717182,reconstructed_candidate,249.939394940513,15,12,0.300068236754287,27,1957–1959,"1996, 2011",сухая/гидро,БВР,218.326910834985,0,333.789954337899,False,,R/D,1307.63408226305,172.177162529671,1307.63408226305,13.4513408226305,1307.63408226305,8.60885812648355,1307.63408226305,0.322832179743133,1307.63408226305,21.5221453162089,1307.63408226305
IR-00531,PU-0190,otrpol_kr2,0.685523872324389,reconstructed_candidate,230.521829533025,15.1594422332907,11.8405577667093,0.258600341834957,27,1957–1959,"1996, 2011",сухая/гидро,БВР,305.839298204672,39.2694063926938,2022.37442922374,False,,R/D,1265.86664656366,166.830930760148,1265.86664656366,13.0336664656366,1265.86664656366,8.34154653800741,1265.86664656366,0.312807995175278,1265.86664656366,20.8538663450185,1265.86664656366
IR-00532,PU-0191,otrpol_kr2,0.730116266014947,reconstructed_candidate,218.990784904118,15.1793058018883,11.8206941981117,0.228526258407453,27,1957–1959,"1996, 2011",сухая/гидро,БВР,218.707610116529,39.2694063926938,333.789954337899,False,,R/D,1382.32618561753,181.737751759044,1382.32618561753,14.1982618561753,1382.32618561753,9.08688758795221,1382.32618561753,0.340758284548208,1382.32618561753,22.7172189698805,1382.32618561753
IR-00533,PU-0192,otrpol_kr2,0.777561519669952,reconstructed_candidate,220.062678709825,15.3522319150783,11.6477680849217,0.243263667483172,27,1957–1959,"1996, 2011",сухая/гидро,БВР,252.781754463513,39.2694063926938,530.13698630137,False,,R/D,1564.03261068196,204.996174167291,1564.03261068196,16.0153261068196,1564.03261068196,10.2498087083645,1564.03261068196,0.38436782656367,1564.03261068196,25.6245217709113,1564.03261068196
IR-00534,PU-0193,otrpol_kr2,0.783958311640575,reconstructed_candidate,240.839939637532,15,12,0.270219072588622,27,1956–1957,1978–1981,сухая,БВР,179.656611888888,0,970.599777970151,False,,R/D,2047.89317880537,266.930326887088,2047.89317880537,20.8539317880537,2047.89317880537,13.3465163443544,2047.89317880537,0.50049436291329,2047.89317880537,33.366290860886,2047.89317880537
IR-00535,PU-0194,otrpol_kr2,0.712216428535063,reconstructed_candidate,250.152217866747,15,12,0.295669132664441,27,1955–1957,1978–1980,сухая,БВР,332.785036917623,196.34703196347,608.675799086758,False,,R/D,915.8067027899,122.023257957107,915.8067027899,9.533067027899,915.8067027899,6.10116289785536,915.8067027899,0.228793608669576,915.8067027899,15.2529072446384,915.8067027899
IR-00536,PU-0195,otrpol_kr2,0.81503153051452,reconstructed_candidate,216.772285452104,15.423065667151,11.576934332849,0.238885085604513,27,1965–1970,"1997–2002, 20…",сухая/гидро,комбайн+БВР,898.359002523265,294.520547945205,1433.33333333333,False,,R/D,2541.12935901049,330.064557953343,2541.12935901049,25.7862935901049,2541.12935901049,16.5032278976672,2541.12935901049,0.618871046162518,2541.12935901049,41.2580697441679,2541.12935901049
IR-00537,PU-0196,otrpol_kr2,0.666199803166546,reconstructed_candidate,215.653500159256,15.436448042234,11.563551957766,0.236639784525325,27,1965–1970,"1997–2002, 20…",сухая/гидро,комбайн+БВР,121.942129373443,0,314.155251141553,False,,R/D,4319.09929089015,557.644709233939,4319.09929089015,43.5659929089015,4319.09929089015,27.882235461697,4319.09929089015,1.04558382981364,4319.09929089015,69.7055886542424,4319.09929089015
IR-00538,PU-0197,otrpol_kr2,0.642594646386537,reconstructed_candidate,249.315858184202,15,12,0.298875781272842,27,1957–1959,"1996, 2011",сухая/гидро,БВР,301.659533096655,266.818111767602,314.155251141553,False,,R/D,1166.12826499339,154.064417919155,1166.12826499339,12.0362826499339,1166.12826499339,7.70322089595773,1166.12826499339,0.288870783598415,1166.12826499339,19.2580522398943,1166.12826499339
IR-00539,PU-0198,otrpol_kr2,0.649414789881699,reconstructed_candidate,250.875705580738,15,12,0.301947584130886,27,1955–1957,1978–1980,сухая,БВР,305.16992145959,176.712328767123,471.232876712329,False,,R/D,1072.47091120516,142.076276634261,1072.47091120516,11.0997091120516,1072.47091120516,7.10381383171304,1072.47091120516,0.266393018689239,1072.47091120516,17.7595345792826,1072.47091120516
IR-00540,PU-0199,otrpol_kr2,0.785312537242463,reconstructed_candidate,216.306987954065,15.4335192256831,11.5664807743169,0.238297563198276,27,1965–1970,"1997–2002, 20…",сухая/гидро,комбайн+БВР,1324.74853845056,490.867579908675,2002.7397260274,False,,R/D,2667.31943017407,346.216887062281,2667.31943017407,27.0481943017407,2667.31943017407,17.3108443531141,2667.31943017407,0.649156663241777,2667.31943017407,43.2771108827852,2667.31943017407
IR-00541,PU-0200,otrpol_kr2,0.736510066911302,reconstructed_candidate,216.052132228136,15.4369844839093,11.5630155160907,0.237817033055276,27,1965–1970,"1997–2002, 20…",сухая/гидро,комбайн+БВР,1527.93035497723,1276.25570776256,1826.02739726027,False,,R/D,2941.16211174069,381.268750302808,2941.16211174069,29.7866211174069,2941.16211174069,19.0634375151404,2941.16211174069,0.714878906817765,2941.16211174069,47.658593787851,2941.16211174069
IR-00542,PU-0201,otrpol_kr2,0.695470020805123,reconstructed_candidate,215.897866019433,15.4385644925114,11.5614355074886,0.237489419362758,27,1965–1970,"1997–2002, 20…",сухая/гидро,комбайн+БВР,1446.17175979694,1178.08219178082,1826.02739726027,False,,R/D,3184.90675624721,412.468064799643,3184.90675624721,32.2240675624721,3184.90675624721,20.6234032399821,3184.90675624721,0.77337762149933,3184.90675624721,51.5585080999554,3184.90675624721
IR-00543,PU-0202,otrpol_kr2,0.664684638925042,reconstructed_candidate,215.794882825864,15.4391167905992,11.5608832094008,0.237234870665597,27,1965–1970,"1997–2002, 20…",сухая/гидро,комбайн+БВР,1196.36779378859,706.849315068493,1747.48858447489,False,,R/D,3424.20165012567,443.097811216086,3424.20165012567,34.6170165012567,3424.20165012567,22.1548905608043,3424.20165012567,0.830808396030162,3424.20165012567,55.3872264020108,3424.20165012567
IR-00544,PU-0203,otrpol_kr2,0.650100504167413,reconstructed_candidate,215.739153087567,15.4391084772388,11.5608915227612,0.237075123071607,27,1965–1970,"1997–2002, 20…",сухая/гидро,комбайн+БВР,424.823578248236,196.34703196347,1021.00456621005,False,,R/D,3604.06960393923,466.120909304222,3604.06960393923,36.4156960393923,3604.06960393923,23.3060454652111,3604.06960393923,0.873976704945416,3604.06960393923,58.2651136630277,3604.06960393923
IR-00545,PU-0204,otrpol_kr2,0.643626761017683,reconstructed_candidate,215.672248627474,15.4389764092736,11.5610235907264,0.236874395357149,27,1965–1970,"1997–2002, 20…",сухая/гидро,комбайн+БВР,277.330377950307,0,1806.39269406393,False,,R/D,3857.17334085513,498.518187629456,3857.17334085513,38.9467334085513,3857.17334085513,24.9259093814728,3857.17334085513,0.934721601805231,3857.17334085513,62.314773453682,3857.17334085513
IR-00546,PU-0205,otrpol_kr2,0.656431467451652,reconstructed_candidate,215.621275528873,15.438395496578,11.561604503422,0.236686898751997,27,1965–1970,"1997–2002, 20…",сухая/гидро,комбайн+БВР,186.251386389663,0,471.232876712329,False,,R/D,4142.92331379414,535.09418416565,4142.92331379414,41.8042331379414,4142.92331379414,26.7547092082825,4142.92331379414,1.00330159531059,4142.92331379414,66.8867730207063,4142.92331379414
IR-00547,PU-0206,otrpol_kr2,0.67920695331706,reconstructed_candidate,215.568424156304,15.4387134349533,11.5612865650467,0.23655815082208,27,1965–1970,"1997–2002, 20…",сухая/гидро,комбайн+БВР,164.29836545226,39.2694063926938,333.789954337899,False,,R/D,4317.39649210505,557.426750989446,4317.39649210505,43.5489649210505,4317.39649210505,27.8713375494723,4317.39649210505,1.04517515810521,4317.39649210505,69.6783438736807,4317.39649210505
IR-00548,PU-0207,otrpol_kr2,0.697883943029936,reconstructed_candidate,,,,,,1965–1970,"1997–2002, 20…",сухая/гидро,комбайн+БВР,136.797593894688,0,333.789954337899,False,,R/D,4509.72148233226,,4509.72148233226,,4509.72148233226,,4509.72148233226,,4509.72148233226,,4509.72148233226
IR-00549,PU-0208,otrpol_kr2,0.72656946116,reconstructed_candidate,,,,,,1965–1970,"1997–2002, 20…",сухая/гидро,комбайн+БВР,154.419652508924,0,471.232876712329,False,,R/D,4702.88291378099,,4702.88291378099,,4702.88291378099,,4702.88291378099,,4702.88291378099,,4702.88291378099
IR-00550,PU-0209,otrpol_kr2,0.843875371611463,reconstructed_candidate,217.384158499313,15.4140371939712,11.5859628060288,0.239989851779761,27,1957–1959,"1996, 2011",сухая/гидро,БВР,213.497067457933,0,1845.66210045662,False,,R/D,2072.68857782175,270.104137961184,2072.68857782175,21.1018857782175,2072.68857782175,13.5052068980592,2072.68857782175,0.506445258677219,2072.68857782175,33.7630172451479,2072.68857782175
IR-00551,PU-0210,otrpol_kr2,0.794526309600464,reconstructed_candidate,247.050471767569,15,12,0.287196068630474,27,1956–1957,1978–1981,сухая,БВР,731.81717872672,353.424657534246,1767.12328767123,False,,R/D,842.315391604576,112.616370125386,842.315391604576,8.79815391604576,842.315391604576,5.63081850626928,842.315391604576,0.211155693985098,842.315391604576,14.0770462656732,842.315391604576
IR-00552,PU-0211,otrpol_kr2,0.747966841829546,reconstructed_candidate,251.183244696769,15,12,0.298419730499712,27,1955–1957,1978–1980,сухая,БВР,208.034355294629,0,333.789954337899,False,,R/D,781.486051568517,104.83021460077,781.486051568517,8.18986051568518,781.486051568517,5.24151073003851,781.486051568517,0.196556652376444,781.486051568517,13.1037768250963,781.486051568517
IR-00553,PU-0212,otrpol_kr2,0.669504965022942,reconstructed_candidate,249.022767427837,15,12,0.292772619273567,27,1955–1957,1978–1980,сухая,БВР,400.305491844776,78.5388127853876,1394.06392694064,False,,R/D,868.605463980948,115.981499389561,868.605463980948,9.06105463980948,868.605463980948,5.79907496947807,868.605463980948,0.217465311355428,868.605463980948,14.4976874236952,868.605463980948
IR-00554,PU-0213,otrpol_kr2,0.645602254841058,reconstructed_candidate,249.334538933028,15,12,0.298945579220085,27,1957–1959,"1996, 2011",сухая/гидро,БВР,445.506948849762,78.5388127853876,1119.17808219178,False,,R/D,1040.6803928459,138.007090284275,1040.6803928459,10.781803928459,1040.6803928459,6.90035451421373,1040.6803928459,0.258763294283015,1040.6803928459,17.2508862855343,1040.6803928459
IR-00555,PU-0214,otrpol_kr2,0.829321582915273,reconstructed_candidate,245.865418790929,15,12,0.283877326020557,27,1956–1957,1978–1981,сухая,БВР,511.031445449454,157.077625570776,1197.71689497717,False,,R/D,1013.94437048063,134.584879421521,1013.94437048063,10.5144437048063,1013.94437048063,6.72924397107604,1013.94437048063,0.252346648915351,1013.94437048063,16.8231099276901,1013.94437048063
IR-00556,PU-0215,otrpol_kr2,0.723888104925022,reconstructed_candidate,251.25244910736,15,12,0.298771420639676,27,1955–1957,1978–1980,сухая,БВР,255.595046644744,196.34703196347,334.862590537943,False,,R/D,700.521537813585,94.4667568401389,700.521537813585,7.38021537813585,700.521537813585,4.72333784200694,700.521537813585,0.17712516907526,700.521537813585,11.8083446050174,700.521537813585
IR-00557,PU-0216,otrpol_kr2,0.82079674989382,reconstructed_candidate,216.42706065474,15.4345694757865,11.5654305242135,0.2387116609283,27,1965–1970,"1997–2002, 20…",сухая/гидро,комбайн+БВР,255.251141552511,196.34703196347,314.155251141553,False,,R/D,2367.92358752077,307.894219202659,2367.92358752077,24.0542358752077,2367.92358752077,15.3947109601329,2367.92358752077,0.577301661004985,2367.92358752077,38.4867774003324,2367.92358752077
IR-00558,PU-0217,otrpol_kr2,0.749878255314142,reconstructed_candidate,221.983873210551,15.3226124254277,11.6773875745723,0.246634841851311,27,1957–1959,"1996, 2011",сухая/гидро,БВР,454.58795445158,0,1806.39269406393,False,,R/D,1120.94549784595,148.281023724281,1120.94549784595,11.5844549784595,1120.94549784595,7.41405118621407,1120.94549784595,0.278026919483028,1120.94549784595,18.5351279655352,1120.94549784595
IR-00559,PU-0218,otrpol_kr2,0.693657348622695,reconstructed_candidate,250.606733274687,15,12,0.297213137925786,27,1955–1957,1978–1980,сухая,БВР,534.486540381354,39.2694063926938,2002.7397260274,False,,R/D,659.723826655765,89.244649811938,659.723826655765,6.97223826655765,659.723826655765,4.4622324905969,659.723826655765,0.167333718397384,659.723826655765,11.1555812264922,659.723826655765
IR-00560,PU-0219,otrpol_kr2,0.662827775719028,reconstructed_candidate,232.669879098747,15,12,0.252621204322812,27,1957–1959,"1996, 2011",сухая/гидро,БВР,740.693519632069,157.077625570776,1865.29680365297,False,,R/D,873.053544250155,116.55085366402,873.053544250155,9.10553544250156,873.053544250155,5.827542683201,873.053544250155,0.218532850620037,873.053544250155,14.5688567080025,873.053544250155
IR-00561,PU-0220,otrpol_kr2,0.790751241718631,reconstructed_candidate,220.133454422368,15.3616655458246,11.6383344541754,0.24412809375517,27,1957–1959,"1996, 2011",сухая/гидро,БВР,300.518433183294,0,1197.71689497717,False,,R/D,1317.51730705543,173.442215303095,1317.51730705543,13.5501730705543,1317.51730705543,8.67211076515477,1317.51730705543,0.325204153693304,1317.51730705543,21.6802769128869,1317.51730705543
IR-00562,PU-0221,otrpol_kr2,0.821220942150966,reconstructed_candidate,218.839080278875,15.3885853374444,11.6114146625556,0.242338243350267,27,1957–1959,"1996, 2011",сухая/гидро,БВР,241.99998038292,39.2694063926938,333.789954337899,False,,R/D,1520.50608892954,199.424779382981,1520.50608892954,15.5800608892954,1520.50608892954,9.97123896914903,1520.50608892954,0.373921461343089,1520.50608892954,24.9280974228726,1520.50608892954
IR-00563,PU-0222,otrpol_kr2,0.717674461960088,reconstructed_candidate,221.415107333928,15.1645891215378,11.8354108784622,0.234327308071145,27,1957–1959,"1996, 2011",сухая/гидро,БВР,466.568318861252,157.077625570776,1197.71689497717,False,,R/D,966.152692612826,128.467544654442,966.152692612826,10.0365269261283,966.152692612826,6.42337723272209,966.152692612826,0.240876646227078,966.152692612826,16.0584430818052,966.152692612826
IR-00564,PU-0223,otrpol_kr2,0.690372940003835,reconstructed_candidate,221.8246890501,15.1495826670691,11.8504173329309,0.2344891732723,27,1957–1959,"1996, 2011",сухая/гидро,БВР,585.940879596251,157.077625570776,2218.72146118721,False,,R/D,940.052567790403,125.126728677172,940.052567790403,9.77552567790403,940.052567790403,6.25633643385858,940.052567790403,0.234612616269697,940.052567790403,15.6408410846464,940.052567790403
IR-00565,PU-0224,otrpol_kr2,0.844592490039667,reconstructed_candidate,245.878217387425,15,12,0.2838472757489,27,1956–1957,1978–1981,сухая,БВР,1102.48742511903,196.34703196347,1826.02739726027,False,,R/D,997.372497059091,132.463679623564,997.372497059091,10.3487249705909,997.372497059091,6.62318398117818,997.372497059091,0.248369399294182,997.372497059091,16.5579599529455,997.372497059091
IR-00566,PU-0225,otrpol_kr2,0.834971677072206,reconstructed_candidate,246.784520126209,15,12,0.28630916836458,27,1956–1957,1978–1981,сухая,БВР,864.591601479692,530.13698630137,1082.39990185408,False,,R/D,878.221634240091,117.212369182732,878.221634240091,9.15721634240091,878.221634240091,5.86061845913658,878.221634240091,0.219773192217622,878.221634240091,14.6515461478415,878.221634240091
IR-00567,PU-0226,otrpol_kr2,0.819599297909321,reconstructed_candidate,247.796122727303,15,12,0.289070684951453,27,1956–1957,1978–1981,сухая,БВР,769.301633276474,353.424657534246,1197.71689497717,False,,R/D,755.503866864778,101.504494958692,755.503866864778,7.93003866864778,755.503866864778,5.07522474793458,755.503866864778,0.190320928047547,755.503866864778,12.6880618698365,755.503866864778
IR-00568,PU-0227,otrpol_kr2,0.656802479216689,reconstructed_candidate,215.538815925483,15.4452096180789,11.5547903819211,0.236937003552642,27,1965–1970,"1997–2002, 20…",сухая/гидро,комбайн+БВР,281.991992198937,98.1735159817354,437.137806241734,False,,R/D,3504.74746357958,453.407675338186,3504.74746357958,35.4224746357958,3504.74746357958,22.6703837669093,3504.74746357958,0.850139391259099,3504.74746357958,56.6759594172733,3504.74746357958
IR-00569,PU-0228,otrpol_kr2,0.651569659475676,reconstructed_candidate,215.498104881033,15.4444190311886,11.5555809688114,0.236764574641009,27,1965–1970,"1997–2002, 20…",сухая/гидро,комбайн+БВР,230.189593542098,78.5388127853876,333.789954337899,False,,R/D,3741.84980549319,483.756775103128,3741.84980549319,37.7934980549319,3741.84980549319,24.1878387551564,3741.84980549319,0.907043953318365,3741.84980549319,60.469596887891,3741.84980549319
IR-00570,PU-0229,otrpol_kr2,0.68491170231597,reconstructed_candidate,215.456135965425,15.4420534051569,11.5579465948431,0.23647554549212,27,1965–1970,"1997–2002, 20…",сухая/гидро,комбайн+БВР,576.516411340782,176.712328767123,2002.7397260274,False,,R/D,4253.33574412239,549.226975247666,4253.33574412239,42.9083574412239,4253.33574412239,27.4613487623833,4253.33574412239,1.02980057858937,4253.33574412239,68.6533719059583,4253.33574412239
IR-00571,PU-0230,otrpol_kr2,0.669571434104578,reconstructed_candidate,215.510632093668,15.4474489126201,11.5525510873799,0.237015494310449,27,1965–1970,"1997–2002, 20…",сухая/гидро,комбайн+БВР,795.205479452055,628.310502283105,1433.33333333333,False,,R/D,3329.65380168859,430.995686616139,3329.65380168859,33.6715380168859,3329.65380168859,21.549784330807,3329.65380168859,0.808116912405261,3329.65380168859,53.8744608270174,3329.65380168859
IR-00572,PU-0231,otrpol_kr2,0.739155565309181,reconstructed_candidate,250.80220209701,15,12,0.297968799608672,27,1955–1957,1978–1980,сухая,БВР,494.959706957321,39.2694063926938,1943.83561643836,False,,R/D,407.799498288896,56.9983357809787,407.799498288896,4.45299498288896,407.799498288896,2.84991678904894,407.799498288896,0.106871879589335,407.799498288896,7.12479197262234,407.799498288896
IR-00573,PU-0232,otrpol_kr2,0.715652910807187,reconstructed_candidate,252.197895623637,15,12,0.301775869049568,27,1955–1957,1978–1980,сухая,БВР,432.247845861455,39.2694063926938,1197.71689497717,False,,R/D,476.981017121255,65.8535701915207,476.981017121255,5.14481017121255,476.981017121255,3.29267850957603,476.981017121255,0.123475444109101,476.981017121255,8.23169627394008,476.981017121255
IR-00574,PU-0233,otrpol_kr2,0.678907161757257,reconstructed_candidate,215.506388513706,15.4484398314432,11.5515601685568,0.237073534654238,27,1965–1970,"1997–2002, 20…",сухая/гидро,комбайн+БВР,1193.99559255744,844.292237442922,1806.39269406393,False,,R/D,3232.75892227215,418.593142050836,3232.75892227215,32.7025892227216,3232.75892227215,20.9296571025418,3232.75892227215,0.784862141345317,3232.75892227215,52.3241427563545,3232.75892227215
IR-00575,PU-0234,otrpol_kr2,0.705080535384808,reconstructed_candidate,215.510223652624,15.4505296525562,11.5494703474438,0.237231881434915,27,1965–1970,"1997–2002, 20…",сухая/гидро,комбайн+БВР,1385.65657001082,1040.63926940639,1786.75799086758,False,,R/D,3008.39831084088,389.874983787632,3008.39831084088,30.4589831084088,3008.39831084088,19.4937491893816,3008.39831084088,0.731015594601811,3008.39831084088,48.7343729734541,3008.39831084088
IR-00576,PU-0235,otrpol_kr2,0.814411427052382,reconstructed_candidate,215.878611752955,15.4492915678549,11.5507084321451,0.238187096625094,27,1965–1970,"1997–2002, 20…",сухая/гидро,комбайн+БВР,813.159928301415,333.789954337899,1806.39269406393,False,,R/D,2329.72486339292,303.004782514294,2329.72486339292,23.6722486339292,2329.72486339292,15.1502391257147,2329.72486339292,0.568133967214301,2329.72486339292,37.8755978142867,2329.72486339292
IR-00577,PU-0236,otrpol_kr2,0.759316366420774,reconstructed_candidate,215.641410840753,15.4508381920805,11.5491618079195,0.237625191463039,27,1965–1970,"1997–2002, 20…",сухая/гидро,комбайн+БВР,1422.05684249856,1119.17808219178,1845.66210045662,False,,R/D,2673.87938600972,347.056561409244,2673.87938600972,27.1137938600972,2673.87938600972,17.3528280704622,2673.87938600972,0.650731052642332,2673.87938600972,43.3820701761555,2673.87938600972
IR-00578,PU-0237,otrpol_kr2,0.757245023162738,reconstructed_candidate,240.487145811917,15,12,0.269233701900186,27,1956–1957,1978–1981,сухая,БВР,406.092409196016,0,1943.83561643836,False,,R/D,2031.24839973227,264.79979516573,2031.24839973227,20.6874839973227,2031.24839973227,13.2399897582865,2031.24839973227,0.496499615935744,2031.24839973227,33.0999743957163,2031.24839973227
IR-00579,PU-0238,otrpol_kr2,0.707244682905249,reconstructed_candidate,215.380022367981,15.4432045706076,11.5567954293924,0.236339877547801,27,1965–1970,"1997–2002, 20…",сухая/гидро,комбайн+БВР,515.42244907974,39.2694063926938,1865.29680365297,False,,R/D,4391.76868604963,566.946391814353,4391.76868604963,44.2926868604963,4391.76868604963,28.3473195907176,4391.76868604963,1.06302448465191,4391.76868604963,70.8682989767941,4391.76868604963
IR-00580,PU-0239,otrpol_kr2,0.844984901543427,reconstructed_candidate,216.179947258424,15.4456136759426,11.5543863240574,0.23878081522579,27,1965–1970,"1997–2002, 20…",сухая/гидро,комбайн+БВР,355.945425710335,39.2694063926938,1786.75799086758,False,,R/D,2077.5656237248,270.728399836775,2077.5656237248,21.150656237248,2077.5656237248,13.5364199918387,2077.5656237248,0.507615749693953,2077.5656237248,33.8410499795969,2077.5656237248
IR-00581,PU-0240,otrpol_kr2,0.855054108644951,reconstructed_candidate,216.512634095321,15.4442747733503,11.5557252266497,0.239621470946327,27,1965–1970,"1997–2002, 20…",сухая/гидро,комбайн+БВР,277.983529691585,0,1963.4703196347,False,,R/D,1721.35315809779,225.133204236517,1721.35315809779,17.5885315809779,1721.35315809779,11.2566602118259,1721.35315809779,0.42212475794347,1721.35315809779,28.1416505295647,1721.35315809779
IR-00582,PU-0241,otrpol_kr2,0.657345215916132,reconstructed_candidate,250.210355874816,15,12,0.300832485557567,27,1957–1959,"1996, 2011",сухая/гидро,БВР,321.417179808077,0,2002.7397260274,False,,R/D,838.780440255987,112.163896352766,838.780440255987,8.76280440255987,838.780440255987,5.60819481763832,838.780440255987,0.210307305661437,838.780440255987,14.0204870440958,838.780440255987
IR-00583,PU-0242,otrpol_kr2,0.663576491143848,reconstructed_candidate,215.391021012175,15.4498541224118,11.5501458775882,0.236845326439385,27,1965–1970,"1997–2002, 20…",сухая/гидро,комбайн+БВР,283.542625178595,0,903.196347031963,False,,R/D,3413.06671999271,441.672540159067,3413.06671999271,34.5056671999271,3413.06671999271,22.0836270079533,3413.06671999271,0.82813601279825,3413.06671999271,55.2090675198833,3413.06671999271
IR-00584,PU-0243,otrpol_kr2,0.662215732178685,reconstructed_candidate,215.394551315358,15.4461369573897,11.5538630426103,0.236591133526441,27,1965–1970,"1997–2002, 20…",сухая/гидро,комбайн+БВР,355.859698276447,117.808219178082,2002.7397260274,False,,R/D,3878.36388213839,501.230576913714,3878.36388213839,39.1586388213839,3878.36388213839,25.0615288456857,3878.36388213839,0.939807331713215,3878.36388213839,62.6538221142143,3878.36388213839
IR-00585,PU-0244,otrpol_kr2,0.657112475303398,reconstructed_candidate,215.371132275143,15.4481769283591,11.5518230716409,0.236669552976119,27,1965–1970,"1997–2002, 20…",сухая/гидро,комбайн+БВР,154.938178052958,0,333.789954337899,False,,R/D,3684.33553661808,476.394948687114,3684.33553661808,37.2183553661808,3684.33553661808,23.8197474343557,3684.33553661808,0.89324052878834,3684.33553661808,59.5493685858893,3684.33553661808
IR-00586,PU-0245,otrpol_kr2,0.796990091098523,reconstructed_candidate,219.9212668919,15.3758747724532,11.6241252275468,0.244514900262716,27,1957–1959,"1996, 2011",сухая/гидро,БВР,169.625228826033,39.2694063926938,333.789954337899,False,,R/D,1140.98443804298,150.846008069501,1140.98443804298,11.7848443804298,1140.98443804298,7.54230040347505,1140.98443804298,0.282836265130314,1140.98443804298,18.8557510086876,1140.98443804298
IR-00587,PU-0246,otrpol_kr2,0.671513490004743,reconstructed_candidate,225.883370420158,15,12,0.234558095551767,27,1957–1959,"1996, 2011",сухая/гидро,БВР,611.909668081776,78.5388127853876,2022.37442922374,False,,R/D,593.023664344436,80.7070290360879,593.023664344436,6.30523664344437,593.023664344436,4.03535145180439,593.023664344436,0.151325679442665,593.023664344436,10.088378629511,593.023664344436
IR-00588,PU-0247,otrpol_kr2,0.70621839536981,reconstructed_candidate,224.485234263077,15.1405681851933,11.8594318148067,0.241258591535474,27,1957–1959,"1996, 2011",сухая/гидро,БВР,207.691877872555,58.9041095890407,314.155251141553,False,,R/D,686.496723349013,92.6715805886736,686.496723349013,7.23996723349013,686.496723349013,4.63357902943368,686.496723349013,0.173759213603763,686.496723349013,11.5839475735842,686.496723349013
IR-00589,PU-0248,otrpol_kr2,0.755836030400144,reconstructed_candidate,222.768680201423,15.3200490180217,11.6799509819783,0.248675018168743,27,1957–1959,"1996, 2011",сухая/гидро,БВР,311.705347252819,0,1021.00456621005,False,,R/D,890.321052813849,118.761094760173,890.321052813849,9.27821052813849,890.321052813849,5.93805473800863,890.321052813849,0.222677052675324,890.321052813849,14.8451368450216,890.321052813849
IR-00590,PU-0249,otrpol_kr2,0.791339154849154,reconstructed_candidate,250.077054166805,15,12,0.295256319799376,27,1956–1957,1978–1981,сухая,БВР,309.529238769645,0,1197.71689497717,False,,R/D,508.432476636799,69.8793570095102,508.432476636799,5.45932476636799,508.432476636799,3.49396785047551,508.432476636799,0.131023794392832,508.432476636799,8.73491962618878,508.432476636799
IR-00591,PU-0250,otrpol_kr2,0.837244140193535,reconstructed_candidate,217.856370120937,15.417665035607,11.582334964393,0.241571943942445,27,1957–1959,"1996, 2011",сухая/гидро,БВР,366.085863118101,117.808219178082,2022.37442922374,False,,R/D,1444.68046269224,189.719099224607,1444.68046269224,14.8218046269224,1444.68046269224,9.48595496123036,1444.68046269224,0.355723311046138,1444.68046269224,23.7148874030759,1444.68046269224
IR-00592,PU-0251,otrpol_kr2,0.852797520783311,reconstructed_candidate,246.45954634035,15,12,0.285337103781533,27,1956–1957,1978–1981,сухая,БВР,858.572001529182,176.712328767123,1884.93150684932,False,,R/D,877.444568589996,117.112904779519,877.444568589996,9.14944568589996,877.444568589996,5.85564523897597,877.444568589996,0.219586696461599,877.444568589996,14.6391130974399,877.444568589996
IR-00593,PU-0252,otrpol_kr2,0.844073775186497,reconstructed_candidate,247.625480506796,15,12,0.288461182350287,27,1956–1957,1978–1981,сухая,БВР,569.4717963038,157.077625570776,1963.4703196347,False,,R/D,739.991680649865,99.5189351231827,739.991680649865,7.77491680649865,739.991680649865,4.97594675615913,739.991680649865,0.186598003355968,739.991680649865,12.4398668903978,739.991680649865
IR-00594,PU-0253,otrpol_kr2,0.820463869610714,reconstructed_candidate,249.734142884131,15,12,0.29409302644589,27,1956–1957,1978–1981,сухая,БВР,318.854472331996,0,1983.10502283105,False,,R/D,521.143086658194,71.5063150922489,521.143086658194,5.58643086658194,521.143086658194,3.57531575461244,521.143086658194,0.134074340797967,521.143086658194,8.93828938653111,521.143086658194
IR-00595,PU-0254,otrpol_kr2,0.801265527432918,reconstructed_candidate,240.825589289275,15,12,0.27013734306451,27,1956–1957,1978–1981,сухая,БВР,152.155319853592,0,314.155251141553,False,,R/D,1862.71186423369,243.227118621912,1862.71186423369,19.0021186423369,1862.71186423369,12.1613559310956,1862.71186423369,0.456050847416086,1862.71186423369,30.4033898277391,1862.71186423369
IR-00596,PU-0255,otrpol_kr2,0.72895696152812,reconstructed_candidate,252.313083622332,15,12,0.302834074355759,27,1955–1957,1978–1980,сухая,БВР,246.700231898076,136.61638216409,353.424657534246,False,,R/D,273.278558893985,39.77965553843,273.278558893985,3.10778558893985,273.278558893985,1.9889827769215,273.278558893985,0.0745868541345564,273.278558893985,4.97245694230376,273.278558893985
IR-00597,PU-0256,otrpol_kr2,0.734233947072025,reconstructed_candidate,225.046375950738,15.2823079931335,11.7176920068665,0.252451249181822,27,1957–1959,"1996, 2011",сухая/гидро,БВР,782.115677321157,373.059360730594,1197.71689497717,False,,R/D,709.132872123606,95.5690076318216,709.132872123606,7.46632872123606,709.132872123606,4.77845038159108,709.132872123606,0.179191889309666,709.132872123606,11.9461259539777,709.132872123606
IR-00598,PU-0257,otrpol_kr2,0.715604493008416,reconstructed_candidate,225.580618477373,15.1423552036938,11.8576447963062,0.244399183597658,27,1957–1959,"1996, 2011",сухая/гидро,БВР,621.425711018455,157.077625570776,1610.04566210046,False,,R/D,596.302621660189,81.1267355725042,596.302621660189,6.33802621660189,596.302621660189,4.05633677862521,596.302621660189,0.152112629198445,596.302621660189,10.140841946563,596.302621660189
IR-00599,PU-0258,otrpol_kr2,0.713565069097303,reconstructed_candidate,215.284852480765,15.4461631326708,11.5538368673292,0.236279156242278,27,1965–1970,"1997–2002, 20…",сухая/гидро,комбайн+БВР,463.57611852818,373.059360730594,530.13698630137,False,,R/D,4307.70239611473,556.185906702685,4307.70239611473,43.4520239611473,4307.70239611473,27.8092953351343,4307.70239611473,1.04284857506754,4307.70239611473,69.5232383378357,4307.70239611473
IR-00600,PU-0259,otrpol_kr2,0.680256347029829,reconstructed_candidate,215.270159271449,15.454936584954,11.545063415046,0.236861112586746,27,1965–1970,"1997–2002, 20…",сухая/гидро,комбайн+БВР,758.490657248616,549.771689497717,980.394215989911,False,,R/D,3197.7854566073,414.116538445735,3197.7854566073,32.352854566073,3197.7854566073,20.7058269222867,3197.7854566073,0.776468509585753,3197.7854566073,51.7645673057169,3197.7854566073
IR-00601,PU-0260,otrpol_kr2,0.83317620883643,reconstructed_candidate,241.785714908219,15,12,0.27272835463846,27,1956–1957,1978–1981,сухая,БВР,84.5021853051605,82.3408280798067,89.5768284247335,False,,R/D,1603.71930779949,210.076071398335,1603.71930779949,16.4121930779949,1603.71930779949,10.5038035699167,1603.71930779949,0.393892633871878,1603.71930779949,26.2595089247918,1603.71930779949
IR-00602,PU-0261,otrpol_kr2,0.811120645188411,reconstructed_candidate,218.80523461592,15.4070448756081,11.5929551243919,0.243508170579723,27,1957–1959,"1996, 2011",сухая/гидро,БВР,825.092906413776,392.694063926941,1570.77625570776,False,,R/D,1079.73646783661,143.006267883086,1079.73646783661,11.1723646783661,1079.73646783661,7.15031339415431,1079.73646783661,0.268136752280787,1079.73646783661,17.8757834853858,1079.73646783661
IR-00603,PU-0262,otrpol_kr2,0.848294204784084,reconstructed_candidate,216.836514487426,15.4452913428345,11.5547086571655,0.24059079989876,27,1965–1970,"1997–2002, 20…",сухая/гидро,комбайн+БВР,834.340471270635,543.412899757391,1570.77625570776,False,,R/D,1367.61412453995,179.854607941113,1367.61412453995,14.0511412453995,1367.61412453995,8.99273039705566,1367.61412453995,0.337227389889587,1367.61412453995,22.4818259926391,1367.61412453995
IR-00604,PU-0263,otrpol_kr2,0.676349746974877,reconstructed_candidate,230.650729076953,15,12,0.247815819087789,27,1957–1959,"1996, 2011",сухая/гидро,БВР,336.932028712722,196.34703196347,431.963470319634,False,,R/D,363.585073869356,51.3388894552775,363.585073869356,4.01085073869356,363.585073869356,2.56694447276388,363.585073869356,0.0962604177286454,363.585073869356,6.41736118190969,363.585073869356
IR-00605,PU-0264,otrpol_kr2,0.705052075344251,reconstructed_candidate,228.680634547498,15.1301566622525,11.8698433377475,0.250466848601169,27,1957–1959,"1996, 2011",сухая/гидро,БВР,897.487613089723,137.442922374429,1845.66210045662,False,,R/D,480.938211216333,66.3600910356907,480.938211216333,5.18438211216333,480.938211216333,3.31800455178453,480.938211216333,0.12442517069192,480.938211216333,8.29501137946134,480.938211216333
IR-00606,PU-0265,otrpol_kr2,0.732029229254003,reconstructed_candidate,260,15,12,0.33,27,1955–1957,1978–1980,сухая,БВР,195.35,100.016,408.821,True,PUBROW-01,P/H,159.088895582403,25.1633786345476,159.088895582403,1.96588895582403,159.088895582403,1.25816893172738,159.088895582403,0.0471813349397767,159.088895582403,3.14542232931844,159.088895582403
IR-00607,PU-0266,otrpol_kr2,0.669032108263736,reconstructed_candidate,228.690191362757,15,12,0.243791271323412,27,1957–1959,"1996, 2011",сухая/гидро,БВР,230.91629644122,78.5388127853876,333.789954337899,False,,R/D,651.399020413193,88.1790746128887,651.399020413193,6.88899020413193,651.399020413193,4.40895373064444,651.399020413193,0.165335764899166,651.399020413193,11.0223843266111,651.399020413193
IR-00608,PU-0267,otrpol_kr2,0.754898102014915,reconstructed_candidate,223.324437650499,15.3200492273804,11.6799507726196,0.250248101820638,27,1957–1959,"1996, 2011",сухая/гидро,БВР,1010.40948662432,608.675799086758,1845.66210045662,False,,R/D,730.533575480525,98.3082976615072,730.533575480525,7.68033575480525,730.533575480525,4.91541488307536,730.533575480525,0.184328058115326,730.533575480525,12.2885372076884,730.533575480525
IR-00609,PU-0268,otrpol_kr2,0.813215693480592,reconstructed_candidate,215.23645985582,15.4672045303311,11.5327954696689,0.237621092363083,27,1965–1970,"1997–2002, 20…",сухая/гидро,комбайн+БВР,1160.67963510353,471.232876712329,1983.10502283105,False,,R/D,2240.77844926922,291.61964150646,2240.77844926922,22.7827844926922,2240.77844926922,14.580982075323,2240.77844926922,0.546786827824612,2240.77844926922,36.4524551883075,2240.77844926922
IR-00610,PU-0269,otrpol_kr2,0.764289406018338,reconstructed_candidate,215.174481416706,15.464433304609,11.535566695391,0.237255783379403,27,1965–1970,"1997–2002, 20…",сухая/гидро,комбайн+БВР,1499.12740604997,1276.25570776256,1845.66210045662,False,,R/D,2557.41362050888,332.148943425137,2557.41362050888,25.9491362050888,2557.41362050888,16.6074471712569,2557.41362050888,0.622779268922132,2557.41362050888,41.5186179281421,2557.41362050888
IR-00611,PU-0270,otrpol_kr2,0.725359891015376,reconstructed_candidate,215.157300530779,15.461839685156,11.538160314844,0.237026583592295,27,1965–1970,"1997–2002, 20…",сухая/гидро,комбайн+БВР,1321.0553949751,1197.71689497717,1649.31506849315,False,,R/D,2811.69934645435,364.697516346157,2811.69934645435,28.4919934645435,2811.69934645435,18.2348758173079,2811.69934645435,0.683807843149045,2811.69934645435,45.5871895432696,2811.69934645435
IR-00612,PU-0271,otrpol_kr2,0.852031111807016,reconstructed_candidate,215.399722788377,15.4684007804796,11.5315992195204,0.238157827805842,27,1965–1970,"1997–2002, 20…",сухая/гидро,комбайн+БВР,447.303662547182,0,1021.00456621005,False,,R/D,1914.43295481404,249.847418216197,1914.43295481404,19.5193295481404,1914.43295481404,12.4923709108099,1914.43295481404,0.46846390915537,1914.43295481404,31.2309272770247,1914.43295481404
IR-00613,PU-0272,otrpol_kr2,0.701850030912401,reconstructed_candidate,215.150986697424,15.4600872179447,11.5399127820553,0.236885911749475,27,1965–1970,"1997–2002, 20…",сухая/гидро,комбайн+БВР,1484.42349590155,981.735159817351,1845.66210045662,False,,R/D,2989.43829885688,387.44810225368,2989.43829885688,30.2693829885688,2989.43829885688,19.372405112684,2989.43829885688,0.72646519172565,2989.43829885688,48.43101278171,2989.43829885688
IR-00614,PU-0273,otrpol_kr2,0.667977305517482,reconstructed_candidate,226.994200106553,15,12,0.237579961757116,27,1957–1959,"1996, 2011",сухая/гидро,БВР,204.489133070251,196.34703196347,217.950151312773,False,,R/D,408.998823764926,57.1518494419105,408.998823764926,4.46498823764926,408.998823764926,2.85759247209552,408.998823764926,0.107159717703582,408.998823764926,7.14398118023881,408.998823764926
IR-00615,PU-0274,otrpol_kr2,0.747099620342426,reconstructed_candidate,215.201830954597,15.4473124680705,11.5526875319295,0.236123666870448,27,1965–1970,"1997–2002, 20…",сухая/гидро,комбайн+БВР,641.906843231698,274.885844748858,1197.71689497717,False,,R/D,4471.29358762981,577.125579216616,4471.29358762981,45.0879358762981,4471.29358762981,28.8562789608308,4471.29358762981,1.08211046103115,4471.29358762981,72.140697402077,4471.29358762981
IR-00616,PU-0275,otrpol_kr2,0.691193577936652,reconstructed_candidate,234.42611837161,15,12,0.258332496600323,27,1957–1959,"1996, 2011",сухая/гидро,БВР,994.182995334036,157.077625570776,1786.75799086758,False,,R/D,295.158714011262,42.5803153934416,295.158714011262,3.32658714011262,295.158714011262,2.12901576967208,295.158714011262,0.079838091362703,295.158714011262,5.3225394241802,295.158714011262
IR-00617,PU-0276,otrpol_kr2,0.69367496310926,reconstructed_candidate,215.173123505326,15.450700053688,11.549299946312,0.23628391652743,27,1965–1970,"1997–2002, 20…",сухая/гидро,комбайн+БВР,207.150839980528,0,471.232876712329,False,,R/D,4045.89926332672,522.67510570582,4045.89926332672,40.8339926332672,4045.89926332672,26.133755285291,4045.89926332672,0.980015823198413,4045.89926332672,65.3343882132275,4045.89926332672
IR-00618,PU-0277,otrpol_kr2,0.667271077772736,reconstructed_candidate,221.721403994946,15,12,0.222667879401273,27,1957–1959,"1996, 2011",сухая/гидро,БВР,288.344528711599,196.34703196347,333.789954337899,False,,R/D,491.507934472273,67.7130156124509,491.507934472273,5.29007934472273,491.507934472273,3.38565078062255,491.507934472273,0.126961904273345,491.507934472273,8.46412695155636,491.507934472273
IR-00619,PU-0278,otrpol_kr2,0.767942857142857,reconstructed_candidate,239.493982496765,15,12,0.266517799611927,27,1956–1957,1978–1981,сухая,БВР,103.511569289875,58.9041095890407,159.22779193955,False,,R/D,2134.93334058626,278.071467595041,2134.93334058626,21.7243334058626,2134.93334058626,13.903573379752,2134.93334058626,0.521384001740701,2134.93334058626,34.7589334493801,2134.93334058626
IR-00620,PU-0279,otrpol_kr2,0.794337481499403,reconstructed_candidate,240.075429622409,15,12,0.26809094895159,27,1956–1957,1978–1981,сухая,БВР,191.75955873668,98.1735159817354,333.789954337899,False,,R/D,1952.86520774964,254.766746591954,1952.86520774964,19.9036520774964,1952.86520774964,12.7383373295977,1952.86520774964,0.477687649859914,1952.86520774964,31.8458433239943,1952.86520774964
IR-00621,PU-0280,otrpol_kr2,0.809170355557243,reconstructed_candidate,240.457491573782,15,12,0.269124033889093,27,1956–1957,1978–1981,сухая,БВР,252.61889454572,196.34703196347,333.789954337899,False,,R/D,1844.62819866839,240.912409429553,1844.62819866839,18.8212819866839,1844.62819866839,12.0456204714777,1844.62819866839,0.451710767680413,1844.62819866839,30.1140511786942,1844.62819866839
IR-00622,PU-0281,otrpol_kr2,0.667943893646465,reconstructed_candidate,215.134855037372,15.455309162032,11.544690837968,0.236502819732218,27,1965–1970,"1997–2002, 20…",сухая/гидро,комбайн+БВР,200.289228703818,0,883.561643835616,False,,R/D,3555.78939975117,459.941043168149,3555.78939975117,35.9328939975117,3555.78939975117,22.9970521584075,3555.78939975117,0.86238945594028,3555.78939975117,57.4926303960187,3555.78939975117
IR-00623,PU-0282,otrpol_kr2,0.855670163335247,reconstructed_candidate,247.236621424822,15,12,0.2873232458129,27,1956–1957,1978–1981,сухая,БВР,424.44287745501,157.077625570776,1060.27397260274,False,,R/D,713.550973293033,96.1345245815082,713.550973293033,7.51050973293033,713.550973293033,4.80672622907541,713.550973293033,0.180252233590328,713.550973293033,12.0168155726885,713.550973293033
IR-00624,PU-0283,otrpol_kr2,0.843890764285475,reconstructed_candidate,248.609215898782,15,12,0.290944507565158,27,1956–1957,1978–1981,сухая,БВР,430.86891213119,221.680790029623,641.132914241746,False,,R/D,570.74200803586,77.85497702859,570.74200803586,6.0824200803586,570.74200803586,3.8927488514295,570.74200803586,0.145978081928606,570.74200803586,9.73187212857375,570.74200803586
IR-00625,PU-0284,otrpol_kr2,0.791130373247665,reconstructed_candidate,219.370051137217,15.4027546792346,11.5972453207654,0.244800036181293,27,1957–1959,"1996, 2011",сухая/гидро,БВР,1236.50763824615,1040.63926940639,1668.9497716895,False,,R/D,877.94478811165,117.176932878291,877.94478811165,9.15444788111651,877.94478811165,5.85884664391456,877.94478811165,0.219706749146796,877.94478811165,14.6471166097864,877.94478811165
IR-00626,PU-0285,otrpol_kr2,0.692350341167371,reconstructed_candidate,215.042016264658,15.462056649637,11.537943350363,0.236715881186519,27,1965–1970,"1997–2002, 20…",сухая/гидро,комбайн+БВР,1221.27853881279,628.310502283105,1826.02739726027,False,,R/D,3073.07361245785,398.153422394605,3073.07361245785,31.1057361245785,3073.07361245785,19.9076711197302,3073.07361245785,0.746537666989884,3073.07361245785,49.7691777993256,3073.07361245785
IR-00627,PU-0286,otrpol_kr2,0.683811939099218,reconstructed_candidate,215.047529446306,15.4609844909978,11.5390155090022,0.236656034707943,27,1965–1970,"1997–2002, 20…",сухая/гидро,комбайн+БВР,903.196347031963,628.310502283105,1217.35159817352,False,,R/D,3168.01325020945,410.30569602681,3168.01325020945,32.0551325020945,3168.01325020945,20.5152848013405,3168.01325020945,0.769323180050269,3168.01325020945,51.2882120033512,3168.01325020945
IR-00628,PU-0287,otrpol_kr2,0.832762575500989,reconstructed_candidate,241.207733381644,15,12,0.271149890070392,27,1956–1957,1978–1981,сухая,БВР,166.640748378671,58.9041095890407,415.2028918102,False,,R/D,1646.74307997455,215.583114236742,1646.74307997455,16.8424307997455,1646.74307997455,10.7791557118371,1646.74307997455,0.404218339193892,1646.74307997455,26.9478892795928,1646.74307997455
IR-00629,PU-0288,otrpol_kr2,0.721907953571926,reconstructed_candidate,251.153028099667,15,12,0.300184559569126,27,1955–1957,1978–1980,сухая,БВР,359.626341732245,0,1806.39269406393,False,,R/D,235.78676834658,34.9807063483623,235.78676834658,2.7328676834658,235.78676834658,1.74903531741811,235.78676834658,0.0655888244031792,235.78676834658,4.37258829354528,235.78676834658
IR-00630,PU-0289,otrpol_kr2,0.824298957962852,reconstructed_candidate,216.904756507744,15.4564080713287,11.5435919286713,0.241502788615801,27,1965–1970,"1997–2002, 20…",сухая/гидро,комбайн+БВР,1322.15291864121,1001.3698630137,1668.9497716895,False,,R/D,966.747574533292,128.543689540261,966.747574533292,10.0424757453329,966.747574533292,6.42718447701307,966.747574533292,0.24101941788799,966.747574533292,16.0679611925327,966.747574533292
IR-00631,PU-0290,otrpol_kr2,0.803930224096176,reconstructed_candidate,260,15,12,0.33,27,1955–1957,1978–1980,сухая,БВР,170.135,100.008,281.119,True,PUBROW-03,P/H,176.943776618569,27.4488034071768,176.943776618569,2.14443776618569,176.943776618569,1.37244017035884,176.943776618569,0.0514665063884566,176.943776618569,3.4311004258971,176.943776618569
IR-00632,PU-0291,otrpol_kr2,0.677797730835867,reconstructed_candidate,235.175182193624,15,12,0.260294886530346,27,1957–1959,"1996, 2011",сухая/гидро,БВР,1429.69877253797,785.388127853881,1786.75799086758,False,,R/D,229.179386708775,34.1349614987232,229.179386708775,2.66679386708775,229.179386708775,1.70674807493616,229.179386708775,0.0640030528101059,229.179386708775,4.26687018734039,229.179386708775
IR-00633,PU-0292,otrpol_kr2,0.855379919069799,reconstructed_candidate,215.559054263902,15.4807465214708,11.5192534785292,0.239406150553819,27,1965–1970,"1997–2002, 20…",сухая/гидро,комбайн+БВР,1367.76099121987,1001.3698630137,1826.02739726027,False,,R/D,1199.97648244068,158.396989752407,1199.97648244068,12.3747648244068,1199.97648244068,7.91984948762033,1199.97648244068,0.296994355785762,1199.97648244068,19.7996237190508,1199.97648244068
IR-00634,PU-0293,otrpol_kr2,0.870105271849729,reconstructed_candidate,215.115560278034,15.4858278605042,11.5141721394958,0.238533752043862,27,1965–1970,"1997–2002, 20…",сухая/гидро,комбайн+БВР,1480.30265434439,1060.27397260274,1806.39269406393,False,,R/D,1426.73855491205,187.422535028742,1426.73855491205,14.6423855491205,1426.73855491205,9.3711267514371,1426.73855491205,0.351417253178891,1426.73855491205,23.4278168785927,1426.73855491205
IR-00635,PU-0294,otrpol_kr2,0.870529758289845,reconstructed_candidate,214.982549559103,15.4858598558286,11.5141401441714,0.238174398993092,27,1965–1970,"1997–2002, 20…",сухая/гидро,комбайн+БВР,849.177109473155,196.34703196347,2081.27853881279,False,,R/D,1572.73591634452,206.110197292099,1572.73591634452,16.1023591634452,1572.73591634452,10.3055098646049,1572.73591634452,0.386456619922685,1572.73591634452,25.7637746615124,1572.73591634452
IR-00636,PU-0295,otrpol_kr2,0.672082868069066,reconstructed_candidate,224.448871228393,15,12,0.23055769542192,27,1957–1959,"1996, 2011",сухая/гидро,БВР,544.140547030599,196.34703196347,1433.33333333333,False,,R/D,367.686570900626,51.8638810752801,367.686570900626,4.05186570900626,367.686570900626,2.59319405376401,367.686570900626,0.0972447770161503,367.686570900626,6.48298513441002,367.686570900626
IR-00637,PU-0296,otrpol_kr2,0.709154056486418,reconstructed_candidate,241.464866503338,15,12,0.272808277514424,27,1955–1957,1978–1980,сухая,БВР,348.882779299787,78.5388127853876,1197.71689497717,False,,R/D,418.197962835211,58.329339242907,418.197962835211,4.55697962835211,418.197962835211,2.91646696214535,418.197962835211,0.109367511080451,418.197962835211,7.29116740536337,418.197962835211
IR-00638,PU-0297,otrpol_kr2,0.685160098578832,reconstructed_candidate,217.970102511477,15,12,0.208438485163814,27,1961,2011–2012,гидро,БВР,186.577911063883,78.5388127853876,255.251141552511,False,,R/D,615.189361144637,83.5442382265135,615.189361144637,6.52689361144637,615.189361144637,4.17721191132568,615.189361144637,0.156645446674713,615.189361144637,10.4430297783142,615.189361144637
IR-00639,PU-0298,otrpol_kr2,0.701848963722407,reconstructed_candidate,250,15,12,0.3,27,1957–1959,"1996, 2011",сухая/гидро,БВР,1365.18769232389,1178.08219178082,1629.6803652968,True,PUBROW-12,P/H,141.754510188201,22.9445773040897,141.754510188201,1.79254510188201,141.754510188201,1.14722886520449,141.754510188201,0.0430210824451682,141.754510188201,2.86807216301121,141.754510188201
IR-00640,PU-0299,otrpol_kr2,0.720809471697119,reconstructed_candidate,214.801027203418,15.4709599272849,11.5290400727151,0.236659281653154,27,1965–1970,"1997–2002, 20…",сухая/гидро,комбайн+БВР,1398.1866358662,981.735159817351,1786.75799086758,False,,R/D,2819.75526042077,365.728673333858,2819.75526042077,28.5725526042077,2819.75526042077,18.2864336666929,2819.75526042077,0.685741262500984,2819.75526042077,45.7160841667323,2819.75526042077
IR-00641,PU-0300,otrpol_kr2,0.751689190265099,reconstructed_candidate,224.326218060107,15.3136498781596,11.6863501218404,0.252692325831646,27,1957–1959,"1996, 2011",сухая/гидро,БВР,1430.48371571509,1021.00456621005,1826.02739726027,False,,R/D,531.787382269832,72.8687849305385,531.787382269832,5.69287382269832,531.787382269832,3.64343924652692,531.787382269832,0.13662897174476,531.787382269832,9.10859811631731,531.787382269832
IR-00642,PU-0301,otrpol_kr2,0.818500656285231,reconstructed_candidate,214.620628536492,15.4845857351611,11.5154142648389,0.237094559041906,27,1965–1970,"1997–2002, 20…",сухая/гидро,комбайн+БВР,1377.17392130113,765.753424657534,1845.66210045662,False,,R/D,2147.798256501,279.718176832129,2147.798256501,21.85298256501,2147.798256501,13.9859088416064,2147.798256501,0.524471581560241,2147.798256501,34.9647721040161,2147.798256501
IR-00643,PU-0302,otrpol_kr2,0.764424800836636,reconstructed_candidate,214.716683407829,15.4768696569425,11.5231303430575,0.236833040466861,27,1965–1970,"1997–2002, 20…",сухая/гидро,комбайн+БВР,1579.52014450663,1394.06392694064,1943.83561643836,False,,R/D,2512.79590016861,326.437875221582,2512.79590016861,25.5029590016861,2512.79590016861,16.3218937610791,2512.79590016861,0.612071016040466,2512.79590016861,40.8047344026977,2512.79590016861
IR-00644,PU-0303,otrpol_kr2,0.851292810934406,reconstructed_candidate,247.505026935151,15,12,0.287970703085441,27,1956–1957,1978–1981,сухая,БВР,150.160094856082,58.9041095890407,387.353894140839,False,,R/D,604.765040335039,82.209925162885,604.765040335039,6.42265040335039,604.765040335039,4.11049625814425,604.765040335039,0.154143609680409,604.765040335039,10.2762406453606,604.765040335039
IR-00645,PU-0304,otrpol_kr2,0.782615676722798,reconstructed_candidate,239.090946805317,15,12,0.265412544960324,27,1956–1957,1978–1981,сухая,БВР,201.249483326607,91.2804493002943,249.092753816259,False,,R/D,2104.56577464368,274.184419154392,2104.56577464368,21.4206577464368,2104.56577464368,13.7092209577196,2104.56577464368,0.514095785914484,2104.56577464368,34.273052394299,2104.56577464368
IR-00646,PU-0305,otrpol_kr2,0.685094633968705,reconstructed_candidate,244.646820301247,15,12,0.286153416984476,27,1957–1959,"1996, 2011",сухая/гидро,БВР,1485.9982059107,1060.27397260274,1845.66210045662,False,,R/D,79.4617807619676,14.9711079375319,79.4617807619676,1.16961780761968,79.4617807619676,0.748555396876593,79.4617807619676,0.0280708273828722,79.4617807619676,1.87138849219148,79.4617807619676
IR-00647,PU-0306,otrpol_kr2,0.677736165148195,reconstructed_candidate,227.113946631258,15,12,0.238838612946468,27,1957–1959,"1996, 2011",сухая/гидро,БВР,1374.65462382783,687.214611872146,1983.10502283105,False,,R/D,259.453479858038,38.0100454218288,259.453479858038,2.96953479858038,259.453479858038,1.90050227109144,259.453479858038,0.0712688351659291,259.453479858038,4.75125567772861,259.453479858038
IR-00648,PU-0307,otrpol_kr2,0.861534414562451,reconstructed_candidate,214.547644719994,15.4927686942933,11.5072313057067,0.237443344000124,27,1965–1970,"1997–2002, 20…",сухая/гидро,комбайн+БВР,439.504258494699,0,1668.9497716895,False,,R/D,1783.44967222834,233.081558045227,1783.44967222834,18.2094967222834,1783.44967222834,11.6540779022614,1783.44967222834,0.437027921334801,1783.44967222834,29.1351947556534,1783.44967222834
IR-00649,PU-0308,otrpol_kr2,0.691126224813503,reconstructed_candidate,214.825340712932,15.46725887538,11.53274112462,0.236468602093593,27,1965–1970,"1997–2002, 20…",сухая/гидро,комбайн+БВР,1282.80060882801,510.502283105023,1668.9497716895,False,,R/D,3109.41919159436,402.805656524078,3109.41919159436,31.4691919159436,3109.41919159436,20.1402828262039,3109.41919159436,0.755260605982646,3109.41919159436,50.3507070655097,3109.41919159436
IR-00650,PU-0309,otrpol_kr2,0.831991720789594,reconstructed_candidate,247.640628292666,15,12,0.288312637626245,27,1956–1957,1978–1981,сухая,БВР,357.791456387361,98.1735159817354,1884.93150684932,False,,R/D,537.772257939556,73.6348490162632,537.772257939556,5.75272257939556,537.772257939556,3.68174245081316,537.772257939556,0.138065341905494,537.772257939556,9.2043561270329,537.772257939556
IR-00651,PU-0310,otrpol_kr2,0.704150486420463,reconstructed_candidate,231.463987593048,15,12,0.24513226936652,27,1955–1957,1978–1980,сухая,БВР,285.862745101431,157.077625570776,431.963470319634,False,,R/D,548.883353454817,75.0570692422166,548.883353454817,5.86383353454817,548.883353454817,3.75285346211083,548.883353454817,0.140732004829156,548.883353454817,9.38213365527708,548.883353454817
IR-00652,PU-0311,otrpol_kr2,0.816746902666034,reconstructed_candidate,215.523721846445,15.4939980432453,11.5060019567547,0.240117947617057,27,1965–1970,"1997–2002, 20…",сухая/гидро,комбайн+БВР,1412.12542233424,1217.35159817352,1610.04566210046,False,,R/D,796.819600506764,106.792908864866,796.819600506764,8.34319600506764,796.819600506764,5.33964544324329,796.819600506764,0.200236704121623,796.819600506764,13.3491136081082,796.819600506764
IR-00653,PU-0312,otrpol_kr2,0.819187731008493,reconstructed_candidate,239.828178858159,15,12,0.267404229293808,27,1956–1957,1978–1981,сухая,БВР,255.251141552511,137.442922374429,314.155251141553,False,,R/D,1857.63483203178,242.577258500068,1857.63483203178,18.9513483203178,1857.63483203178,12.1288629250034,1857.63483203178,0.454832359687628,1857.63483203178,30.3221573125085,1857.63483203178
IR-00654,PU-0313,otrpol_kr2,0.860433712555137,reconstructed_candidate,214.35183154614,15.5138528997735,11.4861471002265,0.23825263376465,27,1965–1970,"1997–2002, 20…",сухая/гидро,комбайн+БВР,1284.08700549185,1021.00456621005,1668.9497716895,False,,R/D,1084.21142625465,143.579062560595,1084.21142625465,11.2171142625465,1084.21142625465,7.17895312802977,1084.21142625465,0.269210742301116,1084.21142625465,17.9473828200744,1084.21142625465
IR-00655,PU-0314,otrpol_kr2,0.84720369777587,reconstructed_candidate,240.730458034015,15,12,0.269840453693274,27,1956–1957,1978–1981,сухая,БВР,553.355773422891,84.0408026037635,1079.90867579909,False,,R/D,1618.20861477131,211.930702690727,1618.20861477131,16.5570861477131,1618.20861477131,10.5965351345364,1618.20861477131,0.397370067545114,1618.20861477131,26.4913378363409,1618.20861477131
IR-00656,PU-0315,otrpol_kr2,0.863536088185357,reconstructed_candidate,241.392297467287,15,12,0.271622405769601,27,1956–1957,1978–1981,сухая,БВР,331.844682047496,108.580095904765,562.564736394732,False,,R/D,1448.97944443961,190.26936888827,1448.97944443961,14.8647944443961,1448.97944443961,9.51346844441348,1448.97944443961,0.356755066665505,1448.97944443961,23.7836711110337,1448.97944443961
IR-00657,PU-0316,otrpol_kr2,0.876505271849728,reconstructed_candidate,214.155553804532,15.5128247652019,11.4871752347981,0.237680547790012,27,1965–1970,"1997–2002, 20…",сухая/гидро,комбайн+БВР,1313.95995319157,1146.0840105521,1610.04566210046,False,,R/D,1321.18971548836,173.91228358251,1321.18971548836,13.5868971548836,1321.18971548836,8.69561417912549,1321.18971548836,0.326085531717206,1321.18971548836,21.7390354478137,1321.18971548836
IR-00658,PU-0317,otrpol_kr2,0.876788195811977,reconstructed_candidate,214.204052493312,15.5078675268925,11.4921324731075,0.237497687947264,27,1965–1970,"1997–2002, 20…",сухая/гидро,комбайн+БВР,681.285180094559,294.520547945205,1394.06392694064,False,,R/D,1482.31090695124,194.535796089759,1482.31090695124,15.1981090695124,1482.31090695124,9.72678980448796,1482.31090695124,0.364754617668299,1482.31090695124,24.3169745112199,1482.31090695124
IR-00659,PU-0318,otrpol_kr2,0.69430115979582,reconstructed_candidate,214.871651346495,15.459512195956,11.540487804044,0.236051829310148,27,1965–1970,"1997–2002, 20…",сухая/гидро,комбайн+БВР,114.437502392452,0,145.85421482194,False,,R/D,3873.66465032586,500.629075241711,3873.66465032586,39.1116465032586,3873.66465032586,25.0314537620855,3873.66465032586,0.938679516078207,3873.66465032586,62.5786344052138,3873.66465032586
IR-00660,PU-0319,otrpol_kr2,0.741416116160103,reconstructed_candidate,246.353892998863,15,12,0.28582067728892,27,1955–1957,1978–1980,сухая,БВР,452.588287634693,39.2694063926938,2159.81735159817,False,,R/D,357.578190773829,50.5700084190502,357.578190773829,3.95078190773829,357.578190773829,2.52850042095251,357.578190773829,0.0948187657857191,357.578190773829,6.32125105238127,357.578190773829
IR-00661,PU-0320,otrpol_kr2,0.68716964141297,reconstructed_candidate,207.805444249297,15,12,0.182092041503345,27,1961,2011–2012,гидро,БВР,588.709303003925,235.616438356164,1040.63926940639,False,,R/D,429.65548358769,59.7959018992243,429.65548358769,4.6715548358769,429.65548358769,2.98979509496121,429.65548358769,0.112117316061046,429.65548358769,7.47448773740304,429.65548358769
IR-00662,PU-0321,otrpol_kr2,0.761259807600443,reconstructed_candidate,214.996679840681,15.4528805878142,11.5471194121858,0.235935220534268,27,1965–1970,"1997–2002, 20…",сухая/гидро,комбайн+БВР,593.040159923471,137.442922374429,1884.93150684932,False,,R/D,4398.06918793279,567.752856055398,4398.06918793279,44.3556918793279,4398.06918793279,28.3876428027699,4398.06918793279,1.06453660510387,4398.06918793279,70.9691070069247,4398.06918793279
IR-00663,PU-0322,otrpol_kr2,0.756144797956976,reconstructed_candidate,219.497861500433,15.4116350637968,11.5883649362032,0.245900529035549,27,1957–1959,"1996, 2011",сухая/гидро,БВР,1466.05783866058,1452.96803652968,1472.60273972603,False,,R/D,541.379585122619,74.0965868956952,541.379585122619,5.78879585122619,541.379585122619,3.70482934478476,541.379585122619,0.138931100429429,541.379585122619,9.2620733619619,541.379585122619
IR-00664,PU-0323,otrpol_kr2,0.824660658842065,reconstructed_candidate,213.937354226643,15.5334223900107,11.4665776099893,0.238286586094536,27,1965–1970,"1997–2002, 20…",сухая/гидро,комбайн+БВР,1469.28158684193,1197.71689497717,1767.12328767123,False,,R/D,748.873046766541,100.655749986117,748.873046766541,7.86373046766541,748.873046766541,5.03278749930586,748.873046766541,0.18872953122397,748.873046766541,12.5819687482647,748.873046766541
IR-00665,PU-0324,otrpol_kr2,0.680032537522844,reconstructed_candidate,216.760250426846,15,12,0.2098994621418,27,1962–1965,"1996–1998, 20…",сухая/гидро,БВР,1376.73385304397,431.963470319634,2022.37442922374,False,,R/D,316.513826426114,45.3137697825425,316.513826426114,3.54013826426114,316.513826426114,2.26568848912713,316.513826426114,0.0849633183422673,316.513826426114,5.66422122281782,316.513826426114
IR-00666,PU-0325,otrpol_kr2,0.697037854872327,reconstructed_candidate,208.583956253607,15,12,0.184214663711165,27,1961,2011–2012,гидро,БВР,922.83105022831,451.598173515982,1217.35159817352,False,,R/D,449.66823228514,62.3575337324979,449.66823228514,4.8716823228514,449.66823228514,3.1178766866249,449.66823228514,0.116920375748434,449.66823228514,7.79469171656224,449.66823228514
IR-00667,PU-0326,otrpol_kr2,0.681929908956323,reconstructed_candidate,214.825137795192,15.4630595870954,11.5369404129046,0.236171523449204,27,1965–1970,"1997–2002, 20…",сухая/гидро,комбайн+БВР,183.665301116165,57.8760649287152,314.155251141553,False,,R/D,3570.58569840761,461.834969396174,3570.58569840761,36.0808569840761,3570.58569840761,23.0917484698087,3570.58569840761,0.865940567617827,3570.58569840761,57.7293711745218,3570.58569840761
IR-00668,PU-0327,otrpol_kr2,0.718589993673405,reconstructed_candidate,214.949342294984,15.4562652071146,11.5437347928854,0.236041954453405,27,1965–1970,"1997–2002, 20…",сухая/гидро,комбайн+БВР,202.789580652584,0,530.13698630137,False,,R/D,4057.43995300058,524.152313984074,4057.43995300058,40.9493995300058,4057.43995300058,26.2076156992037,4057.43995300058,0.982785588720139,4057.43995300058,65.5190392480092,4057.43995300058
IR-00669,PU-0328,otrpol_kr2,0.68848612005805,reconstructed_candidate,214.721832929716,15.4691132267109,11.5308867732891,0.236306310405685,27,1965–1970,"1997–2002, 20…",сухая/гидро,комбайн+БВР,397.348307014296,0,1197.71689497717,False,,R/D,3188.18715529812,412.887955878159,3188.18715529812,32.2568715529812,3188.18715529812,20.644397793908,3188.18715529812,0.774164917271549,3188.18715529812,51.6109944847699,3188.18715529812
IR-00670,PU-0329,otrpol_kr2,0.683568209574973,reconstructed_candidate,214.753055770607,15.467303908818,11.532696091182,0.236267184976751,27,1965–1970,"1997–2002, 20…",сухая/гидро,комбайн+БВР,269.720515186598,157.077625570776,431.963470319634,False,,R/D,3295.05418608956,426.566935819463,3295.05418608956,33.3255418608956,3295.05418608956,21.3283467909732,3295.05418608956,0.799813004661494,3295.05418608956,53.3208669774329,3295.05418608956
IR-00671,PU-0330,otrpol_kr2,0.704464626881656,reconstructed_candidate,214.655775381381,15.4728853125865,11.5271146874135,0.236384653401761,27,1965–1970,"1997–2002, 20…",сухая/гидро,комбайн+БВР,815.552306427226,647.945205479452,1865.29680365297,False,,R/D,2982.90621250255,386.611995200326,2982.90621250255,30.2040621250255,2982.90621250255,19.3305997600163,2982.90621250255,0.724897491000612,2982.90621250255,48.3264994000408,2982.90621250255
IR-00672,PU-0331,otrpol_kr2,0.710188398174664,reconstructed_candidate,214.13986093128,15,12,0.197898068916805,27,1961,2011–2012,гидро,БВР,824.789845149365,431.963470319634,1511.87214611872,False,,R/D,471.938252308525,65.2080962954911,471.938252308525,5.09438252308524,471.938252308525,3.26040481477456,471.938252308525,0.122265180554046,471.938252308525,8.15101203693639,471.938252308525
IR-00673,PU-0332,otrpol_kr2,0.870735967310837,reconstructed_candidate,212.927194507168,15.5522892259538,11.4477107740462,0.236869837132655,27,1965–1970,"1997–2002, 20…",сухая/гидро,комбайн+БВР,1338.07504685711,1001.3698630137,1826.02739726027,False,,R/D,1022.83869548517,135.723353022102,1022.83869548517,10.6033869548517,1022.83869548517,6.7861676511051,1022.83869548517,0.254481286916441,1022.83869548517,16.9654191277627,1022.83869548517
IR-00674,PU-0333,otrpol_kr2,0.857392620141479,reconstructed_candidate,212.524106976508,15.5665874109408,11.4334125890592,0.236640330622833,27,1965–1970,"1997–2002, 20…",сухая/гидро,комбайн+БВР,1241.09988913399,962.100456621004,1786.75799086758,False,,R/D,868.402035689682,115.955460568279,868.402035689682,9.05902035689682,868.402035689682,5.79777302841397,868.402035689682,0.217416488565524,868.402035689682,14.4944325710349,868.402035689682
IR-00675,PU-0334,otrpol_kr2,0.689112785271828,reconstructed_candidate,203.162054419759,15,12,0.168238428517535,27,1961,2011–2012,гидро,БВР,754.494545323385,141.391,1688.58447488584,False,,R/D,272.443046265617,39.672709921999,272.443046265617,3.09943046265617,272.443046265617,1.98363549609995,272.443046265617,0.0743863311037481,272.443046265617,4.95908874024988,272.443046265617
IR-00676,PU-0335,otrpol_kr2,0.728918985147452,reconstructed_candidate,221.837737766956,15.3249030466459,11.6750969533541,0.248208118352664,27,1962–1965,"1996–1998, 20…",сухая/гидро,БВР,1869.46000273573,1374.42922374429,2356.16438356164,False,,R/D,377.144148991657,53.0744510709321,377.144148991657,4.14644148991657,377.144148991657,2.65372255354661,377.144148991657,0.0995145957579978,377.144148991657,6.63430638386652,377.144148991657
IR-00677,PU-0336,otrpol_kr2,0.854083861885093,reconstructed_candidate,239.655873127995,15,12,0.266918035493792,27,1956–1957,1978–1981,сухая,БВР,174.97957373089,0,1060.27397260274,False,,R/D,1691.92981926838,221.367016866353,1691.92981926838,17.2942981926838,1691.92981926838,11.0683508433176,1691.92981926838,0.415063156624411,1691.92981926838,27.6708771082941,1691.92981926838
IR-00678,PU-0337,otrpol_kr2,0.831882299821971,reconstructed_candidate,244.69509403506,15,12,0.280471857420861,27,1956–1957,1978–1981,сухая,БВР,728.81557258426,559.932867701661,979.594313412204,False,,R/D,614.552701561595,83.4627457998841,614.552701561595,6.52052701561595,614.552701561595,4.17313728999421,614.552701561595,0.156492648374783,614.552701561595,10.4328432249855,614.552701561595
IR-00679,PU-0338,otrpol_kr2,0.843407096657819,reconstructed_candidate,244.354765769878,15,12,0.279545169572271,27,1956–1957,1978–1981,сухая,БВР,241.620849465667,78.5388127853876,373.979848133655,False,,R/D,672.782051883241,90.9161026410549,672.782051883241,7.10282051883241,672.782051883241,4.54580513205274,672.782051883241,0.170467692451978,672.782051883241,11.3645128301319,672.782051883241
IR-00680,PU-0339,otrpol_kr2,0.857544751888397,reconstructed_candidate,243.710755289291,15,12,0.277809861913639,27,1956–1957,1978–1981,сухая,БВР,172.042504651769,0,424.821403330061,False,,R/D,765.670399353064,102.805811117192,765.670399353064,8.03170399353064,765.670399353064,5.14029055585961,765.670399353064,0.192760895844735,765.670399353064,12.850726389649,765.670399353064
IR-00681,PU-0340,otrpol_kr2,0.88497505895634,reconstructed_candidate,213.078883867615,15.5420345280407,11.4579654719593,0.236673958951656,27,1965–1970,"1997–2002, 20…",сухая/гидро,комбайн+БВР,1328.58424358498,1021.00456621005,1668.9497716895,False,,R/D,1287.0474701457,169.542076178649,1287.0474701457,13.245474701457,1287.0474701457,8.47710380893246,1287.0474701457,0.317891392834967,1287.0474701457,21.1927595223312,1287.0474701457
IR-00682,PU-0341,otrpol_kr2,0.726307189056467,reconstructed_candidate,214.449401836653,15.4802141032972,11.5197858967028,0.23631602085609,27,1965–1970,"1997–2002, 20…",сухая/гидро,комбайн+БВР,1231.95844720046,765.753424657534,1786.75799086758,False,,R/D,2796.91534192978,362.805163767012,2796.91534192978,28.3441534192978,2796.91534192978,18.1402581883506,2796.91534192978,0.680259682063147,2796.91534192978,45.3506454708765,2796.91534192978
IR-00683,PU-0342,otrpol_kr2,0.820427408601443,reconstructed_candidate,238.911623286685,15,12,0.264912162837526,27,1956–1957,1978–1981,сухая,БВР,149.414982491455,0,471.232876712329,False,,R/D,1966.36176829815,256.494306342163,1966.36176829815,20.0386176829815,1966.36176829815,12.8247153171082,1966.36176829815,0.480926824391556,1966.36176829815,32.0617882927704,1966.36176829815
IR-00684,PU-0343,otrpol_kr2,0.882416843133129,reconstructed_candidate,212.804509554752,15.5524294570649,11.4475705429351,0.236588512076807,27,1965–1970,"1997–2002, 20…",сухая/гидро,комбайн+БВР,1112.69746175323,863.926940639269,1629.6803652968,False,,R/D,1157.87388726385,153.007857569773,1157.87388726385,11.9537388726385,1157.87388726385,7.65039287848863,1157.87388726385,0.286889732943324,1157.87388726385,19.1259821962216,1157.87388726385
IR-00685,PU-0344,otrpol_kr2,0.847635010207873,reconstructed_candidate,213.905941175919,15.507224110951,11.492775889049,0.236653452531959,27,1965–1970,"1997–2002, 20…",сухая/гидро,комбайн+БВР,1172.49582892474,608.675799086758,2002.7397260274,False,,R/D,1909.17861320575,249.174862490336,1909.17861320575,19.4667861320575,1909.17861320575,12.4587431245168,1909.17861320575,0.46720286716938,1909.17861320575,31.146857811292,1909.17861320575
IR-00686,PU-0345,otrpol_kr2,0.819516300046853,reconstructed_candidate,214.047073891872,15.4997179334499,11.5002820665501,0.236536784464771,27,1965–1970,"1997–2002, 20…",сухая/гидро,комбайн+БВР,1269.77297539086,824.657534246575,1747.48858447489,False,,R/D,2133.84110378792,277.931661284853,2133.84110378792,21.7134110378792,2133.84110378792,13.8965830642427,2133.84110378792,0.5211218649091,2133.84110378792,34.7414576606067,2133.84110378792
IR-00687,PU-0346,otrpol_kr2,0.793500573682467,reconstructed_candidate,214.165700686398,15.4938726577264,11.5061273422736,0.236467176057163,27,1965–1970,"1997–2002, 20…",сухая/гидро,комбайн+БВР,1358.50785177888,1119.17808219178,1688.58447488584,False,,R/D,2313.22817877272,300.893206882908,2313.22817877272,23.5072817877272,2313.22817877272,15.0446603441454,2313.22817877272,0.564174762905453,2313.22817877272,37.6116508603635,2313.22817877272
IR-00688,PU-0347,otrpol_kr2,0.760386501704862,reconstructed_candidate,214.310123726282,15.4869755696387,11.5130244303613,0.236395109391928,27,1965–1970,"1997–2002, 20…",сухая/гидро,комбайн+БВР,1438.79228928951,1217.35159817352,1963.4703196347,False,,R/D,2540.2890862963,329.957003045927,2540.2890862963,25.7778908629631,2540.2890862963,16.4978501522964,2540.2890862963,0.618669380711113,2540.2890862963,41.2446253807409,2540.2890862963
IR-00689,PU-0348,otrpol_kr2,0.885168911985113,reconstructed_candidate,213.167827268975,15.537741953025,11.462258046975,0.236644293038649,27,1965–1970,"1997–2002, 20…",сухая/гидро,комбайн+БВР,838.643040768956,647.945205479452,1099.54337899543,False,,R/D,1370.99823431174,180.287773991902,1370.99823431174,14.0849823431174,1370.99823431174,9.01438869959512,1370.99823431174,0.338039576234817,1370.99823431174,22.5359717489878,1370.99823431174
IR-00690,PU-0349,otrpol_kr2,0.874470615829141,reconstructed_candidate,213.512466273073,15.5230124404874,11.4769875595126,0.236625913542872,27,1965–1970,"1997–2002, 20…",сухая/гидро,комбайн+БВР,700.772425286133,196.34703196347,1099.54337899543,False,,R/D,1627.82278774872,213.161316831836,1627.82278774872,16.6532278774872,1627.82278774872,10.6580658415918,1627.82278774872,0.399677469059693,1627.82278774872,26.6451646039795,1627.82278774872
IR-00691,PU-0350,otrpol_kr2,0.734480260028088,reconstructed_candidate,227.66979536473,15,12,0.234484849877464,27,1961,2011–2012,гидро,БВР,1177.48789830765,431.963470319634,1806.39269406393,False,,R/D,579.931137845698,79.0311856442493,579.931137845698,6.17431137845698,579.931137845698,3.95155928221247,579.931137845698,0.148183473082968,579.931137845698,9.87889820553116,579.931137845698
IR-00692,PU-0351,otrpol_kr2,0.783950316114429,reconstructed_candidate,210.294898826823,15.627671715966,11.372328284034,0.23391266414076,27,1965–1970,"1997–2002, 20…",сухая/гидро,комбайн+БВР,1529.79271361444,1413.69863013699,1786.75799086758,False,,R/D,392.681975085656,55.0632928109639,392.681975085656,4.30181975085656,392.681975085656,2.7531646405482,392.681975085656,0.103243674020557,392.681975085656,6.88291160137049,392.681975085656
IR-00693,PU-0352,otrpol_kr2,0.826445092879009,reconstructed_candidate,210.876291828071,15.6148800387155,11.3851199612845,0.2350264174014,27,1965–1970,"1997–2002, 20…",сухая/гидро,комбайн+БВР,1403.87819089955,1099.54337899543,1845.66210045662,False,,R/D,590.250081054555,80.352010374983,590.250081054555,6.27750081054555,590.250081054555,4.01760051874915,590.250081054555,0.150660019453093,590.250081054555,10.0440012968729,590.250081054555
IR-00694,PU-0353,otrpol_kr2,0.761986112800303,reconstructed_candidate,211.870235885442,15.5835141821977,11.4164858178023,0.235572625571239,27,1965–1970,"1997–2002, 20…",сухая/гидро,комбайн+БВР,1271.04585362807,236.372545531674,1786.75799086758,False,,R/D,352.282348214444,49.8921405714488,352.282348214444,3.89782348214444,352.282348214444,2.49460702857244,352.282348214444,0.0935477635714666,352.282348214444,6.23651757143111,352.282348214444
IR-00695,PU-0354,otrpol_kr2,0.882642141027383,reconstructed_candidate,213.281802076619,15.5321551406003,11.4678448593997,0.236596421952401,27,1965–1970,"1997–2002, 20…",сухая/гидро,комбайн+БВР,951.921145711424,647.945205479452,1433.33333333333,False,,R/D,1485.95547397686,195.002300669038,1485.95547397686,15.2345547397686,1485.95547397686,9.75011503345191,1485.95547397686,0.365629313754447,1485.95547397686,24.3752875836298,1485.95547397686
IR-00696,PU-0355,otrpol_kr2,0.687545165891005,reconstructed_candidate,213.142239455023,15,12,0.200547648395478,27,1962–1965,"1996–1998, 20…",сухая/гидро,БВР,1749.18305864271,207.697443264753,2552.51141552511,False,,R/D,193.999043175421,29.6318775264539,193.999043175421,2.31499043175421,193.999043175421,1.48159387632269,193.999043175421,0.055559770362101,193.999043175421,3.70398469080673,193.999043175421
IR-00697,PU-0356,otrpol_kr2,0.700235340386072,reconstructed_candidate,229,15,12,0.26,27,1962–1965,"1996–1998, 20…",сухая/гидро,БВР,2595.6584787567,1983.10502283105,3161.18721461187,True,PUBROW-10,P/H,45.4263507987533,10.6145729022404,45.4263507987533,0.829263507987533,45.4263507987533,0.530728645112021,45.4263507987533,0.0199023241917008,45.4263507987533,1.32682161278005,45.4263507987533
IR-00698,PU-0357,otrpol_kr2,0.861609055966126,reconstructed_candidate,213.5787457219,15.5179778568934,11.4820221431066,0.236477586090767,27,1965–1970,"1997–2002, 20…",сухая/гидро,комбайн+БВР,687.214611872146,647.945205479452,785.388127853881,False,,R/D,1793.84627322717,234.412322973078,1793.84627322717,18.3134627322717,1793.84627322717,11.7206161486539,1793.84627322717,0.439523105574522,1793.84627322717,29.3015403716348,1793.84627322717
IR-00699,PU-0358,otrpol_kr2,0.876221681596551,reconstructed_candidate,211.813541048904,15.5841035917397,11.4158964082603,0.235922316115227,27,1965–1970,"1997–2002, 20…",сухая/гидро,комбайн+БВР,1407.19029705121,883.561643835616,1826.02739726027,False,,R/D,962.331202168212,127.978393877531,962.331202168212,9.99831202168212,962.331202168212,6.39891969387656,962.331202168212,0.239959488520371,962.331202168212,15.9972992346914,962.331202168212
IR-00700,PU-0359,otrpol_kr2,0.862828768262025,reconstructed_candidate,211.157461328186,15.605354532763,11.394645467237,0.235437054275837,27,1965–1970,"1997–2002, 20…",сухая/гидро,комбайн+БВР,1322.0700152207,1001.3698630137,1649.31506849315,False,,R/D,806.011983269889,107.969533858546,806.011983269889,8.43511983269889,806.011983269889,5.39847669292729,806.011983269889,0.202442875984773,806.011983269889,13.4961917323182,806.011983269889
IR-00701,PU-0360,otrpol_kr2,0.693731441126011,reconstructed_candidate,197.935177455784,15,12,0.152905307631077,27,1961,2011–2012,гидро,БВР,174.236767524386,163.492541912967,186.040185536378,False,,R/D,123.325091620917,20.5856117274774,123.325091620917,1.60825091620917,123.325091620917,1.02928058637387,123.325091620917,0.0385980219890202,123.325091620917,2.57320146593468,123.325091620917
IR-00702,PU-0361,otrpol_kr2,0.702597459621556,reconstructed_candidate,200.461475259419,15,12,0.154468078750325,27,1961,2011–2012,гидро,БВР,198.564274682859,192.177597145375,203.915371964923,False,,R/D,213.735043903261,32.1580856196175,213.735043903261,2.51235043903261,213.735043903261,1.60790428098087,213.735043903261,0.0602964105367827,213.735043903261,4.01976070245218,213.735043903261
IR-00703,PU-0362,otrpol_kr2,0.692480267899622,reconstructed_candidate,200,15,12,0.15,27,1961–1962,2012,гидро,БВР,218.783971559389,155.575520880608,264.292514061171,True,PUBROW-11,P/H,57.5393563082678,12.1650376074583,57.5393563082678,0.950393563082678,57.5393563082678,0.608251880372914,57.5393563082678,0.0228094455139843,57.5393563082678,1.52062970093228,57.5393563082678
IR-00704,PU-0363,otrpol_kr2,0.72742634856465,reconstructed_candidate,213.464946694863,15,12,0.157010728641927,27,1961,2011–2012,гидро,БВР,1584.11673380939,1178.08219178082,1845.66210045662,False,,R/D,416.484279380542,58.1099877607093,416.484279380542,4.53984279380542,416.484279380542,2.90549938803547,416.484279380542,0.10895622705133,416.484279380542,7.26374847008867,416.484279380542
IR-00705,PU-0364,otrpol_kr2,0.854726047666494,reconstructed_candidate,238.510702964638,15,12,0.263811065791999,27,1956–1957,1978–1981,сухая,БВР,297.816448091486,58.9041095890407,1197.71689497717,False,,R/D,1850.185019863,241.623682542464,1850.185019863,18.87685019863,1850.185019863,12.0811841271232,1850.185019863,0.45304440476712,1850.185019863,30.202960317808,1850.185019863
IR-00706,PU-0365,otrpol_kr2,0.708885719818864,reconstructed_candidate,201.770995992776,15,12,0.155235059579688,27,1961,2011–2012,гидро,БВР,1219.71276398997,215.098963131291,2611.41552511416,False,,R/D,233.179705307562,34.647002279368,233.179705307562,2.70679705307562,233.179705307562,1.7323501139684,233.179705307562,0.0649631292738149,233.179705307562,4.33087528492099,233.179705307562
IR-00707,PU-0366,otrpol_kr2,0.785955751848631,reconstructed_candidate,201.642136817817,15.849867426586,11.150132573414,0.223002689302058,27,1965–1970,"1997–2002, 20…",сухая/гидро,комбайн+БВР,207.257823575341,141.767887715824,270.896621933047,False,,R/D,182.508588405992,28.161099315967,182.508588405992,2.20008588405992,182.508588405992,1.40805496579835,182.508588405992,0.0528020612174381,182.508588405992,3.52013741449587,182.508588405992
IR-00708,PU-0367,otrpol_kr2,0.827287728618281,reconstructed_candidate,237.81676461055,15,12,0.261899035519684,27,1956–1957,1978–1981,сухая,БВР,882.159165035877,39.2694063926938,2022.37442922374,False,,R/D,837.562585492173,112.008010942998,837.562585492173,8.75062585492173,837.562585492173,5.60040054714991,837.562585492173,0.210015020518122,837.562585492173,14.0010013678748,837.562585492173
IR-00709,PU-0368,otrpol_kr2,0.869428756955182,reconstructed_candidate,213.162539891265,15.5298732748146,11.4701267251854,0.236139753060729,27,1965–1970,"1997–2002, 20…",сухая/гидро,комбайн+БВР,1054.78022680259,628.310502283105,1433.33333333333,False,,R/D,1751.06540864905,228.936372307078,1751.06540864905,17.8856540864905,1751.06540864905,11.4468186153539,1751.06540864905,0.429255698075772,1751.06540864905,28.6170465383848,1751.06540864905
IR-00710,PU-0369,otrpol_kr2,0.852811427052382,reconstructed_candidate,213.383158316202,15.5209870104484,11.4790129895516,0.23614957996047,27,1965–1970,"1997–2002, 20…",сухая/гидро,комбайн+БВР,622.384223700937,490.867579908675,715.772127956539,False,,R/D,1908.4077591647,249.076193173081,1908.4077591647,19.459077591647,1908.4077591647,12.4538096586541,1908.4077591647,0.467017862199528,1908.4077591647,31.1345241466352,1908.4077591647
IR-00711,PU-0370,otrpol_kr2,0.792253809222588,reconstructed_candidate,234.625080524378,15,12,0.253275439304545,27,1956–1957,1978–1981,сухая,БВР,772.692705517095,39.2694063926938,2159.81735159817,False,,R/D,770.518362473216,103.426350396572,770.518362473216,8.08018362473216,770.518362473216,5.17131751982858,770.518362473216,0.193924406993572,770.518362473216,12.9282937995715,770.518362473216
IR-00712,PU-0371,otrpol_kr2,0.858510986199445,reconstructed_candidate,238.601826302646,15,12,0.264010701414236,27,1956–1957,1978–1981,сухая,БВР,429.760727802442,39.2694063926938,2022.37442922374,False,,R/D,973.528598053581,129.411660550858,973.528598053581,10.1102859805358,973.528598053581,6.47058302754292,973.528598053581,0.242646863532859,973.528598053581,16.1764575688573,973.528598053581
IR-00713,PU-0372,otrpol_kr2,0.754159891015375,reconstructed_candidate,214.707108644174,15,12,0.199449394410882,27,1961,2011–2012,гидро,БВР,970.225033716095,765.753424657534,1394.06392694064,False,,R/D,618.913979469796,84.0209893721339,618.913979469796,6.56413979469797,618.913979469796,4.2010494686067,618.913979469796,0.157539355072751,618.913979469796,10.5026236715167,618.913979469796
IR-00714,PU-0373,otrpol_kr2,0.696028231412091,reconstructed_candidate,214.459777963172,15.4736468353305,11.5263531646695,0.235884429234492,27,1965–1970,"1997–2002, 20…",сухая/гидро,комбайн+БВР,286.210097810728,0,1197.71689497717,False,,R/D,3394.89520507556,439.346586249672,3394.89520507556,34.3239520507556,3394.89520507556,21.9673293124836,3394.89520507556,0.823774849218136,3394.89520507556,54.918323281209,3394.89520507556
IR-00715,PU-0374,otrpol_kr2,0.738513166704243,reconstructed_candidate,206.686807849035,15.6935969570986,11.3064030429014,0.228533675191854,27,1965–1970,"1997–2002, 20…",сухая/гидро,комбайн+БВР,1376.98428010867,278.923658571858,2984.47488584475,False,,R/D,230.740628441324,34.3348004404894,230.740628441324,2.68240628441324,230.740628441324,1.71674002202447,230.740628441324,0.0643777508259177,230.740628441324,4.29185005506118,230.740628441324
IR-00716,PU-0375,otrpol_kr2,0.827679644247043,reconstructed_candidate,206.026946898615,15.7596156301614,11.2403843698386,0.231096908259353,27,1965–1970,"1997–2002, 20…",сухая/гидро,комбайн+БВР,2027.9432435368,1472.60273972603,2984.47488584475,False,,R/D,409.728075340214,57.2451936435474,409.728075340214,4.47228075340214,409.728075340214,2.86225968217737,409.728075340214,0.107334738081651,409.728075340214,7.15564920544343,409.728075340214
IR-00717,PU-0376,otrpol_kr2,0.866606663865421,reconstructed_candidate,209.299658732262,15.6629413441016,11.3370586558984,0.234232663712619,27,1965–1970,"1997–2002, 20…",сухая/гидро,комбайн+БВР,2905.91965321646,1806.39269406393,4142.92237442922,False,,R/D,727.1685120824,97.8775695465472,727.1685120824,7.646685120824,727.1685120824,4.89387847732736,727.1685120824,0.183520442899776,727.1685120824,12.2346961933184,727.1685120824
IR-00718,PU-0377,otrpol_kr2,0.891709777217076,reconstructed_candidate,211.132325716644,15.6020897717437,11.3979102282563,0.235356093094705,27,1965–1970,"1997–2002, 20…",сухая/гидро,комбайн+БВР,2693.56204265723,1451.98824183758,4300,False,,R/D,1060.89878569458,140.595044568906,1060.89878569458,10.9839878569458,1060.89878569458,7.02975222844531,1060.89878569458,0.263615708566699,1060.89878569458,17.5743805711133,1060.89878569458
IR-00719,PU-0378,otrpol_kr2,0.839210962137415,reconstructed_candidate,213.410548237135,15.5179568563182,11.4820431436818,0.236022814071256,27,1965–1970,"1997–2002, 20…",сухая/гидро,комбайн+БВР,1122.94719266586,687.214611872146,1845.66210045662,False,,R/D,2034.89392727289,265.266422690929,2034.89392727289,20.7239392727289,2034.89392727289,13.2633211345465,2034.89392727289,0.497374542545493,2034.89392727289,33.1583028363662,2034.89392727289
IR-00720,PU-0379,otrpol_kr2,0.812075223981502,reconstructed_candidate,213.643118707671,15.5086018886618,11.4913981113382,0.236028398375103,27,1965–1970,"1997–2002, 20…",сухая/гидро,комбайн+БВР,1098.35940170541,687.214611872146,2002.7397260274,False,,R/D,2230.68636260597,290.327854413564,2230.68636260597,22.6818636260597,2230.68636260597,14.5163927206782,2230.68636260597,0.544364727025432,2230.68636260597,36.2909818016955,2230.68636260597
IR-00721,PU-0380,otrpol_kr2,0.760716757093289,reconstructed_candidate,213.969403899489,15.4949695844596,11.5050304155404,0.235997637829716,27,1965–1970,"1997–2002, 20…",сухая/гидро,комбайн+БВР,1187.97863775791,726.48401826484,1767.12328767123,False,,R/D,2588.69063046842,336.152400699958,2588.69063046842,26.2619063046842,2588.69063046842,16.8076200349979,2588.69063046842,0.630285751312422,2588.69063046842,42.0190500874948,2588.69063046842
IR-00722,PU-0381,otrpol_kr2,0.737770828497385,reconstructed_candidate,214.102522112505,15.4892914993752,11.5107085006248,0.235975669384983,27,1965–1970,"1997–2002, 20…",сухая/гидро,комбайн+БВР,1051.23502419139,549.771689497717,1786.75799086758,False,,R/D,2767.78503231425,359.076484136225,2767.78503231425,28.0528503231425,2767.78503231425,17.9538242068112,2767.78503231425,0.673268407755421,2767.78503231425,44.8845605170281,2767.78503231425
IR-00723,PU-0382,otrpol_kr2,0.715066329774437,reconstructed_candidate,214.239598375649,15.4832593861841,11.5167406138159,0.235939287547582,27,1965–1970,"1997–2002, 20…",сухая/гидро,комбайн+БВР,835.42429387204,353.424657534246,1845.66210045662,False,,R/D,2988.32689549311,387.305842623118,2988.32689549311,30.2582689549311,2988.32689549311,19.3652921311559,2988.32689549311,0.726198454918346,2988.32689549311,48.4132303278897,2988.32689549311
IR-00724,PU-0383,otrpol_kr2,0.772012240712048,reconstructed_candidate,214.769464059877,15.4588215849128,11.5411784150872,0.235710786469835,27,1965–1970,"1997–2002, 20…",сухая/гидро,комбайн+БВР,462.615204486382,274.885844748858,1197.71689497717,False,,R/D,4328.7878013703,558.884838575398,4328.7878013703,43.662878013703,4328.7878013703,27.9442419287699,4328.7878013703,1.04790907232887,4328.7878013703,69.8606048219247,4328.7878013703
IR-00725,PU-0384,otrpol_kr2,0.796057142857143,reconstructed_candidate,214.812093911361,15.456747798168,11.543252201832,0.235684104481013,27,1965–1970,"1997–2002, 20…",сухая/гидро,комбайн+БВР,507.095798225903,157.077625570776,1197.71689497717,False,,R/D,4495.3055679569,580.199112698483,4495.3055679569,45.328055679569,4495.3055679569,29.0099556349242,4495.3055679569,1.08787333630966,4495.3055679569,72.5248890873104,4495.3055679569
IR-00726,PU-0385,otrpol_kr2,0.771651998175238,reconstructed_candidate,195,16,11,0.212,27,1965–1970,"1997–2002, 20…",сухая/гидро,комбайн+БВР,284.252,100.24,403.494,True,PUBROW-07,P/H,20.442459119262,7.41663476726554,20.442459119262,0.57942459119262,20.442459119262,0.370831738363277,20.442459119262,0.0139061901886229,20.442459119262,0.927079345908192,20.442459119262
IR-00727,PU-0386,otrpol_kr2,0.894818744226146,reconstructed_candidate,212.186996271525,15.5645303363749,11.4354696636251,0.235781073773516,27,1965–1970,"1997–2002, 20…",сухая/гидро,комбайн+БВР,1832.42989657365,883.561643835616,2709.58904109589,False,,R/D,1380.40720045172,181.49212165782,1380.40720045172,14.1790720045172,1380.40720045172,9.07460608289102,1380.40720045172,0.340297728108413,1380.40720045172,22.6865152072276,1380.40720045172
IR-00728,PU-0387,otrpol_kr2,0.885762214393857,reconstructed_candidate,212.666255608615,15.5467964688612,11.4532035311388,0.235916168602904,27,1965–1970,"1997–2002, 20…",сухая/гидро,комбайн+БВР,1300.09784735812,765.753424657534,1806.39269406393,False,,R/D,1581.22077219286,207.196258840686,1581.22077219286,16.1872077219286,1581.22077219286,10.3598129420343,1581.22077219286,0.388492985326286,1581.22077219286,25.8995323550857,1581.22077219286
IR-00729,PU-0388,otrpol_kr2,0.78390297633268,reconstructed_candidate,213.825413775304,15.5009243751169,11.4990756248831,0.236007635257334,27,1965–1970,"1997–2002, 20…",сухая/гидро,комбайн+БВР,1072.42878886714,667.579908675799,1786.75799086758,False,,R/D,2425.63412090493,315.281167475831,2425.63412090493,24.6313412090493,2425.63412090493,15.7640583737915,2425.63412090493,0.591152189017182,2425.63412090493,39.4101459344788,2425.63412090493
IR-00730,PU-0389,otrpol_kr2,0.876212655141419,reconstructed_candidate,237.805277042779,15,12,0.261887482770206,27,1956–1957,1978–1981,сухая,БВР,299.399514220908,0,1786.75799086758,False,,R/D,1802.79933082778,235.558314345955,1802.79933082778,18.4029933082778,1802.79933082778,11.7779157172978,1802.79933082778,0.441671839398666,1802.79933082778,29.4447892932444,1802.79933082778
IR-00731,PU-0390,otrpol_kr2,0.800920603429961,reconstructed_candidate,201.979837786559,15.8674433859095,11.1325566140905,0.226061974522034,27,1965–1970,"1997–2002, 20…",сухая/гидро,комбайн+БВР,157.645759171415,100.24,190.327266085297,False,,R/D,210.969447873057,31.8040893277513,210.969447873057,2.48469447873057,210.969447873057,1.59020446638756,210.969447873057,0.0596326674895336,210.969447873057,3.97551116596891,210.969447873057
IR-00732,PU-0391,otrpol_kr2,0.708656130756224,reconstructed_candidate,206.634061909908,15.1169565207194,11.8830434792806,0.188737458621912,27,1962–1965,"1996–1998, 20…",сухая/гидро,БВР,3296.8365495875,2984.47488584475,3671.68949771689,False,,R/D,333.516300705987,47.4900864903663,333.516300705987,3.71016300705987,333.516300705987,2.37450432451832,333.516300705987,0.0890439121694369,333.516300705987,5.93626081129579,333.516300705987
IR-00733,PU-0392,otrpol_kr2,0.874914471240897,reconstructed_candidate,212.839843282649,15.538537490943,11.461462509057,0.235845894330294,27,1965–1970,"1997–2002, 20…",сухая/гидро,комбайн+БВР,1502.56476338062,1021.00456621005,1845.66210045662,False,,R/D,1749.01917173281,228.674453981799,1749.01917173281,17.8651917173281,1749.01917173281,11.43372269909,1749.01917173281,0.428764601215874,1749.01917173281,28.5843067477249,1749.01917173281
IR-00734,PU-0393,otrpol_kr2,0.859042088543667,reconstructed_candidate,213.087816864515,15.5289256715636,11.4710743284364,0.235879463303336,27,1965–1970,"1997–2002, 20…",сухая/гидро,комбайн+БВР,1529.61144817815,1178.08219178082,1806.39269406393,False,,R/D,1899.56127301342,247.943842945718,1899.56127301342,19.3706127301342,1899.56127301342,12.3971921472859,1899.56127301342,0.464894705523222,1899.56127301342,30.9929803682148,1899.56127301342
IR-00735,PU-0394,otrpol_kr2,0.744729613465719,reconstructed_candidate,214.702829750653,15.4622853876392,11.5377146123608,0.235768162855637,27,1965–1970,"1997–2002, 20…",сухая/гидро,комбайн+БВР,240.196165513313,78.5388127853876,1060.27397260274,False,,R/D,4057.38201548965,524.144897982675,4057.38201548965,40.9488201548965,4057.38201548965,26.2072448991337,4057.38201548965,0.982771683717515,4057.38201548965,65.5181122478343,4057.38201548965
IR-00736,PU-0395,otrpol_kr2,0.700005059689081,reconstructed_candidate,215.594792574039,15,12,0.158923392343973,27,1961–1962,2012,гидро,БВР,2740.59101692558,265.886530465603,4280.36529680365,False,,R/D,239.430552848533,35.4471107646123,239.430552848533,2.76930552848533,239.430552848533,1.77235553823061,239.430552848533,0.066463332683648,239.430552848533,4.43088884557653,239.430552848533
IR-00737,PU-0396,otrpol_kr2,0.706882621148893,reconstructed_candidate,214.499730727091,15.4701061918206,11.5298938081794,0.235746891758452,27,1965–1970,"1997–2002, 20…",сухая/гидро,комбайн+БВР,222.526636225266,39.2694063926938,333.789954337899,False,,R/D,3680.61171065223,475.918298963485,3680.61171065223,37.1811171065223,3680.61171065223,23.7959149481743,3680.61171065223,0.892346810556535,3680.61171065223,59.4897873704357,3680.61171065223
IR-00738,PU-0397,otrpol_kr2,0.718071201500421,reconstructed_candidate,214.560946369909,15.4673333999036,11.5326666000964,0.235723778555409,27,1965–1970,"1997–2002, 20…",сухая/гидро,комбайн+БВР,130.986464435278,0,333.789954337899,False,,R/D,3839.03263123345,496.196176797882,3839.03263123345,38.7653263123345,3839.03263123345,24.8098088398941,3839.03263123345,0.930367831496029,3839.03263123345,62.0245220997352,3839.03263123345
IR-00739,PU-0398,otrpol_kr2,0.737286215863188,reconstructed_candidate,227.632543273221,15,12,0.165880673105408,27,1961,2011–2012,гидро,БВР,2043.85148546476,1295.8904109589,2552.51141552511,False,,R/D,506.535820156509,69.6365849800331,506.535820156509,5.44035820156509,506.535820156509,3.48182924900166,506.535820156509,0.130568596837562,506.535820156509,8.70457312250414,506.535820156509
IR-00740,PU-0399,otrpol_kr2,0.794418892633866,reconstructed_candidate,230.743968781074,15,12,0.167710739805408,27,1961,2011–2012,гидро,БВР,946.996838777661,353.424657534246,1668.9497716895,False,,R/D,921.552957392212,122.758778546203,921.552957392212,9.59052957392212,921.552957392212,6.13793892731016,921.552957392212,0.230172709774131,921.552957392212,15.3448473182754,921.552957392212
IR-00741,PU-0400,otrpol_kr2,0.758527915143341,reconstructed_candidate,231.275840737986,15,12,0.168057811395523,27,1961,2011–2012,гидро,БВР,1614.57673184033,981.735159817351,2120.54794520548,False,,R/D,686.354469310548,92.6533720717501,686.354469310548,7.23854469310548,686.354469310548,4.63266860358751,686.354469310548,0.173725072634531,686.354469310548,11.5816715089688,686.354469310548
IR-00742,PU-0401,otrpol_kr2,0.879149981099886,reconstructed_candidate,235.385107895372,15,12,0.255283307415244,27,1956–1957,1978–1981,сухая,БВР,207.120624553207,58.9041095890407,333.789954337899,False,,R/D,1260.2464191786,166.111541654861,1260.2464191786,12.977464191786,1260.2464191786,8.30557708274305,1260.2464191786,0.311459140602864,1260.2464191786,20.7639427068576,1260.2464191786
IR-00743,PU-0402,otrpol_kr2,0.719984043611615,reconstructed_candidate,232.697510484364,15,12,0.169255029720948,27,1934–1935,2016–2017,сухая,БВР,3025.1019305105,2552.51141552511,3514.61187214612,False,,R/D,405.948736492835,56.7614382710829,405.948736492835,4.43448736492835,405.948736492835,2.83807191355415,405.948736492835,0.10642769675828,405.948736492835,7.09517978388537,405.948736492835
IR-00744,PU-0403,otrpol_kr2,0.881375720527556,reconstructed_candidate,209.063233160729,15.6733170642396,11.3266829357604,0.234557992909593,27,1969–1971,"1994, 2002",сухая,комбайн+БВР,3651.19935283541,3377.16894977169,3926.94063926941,False,,R/D,812.253995154123,108.768511379728,812.253995154123,8.49753995154123,812.253995154123,5.43842556898639,812.253995154123,0.20394095883699,812.253995154123,13.596063922466,812.253995154123
IR-00745,PU-0404,otrpol_kr2,0.894948536805735,reconstructed_candidate,210.059584848754,15.6372210107104,11.3627789892896,0.234867303211997,27,1969–1971,"1994, 2002",сухая,комбайн+БВР,3767.68138001015,3514.61187214612,4221.46118721461,False,,R/D,986.788879688475,131.108976600125,986.788879688475,10.2428887968848,986.788879688475,6.55544883000624,986.788879688475,0.245829331125234,986.788879688475,16.3886220750156,986.788879688475
IR-00746,PU-0405,otrpol_kr2,0.824711270245264,reconstructed_candidate,242.846192525739,15,12,0.20185885976457,27,1935–1939,"1989–1999, 20…",сухая/гидро,БВР,521.184462524576,274.885844748858,727.262333586471,False,,R/D,1106.77839593011,146.467634679055,1106.77839593011,11.4427839593011,1106.77839593011,7.32338173395273,1106.77839593011,0.274626815023227,1106.77839593011,18.3084543348818,1106.77839593011
IR-00747,PU-0406,otrpol_kr2,0.864027059996165,reconstructed_candidate,208.386270459509,15.7001550303337,11.2998449696663,0.234642785845764,27,1969–1971,"1994, 2002",сухая,комбайн+БВР,3289.16289173298,3004.1095890411,3534.24657534247,False,,R/D,711.257676631983,95.8409826088939,711.257676631983,7.48757676631983,711.257676631983,4.79204913044469,711.257676631983,0.179701842391676,711.257676631983,11.9801228261117,711.257676631983
IR-00748,PU-0407,otrpol_kr2,0.707861935326367,reconstructed_candidate,241.308235535567,15,12,0.175528268995882,27,1934–1935,2016–2017,сухая,БВР,2903.00852921547,297.290365680253,4280.36529680365,False,,R/D,263.030019080681,38.4678424423271,263.030019080681,3.00530019080681,263.030019080681,1.92339212211636,263.030019080681,0.0721272045793634,263.030019080681,4.80848030529089,263.030019080681
IR-00749,PU-0408,otrpol_kr2,0.902891067899177,reconstructed_candidate,210.570102917293,15.6178670816667,11.3821329183333,0.235001846883821,27,1969–1971,"1994, 2002",сухая,комбайн+БВР,3396.18070752929,3180.82191780822,3652.05479452055,False,,R/D,1118.41849841042,147.957567796533,1118.41849841042,11.5591849841042,1118.41849841042,7.39787838982666,1118.41849841042,0.2774204396185,1118.41849841042,18.4946959745666,1118.41849841042
IR-00750,PU-0409,otrpol_kr2,0.864883251461779,reconstructed_candidate,265.690781597516,15,12,0.268024715473198,27,1956–1957,1978–1981,сухая,БВР,245.082238450691,39.2694063926938,419.409164596213,False,,R/D,1300.23258700838,171.229771137073,1300.23258700838,13.3773258700838,1300.23258700838,8.56148855685363,1300.23258700838,0.321055820882011,1300.23258700838,21.4037213921341,1300.23258700838
IR-00751,PU-0410,otrpol_kr2,0.745900712516372,reconstructed_candidate,213.859482079303,15.494896603773,11.505103396227,0.235686058343969,27,1965–1970,"1997–2002, 20…",сухая/гидро,комбайн+БВР,646.963470319635,235.616438356164,1668.9497716895,False,,R/D,2795.13044271535,362.576696667565,2795.13044271535,28.3263044271535,2795.13044271535,18.1288348333782,2795.13044271535,0.679831306251684,2795.13044271535,45.3220870834456,2795.13044271535
IR-00752,PU-0411,otrpol_kr2,0.845168280145908,reconstructed_candidate,213.066813362985,15.5258806391243,11.4741193608757,0.235621449022416,27,1969–1971,"1994, 2002",сухая,комбайн+БВР,980.658070139865,274.885844748858,2002.7397260274,False,,R/D,2084.37574616773,271.600095509469,2084.37574616773,21.2187574616772,2084.37574616773,13.5800047754734,2084.37574616773,0.509250179080254,2084.37574616773,33.9500119386836,2084.37574616773
IR-00753,PU-0412,otrpol_kr2,0.770545328521861,reconstructed_candidate,213.690181045305,15.5016372346486,11.4983627653514,0.235681799565863,27,1965–1970,"1997–2002, 20…",сухая/гидро,комбайн+БВР,686.357794801782,235.616438356164,1826.02739726027,False,,R/D,2605.93367362833,338.359510224427,2605.93367362833,26.4343367362833,2605.93367362833,16.9179755112213,2605.93367362833,0.634424081670801,2605.93367362833,42.2949387780534,2605.93367362833
IR-00754,PU-0413,otrpol_kr2,0.888333009494579,reconstructed_candidate,252.079303795782,15,12,0.266157957360867,27,1956–1957,1978–1981,сухая,БВР,333.54910149199,39.2694063926938,1197.71689497717,False,,R/D,1884.00432619995,245.952553753593,1884.00432619995,19.2150432619995,1884.00432619995,12.2976276876797,1884.00432619995,0.461161038287988,1884.00432619995,30.7440692191992,1884.00432619995
IR-00755,PU-0414,otrpol_kr2,0.787634542454383,reconstructed_candidate,205,16,11,0.25,27,1969–1971,"1994, 2002",сухая,комбайн+БВР,246.316,100.001,600.284,True,PUBROW-06,P/H,81.2163342938221,15.1956907896092,81.2163342938221,1.18716334293822,81.2163342938221,0.759784539480462,81.2163342938221,0.0284919202305173,81.2163342938221,1.89946134870115,81.2163342938221
IR-00756,PU-0415,otrpol_kr2,0.836811218624899,reconstructed_candidate,206.156642135874,15.7941892522352,11.2058107477648,0.235140331377908,27,1969–1971,"1994, 2002",сухая,комбайн+БВР,2854.80440144726,2067.49872278293,3455.70776255708,False,,R/D,417.364900370584,58.2227072474347,417.364900370584,4.54864900370584,417.364900370584,2.91113536237174,417.364900370584,0.10916757608894,417.364900370584,7.27783840592934,417.364900370584
IR-00757,PU-0416,otrpol_kr2,0.895819357251,reconstructed_candidate,212.145781136463,15.5603548721896,11.4396451278104,0.235430487907918,27,1969–1971,"1994, 2002",сухая,комбайн+БВР,2020.58945620589,1767.12328767123,2375.79908675799,False,,R/D,1601.68746760203,209.81599585306,1601.68746760203,16.3918746760203,1601.68746760203,10.490799792653,1601.68746760203,0.393404992224488,1601.68746760203,26.2269994816325,1601.68746760203
IR-00758,PU-0417,otrpol_kr2,0.74705865428955,reconstructed_candidate,208.618997568068,15.7765702391033,11.2234297608967,0.231838487766408,27,1969–1971,"1994, 2002",сухая,комбайн+БВР,1342.69703955568,127.622222353721,3141.55251141553,False,,R/D,230.396649129978,34.2907710886372,230.396649129978,2.67896649129978,230.396649129978,1.71453855443186,230.396649129978,0.0642951957911947,230.396649129978,4.28634638607965,230.396649129978
IR-00759,PU-0418,otrpol_kr2,0.717962395220964,reconstructed_candidate,240.693131599577,15.2012111407685,11.7987888592315,0.209368362803295,27,1934–1935,2016–2017,сухая,БВР,3085.66883025724,2847.03196347032,3377.16894977169,False,,R/D,483.214435521509,66.6514477467532,483.214435521509,5.20714435521509,483.214435521509,3.33257238733766,483.214435521509,0.124971464525162,483.214435521509,8.33143096834415,483.214435521509
IR-00760,PU-0419,otrpol_kr2,0.707298715359561,reconstructed_candidate,214.259831431039,15.4778386730302,11.5221613269698,0.235614761471043,27,1965–1970,"1997–2002, 20…",сухая/гидро,комбайн+БВР,217.379594437362,39.2694063926938,471.232876712329,False,,R/D,3454.7313429825,447.00561190176,3454.7313429825,34.922313429825,3454.7313429825,22.350280595088,3454.7313429825,0.838135522315801,3454.7313429825,55.8757014877201,3454.7313429825
IR-00761,PU-0420,otrpol_kr2,0.74367317830645,reconstructed_candidate,214.520729544218,15.4667249093204,11.5332750906796,0.235565835909528,27,1965–1970,"1997–2002, 20…",сухая/гидро,комбайн+БВР,237.807968371166,0,471.232876712329,False,,R/D,4035.13488339823,521.297265074974,4035.13488339823,40.7263488339823,4035.13488339823,26.0648632537487,4035.13488339823,0.977432372015576,4035.13488339823,65.1621581343717,4035.13488339823
IR-00762,PU-0421,otrpol_kr2,0.78344081214062,reconstructed_candidate,214.626815268374,15.4620555717512,11.5379444282488,0.235534661813784,27,1965–1970,"1997–2002, 20…",сухая/гидро,комбайн+БВР,198.310502283105,0,333.789954337899,False,,R/D,4342.10601492509,560.589569910411,4342.10601492509,43.7960601492509,4342.10601492509,28.0294784955206,4342.10601492509,1.05110544358202,4342.10601492509,70.0736962388014,4342.10601492509
IR-00763,PU-0422,otrpol_kr2,0.903455004199021,reconstructed_candidate,211.823017351772,15.5721289179327,11.4278710820673,0.235342110637842,27,1969–1971,"1994, 2002",сухая,комбайн+БВР,2477.12089899177,2022.37442922374,2748.85844748858,False,,R/D,1480.34534744663,194.284204473169,1480.34534744663,15.1784534744663,1480.34534744663,9.71421022365846,1480.34534744663,0.364282883387192,1480.34534744663,24.2855255591461,1480.34534744663
IR-00764,PU-0423,otrpol_kr2,0.90766646794832,reconstructed_candidate,211.361171008222,15.5888632960001,11.4111367039999,0.235209158994513,27,1969–1971,"1994, 2002",сухая,комбайн+БВР,2910.1025766851,2611.41552511416,3298.6301369863,False,,R/D,1332.24569438574,175.327448881375,1332.24569438574,13.6974569438574,1332.24569438574,8.76637244406875,1332.24569438574,0.328738966652578,1332.24569438574,21.9159311101719,1332.24569438574
IR-00765,PU-0424,otrpol_kr2,0.807942857142857,reconstructed_candidate,,,,,,1969–1971,"1994, 2002",сухая,комбайн+БВР,185.383337508635,0,333.789954337899,False,,R/D,4500.54102079541,,4500.54102079541,,4500.54102079541,,4500.54102079541,,4500.54102079541,,4500.54102079541
IR-00766,PU-0425,otrpol_kr2,0.759182908611826,reconstructed_candidate,242.180386538417,15,12,0.174655361805943,27,1935–1939,"1989–1999, 20…",сухая/гидро,БВР,1776.94063926941,1492.23744292237,2022.37442922374,False,,R/D,583.849412833395,79.5327248426746,583.849412833395,6.21349412833395,583.849412833395,3.97663624213373,583.849412833395,0.149123859080015,583.849412833395,9.94159060533432,583.849412833395
IR-00767,PU-0426,otrpol_kr2,0.9095525862613,reconstructed_candidate,264.591231882247,15,12,0.272203823445498,27,1956–1957,1978–1981,сухая,БВР,258.074060877193,0,1040.63926940639,False,,R/D,1648.49213788637,215.806993649456,1648.49213788637,16.8599213788637,1648.49213788637,10.7903496824728,1648.49213788637,0.40463811309273,1648.49213788637,26.975874206182,1648.49213788637
IR-00768,PU-0427,otrpol_kr2,0.731371536332959,reconstructed_candidate,213.89886547337,15.4912295329628,11.5087704670372,0.235540247837591,27,1969–1971,"1994, 2002",сухая,комбайн+БВР,299.718539937871,117.808219178082,981.735159817351,False,,R/D,2996.03087429545,388.291951909817,2996.03087429545,30.3353087429545,2996.03087429545,19.4145975954909,2996.03087429545,0.728047409830908,2996.03087429545,48.5364939887272,2996.03087429545
IR-00769,PU-0428,otrpol_kr2,0.873996319700909,reconstructed_candidate,264.385862241157,15,12,0.273020569532393,27,1956–1957,1978–1981,сухая,БВР,268.73536564981,78.5388127853876,903.196347031963,False,,R/D,2188.3785606221,284.912455759629,2188.3785606221,22.258785606221,2188.3785606221,14.2456227879815,2188.3785606221,0.534210854549305,2188.3785606221,35.6140569699536,2188.3785606221
IR-00770,PU-0429,otrpol_kr2,0.891142749381326,reconstructed_candidate,265.854435418167,15,12,0.267422168210858,27,1956–1957,1978–1981,сухая,БВР,455.890802634415,58.9041095890407,1747.48858447489,False,,R/D,1494.10855611283,196.045895182442,1494.10855611283,15.3160855611283,1494.10855611283,9.80229475912209,1494.10855611283,0.367586053467078,1494.10855611283,24.5057368978052,1494.10855611283
IR-00771,PU-0430,otrpol_kr2,0.743012642282628,reconstructed_candidate,252.268055387529,15,12,0.180683703460415,27,1935–1939,"1989–1999, 20…",сухая/гидро,БВР,1977.26344956877,1511.87214611872,2552.51141552511,False,,R/D,410.912031646062,57.3967400506959,410.912031646062,4.48412031646062,410.912031646062,2.86983700253479,410.912031646062,0.107618887595055,410.912031646062,7.17459250633698,410.912031646062
IR-00772,PU-0431,otrpol_kr2,0.723234091780144,reconstructed_candidate,269.237218359304,15,12,0.190851070102667,27,1935–1939,"1989–1999, 20…",сухая/гидро,БВР,700.925235858478,129.157990701492,2945.20547945205,False,,R/D,196.7550976131,29.9846524944768,196.7550976131,2.342550976131,196.7550976131,1.49923262472384,196.7550976131,0.0562212234271439,196.7550976131,3.74808156180959,196.7550976131
IR-00773,PU-0432,otrpol_kr2,0.711833123080946,reconstructed_candidate,265,15,12,0.2,27,1934–1935,2016–2017,сухая,БВР,179.612,100.002,304.108,True,PUBROW-05,P/H,72.2603505867694,14.0493248751065,72.2603505867694,1.09760350586769,72.2603505867694,0.702466243755324,72.2603505867694,0.0263424841408247,72.2603505867694,1.75616560938831,72.2603505867694
IR-00774,PU-0433,otrpol_kr2,0.900051978407218,reconstructed_candidate,264.55057802863,15,12,0.272379999443422,27,1956–1957,1978–1981,сухая,БВР,352.197488584475,333.789954337899,431.963470319634,False,,R/D,1982.5785114938,258.570049471206,1982.5785114938,20.200785114938,1982.5785114938,12.9285024735603,1982.5785114938,0.484818842758511,1982.5785114938,32.3212561839007,1982.5785114938
IR-00775,PU-0434,otrpol_kr2,0.803150374154264,reconstructed_candidate,239.137026945941,15,12,0.172785421979021,27,1935–1939,"1989–1999, 20…",сухая/гидро,БВР,1186.13791755642,431.963470319634,1845.66210045662,False,,R/D,840.212195735286,112.347161054117,840.212195735286,8.77712195735286,840.212195735286,5.61735805270583,840.212195735286,0.210650926976469,840.212195735286,14.0433951317646,840.212195735286
IR-00776,PU-0435,otrpol_kr2,0.888200196833454,reconstructed_candidate,264.655116300132,15,12,0.271991695352046,27,1956–1957,1978–1981,сухая,БВР,337.269410789724,331.175054790727,358.440822644627,False,,R/D,2144.89969026211,279.347160353551,2144.89969026211,21.8239969026211,2144.89969026211,13.9673580176775,2144.89969026211,0.523775925662907,2144.89969026211,34.9183950441938,2144.89969026211
IR-00777,PU-0436,otrpol_kr2,0.852048871408002,reconstructed_candidate,212.88431373098,15.5284136238062,11.4715863761938,0.235297499594767,27,1969–1971,"1994, 2002",сухая,комбайн+БВР,714.81624100615,235.616438356164,1995.53848615602,False,,R/D,2143.16930756652,279.125671368515,2143.16930756652,21.8066930756652,2143.16930756652,13.9562835684257,2143.16930756652,0.523360633815966,2143.16930756652,34.8907089210644,2143.16930756652
IR-00778,PU-0437,otrpol_kr2,0.835498873121338,reconstructed_candidate,238.225032839406,15,12,0.17224084104375,27,1935–1939,"1989–1999, 20…",сухая/гидро,БВР,1181.38099194515,471.232876712329,1904.56621004566,False,,R/D,1060.42692603452,140.534646532419,1060.42692603452,10.9792692603452,1060.42692603452,7.02673232662093,1060.42692603452,0.263502462248285,1060.42692603452,17.5668308165523,1060.42692603452
IR-00779,PU-0438,otrpol_kr2,0.763982908611826,reconstructed_candidate,248.476262867217,15,12,0.178344528965474,27,1935–1939,"1989–1999, 20…",сухая/гидро,БВР,1466.750846576,1433.33333333333,1478.32700272442,False,,R/D,554.51625253967,75.7780803250777,554.51625253967,5.9201625253967,554.51625253967,3.78890401625389,554.51625253967,0.142083900609521,554.51625253967,9.47226004063472,554.51625253967
IR-00780,PU-0439,otrpol_kr2,0.876505199482568,reconstructed_candidate,254.330727437423,15,12,0.226328799683341,27,1935–1939,"1989–1999, 20…",сухая/гидро,БВР,134.170003889237,0,267.16537104204,False,,R/D,1380.18947427011,181.464252706574,1380.18947427011,14.1768947427011,1380.18947427011,9.07321263532869,1380.18947427011,0.340245473824826,1380.18947427011,22.6830315883217,1380.18947427011
IR-00781,PU-0440,otrpol_kr2,0.732646181120327,reconstructed_candidate,238.333830827504,15.4088756607215,11.5911243392785,0.208564011843091,27,1969–1971,"1994, 2002",сухая,комбайн+БВР,2862.4363775444,2788.12785388128,2984.47488584475,False,,R/D,521.904408962346,71.6037643471803,521.904408962346,5.59404408962346,521.904408962346,3.58018821735902,521.904408962346,0.134257058150963,521.904408962346,8.95047054339754,521.904408962346
IR-00782,PU-0441,otrpol_kr2,0.91464404400413,reconstructed_candidate,219.567001203342,15.5875295049104,11.4124704950896,0.241308660355108,27,1969–1971,"1994, 2002",сухая,комбайн+БВР,3523.45516719465,3259.36073059361,3887.67123287671,False,,R/D,1398.20847637729,183.770684976293,1398.20847637729,14.3570847637729,1398.20847637729,9.18853424881466,1398.20847637729,0.34457003433055,1398.20847637729,22.9713356220367,1398.20847637729
IR-00783,PU-0442,otrpol_kr2,0.797742883078677,reconstructed_candidate,216.140149444126,15.782609904405,11.217390095595,0.235923266740134,27,1969–1971,"1994, 2002",сухая,комбайн+БВР,2649.98429584214,494.320621697049,3514.61187214612,False,,R/D,316.549672271953,45.31835805081,316.549672271953,3.54049672271953,316.549672271953,2.2659179025405,316.549672271953,0.0849719213452688,316.549672271953,5.66479475635126,316.549672271953
IR-00784,PU-0443,otrpol_kr2,0.911313634800183,reconstructed_candidate,218.125661023847,15.6199925529471,11.3800074470529,0.24065171835884,27,1969–1971,"1994, 2002",сухая,комбайн+БВР,3791.82320802964,3573.51598173516,4084.01826484018,False,,R/D,1135.04630240005,150.085926707206,1135.04630240005,11.7254630240005,1135.04630240005,7.50429633536029,1135.04630240005,0.281411112576011,1135.04630240005,18.7607408384007,1135.04630240005
IR-00785,PU-0444,otrpol_kr2,0.902984449049533,reconstructed_candidate,211.977125876484,15.5618970286044,11.4381029713956,0.235098330035421,27,1969–1971,"1994, 2002",сухая,комбайн+БВР,2339.30293231053,1884.93150684932,2787.69837977186,False,,R/D,1663.56012464548,217.735695954621,1663.56012464548,17.0106012464548,1663.56012464548,10.8867847977311,1663.56012464548,0.408254429914915,1663.56012464548,27.2169619943277,1663.56012464548
IR-00786,PU-0445,otrpol_kr2,0.774534944277347,reconstructed_candidate,213.525591055309,15.5041526624949,11.4958473375051,0.235398476460389,27,1969–1971,"1994, 2002",сухая,комбайн+БВР,403.258898981001,235.616438356164,1197.71689497717,False,,R/D,2668.76160852157,346.401485890761,2668.76160852157,27.0626160852157,2668.76160852157,17.320074294538,2668.76160852157,0.649502786045176,2668.76160852157,43.3001857363451,2668.76160852157
IR-00787,PU-0446,otrpol_kr2,0.754760187665668,reconstructed_candidate,213.6725210261,15.4985032961847,11.5014967038153,0.235414942693359,27,1969–1971,"1994, 2002",сухая,комбайн+БВР,368.727905529035,137.442922374429,981.735159817351,False,,R/D,2825.56064518423,366.471762583582,2825.56064518423,28.6306064518423,2825.56064518423,18.3235881291791,2825.56064518423,0.687134554844216,2825.56064518423,45.8089703229477,2825.56064518423
IR-00788,PU-0447,otrpol_kr2,0.754039232239026,reconstructed_candidate,214.428363984941,15.4684229537661,11.5315770462339,0.235423807596318,27,1969–1971,"1994, 2002",сухая,комбайн+БВР,301.455262838607,39.2694063926938,1786.75799086758,False,,R/D,4071.46798674841,525.947902303797,4071.46798674841,41.0896798674841,4071.46798674841,26.2973951151898,4071.46798674841,0.986152316819619,4071.46798674841,65.7434877879746,4071.46798674841
IR-00789,PU-0448,otrpol_kr2,0.885832269204442,reconstructed_candidate,210.750206636597,15.675092338955,11.324907661045,0.224738406003772,27,1969–1971,"1994, 2002",сухая,комбайн+БВР,3554.41009876477,3318.26484018265,3887.67123287671,False,,R/D,808.30081884332,108.262504811945,808.30081884332,8.4580081884332,808.30081884332,5.41312524059725,808.30081884332,0.202992196522397,808.30081884332,13.5328131014931,808.30081884332
IR-00790,PU-0449,otrpol_kr2,0.722449515052151,reconstructed_candidate,214.240062595619,15.4758208779661,11.5241791220339,0.235415518546576,27,1969–1971,"1994, 2002",сухая,комбайн+БВР,354.827136333985,137.442922374429,903.196347031963,False,,R/D,3691.97695360077,477.373050060898,3691.97695360077,37.2947695360077,3691.97695360077,23.8686525030449,3691.97695360077,0.895074468864184,3691.97695360077,59.6716312576123,3691.97695360077
IR-00791,PU-0450,otrpol_kr2,0.845252587306098,reconstructed_candidate,217.760298346533,15.7362282321732,11.2637717678268,0.232310680492205,27,1969–1971,"1994, 2002",сухая,комбайн+БВР,3522.95592782621,3200.45662100457,3848.40182648402,False,,R/D,520.508846012765,71.4251322896339,520.508846012765,5.58008846012765,520.508846012765,3.57125661448169,520.508846012765,0.133922123043064,520.508846012765,8.92814153620423,520.508846012765
IR-00792,PU-0451,otrpol_kr2,0.909983994299101,reconstructed_candidate,211.721540005504,15.5711950654236,11.4288049345764,0.235035267092419,27,1969–1971,"1994, 2002",сухая,комбайн+БВР,2899.39117199391,2552.51141552511,3278.99543378995,False,,R/D,1561.7994351405,204.710327697984,1561.7994351405,15.992994351405,1561.7994351405,10.2355163848992,1561.7994351405,0.38383186443372,1561.7994351405,25.588790962248,1561.7994351405
IR-00793,PU-0452,otrpol_kr2,0.717438462979882,reconstructed_candidate,214.092812021179,15.4822656013081,11.5177343986919,0.235455455125097,27,1969–1971,"1994, 2002",сухая,комбайн+БВР,248.343954935607,39.2694063926938,1060.27397260274,False,,R/D,3379.11855724198,437.327175326974,3379.11855724198,34.1661855724198,3379.11855724198,21.8663587663487,3379.11855724198,0.819988453738076,3379.11855724198,54.6658969158717,3379.11855724198
IR-00794,PU-0453,otrpol_kr2,0.722275989560073,reconstructed_candidate,256.785928347897,15.1183140600501,11.8816859399499,0.196492086816548,27,1934–1935,2016–2017,сухая,БВР,2648.97756601151,2356.16438356164,2984.47488584475,False,,R/D,361.802624695045,51.1107359609657,361.802624695045,3.99302624695045,361.802624695045,2.55553679804829,361.802624695045,0.0958326299268107,361.802624695045,6.38884199512071,361.802624695045
IR-00795,PU-0454,otrpol_kr2,0.757344368575264,reconstructed_candidate,224.120643343618,15.6255385620017,11.3744614379983,0.21960630876695,27,1969–1971,"1994, 2002",сухая,комбайн+БВР,3025.80212439045,431.834110740095,3514.61187214612,False,,R/D,400.179923998949,56.0230302718655,400.179923998949,4.37679923998949,400.179923998949,2.80115151359327,400.179923998949,0.105043181759748,400.179923998949,7.00287878398318,400.179923998949
IR-00796,PU-0455,otrpol_kr2,0.906451018257169,reconstructed_candidate,265.35704497811,15,12,0.269321616185412,27,1956–1957,1978–1981,сухая,БВР,490.539233043707,255.251141552511,1943.83561643836,False,,R/D,2136.02541694424,278.211253368863,2136.02541694424,21.7352541694424,2136.02541694424,13.9105626684432,2136.02541694424,0.521646100066618,2136.02541694424,34.7764066711079,2136.02541694424
IR-00797,PU-0456,otrpol_kr2,0.749219877239815,reconstructed_candidate,259.756197591854,15,12,0.184763247472347,27,1935–1939,"1989–1999, 20…",сухая/гидро,БВР,1632.95281582953,1315.52511415525,1845.66210045662,False,,R/D,404.45585290125,56.57034917136,404.45585290125,4.4195585290125,404.45585290125,2.828517458568,404.45585290125,0.1060694046963,404.45585290125,7.07129364642001,404.45585290125
IR-00798,PU-0457,otrpol_kr2,0.719253512472231,reconstructed_candidate,270.805252277745,15,12,0.192221112176059,27,1935–1939,"1989–1999, 20…",сухая/гидро,БВР,1048.13598674953,100.002,2336.5296803653,False,,R/D,235.882790672852,34.9929972061251,235.882790672852,2.73382790672852,235.882790672852,1.74964986030625,235.882790672852,0.0656118697614846,235.882790672852,4.37412465076564,235.882790672852
IR-00799,PU-0458,otrpol_kr2,0.729359376977224,reconstructed_candidate,275.478977066661,15,12,0.192814062287146,27,1935–1939,"1989–1999, 20…",сухая/гидро,БВР,477.40002933491,104.033410800948,1610.04566210046,False,,R/D,201.460934917521,30.5869996694427,201.460934917521,2.38960934917521,201.460934917521,1.52934998347213,201.460934917521,0.057350624380205,201.460934917521,3.82337495868033,201.460934917521
IR-00800,PU-0459,otrpol_kr2,0.720638462979882,reconstructed_candidate,279.603258084703,15,12,0.195282157562246,27,1935–1939,"1989–1999, 20…",сухая/гидро,БВР,146.565402083328,112.049225890172,207.585842283586,False,,R/D,149.279417667526,23.9077654614433,149.279417667526,1.86779417667526,149.279417667526,1.19538827307216,149.279417667526,0.0448270602402061,149.279417667526,2.98847068268041,149.279417667526
IR-00801,PU-0460,otrpol_kr2,0.810506513769116,reconstructed_candidate,220.798114212903,15.7059205601722,11.2940794398278,0.232354180108227,27,1969–1971,"1994, 2002",сухая,комбайн+БВР,3210.27397260274,3102.28310502283,3298.6301369863,False,,R/D,466.381159738493,64.4967884465271,466.381159738493,5.03881159738493,466.381159738493,3.22483942232635,466.381159738493,0.120931478337238,466.381159738493,8.06209855581588,466.381159738493
IR-00802,PU-0461,otrpol_kr2,0.820368094936874,reconstructed_candidate,245.251340741327,15,12,0.176422026590329,27,1935–1939,"1989–1999, 20…",сухая/гидро,БВР,978.879372247716,274.885844748858,2022.37442922374,False,,R/D,840.517560543745,112.386247749599,840.517560543745,8.78017560543745,840.517560543745,5.61931238747997,840.517560543745,0.210724214530499,840.517560543745,14.0482809686999,840.517560543745
IR-00803,PU-0462,otrpol_kr2,0.865405391909829,reconstructed_candidate,222.279159922376,15.5314493424206,11.4685506575794,0.242284406456928,27,1969–1971,"1994, 2002",сухая,комбайн+БВР,1531.50684931507,1374.42922374429,1727.85388127854,False,,R/D,2129.98679832807,277.438310185993,2129.98679832807,21.6748679832807,2129.98679832807,13.8719155092997,2129.98679832807,0.520196831598738,2129.98679832807,34.6797887732492,2129.98679832807
IR-00804,PU-0463,otrpol_kr2,0.799049838496378,reconstructed_candidate,223.258706047375,15.5101855137859,11.4898144862141,0.242817513225894,27,1969–1971,"1994, 2002",сухая,комбайн+БВР,715.030441400304,412.328767123287,1197.71689497717,False,,R/D,2583.53326368099,335.492257751167,2583.53326368099,26.2103326368099,2583.53326368099,16.7746128875584,2583.53326368099,0.629047983283439,2583.53326368099,41.9365322188959,2583.53326368099
IR-00805,PU-0464,otrpol_kr2,0.836645236338196,reconstructed_candidate,222.753112404071,15.5211036039442,11.4788963960558,0.242544721345683,27,1969–1971,"1994, 2002",сухая,комбайн+БВР,701.239399869537,353.424657534246,1197.71689497717,False,,R/D,2332.44750173856,303.353280222535,2332.44750173856,23.6994750173856,2332.44750173856,15.1676640111268,2332.44750173856,0.568787400417254,2332.44750173856,37.9191600278169,2332.44750173856
IR-00806,PU-0465,otrpol_kr2,0.923452432791968,reconstructed_candidate,266.71725860224,15,12,0.264168904811581,27,1935–1939,"1989–1999, 20…",сухая/гидро,БВР,343.607305936073,117.808219178082,1963.4703196347,False,,R/D,1992.11739581528,259.791026664355,1992.11739581528,20.2961739581528,1992.11739581528,12.9895513332178,1992.11739581528,0.487108174995666,1992.11739581528,32.4738783330444,1992.11739581528
IR-00807,PU-0466,otrpol_kr2,0.899600185526611,reconstructed_candidate,247.139360193752,15,12,0.202231421853129,27,1935–1939,"1989–1999, 20…",сухая/гидро,БВР,354.242489590958,0,2081.27853881279,False,,R/D,1531.13182101625,200.78487309008,1531.13182101625,15.6863182101625,1531.13182101625,10.039243654504,1531.13182101625,0.376471637043901,1531.13182101625,25.0981091362601,1531.13182101625
IR-00808,PU-0467,otrpol_kr2,0.738989998395397,reconstructed_candidate,265.983955278953,15,12,0.188138556098865,27,1935–1939,"1989–1999, 20…",сухая/гидро,БВР,1075.18271805195,100.002,1806.39269406393,False,,R/D,355.856105451804,50.3495814978309,355.856105451804,3.93356105451804,355.856105451804,2.51747907489155,355.856105451804,0.094405465308433,355.856105451804,6.29369768722886,355.856105451804
IR-00809,PU-0468,otrpol_kr2,0.72382494104366,reconstructed_candidate,267.234402730843,15.0681311552239,11.9318688447761,0.196542344423773,27,1935–1939,"1989–1999, 20…",сухая/гидро,БВР,1791.71837403336,1610.04566210046,1983.10502283105,False,,R/D,340.929333228117,48.438954653199,340.929333228117,3.78429333228117,340.929333228117,2.42194773265995,340.929333228117,0.0908230399747481,340.929333228117,6.05486933164987,340.929333228117
IR-00810,PU-0469,otrpol_kr2,0.893207930504239,reconstructed_candidate,265.690448136928,15,12,0.268056529322215,27,1956–1957,1978–1981,сухая,БВР,446.642840728706,117.808219178082,2159.81735159817,False,,R/D,2458.71066879068,319.514965605207,2458.71066879068,24.9621066879068,2458.71066879068,15.9757482802604,2458.71066879068,0.599090560509764,2458.71066879068,39.9393707006509,2458.71066879068
IR-00811,PU-0470,otrpol_kr2,0.891657341048105,reconstructed_candidate,221.88278508907,15.5413327452076,11.4586672547924,0.241918118726599,27,1969–1971,"1994, 2002",сухая,комбайн+БВР,2101.62795759941,1217.35159817352,2905.93607305936,False,,R/D,1961.26706269143,255.842184024503,1961.26706269143,19.9876706269143,1961.26706269143,12.7921092012252,1961.26706269143,0.479704095045944,1961.26706269143,31.9802730030629,1961.26706269143
IR-00812,PU-0471,otrpol_kr2,0.736019538078107,reconstructed_candidate,250.859957241248,15.2802479481626,11.7197520518374,0.204468941324561,27,1935–1939,"1989–1999, 20…",сухая/гидро,БВР,2656.01782810679,2002.7397260274,3298.6301369863,False,,R/D,583.793623703077,79.5255838339939,583.793623703077,6.21293623703077,583.793623703077,3.97627919169969,583.793623703077,0.149110469688739,583.793623703077,9.94069797924923,583.793623703077
IR-00813,PU-0472,otrpol_kr2,0.766553024849425,reconstructed_candidate,233.49972324968,15.4902993746789,11.5097006253211,0.212448123003327,27,1969–1971,"1994, 2002",сухая,комбайн+БВР,3668.4629610882,3318.26484018265,4300,False,,R/D,656.195238302392,88.7929905027062,656.195238302392,6.93695238302392,656.195238302392,4.43964952513531,656.195238302392,0.166486857192574,656.195238302392,11.0991238128383,656.195238302392
IR-00814,PU-0473,otrpol_kr2,0.856390659930011,reconstructed_candidate,224.647224678258,15.6374101954798,11.3625898045202,0.22935396451035,27,1969–1971,"1994, 2002",сухая,комбайн+БВР,2934.76043185359,2002.7397260274,3671.68949771689,False,,R/D,753.600115268263,101.260814754338,753.600115268263,7.91100115268263,753.600115268263,5.06304073771688,753.600115268263,0.189864027664383,753.600115268263,12.6576018442922,753.600115268263
IR-00815,PU-0474,otrpol_kr2,0.921323953891252,reconstructed_candidate,226.173343349874,15.5952745623112,11.4047254376888,0.227929894294949,27,1969–1971,"1994, 2002",сухая,комбайн+БВР,3816.36481659433,3652.05479452055,4084.01826484018,False,,R/D,1250.65021441506,164.883227445128,1250.65021441506,12.8815021441506,1250.65021441506,8.24416137225638,1250.65021441506,0.309156051459614,1250.65021441506,20.610403430641,1250.65021441506
IR-00816,PU-0475,otrpol_kr2,0.923403901027818,reconstructed_candidate,227.42383801571,15.5715481202639,11.4284518797361,0.227454426789873,27,1969–1971,"1994, 2002",сухая,комбайн+БВР,3883.4867466275,3298.6301369863,4260.73059360731,False,,R/D,1546.77053520366,202.786628506069,1546.77053520366,15.8427053520366,1546.77053520366,10.1393314253034,1546.77053520366,0.380224928448879,1546.77053520366,25.3483285632586,1546.77053520366
IR-00817,PU-0476,otrpol_kr2,0.912218763950873,reconstructed_candidate,221.255520914389,15.5554901780682,11.4445098219319,0.241564559059239,27,1969–1971,"1994, 2002",сухая,комбайн+БВР,3188.76257398527,2807.76255707763,3377.16894977169,False,,R/D,1750.74343853645,228.895160132666,1750.74343853645,17.8824343853645,1750.74343853645,11.4447580066333,1750.74343853645,0.429178425248748,1750.74343853645,28.6118950165832,1750.74343853645
IR-00818,PU-0477,otrpol_kr2,0.89570638759993,reconstructed_candidate,224.967429279941,15.6216620441481,11.3783379558519,0.228647799634924,27,1969–1971,"1994, 2002",сухая,комбайн+БВР,3537.3473612626,3121.91780821918,3887.67123287671,False,,R/D,964.377610881637,128.240334192849,964.377610881637,10.0187761088164,964.377610881637,6.41201670964247,964.377610881637,0.240450626611593,964.377610881637,16.0300417741062,964.377610881637
IR-00819,PU-0478,otrpol_kr2,0.810652847665451,reconstructed_candidate,227.440040284428,15.6105802749831,11.3894197250169,0.228759052717859,27,1969–1971,"1994, 2002",сухая,комбайн+БВР,3097.70605998942,2022.37442922374,3907.30593607306,False,,R/D,639.025023433601,86.5952029995009,639.025023433601,6.76525023433601,639.025023433601,4.32976014997505,639.025023433601,0.162366005624064,639.025023433601,10.8244003749376,639.025023433601
IR-00820,PU-0479,otrpol_kr2,0.762158061858033,reconstructed_candidate,223.739665380829,15.5001564172421,11.4998435827579,0.243031016612589,27,1969–1971,"1994, 2002",сухая,комбайн+БВР,1025.9224667555,490.867579908675,2159.81735159817,False,,R/D,2862.2686468107,371.17038679177,2862.2686468107,28.997686468107,2862.2686468107,18.5585193395885,2862.2686468107,0.695944475234569,2862.2686468107,46.3962983489712,2862.2686468107
IR-00821,PU-0480,otrpol_kr2,0.869976820481258,reconstructed_candidate,222.463196950745,15.5292729088458,11.4707270911542,0.242131307652302,27,1969–1971,"1994, 2002",сухая,комбайн+БВР,1399.33364838013,1374.42922374429,1429.50779445547,False,,R/D,2172.31352187227,282.856130799651,2172.31352187227,22.0981352187227,2172.31352187227,14.1428065399825,2172.31352187227,0.530355245249345,2172.31352187227,35.3570163499563,2172.31352187227
IR-00822,PU-0481,otrpol_kr2,0.841216664909625,reconstructed_candidate,222.90325385236,15.5195254899074,11.4804745100926,0.242384246540605,27,1969–1971,"1994, 2002",сухая,комбайн+БВР,1200.52185257665,549.771689497717,1747.48858447489,False,,R/D,2372.7290608116,308.509319783885,2372.7290608116,24.102290608116,2372.7290608116,15.4254659891942,2372.7290608116,0.578454974594784,2372.7290608116,38.5636649729856,2372.7290608116
IR-00823,PU-0482,otrpol_kr2,0.801498268146504,reconstructed_candidate,223.393761570361,15.508636351528,11.491363648472,0.242684376041298,27,1969–1971,"1994, 2002",сухая,комбайн+БВР,886.341488854095,647.945205479452,1668.9497716895,False,,R/D,2634.23533250575,341.982122560736,2634.23533250575,26.7173533250575,2634.23533250575,17.0991061280368,2634.23533250575,0.64121647980138,2634.23533250575,42.747765320092,2634.23533250575
IR-00824,PU-0483,otrpol_kr2,0.779052682402927,reconstructed_candidate,223.663124582931,15.5027605625371,11.4972394374629,0.242839561311252,27,1969–1971,"1994, 2002",сухая,комбайн+БВР,1081.19160625488,706.849315068493,1806.39269406393,False,,R/D,2796.26803937518,362.722309040022,2796.26803937518,28.3376803937518,2796.26803937518,18.1361154520011,2796.26803937518,0.680104329450042,2796.26803937518,45.3402886300028,2796.26803937518
IR-00825,PU-0484,otrpol_kr2,0.72862494104366,reconstructed_candidate,261.958994802368,15.0943989446218,11.9056010553782,0.196017489637274,27,1935–1939,"1989–1999, 20…",сухая/гидро,БВР,1688.58447488584,1394.06392694064,1943.83561643836,False,,R/D,476.077015786992,65.7378580207349,476.077015786992,5.13577015786992,476.077015786992,3.28689290103675,476.077015786992,0.123258483788878,476.077015786992,8.21723225259186,476.077015786992
IR-00826,PU-0485,otrpol_kr2,0.806765639505542,reconstructed_candidate,247.512040962206,15,12,0.177765818220862,27,1935–1939,"1989–1999, 20…",сухая/гидро,БВР,558.498224251649,353.424657534246,1119.17808219178,False,,R/D,880.457667033406,117.498581380276,880.457667033406,9.17957667033406,880.457667033406,5.8749290690138,880.457667033406,0.220309840088018,880.457667033406,14.6873226725345,880.457667033406
IR-00827,PU-0486,otrpol_kr2,0.835947075945841,reconstructed_candidate,244.017561216524,15,12,0.175711636516686,27,1935–1939,"1989–1999, 20…",сухая/гидро,БВР,271.895475186542,117.808219178082,431.963470319634,False,,R/D,1062.06324451127,140.744095297443,1062.06324451127,10.9956324451127,1062.06324451127,7.03720476487215,1062.06324451127,0.263895178682706,1062.06324451127,17.5930119121804,1062.06324451127
IR-00828,PU-0487,otrpol_kr2,0.780372843636857,reconstructed_candidate,251.440456094173,15,12,0.180065533290618,27,1935–1939,"1989–1999, 20…",сухая/гидро,БВР,496.094505390175,117.808219178082,1806.39269406393,False,,R/D,767.310466113572,103.015739662537,767.310466113572,8.04810466113572,767.310466113572,5.15078698312686,767.310466113572,0.193154511867257,767.310466113572,12.8769674578172,767.310466113572
IR-00829,PU-0488,otrpol_kr2,0.930905271849729,reconstructed_candidate,228.37889490862,15.5652806138684,11.4347193861317,0.22720379335578,27,1969–1971,"1994, 2002",сухая,комбайн+БВР,3573.51598173516,3298.6301369863,3789.49771689498,False,,R/D,1454.84251156034,191.019841479723,1454.84251156034,14.9234251156034,1454.84251156034,9.55099207398616,1454.84251156034,0.358162202774481,1454.84251156034,23.8774801849654,1454.84251156034
IR-00830,PU-0489,otrpol_kr2,0.753748656921958,reconstructed_candidate,256.364639613387,15,12,0.182933302761363,27,1935–1939,"1989–1999, 20…",сухая/гидро,БВР,541.286268938866,215.981735159817,1374.42922374429,False,,R/D,635.059155152401,86.0875718595073,635.059155152401,6.72559155152401,635.059155152401,4.30437859297536,635.059155152401,0.161414197236576,635.059155152401,10.7609464824384,635.059155152401
IR-00831,PU-0490,otrpol_kr2,0.925004252098781,reconstructed_candidate,228.211547891805,15.571226078237,11.428773921763,0.227309411225621,27,1969–1971,"1994, 2002",сухая,комбайн+БВР,3493.55795341403,3141.55251141553,3750.22831050228,False,,R/D,1328.91270104142,174.900825733302,1328.91270104142,13.6641270104142,1328.91270104142,8.74504128666509,1328.91270104142,0.327939048249941,1328.91270104142,21.8626032166627,1328.91270104142
IR-00832,PU-0491,otrpol_kr2,0.743562395220964,reconstructed_candidate,249.162715017826,15.2962743100113,11.7037256899887,0.204530673938053,27,1935–1939,"1989–1999, 20…",сухая/гидро,БВР,2642.04215918977,1767.12328767123,3789.49771689498,False,,R/D,742.387803480624,99.8256388455198,742.387803480624,7.79887803480624,742.387803480624,4.99128194227599,742.387803480624,0.18717307283535,742.387803480624,12.47820485569,742.387803480624
IR-00833,PU-0492,otrpol_kr2,0.864251072818472,reconstructed_candidate,229.177933046112,15.5742020063808,11.4257979936192,0.227323484772968,27,1969–1971,"1994, 2002",сухая,комбайн+БВР,3609.51293759513,3377.16894977169,4103.65296803653,False,,R/D,961.124328967015,127.823914107778,961.124328967015,9.98624328967015,961.124328967015,6.3911957053889,961.124328967015,0.239669838952084,961.124328967015,15.9779892634722,961.124328967015
IR-00834,PU-0493,otrpol_kr2,0.736772916817465,reconstructed_candidate,261.00565368575,15,12,0.185646928530252,27,1935–1939,"1989–1999, 20…",сухая/гидро,БВР,884.52598554251,392.694063926941,1747.48858447489,False,,R/D,504.401864898014,69.3634387069458,504.401864898014,5.41901864898014,504.401864898014,3.46817193534729,504.401864898014,0.130056447575523,504.401864898014,8.67042983836823,504.401864898014
IR-00835,PU-0494,otrpol_kr2,0.774324453420854,reconstructed_candidate,237.229110249655,15.4358427412053,11.5641572587947,0.209518676106093,27,1969–1971,"1994, 2002",сухая,комбайн+БВР,4115.93129963444,3907.30593607306,4300,False,,R/D,885.046561874188,118.085959919896,885.046561874188,9.22546561874188,885.046561874188,5.90429799599481,885.046561874188,0.221411174849805,885.046561874188,14.760744989987,885.046561874188
IR-00836,PU-0495,otrpol_kr2,0.817738561951165,reconstructed_candidate,229.456630659225,15.5337700640704,11.4662299359296,0.213193394696843,27,1969–1971,"1994, 2002",сухая,комбайн+БВР,4057.19369307028,3652.05479452055,4280.36529680365,False,,R/D,866.210717253008,115.674971808385,866.210717253008,9.03710717253008,866.210717253008,5.78374859041925,866.210717253008,0.216890572140722,866.210717253008,14.4593714760481,866.210717253008
IR-00837,PU-0496,otrpol_kr2,0.904261923122144,reconstructed_candidate,228.192999910126,15.578151623952,11.421848376048,0.227452624688342,27,1969–1971,"1994, 2002",сухая,комбайн+БВР,3352.56791335714,2905.93607305936,3573.51598173516,False,,R/D,1143.64796958237,151.186940106543,1143.64796958237,11.8114796958237,1143.64796958237,7.55934700532714,1143.64796958237,0.283475512699768,1143.64796958237,18.8983675133178,1143.64796958237
IR-00838,PU-0497,otrpol_kr2,0.733260832563434,reconstructed_candidate,257.471896250776,15.1176024625267,11.8823975374733,0.195696526857508,27,1935–1939,"1989–1999, 20…",сухая/гидро,БВР,1465.77803220133,1197.71689497717,1610.04566210046,False,,R/D,622.626276760406,84.4961634253319,622.626276760406,6.60126276760406,622.626276760406,4.2248081712666,622.626276760406,0.158430306422497,622.626276760406,10.5620204281665,622.626276760406
IR-00839,PU-0498,otrpol_kr2,0.753041587891158,reconstructed_candidate,224.17343996064,15.4929570484713,11.5070429515287,0.242928849992924,27,1969–1971,"1994, 2002",сухая,комбайн+БВР,1136.58111658457,667.579908675799,1845.66210045662,False,,R/D,3121.91835103263,404.405548932176,3121.91835103263,31.5941835103263,3121.91835103263,20.2202774466088,3121.91835103263,0.758260404247831,3121.91835103263,50.5506936165221,3121.91835103263
IR-00840,PU-0499,otrpol_kr2,0.922705317246812,reconstructed_candidate,229.812581215459,15.5393072545988,11.4606927454012,0.226712863977189,27,1969–1971,"1994, 2002",сухая,комбайн+БВР,2768.49315068493,1943.83561643836,3494.97716894977,False,,R/D,1875.81532168173,244.904361175261,1875.81532168173,19.1331532168173,1875.81532168173,12.245218058763,1875.81532168173,0.459195677203614,1875.81532168173,30.6130451469076,1875.81532168173
IR-00841,PU-0500,otrpol_kr2,0.809986501704862,reconstructed_candidate,223.602606743288,15.5063208401136,11.4936791598864,0.242462690080569,27,1969–1971,"1994, 2002",сухая,комбайн+БВР,2208.49843189734,1173.36733122081,3455.70776255708,False,,R/D,2700.81441815171,350.504245523419,2700.81441815171,27.3831441815171,2700.81441815171,17.525212276171,2700.81441815171,0.657195460356411,2700.81441815171,43.8130306904274,2700.81441815171
IR-00842,PU-0501,otrpol_kr2,0.781152328839976,reconstructed_candidate,223.905099126626,15.4994907629617,11.5005092370383,0.242666404871415,27,1969–1971,"1994, 2002",сухая,комбайн+БВР,1758.67235742553,1229.60320625542,2552.51141552511,False,,R/D,2904.88341705686,376.625077383278,2904.88341705686,29.4238341705686,2904.88341705686,18.8312538691639,2904.88341705686,0.706172020093647,2904.88341705686,47.0781346729098,2904.88341705686
IR-00843,PU-0502,otrpol_kr2,0.840906835627346,reconstructed_candidate,244.392325068307,15,12,0.175949565036391,27,1935–1939,"1989–1999, 20…",сухая/гидро,БВР,315.325519554169,0,1099.54337899543,False,,R/D,1152.60000851439,152.332801089841,1152.60000851439,11.9010000851439,1152.60000851439,7.61664005449207,1152.60000851439,0.285624002043453,1152.60000851439,19.0416001362302,1152.60000851439
IR-00844,PU-0503,otrpol_kr2,0.876646704118889,reconstructed_candidate,230.635076555256,15.5231437291968,11.4768562708032,0.226496155726643,27,1969–1971,"1994, 2002",сухая,комбайн+БВР,2280.22612769754,1276.25570776256,3141.55251141553,False,,R/D,2267.83769323371,295.083224733915,2267.83769323371,23.0533769323371,2267.83769323371,14.7541612366957,2267.83769323371,0.55328104637609,2267.83769323371,36.8854030917393,2267.83769323371
IR-00845,PU-0504,otrpol_kr2,0.933461043884961,reconstructed_candidate,229.544426504232,15.5461764558238,11.4538235441762,0.226795566472822,27,1969–1971,"1994, 2002",сухая,комбайн+БВР,2857.05385591706,1374.42922374429,4300,False,,R/D,1706.66263425002,223.252817184003,1706.66263425002,17.4416263425002,1706.66263425002,11.1626408592002,1706.66263425002,0.418599032220006,1706.66263425002,27.9066021480004,1706.66263425002
IR-00846,PU-0505,otrpol_kr2,0.931027582426795,reconstructed_candidate,237.745700479753,15,12,0.172001892857531,27,1935–1939,"1989–1999, 20…",сухая/гидро,БВР,252.854717969005,176.712328767123,1119.17808219178,False,,R/D,1927.46166233527,251.515092778914,1927.46166233527,19.6496166233527,1927.46166233527,12.5757546389457,1927.46166233527,0.471590798960464,1927.46166233527,31.4393865973642,1927.46166233527
IR-00847,PU-0506,otrpol_kr2,0.912233621428333,reconstructed_candidate,239.257628595239,15,12,0.172903511611156,27,1935–1939,"1989–1999, 20…",сухая/гидро,БВР,430.385081043549,39.2694063926938,1943.83561643836,False,,R/D,1670.23054175624,218.589509344799,1670.23054175624,17.0773054175624,1670.23054175624,10.92947546724,1670.23054175624,0.409855330021499,1670.23054175624,27.3236886680999,1670.23054175624
IR-00848,PU-0507,otrpol_kr2,0.779124453420853,reconstructed_candidate,238.602416802281,15.4136062697425,11.5863937302575,0.208210576116187,27,1969–1971,"1994, 2002",сухая,комбайн+БВР,3389.20127269356,2788.12785388128,3907.30593607306,False,,R/D,1053.66867867664,139.66959087061,1053.66867867664,10.9116867867664,1053.66867867664,6.98347954353049,1053.66867867664,0.261880482882393,1053.66867867664,17.4586988588262,1053.66867867664
IR-00849,PU-0508,otrpol_kr2,0.822538561951165,reconstructed_candidate,231.89725209122,15.495835809971,11.504164190029,0.211159264727241,27,1969–1971,"1994, 2002",сухая,комбайн+БВР,3426.98744804685,2611.41552511416,3928.38450630291,False,,R/D,1035.2436088178,137.311181928678,1035.2436088178,10.727436088178,1035.2436088178,6.86555909643392,1035.2436088178,0.257458466116272,1035.2436088178,17.1638977410848,1035.2436088178
IR-00850,PU-0509,otrpol_kr2,0.909061923122144,reconstructed_candidate,230.193865430573,15.55139040552,11.44860959448,0.22667624802579,27,1969–1971,"1994, 2002",сухая,комбайн+БВР,2098.18876377989,1374.42922374429,2738.07422115496,False,,R/D,1275.83645549663,168.107066303568,1275.83645549663,13.1333645549663,1275.83645549663,8.40535331517842,1275.83645549663,0.315200749319191,1275.83645549663,21.0133832879461,1275.83645549663
IR-00851,PU-0510,otrpol_kr2,0.933825034593407,reconstructed_candidate,229.785630924982,15.5493088632071,11.4506911367929,0.226740370468247,27,1969–1971,"1994, 2002",сухая,комбайн+БВР,2076.94182142516,1610.04566210046,2768.49315068493,False,,R/D,1497.90047716315,196.531261076883,1497.90047716315,15.3540047716315,1497.90047716315,9.82656305384416,1497.90047716315,0.368496114519156,1497.90047716315,24.5664076346104,1497.90047716315
IR-00852,PU-0511,otrpol_kr2,0.748819538078107,reconstructed_candidate,247.470527022337,15.3103035515754,11.6896964484246,0.20458217257148,27,1935–1939,"1989–1999, 20…",сухая/гидро,БВР,2157.95564971092,1256.62100456621,3121.91780821918,False,,R/D,882.798119688881,117.798159320177,882.798119688881,9.20298119688881,882.798119688881,5.88990796600884,882.798119688881,0.220871548725331,882.798119688881,14.7247699150221,882.798119688881
IR-00853,PU-0512,otrpol_kr2,0.869508215675615,reconstructed_candidate,231.739385744575,15.5389701202235,11.4610298797765,0.22618667431795,27,1969–1971,"1994, 2002",сухая,комбайн+БВР,2741.06040572779,2002.7397260274,3395.88471086026,False,,R/D,1115.54054640159,147.589189939403,1115.54054640159,11.5304054640159,1115.54054640159,7.37945949697015,1115.54054640159,0.276729731136381,1115.54054640159,18.4486487424254,1115.54054640159
IR-00854,PU-0513,otrpol_kr2,0.891077127122605,reconstructed_candidate,240.840005814196,15,12,0.173847869639255,27,1935–1939,"1989–1999, 20…",сухая/гидро,БВР,676.730825498764,39.2694063926938,2179.45205479452,False,,R/D,1496.74842131137,196.383797927855,1496.74842131137,15.3424842131137,1496.74842131137,9.81918989639276,1496.74842131137,0.368219621114729,1496.74842131137,24.5479747409819,1496.74842131137
IR-00855,PU-0514,otrpol_kr2,0.800741524380012,reconstructed_candidate,248.276762772168,15,12,0.178253566239248,27,1935–1939,"1989–1999, 20…",сухая/гидро,БВР,254.632119760276,39.2694063926938,490.867579908675,False,,R/D,988.76768727212,131.362263970831,988.76768727212,10.2626768727212,988.76768727212,6.56811319854157,988.76768727212,0.246304244945309,988.76768727212,16.4202829963539,988.76768727212
IR-00856,PU-0515,otrpol_kr2,0.738577071714409,reconstructed_candidate,253.219373582036,15.1374589896827,11.8625410103173,0.195161949221336,27,1935–1939,"1989–1999, 20…",сухая/гидро,БВР,1035.52727605119,412.328767123287,1826.02739726027,False,,R/D,831.390534027379,111.217988355505,831.390534027379,8.6889053402738,831.390534027379,5.56089941777523,831.390534027379,0.208533728166571,831.390534027379,13.9022485444381,831.390534027379
IR-00857,PU-0516,otrpol_kr2,0.759995330170621,reconstructed_candidate,251.436793632801,15,12,0.180157558424959,27,1935–1939,"1989–1999, 20…",сухая/гидро,БВР,256.632638379565,0,2022.37442922374,False,,R/D,889.736231593988,118.68623764403,889.736231593988,9.27236231593988,889.736231593988,5.93431188220153,889.736231593988,0.222536695582557,889.736231593988,14.8357797055038,889.736231593988
IR-00858,PU-0517,otrpol_kr2,0.841696464944012,reconstructed_candidate,244.680702525395,15,12,0.176139166229647,27,1935–1939,"1989–1999, 20…",сухая/гидро,БВР,349.136114160711,39.2694063926938,1845.66210045662,False,,R/D,1238.59076499131,163.339617918888,1238.59076499131,12.7609076499131,1238.59076499131,8.1669808959444,1238.59076499131,0.306261783597915,1238.59076499131,20.417452239861,1238.59076499131
IR-00859,PU-0518,otrpol_kr2,0.765560830255185,reconstructed_candidate,224.357109857238,15.4912435345655,11.5087564654345,0.242667846357214,27,1969–1971,"1994, 2002",сухая,комбайн+БВР,1266.71542045359,706.849315068493,2002.7397260274,False,,R/D,3188.3170135503,412.904577734439,3188.3170135503,32.258170135503,3188.3170135503,20.6452288867219,3188.3170135503,0.774196083252073,3188.3170135503,51.6130722168049,3188.3170135503
IR-00860,PU-0519,otrpol_kr2,0.923938056520528,reconstructed_candidate,267.171606742035,15,12,0.262411533721977,27,1935–1939,"1989–1999, 20…",сухая/гидро,БВР,405.610801227364,0,2081.27853881279,False,,R/D,2579.12589368299,334.928114391423,2579.12589368299,26.1662589368299,2579.12589368299,16.7464057195711,2579.12589368299,0.627990214483917,2579.12589368299,41.8660142989278,2579.12589368299
IR-00861,PU-0520,otrpol_kr2,0.803631719854093,reconstructed_candidate,247.322244910954,15,12,0.177713262018375,27,1935–1939,"1989–1999, 20…",сухая/гидро,БВР,146.630362345865,135.699129205826,157.077625570776,False,,R/D,1101.32943180254,145.770167270725,1101.32943180254,11.3882943180254,1101.32943180254,7.28850836353627,1101.32943180254,0.27331906363261,1101.32943180254,18.2212709088407,1101.32943180254
IR-00862,PU-0521,otrpol_kr2,0.746500716115475,reconstructed_candidate,253.200458926832,15.1270247478051,11.8729752521949,0.19409810716339,27,1935–1939,"1989–1999, 20…",сухая/гидро,БВР,408.245341236495,196.34703196347,696.759622299614,False,,R/D,898.70304717872,119.833990038876,898.70304717872,9.3620304717872,898.70304717872,5.99169950194381,898.70304717872,0.224688731322893,898.70304717872,14.9792487548595,898.70304717872
IR-00863,PU-0522,otrpol_kr2,0.89616338034673,reconstructed_candidate,231.484213746962,15.5142753218961,11.4857246781039,0.226198724553048,27,1969–1971,"1994, 2002",сухая,комбайн+БВР,2614.14403823733,1786.75799086758,3298.6301369863,False,,R/D,2324.01369955867,302.273753543509,2324.01369955867,23.6151369955867,2324.01369955867,15.1136876771755,2324.01369955867,0.56676328789408,2324.01369955867,37.7842191929387,2324.01369955867
IR-00864,PU-0523,otrpol_kr2,0.911950787647097,reconstructed_candidate,232.034448867627,15.5272831588737,11.4727168411263,0.225952017596575,27,1969–1971,"1994, 2002",сухая,комбайн+БВР,1178.86843898212,628.310502283105,1747.48858447489,False,,R/D,1403.11126763259,184.398242256971,1403.11126763259,14.4061126763259,1403.11126763259,9.21991211284855,1403.11126763259,0.345746704231821,1403.11126763259,23.0497802821214,1403.11126763259
IR-00865,PU-0524,otrpol_kr2,0.942562860481614,reconstructed_candidate,231.118478153719,15.5300116718681,11.4699883281319,0.226256246358115,27,1969–1971,"1994, 2002",сухая,комбайн+БВР,1174.77614546947,628.310502283105,1806.39269406393,False,,R/D,1704.20037834857,222.937648428618,1704.20037834857,17.4170037834857,1704.20037834857,11.1468824214309,1704.20037834857,0.418008090803658,1704.20037834857,27.8672060535772,1704.20037834857
IR-00866,PU-0525,otrpol_kr2,0.83760745008694,reconstructed_candidate,231.993252114705,15.5038950321745,11.4961049678255,0.226091215975898,27,1969–1971,"1994, 2002",сухая,комбайн+БВР,3312.37442922374,3004.1095890411,3730.59360730594,False,,R/D,2687.5638593058,348.808173991142,2687.5638593058,27.250638593058,2687.5638593058,17.4404086995571,2687.5638593058,0.654015326233392,2687.5638593058,43.6010217488928,2687.5638593058
IR-00867,PU-0526,otrpol_kr2,0.753803017589463,reconstructed_candidate,246.528523971437,15.314804552946,11.685195447054,0.204273028348305,27,1935–1939,"1989–1999, 20…",сухая/гидро,БВР,1380.67691113936,530.13698630137,2375.79908675799,False,,R/D,1036.39455821105,137.458503451015,1036.39455821105,10.7389455821105,1036.39455821105,6.87292517255073,1036.39455821105,0.257734693970652,1036.39455821105,17.1823129313768,1036.39455821105
IR-00868,PU-0527,otrpol_kr2,0.797717700178029,reconstructed_candidate,232.686907390296,15.4928066626798,11.5071933373202,0.225910469824977,27,1969–1971,"1994, 2002",сухая,комбайн+БВР,1737.82829074595,510.502283105023,3691.32420091324,False,,R/D,3066.56057192418,397.319753206295,3066.56057192418,31.0406057192418,3066.56057192418,19.8659876603148,3066.56057192418,0.744974537261804,3066.56057192418,49.6649691507869,3066.56057192418
IR-00869,PU-0528,otrpol_kr2,0.830881457615897,reconstructed_candidate,234.722537979466,15.4518294259818,11.5481705740182,0.208847137403256,27,1969–1971,"1994, 2002",сухая,комбайн+БВР,1358.99583771216,157.077625570776,2945.20547945205,False,,R/D,1308.80432959916,172.326954188693,1308.80432959916,13.4630432959916,1308.80432959916,8.61634770943463,1308.80432959916,0.323113039103799,1308.80432959916,21.5408692735866,1308.80432959916
IR-00870,PU-0529,otrpol_kr2,0.915864713131626,reconstructed_candidate,233.44676042853,15.5084224780484,11.4915775219516,0.225386814217586,27,1969–1971,"1994, 2002",сухая,комбайн+БВР,606.842542938039,412.328767123287,708.629294047515,False,,R/D,1533.68417957573,201.111574985693,1533.68417957573,15.7118417957573,1533.68417957573,10.0555787492847,1533.68417957573,0.377084203098174,1533.68417957573,25.1389468732116,1533.68417957573
IR-00871,PU-0530,otrpol_kr2,0.946905271849729,reconstructed_candidate,232.347641506032,15.5143227101706,11.4856772898294,0.225810299463531,27,1969–1971,"1994, 2002",сухая,комбайн+БВР,737.02625636125,157.077625570776,2002.7397260274,False,,R/D,1830.0807481274,239.050335760307,1830.0807481274,18.675807481274,1830.0807481274,11.9525167880153,1830.0807481274,0.448219379550575,1830.0807481274,29.8812919700383,1830.0807481274
IR-00872,PU-0531,otrpol_kr2,0.933620479449677,reconstructed_candidate,231.994186397684,15.5112168670535,11.4887831329465,0.225988279459227,27,1969–1971,"1994, 2002",сухая,комбайн+БВР,1355.72915848319,647.945205479452,1791.05097669349,False,,R/D,2209.47030821381,287.612199451368,2209.47030821381,22.4697030821381,2209.47030821381,14.3806099725684,2209.47030821381,0.539272873971314,2209.47030821381,35.9515249314209,2209.47030821381
IR-00873,PU-0532,otrpol_kr2,0.852344937849346,reconstructed_candidate,232.422293257321,15.4997021272486,11.5002978727514,0.225929094125883,27,1969–1971,"1994, 2002",сухая,комбайн+БВР,1671.8000061255,863.926940639269,2356.16438356164,False,,R/D,2706.25056302393,351.200072067063,2706.25056302393,27.4375056302393,2706.25056302393,17.5600036033531,2706.25056302393,0.658500135125743,2706.25056302393,43.9000090083829,2706.25056302393
IR-00874,PU-0533,otrpol_kr2,0.948627534924964,reconstructed_candidate,247.336464202486,15,12,0.202070774557208,27,1935–1939,"1989–1999, 20…",сухая/гидро,БВР,303.448078581294,117.808219178082,903.196347031963,False,,R/D,2269.07827052521,295.242018627227,2269.07827052521,23.0657827052521,2269.07827052521,14.7621009313614,2269.07827052521,0.553578784926051,2269.07827052521,36.9052523284034,2269.07827052521
IR-00875,PU-0534,otrpol_kr2,0.933673775186497,reconstructed_candidate,238.998836478123,15,12,0.172765126493736,27,1935–1939,"1989–1999, 20…",сухая/гидро,БВР,436.497060668517,39.2694063926938,1433.33333333333,False,,R/D,1942.22882246035,253.405289274925,1942.22882246035,19.7972882246035,1942.22882246035,12.6702644637462,1942.22882246035,0.475134917390484,1942.22882246035,31.6756611593656,1942.22882246035
IR-00876,PU-0535,otrpol_kr2,0.89341805007538,reconstructed_candidate,232.238769224914,15.5048434104292,11.4951565895708,0.225945724438706,27,1969–1971,"1994, 2002",сухая,комбайн+БВР,1785.53082191781,1394.06392694064,2257.99086757991,False,,R/D,2463.44682392436,320.121193462318,2463.44682392436,25.0094682392436,2463.44682392436,16.0060596731159,2463.44682392436,0.600227237741847,2463.44682392436,40.0151491827898,2463.44682392436
IR-00877,PU-0536,otrpol_kr2,0.909811240905761,reconstructed_candidate,240.483665900737,15,12,0.173655301097471,27,1935–1939,"1989–1999, 20…",сухая/гидро,БВР,250.029583933043,98.1735159817354,384.74984116242,False,,R/D,1752.73339910492,229.14987508543,1752.73339910492,17.9023339910492,1752.73339910492,11.4574937542715,1752.73339910492,0.429656015785181,1752.73339910492,28.6437343856788,1752.73339910492
IR-00878,PU-0537,otrpol_kr2,0.753450508956606,reconstructed_candidate,250.216227921591,15.1409547757867,11.8590452242133,0.193741721382276,27,1935–1939,"1989–1999, 20…",сухая/гидро,БВР,361.918759430325,39.2694063926938,2002.7397260274,False,,R/D,1110.45233327285,146.937898658925,1110.45233327285,11.4795233327285,1110.45233327285,7.34689493294623,1110.45233327285,0.275508559985484,1110.45233327285,18.3672373323656,1110.45233327285
IR-00879,PU-0538,otrpol_kr2,0.841880939830359,reconstructed_candidate,243.912701388049,15,12,0.17571097730793,27,1935–1939,"1989–1999, 20…",сухая/гидро,БВР,603.194730465796,58.9041095890407,1943.83561643836,False,,R/D,1438.71253324787,188.955204255727,1438.71253324787,14.7621253324787,1438.71253324787,9.44776021278636,1438.71253324787,0.354291007979488,1438.71253324787,23.6194005319659,1438.71253324787
IR-00880,PU-0016,otrpol_ks,0.65,reconstructed_candidate,227.788163927088,15.1967781499583,11.8032218500417,0.253169083730045,27,1957–1959,"1996, 2011",сухая/гидро,БВР,330.026828601105,58.9041095890407,1924.20091324201,False,,R/D,3986.72768714403,515.101143954436,3986.72768714403,40.2422768714403,3986.72768714403,25.7550571977218,3986.72768714403,0.965814644914567,3986.72768714403,64.3876429943045,3986.72768714403
IR-00881,PU-0020,otrpol_ks,0.65,reconstructed_candidate,,,,,,1957–1959,"1996, 2011",сухая/гидро,БВР,427.883956751721,0,2022.37442922374,False,,R/D,5606.71483143014,,5606.71483143014,,5606.71483143014,,5606.71483143014,,5606.71483143014,,5606.71483143014
IR-00882,PU-0022,otrpol_ks,0.65,reconstructed_candidate,217.426543200239,15.3858766803812,11.6141233196188,0.238103671248098,27,1957–1959,"1996, 2011",сухая/гидро,БВР,208.760596654721,0,2022.37442922374,False,,R/D,3940.31947542611,509.160892854543,3940.31947542611,39.7781947542611,3940.31947542611,25.4580446427271,3940.31947542611,0.954676674102267,3940.31947542611,63.6451116068178,3940.31947542611
IR-00883,PU-0037,otrpol_ks,0.65,reconstructed_candidate,,,,,,1957–1959,"1996, 2011",сухая/гидро,БВР,453.490083796966,235.616438356164,1060.27397260274,False,,R/D,5351.59968420337,,5351.59968420337,,5351.59968420337,,5351.59968420337,,5351.59968420337,,5351.59968420337
IR-00884,PU-0039,otrpol_ks,0.65,reconstructed_candidate,,,,,,1957–1959,"1996, 2011",сухая/гидро,БВР,347.148657245639,117.808219178082,1806.39269406393,False,,R/D,5166.7614056703,,5166.7614056703,,5166.7614056703,,5166.7614056703,,5166.7614056703,,5166.7614056703
IR-00885,PU-0047,otrpol_ks,0.65,reconstructed_candidate,,,,,,1965–1970,"1997–2002, 20…",сухая/гидро,комбайн+БВР,603.875505172827,235.616438356164,1374.42922374429,False,,R/D,5416.38350704808,,5416.38350704808,,5416.38350704808,,5416.38350704808,,5416.38350704808,,5416.38350704808
IR-00886,PU-0057,otrpol_ks,0.65,reconstructed_candidate,,,,,,1965–1970,"1997–2002, 20…",сухая/гидро,комбайн+БВР,415.819224698931,157.077625570776,1963.4703196347,False,,R/D,5260.88614008676,,5260.88614008676,,5260.88614008676,,5260.88614008676,,5260.88614008676,,5260.88614008676
IR-00887,PU-0120,otrpol_ks,0.65,reconstructed_candidate,,,,,,1965–1970,"1997–2002, 20…",сухая/гидро,комбайн+БВР,811.027409054654,193.001443241615,1406.7061615252,False,,R/D,4673.70140741671,,4673.70140741671,,4673.70140741671,,4673.70140741671,,4673.70140741671,,4673.70140741671
IR-00888,PU-0146,otrpol_ks,0.65,reconstructed_candidate,,,,,,1965–1970,"1997–2002, 20…",сухая/гидро,комбайн+БВР,196.935360990358,78.5388127853876,369.230644805438,False,,R/D,4508.61731399966,,4508.61731399966,,4508.61731399966,,4508.61731399966,,4508.61731399966,,4508.61731399966
IR-00889,PU-0147,otrpol_ks,0.65,reconstructed_candidate,,,,,,1965–1970,"1997–2002, 20…",сухая/гидро,комбайн+БВР,1326.38488748275,1037.40525602592,1521.52283455973,False,,R/D,4765.24757987341,,4765.24757987341,,4765.24757987341,,4765.24757987341,,4765.24757987341,,4765.24757987341
IR-00890,PU-0172,otrpol_ks,0.65,reconstructed_candidate,215.800922109496,15.4318140814159,11.5681859185841,0.236730486798774,27,1965–1970,"1997–2002, 20…",сухая/гидро,комбайн+БВР,611.753543983584,314.155251141553,1040.63926940639,False,,R/D,4435.63132782673,572.560809961821,4435.63132782673,44.7313132782673,4435.63132782673,28.6280404980911,4435.63132782673,1.07355151867841,4435.63132782673,71.5701012452276,4435.63132782673
IR-00891,PU-0177,otrpol_ks,0.65,reconstructed_candidate,215.77445638308,15.4331980779027,11.5668019220974,0.236753827735963,27,1965–1970,"1997–2002, 20…",сухая/гидро,комбайн+БВР,778.569973069821,749.83415366803,811.364286941364,False,,R/D,4321.75195442958,557.984250166986,4321.75195442958,43.5925195442958,4321.75195442958,27.8992125083493,4321.75195442958,1.0462204690631,4321.75195442958,69.7480312708732,4321.75195442958
IR-00892,PU-0182,otrpol_ks,0.65,reconstructed_candidate,215.769540615888,15.4340860730301,11.5659139269699,0.236803392080621,27,1965–1970,"1997–2002, 20…",сухая/гидро,комбайн+БВР,712.612954232346,467.77187222232,1060.27397260274,False,,R/D,4198.92763410932,542.262737165993,4198.92763410932,42.3642763410932,4198.92763410932,27.1131368582997,4198.92763410932,1.01674263218624,4198.92763410932,67.7828421457492,4198.92763410932
IR-00893,PU-0196,otrpol_ks,0.65,reconstructed_candidate,215.653500159256,15.436448042234,11.563551957766,0.236639784525325,27,1965–1970,"1997–2002, 20…",сухая/гидро,комбайн+БВР,121.942129373443,0,314.155251141553,False,,R/D,4319.09929089015,557.644709233939,4319.09929089015,43.5659929089015,4319.09929089015,27.882235461697,4319.09929089015,1.04558382981364,4319.09929089015,69.7055886542424,4319.09929089015
IR-00894,PU-0205,otrpol_ks,0.65,reconstructed_candidate,215.621275528873,15.438395496578,11.561604503422,0.236686898751997,27,1965–1970,"1997–2002, 20…",сухая/гидро,комбайн+БВР,186.251386389663,0,471.232876712329,False,,R/D,4142.92331379414,535.09418416565,4142.92331379414,41.8042331379414,4142.92331379414,26.7547092082825,4142.92331379414,1.00330159531059,4142.92331379414,66.8867730207063,4142.92331379414
IR-00895,PU-0246,otrpol_ks,0.65,reconstructed_candidate,225.883370420158,15,12,0.234558095551767,27,1957–1959,"1996, 2011",сухая/гидро,БВР,611.909668081776,78.5388127853876,2022.37442922374,False,,R/D,593.023664344436,80.7070290360879,593.023664344436,6.30523664344437,593.023664344436,4.03535145180439,593.023664344436,0.151325679442665,593.023664344436,10.088378629511,593.023664344436
IR-00896,PU-0263,otrpol_ks,0.65,reconstructed_candidate,230.650729076953,15,12,0.247815819087789,27,1957–1959,"1996, 2011",сухая/гидро,БВР,336.932028712722,196.34703196347,431.963470319634,False,,R/D,363.585073869356,51.3388894552775,363.585073869356,4.01085073869356,363.585073869356,2.56694447276388,363.585073869356,0.0962604177286454,363.585073869356,6.41736118190969,363.585073869356
IR-00897,PU-0266,otrpol_ks,0.65,reconstructed_candidate,228.690191362757,15,12,0.243791271323412,27,1957–1959,"1996, 2011",сухая/гидро,БВР,230.91629644122,78.5388127853876,333.789954337899,False,,R/D,651.399020413193,88.1790746128887,651.399020413193,6.88899020413193,651.399020413193,4.40895373064444,651.399020413193,0.165335764899166,651.399020413193,11.0223843266111,651.399020413193
IR-00898,PU-0273,otrpol_ks,0.65,reconstructed_candidate,226.994200106553,15,12,0.237579961757116,27,1957–1959,"1996, 2011",сухая/гидро,БВР,204.489133070251,196.34703196347,217.950151312773,False,,R/D,408.998823764926,57.1518494419105,408.998823764926,4.46498823764926,408.998823764926,2.85759247209552,408.998823764926,0.107159717703582,408.998823764926,7.14398118023881,408.998823764926
IR-00899,PU-0276,otrpol_ks,0.65,reconstructed_candidate,215.173123505326,15.450700053688,11.549299946312,0.23628391652743,27,1965–1970,"1997–2002, 20…",сухая/гидро,комбайн+БВР,207.150839980528,0,471.232876712329,False,,R/D,4045.89926332672,522.67510570582,4045.89926332672,40.8339926332672,4045.89926332672,26.133755285291,4045.89926332672,0.980015823198413,4045.89926332672,65.3343882132275,4045.89926332672
IR-00900,PU-0277,otrpol_ks,0.65,reconstructed_candidate,221.721403994946,15,12,0.222667879401273,27,1957–1959,"1996, 2011",сухая/гидро,БВР,288.344528711599,196.34703196347,333.789954337899,False,,R/D,491.507934472273,67.7130156124509,491.507934472273,5.29007934472273,491.507934472273,3.38565078062255,491.507934472273,0.126961904273345,491.507934472273,8.46412695155636,491.507934472273
IR-00901,PU-0291,otrpol_ks,0.65,reconstructed_candidate,235.175182193624,15,12,0.260294886530346,27,1957–1959,"1996, 2011",сухая/гидро,БВР,1429.69877253797,785.388127853881,1786.75799086758,False,,R/D,229.179386708775,34.1349614987232,229.179386708775,2.66679386708775,229.179386708775,1.70674807493616,229.179386708775,0.0640030528101059,229.179386708775,4.26687018734039,229.179386708775
IR-00902,PU-0295,otrpol_ks,0.65,reconstructed_candidate,224.448871228393,15,12,0.23055769542192,27,1957–1959,"1996, 2011",сухая/гидро,БВР,544.140547030599,196.34703196347,1433.33333333333,False,,R/D,367.686570900626,51.8638810752801,367.686570900626,4.05186570900626,367.686570900626,2.59319405376401,367.686570900626,0.0972447770161503,367.686570900626,6.48298513441002,367.686570900626
IR-00903,PU-0306,otrpol_ks,0.65,reconstructed_candidate,227.113946631258,15,12,0.238838612946468,27,1957–1959,"1996, 2011",сухая/гидро,БВР,1374.65462382783,687.214611872146,1983.10502283105,False,,R/D,259.453479858038,38.0100454218288,259.453479858038,2.96953479858038,259.453479858038,1.90050227109144,259.453479858038,0.0712688351659291,259.453479858038,4.75125567772861,259.453479858038
IR-00904,PU-0310,otrpol_ks,0.65,reconstructed_candidate,231.463987593048,15,12,0.24513226936652,27,1955–1957,1978–1980,сухая,БВР,285.862745101431,157.077625570776,431.963470319634,False,,R/D,548.883353454817,75.0570692422166,548.883353454817,5.86383353454817,548.883353454817,3.75285346211083,548.883353454817,0.140732004829156,548.883353454817,9.38213365527708,548.883353454817
IR-00905,PU-0314,otrpol_ks,0.8,reconstructed_candidate,240.730458034015,15,12,0.269840453693274,27,1956–1957,1978–1981,сухая,БВР,553.355773422891,84.0408026037635,1079.90867579909,False,,R/D,1618.20861477131,211.930702690727,1618.20861477131,16.5570861477131,1618.20861477131,10.5965351345364,1618.20861477131,0.397370067545114,1618.20861477131,26.4913378363409,1618.20861477131
IR-00906,PU-0315,otrpol_ks,0.8,reconstructed_candidate,241.392297467287,15,12,0.271622405769601,27,1956–1957,1978–1981,сухая,БВР,331.844682047496,108.580095904765,562.564736394732,False,,R/D,1448.97944443961,190.26936888827,1448.97944443961,14.8647944443961,1448.97944443961,9.51346844441348,1448.97944443961,0.356755066665505,1448.97944443961,23.7836711110337,1448.97944443961
IR-00907,PU-0318,otrpol_ks,0.65,reconstructed_candidate,214.871651346495,15.459512195956,11.540487804044,0.236051829310148,27,1965–1970,"1997–2002, 20…",сухая/гидро,комбайн+БВР,114.437502392452,0,145.85421482194,False,,R/D,3873.66465032586,500.629075241711,3873.66465032586,39.1116465032586,3873.66465032586,25.0314537620855,3873.66465032586,0.938679516078207,3873.66465032586,62.5786344052138,3873.66465032586
IR-00908,PU-0321,otrpol_ks,0.65,reconstructed_candidate,214.996679840681,15.4528805878142,11.5471194121858,0.235935220534268,27,1965–1970,"1997–2002, 20…",сухая/гидро,комбайн+БВР,593.040159923471,137.442922374429,1884.93150684932,False,,R/D,4398.06918793279,567.752856055398,4398.06918793279,44.3556918793279,4398.06918793279,28.3876428027699,4398.06918793279,1.06453660510387,4398.06918793279,70.9691070069247,4398.06918793279
IR-00909,PU-0327,otrpol_ks,0.65,reconstructed_candidate,214.949342294984,15.4562652071146,11.5437347928854,0.236041954453405,27,1965–1970,"1997–2002, 20…",сухая/гидро,комбайн+БВР,202.789580652584,0,530.13698630137,False,,R/D,4057.43995300058,524.152313984074,4057.43995300058,40.9493995300058,4057.43995300058,26.2076156992037,4057.43995300058,0.982785588720139,4057.43995300058,65.5190392480092,4057.43995300058
IR-00910,PU-0336,otrpol_ks,0.8,reconstructed_candidate,239.655873127995,15,12,0.266918035493792,27,1956–1957,1978–1981,сухая,БВР,174.97957373089,0,1060.27397260274,False,,R/D,1691.92981926838,221.367016866353,1691.92981926838,17.2942981926838,1691.92981926838,11.0683508433176,1691.92981926838,0.415063156624411,1691.92981926838,27.6708771082941,1691.92981926838
IR-00911,PU-0337,otrpol_ks,0.8,reconstructed_candidate,244.69509403506,15,12,0.280471857420861,27,1956–1957,1978–1981,сухая,БВР,728.81557258426,559.932867701661,979.594313412204,False,,R/D,614.552701561595,83.4627457998841,614.552701561595,6.52052701561595,614.552701561595,4.17313728999421,614.552701561595,0.156492648374783,614.552701561595,10.4328432249855,614.552701561595
IR-00912,PU-0338,otrpol_ks,0.8,reconstructed_candidate,244.354765769878,15,12,0.279545169572271,27,1956–1957,1978–1981,сухая,БВР,241.620849465667,78.5388127853876,373.979848133655,False,,R/D,672.782051883241,90.9161026410549,672.782051883241,7.10282051883241,672.782051883241,4.54580513205274,672.782051883241,0.170467692451978,672.782051883241,11.3645128301319,672.782051883241
IR-00913,PU-0339,otrpol_ks,0.8,reconstructed_candidate,243.710755289291,15,12,0.277809861913639,27,1956–1957,1978–1981,сухая,БВР,172.042504651769,0,424.821403330061,False,,R/D,765.670399353064,102.805811117192,765.670399353064,8.03170399353064,765.670399353064,5.14029055585961,765.670399353064,0.192760895844735,765.670399353064,12.850726389649,765.670399353064
IR-00914,PU-0342,otrpol_ks,0.8,reconstructed_candidate,238.911623286685,15,12,0.264912162837526,27,1956–1957,1978–1981,сухая,БВР,149.414982491455,0,471.232876712329,False,,R/D,1966.36176829815,256.494306342163,1966.36176829815,20.0386176829815,1966.36176829815,12.8247153171082,1966.36176829815,0.480926824391556,1966.36176829815,32.0617882927704,1966.36176829815
IR-00915,PU-0367,otrpol_ks,0.8,reconstructed_candidate,237.81676461055,15,12,0.261899035519684,27,1956–1957,1978–1981,сухая,БВР,882.159165035877,39.2694063926938,2022.37442922374,False,,R/D,837.562585492173,112.008010942998,837.562585492173,8.75062585492173,837.562585492173,5.60040054714991,837.562585492173,0.210015020518122,837.562585492173,14.0010013678748,837.562585492173
IR-00916,PU-0370,otrpol_ks,0.8,reconstructed_candidate,234.625080524378,15,12,0.253275439304545,27,1956–1957,1978–1981,сухая,БВР,772.692705517095,39.2694063926938,2159.81735159817,False,,R/D,770.518362473216,103.426350396572,770.518362473216,8.08018362473216,770.518362473216,5.17131751982858,770.518362473216,0.193924406993572,770.518362473216,12.9282937995715,770.518362473216
IR-00917,PU-0371,otrpol_ks,0.8,reconstructed_candidate,238.601826302646,15,12,0.264010701414236,27,1956–1957,1978–1981,сухая,БВР,429.760727802442,39.2694063926938,2022.37442922374,False,,R/D,973.528598053581,129.411660550858,973.528598053581,10.1102859805358,973.528598053581,6.47058302754292,973.528598053581,0.242646863532859,973.528598053581,16.1764575688573,973.528598053581
IR-00918,PU-0383,otrpol_ks,0.65,reconstructed_candidate,214.769464059877,15.4588215849128,11.5411784150872,0.235710786469835,27,1965–1970,"1997–2002, 20…",сухая/гидро,комбайн+БВР,462.615204486382,274.885844748858,1197.71689497717,False,,R/D,4328.7878013703,558.884838575398,4328.7878013703,43.662878013703,4328.7878013703,27.9442419287699,4328.7878013703,1.04790907232887,4328.7878013703,69.8606048219247,4328.7878013703
IR-00919,PU-0384,otrpol_ks,0.65,reconstructed_candidate,214.812093911361,15.456747798168,11.543252201832,0.235684104481013,27,1965–1970,"1997–2002, 20…",сухая/гидро,комбайн+БВР,507.095798225903,157.077625570776,1197.71689497717,False,,R/D,4495.3055679569,580.199112698483,4495.3055679569,45.328055679569,4495.3055679569,29.0099556349242,4495.3055679569,1.08787333630966,4495.3055679569,72.5248890873104,4495.3055679569
IR-00920,PU-0394,otrpol_ks,0.65,reconstructed_candidate,214.702829750653,15.4622853876392,11.5377146123608,0.235768162855637,27,1965–1970,"1997–2002, 20…",сухая/гидро,комбайн+БВР,240.196165513313,78.5388127853876,1060.27397260274,False,,R/D,4057.38201548965,524.144897982675,4057.38201548965,40.9488201548965,4057.38201548965,26.2072448991337,4057.38201548965,0.982771683717515,4057.38201548965,65.5181122478343,4057.38201548965
IR-00921,PU-0396,otrpol_ks,0.65,reconstructed_candidate,214.499730727091,15.4701061918206,11.5298938081794,0.235746891758452,27,1965–1970,"1997–2002, 20…",сухая/гидро,комбайн+БВР,222.526636225266,39.2694063926938,333.789954337899,False,,R/D,3680.61171065223,475.918298963485,3680.61171065223,37.1811171065223,3680.61171065223,23.7959149481743,3680.61171065223,0.892346810556535,3680.61171065223,59.4897873704357,3680.61171065223
IR-00922,PU-0397,otrpol_ks,0.65,reconstructed_candidate,214.560946369909,15.4673333999036,11.5326666000964,0.235723778555409,27,1965–1970,"1997–2002, 20…",сухая/гидро,комбайн+БВР,130.986464435278,0,333.789954337899,False,,R/D,3839.03263123345,496.196176797882,3839.03263123345,38.7653263123345,3839.03263123345,24.8098088398941,3839.03263123345,0.930367831496029,3839.03263123345,62.0245220997352,3839.03263123345
IR-00923,PU-0401,otrpol_ks,0.8,reconstructed_candidate,235.385107895372,15,12,0.255283307415244,27,1956–1957,1978–1981,сухая,БВР,207.120624553207,58.9041095890407,333.789954337899,False,,R/D,1260.2464191786,166.111541654861,1260.2464191786,12.977464191786,1260.2464191786,8.30557708274305,1260.2464191786,0.311459140602864,1260.2464191786,20.7639427068576,1260.2464191786
IR-00924,PU-0426,otrpol_ks,0.8,reconstructed_candidate,264.591231882247,15,12,0.272203823445498,27,1956–1957,1978–1981,сухая,БВР,258.074060877193,0,1040.63926940639,False,,R/D,1648.49213788637,215.806993649456,1648.49213788637,16.8599213788637,1648.49213788637,10.7903496824728,1648.49213788637,0.40463811309273,1648.49213788637,26.975874206182,1648.49213788637
IR-00925,PU-0449,otrpol_ks,0.65,reconstructed_candidate,214.240062595619,15.4758208779661,11.5241791220339,0.235415518546576,27,1969–1971,"1994, 2002",сухая,комбайн+БВР,354.827136333985,137.442922374429,903.196347031963,False,,R/D,3691.97695360077,477.373050060898,3691.97695360077,37.2947695360077,3691.97695360077,23.8686525030449,3691.97695360077,0.895074468864184,3691.97695360077,59.6716312576123,3691.97695360077
IR-00926,PU-0466,otrpol_ks,0.8,reconstructed_candidate,247.139360193752,15,12,0.202231421853129,27,1935–1939,"1989–1999, 20…",сухая/гидро,БВР,354.242489590958,0,2081.27853881279,False,,R/D,1531.13182101625,200.78487309008,1531.13182101625,15.6863182101625,1531.13182101625,10.039243654504,1531.13182101625,0.376471637043901,1531.13182101625,25.0981091362601,1531.13182101625
IR-00927,PU-0469,otrpol_ks,0.8,reconstructed_candidate,265.690448136928,15,12,0.268056529322215,27,1956–1957,1978–1981,сухая,БВР,446.642840728706,117.808219178082,2159.81735159817,False,,R/D,2458.71066879068,319.514965605207,2458.71066879068,24.9621066879068,2458.71066879068,15.9757482802604,2458.71066879068,0.599090560509764,2458.71066879068,39.9393707006509,2458.71066879068
IR-00928,PU-0523,otrpol_ks,0.65,reconstructed_candidate,232.034448867627,15.5272831588737,11.4727168411263,0.225952017596575,27,1969–1971,"1994, 2002",сухая,комбайн+БВР,1178.86843898212,628.310502283105,1747.48858447489,False,,R/D,1403.11126763259,184.398242256971,1403.11126763259,14.4061126763259,1403.11126763259,9.21991211284855,1403.11126763259,0.345746704231821,1403.11126763259,23.0497802821214,1403.11126763259
IR-00929,PU-0529,otrpol_ks,0.65,reconstructed_candidate,233.44676042853,15.5084224780484,11.4915775219516,0.225386814217586,27,1969–1971,"1994, 2002",сухая,комбайн+БВР,606.842542938039,412.328767123287,708.629294047515,False,,R/D,1533.68417957573,201.111574985693,1533.68417957573,15.7118417957573,1533.68417957573,10.0555787492847,1533.68417957573,0.377084203098174,1533.68417957573,25.1389468732116,1533.68417957573
IR-00930,PU-0007,otrpol_vk,0.9,reconstructed_candidate,246.270324353453,15,12,0.284629092274371,27,1956–1957,1978–1981,сухая,БВР,1014.01241277533,490.867579908675,1668.9497716895,False,,R/D,3596.81778083532,465.192675946921,3596.81778083532,36.3431778083532,3596.81778083532,23.2596337973461,3596.81778083532,0.872236267400477,3596.81778083532,58.1490844933651,3596.81778083532
IR-00931,PU-0008,otrpol_vk,0.9,reconstructed_candidate,246.271567560651,15,12,0.284642284836439,27,1956–1957,1978–1981,сухая,БВР,932.429286025911,608.675799086758,1217.35159817352,False,,R/D,3552.20338079633,459.48203274193,3552.20338079633,35.8970338079633,3552.20338079633,22.9741016370965,3552.20338079633,0.861528811391118,3552.20338079633,57.4352540927412,3552.20338079633
IR-00932,PU-0017,otrpol_vk,0.9,reconstructed_candidate,246.417576140151,15,12,0.285041692207302,27,1956–1957,1978–1981,сухая,БВР,930.657855158197,510.502283105023,1668.9497716895,False,,R/D,3386.86939243763,438.319282232017,3386.86939243763,34.2436939243763,3386.86939243763,21.9159641116008,3386.86939243763,0.821848654185031,3386.86939243763,54.7899102790021,3386.86939243763
IR-00933,PU-0021,otrpol_vk,0.9,reconstructed_candidate,248.883498486629,15,12,0.297874003437667,27,1957–1959,"1996, 2011",сухая/гидро,БВР,289.270842335514,0,1786.75799086758,False,,R/D,3285.59399144884,425.356030905452,3285.59399144884,33.2309399144884,3285.59399144884,21.2678015452726,3285.59399144884,0.797542557947723,3285.59399144884,53.1695038631815,3285.59399144884
IR-00934,PU-0023,otrpol_vk,0.9,reconstructed_candidate,246.562565867545,15,12,0.285403955645957,27,1956–1957,1978–1981,сухая,БВР,698.425433531782,353.424657534246,1943.83561643836,False,,R/D,3334.68553854746,431.639748934074,3334.68553854746,33.7218553854746,3334.68553854746,21.5819874467037,3334.68553854746,0.80932452925139,3334.68553854746,53.9549686167593,3334.68553854746
IR-00935,PU-0024,otrpol_vk,0.9,reconstructed_candidate,246.650189492296,15,12,0.285686773300132,27,1956–1957,1978–1981,сухая,БВР,700.030592817663,353.424657534246,1668.9497716895,False,,R/D,3114.04787324868,403.39812777583,3114.04787324868,31.5154787324868,3114.04787324868,20.1699063887915,3114.04787324868,0.756371489579682,3114.04787324868,50.4247659719788,3114.04787324868
IR-00936,PU-0025,otrpol_vk,0.9,reconstructed_candidate,227.721130356657,15.1982093860758,11.8017906139242,0.253098208814809,27,1957–1959,"1996, 2011",сухая/гидро,БВР,421.105878458241,39.2694063926938,2022.37442922374,False,,R/D,3587.07379891556,463.945446261191,3587.07379891556,36.2457379891556,3587.07379891556,23.1972723130596,3587.07379891556,0.869897711739734,3587.07379891556,57.9931807826489,3587.07379891556
IR-00937,PU-0026,otrpol_vk,0.9,reconstructed_candidate,227.522993050122,15.2008874367808,11.7991125632192,0.252717976941582,27,1957–1959,"1996, 2011",сухая/гидро,БВР,235.823208843044,39.2694063926938,498.959485681934,False,,R/D,3674.49567162808,475.135445968394,3674.49567162808,37.1199567162808,3674.49567162808,23.7567722984197,3674.49567162808,0.890878961190739,3674.49567162808,59.3919307460493,3674.49567162808
IR-00938,PU-0027,otrpol_vk,0.9,reconstructed_candidate,217.59461101701,15.3821341731968,11.6178658268032,0.238318611813696,27,1957–1959,"1996, 2011",сухая/гидро,БВР,267.580269764596,39.2694063926938,333.789954337899,False,,R/D,3740.69446924636,483.608892063534,3740.69446924636,37.7819446924636,3740.69446924636,24.1804446031767,3740.69446924636,0.906766672619127,3740.69446924636,60.4511115079418,3740.69446924636
IR-00939,PU-0029,otrpol_vk,0.9,reconstructed_candidate,246.68851722048,15,12,0.285761590736046,27,1956–1957,1978–1981,сухая,БВР,568.112692401217,392.694063926941,1197.71689497717,False,,R/D,3163.67812335774,409.750799789791,3163.67812335774,32.0117812335774,3163.67812335774,20.4875399894895,3163.67812335774,0.768282749605858,3163.67812335774,51.2188499737238,3163.67812335774
IR-00940,PU-0030,otrpol_vk,0.9,reconstructed_candidate,246.74636167239,15,12,0.28594883438141,27,1956–1957,1978–1981,сухая,БВР,645.171525203139,353.424657534246,1197.71689497717,False,,R/D,3024.93542500456,391.991734400584,3024.93542500456,30.6243542500457,3024.93542500456,19.5995867200292,3024.93542500456,0.734984502001096,3024.93542500456,48.998966800073,3024.93542500456
IR-00941,PU-0031,otrpol_vk,0.9,reconstructed_candidate,246.733320994027,15,12,0.285954899733203,27,1956–1957,1978–1981,сухая,БВР,695.637904034015,431.963470319634,1197.71689497717,False,,R/D,2895.7892139424,375.461019384627,2895.7892139424,29.332892139424,2895.7892139424,18.7730509692313,2895.7892139424,0.703989411346176,2895.7892139424,46.9326274230784,2895.7892139424
IR-00942,PU-0032,otrpol_vk,0.9,reconstructed_candidate,217.49359622191,15.3857030966922,11.6142969033078,0.238285011099462,27,1957–1959,"1996, 2011",сухая/гидро,БВР,416.532357137497,78.5388127853876,2022.37442922374,False,,R/D,3738.49678979064,483.327589093202,3738.49678979064,37.7599678979064,3738.49678979064,24.1663794546601,3738.49678979064,0.906239229549754,3738.49678979064,60.4159486366502,3738.49678979064
IR-00943,PU-0033,otrpol_vk,0.9,reconstructed_candidate,246.895875289238,15,12,0.286363973217067,27,1956–1957,1978–1981,сухая,БВР,596.404109589041,196.34703196347,1197.71689497717,False,,R/D,2871.11222261634,372.302364494891,2871.11222261634,29.0861222261634,2871.11222261634,18.6151182247446,2871.11222261634,0.698066933427921,2871.11222261634,46.5377955618614,2871.11222261634
IR-00944,PU-0034,otrpol_vk,0.9,reconstructed_candidate,246.904328331504,15,12,0.286418251220322,27,1956–1957,1978–1981,сухая,БВР,503.957382039574,353.424657534246,1197.71689497717,False,,R/D,2771.32721129029,359.529883045157,2771.32721129029,28.0882721129029,2771.32721129029,17.9764941522579,2771.32721129029,0.67411853070967,2771.32721129029,44.9412353806447,2771.32721129029
IR-00945,PU-0035,otrpol_vk,0.9,reconstructed_candidate,217.001385946566,15.3988342503833,11.6011657496167,0.237812653573924,27,1957–1959,"1996, 2011",сухая/гидро,БВР,353.424657534246,333.789954337899,431.963470319634,False,,R/D,4089.12399777864,528.207871715665,4089.12399777864,41.2662399777864,4089.12399777864,26.4103935857833,4089.12399777864,0.990389759466873,4089.12399777864,66.0259839644582,4089.12399777864
IR-00946,PU-0036,otrpol_vk,0.9,reconstructed_candidate,216.905464744644,15.4010151238792,11.5989848761208,0.23769328825186,27,1957–1959,"1996, 2011",сухая/гидро,БВР,174.133356176227,98.1735159817354,314.155251141553,False,,R/D,4204.44520364982,542.968986067176,4204.44520364982,42.4194520364981,4204.44520364982,27.1484493033588,4204.44520364982,1.01806684887596,4204.44520364982,67.871123258397,4204.44520364982
IR-00947,PU-0038,otrpol_vk,0.9,reconstructed_candidate,246.925186234967,15,12,0.286399110491248,27,1956–1957,1978–1981,сухая,БВР,453.627441819609,137.442922374429,1099.54337899543,False,,R/D,2945.09539060383,381.772209997291,2945.09539060383,29.8259539060383,2945.09539060383,19.0886104998645,2945.09539060383,0.71582289374492,2945.09539060383,47.7215262496613,2945.09539060383
IR-00948,PU-0040,otrpol_vk,0.9,reconstructed_candidate,217.919351065896,15.3773158266855,11.6226841733145,0.238908514154678,27,1957–1959,"1996, 2011",сухая/гидро,БВР,624.37766883456,0,2179.45205479452,False,,R/D,3241.96388415454,419.771377171781,3241.96388415454,32.7946388415454,3241.96388415454,20.988568858589,3241.96388415454,0.787071332197089,3241.96388415454,52.4714221464726,3241.96388415454
IR-00949,PU-0042,otrpol_vk,0.9,reconstructed_candidate,228.134967844306,15.1930252342083,11.8069747657917,0.253939005401609,27,1957–1959,"1996, 2011",сухая/гидро,БВР,263.518385003605,0,2022.37442922374,False,,R/D,3112.22285959184,403.164526027756,3112.22285959184,31.4972285959184,3112.22285959184,20.1582263013878,3112.22285959184,0.755933486302042,3112.22285959184,50.3955657534695,3112.22285959184
IR-00950,PU-0044,otrpol_vk,0.9,reconstructed_candidate,248.965283666921,15,12,0.298043151067703,27,1957–1959,"1996, 2011",сухая/гидро,БВР,279.259873331071,0,2022.37442922374,False,,R/D,2843.67339783139,368.790194922418,2843.67339783139,28.8117339783139,2843.67339783139,18.4395097461209,2843.67339783139,0.691481615479533,2843.67339783139,46.0987743653022,2843.67339783139
IR-00951,PU-0046,otrpol_vk,0.9,reconstructed_candidate,246.936624872252,15,12,0.286441214720839,27,1956–1957,1978–1981,сухая,БВР,519.986154820625,176.712328767123,1079.90867579909,False,,R/D,2914.78280508836,377.89219905131,2914.78280508836,29.5228280508836,2914.78280508836,18.8946099525655,2914.78280508836,0.708547873221207,2914.78280508836,47.2365248814138,2914.78280508836
IR-00952,PU-0048,otrpol_vk,0.9,reconstructed_candidate,216.904382235306,15.4018315542678,11.5981684457322,0.237749130921906,27,1957–1959,"1996, 2011",сухая/гидро,БВР,225.799086757991,78.5388127853876,333.789954337899,False,,R/D,4106.05018844205,530.374424120582,4106.05018844205,41.4355018844205,4106.05018844205,26.5187212060291,4106.05018844205,0.994452045226092,4106.05018844205,66.2968030150728,4106.05018844205
IR-00953,PU-0049,otrpol_vk,0.9,reconstructed_candidate,217.74155059572,15.3819362096543,11.6180637903457,0.238728952893348,27,1957–1959,"1996, 2011",сухая/гидро,БВР,279.217551004231,39.2694063926938,1040.63926940639,False,,R/D,3350.46778782038,433.659876841008,3350.46778782038,33.8796778782038,3350.46778782038,21.6829938420504,3350.46778782038,0.813112269076891,3350.46778782038,54.207484605126,3350.46778782038
IR-00954,PU-0050,otrpol_vk,0.9,reconstructed_candidate,217.250441883591,15.3939895136011,11.6060104863989,0.238181690616036,27,1957–1959,"1996, 2011",сухая/гидро,БВР,358.007154327694,0,1983.10502283105,False,,R/D,3729.64465117188,482.194515350001,3729.64465117188,37.6714465117188,3729.64465117188,24.1097257675,3729.64465117188,0.904114716281252,3729.64465117188,60.2743144187501,3729.64465117188
IR-00955,PU-0052,otrpol_vk,0.9,reconstructed_candidate,227.83565915757,15.1973055226819,11.8026944773182,0.253392693092015,27,1957–1959,"1996, 2011",сухая/гидро,БВР,297.727893059252,39.2694063926938,2002.7397260274,False,,R/D,3056.9209242192,396.085878300058,3056.9209242192,30.944209242192,3056.9209242192,19.8042939150029,3056.9209242192,0.742661021812608,3056.9209242192,49.5107347875072,3056.9209242192
IR-00956,PU-0053,otrpol_vk,0.9,reconstructed_candidate,217.55221821309,15.3873927057314,11.6126072942686,0.238576421816929,27,1957–1959,"1996, 2011",сухая/гидро,БВР,233.796980645605,0,471.232876712329,False,,R/D,3424.85745917358,443.181754774218,3424.85745917358,34.6235745917358,3424.85745917358,22.1590877387109,3424.85745917358,0.830965790201659,3424.85745917358,55.3977193467773,3424.85745917358
IR-00957,PU-0054,otrpol_vk,0.9,reconstructed_candidate,247.049003916336,15,12,0.286773690426962,27,1956–1957,1978–1981,сухая,БВР,287.307662677471,39.2694063926938,1060.27397260274,False,,R/D,2761.76584046878,358.306027580004,2761.76584046878,27.9926584046878,2761.76584046878,17.9153013790002,2761.76584046878,0.671823801712508,2761.76584046878,44.7882534475005,2761.76584046878
IR-00958,PU-0055,otrpol_vk,0.9,reconstructed_candidate,247.117710002279,15,12,0.286996286479921,27,1956–1957,1978–1981,сухая,БВР,541.877851312965,137.442922374429,1845.66210045662,False,,R/D,2621.87904824164,340.40051817493,2621.87904824164,26.5937904824164,2621.87904824164,17.0200259087465,2621.87904824164,0.638250971577994,2621.87904824164,42.5500647718662,2621.87904824164
IR-00959,PU-0058,otrpol_vk,0.9,reconstructed_candidate,249.362821399374,15,12,0.298803974736576,27,1957–1959,"1996, 2011",сухая/гидро,БВР,310.453464116684,279.44955116642,333.789954337899,False,,R/D,2655.5744958046,344.713535462988,2655.5744958046,26.930744958046,2655.5744958046,17.2356767731494,2655.5744958046,0.646337878993103,2655.5744958046,43.0891919328736,2655.5744958046
IR-00960,PU-0059,otrpol_vk,0.9,reconstructed_candidate,249.241368562721,15,12,0.298573588487585,27,1957–1959,"1996, 2011",сухая/гидро,БВР,324.302409621534,289.394867107086,410.427967651217,False,,R/D,2666.92026986527,346.165794542754,2666.92026986527,27.0442026986527,2666.92026986527,17.3082897271377,2666.92026986527,0.649060864767664,2666.92026986527,43.2707243178443,2666.92026986527
IR-00961,PU-0060,otrpol_vk,0.9,reconstructed_candidate,216.962085392274,15.4013728371952,11.5986271628048,0.237882496864827,27,1957–1959,"1996, 2011",сухая/гидро,БВР,349.932041225413,235.616438356164,451.598173515982,False,,R/D,3939.79359440936,509.093580084399,3939.79359440936,39.7729359440936,3939.79359440936,25.4546790042199,3939.79359440936,0.954550462658247,3939.79359440936,63.6366975105498,3939.79359440936
IR-00962,PU-0062,otrpol_vk,0.9,reconstructed_candidate,249.644967662355,15,12,0.299337937248913,27,1957–1959,"1996, 2011",сухая/гидро,БВР,348.511029234542,78.5388127853876,1079.90867579909,False,,R/D,2636.49672175596,342.271580384763,2636.49672175596,26.7399672175596,2636.49672175596,17.1135790192381,2636.49672175596,0.64175921322143,2636.49672175596,42.7839475480953,2636.49672175596
IR-00963,PU-0063,otrpol_vk,0.9,reconstructed_candidate,249.469604701804,15,12,0.299006903183426,27,1957–1959,"1996, 2011",сухая/гидро,БВР,137.442922374429,39.2694063926938,196.34703196347,False,,R/D,2635.7274845514,342.173118022579,2635.7274845514,26.732274845514,2635.7274845514,17.1086559011289,2635.7274845514,0.641574596292335,2635.7274845514,42.7716397528223,2635.7274845514
IR-00964,PU-0065,otrpol_vk,0.9,reconstructed_candidate,249.882795996767,15,12,0.299785433557426,27,1955–1957,1978–1980,сухая,БВР,226.039785286909,78.5388127853876,314.155251141553,False,,R/D,2570.56971915809,333.832924052236,2570.56971915809,26.0806971915809,2570.56971915809,16.6916462026118,2570.56971915809,0.625936732597943,2570.56971915809,41.7291155065295,2570.56971915809
IR-00965,PU-0066,otrpol_vk,0.9,reconstructed_candidate,247.297988894386,15,12,0.287445986104248,27,1956–1957,1978–1981,сухая,БВР,213.470486345259,0,416.393760643836,False,,R/D,2574.61009390028,334.350092019236,2574.61009390028,26.1211009390028,2574.61009390028,16.7175046009618,2574.61009390028,0.626906422536067,2574.61009390028,41.7937615024045,2574.61009390028
IR-00966,PU-0067,otrpol_vk,0.9,reconstructed_candidate,247.46691204041,15,12,0.287929509100621,27,1956–1957,1978–1981,сухая,БВР,267.780064863621,39.2694063926938,1983.10502283105,False,,R/D,2413.06976726916,313.672930210453,2413.06976726916,24.5056976726916,2413.06976726916,15.6836465105227,2413.06976726916,0.5881367441446,2413.06976726916,39.2091162763066,2413.06976726916
IR-00967,PU-0068,otrpol_vk,0.9,reconstructed_candidate,249.448723543711,15,12,0.29897632542892,27,1957–1959,"1996, 2011",сухая/гидро,БВР,242.161339421613,196.34703196347,333.789954337899,False,,R/D,2480.74649822541,322.335551772853,2480.74649822541,25.1824649822541,2480.74649822541,16.1167775886426,2480.74649822541,0.604379159574099,2480.74649822541,40.2919439716066,2480.74649822541
IR-00968,PU-0069,otrpol_vk,0.9,reconstructed_candidate,218.178512586957,15.3738707823501,11.6261292176499,0.239407736098594,27,1957–1959,"1996, 2011",сухая/гидро,БВР,297.972510403452,195.237492100137,1099.54337899543,False,,R/D,2907.42082307512,376.949865353616,2907.42082307512,29.4492082307512,2907.42082307512,18.8474932676808,2907.42082307512,0.706780997538029,2907.42082307512,47.118733169202,2907.42082307512
IR-00969,PU-0070,otrpol_vk,0.9,reconstructed_candidate,218.327976959127,15.3710769849278,11.6289230150722,0.239637293190553,27,1957–1959,"1996, 2011",сухая/гидро,БВР,430.02297848043,196.34703196347,1767.12328767123,False,,R/D,2783.19730804711,361.04925543003,2783.19730804711,28.2069730804711,2783.19730804711,18.0524627715015,2783.19730804711,0.676967353931307,2783.19730804711,45.1311569287538,2783.19730804711
IR-00970,PU-0071,otrpol_vk,0.9,reconstructed_candidate,217.08847809225,15.4005155370359,11.5994844629641,0.238185020182544,27,1957–1959,"1996, 2011",сухая/гидро,БВР,781.618095355404,215.981735159817,1668.9497716895,False,,R/D,3601.02161896412,465.730767227407,3601.02161896412,36.3852161896412,3601.02161896412,23.2865383613704,3601.02161896412,0.873245188551388,3601.02161896412,58.2163459034259,3601.02161896412
IR-00971,PU-0072,otrpol_vk,0.9,reconstructed_candidate,239.359370456527,15,12,0.2662535589342,27,1956–1957,1978–1981,сухая,БВР,184.445059295149,39.2694063926938,333.789954337899,False,,R/D,2628.68070250306,341.271129920392,2628.68070250306,26.6618070250306,2628.68070250306,17.0635564960196,2628.68070250306,0.639883368600735,2628.68070250306,42.658891240049,2628.68070250306
IR-00972,PU-0073,otrpol_vk,0.9,reconstructed_candidate,249.60189237859,15,12,0.299271526860566,27,1957–1959,"1996, 2011",сухая/гидро,БВР,593.389410246645,39.2694063926938,1865.29680365297,False,,R/D,2402.16656682788,312.277320553969,2402.16656682788,24.3966656682788,2402.16656682788,15.6138660276984,2402.16656682788,0.585519976038691,2402.16656682788,39.0346650692461,2402.16656682788
IR-00973,PU-0074,otrpol_vk,0.9,reconstructed_candidate,249.229742608524,15,12,0.298564711798983,27,1957–1959,"1996, 2011",сухая/гидро,БВР,186.162537016041,0,333.789954337899,False,,R/D,2417.93303991269,314.295429108824,2417.93303991269,24.5543303991269,2417.93303991269,15.7147714554412,2417.93303991269,0.589303929579046,2417.93303991269,39.286928638603,2417.93303991269
IR-00974,PU-0076,otrpol_vk,0.9,reconstructed_candidate,216.859386764245,15.4062179156273,11.5937820843727,0.23793547037005,27,1957–1959,"1996, 2011",сухая/гидро,БВР,784.617552388282,392.694063926941,1649.31506849315,False,,R/D,3758.69727367657,485.9132510306,3758.69727367657,37.9619727367657,3758.69727367657,24.29566255153,3758.69727367657,0.911087345682376,3758.69727367657,60.7391563788251,3758.69727367657
IR-00975,PU-0077,otrpol_vk,0.9,reconstructed_candidate,248.855354088438,15,12,0.29785216652057,27,1957–1959,"1996, 2011",сухая/гидро,БВР,307.629129584781,39.2694063926938,1021.00456621005,False,,R/D,2431.67953633655,316.054980651078,2431.67953633655,24.6917953633655,2431.67953633655,15.8027490325539,2431.67953633655,0.592603088720771,2431.67953633655,39.5068725813848,2431.67953633655
IR-00976,PU-0078,otrpol_vk,0.9,reconstructed_candidate,228.589346600533,15.1872862186818,11.8127137813182,0.254872885673612,27,1957–1959,"1996, 2011",сухая/гидро,БВР,362.02432186602,39.2694063926938,1197.71689497717,False,,R/D,2543.46359846358,330.363340603338,2543.46359846358,25.8096359846358,2543.46359846358,16.5181670301669,2543.46359846358,0.619431263631259,2543.46359846358,41.2954175754173,2543.46359846358
IR-00977,PU-0079,otrpol_vk,0.9,reconstructed_candidate,217.639021606651,15.3882844978992,11.6117155021008,0.238890888055699,27,1957–1959,"1996, 2011",сухая/гидро,БВР,270.351390384411,0,1060.27397260274,False,,R/D,3138.68278425266,406.55139638434,3138.68278425266,31.7618278425266,3138.68278425266,20.327569819217,3138.68278425266,0.762283868220638,3138.68278425266,50.8189245480425,3138.68278425266
IR-00978,PU-0080,otrpol_vk,0.9,reconstructed_candidate,216.726144159476,15.4088589196659,11.5911410803341,0.237741788718733,27,1957–1959,"1996, 2011",сухая/гидро,БВР,652.412252410323,333.789954337899,1433.33333333333,False,,R/D,3933.45954030885,508.282821159533,3933.45954030885,39.7095954030885,3933.45954030885,25.4141410579767,3933.45954030885,0.953030289674125,3933.45954030885,63.5353526449416,3933.45954030885
IR-00979,PU-0081,otrpol_vk,0.9,reconstructed_candidate,249.865592901479,15,12,0.299768959951429,27,1955–1957,1978–1980,сухая,БВР,344.698784769371,39.2694063926938,1394.06392694064,False,,R/D,2382.09647110696,309.708348301691,2382.09647110696,24.1959647110696,2382.09647110696,15.4854174150846,2382.09647110696,0.580703153065671,2382.09647110696,38.7135435377114,2382.09647110696
IR-00980,PU-0082,otrpol_vk,0.9,reconstructed_candidate,228.028141774729,15.1951080339641,11.8048919660359,0.253818494549524,27,1957–1959,"1996, 2011",сухая/гидро,БВР,400.955683760782,0,2022.37442922374,False,,R/D,2645.88496822242,343.47327593247,2645.88496822242,26.8338496822242,2645.88496822242,17.1736637966235,2645.88496822242,0.644012392373381,2645.88496822242,42.9341594915588,2645.88496822242
IR-00981,PU-0084,otrpol_vk,0.9,reconstructed_candidate,217.890656091666,15.3827363014132,11.6172636985868,0.239216573206952,27,1957–1959,"1996, 2011",сухая/гидро,БВР,218.505251563627,39.2694063926938,333.789954337899,False,,R/D,2957.59900152567,383.372672195286,2957.59900152567,29.9509900152567,2957.59900152567,19.1686336097643,2957.59900152567,0.718823760366162,2957.59900152567,47.9215840244108,2957.59900152567
IR-00982,PU-0085,otrpol_vk,0.9,reconstructed_candidate,218.03475334198,15.3792116375068,11.6207883624932,0.239378066510065,27,1957–1959,"1996, 2011",сухая/гидро,БВР,294.520547945205,39.2694063926938,863.926940639269,False,,R/D,2882.07875356085,373.706080455788,2882.07875356085,29.1957875356085,2882.07875356085,18.6853040227894,2882.07875356085,0.700698900854603,2882.07875356085,46.7132600569736,2882.07875356085
IR-00983,PU-0086,otrpol_vk,0.9,reconstructed_candidate,217.253755023963,15.3979579748339,11.6020420251661,0.238477001912702,27,1957–1959,"1996, 2011",сухая/гидро,БВР,763.891411607039,176.712328767123,1610.04566210046,False,,R/D,3352.43415226951,433.911571490498,3352.43415226951,33.8993415226951,3352.43415226951,21.6955785745249,3352.43415226951,0.813584196544684,3352.43415226951,54.2389464363122,3352.43415226951
IR-00984,PU-0090,otrpol_vk,0.9,reconstructed_candidate,218.271173301762,15.3747442231998,11.6252557768002,0.239737588453792,27,1957–1959,"1996, 2011",сухая/гидро,БВР,108.941101482814,0,206.34592957717,False,,R/D,2696.88684788689,350.001516529522,2696.88684788689,27.3438684788689,2696.88684788689,17.5000758264761,2696.88684788689,0.656252843492854,2696.88684788689,43.7501895661903,2696.88684788689
IR-00985,PU-0091,otrpol_vk,0.9,reconstructed_candidate,249.564361104267,15,12,0.29921700605752,27,1957–1959,"1996, 2011",сухая/гидро,БВР,508.575010143355,39.2694063926938,1826.02739726027,False,,R/D,2180.58715006081,283.915155207784,2180.58715006081,22.1808715006081,2180.58715006081,14.1957577603892,2180.58715006081,0.532340916014596,2180.58715006081,35.489394400973,2180.58715006081
IR-00986,PU-0092,otrpol_vk,0.9,reconstructed_candidate,249.111036756975,15,12,0.298355970031805,27,1957–1959,"1996, 2011",сухая/гидро,БВР,296.191593415075,39.2694063926938,1924.20091324201,False,,R/D,2145.31945197248,279.400889852478,2145.31945197248,21.8281945197248,2145.31945197248,13.9700444926239,2145.31945197248,0.523876668473396,2145.31945197248,34.9251112315597,2145.31945197248
IR-00987,PU-0093,otrpol_vk,0.9,reconstructed_candidate,250.745190688422,15,12,0.301437623239826,27,1955–1957,1978–1980,сухая,БВР,201.593134297068,58.9041095890407,333.789954337899,False,,R/D,1903.93471240886,248.503643188334,1903.93471240886,19.4143471240886,1903.93471240886,12.4251821594167,1903.93471240886,0.465944330978127,1903.93471240886,31.0629553985418,1903.93471240886
IR-00988,PU-0094,otrpol_vk,0.9,reconstructed_candidate,240.13686862839,15,12,0.268364407271659,27,1956–1957,1978–1981,сухая,БВР,1036.16889390102,98.1735159817354,1963.4703196347,False,,R/D,2330.59047114719,303.11558030684,2330.59047114719,23.6809047114719,2330.59047114719,15.155779015342,2330.59047114719,0.568341713075325,2330.59047114719,37.889447538355,2330.59047114719
IR-00989,PU-0095,otrpol_vk,0.9,reconstructed_candidate,240.378388901293,15,12,0.269034204465766,27,1956–1957,1978–1981,сухая,БВР,194.968003705069,98.1735159817354,480.695292408652,False,,R/D,2219.0473279552,288.838057978266,2219.0473279552,22.565473279552,2219.0473279552,14.4419028989133,2219.0473279552,0.541571358709249,2219.0473279552,36.1047572472833,2219.0473279552
IR-00990,PU-0096,otrpol_vk,0.9,reconstructed_candidate,251.011909074452,15,12,0.301917983181842,27,1955–1957,1978–1980,сухая,БВР,255.025153379274,39.2694063926938,365.28456420503,False,,R/D,1883.97772120738,245.949148314544,1883.97772120738,19.2147772120738,1883.97772120738,12.2974574157272,1883.97772120738,0.461154653089771,1883.97772120738,30.743643539318,1883.97772120738
IR-00991,PU-0098,otrpol_vk,0.9,reconstructed_candidate,216.620126776412,15.413397201485,11.586602798515,0.237762814771061,27,1957–1959,"1996, 2011",сухая/гидро,БВР,687.639592741049,530.13698630137,821.668498224479,False,,R/D,3781.274376388,488.803120177664,3781.274376388,38.18774376388,3781.274376388,24.4401560088832,3781.274376388,0.91650585033312,3781.274376388,61.100390022208,3781.274376388
IR-00992,PU-0099,otrpol_vk,0.9,reconstructed_candidate,217.655359386307,15.3913856517011,11.6086143482989,0.239160469976411,27,1957–1959,"1996, 2011",сухая/гидро,БВР,597.501531552082,78.5388127853876,2002.7397260274,False,,R/D,2889.72811284036,374.685198443566,2889.72811284036,29.2722811284036,2889.72811284036,18.7342599221783,2889.72811284036,0.702534747081686,2889.72811284036,46.8356498054457,2889.72811284036
IR-00993,PU-0100,otrpol_vk,0.9,reconstructed_candidate,217.153342743871,15.4025375007485,11.5974624992515,0.238516760766389,27,1957–1959,"1996, 2011",сухая/гидро,БВР,1147.7239046559,412.328767123287,1786.75799086758,False,,R/D,3229.53476380806,418.180449767431,3229.53476380806,32.6703476380806,3229.53476380806,20.9090224883716,3229.53476380806,0.784088343313934,3229.53476380806,52.2725562209289,3229.53476380806
IR-00994,PU-0101,otrpol_vk,0.9,reconstructed_candidate,216.793079631366,15.4100381525991,11.5899618474009,0.238019023262345,27,1957–1959,"1996, 2011",сухая/гидро,БВР,1289.95326578495,863.926940639269,1806.39269406393,False,,R/D,3568.46901333633,461.564033707051,3568.46901333633,36.0596901333633,3568.46901333633,23.0782016853525,3568.46901333633,0.86543256320072,3568.46901333633,57.6955042133813,3568.46901333633
IR-00995,PU-0102,otrpol_vk,0.9,reconstructed_candidate,249.846706627297,15,12,0.299758344644177,27,1957–1959,"1996, 2011",сухая/гидро,БВР,808.622009604309,39.2694063926938,1806.39269406393,False,,R/D,2130.17799650072,277.462783552092,2130.17799650072,21.6767799650072,2130.17799650072,13.8731391776046,2130.17799650072,0.520242719160173,2130.17799650072,34.6828479440116,2130.17799650072
IR-00996,PU-0103,otrpol_vk,0.9,reconstructed_candidate,217.916336310431,15.385197180683,11.614802819317,0.23946711954871,27,1957–1959,"1996, 2011",сухая/гидро,БВР,149.372312791561,39.2694063926938,255.251141552511,False,,R/D,2759.45665014275,358.010451218272,2759.45665014275,27.9695665014275,2759.45665014275,17.9005225609136,2759.45665014275,0.67126959603426,2759.45665014275,44.751306402284,2759.45665014275
IR-00997,PU-0104,otrpol_vk,0.9,reconstructed_candidate,239.827674356462,15,12,0.267515430576709,27,1956–1957,1978–1981,сухая,БВР,246.801346866946,0,1060.27397260274,False,,R/D,2460.08415361403,319.690771662595,2460.08415361403,24.9758415361403,2460.08415361403,15.9845385831298,2460.08415361403,0.599420196867366,2460.08415361403,39.9613464578244,2460.08415361403
IR-00998,PU-0106,otrpol_vk,0.9,reconstructed_candidate,248.681416720056,15,12,0.29753970575564,27,1957–1959,"1996, 2011",сухая/гидро,БВР,587.707545555739,235.616438356164,1021.00456621005,False,,R/D,2075.27147285015,270.434748524819,2075.27147285015,21.1277147285015,2075.27147285015,13.5217374262409,2075.27147285015,0.507065153484035,2075.27147285015,33.8043435656023,2075.27147285015
IR-00999,PU-0107,otrpol_vk,0.9,reconstructed_candidate,218.221528520136,15.3789542770965,11.6210457229035,0.23989689634554,27,1957–1959,"1996, 2011",сухая/гидро,БВР,215.981735159817,39.2694063926938,333.789954337899,False,,R/D,2568.23346803382,333.533883908329,2568.23346803382,26.0573346803382,2568.23346803382,16.6766941954165,2568.23346803382,0.625376032328118,2568.23346803382,41.6917354885412,2568.23346803382
IR-01000,PU-0108,otrpol_vk,0.9,reconstructed_candidate,249.4054971184,15,12,0.298929356367421,27,1957–1959,"1996, 2011",сухая/гидро,БВР,459.401050752773,78.5388127853876,1924.20091324201,False,,R/D,2002.91202340697,261.172738996093,2002.91202340697,20.4041202340697,2002.91202340697,13.0586369498046,2002.91202340697,0.489698885617674,2002.91202340697,32.6465923745116,2002.91202340697
IR-01001,PU-0109,otrpol_vk,0.9,reconstructed_candidate,228.843159659964,15.1839608419373,11.8160391580627,0.25540243182517,27,1957–1959,"1996, 2011",сухая/гидро,БВР,850.01902587519,412.328767123287,1786.75799086758,False,,R/D,2163.0155315712,281.665988041114,2163.0155315712,22.005155315712,2163.0155315712,14.0832994020557,2163.0155315712,0.528123727577088,2163.0155315712,35.2082485051392,2163.0155315712
IR-01002,PU-0110,otrpol_vk,0.9,reconstructed_candidate,218.792193042839,15.3649478348442,11.6350521651558,0.24053296301398,27,1957–1959,"1996, 2011",сухая/гидро,БВР,335.225558819144,39.2694063926938,1236.98630136986,False,,R/D,2360.22499829172,306.90879978134,2360.22499829172,23.9772499829172,2360.22499829172,15.345439989067,2360.22499829172,0.575453999590013,2360.22499829172,38.3635999726675,2360.22499829172
IR-01003,PU-0111,otrpol_vk,0.9,reconstructed_candidate,216.963559149829,15.408097599505,11.591902400495,0.238369692715877,27,1957–1959,"1996, 2011",сухая/гидро,БВР,1363.81980587902,1217.35159817352,1767.12328767123,False,,R/D,3253.49855320215,421.247814809876,3253.49855320215,32.9099855320215,3253.49855320215,21.0623907404938,3253.49855320215,0.789839652768517,3253.49855320215,52.6559768512344,3253.49855320215
IR-01004,PU-0112,otrpol_vk,0.9,reconstructed_candidate,216.728922313267,15.4128077427901,11.5871922572099,0.238033117057262,27,1957–1959,"1996, 2011",сухая/гидро,БВР,1370.67915171425,1021.00456621005,1767.12328767123,False,,R/D,3484.73370543952,450.845914296259,3484.73370543952,35.2223370543952,3484.73370543952,22.5422957148129,3484.73370543952,0.845336089305485,3484.73370543952,56.3557392870323,3484.73370543952
IR-01005,PU-0113,otrpol_vk,0.9,reconstructed_candidate,216.548658765333,15.4162241255004,11.5837758744996,0.23776012732445,27,1957–1959,"1996, 2011",сухая/гидро,БВР,840.254298784794,687.214611872146,1021.00456621005,False,,R/D,3705.19951492823,479.065537910814,3705.19951492823,37.4269951492823,3705.19951492823,23.9532768955407,3705.19951492823,0.898247883582776,3705.19951492823,59.8831922388517,3705.19951492823
IR-01006,PU-0114,otrpol_vk,0.9,reconstructed_candidate,240.455076039777,15,12,0.269220563052689,27,1956–1957,1978–1981,сухая,БВР,1086.83758382742,444.731310805896,1410.58565305343,False,,R/D,2228.14682035153,290.002793004996,2228.14682035153,22.6564682035153,2228.14682035153,14.5001396502498,2228.14682035153,0.543755236884368,2228.14682035153,36.2503491256245,2228.14682035153
IR-01007,PU-0115,otrpol_vk,0.9,reconstructed_candidate,217.431537169293,15.3981247738296,11.6018752261704,0.23899987903443,27,1957–1959,"1996, 2011",сухая/гидро,БВР,669.95268620714,196.34703196347,1668.9497716895,False,,R/D,2906.67985919877,376.855021977442,2906.67985919877,29.4417985919877,2906.67985919877,18.8427510988721,2906.67985919877,0.706603166207704,2906.67985919877,47.1068777471803,2906.67985919877
IR-01008,PU-0116,otrpol_vk,0.9,reconstructed_candidate,217.916604083232,15.3872335208015,11.6127664791985,0.2396136420585,27,1957–1959,"1996, 2011",сухая/гидро,БВР,199.89178022162,98.1735159817354,314.155251141553,False,,R/D,2643.08883035249,343.115370285119,2643.08883035249,26.8058883035249,2643.08883035249,17.155768514256,2643.08883035249,0.643341319284599,2643.08883035249,42.8894212856399,2643.08883035249
IR-01009,PU-0118,otrpol_vk,0.9,reconstructed_candidate,250.113858674578,15,12,0.300292350487386,27,1955–1957,1978–1980,сухая,БВР,237.067235769514,187.513500637813,425.491519105239,False,,R/D,1845.46050854874,241.018945094239,1845.46050854874,18.8296050854874,1845.46050854874,12.0509472547119,1845.46050854874,0.451910522051698,1845.46050854874,30.1273681367798,1845.46050854874
IR-01010,PU-0121,otrpol_vk,0.9,reconstructed_candidate,251.342474304989,15,12,0.302582846161392,27,1955–1957,1978–1980,сухая,БВР,404.213224776152,39.2694063926938,1826.02739726027,False,,R/D,1560.2833341035,204.516266765248,1560.2833341035,15.977833341035,1560.2833341035,10.2258133382624,1560.2833341035,0.38346800018484,1560.2833341035,25.564533345656,1560.2833341035
IR-01011,PU-0122,otrpol_vk,0.9,reconstructed_candidate,248.258535690631,15,12,0.290345696579415,27,1955–1957,1978–1980,сухая,БВР,419.430435240059,78.5388127853876,1394.06392694064,False,,R/D,1513.16036108605,198.484526219014,1513.16036108605,15.5066036108605,1513.16036108605,9.9242263109507,1513.16036108605,0.372158486660651,1513.16036108605,24.8105657773767,1513.16036108605
IR-01012,PU-0123,otrpol_vk,0.9,reconstructed_candidate,248.808150914617,15,12,0.297797784032573,27,1957–1959,"1996, 2011",сухая/гидро,БВР,284.673116593998,39.2694063926938,903.196347031963,False,,R/D,1853.6418250439,242.06615360562,1853.6418250439,18.911418250439,1853.6418250439,12.103307680281,1853.6418250439,0.453874038010537,1853.6418250439,30.2582692007025,1853.6418250439
IR-01013,PU-0125,otrpol_vk,0.9,reconstructed_candidate,249.959758823803,15,12,0.300012069544378,27,1957–1959,"1996, 2011",сухая/гидро,БВР,349.52059996016,78.5388127853876,2022.37442922374,False,,R/D,1807.80539044922,236.199089977501,1807.80539044922,18.4530539044922,1807.80539044922,11.809954498875,1807.80539044922,0.442873293707814,1807.80539044922,29.5248862471876,1807.80539044922
IR-01014,PU-0126,otrpol_vk,0.9,reconstructed_candidate,249.085853902044,15,12,0.298334374341852,27,1957–1959,"1996, 2011",сухая/гидро,БВР,203.7100456621,196.34703196347,255.251141552511,False,,R/D,1812.59006661656,236.81152852692,1812.59006661656,18.5009006661656,1812.59006661656,11.840576426346,1812.59006661656,0.444021615987974,1812.59006661656,29.601441065865,1812.59006661656
IR-01015,PU-0127,otrpol_vk,0.9,reconstructed_candidate,217.888078816358,15.3896313464528,11.6103686535472,0.239703039008754,27,1957–1959,"1996, 2011",сухая/гидро,БВР,286.6495373725,196.34703196347,333.789954337899,False,,R/D,2559.93452688372,332.471619441117,2559.93452688372,25.9743452688372,2559.93452688372,16.6235809720558,2559.93452688372,0.623384286452094,2559.93452688372,41.5589524301396,2559.93452688372
IR-01016,PU-0128,otrpol_vk,0.9,reconstructed_candidate,248.422441194472,15,12,0.290760708036822,27,1955–1957,1978–1980,сухая,БВР,248.700721791556,206.837693052387,296.922240374818,False,,R/D,1526.5994445829,200.204728906611,1526.5994445829,15.640994445829,1526.5994445829,10.0102364453306,1526.5994445829,0.375383866699896,1526.5994445829,25.0255911133264,1526.5994445829
IR-01017,PU-0129,otrpol_vk,0.9,reconstructed_candidate,218.761556840151,15.3693383376924,11.6306616623076,0.240759385484902,27,1957–1959,"1996, 2011",сухая/гидро,БВР,327.859260189946,39.2694063926938,1021.00456621005,False,,R/D,2232.28318400626,290.532247552802,2232.28318400626,22.6978318400626,2232.28318400626,14.5266123776401,2232.28318400626,0.544747964161504,2232.28318400626,36.3165309441002,2232.28318400626
IR-01018,PU-0131,otrpol_vk,0.9,reconstructed_candidate,217.648298308952,15.3950248997023,11.6049751002977,0.239400302755868,27,1957–1959,"1996, 2011",сухая/гидро,БВР,781.449603799213,392.694063926941,1197.71689497717,False,,R/D,2674.35395681849,347.117306472766,2674.35395681849,27.1185395681849,2674.35395681849,17.3558653236383,2674.35395681849,0.650844949636437,2674.35395681849,43.3896633090958,2674.35395681849
IR-01019,PU-0132,otrpol_vk,0.9,reconstructed_candidate,217.270243840296,15.4032716314748,11.5967283685252,0.238904706382125,27,1957–1959,"1996, 2011",сухая/гидро,БВР,1172.5946547314,647.945205479452,2002.7397260274,False,,R/D,2892.36808232504,375.023114537606,2892.36808232504,29.2986808232504,2892.36808232504,18.7511557268803,2892.36808232504,0.703168339758011,2892.36808232504,46.8778893172007,2892.36808232504
IR-01020,PU-0133,otrpol_vk,0.9,reconstructed_candidate,216.1791092705,15.4240390739853,11.5759609260147,0.237258870802194,27,1965–1970,"1997–2002, 20…",сухая/гидро,комбайн+БВР,243.712601777701,0,1786.75799086758,False,,R/D,4035.00621926053,521.280796065348,4035.00621926053,40.7250621926053,4035.00621926053,26.0640398032674,4035.00621926053,0.977401492622527,4035.00621926053,65.1600995081684,4035.00621926053
IR-01021,PU-0134,otrpol_vk,0.9,reconstructed_candidate,249.405889881592,15,12,0.298950273243764,27,1957–1959,"1996, 2011",сухая/гидро,БВР,491.144390545605,39.2694063926938,1983.10502283105,False,,R/D,1799.10176126389,235.085025441778,1799.10176126389,18.3660176126389,1799.10176126389,11.7542512720889,1799.10176126389,0.440784422703335,1799.10176126389,29.3856281802223,1799.10176126389
IR-01022,PU-0135,otrpol_vk,0.9,reconstructed_candidate,216.284332053148,15.4226391720852,11.5773608279148,0.237460667376484,27,1965–1970,"1997–2002, 20…",сухая/гидро,комбайн+БВР,467.551369863013,176.712328767123,1021.00456621005,False,,R/D,3829.77990454603,495.011827781892,3829.77990454603,38.6727990454603,3829.77990454603,24.7505913890946,3829.77990454603,0.928147177091047,3829.77990454603,61.8764784727365,3829.77990454603
IR-01023,PU-0137,otrpol_vk,0.9,reconstructed_candidate,217.020657418993,15.1926323599388,11.8073676400612,0.223866400493803,27,1957–1959,"1996, 2011",сухая/гидро,БВР,178.893962455606,0,333.789954337899,False,,R/D,2034.94538690534,265.273009523884,2034.94538690534,20.7244538690534,2034.94538690534,13.2636504761942,2034.94538690534,0.497386892857282,2034.94538690534,33.1591261904855,2034.94538690534
IR-01024,PU-0138,otrpol_vk,0.9,reconstructed_candidate,229.190602510105,15.1790942404773,11.8209057595227,0.256084996284763,27,1957–1959,"1996, 2011",сухая/гидро,БВР,340.027055893625,235.616438356164,451.598173515982,False,,R/D,1889.0087906165,246.593125198912,1889.0087906165,19.265087906165,1889.0087906165,12.3296562599456,1889.0087906165,0.462362109747959,1889.0087906165,30.824140649864,1889.0087906165
IR-01025,PU-0139,otrpol_vk,0.9,reconstructed_candidate,248.617908358392,15,12,0.291267924582926,27,1955–1957,1978–1980,сухая,БВР,194.951159532995,78.5388127853876,431.963470319634,False,,R/D,1513.37600896205,198.512129147142,1513.37600896205,15.5087600896205,1513.37600896205,9.92560645735711,1513.37600896205,0.372210242150891,1513.37600896205,24.8140161433928,1513.37600896205
IR-01026,PU-0140,otrpol_vk,0.9,reconstructed_candidate,216.341213120385,15.4216239295982,11.5783760704018,0.237551232247279,27,1965–1970,"1997–2002, 20…",сухая/гидро,комбайн+БВР,777.752409944191,412.328767123287,1374.42922374429,False,,R/D,3759.12421397236,485.967899388462,3759.12421397236,37.9662421397236,3759.12421397236,24.2983949694231,3759.12421397236,0.911189811353367,3759.12421397236,60.7459874235578,3759.12421397236
IR-01027,PU-0141,otrpol_vk,0.9,reconstructed_candidate,240.288639435953,15,12,0.268750506472836,27,1956–1957,1978–1981,сухая,БВР,730.41095890411,98.1735159817354,2081.27853881279,False,,R/D,2287.14436415624,297.554478611998,2287.14436415624,23.2464436415624,2287.14436415624,14.8777239305999,2287.14436415624,0.557914647397497,2287.14436415624,37.1943098264998,2287.14436415624
IR-01028,PU-0142,otrpol_vk,0.9,reconstructed_candidate,216.671040634029,15.4166106851374,11.5833893148626,0.23813879510185,27,1957–1959,"1996, 2011",сухая/гидро,БВР,1331.35955221682,726.48401826484,1826.02739726027,False,,R/D,3283.14501019189,425.042561304562,3283.14501019189,33.2064501019189,3283.14501019189,21.2521280652281,3283.14501019189,0.796954802446054,3283.14501019189,53.1303201630703,3283.14501019189
IR-01029,PU-0143,otrpol_vk,0.9,reconstructed_candidate,218.101725746633,15.3895198288662,11.6104801711338,0.240306706746706,27,1957–1959,"1996, 2011",сухая/гидро,БВР,324.810807195958,58.9041095890407,1845.66210045662,False,,R/D,2241.8389677111,291.755387867021,2241.8389677111,22.793389677111,2241.8389677111,14.587769393351,2241.8389677111,0.547041352250664,2241.8389677111,36.4694234833776,2241.8389677111
IR-01030,PU-0145,otrpol_vk,0.9,reconstructed_candidate,240.705123811267,15,12,0.269885210355174,27,1956–1957,1978–1981,сухая,БВР,668.105646345902,58.9041095890407,1253.04146473552,False,,R/D,2145.33956538119,279.403464368792,2145.33956538119,21.8283956538119,2145.33956538119,13.9701732184396,2145.33956538119,0.523881495691485,2145.33956538119,34.925433046099,2145.33956538119
IR-01031,PU-0149,otrpol_vk,0.9,reconstructed_candidate,215.993343393737,15.4279625658566,11.5720374341434,0.237006742895661,27,1965–1970,"1997–2002, 20…",сухая/гидро,комбайн+БВР,257.283390505542,106.569379522075,475.669655641112,False,,R/D,4210.08137893728,543.690416503971,4210.08137893728,42.4758137893728,4210.08137893728,27.1845208251986,4210.08137893728,1.01941953094495,4210.08137893728,67.9613020629964,4210.08137893728
IR-01032,PU-0150,otrpol_vk,0.9,reconstructed_candidate,218.273309219632,15.3834500770003,11.6165499229997,0.240366369410813,27,1957–1959,"1996, 2011",сухая/гидро,БВР,268.340943683409,196.34703196347,353.424657534246,False,,R/D,2280.9226532201,296.758099612173,2280.9226532201,23.184226532201,2280.9226532201,14.8379049806086,2280.9226532201,0.556421436772824,2280.9226532201,37.0947624515216,2280.9226532201
IR-01033,PU-0151,otrpol_vk,0.9,reconstructed_candidate,217.602902705625,15.3984267873938,11.6015732126062,0.23951249212201,27,1957–1959,"1996, 2011",сухая/гидро,БВР,629.88901953222,380.650494616666,1197.71689497717,False,,R/D,2554.80213902113,331.814673794704,2554.80213902113,25.9230213902113,2554.80213902113,16.5907336897352,2554.80213902113,0.62215251336507,2554.80213902113,41.476834224338,2554.80213902113
IR-01034,PU-0152,otrpol_vk,0.9,reconstructed_candidate,250.016765282594,15,12,0.300158103984803,27,1957–1959,"1996, 2011",сухая/гидро,БВР,337.665809991576,78.5388127853876,1060.27397260274,False,,R/D,1584.85697936672,207.66169335894,1584.85697936672,16.2235697936672,1584.85697936672,10.383084667947,1584.85697936672,0.389365675048013,1584.85697936672,25.9577116698675,1584.85697936672
IR-01035,PU-0153,otrpol_vk,0.9,reconstructed_candidate,218.799898996499,15.3732401904148,11.6267598095852,0.241147334268384,27,1957–1959,"1996, 2011",сухая/гидро,БВР,236.400154650248,0,903.196347031963,False,,R/D,2045.45466016579,266.618196501221,2045.45466016579,20.8295466016579,2045.45466016579,13.330909825061,2045.45466016579,0.499909118439789,2045.45466016579,33.3272745626526,2045.45466016579
IR-01036,PU-0154,otrpol_vk,0.9,reconstructed_candidate,219.680833820496,15.3526578426266,11.6473421573734,0.242203295608405,27,1957–1959,"1996, 2011",сухая/гидро,БВР,317.895194607523,39.2694063926938,903.196347031963,False,,R/D,1834.29463083948,239.589712747453,1834.29463083948,18.7179463083948,1834.29463083948,11.9794856373727,1834.29463083948,0.449230711401475,1834.29463083948,29.9487140934317,1834.29463083948
IR-01037,PU-0155,otrpol_vk,0.9,reconstructed_candidate,248.712687741084,15,12,0.291662671968738,27,1955–1957,1978–1980,сухая,БВР,1755.84874526502,1740.51786798723,1767.61321446,False,,R/D,1265.3104892862,166.759742628634,1265.3104892862,13.028104892862,1265.3104892862,8.3379871314317,1265.3104892862,0.312674517428689,1265.3104892862,20.8449678285792,1265.3104892862
IR-01038,PU-0156,otrpol_vk,0.9,reconstructed_candidate,249.238146117792,15,12,0.298659500183249,27,1957–1959,"1996, 2011",сухая/гидро,БВР,272.545782495617,0,1747.48858447489,False,,R/D,1530.96718346249,200.763799483199,1530.96718346249,15.6846718346249,1530.96718346249,10.0381899741599,1530.96718346249,0.376432124030997,1530.96718346249,25.0954749353998,1530.96718346249
IR-01039,PU-0157,otrpol_vk,0.9,reconstructed_candidate,248.826838920138,15,12,0.29786355579928,27,1957–1959,"1996, 2011",сухая/гидро,БВР,150.532724505327,0,196.34703196347,False,,R/D,1533.08754126188,201.03520528152,1533.08754126188,15.7058754126188,1533.08754126188,10.051760264076,1533.08754126188,0.376941009902851,1533.08754126188,25.12940066019,1533.08754126188
IR-01040,PU-0158,otrpol_vk,0.9,reconstructed_candidate,230.336126774583,15.162862043497,11.837137956503,0.258245029216214,27,1957–1959,"1996, 2011",сухая/гидро,БВР,193.814579798741,39.2694063926938,471.232876712329,False,,R/D,1562.2437388452,204.767198572186,1562.2437388452,15.997437388452,1562.2437388452,10.2383599286093,1562.2437388452,0.383938497322849,1562.2437388452,25.5958998215232,1562.2437388452
IR-01041,PU-0159,otrpol_vk,0.9,reconstructed_candidate,229.088535703085,15.1805898145957,11.8194101854043,0.255938952455495,27,1957–1959,"1996, 2011",сухая/гидро,БВР,198.217003696455,0,471.232876712329,False,,R/D,1666.19247494662,218.072636793168,1666.19247494662,17.0369247494662,1666.19247494662,10.9036318396584,1666.19247494662,0.408886193987189,1666.19247494662,27.259079599146,1666.19247494662
IR-01042,PU-0160,otrpol_vk,0.9,reconstructed_candidate,249.57056920867,15,12,0.293916948929671,27,1955–1957,1978–1980,сухая,БВР,244.817496337125,78.5388127853876,333.789954337899,False,,R/D,1185.06838206593,156.488752904439,1185.06838206593,12.2256838206593,1185.06838206593,7.82443764522195,1185.06838206593,0.293416411695823,1185.06838206593,19.5610941130549,1185.06838206593
IR-01043,PU-0161,otrpol_vk,0.9,reconstructed_candidate,249.083321264464,15,12,0.292650750805947,27,1955–1957,1978–1980,сухая,БВР,1112.63318112633,490.867579908675,1688.58447488584,False,,R/D,1219.20688128505,160.858480804487,1219.20688128505,12.5670688128505,1219.20688128505,8.04292404022434,1219.20688128505,0.301609651508413,1219.20688128505,20.1073101005608,1219.20688128505
IR-01044,PU-0162,otrpol_vk,0.9,reconstructed_candidate,248.495796015155,15,12,0.29111443155688,27,1955–1957,1978–1980,сухая,БВР,867.817771184437,392.694063926941,1845.66210045662,False,,R/D,1241.33446614046,163.690811665979,1241.33446614046,12.7883446614046,1241.33446614046,8.18454058329893,1241.33446614046,0.30692027187371,1241.33446614046,20.4613514582473,1241.33446614046
IR-01045,PU-0163,otrpol_vk,0.9,reconstructed_candidate,251.422456735701,15,12,0.302826500828557,27,1955–1957,1978–1980,сухая,БВР,204.043720419672,176.712328767123,241.370540676861,False,,R/D,1298.42986875244,170.999023200312,1298.42986875244,13.3592986875244,1298.42986875244,8.54995116001562,1298.42986875244,0.320623168500586,1298.42986875244,21.374877900039,1298.42986875244
IR-01046,PU-0166,otrpol_vk,0.9,reconstructed_candidate,215.933895892853,15.4305418188076,11.5694581811924,0.237020993305442,27,1965–1970,"1997–2002, 20…",сухая/гидро,комбайн+БВР,432.674621659441,78.5388127853876,1040.63926940639,False,,R/D,4062.47980095463,524.797414522193,4062.47980095463,40.9997980095463,4062.47980095463,26.2398707261097,4062.47980095463,0.983995152229112,4062.47980095463,65.5996768152742,4062.47980095463
IR-01047,PU-0167,otrpol_vk,0.9,reconstructed_candidate,216.521953932372,15.4234899752299,11.5765100247701,0.238201621678859,27,1965–1970,"1997–2002, 20…",сухая/гидро,комбайн+БВР,1735.3600742413,1472.60273972603,1845.66210045662,False,,R/D,3033.09454570311,393.036101849998,3033.09454570311,30.7059454570311,3033.09454570311,19.6518050924999,3033.09454570311,0.736942690968747,3033.09454570311,49.1295127312498,3033.09454570311
IR-01048,PU-0168,otrpol_vk,0.9,reconstructed_candidate,216.067819703112,15.4303644189145,11.5696355810855,0.237392101234228,27,1965–1970,"1997–2002, 20…",сухая/гидро,комбайн+БВР,660.99106423826,235.616438356164,1374.42922374429,False,,R/D,3597.04098404779,465.221245958117,3597.04098404779,36.3454098404779,3597.04098404779,23.2610622979059,3597.04098404779,0.87228983617147,3597.04098404779,58.1526557447647,3597.04098404779
IR-01049,PU-0169,otrpol_vk,0.9,reconstructed_candidate,216.324083765326,15.4266985638328,11.5733014361672,0.237864111796059,27,1965–1970,"1997–2002, 20…",сухая/гидро,комбайн+БВР,1694.31126331811,1295.8904109589,1845.66210045662,False,,R/D,3235.20167462321,418.905814351771,3235.20167462321,32.7270167462321,3235.20167462321,20.9452907175886,3235.20167462321,0.785448401909571,3235.20167462321,52.3632267939714,3235.20167462321
IR-01050,PU-0170,otrpol_vk,0.9,reconstructed_candidate,216.185654908309,15.4287620317778,11.5712379682222,0.237615092445157,27,1965–1970,"1997–2002, 20…",сухая/гидро,комбайн+БВР,1333.53652465618,1021.00456621005,1806.39269406393,False,,R/D,3412.75356401185,441.632456193517,3412.75356401185,34.5025356401185,3412.75356401185,22.0816228096759,3412.75356401185,0.828060855362845,3412.75356401185,55.2040570241897,3412.75356401185
IR-01051,PU-0171,otrpol_vk,0.9,reconstructed_candidate,215.984066465123,15.4310777333215,11.5689222666785,0.237203171021857,27,1965–1970,"1997–2002, 20…",сухая/гидро,комбайн+БВР,523.42067518714,176.712328767123,1943.83561643836,False,,R/D,3795.04995982737,490.566394857903,3795.04995982737,38.3254995982737,3795.04995982737,24.5283197428952,3795.04995982737,0.919811990358568,3795.04995982737,61.3207993572379,3795.04995982737
IR-01052,PU-0173,otrpol_vk,0.9,reconstructed_candidate,216.801125163584,15.4184913881584,11.5815086118416,0.238644420396269,27,1957–1959,"1996, 2011",сухая/гидро,БВР,1358.3060378119,1040.63926940639,1747.48858447489,False,,R/D,2803.93867216516,363.704150037141,2803.93867216516,28.4143867216516,2803.93867216516,18.1852075018571,2803.93867216516,0.681945281319639,2803.93867216516,45.4630187546426,2803.93867216516
IR-01053,PU-0176,otrpol_vk,0.9,reconstructed_candidate,217.213988999283,15.4100641718259,11.5899358281741,0.239226315236817,27,1957–1959,"1996, 2011",сухая/гидро,БВР,902.512835929199,353.424657534246,1826.02739726027,False,,R/D,2551.63418441107,331.409175604616,2551.63418441107,25.8913418441107,2551.63418441107,16.5704587802308,2551.63418441107,0.621392204258656,2551.63418441107,41.426146950577,2551.63418441107
IR-01054,PU-0178,otrpol_vk,0.9,reconstructed_candidate,215.857666623183,15.4334394717224,11.5665605282776,0.237009792223927,27,1965–1970,"1997–2002, 20…",сухая/гидро,комбайн+БВР,359.969558599695,39.2694063926938,1786.75799086758,False,,R/D,3939.56367809,509.06415079552,3939.56367809,39.7706367809,3939.56367809,25.453207539776,3939.56367809,0.954495282741601,3939.56367809,63.63301884944,3939.56367809
IR-01055,PU-0179,otrpol_vk,0.9,reconstructed_candidate,215.801968741588,15.4337733139737,11.5662266860263,0.236874003785489,27,1965–1970,"1997–2002, 20…",сухая/гидро,комбайн+БВР,153.013346913142,78.5388127853876,211.341488805764,False,,R/D,4111.87446877648,531.119932003389,4111.87446877648,41.4937446877648,4111.87446877648,26.5559966001694,4111.87446877648,0.995849872506354,4111.87446877648,66.3899915004236,4111.87446877648
IR-01056,PU-0180,otrpol_vk,0.9,reconstructed_candidate,218.326248418588,15.388526245776,11.611473754224,0.240877339944841,27,1957–1959,"1996, 2011",сухая/гидро,БВР,196.34703196347,78.5388127853876,314.155251141553,False,,R/D,2003.53832465399,261.252905555711,2003.53832465399,20.4103832465399,2003.53832465399,13.0626452777855,2003.53832465399,0.489849197916958,2003.53832465399,32.6566131944639,2003.53832465399
IR-01057,PU-0181,otrpol_vk,0.9,reconstructed_candidate,248.967051599047,15,12,0.298166080609974,27,1957–1959,"1996, 2011",сухая/гидро,БВР,390.857294218591,78.5388127853876,2022.37442922374,False,,R/D,1302.30785807236,171.495405833262,1302.30785807236,13.3980785807236,1302.30785807236,8.57477029166311,1302.30785807236,0.321553885937367,1302.30785807236,21.4369257291578,1302.30785807236
IR-01058,PU-0183,otrpol_vk,0.9,reconstructed_candidate,248.547615299781,15,12,0.297366896815901,27,1957–1959,"1996, 2011",сухая/гидро,БВР,219.7357759241,0,370.755589534692,False,,R/D,1171.72954189928,154.781381363108,1171.72954189928,12.0922954189928,1171.72954189928,7.73906906815541,1171.72954189928,0.290215090055828,1171.72954189928,19.3476726703885,1171.72954189928
IR-01059,PU-0184,otrpol_vk,0.9,reconstructed_candidate,244.805468875332,15,12,0.281061657148385,27,1956–1957,1978–1981,сухая,БВР,354.486304251205,0,1197.71689497717,False,,R/D,1175.05462729372,155.206992293596,1175.05462729372,12.1255462729372,1175.05462729372,7.76034961467982,1175.05462729372,0.291013110550493,1175.05462729372,19.4008740366995,1175.05462729372
IR-01060,PU-0185,otrpol_vk,0.9,reconstructed_candidate,218.961444971149,15.3760119416715,11.6239880583285,0.24180487346537,27,1957–1959,"1996, 2011",сухая/гидро,БВР,198.334803949648,39.2694063926938,333.789954337899,False,,R/D,1792.15463162497,234.195792847996,1792.15463162497,18.2965463162497,1792.15463162497,11.7097896423998,1792.15463162497,0.439117111589992,1792.15463162497,29.2744741059995,1792.15463162497
IR-01061,PU-0186,otrpol_vk,0.9,reconstructed_candidate,249.20637546286,15,12,0.293136193905099,27,1955–1957,1978–1980,сухая,БВР,253.870393998734,39.2694063926938,530.13698630137,False,,R/D,1007.30419740371,133.734937267674,1007.30419740371,10.4480419740371,1007.30419740371,6.68674686338372,1007.30419740371,0.25075300737689,1007.30419740371,16.7168671584593,1007.30419740371
IR-01062,PU-0187,otrpol_vk,0.9,reconstructed_candidate,240.016579140526,15,12,0.267978905435216,27,1956–1957,1978–1981,сухая,БВР,234.915198956295,0,530.13698630137,False,,R/D,2296.09926192672,298.70070552662,2296.09926192672,23.3359926192672,2296.09926192672,14.935035276331,2296.09926192672,0.560063822862412,2296.09926192672,37.3375881908275,2296.09926192672
IR-01063,PU-0188,otrpol_vk,0.9,reconstructed_candidate,250.916673679412,15,12,0.3019589229991,27,1955–1957,1978–1980,сухая,БВР,393.07094182549,39.2694063926938,1119.17808219178,False,,R/D,1194.77156604051,157.730760453185,1194.77156604051,12.3227156604051,1194.77156604051,7.88653802265924,1194.77156604051,0.295745175849721,1194.77156604051,19.7163450566481,1194.77156604051
IR-01064,PU-0189,otrpol_vk,0.9,reconstructed_candidate,249.939394940513,15,12,0.300068236754287,27,1957–1959,"1996, 2011",сухая/гидро,БВР,218.326910834985,0,333.789954337899,False,,R/D,1307.63408226305,172.177162529671,1307.63408226305,13.4513408226305,1307.63408226305,8.60885812648355,1307.63408226305,0.322832179743133,1307.63408226305,21.5221453162089,1307.63408226305
IR-01065,PU-0190,otrpol_vk,0.9,reconstructed_candidate,230.521829533025,15.1594422332907,11.8405577667093,0.258600341834957,27,1957–1959,"1996, 2011",сухая/гидро,БВР,305.839298204672,39.2694063926938,2022.37442922374,False,,R/D,1265.86664656366,166.830930760148,1265.86664656366,13.0336664656366,1265.86664656366,8.34154653800741,1265.86664656366,0.312807995175278,1265.86664656366,20.8538663450185,1265.86664656366
IR-01066,PU-0191,otrpol_vk,0.9,reconstructed_candidate,218.990784904118,15.1793058018883,11.8206941981117,0.228526258407453,27,1957–1959,"1996, 2011",сухая/гидро,БВР,218.707610116529,39.2694063926938,333.789954337899,False,,R/D,1382.32618561753,181.737751759044,1382.32618561753,14.1982618561753,1382.32618561753,9.08688758795221,1382.32618561753,0.340758284548208,1382.32618561753,22.7172189698805,1382.32618561753
IR-01067,PU-0192,otrpol_vk,0.9,reconstructed_candidate,220.062678709825,15.3522319150783,11.6477680849217,0.243263667483172,27,1957–1959,"1996, 2011",сухая/гидро,БВР,252.781754463513,39.2694063926938,530.13698630137,False,,R/D,1564.03261068196,204.996174167291,1564.03261068196,16.0153261068196,1564.03261068196,10.2498087083645,1564.03261068196,0.38436782656367,1564.03261068196,25.6245217709113,1564.03261068196
IR-01068,PU-0193,otrpol_vk,0.9,reconstructed_candidate,240.839939637532,15,12,0.270219072588622,27,1956–1957,1978–1981,сухая,БВР,179.656611888888,0,970.599777970151,False,,R/D,2047.89317880537,266.930326887088,2047.89317880537,20.8539317880537,2047.89317880537,13.3465163443544,2047.89317880537,0.50049436291329,2047.89317880537,33.366290860886,2047.89317880537
IR-01069,PU-0194,otrpol_vk,0.9,reconstructed_candidate,250.152217866747,15,12,0.295669132664441,27,1955–1957,1978–1980,сухая,БВР,332.785036917623,196.34703196347,608.675799086758,False,,R/D,915.8067027899,122.023257957107,915.8067027899,9.533067027899,915.8067027899,6.10116289785536,915.8067027899,0.228793608669576,915.8067027899,15.2529072446384,915.8067027899
IR-01070,PU-0195,otrpol_vk,0.75,reconstructed_candidate,216.772285452104,15.423065667151,11.576934332849,0.238885085604513,27,1965–1970,"1997–2002, 20…",сухая/гидро,комбайн+БВР,898.359002523265,294.520547945205,1433.33333333333,False,,R/D,2541.12935901049,330.064557953343,2541.12935901049,25.7862935901049,2541.12935901049,16.5032278976672,2541.12935901049,0.618871046162518,2541.12935901049,41.2580697441679,2541.12935901049
IR-01071,PU-0197,otrpol_vk,0.75,reconstructed_candidate,249.315858184202,15,12,0.298875781272842,27,1957–1959,"1996, 2011",сухая/гидро,БВР,301.659533096655,266.818111767602,314.155251141553,False,,R/D,1166.12826499339,154.064417919155,1166.12826499339,12.0362826499339,1166.12826499339,7.70322089595773,1166.12826499339,0.288870783598415,1166.12826499339,19.2580522398943,1166.12826499339
IR-01072,PU-0198,otrpol_vk,0.75,reconstructed_candidate,250.875705580738,15,12,0.301947584130886,27,1955–1957,1978–1980,сухая,БВР,305.16992145959,176.712328767123,471.232876712329,False,,R/D,1072.47091120516,142.076276634261,1072.47091120516,11.0997091120516,1072.47091120516,7.10381383171304,1072.47091120516,0.266393018689239,1072.47091120516,17.7595345792826,1072.47091120516
IR-01073,PU-0199,otrpol_vk,0.75,reconstructed_candidate,216.306987954065,15.4335192256831,11.5664807743169,0.238297563198276,27,1965–1970,"1997–2002, 20…",сухая/гидро,комбайн+БВР,1324.74853845056,490.867579908675,2002.7397260274,False,,R/D,2667.31943017407,346.216887062281,2667.31943017407,27.0481943017407,2667.31943017407,17.3108443531141,2667.31943017407,0.649156663241777,2667.31943017407,43.2771108827852,2667.31943017407
IR-01074,PU-0200,otrpol_vk,0.75,reconstructed_candidate,216.052132228136,15.4369844839093,11.5630155160907,0.237817033055276,27,1965–1970,"1997–2002, 20…",сухая/гидро,комбайн+БВР,1527.93035497723,1276.25570776256,1826.02739726027,False,,R/D,2941.16211174069,381.268750302808,2941.16211174069,29.7866211174069,2941.16211174069,19.0634375151404,2941.16211174069,0.714878906817765,2941.16211174069,47.658593787851,2941.16211174069
IR-01075,PU-0201,otrpol_vk,0.75,reconstructed_candidate,215.897866019433,15.4385644925114,11.5614355074886,0.237489419362758,27,1965–1970,"1997–2002, 20…",сухая/гидро,комбайн+БВР,1446.17175979694,1178.08219178082,1826.02739726027,False,,R/D,3184.90675624721,412.468064799643,3184.90675624721,32.2240675624721,3184.90675624721,20.6234032399821,3184.90675624721,0.77337762149933,3184.90675624721,51.5585080999554,3184.90675624721
IR-01076,PU-0202,otrpol_vk,0.75,reconstructed_candidate,215.794882825864,15.4391167905992,11.5608832094008,0.237234870665597,27,1965–1970,"1997–2002, 20…",сухая/гидро,комбайн+БВР,1196.36779378859,706.849315068493,1747.48858447489,False,,R/D,3424.20165012567,443.097811216086,3424.20165012567,34.6170165012567,3424.20165012567,22.1548905608043,3424.20165012567,0.830808396030162,3424.20165012567,55.3872264020108,3424.20165012567
IR-01077,PU-0203,otrpol_vk,0.75,reconstructed_candidate,215.739153087567,15.4391084772388,11.5608915227612,0.237075123071607,27,1965–1970,"1997–2002, 20…",сухая/гидро,комбайн+БВР,424.823578248236,196.34703196347,1021.00456621005,False,,R/D,3604.06960393923,466.120909304222,3604.06960393923,36.4156960393923,3604.06960393923,23.3060454652111,3604.06960393923,0.873976704945416,3604.06960393923,58.2651136630277,3604.06960393923
IR-01078,PU-0204,otrpol_vk,0.75,reconstructed_candidate,215.672248627474,15.4389764092736,11.5610235907264,0.236874395357149,27,1965–1970,"1997–2002, 20…",сухая/гидро,комбайн+БВР,277.330377950307,0,1806.39269406393,False,,R/D,3857.17334085513,498.518187629456,3857.17334085513,38.9467334085513,3857.17334085513,24.9259093814728,3857.17334085513,0.934721601805231,3857.17334085513,62.314773453682,3857.17334085513
IR-01079,PU-0209,otrpol_vk,0.75,reconstructed_candidate,217.384158499313,15.4140371939712,11.5859628060288,0.239989851779761,27,1957–1959,"1996, 2011",сухая/гидро,БВР,213.497067457933,0,1845.66210045662,False,,R/D,2072.68857782175,270.104137961184,2072.68857782175,21.1018857782175,2072.68857782175,13.5052068980592,2072.68857782175,0.506445258677219,2072.68857782175,33.7630172451479,2072.68857782175
IR-01080,PU-0210,otrpol_vk,0.75,reconstructed_candidate,247.050471767569,15,12,0.287196068630474,27,1956–1957,1978–1981,сухая,БВР,731.81717872672,353.424657534246,1767.12328767123,False,,R/D,842.315391604576,112.616370125386,842.315391604576,8.79815391604576,842.315391604576,5.63081850626928,842.315391604576,0.211155693985098,842.315391604576,14.0770462656732,842.315391604576
IR-01081,PU-0211,otrpol_vk,0.75,reconstructed_candidate,251.183244696769,15,12,0.298419730499712,27,1955–1957,1978–1980,сухая,БВР,208.034355294629,0,333.789954337899,False,,R/D,781.486051568517,104.83021460077,781.486051568517,8.18986051568518,781.486051568517,5.24151073003851,781.486051568517,0.196556652376444,781.486051568517,13.1037768250963,781.486051568517
IR-01082,PU-0212,otrpol_vk,0.75,reconstructed_candidate,249.022767427837,15,12,0.292772619273567,27,1955–1957,1978–1980,сухая,БВР,400.305491844776,78.5388127853876,1394.06392694064,False,,R/D,868.605463980948,115.981499389561,868.605463980948,9.06105463980948,868.605463980948,5.79907496947807,868.605463980948,0.217465311355428,868.605463980948,14.4976874236952,868.605463980948
IR-01083,PU-0213,otrpol_vk,0.75,reconstructed_candidate,249.334538933028,15,12,0.298945579220085,27,1957–1959,"1996, 2011",сухая/гидро,БВР,445.506948849762,78.5388127853876,1119.17808219178,False,,R/D,1040.6803928459,138.007090284275,1040.6803928459,10.781803928459,1040.6803928459,6.90035451421373,1040.6803928459,0.258763294283015,1040.6803928459,17.2508862855343,1040.6803928459
IR-01084,PU-0214,otrpol_vk,0.75,reconstructed_candidate,245.865418790929,15,12,0.283877326020557,27,1956–1957,1978–1981,сухая,БВР,511.031445449454,157.077625570776,1197.71689497717,False,,R/D,1013.94437048063,134.584879421521,1013.94437048063,10.5144437048063,1013.94437048063,6.72924397107604,1013.94437048063,0.252346648915351,1013.94437048063,16.8231099276901,1013.94437048063
IR-01085,PU-0215,otrpol_vk,0.75,reconstructed_candidate,251.25244910736,15,12,0.298771420639676,27,1955–1957,1978–1980,сухая,БВР,255.595046644744,196.34703196347,334.862590537943,False,,R/D,700.521537813585,94.4667568401389,700.521537813585,7.38021537813585,700.521537813585,4.72333784200694,700.521537813585,0.17712516907526,700.521537813585,11.8083446050174,700.521537813585
IR-01086,PU-0216,otrpol_vk,0.75,reconstructed_candidate,216.42706065474,15.4345694757865,11.5654305242135,0.2387116609283,27,1965–1970,"1997–2002, 20…",сухая/гидро,комбайн+БВР,255.251141552511,196.34703196347,314.155251141553,False,,R/D,2367.92358752077,307.894219202659,2367.92358752077,24.0542358752077,2367.92358752077,15.3947109601329,2367.92358752077,0.577301661004985,2367.92358752077,38.4867774003324,2367.92358752077
IR-01087,PU-0217,otrpol_vk,0.75,reconstructed_candidate,221.983873210551,15.3226124254277,11.6773875745723,0.246634841851311,27,1957–1959,"1996, 2011",сухая/гидро,БВР,454.58795445158,0,1806.39269406393,False,,R/D,1120.94549784595,148.281023724281,1120.94549784595,11.5844549784595,1120.94549784595,7.41405118621407,1120.94549784595,0.278026919483028,1120.94549784595,18.5351279655352,1120.94549784595
IR-01088,PU-0218,otrpol_vk,0.75,reconstructed_candidate,250.606733274687,15,12,0.297213137925786,27,1955–1957,1978–1980,сухая,БВР,534.486540381354,39.2694063926938,2002.7397260274,False,,R/D,659.723826655765,89.244649811938,659.723826655765,6.97223826655765,659.723826655765,4.4622324905969,659.723826655765,0.167333718397384,659.723826655765,11.1555812264922,659.723826655765
IR-01089,PU-0219,otrpol_vk,0.75,reconstructed_candidate,232.669879098747,15,12,0.252621204322812,27,1957–1959,"1996, 2011",сухая/гидро,БВР,740.693519632069,157.077625570776,1865.29680365297,False,,R/D,873.053544250155,116.55085366402,873.053544250155,9.10553544250156,873.053544250155,5.827542683201,873.053544250155,0.218532850620037,873.053544250155,14.5688567080025,873.053544250155
IR-01090,PU-0220,otrpol_vk,0.75,reconstructed_candidate,220.133454422368,15.3616655458246,11.6383344541754,0.24412809375517,27,1957–1959,"1996, 2011",сухая/гидро,БВР,300.518433183294,0,1197.71689497717,False,,R/D,1317.51730705543,173.442215303095,1317.51730705543,13.5501730705543,1317.51730705543,8.67211076515477,1317.51730705543,0.325204153693304,1317.51730705543,21.6802769128869,1317.51730705543
IR-01091,PU-0221,otrpol_vk,0.75,reconstructed_candidate,218.839080278875,15.3885853374444,11.6114146625556,0.242338243350267,27,1957–1959,"1996, 2011",сухая/гидро,БВР,241.99998038292,39.2694063926938,333.789954337899,False,,R/D,1520.50608892954,199.424779382981,1520.50608892954,15.5800608892954,1520.50608892954,9.97123896914903,1520.50608892954,0.373921461343089,1520.50608892954,24.9280974228726,1520.50608892954
IR-01092,PU-0222,otrpol_vk,0.75,reconstructed_candidate,221.415107333928,15.1645891215378,11.8354108784622,0.234327308071145,27,1957–1959,"1996, 2011",сухая/гидро,БВР,466.568318861252,157.077625570776,1197.71689497717,False,,R/D,966.152692612826,128.467544654442,966.152692612826,10.0365269261283,966.152692612826,6.42337723272209,966.152692612826,0.240876646227078,966.152692612826,16.0584430818052,966.152692612826
IR-01093,PU-0223,otrpol_vk,0.75,reconstructed_candidate,221.8246890501,15.1495826670691,11.8504173329309,0.2344891732723,27,1957–1959,"1996, 2011",сухая/гидро,БВР,585.940879596251,157.077625570776,2218.72146118721,False,,R/D,940.052567790403,125.126728677172,940.052567790403,9.77552567790403,940.052567790403,6.25633643385858,940.052567790403,0.234612616269697,940.052567790403,15.6408410846464,940.052567790403
IR-01094,PU-0224,otrpol_vk,0.75,reconstructed_candidate,245.878217387425,15,12,0.2838472757489,27,1956–1957,1978–1981,сухая,БВР,1102.48742511903,196.34703196347,1826.02739726027,False,,R/D,997.372497059091,132.463679623564,997.372497059091,10.3487249705909,997.372497059091,6.62318398117818,997.372497059091,0.248369399294182,997.372497059091,16.5579599529455,997.372497059091
IR-01095,PU-0225,otrpol_vk,0.75,reconstructed_candidate,246.784520126209,15,12,0.28630916836458,27,1956–1957,1978–1981,сухая,БВР,864.591601479692,530.13698630137,1082.39990185408,False,,R/D,878.221634240091,117.212369182732,878.221634240091,9.15721634240091,878.221634240091,5.86061845913658,878.221634240091,0.219773192217622,878.221634240091,14.6515461478415,878.221634240091
IR-01096,PU-0226,otrpol_vk,0.75,reconstructed_candidate,247.796122727303,15,12,0.289070684951453,27,1956–1957,1978–1981,сухая,БВР,769.301633276474,353.424657534246,1197.71689497717,False,,R/D,755.503866864778,101.504494958692,755.503866864778,7.93003866864778,755.503866864778,5.07522474793458,755.503866864778,0.190320928047547,755.503866864778,12.6880618698365,755.503866864778
IR-01097,PU-0227,otrpol_vk,0.75,reconstructed_candidate,215.538815925483,15.4452096180789,11.5547903819211,0.236937003552642,27,1965–1970,"1997–2002, 20…",сухая/гидро,комбайн+БВР,281.991992198937,98.1735159817354,437.137806241734,False,,R/D,3504.74746357958,453.407675338186,3504.74746357958,35.4224746357958,3504.74746357958,22.6703837669093,3504.74746357958,0.850139391259099,3504.74746357958,56.6759594172733,3504.74746357958
IR-01098,PU-0228,otrpol_vk,0.75,reconstructed_candidate,215.498104881033,15.4444190311886,11.5555809688114,0.236764574641009,27,1965–1970,"1997–2002, 20…",сухая/гидро,комбайн+БВР,230.189593542098,78.5388127853876,333.789954337899,False,,R/D,3741.84980549319,483.756775103128,3741.84980549319,37.7934980549319,3741.84980549319,24.1878387551564,3741.84980549319,0.907043953318365,3741.84980549319,60.469596887891,3741.84980549319
IR-01099,PU-0230,otrpol_vk,0.75,reconstructed_candidate,215.510632093668,15.4474489126201,11.5525510873799,0.237015494310449,27,1965–1970,"1997–2002, 20…",сухая/гидро,комбайн+БВР,795.205479452055,628.310502283105,1433.33333333333,False,,R/D,3329.65380168859,430.995686616139,3329.65380168859,33.6715380168859,3329.65380168859,21.549784330807,3329.65380168859,0.808116912405261,3329.65380168859,53.8744608270174,3329.65380168859
IR-01100,PU-0231,otrpol_vk,0.75,reconstructed_candidate,250.80220209701,15,12,0.297968799608672,27,1955–1957,1978–1980,сухая,БВР,494.959706957321,39.2694063926938,1943.83561643836,False,,R/D,407.799498288896,56.9983357809787,407.799498288896,4.45299498288896,407.799498288896,2.84991678904894,407.799498288896,0.106871879589335,407.799498288896,7.12479197262234,407.799498288896
IR-01101,PU-0232,otrpol_vk,0.75,reconstructed_candidate,252.197895623637,15,12,0.301775869049568,27,1955–1957,1978–1980,сухая,БВР,432.247845861455,39.2694063926938,1197.71689497717,False,,R/D,476.981017121255,65.8535701915207,476.981017121255,5.14481017121255,476.981017121255,3.29267850957603,476.981017121255,0.123475444109101,476.981017121255,8.23169627394008,476.981017121255
IR-01102,PU-0233,otrpol_vk,0.75,reconstructed_candidate,215.506388513706,15.4484398314432,11.5515601685568,0.237073534654238,27,1965–1970,"1997–2002, 20…",сухая/гидро,комбайн+БВР,1193.99559255744,844.292237442922,1806.39269406393,False,,R/D,3232.75892227215,418.593142050836,3232.75892227215,32.7025892227216,3232.75892227215,20.9296571025418,3232.75892227215,0.784862141345317,3232.75892227215,52.3241427563545,3232.75892227215
IR-01103,PU-0234,otrpol_vk,0.75,reconstructed_candidate,215.510223652624,15.4505296525562,11.5494703474438,0.237231881434915,27,1965–1970,"1997–2002, 20…",сухая/гидро,комбайн+БВР,1385.65657001082,1040.63926940639,1786.75799086758,False,,R/D,3008.39831084088,389.874983787632,3008.39831084088,30.4589831084088,3008.39831084088,19.4937491893816,3008.39831084088,0.731015594601811,3008.39831084088,48.7343729734541,3008.39831084088
IR-01104,PU-0235,otrpol_vk,0.75,reconstructed_candidate,215.878611752955,15.4492915678549,11.5507084321451,0.238187096625094,27,1965–1970,"1997–2002, 20…",сухая/гидро,комбайн+БВР,813.159928301415,333.789954337899,1806.39269406393,False,,R/D,2329.72486339292,303.004782514294,2329.72486339292,23.6722486339292,2329.72486339292,15.1502391257147,2329.72486339292,0.568133967214301,2329.72486339292,37.8755978142867,2329.72486339292
IR-01105,PU-0236,otrpol_vk,0.75,reconstructed_candidate,215.641410840753,15.4508381920805,11.5491618079195,0.237625191463039,27,1965–1970,"1997–2002, 20…",сухая/гидро,комбайн+БВР,1422.05684249856,1119.17808219178,1845.66210045662,False,,R/D,2673.87938600972,347.056561409244,2673.87938600972,27.1137938600972,2673.87938600972,17.3528280704622,2673.87938600972,0.650731052642332,2673.87938600972,43.3820701761555,2673.87938600972
IR-01106,PU-0237,otrpol_vk,0.75,reconstructed_candidate,240.487145811917,15,12,0.269233701900186,27,1956–1957,1978–1981,сухая,БВР,406.092409196016,0,1943.83561643836,False,,R/D,2031.24839973227,264.79979516573,2031.24839973227,20.6874839973227,2031.24839973227,13.2399897582865,2031.24839973227,0.496499615935744,2031.24839973227,33.0999743957163,2031.24839973227
IR-01107,PU-0239,otrpol_vk,0.75,reconstructed_candidate,216.179947258424,15.4456136759426,11.5543863240574,0.23878081522579,27,1965–1970,"1997–2002, 20…",сухая/гидро,комбайн+БВР,355.945425710335,39.2694063926938,1786.75799086758,False,,R/D,2077.5656237248,270.728399836775,2077.5656237248,21.150656237248,2077.5656237248,13.5364199918387,2077.5656237248,0.507615749693953,2077.5656237248,33.8410499795969,2077.5656237248
IR-01108,PU-0240,otrpol_vk,0.75,reconstructed_candidate,216.512634095321,15.4442747733503,11.5557252266497,0.239621470946327,27,1965–1970,"1997–2002, 20…",сухая/гидро,комбайн+БВР,277.983529691585,0,1963.4703196347,False,,R/D,1721.35315809779,225.133204236517,1721.35315809779,17.5885315809779,1721.35315809779,11.2566602118259,1721.35315809779,0.42212475794347,1721.35315809779,28.1416505295647,1721.35315809779
IR-01109,PU-0241,otrpol_vk,0.75,reconstructed_candidate,250.210355874816,15,12,0.300832485557567,27,1957–1959,"1996, 2011",сухая/гидро,БВР,321.417179808077,0,2002.7397260274,False,,R/D,838.780440255987,112.163896352766,838.780440255987,8.76280440255987,838.780440255987,5.60819481763832,838.780440255987,0.210307305661437,838.780440255987,14.0204870440958,838.780440255987
IR-01110,PU-0242,otrpol_vk,0.75,reconstructed_candidate,215.391021012175,15.4498541224118,11.5501458775882,0.236845326439385,27,1965–1970,"1997–2002, 20…",сухая/гидро,комбайн+БВР,283.542625178595,0,903.196347031963,False,,R/D,3413.06671999271,441.672540159067,3413.06671999271,34.5056671999271,3413.06671999271,22.0836270079533,3413.06671999271,0.82813601279825,3413.06671999271,55.2090675198833,3413.06671999271
IR-01111,PU-0243,otrpol_vk,0.75,reconstructed_candidate,215.394551315358,15.4461369573897,11.5538630426103,0.236591133526441,27,1965–1970,"1997–2002, 20…",сухая/гидро,комбайн+БВР,355.859698276447,117.808219178082,2002.7397260274,False,,R/D,3878.36388213839,501.230576913714,3878.36388213839,39.1586388213839,3878.36388213839,25.0615288456857,3878.36388213839,0.939807331713215,3878.36388213839,62.6538221142143,3878.36388213839
IR-01112,PU-0244,otrpol_vk,0.75,reconstructed_candidate,215.371132275143,15.4481769283591,11.5518230716409,0.236669552976119,27,1965–1970,"1997–2002, 20…",сухая/гидро,комбайн+БВР,154.938178052958,0,333.789954337899,False,,R/D,3684.33553661808,476.394948687114,3684.33553661808,37.2183553661808,3684.33553661808,23.8197474343557,3684.33553661808,0.89324052878834,3684.33553661808,59.5493685858893,3684.33553661808
IR-01113,PU-0245,otrpol_vk,0.75,reconstructed_candidate,219.9212668919,15.3758747724532,11.6241252275468,0.244514900262716,27,1957–1959,"1996, 2011",сухая/гидро,БВР,169.625228826033,39.2694063926938,333.789954337899,False,,R/D,1140.98443804298,150.846008069501,1140.98443804298,11.7848443804298,1140.98443804298,7.54230040347505,1140.98443804298,0.282836265130314,1140.98443804298,18.8557510086876,1140.98443804298
IR-01114,PU-0247,otrpol_vk,0.75,reconstructed_candidate,224.485234263077,15.1405681851933,11.8594318148067,0.241258591535474,27,1957–1959,"1996, 2011",сухая/гидро,БВР,207.691877872555,58.9041095890407,314.155251141553,False,,R/D,686.496723349013,92.6715805886736,686.496723349013,7.23996723349013,686.496723349013,4.63357902943368,686.496723349013,0.173759213603763,686.496723349013,11.5839475735842,686.496723349013
IR-01115,PU-0248,otrpol_vk,0.75,reconstructed_candidate,222.768680201423,15.3200490180217,11.6799509819783,0.248675018168743,27,1957–1959,"1996, 2011",сухая/гидро,БВР,311.705347252819,0,1021.00456621005,False,,R/D,890.321052813849,118.761094760173,890.321052813849,9.27821052813849,890.321052813849,5.93805473800863,890.321052813849,0.222677052675324,890.321052813849,14.8451368450216,890.321052813849
IR-01116,PU-0249,otrpol_vk,0.75,reconstructed_candidate,250.077054166805,15,12,0.295256319799376,27,1956–1957,1978–1981,сухая,БВР,309.529238769645,0,1197.71689497717,False,,R/D,508.432476636799,69.8793570095102,508.432476636799,5.45932476636799,508.432476636799,3.49396785047551,508.432476636799,0.131023794392832,508.432476636799,8.73491962618878,508.432476636799
IR-01117,PU-0250,otrpol_vk,0.75,reconstructed_candidate,217.856370120937,15.417665035607,11.582334964393,0.241571943942445,27,1957–1959,"1996, 2011",сухая/гидро,БВР,366.085863118101,117.808219178082,2022.37442922374,False,,R/D,1444.68046269224,189.719099224607,1444.68046269224,14.8218046269224,1444.68046269224,9.48595496123036,1444.68046269224,0.355723311046138,1444.68046269224,23.7148874030759,1444.68046269224
IR-01118,PU-0251,otrpol_vk,0.75,reconstructed_candidate,246.45954634035,15,12,0.285337103781533,27,1956–1957,1978–1981,сухая,БВР,858.572001529182,176.712328767123,1884.93150684932,False,,R/D,877.444568589996,117.112904779519,877.444568589996,9.14944568589996,877.444568589996,5.85564523897597,877.444568589996,0.219586696461599,877.444568589996,14.6391130974399,877.444568589996
IR-01119,PU-0252,otrpol_vk,0.75,reconstructed_candidate,247.625480506796,15,12,0.288461182350287,27,1956–1957,1978–1981,сухая,БВР,569.4717963038,157.077625570776,1963.4703196347,False,,R/D,739.991680649865,99.5189351231827,739.991680649865,7.77491680649865,739.991680649865,4.97594675615913,739.991680649865,0.186598003355968,739.991680649865,12.4398668903978,739.991680649865
IR-01120,PU-0253,otrpol_vk,0.75,reconstructed_candidate,249.734142884131,15,12,0.29409302644589,27,1956–1957,1978–1981,сухая,БВР,318.854472331996,0,1983.10502283105,False,,R/D,521.143086658194,71.5063150922489,521.143086658194,5.58643086658194,521.143086658194,3.57531575461244,521.143086658194,0.134074340797967,521.143086658194,8.93828938653111,521.143086658194
IR-01121,PU-0254,otrpol_vk,0.75,reconstructed_candidate,240.825589289275,15,12,0.27013734306451,27,1956–1957,1978–1981,сухая,БВР,152.155319853592,0,314.155251141553,False,,R/D,1862.71186423369,243.227118621912,1862.71186423369,19.0021186423369,1862.71186423369,12.1613559310956,1862.71186423369,0.456050847416086,1862.71186423369,30.4033898277391,1862.71186423369
IR-01122,PU-0255,otrpol_vk,0.75,reconstructed_candidate,252.313083622332,15,12,0.302834074355759,27,1955–1957,1978–1980,сухая,БВР,246.700231898076,136.61638216409,353.424657534246,False,,R/D,273.278558893985,39.77965553843,273.278558893985,3.10778558893985,273.278558893985,1.9889827769215,273.278558893985,0.0745868541345564,273.278558893985,4.97245694230376,273.278558893985
IR-01123,PU-0256,otrpol_vk,0.75,reconstructed_candidate,225.046375950738,15.2823079931335,11.7176920068665,0.252451249181822,27,1957–1959,"1996, 2011",сухая/гидро,БВР,782.115677321157,373.059360730594,1197.71689497717,False,,R/D,709.132872123606,95.5690076318216,709.132872123606,7.46632872123606,709.132872123606,4.77845038159108,709.132872123606,0.179191889309666,709.132872123606,11.9461259539777,709.132872123606
IR-01124,PU-0257,otrpol_vk,0.75,reconstructed_candidate,225.580618477373,15.1423552036938,11.8576447963062,0.244399183597658,27,1957–1959,"1996, 2011",сухая/гидро,БВР,621.425711018455,157.077625570776,1610.04566210046,False,,R/D,596.302621660189,81.1267355725042,596.302621660189,6.33802621660189,596.302621660189,4.05633677862521,596.302621660189,0.152112629198445,596.302621660189,10.140841946563,596.302621660189
IR-01125,PU-0259,otrpol_vk,0.75,reconstructed_candidate,215.270159271449,15.454936584954,11.545063415046,0.236861112586746,27,1965–1970,"1997–2002, 20…",сухая/гидро,комбайн+БВР,758.490657248616,549.771689497717,980.394215989911,False,,R/D,3197.7854566073,414.116538445735,3197.7854566073,32.352854566073,3197.7854566073,20.7058269222867,3197.7854566073,0.776468509585753,3197.7854566073,51.7645673057169,3197.7854566073
IR-01126,PU-0260,otrpol_vk,0.75,reconstructed_candidate,241.785714908219,15,12,0.27272835463846,27,1956–1957,1978–1981,сухая,БВР,84.5021853051605,82.3408280798067,89.5768284247335,False,,R/D,1603.71930779949,210.076071398335,1603.71930779949,16.4121930779949,1603.71930779949,10.5038035699167,1603.71930779949,0.393892633871878,1603.71930779949,26.2595089247918,1603.71930779949
IR-01127,PU-0261,otrpol_vk,0.75,reconstructed_candidate,218.80523461592,15.4070448756081,11.5929551243919,0.243508170579723,27,1957–1959,"1996, 2011",сухая/гидро,БВР,825.092906413776,392.694063926941,1570.77625570776,False,,R/D,1079.73646783661,143.006267883086,1079.73646783661,11.1723646783661,1079.73646783661,7.15031339415431,1079.73646783661,0.268136752280787,1079.73646783661,17.8757834853858,1079.73646783661
IR-01128,PU-0262,otrpol_vk,0.75,reconstructed_candidate,216.836514487426,15.4452913428345,11.5547086571655,0.24059079989876,27,1965–1970,"1997–2002, 20…",сухая/гидро,комбайн+БВР,834.340471270635,543.412899757391,1570.77625570776,False,,R/D,1367.61412453995,179.854607941113,1367.61412453995,14.0511412453995,1367.61412453995,8.99273039705566,1367.61412453995,0.337227389889587,1367.61412453995,22.4818259926391,1367.61412453995
IR-01129,PU-0264,otrpol_vk,0.75,reconstructed_candidate,228.680634547498,15.1301566622525,11.8698433377475,0.250466848601169,27,1957–1959,"1996, 2011",сухая/гидро,БВР,897.487613089723,137.442922374429,1845.66210045662,False,,R/D,480.938211216333,66.3600910356907,480.938211216333,5.18438211216333,480.938211216333,3.31800455178453,480.938211216333,0.12442517069192,480.938211216333,8.29501137946134,480.938211216333
IR-01130,PU-0265,otrpol_vk,0.75,reconstructed_candidate,254.535908238747,15,12,0.310133942049248,27,1955–1957,1978–1980,сухая,БВР,165.000791772179,100.089309112745,353.424657534246,False,,R/D,159.088895582403,25.1633786345476,159.088895582403,1.96588895582403,159.088895582403,1.25816893172738,159.088895582403,0.0471813349397767,159.088895582403,3.14542232931844,159.088895582403
IR-01131,PU-0267,otrpol_vk,0.75,reconstructed_candidate,223.324437650499,15.3200492273804,11.6799507726196,0.250248101820638,27,1957–1959,"1996, 2011",сухая/гидро,БВР,1010.40948662432,608.675799086758,1845.66210045662,False,,R/D,730.533575480525,98.3082976615072,730.533575480525,7.68033575480525,730.533575480525,4.91541488307536,730.533575480525,0.184328058115326,730.533575480525,12.2885372076884,730.533575480525
IR-01132,PU-0268,otrpol_vk,0.75,reconstructed_candidate,215.23645985582,15.4672045303311,11.5327954696689,0.237621092363083,27,1965–1970,"1997–2002, 20…",сухая/гидро,комбайн+БВР,1160.67963510353,471.232876712329,1983.10502283105,False,,R/D,2240.77844926922,291.61964150646,2240.77844926922,22.7827844926922,2240.77844926922,14.580982075323,2240.77844926922,0.546786827824612,2240.77844926922,36.4524551883075,2240.77844926922
IR-01133,PU-0269,otrpol_vk,0.75,reconstructed_candidate,215.174481416706,15.464433304609,11.535566695391,0.237255783379403,27,1965–1970,"1997–2002, 20…",сухая/гидро,комбайн+БВР,1499.12740604997,1276.25570776256,1845.66210045662,False,,R/D,2557.41362050888,332.148943425137,2557.41362050888,25.9491362050888,2557.41362050888,16.6074471712569,2557.41362050888,0.622779268922132,2557.41362050888,41.5186179281421,2557.41362050888
IR-01134,PU-0270,otrpol_vk,0.75,reconstructed_candidate,215.157300530779,15.461839685156,11.538160314844,0.237026583592295,27,1965–1970,"1997–2002, 20…",сухая/гидро,комбайн+БВР,1321.0553949751,1197.71689497717,1649.31506849315,False,,R/D,2811.69934645435,364.697516346157,2811.69934645435,28.4919934645435,2811.69934645435,18.2348758173079,2811.69934645435,0.683807843149045,2811.69934645435,45.5871895432696,2811.69934645435
IR-01135,PU-0271,otrpol_vk,0.75,reconstructed_candidate,215.399722788377,15.4684007804796,11.5315992195204,0.238157827805842,27,1965–1970,"1997–2002, 20…",сухая/гидро,комбайн+БВР,447.303662547182,0,1021.00456621005,False,,R/D,1914.43295481404,249.847418216197,1914.43295481404,19.5193295481404,1914.43295481404,12.4923709108099,1914.43295481404,0.46846390915537,1914.43295481404,31.2309272770247,1914.43295481404
IR-01136,PU-0272,otrpol_vk,0.75,reconstructed_candidate,215.150986697424,15.4600872179447,11.5399127820553,0.236885911749475,27,1965–1970,"1997–2002, 20…",сухая/гидро,комбайн+БВР,1484.42349590155,981.735159817351,1845.66210045662,False,,R/D,2989.43829885688,387.44810225368,2989.43829885688,30.2693829885688,2989.43829885688,19.372405112684,2989.43829885688,0.72646519172565,2989.43829885688,48.43101278171,2989.43829885688
IR-01137,PU-0275,otrpol_vk,0.75,reconstructed_candidate,234.42611837161,15,12,0.258332496600323,27,1957–1959,"1996, 2011",сухая/гидро,БВР,994.182995334036,157.077625570776,1786.75799086758,False,,R/D,295.158714011262,42.5803153934416,295.158714011262,3.32658714011262,295.158714011262,2.12901576967208,295.158714011262,0.079838091362703,295.158714011262,5.3225394241802,295.158714011262
IR-01138,PU-0278,otrpol_vk,0.75,reconstructed_candidate,239.493982496765,15,12,0.266517799611927,27,1956–1957,1978–1981,сухая,БВР,103.511569289875,58.9041095890407,159.22779193955,False,,R/D,2134.93334058626,278.071467595041,2134.93334058626,21.7243334058626,2134.93334058626,13.903573379752,2134.93334058626,0.521384001740701,2134.93334058626,34.7589334493801,2134.93334058626
IR-01139,PU-0279,otrpol_vk,0.75,reconstructed_candidate,240.075429622409,15,12,0.26809094895159,27,1956–1957,1978–1981,сухая,БВР,191.75955873668,98.1735159817354,333.789954337899,False,,R/D,1952.86520774964,254.766746591954,1952.86520774964,19.9036520774964,1952.86520774964,12.7383373295977,1952.86520774964,0.477687649859914,1952.86520774964,31.8458433239943,1952.86520774964
IR-01140,PU-0280,otrpol_vk,0.75,reconstructed_candidate,240.457491573782,15,12,0.269124033889093,27,1956–1957,1978–1981,сухая,БВР,252.61889454572,196.34703196347,333.789954337899,False,,R/D,1844.62819866839,240.912409429553,1844.62819866839,18.8212819866839,1844.62819866839,12.0456204714777,1844.62819866839,0.451710767680413,1844.62819866839,30.1140511786942,1844.62819866839
IR-01141,PU-0281,otrpol_vk,0.75,reconstructed_candidate,215.134855037372,15.455309162032,11.544690837968,0.236502819732218,27,1965–1970,"1997–2002, 20…",сухая/гидро,комбайн+БВР,200.289228703818,0,883.561643835616,False,,R/D,3555.78939975117,459.941043168149,3555.78939975117,35.9328939975117,3555.78939975117,22.9970521584075,3555.78939975117,0.86238945594028,3555.78939975117,57.4926303960187,3555.78939975117
IR-01142,PU-0282,otrpol_vk,0.75,reconstructed_candidate,247.236621424822,15,12,0.2873232458129,27,1956–1957,1978–1981,сухая,БВР,424.44287745501,157.077625570776,1060.27397260274,False,,R/D,713.550973293033,96.1345245815082,713.550973293033,7.51050973293033,713.550973293033,4.80672622907541,713.550973293033,0.180252233590328,713.550973293033,12.0168155726885,713.550973293033
IR-01143,PU-0283,otrpol_vk,0.75,reconstructed_candidate,248.609215898782,15,12,0.290944507565158,27,1956–1957,1978–1981,сухая,БВР,430.86891213119,221.680790029623,641.132914241746,False,,R/D,570.74200803586,77.85497702859,570.74200803586,6.0824200803586,570.74200803586,3.8927488514295,570.74200803586,0.145978081928606,570.74200803586,9.73187212857375,570.74200803586
IR-01144,PU-0284,otrpol_vk,0.75,reconstructed_candidate,219.370051137217,15.4027546792346,11.5972453207654,0.244800036181293,27,1957–1959,"1996, 2011",сухая/гидро,БВР,1236.50763824615,1040.63926940639,1668.9497716895,False,,R/D,877.94478811165,117.176932878291,877.94478811165,9.15444788111651,877.94478811165,5.85884664391456,877.94478811165,0.219706749146796,877.94478811165,14.6471166097864,877.94478811165
IR-01145,PU-0285,otrpol_vk,0.75,reconstructed_candidate,215.042016264658,15.462056649637,11.537943350363,0.236715881186519,27,1965–1970,"1997–2002, 20…",сухая/гидро,комбайн+БВР,1221.27853881279,628.310502283105,1826.02739726027,False,,R/D,3073.07361245785,398.153422394605,3073.07361245785,31.1057361245785,3073.07361245785,19.9076711197302,3073.07361245785,0.746537666989884,3073.07361245785,49.7691777993256,3073.07361245785
IR-01146,PU-0286,otrpol_vk,0.75,reconstructed_candidate,215.047529446306,15.4609844909978,11.5390155090022,0.236656034707943,27,1965–1970,"1997–2002, 20…",сухая/гидро,комбайн+БВР,903.196347031963,628.310502283105,1217.35159817352,False,,R/D,3168.01325020945,410.30569602681,3168.01325020945,32.0551325020945,3168.01325020945,20.5152848013405,3168.01325020945,0.769323180050269,3168.01325020945,51.2882120033512,3168.01325020945
IR-01147,PU-0287,otrpol_vk,0.75,reconstructed_candidate,241.207733381644,15,12,0.271149890070392,27,1956–1957,1978–1981,сухая,БВР,166.640748378671,58.9041095890407,415.2028918102,False,,R/D,1646.74307997455,215.583114236742,1646.74307997455,16.8424307997455,1646.74307997455,10.7791557118371,1646.74307997455,0.404218339193892,1646.74307997455,26.9478892795928,1646.74307997455
IR-01148,PU-0288,otrpol_vk,0.75,reconstructed_candidate,251.153028099667,15,12,0.300184559569126,27,1955–1957,1978–1980,сухая,БВР,359.626341732245,0,1806.39269406393,False,,R/D,235.78676834658,34.9807063483623,235.78676834658,2.7328676834658,235.78676834658,1.74903531741811,235.78676834658,0.0655888244031792,235.78676834658,4.37258829354528,235.78676834658
IR-01149,PU-0289,otrpol_vk,0.75,reconstructed_candidate,216.904756507744,15.4564080713287,11.5435919286713,0.241502788615801,27,1965–1970,"1997–2002, 20…",сухая/гидро,комбайн+БВР,1322.15291864121,1001.3698630137,1668.9497716895,False,,R/D,966.747574533292,128.543689540261,966.747574533292,10.0424757453329,966.747574533292,6.42718447701307,966.747574533292,0.24101941788799,966.747574533292,16.0679611925327,966.747574533292
IR-01150,PU-0290,otrpol_vk,0.75,reconstructed_candidate,252.541960704724,15,12,0.300727698017906,27,1956–1957,1978–1981,сухая,БВР,292.356384926378,0,1963.4703196347,False,,R/D,176.943776618569,27.4488034071768,176.943776618569,2.14443776618569,176.943776618569,1.37244017035884,176.943776618569,0.0514665063884566,176.943776618569,3.4311004258971,176.943776618569
IR-01151,PU-0292,otrpol_vk,0.75,reconstructed_candidate,215.559054263902,15.4807465214708,11.5192534785292,0.239406150553819,27,1965–1970,"1997–2002, 20…",сухая/гидро,комбайн+БВР,1367.76099121987,1001.3698630137,1826.02739726027,False,,R/D,1199.97648244068,158.396989752407,1199.97648244068,12.3747648244068,1199.97648244068,7.91984948762033,1199.97648244068,0.296994355785762,1199.97648244068,19.7996237190508,1199.97648244068
IR-01152,PU-0293,otrpol_vk,0.75,reconstructed_candidate,215.115560278034,15.4858278605042,11.5141721394958,0.238533752043862,27,1965–1970,"1997–2002, 20…",сухая/гидро,комбайн+БВР,1480.30265434439,1060.27397260274,1806.39269406393,False,,R/D,1426.73855491205,187.422535028742,1426.73855491205,14.6423855491205,1426.73855491205,9.3711267514371,1426.73855491205,0.351417253178891,1426.73855491205,23.4278168785927,1426.73855491205
IR-01153,PU-0294,otrpol_vk,0.75,reconstructed_candidate,214.982549559103,15.4858598558286,11.5141401441714,0.238174398993092,27,1965–1970,"1997–2002, 20…",сухая/гидро,комбайн+БВР,849.177109473155,196.34703196347,2081.27853881279,False,,R/D,1572.73591634452,206.110197292099,1572.73591634452,16.1023591634452,1572.73591634452,10.3055098646049,1572.73591634452,0.386456619922685,1572.73591634452,25.7637746615124,1572.73591634452
IR-01154,PU-0296,otrpol_vk,0.75,reconstructed_candidate,241.464866503338,15,12,0.272808277514424,27,1955–1957,1978–1980,сухая,БВР,348.882779299787,78.5388127853876,1197.71689497717,False,,R/D,418.197962835211,58.329339242907,418.197962835211,4.55697962835211,418.197962835211,2.91646696214535,418.197962835211,0.109367511080451,418.197962835211,7.29116740536337,418.197962835211
IR-01155,PU-0298,otrpol_vk,0.75,reconstructed_candidate,241.131920557107,15.0425212465478,11.9574787534522,0.279912713404824,27,1957–1959,"1996, 2011",сухая/гидро,БВР,1365.18769232389,1178.08219178082,1629.6803652968,False,,R/D,141.754510188201,22.9445773040897,141.754510188201,1.79254510188201,141.754510188201,1.14722886520449,141.754510188201,0.0430210824451682,141.754510188201,2.86807216301121,141.754510188201
IR-01156,PU-0299,otrpol_vk,0.75,reconstructed_candidate,214.801027203418,15.4709599272849,11.5290400727151,0.236659281653154,27,1965–1970,"1997–2002, 20…",сухая/гидро,комбайн+БВР,1398.1866358662,981.735159817351,1786.75799086758,False,,R/D,2819.75526042077,365.728673333858,2819.75526042077,28.5725526042077,2819.75526042077,18.2864336666929,2819.75526042077,0.685741262500984,2819.75526042077,45.7160841667323,2819.75526042077
IR-01157,PU-0300,otrpol_vk,0.75,reconstructed_candidate,224.326218060107,15.3136498781596,11.6863501218404,0.252692325831646,27,1957–1959,"1996, 2011",сухая/гидро,БВР,1430.48371571509,1021.00456621005,1826.02739726027,False,,R/D,531.787382269832,72.8687849305385,531.787382269832,5.69287382269832,531.787382269832,3.64343924652692,531.787382269832,0.13662897174476,531.787382269832,9.10859811631731,531.787382269832
IR-01158,PU-0301,otrpol_vk,0.75,reconstructed_candidate,214.620628536492,15.4845857351611,11.5154142648389,0.237094559041906,27,1965–1970,"1997–2002, 20…",сухая/гидро,комбайн+БВР,1377.17392130113,765.753424657534,1845.66210045662,False,,R/D,2147.798256501,279.718176832129,2147.798256501,21.85298256501,2147.798256501,13.9859088416064,2147.798256501,0.524471581560241,2147.798256501,34.9647721040161,2147.798256501
IR-01159,PU-0302,otrpol_vk,0.75,reconstructed_candidate,214.716683407829,15.4768696569425,11.5231303430575,0.236833040466861,27,1965–1970,"1997–2002, 20…",сухая/гидро,комбайн+БВР,1579.52014450663,1394.06392694064,1943.83561643836,False,,R/D,2512.79590016861,326.437875221582,2512.79590016861,25.5029590016861,2512.79590016861,16.3218937610791,2512.79590016861,0.612071016040466,2512.79590016861,40.8047344026977,2512.79590016861
IR-01160,PU-0303,otrpol_vk,0.75,reconstructed_candidate,247.505026935151,15,12,0.287970703085441,27,1956–1957,1978–1981,сухая,БВР,150.160094856082,58.9041095890407,387.353894140839,False,,R/D,604.765040335039,82.209925162885,604.765040335039,6.42265040335039,604.765040335039,4.11049625814425,604.765040335039,0.154143609680409,604.765040335039,10.2762406453606,604.765040335039
IR-01161,PU-0304,otrpol_vk,0.75,reconstructed_candidate,239.090946805317,15,12,0.265412544960324,27,1956–1957,1978–1981,сухая,БВР,201.249483326607,91.2804493002943,249.092753816259,False,,R/D,2104.56577464368,274.184419154392,2104.56577464368,21.4206577464368,2104.56577464368,13.7092209577196,2104.56577464368,0.514095785914484,2104.56577464368,34.273052394299,2104.56577464368
IR-01162,PU-0305,otrpol_vk,0.75,reconstructed_candidate,244.646820301247,15,12,0.286153416984476,27,1957–1959,"1996, 2011",сухая/гидро,БВР,1485.9982059107,1060.27397260274,1845.66210045662,False,,R/D,79.4617807619676,14.9711079375319,79.4617807619676,1.16961780761968,79.4617807619676,0.748555396876593,79.4617807619676,0.0280708273828722,79.4617807619676,1.87138849219148,79.4617807619676
IR-01163,PU-0307,otrpol_vk,0.75,reconstructed_candidate,214.547644719994,15.4927686942933,11.5072313057067,0.237443344000124,27,1965–1970,"1997–2002, 20…",сухая/гидро,комбайн+БВР,439.504258494699,0,1668.9497716895,False,,R/D,1783.44967222834,233.081558045227,1783.44967222834,18.2094967222834,1783.44967222834,11.6540779022614,1783.44967222834,0.437027921334801,1783.44967222834,29.1351947556534,1783.44967222834
IR-01164,PU-0308,otrpol_vk,0.75,reconstructed_candidate,214.825340712932,15.46725887538,11.53274112462,0.236468602093593,27,1965–1970,"1997–2002, 20…",сухая/гидро,комбайн+БВР,1282.80060882801,510.502283105023,1668.9497716895,False,,R/D,3109.41919159436,402.805656524078,3109.41919159436,31.4691919159436,3109.41919159436,20.1402828262039,3109.41919159436,0.755260605982646,3109.41919159436,50.3507070655097,3109.41919159436
IR-01165,PU-0309,otrpol_vk,0.75,reconstructed_candidate,247.640628292666,15,12,0.288312637626245,27,1956–1957,1978–1981,сухая,БВР,357.791456387361,98.1735159817354,1884.93150684932,False,,R/D,537.772257939556,73.6348490162632,537.772257939556,5.75272257939556,537.772257939556,3.68174245081316,537.772257939556,0.138065341905494,537.772257939556,9.2043561270329,537.772257939556
IR-01166,PU-0311,otrpol_vk,0.75,reconstructed_candidate,215.523721846445,15.4939980432453,11.5060019567547,0.240117947617057,27,1965–1970,"1997–2002, 20…",сухая/гидро,комбайн+БВР,1412.12542233424,1217.35159817352,1610.04566210046,False,,R/D,796.819600506764,106.792908864866,796.819600506764,8.34319600506764,796.819600506764,5.33964544324329,796.819600506764,0.200236704121623,796.819600506764,13.3491136081082,796.819600506764
IR-01167,PU-0312,otrpol_vk,0.75,reconstructed_candidate,239.828178858159,15,12,0.267404229293808,27,1956–1957,1978–1981,сухая,БВР,255.251141552511,137.442922374429,314.155251141553,False,,R/D,1857.63483203178,242.577258500068,1857.63483203178,18.9513483203178,1857.63483203178,12.1288629250034,1857.63483203178,0.454832359687628,1857.63483203178,30.3221573125085,1857.63483203178
IR-01168,PU-0313,otrpol_vk,0.75,reconstructed_candidate,214.35183154614,15.5138528997735,11.4861471002265,0.23825263376465,27,1965–1970,"1997–2002, 20…",сухая/гидро,комбайн+БВР,1284.08700549185,1021.00456621005,1668.9497716895,False,,R/D,1084.21142625465,143.579062560595,1084.21142625465,11.2171142625465,1084.21142625465,7.17895312802977,1084.21142625465,0.269210742301116,1084.21142625465,17.9473828200744,1084.21142625465
IR-01169,PU-0316,otrpol_vk,0.75,reconstructed_candidate,214.155553804532,15.5128247652019,11.4871752347981,0.237680547790012,27,1965–1970,"1997–2002, 20…",сухая/гидро,комбайн+БВР,1313.95995319157,1146.0840105521,1610.04566210046,False,,R/D,1321.18971548836,173.91228358251,1321.18971548836,13.5868971548836,1321.18971548836,8.69561417912549,1321.18971548836,0.326085531717206,1321.18971548836,21.7390354478137,1321.18971548836
IR-01170,PU-0317,otrpol_vk,0.75,reconstructed_candidate,214.204052493312,15.5078675268925,11.4921324731075,0.237497687947264,27,1965–1970,"1997–2002, 20…",сухая/гидро,комбайн+БВР,681.285180094559,294.520547945205,1394.06392694064,False,,R/D,1482.31090695124,194.535796089759,1482.31090695124,15.1981090695124,1482.31090695124,9.72678980448796,1482.31090695124,0.364754617668299,1482.31090695124,24.3169745112199,1482.31090695124
IR-01171,PU-0319,otrpol_vk,0.75,reconstructed_candidate,246.353892998863,15,12,0.28582067728892,27,1955–1957,1978–1980,сухая,БВР,452.588287634693,39.2694063926938,2159.81735159817,False,,R/D,357.578190773829,50.5700084190502,357.578190773829,3.95078190773829,357.578190773829,2.52850042095251,357.578190773829,0.0948187657857191,357.578190773829,6.32125105238127,357.578190773829
IR-01172,PU-0322,otrpol_vk,0.75,reconstructed_candidate,219.497861500433,15.4116350637968,11.5883649362032,0.245900529035549,27,1957–1959,"1996, 2011",сухая/гидро,БВР,1466.05783866058,1452.96803652968,1472.60273972603,False,,R/D,541.379585122619,74.0965868956952,541.379585122619,5.78879585122619,541.379585122619,3.70482934478476,541.379585122619,0.138931100429429,541.379585122619,9.2620733619619,541.379585122619
IR-01173,PU-0323,otrpol_vk,0.75,reconstructed_candidate,213.937354226643,15.5334223900107,11.4665776099893,0.238286586094536,27,1965–1970,"1997–2002, 20…",сухая/гидро,комбайн+БВР,1469.28158684193,1197.71689497717,1767.12328767123,False,,R/D,748.873046766541,100.655749986117,748.873046766541,7.86373046766541,748.873046766541,5.03278749930586,748.873046766541,0.18872953122397,748.873046766541,12.5819687482647,748.873046766541
IR-01174,PU-0324,otrpol_vk,0.75,reconstructed_candidate,216.760250426846,15,12,0.2098994621418,27,1962–1965,"1996–1998, 20…",сухая/гидро,БВР,1376.73385304397,431.963470319634,2022.37442922374,False,,R/D,316.513826426114,45.3137697825425,316.513826426114,3.54013826426114,316.513826426114,2.26568848912713,316.513826426114,0.0849633183422673,316.513826426114,5.66422122281782,316.513826426114
IR-01175,PU-0326,otrpol_vk,0.75,reconstructed_candidate,214.825137795192,15.4630595870954,11.5369404129046,0.236171523449204,27,1965–1970,"1997–2002, 20…",сухая/гидро,комбайн+БВР,183.665301116165,57.8760649287152,314.155251141553,False,,R/D,3570.58569840761,461.834969396174,3570.58569840761,36.0808569840761,3570.58569840761,23.0917484698087,3570.58569840761,0.865940567617827,3570.58569840761,57.7293711745218,3570.58569840761
IR-01176,PU-0328,otrpol_vk,0.75,reconstructed_candidate,214.721832929716,15.4691132267109,11.5308867732891,0.236306310405685,27,1965–1970,"1997–2002, 20…",сухая/гидро,комбайн+БВР,397.348307014296,0,1197.71689497717,False,,R/D,3188.18715529812,412.887955878159,3188.18715529812,32.2568715529812,3188.18715529812,20.644397793908,3188.18715529812,0.774164917271549,3188.18715529812,51.6109944847699,3188.18715529812
IR-01177,PU-0329,otrpol_vk,0.75,reconstructed_candidate,214.753055770607,15.467303908818,11.532696091182,0.236267184976751,27,1965–1970,"1997–2002, 20…",сухая/гидро,комбайн+БВР,269.720515186598,157.077625570776,431.963470319634,False,,R/D,3295.05418608956,426.566935819463,3295.05418608956,33.3255418608956,3295.05418608956,21.3283467909732,3295.05418608956,0.799813004661494,3295.05418608956,53.3208669774329,3295.05418608956
IR-01178,PU-0330,otrpol_vk,0.75,reconstructed_candidate,214.655775381381,15.4728853125865,11.5271146874135,0.236384653401761,27,1965–1970,"1997–2002, 20…",сухая/гидро,комбайн+БВР,815.552306427226,647.945205479452,1865.29680365297,False,,R/D,2982.90621250255,386.611995200326,2982.90621250255,30.2040621250255,2982.90621250255,19.3305997600163,2982.90621250255,0.724897491000612,2982.90621250255,48.3264994000408,2982.90621250255
IR-01179,PU-0331,otrpol_vk,0.75,reconstructed_candidate,214.13986093128,15,12,0.197898068916805,27,1961,2011–2012,гидро,БВР,824.789845149365,431.963470319634,1511.87214611872,False,,R/D,471.938252308525,65.2080962954911,471.938252308525,5.09438252308524,471.938252308525,3.26040481477456,471.938252308525,0.122265180554046,471.938252308525,8.15101203693639,471.938252308525
IR-01180,PU-0332,otrpol_vk,0.75,reconstructed_candidate,212.927194507168,15.5522892259538,11.4477107740462,0.236869837132655,27,1965–1970,"1997–2002, 20…",сухая/гидро,комбайн+БВР,1338.07504685711,1001.3698630137,1826.02739726027,False,,R/D,1022.83869548517,135.723353022102,1022.83869548517,10.6033869548517,1022.83869548517,6.7861676511051,1022.83869548517,0.254481286916441,1022.83869548517,16.9654191277627,1022.83869548517
IR-01181,PU-0333,otrpol_vk,0.75,reconstructed_candidate,212.524106976508,15.5665874109408,11.4334125890592,0.236640330622833,27,1965–1970,"1997–2002, 20…",сухая/гидро,комбайн+БВР,1241.09988913399,962.100456621004,1786.75799086758,False,,R/D,868.402035689682,115.955460568279,868.402035689682,9.05902035689682,868.402035689682,5.79777302841397,868.402035689682,0.217416488565524,868.402035689682,14.4944325710349,868.402035689682
IR-01182,PU-0334,otrpol_vk,0.75,reconstructed_candidate,203.162054419759,15,12,0.168238428517535,27,1961,2011–2012,гидро,БВР,754.494545323385,141.391,1688.58447488584,False,,R/D,272.443046265617,39.672709921999,272.443046265617,3.09943046265617,272.443046265617,1.98363549609995,272.443046265617,0.0743863311037481,272.443046265617,4.95908874024988,272.443046265617
IR-01183,PU-0335,otrpol_vk,0.75,reconstructed_candidate,221.837737766956,15.3249030466459,11.6750969533541,0.248208118352664,27,1962–1965,"1996–1998, 20…",сухая/гидро,БВР,1869.46000273573,1374.42922374429,2356.16438356164,False,,R/D,377.144148991657,53.0744510709321,377.144148991657,4.14644148991657,377.144148991657,2.65372255354661,377.144148991657,0.0995145957579978,377.144148991657,6.63430638386652,377.144148991657
IR-01184,PU-0340,otrpol_vk,0.75,reconstructed_candidate,213.078883867615,15.5420345280407,11.4579654719593,0.236673958951656,27,1965–1970,"1997–2002, 20…",сухая/гидро,комбайн+БВР,1328.58424358498,1021.00456621005,1668.9497716895,False,,R/D,1287.0474701457,169.542076178649,1287.0474701457,13.245474701457,1287.0474701457,8.47710380893246,1287.0474701457,0.317891392834967,1287.0474701457,21.1927595223312,1287.0474701457
IR-01185,PU-0341,otrpol_vk,0.75,reconstructed_candidate,214.449401836653,15.4802141032972,11.5197858967028,0.23631602085609,27,1965–1970,"1997–2002, 20…",сухая/гидро,комбайн+БВР,1231.95844720046,765.753424657534,1786.75799086758,False,,R/D,2796.91534192978,362.805163767012,2796.91534192978,28.3441534192978,2796.91534192978,18.1402581883506,2796.91534192978,0.680259682063147,2796.91534192978,45.3506454708765,2796.91534192978
IR-01186,PU-0343,otrpol_vk,0.75,reconstructed_candidate,212.804509554752,15.5524294570649,11.4475705429351,0.236588512076807,27,1965–1970,"1997–2002, 20…",сухая/гидро,комбайн+БВР,1112.69746175323,863.926940639269,1629.6803652968,False,,R/D,1157.87388726385,153.007857569773,1157.87388726385,11.9537388726385,1157.87388726385,7.65039287848863,1157.87388726385,0.286889732943324,1157.87388726385,19.1259821962216,1157.87388726385
IR-01187,PU-0344,otrpol_vk,0.75,reconstructed_candidate,213.905941175919,15.507224110951,11.492775889049,0.236653452531959,27,1965–1970,"1997–2002, 20…",сухая/гидро,комбайн+БВР,1172.49582892474,608.675799086758,2002.7397260274,False,,R/D,1909.17861320575,249.174862490336,1909.17861320575,19.4667861320575,1909.17861320575,12.4587431245168,1909.17861320575,0.46720286716938,1909.17861320575,31.146857811292,1909.17861320575
IR-01188,PU-0345,otrpol_vk,0.75,reconstructed_candidate,214.047073891872,15.4997179334499,11.5002820665501,0.236536784464771,27,1965–1970,"1997–2002, 20…",сухая/гидро,комбайн+БВР,1269.77297539086,824.657534246575,1747.48858447489,False,,R/D,2133.84110378792,277.931661284853,2133.84110378792,21.7134110378792,2133.84110378792,13.8965830642427,2133.84110378792,0.5211218649091,2133.84110378792,34.7414576606067,2133.84110378792
IR-01189,PU-0346,otrpol_vk,0.75,reconstructed_candidate,214.165700686398,15.4938726577264,11.5061273422736,0.236467176057163,27,1965–1970,"1997–2002, 20…",сухая/гидро,комбайн+БВР,1358.50785177888,1119.17808219178,1688.58447488584,False,,R/D,2313.22817877272,300.893206882908,2313.22817877272,23.5072817877272,2313.22817877272,15.0446603441454,2313.22817877272,0.564174762905453,2313.22817877272,37.6116508603635,2313.22817877272
IR-01190,PU-0347,otrpol_vk,0.75,reconstructed_candidate,214.310123726282,15.4869755696387,11.5130244303613,0.236395109391928,27,1965–1970,"1997–2002, 20…",сухая/гидро,комбайн+БВР,1438.79228928951,1217.35159817352,1963.4703196347,False,,R/D,2540.2890862963,329.957003045927,2540.2890862963,25.7778908629631,2540.2890862963,16.4978501522964,2540.2890862963,0.618669380711113,2540.2890862963,41.2446253807409,2540.2890862963
IR-01191,PU-0348,otrpol_vk,0.75,reconstructed_candidate,213.167827268975,15.537741953025,11.462258046975,0.236644293038649,27,1965–1970,"1997–2002, 20…",сухая/гидро,комбайн+БВР,838.643040768956,647.945205479452,1099.54337899543,False,,R/D,1370.99823431174,180.287773991902,1370.99823431174,14.0849823431174,1370.99823431174,9.01438869959512,1370.99823431174,0.338039576234817,1370.99823431174,22.5359717489878,1370.99823431174
IR-01192,PU-0349,otrpol_vk,0.75,reconstructed_candidate,213.512466273073,15.5230124404874,11.4769875595126,0.236625913542872,27,1965–1970,"1997–2002, 20…",сухая/гидро,комбайн+БВР,700.772425286133,196.34703196347,1099.54337899543,False,,R/D,1627.82278774872,213.161316831836,1627.82278774872,16.6532278774872,1627.82278774872,10.6580658415918,1627.82278774872,0.399677469059693,1627.82278774872,26.6451646039795,1627.82278774872
IR-01193,PU-0350,otrpol_vk,0.75,reconstructed_candidate,227.66979536473,15,12,0.234484849877464,27,1961,2011–2012,гидро,БВР,1177.48789830765,431.963470319634,1806.39269406393,False,,R/D,579.931137845698,79.0311856442493,579.931137845698,6.17431137845698,579.931137845698,3.95155928221247,579.931137845698,0.148183473082968,579.931137845698,9.87889820553116,579.931137845698
IR-01194,PU-0351,otrpol_vk,0.75,reconstructed_candidate,210.294898826823,15.627671715966,11.372328284034,0.23391266414076,27,1965–1970,"1997–2002, 20…",сухая/гидро,комбайн+БВР,1529.79271361444,1413.69863013699,1786.75799086758,False,,R/D,392.681975085656,55.0632928109639,392.681975085656,4.30181975085656,392.681975085656,2.7531646405482,392.681975085656,0.103243674020557,392.681975085656,6.88291160137049,392.681975085656
IR-01195,PU-0352,otrpol_vk,0.75,reconstructed_candidate,210.876291828071,15.6148800387155,11.3851199612845,0.2350264174014,27,1965–1970,"1997–2002, 20…",сухая/гидро,комбайн+БВР,1403.87819089955,1099.54337899543,1845.66210045662,False,,R/D,590.250081054555,80.352010374983,590.250081054555,6.27750081054555,590.250081054555,4.01760051874915,590.250081054555,0.150660019453093,590.250081054555,10.0440012968729,590.250081054555
IR-01196,PU-0353,otrpol_vk,0.75,reconstructed_candidate,211.870235885442,15.5835141821977,11.4164858178023,0.235572625571239,27,1965–1970,"1997–2002, 20…",сухая/гидро,комбайн+БВР,1271.04585362807,236.372545531674,1786.75799086758,False,,R/D,352.282348214444,49.8921405714488,352.282348214444,3.89782348214444,352.282348214444,2.49460702857244,352.282348214444,0.0935477635714666,352.282348214444,6.23651757143111,352.282348214444
IR-01197,PU-0354,otrpol_vk,0.75,reconstructed_candidate,213.281802076619,15.5321551406003,11.4678448593997,0.236596421952401,27,1965–1970,"1997–2002, 20…",сухая/гидро,комбайн+БВР,951.921145711424,647.945205479452,1433.33333333333,False,,R/D,1485.95547397686,195.002300669038,1485.95547397686,15.2345547397686,1485.95547397686,9.75011503345191,1485.95547397686,0.365629313754447,1485.95547397686,24.3752875836298,1485.95547397686
IR-01198,PU-0355,otrpol_vk,0.75,reconstructed_candidate,213.142239455023,15,12,0.200547648395478,27,1962–1965,"1996–1998, 20…",сухая/гидро,БВР,1749.18305864271,207.697443264753,2552.51141552511,False,,R/D,193.999043175421,29.6318775264539,193.999043175421,2.31499043175421,193.999043175421,1.48159387632269,193.999043175421,0.055559770362101,193.999043175421,3.70398469080673,193.999043175421
IR-01199,PU-0356,otrpol_vk,0.75,reconstructed_candidate,227.692606639229,15,12,0.254527434220285,27,1962–1965,"1996–1998, 20…",сухая/гидро,БВР,2595.6584787567,1983.10502283105,3161.18721461187,False,,R/D,45.4263507987533,10.6145729022404,45.4263507987533,0.829263507987533,45.4263507987533,0.530728645112021,45.4263507987533,0.0199023241917008,45.4263507987533,1.32682161278005,45.4263507987533
IR-01200,PU-0357,otrpol_vk,0.75,reconstructed_candidate,213.5787457219,15.5179778568934,11.4820221431066,0.236477586090767,27,1965–1970,"1997–2002, 20…",сухая/гидро,комбайн+БВР,687.214611872146,647.945205479452,785.388127853881,False,,R/D,1793.84627322717,234.412322973078,1793.84627322717,18.3134627322717,1793.84627322717,11.7206161486539,1793.84627322717,0.439523105574522,1793.84627322717,29.3015403716348,1793.84627322717
IR-01201,PU-0358,otrpol_vk,0.75,reconstructed_candidate,211.813541048904,15.5841035917397,11.4158964082603,0.235922316115227,27,1965–1970,"1997–2002, 20…",сухая/гидро,комбайн+БВР,1407.19029705121,883.561643835616,1826.02739726027,False,,R/D,962.331202168212,127.978393877531,962.331202168212,9.99831202168212,962.331202168212,6.39891969387656,962.331202168212,0.239959488520371,962.331202168212,15.9972992346914,962.331202168212
IR-01202,PU-0359,otrpol_vk,0.75,reconstructed_candidate,211.157461328186,15.605354532763,11.394645467237,0.235437054275837,27,1965–1970,"1997–2002, 20…",сухая/гидро,комбайн+БВР,1322.0700152207,1001.3698630137,1649.31506849315,False,,R/D,806.011983269889,107.969533858546,806.011983269889,8.43511983269889,806.011983269889,5.39847669292729,806.011983269889,0.202442875984773,806.011983269889,13.4961917323182,806.011983269889
IR-01203,PU-0360,otrpol_vk,0.75,reconstructed_candidate,197.935177455784,15,12,0.152905307631077,27,1961,2011–2012,гидро,БВР,174.236767524386,163.492541912967,186.040185536378,False,,R/D,123.325091620917,20.5856117274774,123.325091620917,1.60825091620917,123.325091620917,1.02928058637387,123.325091620917,0.0385980219890202,123.325091620917,2.57320146593468,123.325091620917
IR-01204,PU-0361,otrpol_vk,0.75,reconstructed_candidate,200.461475259419,15,12,0.154468078750325,27,1961,2011–2012,гидро,БВР,198.564274682859,192.177597145375,203.915371964923,False,,R/D,213.735043903261,32.1580856196175,213.735043903261,2.51235043903261,213.735043903261,1.60790428098087,213.735043903261,0.0602964105367827,213.735043903261,4.01976070245218,213.735043903261
IR-01205,PU-0362,otrpol_vk,0.75,reconstructed_candidate,196.595700141982,15,12,0.147562013566214,27,1961,2011–2012,гидро,БВР,218.783971559389,155.575520880608,264.292514061171,False,,R/D,57.5393563082678,12.1650376074583,57.5393563082678,0.950393563082678,57.5393563082678,0.608251880372914,57.5393563082678,0.0228094455139843,57.5393563082678,1.52062970093228,57.5393563082678
IR-01206,PU-0363,otrpol_vk,0.75,reconstructed_candidate,213.464946694863,15,12,0.157010728641927,27,1961,2011–2012,гидро,БВР,1584.11673380939,1178.08219178082,1845.66210045662,False,,R/D,416.484279380542,58.1099877607093,416.484279380542,4.53984279380542,416.484279380542,2.90549938803547,416.484279380542,0.10895622705133,416.484279380542,7.26374847008867,416.484279380542
IR-01207,PU-0366,otrpol_vk,0.75,reconstructed_candidate,201.642136817817,15.849867426586,11.150132573414,0.223002689302058,27,1965–1970,"1997–2002, 20…",сухая/гидро,комбайн+БВР,207.257823575341,141.767887715824,270.896621933047,False,,R/D,182.508588405992,28.161099315967,182.508588405992,2.20008588405992,182.508588405992,1.40805496579835,182.508588405992,0.0528020612174381,182.508588405992,3.52013741449587,182.508588405992
IR-01208,PU-0368,otrpol_vk,0.75,reconstructed_candidate,213.162539891265,15.5298732748146,11.4701267251854,0.236139753060729,27,1965–1970,"1997–2002, 20…",сухая/гидро,комбайн+БВР,1054.78022680259,628.310502283105,1433.33333333333,False,,R/D,1751.06540864905,228.936372307078,1751.06540864905,17.8856540864905,1751.06540864905,11.4468186153539,1751.06540864905,0.429255698075772,1751.06540864905,28.6170465383848,1751.06540864905
IR-01209,PU-0369,otrpol_vk,0.75,reconstructed_candidate,213.383158316202,15.5209870104484,11.4790129895516,0.23614957996047,27,1965–1970,"1997–2002, 20…",сухая/гидро,комбайн+БВР,622.384223700937,490.867579908675,715.772127956539,False,,R/D,1908.4077591647,249.076193173081,1908.4077591647,19.459077591647,1908.4077591647,12.4538096586541,1908.4077591647,0.467017862199528,1908.4077591647,31.1345241466352,1908.4077591647
IR-01210,PU-0372,otrpol_vk,0.75,reconstructed_candidate,214.707108644174,15,12,0.199449394410882,27,1961,2011–2012,гидро,БВР,970.225033716095,765.753424657534,1394.06392694064,False,,R/D,618.913979469796,84.0209893721339,618.913979469796,6.56413979469797,618.913979469796,4.2010494686067,618.913979469796,0.157539355072751,618.913979469796,10.5026236715167,618.913979469796
IR-01211,PU-0373,otrpol_vk,0.75,reconstructed_candidate,214.459777963172,15.4736468353305,11.5263531646695,0.235884429234492,27,1965–1970,"1997–2002, 20…",сухая/гидро,комбайн+БВР,286.210097810728,0,1197.71689497717,False,,R/D,3394.89520507556,439.346586249672,3394.89520507556,34.3239520507556,3394.89520507556,21.9673293124836,3394.89520507556,0.823774849218136,3394.89520507556,54.918323281209,3394.89520507556
IR-01212,PU-0374,otrpol_vk,0.75,reconstructed_candidate,206.686807849035,15.6935969570986,11.3064030429014,0.228533675191854,27,1965–1970,"1997–2002, 20…",сухая/гидро,комбайн+БВР,1376.98428010867,278.923658571858,2984.47488584475,False,,R/D,230.740628441324,34.3348004404894,230.740628441324,2.68240628441324,230.740628441324,1.71674002202447,230.740628441324,0.0643777508259177,230.740628441324,4.29185005506118,230.740628441324
IR-01213,PU-0375,otrpol_vk,0.75,reconstructed_candidate,206.026946898615,15.7596156301614,11.2403843698386,0.231096908259353,27,1965–1970,"1997–2002, 20…",сухая/гидро,комбайн+БВР,2027.9432435368,1472.60273972603,2984.47488584475,False,,R/D,409.728075340214,57.2451936435474,409.728075340214,4.47228075340214,409.728075340214,2.86225968217737,409.728075340214,0.107334738081651,409.728075340214,7.15564920544343,409.728075340214
IR-01214,PU-0376,otrpol_vk,0.75,reconstructed_candidate,209.299658732262,15.6629413441016,11.3370586558984,0.234232663712619,27,1965–1970,"1997–2002, 20…",сухая/гидро,комбайн+БВР,2905.91965321646,1806.39269406393,4142.92237442922,False,,R/D,727.1685120824,97.8775695465472,727.1685120824,7.646685120824,727.1685120824,4.89387847732736,727.1685120824,0.183520442899776,727.1685120824,12.2346961933184,727.1685120824
IR-01215,PU-0377,otrpol_vk,0.75,reconstructed_candidate,211.132325716644,15.6020897717437,11.3979102282563,0.235356093094705,27,1965–1970,"1997–2002, 20…",сухая/гидро,комбайн+БВР,2693.56204265723,1451.98824183758,4300,False,,R/D,1060.89878569458,140.595044568906,1060.89878569458,10.9839878569458,1060.89878569458,7.02975222844531,1060.89878569458,0.263615708566699,1060.89878569458,17.5743805711133,1060.89878569458
IR-01216,PU-0378,otrpol_vk,0.75,reconstructed_candidate,213.410548237135,15.5179568563182,11.4820431436818,0.236022814071256,27,1965–1970,"1997–2002, 20…",сухая/гидро,комбайн+БВР,1122.94719266586,687.214611872146,1845.66210045662,False,,R/D,2034.89392727289,265.266422690929,2034.89392727289,20.7239392727289,2034.89392727289,13.2633211345465,2034.89392727289,0.497374542545493,2034.89392727289,33.1583028363662,2034.89392727289
IR-01217,PU-0379,otrpol_vk,0.75,reconstructed_candidate,213.643118707671,15.5086018886618,11.4913981113382,0.236028398375103,27,1965–1970,"1997–2002, 20…",сухая/гидро,комбайн+БВР,1098.35940170541,687.214611872146,2002.7397260274,False,,R/D,2230.68636260597,290.327854413564,2230.68636260597,22.6818636260597,2230.68636260597,14.5163927206782,2230.68636260597,0.544364727025432,2230.68636260597,36.2909818016955,2230.68636260597
IR-01218,PU-0380,otrpol_vk,0.75,reconstructed_candidate,213.969403899489,15.4949695844596,11.5050304155404,0.235997637829716,27,1965–1970,"1997–2002, 20…",сухая/гидро,комбайн+БВР,1187.97863775791,726.48401826484,1767.12328767123,False,,R/D,2588.69063046842,336.152400699958,2588.69063046842,26.2619063046842,2588.69063046842,16.8076200349979,2588.69063046842,0.630285751312422,2588.69063046842,42.0190500874948,2588.69063046842
IR-01219,PU-0381,otrpol_vk,0.75,reconstructed_candidate,214.102522112505,15.4892914993752,11.5107085006248,0.235975669384983,27,1965–1970,"1997–2002, 20…",сухая/гидро,комбайн+БВР,1051.23502419139,549.771689497717,1786.75799086758,False,,R/D,2767.78503231425,359.076484136225,2767.78503231425,28.0528503231425,2767.78503231425,17.9538242068112,2767.78503231425,0.673268407755421,2767.78503231425,44.8845605170281,2767.78503231425
IR-01220,PU-0382,otrpol_vk,0.75,reconstructed_candidate,214.239598375649,15.4832593861841,11.5167406138159,0.235939287547582,27,1965–1970,"1997–2002, 20…",сухая/гидро,комбайн+БВР,835.42429387204,353.424657534246,1845.66210045662,False,,R/D,2988.32689549311,387.305842623118,2988.32689549311,30.2582689549311,2988.32689549311,19.3652921311559,2988.32689549311,0.726198454918346,2988.32689549311,48.4132303278897,2988.32689549311
IR-01221,PU-0385,otrpol_vk,0.75,reconstructed_candidate,195.287535904252,15.994127662192,11.005872337808,0.212544682174467,27,1965–1970,"1997–2002, 20…",сухая/гидро,комбайн+БВР,264.173737265109,132.234495329957,347.325999538309,False,,R/D,20.442459119262,7.41663476726554,20.442459119262,0.57942459119262,20.442459119262,0.370831738363277,20.442459119262,0.0139061901886229,20.442459119262,0.927079345908192,20.442459119262
IR-01222,PU-0386,otrpol_vk,0.75,reconstructed_candidate,212.186996271525,15.5645303363749,11.4354696636251,0.235781073773516,27,1965–1970,"1997–2002, 20…",сухая/гидро,комбайн+БВР,1832.42989657365,883.561643835616,2709.58904109589,False,,R/D,1380.40720045172,181.49212165782,1380.40720045172,14.1790720045172,1380.40720045172,9.07460608289102,1380.40720045172,0.340297728108413,1380.40720045172,22.6865152072276,1380.40720045172
IR-01223,PU-0387,otrpol_vk,0.75,reconstructed_candidate,212.666255608615,15.5467964688612,11.4532035311388,0.235916168602904,27,1965–1970,"1997–2002, 20…",сухая/гидро,комбайн+БВР,1300.09784735812,765.753424657534,1806.39269406393,False,,R/D,1581.22077219286,207.196258840686,1581.22077219286,16.1872077219286,1581.22077219286,10.3598129420343,1581.22077219286,0.388492985326286,1581.22077219286,25.8995323550857,1581.22077219286
IR-01224,PU-0388,otrpol_vk,0.75,reconstructed_candidate,213.825413775304,15.5009243751169,11.4990756248831,0.236007635257334,27,1965–1970,"1997–2002, 20…",сухая/гидро,комбайн+БВР,1072.42878886714,667.579908675799,1786.75799086758,False,,R/D,2425.63412090493,315.281167475831,2425.63412090493,24.6313412090493,2425.63412090493,15.7640583737915,2425.63412090493,0.591152189017182,2425.63412090493,39.4101459344788,2425.63412090493
IR-01225,PU-0390,otrpol_vk,0.75,reconstructed_candidate,201.979837786559,15.8674433859095,11.1325566140905,0.226061974522034,27,1965–1970,"1997–2002, 20…",сухая/гидро,комбайн+БВР,157.645759171415,100.24,190.327266085297,False,,R/D,210.969447873057,31.8040893277513,210.969447873057,2.48469447873057,210.969447873057,1.59020446638756,210.969447873057,0.0596326674895336,210.969447873057,3.97551116596891,210.969447873057
IR-01226,PU-0391,otrpol_vk,0.75,reconstructed_candidate,206.634061909908,15.1169565207194,11.8830434792806,0.188737458621912,27,1962–1965,"1996–1998, 20…",сухая/гидро,БВР,3296.8365495875,2984.47488584475,3671.68949771689,False,,R/D,333.516300705987,47.4900864903663,333.516300705987,3.71016300705987,333.516300705987,2.37450432451832,333.516300705987,0.0890439121694369,333.516300705987,5.93626081129579,333.516300705987
IR-01227,PU-0392,otrpol_vk,0.75,reconstructed_candidate,212.839843282649,15.538537490943,11.461462509057,0.235845894330294,27,1965–1970,"1997–2002, 20…",сухая/гидро,комбайн+БВР,1502.56476338062,1021.00456621005,1845.66210045662,False,,R/D,1749.01917173281,228.674453981799,1749.01917173281,17.8651917173281,1749.01917173281,11.43372269909,1749.01917173281,0.428764601215874,1749.01917173281,28.5843067477249,1749.01917173281
IR-01228,PU-0393,otrpol_vk,0.75,reconstructed_candidate,213.087816864515,15.5289256715636,11.4710743284364,0.235879463303336,27,1965–1970,"1997–2002, 20…",сухая/гидро,комбайн+БВР,1529.61144817815,1178.08219178082,1806.39269406393,False,,R/D,1899.56127301342,247.943842945718,1899.56127301342,19.3706127301342,1899.56127301342,12.3971921472859,1899.56127301342,0.464894705523222,1899.56127301342,30.9929803682148,1899.56127301342
IR-01229,PU-0395,otrpol_vk,0.75,reconstructed_candidate,215.594792574039,15,12,0.158923392343973,27,1961–1962,2012,гидро,БВР,2740.59101692558,265.886530465603,4280.36529680365,False,,R/D,239.430552848533,35.4471107646123,239.430552848533,2.76930552848533,239.430552848533,1.77235553823061,239.430552848533,0.066463332683648,239.430552848533,4.43088884557653,239.430552848533
IR-01230,PU-0398,otrpol_vk,0.75,reconstructed_candidate,227.632543273221,15,12,0.165880673105408,27,1961,2011–2012,гидро,БВР,2043.85148546476,1295.8904109589,2552.51141552511,False,,R/D,506.535820156509,69.6365849800331,506.535820156509,5.44035820156509,506.535820156509,3.48182924900166,506.535820156509,0.130568596837562,506.535820156509,8.70457312250414,506.535820156509
IR-01231,PU-0399,otrpol_vk,0.75,reconstructed_candidate,230.743968781074,15,12,0.167710739805408,27,1961,2011–2012,гидро,БВР,946.996838777661,353.424657534246,1668.9497716895,False,,R/D,921.552957392212,122.758778546203,921.552957392212,9.59052957392212,921.552957392212,6.13793892731016,921.552957392212,0.230172709774131,921.552957392212,15.3448473182754,921.552957392212
IR-01232,PU-0400,otrpol_vk,0.75,reconstructed_candidate,231.275840737986,15,12,0.168057811395523,27,1961,2011–2012,гидро,БВР,1614.57673184033,981.735159817351,2120.54794520548,False,,R/D,686.354469310548,92.6533720717501,686.354469310548,7.23854469310548,686.354469310548,4.63266860358751,686.354469310548,0.173725072634531,686.354469310548,11.5816715089688,686.354469310548
IR-01233,PU-0402,otrpol_vk,0.75,reconstructed_candidate,232.697510484364,15,12,0.169255029720948,27,1934–1935,2016–2017,сухая,БВР,3025.1019305105,2552.51141552511,3514.61187214612,False,,R/D,405.948736492835,56.7614382710829,405.948736492835,4.43448736492835,405.948736492835,2.83807191355415,405.948736492835,0.10642769675828,405.948736492835,7.09517978388537,405.948736492835
IR-01234,PU-0403,otrpol_vk,0.75,reconstructed_candidate,209.063233160729,15.6733170642396,11.3266829357604,0.234557992909593,27,1969–1971,"1994, 2002",сухая,комбайн+БВР,3651.19935283541,3377.16894977169,3926.94063926941,False,,R/D,812.253995154123,108.768511379728,812.253995154123,8.49753995154123,812.253995154123,5.43842556898639,812.253995154123,0.20394095883699,812.253995154123,13.596063922466,812.253995154123
IR-01235,PU-0404,otrpol_vk,0.75,reconstructed_candidate,210.059584848754,15.6372210107104,11.3627789892896,0.234867303211997,27,1969–1971,"1994, 2002",сухая,комбайн+БВР,3767.68138001015,3514.61187214612,4221.46118721461,False,,R/D,986.788879688475,131.108976600125,986.788879688475,10.2428887968848,986.788879688475,6.55544883000624,986.788879688475,0.245829331125234,986.788879688475,16.3886220750156,986.788879688475
IR-01236,PU-0405,otrpol_vk,0.75,reconstructed_candidate,242.846192525739,15,12,0.20185885976457,27,1935–1939,"1989–1999, 20…",сухая/гидро,БВР,521.184462524576,274.885844748858,727.262333586471,False,,R/D,1106.77839593011,146.467634679055,1106.77839593011,11.4427839593011,1106.77839593011,7.32338173395273,1106.77839593011,0.274626815023227,1106.77839593011,18.3084543348818,1106.77839593011
IR-01237,PU-0406,otrpol_vk,0.75,reconstructed_candidate,208.386270459509,15.7001550303337,11.2998449696663,0.234642785845764,27,1969–1971,"1994, 2002",сухая,комбайн+БВР,3289.16289173298,3004.1095890411,3534.24657534247,False,,R/D,711.257676631983,95.8409826088939,711.257676631983,7.48757676631983,711.257676631983,4.79204913044469,711.257676631983,0.179701842391676,711.257676631983,11.9801228261117,711.257676631983
IR-01238,PU-0407,otrpol_vk,0.75,reconstructed_candidate,241.308235535567,15,12,0.175528268995882,27,1934–1935,2016–2017,сухая,БВР,2903.00852921547,297.290365680253,4280.36529680365,False,,R/D,263.030019080681,38.4678424423271,263.030019080681,3.00530019080681,263.030019080681,1.92339212211636,263.030019080681,0.0721272045793634,263.030019080681,4.80848030529089,263.030019080681
IR-01239,PU-0408,otrpol_vk,0.75,reconstructed_candidate,210.570102917293,15.6178670816667,11.3821329183333,0.235001846883821,27,1969–1971,"1994, 2002",сухая,комбайн+БВР,3396.18070752929,3180.82191780822,3652.05479452055,False,,R/D,1118.41849841042,147.957567796533,1118.41849841042,11.5591849841042,1118.41849841042,7.39787838982666,1118.41849841042,0.2774204396185,1118.41849841042,18.4946959745666,1118.41849841042
IR-01240,PU-0409,otrpol_vk,0.75,reconstructed_candidate,265.690781597516,15,12,0.268024715473198,27,1956–1957,1978–1981,сухая,БВР,245.082238450691,39.2694063926938,419.409164596213,False,,R/D,1300.23258700838,171.229771137073,1300.23258700838,13.3773258700838,1300.23258700838,8.56148855685363,1300.23258700838,0.321055820882011,1300.23258700838,21.4037213921341,1300.23258700838
IR-01241,PU-0410,otrpol_vk,0.75,reconstructed_candidate,213.859482079303,15.494896603773,11.505103396227,0.235686058343969,27,1965–1970,"1997–2002, 20…",сухая/гидро,комбайн+БВР,646.963470319635,235.616438356164,1668.9497716895,False,,R/D,2795.13044271535,362.576696667565,2795.13044271535,28.3263044271535,2795.13044271535,18.1288348333782,2795.13044271535,0.679831306251684,2795.13044271535,45.3220870834456,2795.13044271535
IR-01242,PU-0411,otrpol_vk,0.75,reconstructed_candidate,213.066813362985,15.5258806391243,11.4741193608757,0.235621449022416,27,1969–1971,"1994, 2002",сухая,комбайн+БВР,980.658070139865,274.885844748858,2002.7397260274,False,,R/D,2084.37574616773,271.600095509469,2084.37574616773,21.2187574616772,2084.37574616773,13.5800047754734,2084.37574616773,0.509250179080254,2084.37574616773,33.9500119386836,2084.37574616773
IR-01243,PU-0412,otrpol_vk,0.75,reconstructed_candidate,213.690181045305,15.5016372346486,11.4983627653514,0.235681799565863,27,1965–1970,"1997–2002, 20…",сухая/гидро,комбайн+БВР,686.357794801782,235.616438356164,1826.02739726027,False,,R/D,2605.93367362833,338.359510224427,2605.93367362833,26.4343367362833,2605.93367362833,16.9179755112213,2605.93367362833,0.634424081670801,2605.93367362833,42.2949387780534,2605.93367362833
IR-01244,PU-0414,otrpol_vk,0.75,reconstructed_candidate,205.093137710446,15.9632766464758,11.0367233535242,0.245252537643321,27,1969–1971,"1994, 2002",сухая,комбайн+БВР,182.265700951748,100.001,462.278579479432,False,,R/D,81.2163342938221,15.1956907896092,81.2163342938221,1.18716334293822,81.2163342938221,0.759784539480462,81.2163342938221,0.0284919202305173,81.2163342938221,1.89946134870115,81.2163342938221
IR-01245,PU-0415,otrpol_vk,0.75,reconstructed_candidate,206.156642135874,15.7941892522352,11.2058107477648,0.235140331377908,27,1969–1971,"1994, 2002",сухая,комбайн+БВР,2854.80440144726,2067.49872278293,3455.70776255708,False,,R/D,417.364900370584,58.2227072474347,417.364900370584,4.54864900370584,417.364900370584,2.91113536237174,417.364900370584,0.10916757608894,417.364900370584,7.27783840592934,417.364900370584
IR-01246,PU-0416,otrpol_vk,0.75,reconstructed_candidate,212.145781136463,15.5603548721896,11.4396451278104,0.235430487907918,27,1969–1971,"1994, 2002",сухая,комбайн+БВР,2020.58945620589,1767.12328767123,2375.79908675799,False,,R/D,1601.68746760203,209.81599585306,1601.68746760203,16.3918746760203,1601.68746760203,10.490799792653,1601.68746760203,0.393404992224488,1601.68746760203,26.2269994816325,1601.68746760203
IR-01247,PU-0417,otrpol_vk,0.75,reconstructed_candidate,208.618997568068,15.7765702391033,11.2234297608967,0.231838487766408,27,1969–1971,"1994, 2002",сухая,комбайн+БВР,1342.69703955568,127.622222353721,3141.55251141553,False,,R/D,230.396649129978,34.2907710886372,230.396649129978,2.67896649129978,230.396649129978,1.71453855443186,230.396649129978,0.0642951957911947,230.396649129978,4.28634638607965,230.396649129978
IR-01248,PU-0418,otrpol_vk,0.75,reconstructed_candidate,240.693131599577,15.2012111407685,11.7987888592315,0.209368362803295,27,1934–1935,2016–2017,сухая,БВР,3085.66883025724,2847.03196347032,3377.16894977169,False,,R/D,483.214435521509,66.6514477467532,483.214435521509,5.20714435521509,483.214435521509,3.33257238733766,483.214435521509,0.124971464525162,483.214435521509,8.33143096834415,483.214435521509
IR-01249,PU-0419,otrpol_vk,0.75,reconstructed_candidate,214.259831431039,15.4778386730302,11.5221613269698,0.235614761471043,27,1965–1970,"1997–2002, 20…",сухая/гидро,комбайн+БВР,217.379594437362,39.2694063926938,471.232876712329,False,,R/D,3454.7313429825,447.00561190176,3454.7313429825,34.922313429825,3454.7313429825,22.350280595088,3454.7313429825,0.838135522315801,3454.7313429825,55.8757014877201,3454.7313429825
IR-01250,PU-0420,otrpol_vk,0.75,reconstructed_candidate,214.520729544218,15.4667249093204,11.5332750906796,0.235565835909528,27,1965–1970,"1997–2002, 20…",сухая/гидро,комбайн+БВР,237.807968371166,0,471.232876712329,False,,R/D,4035.13488339823,521.297265074974,4035.13488339823,40.7263488339823,4035.13488339823,26.0648632537487,4035.13488339823,0.977432372015576,4035.13488339823,65.1621581343717,4035.13488339823
IR-01251,PU-0421,otrpol_vk,0.75,reconstructed_candidate,214.626815268374,15.4620555717512,11.5379444282488,0.235534661813784,27,1965–1970,"1997–2002, 20…",сухая/гидро,комбайн+БВР,198.310502283105,0,333.789954337899,False,,R/D,4342.10601492509,560.589569910411,4342.10601492509,43.7960601492509,4342.10601492509,28.0294784955206,4342.10601492509,1.05110544358202,4342.10601492509,70.0736962388014,4342.10601492509
IR-01252,PU-0422,otrpol_vk,0.75,reconstructed_candidate,211.823017351772,15.5721289179327,11.4278710820673,0.235342110637842,27,1969–1971,"1994, 2002",сухая,комбайн+БВР,2477.12089899177,2022.37442922374,2748.85844748858,False,,R/D,1480.34534744663,194.284204473169,1480.34534744663,15.1784534744663,1480.34534744663,9.71421022365846,1480.34534744663,0.364282883387192,1480.34534744663,24.2855255591461,1480.34534744663
IR-01253,PU-0423,otrpol_vk,0.75,reconstructed_candidate,211.361171008222,15.5888632960001,11.4111367039999,0.235209158994513,27,1969–1971,"1994, 2002",сухая,комбайн+БВР,2910.1025766851,2611.41552511416,3298.6301369863,False,,R/D,1332.24569438574,175.327448881375,1332.24569438574,13.6974569438574,1332.24569438574,8.76637244406875,1332.24569438574,0.328738966652578,1332.24569438574,21.9159311101719,1332.24569438574
IR-01254,PU-0424,otrpol_vk,0.75,reconstructed_candidate,,,,,,1969–1971,"1994, 2002",сухая,комбайн+БВР,185.383337508635,0,333.789954337899,False,,R/D,4500.54102079541,,4500.54102079541,,4500.54102079541,,4500.54102079541,,4500.54102079541,,4500.54102079541
IR-01255,PU-0425,otrpol_vk,0.75,reconstructed_candidate,242.180386538417,15,12,0.174655361805943,27,1935–1939,"1989–1999, 20…",сухая/гидро,БВР,1776.94063926941,1492.23744292237,2022.37442922374,False,,R/D,583.849412833395,79.5327248426746,583.849412833395,6.21349412833395,583.849412833395,3.97663624213373,583.849412833395,0.149123859080015,583.849412833395,9.94159060533432,583.849412833395
IR-01256,PU-0427,otrpol_vk,0.75,reconstructed_candidate,213.89886547337,15.4912295329628,11.5087704670372,0.235540247837591,27,1969–1971,"1994, 2002",сухая,комбайн+БВР,299.718539937871,117.808219178082,981.735159817351,False,,R/D,2996.03087429545,388.291951909817,2996.03087429545,30.3353087429545,2996.03087429545,19.4145975954909,2996.03087429545,0.728047409830908,2996.03087429545,48.5364939887272,2996.03087429545
IR-01257,PU-0429,otrpol_vk,0.75,reconstructed_candidate,265.854435418167,15,12,0.267422168210858,27,1956–1957,1978–1981,сухая,БВР,455.890802634415,58.9041095890407,1747.48858447489,False,,R/D,1494.10855611283,196.045895182442,1494.10855611283,15.3160855611283,1494.10855611283,9.80229475912209,1494.10855611283,0.367586053467078,1494.10855611283,24.5057368978052,1494.10855611283
IR-01258,PU-0430,otrpol_vk,0.75,reconstructed_candidate,252.268055387529,15,12,0.180683703460415,27,1935–1939,"1989–1999, 20…",сухая/гидро,БВР,1977.26344956877,1511.87214611872,2552.51141552511,False,,R/D,410.912031646062,57.3967400506959,410.912031646062,4.48412031646062,410.912031646062,2.86983700253479,410.912031646062,0.107618887595055,410.912031646062,7.17459250633698,410.912031646062
IR-01259,PU-0431,otrpol_vk,0.75,reconstructed_candidate,269.237218359304,15,12,0.190851070102667,27,1935–1939,"1989–1999, 20…",сухая/гидро,БВР,700.925235858478,129.157990701492,2945.20547945205,False,,R/D,196.7550976131,29.9846524944768,196.7550976131,2.342550976131,196.7550976131,1.49923262472384,196.7550976131,0.0562212234271439,196.7550976131,3.74808156180959,196.7550976131
IR-01260,PU-0432,otrpol_vk,0.75,reconstructed_candidate,268.022416573065,15,12,0.196961264201438,27,1934–1935,2016–2017,сухая,БВР,253.329301461228,100.468088499024,3239.72602739726,False,,R/D,72.2603505867694,14.0493248751065,72.2603505867694,1.09760350586769,72.2603505867694,0.702466243755324,72.2603505867694,0.0263424841408247,72.2603505867694,1.75616560938831,72.2603505867694
IR-01261,PU-0434,otrpol_vk,0.75,reconstructed_candidate,239.137026945941,15,12,0.172785421979021,27,1935–1939,"1989–1999, 20…",сухая/гидро,БВР,1186.13791755642,431.963470319634,1845.66210045662,False,,R/D,840.212195735286,112.347161054117,840.212195735286,8.77712195735286,840.212195735286,5.61735805270583,840.212195735286,0.210650926976469,840.212195735286,14.0433951317646,840.212195735286
IR-01262,PU-0436,otrpol_vk,0.75,reconstructed_candidate,212.88431373098,15.5284136238062,11.4715863761938,0.235297499594767,27,1969–1971,"1994, 2002",сухая,комбайн+БВР,714.81624100615,235.616438356164,1995.53848615602,False,,R/D,2143.16930756652,279.125671368515,2143.16930756652,21.8066930756652,2143.16930756652,13.9562835684257,2143.16930756652,0.523360633815966,2143.16930756652,34.8907089210644,2143.16930756652
IR-01263,PU-0437,otrpol_vk,0.75,reconstructed_candidate,238.225032839406,15,12,0.17224084104375,27,1935–1939,"1989–1999, 20…",сухая/гидро,БВР,1181.38099194515,471.232876712329,1904.56621004566,False,,R/D,1060.42692603452,140.534646532419,1060.42692603452,10.9792692603452,1060.42692603452,7.02673232662093,1060.42692603452,0.263502462248285,1060.42692603452,17.5668308165523,1060.42692603452
IR-01264,PU-0438,otrpol_vk,0.75,reconstructed_candidate,248.476262867217,15,12,0.178344528965474,27,1935–1939,"1989–1999, 20…",сухая/гидро,БВР,1466.750846576,1433.33333333333,1478.32700272442,False,,R/D,554.51625253967,75.7780803250777,554.51625253967,5.9201625253967,554.51625253967,3.78890401625389,554.51625253967,0.142083900609521,554.51625253967,9.47226004063472,554.51625253967
IR-01265,PU-0439,otrpol_vk,0.75,reconstructed_candidate,254.330727437423,15,12,0.226328799683341,27,1935–1939,"1989–1999, 20…",сухая/гидро,БВР,134.170003889237,0,267.16537104204,False,,R/D,1380.18947427011,181.464252706574,1380.18947427011,14.1768947427011,1380.18947427011,9.07321263532869,1380.18947427011,0.340245473824826,1380.18947427011,22.6830315883217,1380.18947427011
IR-01266,PU-0440,otrpol_vk,0.75,reconstructed_candidate,238.333830827504,15.4088756607215,11.5911243392785,0.208564011843091,27,1969–1971,"1994, 2002",сухая,комбайн+БВР,2862.4363775444,2788.12785388128,2984.47488584475,False,,R/D,521.904408962346,71.6037643471803,521.904408962346,5.59404408962346,521.904408962346,3.58018821735902,521.904408962346,0.134257058150963,521.904408962346,8.95047054339754,521.904408962346
IR-01267,PU-0441,otrpol_vk,0.75,reconstructed_candidate,219.567001203342,15.5875295049104,11.4124704950896,0.241308660355108,27,1969–1971,"1994, 2002",сухая,комбайн+БВР,3523.45516719465,3259.36073059361,3887.67123287671,False,,R/D,1398.20847637729,183.770684976293,1398.20847637729,14.3570847637729,1398.20847637729,9.18853424881466,1398.20847637729,0.34457003433055,1398.20847637729,22.9713356220367,1398.20847637729
IR-01268,PU-0442,otrpol_vk,0.75,reconstructed_candidate,216.140149444126,15.782609904405,11.217390095595,0.235923266740134,27,1969–1971,"1994, 2002",сухая,комбайн+БВР,2649.98429584214,494.320621697049,3514.61187214612,False,,R/D,316.549672271953,45.31835805081,316.549672271953,3.54049672271953,316.549672271953,2.2659179025405,316.549672271953,0.0849719213452688,316.549672271953,5.66479475635126,316.549672271953
IR-01269,PU-0443,otrpol_vk,0.75,reconstructed_candidate,218.125661023847,15.6199925529471,11.3800074470529,0.24065171835884,27,1969–1971,"1994, 2002",сухая,комбайн+БВР,3791.82320802964,3573.51598173516,4084.01826484018,False,,R/D,1135.04630240005,150.085926707206,1135.04630240005,11.7254630240005,1135.04630240005,7.50429633536029,1135.04630240005,0.281411112576011,1135.04630240005,18.7607408384007,1135.04630240005
IR-01270,PU-0444,otrpol_vk,0.75,reconstructed_candidate,211.977125876484,15.5618970286044,11.4381029713956,0.235098330035421,27,1969–1971,"1994, 2002",сухая,комбайн+БВР,2339.30293231053,1884.93150684932,2787.69837977186,False,,R/D,1663.56012464548,217.735695954621,1663.56012464548,17.0106012464548,1663.56012464548,10.8867847977311,1663.56012464548,0.408254429914915,1663.56012464548,27.2169619943277,1663.56012464548
IR-01271,PU-0445,otrpol_vk,0.75,reconstructed_candidate,213.525591055309,15.5041526624949,11.4958473375051,0.235398476460389,27,1969–1971,"1994, 2002",сухая,комбайн+БВР,403.258898981001,235.616438356164,1197.71689497717,False,,R/D,2668.76160852157,346.401485890761,2668.76160852157,27.0626160852157,2668.76160852157,17.320074294538,2668.76160852157,0.649502786045176,2668.76160852157,43.3001857363451,2668.76160852157
IR-01272,PU-0446,otrpol_vk,0.75,reconstructed_candidate,213.6725210261,15.4985032961847,11.5014967038153,0.235414942693359,27,1969–1971,"1994, 2002",сухая,комбайн+БВР,368.727905529035,137.442922374429,981.735159817351,False,,R/D,2825.56064518423,366.471762583582,2825.56064518423,28.6306064518423,2825.56064518423,18.3235881291791,2825.56064518423,0.687134554844216,2825.56064518423,45.8089703229477,2825.56064518423
IR-01273,PU-0447,otrpol_vk,0.75,reconstructed_candidate,214.428363984941,15.4684229537661,11.5315770462339,0.235423807596318,27,1969–1971,"1994, 2002",сухая,комбайн+БВР,301.455262838607,39.2694063926938,1786.75799086758,False,,R/D,4071.46798674841,525.947902303797,4071.46798674841,41.0896798674841,4071.46798674841,26.2973951151898,4071.46798674841,0.986152316819619,4071.46798674841,65.7434877879746,4071.46798674841
IR-01274,PU-0448,otrpol_vk,0.75,reconstructed_candidate,210.750206636597,15.675092338955,11.324907661045,0.224738406003772,27,1969–1971,"1994, 2002",сухая,комбайн+БВР,3554.41009876477,3318.26484018265,3887.67123287671,False,,R/D,808.30081884332,108.262504811945,808.30081884332,8.4580081884332,808.30081884332,5.41312524059725,808.30081884332,0.202992196522397,808.30081884332,13.5328131014931,808.30081884332
IR-01275,PU-0450,otrpol_vk,0.75,reconstructed_candidate,217.760298346533,15.7362282321732,11.2637717678268,0.232310680492205,27,1969–1971,"1994, 2002",сухая,комбайн+БВР,3522.95592782621,3200.45662100457,3848.40182648402,False,,R/D,520.508846012765,71.4251322896339,520.508846012765,5.58008846012765,520.508846012765,3.57125661448169,520.508846012765,0.133922123043064,520.508846012765,8.92814153620423,520.508846012765
IR-01276,PU-0452,otrpol_vk,0.75,reconstructed_candidate,214.092812021179,15.4822656013081,11.5177343986919,0.235455455125097,27,1969–1971,"1994, 2002",сухая,комбайн+БВР,248.343954935607,39.2694063926938,1060.27397260274,False,,R/D,3379.11855724198,437.327175326974,3379.11855724198,34.1661855724198,3379.11855724198,21.8663587663487,3379.11855724198,0.819988453738076,3379.11855724198,54.6658969158717,3379.11855724198
IR-01277,PU-0453,otrpol_vk,0.75,reconstructed_candidate,256.785928347897,15.1183140600501,11.8816859399499,0.196492086816548,27,1934–1935,2016–2017,сухая,БВР,2648.97756601151,2356.16438356164,2984.47488584475,False,,R/D,361.802624695045,51.1107359609657,361.802624695045,3.99302624695045,361.802624695045,2.55553679804829,361.802624695045,0.0958326299268107,361.802624695045,6.38884199512071,361.802624695045
IR-01278,PU-0454,otrpol_vk,0.75,reconstructed_candidate,224.120643343618,15.6255385620017,11.3744614379983,0.21960630876695,27,1969–1971,"1994, 2002",сухая,комбайн+БВР,3025.80212439045,431.834110740095,3514.61187214612,False,,R/D,400.179923998949,56.0230302718655,400.179923998949,4.37679923998949,400.179923998949,2.80115151359327,400.179923998949,0.105043181759748,400.179923998949,7.00287878398318,400.179923998949
IR-01279,PU-0455,otrpol_vk,0.75,reconstructed_candidate,265.35704497811,15,12,0.269321616185412,27,1956–1957,1978–1981,сухая,БВР,490.539233043707,255.251141552511,1943.83561643836,False,,R/D,2136.02541694424,278.211253368863,2136.02541694424,21.7352541694424,2136.02541694424,13.9105626684432,2136.02541694424,0.521646100066618,2136.02541694424,34.7764066711079,2136.02541694424
IR-01280,PU-0456,otrpol_vk,0.75,reconstructed_candidate,259.756197591854,15,12,0.184763247472347,27,1935–1939,"1989–1999, 20…",сухая/гидро,БВР,1632.95281582953,1315.52511415525,1845.66210045662,False,,R/D,404.45585290125,56.57034917136,404.45585290125,4.4195585290125,404.45585290125,2.828517458568,404.45585290125,0.1060694046963,404.45585290125,7.07129364642001,404.45585290125
IR-01281,PU-0457,otrpol_vk,0.75,reconstructed_candidate,270.805252277745,15,12,0.192221112176059,27,1935–1939,"1989–1999, 20…",сухая/гидро,БВР,1048.13598674953,100.002,2336.5296803653,False,,R/D,235.882790672852,34.9929972061251,235.882790672852,2.73382790672852,235.882790672852,1.74964986030625,235.882790672852,0.0656118697614846,235.882790672852,4.37412465076564,235.882790672852
IR-01282,PU-0458,otrpol_vk,0.75,reconstructed_candidate,275.478977066661,15,12,0.192814062287146,27,1935–1939,"1989–1999, 20…",сухая/гидро,БВР,477.40002933491,104.033410800948,1610.04566210046,False,,R/D,201.460934917521,30.5869996694427,201.460934917521,2.38960934917521,201.460934917521,1.52934998347213,201.460934917521,0.057350624380205,201.460934917521,3.82337495868033,201.460934917521
IR-01283,PU-0459,otrpol_vk,0.75,reconstructed_candidate,279.603258084703,15,12,0.195282157562246,27,1935–1939,"1989–1999, 20…",сухая/гидро,БВР,146.565402083328,112.049225890172,207.585842283586,False,,R/D,149.279417667526,23.9077654614433,149.279417667526,1.86779417667526,149.279417667526,1.19538827307216,149.279417667526,0.0448270602402061,149.279417667526,2.98847068268041,149.279417667526
IR-01284,PU-0460,otrpol_vk,0.75,reconstructed_candidate,220.798114212903,15.7059205601722,11.2940794398278,0.232354180108227,27,1969–1971,"1994, 2002",сухая,комбайн+БВР,3210.27397260274,3102.28310502283,3298.6301369863,False,,R/D,466.381159738493,64.4967884465271,466.381159738493,5.03881159738493,466.381159738493,3.22483942232635,466.381159738493,0.120931478337238,466.381159738493,8.06209855581588,466.381159738493
IR-01285,PU-0461,otrpol_vk,0.75,reconstructed_candidate,245.251340741327,15,12,0.176422026590329,27,1935–1939,"1989–1999, 20…",сухая/гидро,БВР,978.879372247716,274.885844748858,2022.37442922374,False,,R/D,840.517560543745,112.386247749599,840.517560543745,8.78017560543745,840.517560543745,5.61931238747997,840.517560543745,0.210724214530499,840.517560543745,14.0482809686999,840.517560543745
IR-01286,PU-0462,otrpol_vk,0.75,reconstructed_candidate,222.279159922376,15.5314493424206,11.4685506575794,0.242284406456928,27,1969–1971,"1994, 2002",сухая,комбайн+БВР,1531.50684931507,1374.42922374429,1727.85388127854,False,,R/D,2129.98679832807,277.438310185993,2129.98679832807,21.6748679832807,2129.98679832807,13.8719155092997,2129.98679832807,0.520196831598738,2129.98679832807,34.6797887732492,2129.98679832807
IR-01287,PU-0463,otrpol_vk,0.75,reconstructed_candidate,223.258706047375,15.5101855137859,11.4898144862141,0.242817513225894,27,1969–1971,"1994, 2002",сухая,комбайн+БВР,715.030441400304,412.328767123287,1197.71689497717,False,,R/D,2583.53326368099,335.492257751167,2583.53326368099,26.2103326368099,2583.53326368099,16.7746128875584,2583.53326368099,0.629047983283439,2583.53326368099,41.9365322188959,2583.53326368099
IR-01288,PU-0464,otrpol_vk,0.75,reconstructed_candidate,222.753112404071,15.5211036039442,11.4788963960558,0.242544721345683,27,1969–1971,"1994, 2002",сухая,комбайн+БВР,701.239399869537,353.424657534246,1197.71689497717,False,,R/D,2332.44750173856,303.353280222535,2332.44750173856,23.6994750173856,2332.44750173856,15.1676640111268,2332.44750173856,0.568787400417254,2332.44750173856,37.9191600278169,2332.44750173856
IR-01289,PU-0465,otrpol_vk,0.75,reconstructed_candidate,266.71725860224,15,12,0.264168904811581,27,1935–1939,"1989–1999, 20…",сухая/гидро,БВР,343.607305936073,117.808219178082,1963.4703196347,False,,R/D,1992.11739581528,259.791026664355,1992.11739581528,20.2961739581528,1992.11739581528,12.9895513332178,1992.11739581528,0.487108174995666,1992.11739581528,32.4738783330444,1992.11739581528
IR-01290,PU-0467,otrpol_vk,0.75,reconstructed_candidate,265.983955278953,15,12,0.188138556098865,27,1935–1939,"1989–1999, 20…",сухая/гидро,БВР,1075.18271805195,100.002,1806.39269406393,False,,R/D,355.856105451804,50.3495814978309,355.856105451804,3.93356105451804,355.856105451804,2.51747907489155,355.856105451804,0.094405465308433,355.856105451804,6.29369768722886,355.856105451804
IR-01291,PU-0468,otrpol_vk,0.75,reconstructed_candidate,267.234402730843,15.0681311552239,11.9318688447761,0.196542344423773,27,1935–1939,"1989–1999, 20…",сухая/гидро,БВР,1791.71837403336,1610.04566210046,1983.10502283105,False,,R/D,340.929333228117,48.438954653199,340.929333228117,3.78429333228117,340.929333228117,2.42194773265995,340.929333228117,0.0908230399747481,340.929333228117,6.05486933164987,340.929333228117
IR-01292,PU-0470,otrpol_vk,0.75,reconstructed_candidate,221.88278508907,15.5413327452076,11.4586672547924,0.241918118726599,27,1969–1971,"1994, 2002",сухая,комбайн+БВР,2101.62795759941,1217.35159817352,2905.93607305936,False,,R/D,1961.26706269143,255.842184024503,1961.26706269143,19.9876706269143,1961.26706269143,12.7921092012252,1961.26706269143,0.479704095045944,1961.26706269143,31.9802730030629,1961.26706269143
IR-01293,PU-0471,otrpol_vk,0.75,reconstructed_candidate,250.859957241248,15.2802479481626,11.7197520518374,0.204468941324561,27,1935–1939,"1989–1999, 20…",сухая/гидро,БВР,2656.01782810679,2002.7397260274,3298.6301369863,False,,R/D,583.793623703077,79.5255838339939,583.793623703077,6.21293623703077,583.793623703077,3.97627919169969,583.793623703077,0.149110469688739,583.793623703077,9.94069797924923,583.793623703077
IR-01294,PU-0472,otrpol_vk,0.75,reconstructed_candidate,233.49972324968,15.4902993746789,11.5097006253211,0.212448123003327,27,1969–1971,"1994, 2002",сухая,комбайн+БВР,3668.4629610882,3318.26484018265,4300,False,,R/D,656.195238302392,88.7929905027062,656.195238302392,6.93695238302392,656.195238302392,4.43964952513531,656.195238302392,0.166486857192574,656.195238302392,11.0991238128383,656.195238302392
IR-01295,PU-0473,otrpol_vk,0.75,reconstructed_candidate,224.647224678258,15.6374101954798,11.3625898045202,0.22935396451035,27,1969–1971,"1994, 2002",сухая,комбайн+БВР,2934.76043185359,2002.7397260274,3671.68949771689,False,,R/D,753.600115268263,101.260814754338,753.600115268263,7.91100115268263,753.600115268263,5.06304073771688,753.600115268263,0.189864027664383,753.600115268263,12.6576018442922,753.600115268263
IR-01296,PU-0474,otrpol_vk,0.75,reconstructed_candidate,226.173343349874,15.5952745623112,11.4047254376888,0.227929894294949,27,1969–1971,"1994, 2002",сухая,комбайн+БВР,3816.36481659433,3652.05479452055,4084.01826484018,False,,R/D,1250.65021441506,164.883227445128,1250.65021441506,12.8815021441506,1250.65021441506,8.24416137225638,1250.65021441506,0.309156051459614,1250.65021441506,20.610403430641,1250.65021441506
IR-01297,PU-0475,otrpol_vk,0.75,reconstructed_candidate,227.42383801571,15.5715481202639,11.4284518797361,0.227454426789873,27,1969–1971,"1994, 2002",сухая,комбайн+БВР,3883.4867466275,3298.6301369863,4260.73059360731,False,,R/D,1546.77053520366,202.786628506069,1546.77053520366,15.8427053520366,1546.77053520366,10.1393314253034,1546.77053520366,0.380224928448879,1546.77053520366,25.3483285632586,1546.77053520366
IR-01298,PU-0476,otrpol_vk,0.75,reconstructed_candidate,221.255520914389,15.5554901780682,11.4445098219319,0.241564559059239,27,1969–1971,"1994, 2002",сухая,комбайн+БВР,3188.76257398527,2807.76255707763,3377.16894977169,False,,R/D,1750.74343853645,228.895160132666,1750.74343853645,17.8824343853645,1750.74343853645,11.4447580066333,1750.74343853645,0.429178425248748,1750.74343853645,28.6118950165832,1750.74343853645
IR-01299,PU-0477,otrpol_vk,0.75,reconstructed_candidate,224.967429279941,15.6216620441481,11.3783379558519,0.228647799634924,27,1969–1971,"1994, 2002",сухая,комбайн+БВР,3537.3473612626,3121.91780821918,3887.67123287671,False,,R/D,964.377610881637,128.240334192849,964.377610881637,10.0187761088164,964.377610881637,6.41201670964247,964.377610881637,0.240450626611593,964.377610881637,16.0300417741062,964.377610881637
IR-01300,PU-0478,otrpol_vk,0.75,reconstructed_candidate,227.440040284428,15.6105802749831,11.3894197250169,0.228759052717859,27,1969–1971,"1994, 2002",сухая,комбайн+БВР,3097.70605998942,2022.37442922374,3907.30593607306,False,,R/D,639.025023433601,86.5952029995009,639.025023433601,6.76525023433601,639.025023433601,4.32976014997505,639.025023433601,0.162366005624064,639.025023433601,10.8244003749376,639.025023433601
IR-01301,PU-0479,otrpol_vk,0.75,reconstructed_candidate,223.739665380829,15.5001564172421,11.4998435827579,0.243031016612589,27,1969–1971,"1994, 2002",сухая,комбайн+БВР,1025.9224667555,490.867579908675,2159.81735159817,False,,R/D,2862.2686468107,371.17038679177,2862.2686468107,28.997686468107,2862.2686468107,18.5585193395885,2862.2686468107,0.695944475234569,2862.2686468107,46.3962983489712,2862.2686468107
IR-01302,PU-0480,otrpol_vk,0.75,reconstructed_candidate,222.463196950745,15.5292729088458,11.4707270911542,0.242131307652302,27,1969–1971,"1994, 2002",сухая,комбайн+БВР,1399.33364838013,1374.42922374429,1429.50779445547,False,,R/D,2172.31352187227,282.856130799651,2172.31352187227,22.0981352187227,2172.31352187227,14.1428065399825,2172.31352187227,0.530355245249345,2172.31352187227,35.3570163499563,2172.31352187227
IR-01303,PU-0481,otrpol_vk,0.75,reconstructed_candidate,222.90325385236,15.5195254899074,11.4804745100926,0.242384246540605,27,1969–1971,"1994, 2002",сухая,комбайн+БВР,1200.52185257665,549.771689497717,1747.48858447489,False,,R/D,2372.7290608116,308.509319783885,2372.7290608116,24.102290608116,2372.7290608116,15.4254659891942,2372.7290608116,0.578454974594784,2372.7290608116,38.5636649729856,2372.7290608116
IR-01304,PU-0482,otrpol_vk,0.75,reconstructed_candidate,223.393761570361,15.508636351528,11.491363648472,0.242684376041298,27,1969–1971,"1994, 2002",сухая,комбайн+БВР,886.341488854095,647.945205479452,1668.9497716895,False,,R/D,2634.23533250575,341.982122560736,2634.23533250575,26.7173533250575,2634.23533250575,17.0991061280368,2634.23533250575,0.64121647980138,2634.23533250575,42.747765320092,2634.23533250575
IR-01305,PU-0483,otrpol_vk,0.75,reconstructed_candidate,223.663124582931,15.5027605625371,11.4972394374629,0.242839561311252,27,1969–1971,"1994, 2002",сухая,комбайн+БВР,1081.19160625488,706.849315068493,1806.39269406393,False,,R/D,2796.26803937518,362.722309040022,2796.26803937518,28.3376803937518,2796.26803937518,18.1361154520011,2796.26803937518,0.680104329450042,2796.26803937518,45.3402886300028,2796.26803937518
IR-01306,PU-0484,otrpol_vk,0.75,reconstructed_candidate,261.958994802368,15.0943989446218,11.9056010553782,0.196017489637274,27,1935–1939,"1989–1999, 20…",сухая/гидро,БВР,1688.58447488584,1394.06392694064,1943.83561643836,False,,R/D,476.077015786992,65.7378580207349,476.077015786992,5.13577015786992,476.077015786992,3.28689290103675,476.077015786992,0.123258483788878,476.077015786992,8.21723225259186,476.077015786992
IR-01307,PU-0485,otrpol_vk,0.75,reconstructed_candidate,247.512040962206,15,12,0.177765818220862,27,1935–1939,"1989–1999, 20…",сухая/гидро,БВР,558.498224251649,353.424657534246,1119.17808219178,False,,R/D,880.457667033406,117.498581380276,880.457667033406,9.17957667033406,880.457667033406,5.8749290690138,880.457667033406,0.220309840088018,880.457667033406,14.6873226725345,880.457667033406
IR-01308,PU-0486,otrpol_vk,0.75,reconstructed_candidate,244.017561216524,15,12,0.175711636516686,27,1935–1939,"1989–1999, 20…",сухая/гидро,БВР,271.895475186542,117.808219178082,431.963470319634,False,,R/D,1062.06324451127,140.744095297443,1062.06324451127,10.9956324451127,1062.06324451127,7.03720476487215,1062.06324451127,0.263895178682706,1062.06324451127,17.5930119121804,1062.06324451127
IR-01309,PU-0487,otrpol_vk,0.75,reconstructed_candidate,251.440456094173,15,12,0.180065533290618,27,1935–1939,"1989–1999, 20…",сухая/гидро,БВР,496.094505390175,117.808219178082,1806.39269406393,False,,R/D,767.310466113572,103.015739662537,767.310466113572,8.04810466113572,767.310466113572,5.15078698312686,767.310466113572,0.193154511867257,767.310466113572,12.8769674578172,767.310466113572
IR-01310,PU-0488,otrpol_vk,0.75,reconstructed_candidate,228.37889490862,15.5652806138684,11.4347193861317,0.22720379335578,27,1969–1971,"1994, 2002",сухая,комбайн+БВР,3573.51598173516,3298.6301369863,3789.49771689498,False,,R/D,1454.84251156034,191.019841479723,1454.84251156034,14.9234251156034,1454.84251156034,9.55099207398616,1454.84251156034,0.358162202774481,1454.84251156034,23.8774801849654,1454.84251156034
IR-01311,PU-0489,otrpol_vk,0.75,reconstructed_candidate,256.364639613387,15,12,0.182933302761363,27,1935–1939,"1989–1999, 20…",сухая/гидро,БВР,541.286268938866,215.981735159817,1374.42922374429,False,,R/D,635.059155152401,86.0875718595073,635.059155152401,6.72559155152401,635.059155152401,4.30437859297536,635.059155152401,0.161414197236576,635.059155152401,10.7609464824384,635.059155152401
IR-01312,PU-0490,otrpol_vk,0.75,reconstructed_candidate,228.211547891805,15.571226078237,11.428773921763,0.227309411225621,27,1969–1971,"1994, 2002",сухая,комбайн+БВР,3493.55795341403,3141.55251141553,3750.22831050228,False,,R/D,1328.91270104142,174.900825733302,1328.91270104142,13.6641270104142,1328.91270104142,8.74504128666509,1328.91270104142,0.327939048249941,1328.91270104142,21.8626032166627,1328.91270104142
IR-01313,PU-0491,otrpol_vk,0.75,reconstructed_candidate,249.162715017826,15.2962743100113,11.7037256899887,0.204530673938053,27,1935–1939,"1989–1999, 20…",сухая/гидро,БВР,2642.04215918977,1767.12328767123,3789.49771689498,False,,R/D,742.387803480624,99.8256388455198,742.387803480624,7.79887803480624,742.387803480624,4.99128194227599,742.387803480624,0.18717307283535,742.387803480624,12.47820485569,742.387803480624
IR-01314,PU-0492,otrpol_vk,0.75,reconstructed_candidate,229.177933046112,15.5742020063808,11.4257979936192,0.227323484772968,27,1969–1971,"1994, 2002",сухая,комбайн+БВР,3609.51293759513,3377.16894977169,4103.65296803653,False,,R/D,961.124328967015,127.823914107778,961.124328967015,9.98624328967015,961.124328967015,6.3911957053889,961.124328967015,0.239669838952084,961.124328967015,15.9779892634722,961.124328967015
IR-01315,PU-0493,otrpol_vk,0.75,reconstructed_candidate,261.00565368575,15,12,0.185646928530252,27,1935–1939,"1989–1999, 20…",сухая/гидро,БВР,884.52598554251,392.694063926941,1747.48858447489,False,,R/D,504.401864898014,69.3634387069458,504.401864898014,5.41901864898014,504.401864898014,3.46817193534729,504.401864898014,0.130056447575523,504.401864898014,8.67042983836823,504.401864898014
IR-01316,PU-0494,otrpol_vk,0.75,reconstructed_candidate,237.229110249655,15.4358427412053,11.5641572587947,0.209518676106093,27,1969–1971,"1994, 2002",сухая,комбайн+БВР,4115.93129963444,3907.30593607306,4300,False,,R/D,885.046561874188,118.085959919896,885.046561874188,9.22546561874188,885.046561874188,5.90429799599481,885.046561874188,0.221411174849805,885.046561874188,14.760744989987,885.046561874188
IR-01317,PU-0495,otrpol_vk,0.75,reconstructed_candidate,229.456630659225,15.5337700640704,11.4662299359296,0.213193394696843,27,1969–1971,"1994, 2002",сухая,комбайн+БВР,4057.19369307028,3652.05479452055,4280.36529680365,False,,R/D,866.210717253008,115.674971808385,866.210717253008,9.03710717253008,866.210717253008,5.78374859041925,866.210717253008,0.216890572140722,866.210717253008,14.4593714760481,866.210717253008
IR-01318,PU-0496,otrpol_vk,0.75,reconstructed_candidate,228.192999910126,15.578151623952,11.421848376048,0.227452624688342,27,1969–1971,"1994, 2002",сухая,комбайн+БВР,3352.56791335714,2905.93607305936,3573.51598173516,False,,R/D,1143.64796958237,151.186940106543,1143.64796958237,11.8114796958237,1143.64796958237,7.55934700532714,1143.64796958237,0.283475512699768,1143.64796958237,18.8983675133178,1143.64796958237
IR-01319,PU-0497,otrpol_vk,0.75,reconstructed_candidate,257.471896250776,15.1176024625267,11.8823975374733,0.195696526857508,27,1935–1939,"1989–1999, 20…",сухая/гидро,БВР,1465.77803220133,1197.71689497717,1610.04566210046,False,,R/D,622.626276760406,84.4961634253319,622.626276760406,6.60126276760406,622.626276760406,4.2248081712666,622.626276760406,0.158430306422497,622.626276760406,10.5620204281665,622.626276760406
IR-01320,PU-0498,otrpol_vk,0.75,reconstructed_candidate,224.17343996064,15.4929570484713,11.5070429515287,0.242928849992924,27,1969–1971,"1994, 2002",сухая,комбайн+БВР,1136.58111658457,667.579908675799,1845.66210045662,False,,R/D,3121.91835103263,404.405548932176,3121.91835103263,31.5941835103263,3121.91835103263,20.2202774466088,3121.91835103263,0.758260404247831,3121.91835103263,50.5506936165221,3121.91835103263
IR-01321,PU-0499,otrpol_vk,0.75,reconstructed_candidate,229.812581215459,15.5393072545988,11.4606927454012,0.226712863977189,27,1969–1971,"1994, 2002",сухая,комбайн+БВР,2768.49315068493,1943.83561643836,3494.97716894977,False,,R/D,1875.81532168173,244.904361175261,1875.81532168173,19.1331532168173,1875.81532168173,12.245218058763,1875.81532168173,0.459195677203614,1875.81532168173,30.6130451469076,1875.81532168173
IR-01322,PU-0500,otrpol_vk,0.75,reconstructed_candidate,223.602606743288,15.5063208401136,11.4936791598864,0.242462690080569,27,1969–1971,"1994, 2002",сухая,комбайн+БВР,2208.49843189734,1173.36733122081,3455.70776255708,False,,R/D,2700.81441815171,350.504245523419,2700.81441815171,27.3831441815171,2700.81441815171,17.525212276171,2700.81441815171,0.657195460356411,2700.81441815171,43.8130306904274,2700.81441815171
IR-01323,PU-0501,otrpol_vk,0.75,reconstructed_candidate,223.905099126626,15.4994907629617,11.5005092370383,0.242666404871415,27,1969–1971,"1994, 2002",сухая,комбайн+БВР,1758.67235742553,1229.60320625542,2552.51141552511,False,,R/D,2904.88341705686,376.625077383278,2904.88341705686,29.4238341705686,2904.88341705686,18.8312538691639,2904.88341705686,0.706172020093647,2904.88341705686,47.0781346729098,2904.88341705686
IR-01324,PU-0502,otrpol_vk,0.75,reconstructed_candidate,244.392325068307,15,12,0.175949565036391,27,1935–1939,"1989–1999, 20…",сухая/гидро,БВР,315.325519554169,0,1099.54337899543,False,,R/D,1152.60000851439,152.332801089841,1152.60000851439,11.9010000851439,1152.60000851439,7.61664005449207,1152.60000851439,0.285624002043453,1152.60000851439,19.0416001362302,1152.60000851439
IR-01325,PU-0503,otrpol_vk,0.75,reconstructed_candidate,230.635076555256,15.5231437291968,11.4768562708032,0.226496155726643,27,1969–1971,"1994, 2002",сухая,комбайн+БВР,2280.22612769754,1276.25570776256,3141.55251141553,False,,R/D,2267.83769323371,295.083224733915,2267.83769323371,23.0533769323371,2267.83769323371,14.7541612366957,2267.83769323371,0.55328104637609,2267.83769323371,36.8854030917393,2267.83769323371
IR-01326,PU-0504,otrpol_vk,0.75,reconstructed_candidate,229.544426504232,15.5461764558238,11.4538235441762,0.226795566472822,27,1969–1971,"1994, 2002",сухая,комбайн+БВР,2857.05385591706,1374.42922374429,4300,False,,R/D,1706.66263425002,223.252817184003,1706.66263425002,17.4416263425002,1706.66263425002,11.1626408592002,1706.66263425002,0.418599032220006,1706.66263425002,27.9066021480004,1706.66263425002
IR-01327,PU-0505,otrpol_vk,0.75,reconstructed_candidate,237.745700479753,15,12,0.172001892857531,27,1935–1939,"1989–1999, 20…",сухая/гидро,БВР,252.854717969005,176.712328767123,1119.17808219178,False,,R/D,1927.46166233527,251.515092778914,1927.46166233527,19.6496166233527,1927.46166233527,12.5757546389457,1927.46166233527,0.471590798960464,1927.46166233527,31.4393865973642,1927.46166233527
IR-01328,PU-0506,otrpol_vk,0.75,reconstructed_candidate,239.257628595239,15,12,0.172903511611156,27,1935–1939,"1989–1999, 20…",сухая/гидро,БВР,430.385081043549,39.2694063926938,1943.83561643836,False,,R/D,1670.23054175624,218.589509344799,1670.23054175624,17.0773054175624,1670.23054175624,10.92947546724,1670.23054175624,0.409855330021499,1670.23054175624,27.3236886680999,1670.23054175624
IR-01329,PU-0507,otrpol_vk,0.75,reconstructed_candidate,238.602416802281,15.4136062697425,11.5863937302575,0.208210576116187,27,1969–1971,"1994, 2002",сухая,комбайн+БВР,3389.20127269356,2788.12785388128,3907.30593607306,False,,R/D,1053.66867867664,139.66959087061,1053.66867867664,10.9116867867664,1053.66867867664,6.98347954353049,1053.66867867664,0.261880482882393,1053.66867867664,17.4586988588262,1053.66867867664
IR-01330,PU-0508,otrpol_vk,0.75,reconstructed_candidate,231.89725209122,15.495835809971,11.504164190029,0.211159264727241,27,1969–1971,"1994, 2002",сухая,комбайн+БВР,3426.98744804685,2611.41552511416,3928.38450630291,False,,R/D,1035.2436088178,137.311181928678,1035.2436088178,10.727436088178,1035.2436088178,6.86555909643392,1035.2436088178,0.257458466116272,1035.2436088178,17.1638977410848,1035.2436088178
IR-01331,PU-0509,otrpol_vk,0.75,reconstructed_candidate,230.193865430573,15.55139040552,11.44860959448,0.22667624802579,27,1969–1971,"1994, 2002",сухая,комбайн+БВР,2098.18876377989,1374.42922374429,2738.07422115496,False,,R/D,1275.83645549663,168.107066303568,1275.83645549663,13.1333645549663,1275.83645549663,8.40535331517842,1275.83645549663,0.315200749319191,1275.83645549663,21.0133832879461,1275.83645549663
IR-01332,PU-0510,otrpol_vk,0.75,reconstructed_candidate,229.785630924982,15.5493088632071,11.4506911367929,0.226740370468247,27,1969–1971,"1994, 2002",сухая,комбайн+БВР,2076.94182142516,1610.04566210046,2768.49315068493,False,,R/D,1497.90047716315,196.531261076883,1497.90047716315,15.3540047716315,1497.90047716315,9.82656305384416,1497.90047716315,0.368496114519156,1497.90047716315,24.5664076346104,1497.90047716315
IR-01333,PU-0511,otrpol_vk,0.75,reconstructed_candidate,247.470527022337,15.3103035515754,11.6896964484246,0.20458217257148,27,1935–1939,"1989–1999, 20…",сухая/гидро,БВР,2157.95564971092,1256.62100456621,3121.91780821918,False,,R/D,882.798119688881,117.798159320177,882.798119688881,9.20298119688881,882.798119688881,5.88990796600884,882.798119688881,0.220871548725331,882.798119688881,14.7247699150221,882.798119688881
IR-01334,PU-0512,otrpol_vk,0.75,reconstructed_candidate,231.739385744575,15.5389701202235,11.4610298797765,0.22618667431795,27,1969–1971,"1994, 2002",сухая,комбайн+БВР,2741.06040572779,2002.7397260274,3395.88471086026,False,,R/D,1115.54054640159,147.589189939403,1115.54054640159,11.5304054640159,1115.54054640159,7.37945949697015,1115.54054640159,0.276729731136381,1115.54054640159,18.4486487424254,1115.54054640159
IR-01335,PU-0513,otrpol_vk,0.75,reconstructed_candidate,240.840005814196,15,12,0.173847869639255,27,1935–1939,"1989–1999, 20…",сухая/гидро,БВР,676.730825498764,39.2694063926938,2179.45205479452,False,,R/D,1496.74842131137,196.383797927855,1496.74842131137,15.3424842131137,1496.74842131137,9.81918989639276,1496.74842131137,0.368219621114729,1496.74842131137,24.5479747409819,1496.74842131137
IR-01336,PU-0514,otrpol_vk,0.75,reconstructed_candidate,248.276762772168,15,12,0.178253566239248,27,1935–1939,"1989–1999, 20…",сухая/гидро,БВР,254.632119760276,39.2694063926938,490.867579908675,False,,R/D,988.76768727212,131.362263970831,988.76768727212,10.2626768727212,988.76768727212,6.56811319854157,988.76768727212,0.246304244945309,988.76768727212,16.4202829963539,988.76768727212
IR-01337,PU-0515,otrpol_vk,0.75,reconstructed_candidate,253.219373582036,15.1374589896827,11.8625410103173,0.195161949221336,27,1935–1939,"1989–1999, 20…",сухая/гидро,БВР,1035.52727605119,412.328767123287,1826.02739726027,False,,R/D,831.390534027379,111.217988355505,831.390534027379,8.6889053402738,831.390534027379,5.56089941777523,831.390534027379,0.208533728166571,831.390534027379,13.9022485444381,831.390534027379
IR-01338,PU-0516,otrpol_vk,0.75,reconstructed_candidate,251.436793632801,15,12,0.180157558424959,27,1935–1939,"1989–1999, 20…",сухая/гидро,БВР,256.632638379565,0,2022.37442922374,False,,R/D,889.736231593988,118.68623764403,889.736231593988,9.27236231593988,889.736231593988,5.93431188220153,889.736231593988,0.222536695582557,889.736231593988,14.8357797055038,889.736231593988
IR-01339,PU-0517,otrpol_vk,0.75,reconstructed_candidate,244.680702525395,15,12,0.176139166229647,27,1935–1939,"1989–1999, 20…",сухая/гидро,БВР,349.136114160711,39.2694063926938,1845.66210045662,False,,R/D,1238.59076499131,163.339617918888,1238.59076499131,12.7609076499131,1238.59076499131,8.1669808959444,1238.59076499131,0.306261783597915,1238.59076499131,20.417452239861,1238.59076499131
IR-01340,PU-0518,otrpol_vk,0.75,reconstructed_candidate,224.357109857238,15.4912435345655,11.5087564654345,0.242667846357214,27,1969–1971,"1994, 2002",сухая,комбайн+БВР,1266.71542045359,706.849315068493,2002.7397260274,False,,R/D,3188.3170135503,412.904577734439,3188.3170135503,32.258170135503,3188.3170135503,20.6452288867219,3188.3170135503,0.774196083252073,3188.3170135503,51.6130722168049,3188.3170135503
IR-01341,PU-0519,otrpol_vk,0.75,reconstructed_candidate,267.171606742035,15,12,0.262411533721977,27,1935–1939,"1989–1999, 20…",сухая/гидро,БВР,405.610801227364,0,2081.27853881279,False,,R/D,2579.12589368299,334.928114391423,2579.12589368299,26.1662589368299,2579.12589368299,16.7464057195711,2579.12589368299,0.627990214483917,2579.12589368299,41.8660142989278,2579.12589368299
IR-01342,PU-0520,otrpol_vk,0.75,reconstructed_candidate,247.322244910954,15,12,0.177713262018375,27,1935–1939,"1989–1999, 20…",сухая/гидро,БВР,146.630362345865,135.699129205826,157.077625570776,False,,R/D,1101.32943180254,145.770167270725,1101.32943180254,11.3882943180254,1101.32943180254,7.28850836353627,1101.32943180254,0.27331906363261,1101.32943180254,18.2212709088407,1101.32943180254
IR-01343,PU-0521,otrpol_vk,0.75,reconstructed_candidate,253.200458926832,15.1270247478051,11.8729752521949,0.19409810716339,27,1935–1939,"1989–1999, 20…",сухая/гидро,БВР,408.245341236495,196.34703196347,696.759622299614,False,,R/D,898.70304717872,119.833990038876,898.70304717872,9.3620304717872,898.70304717872,5.99169950194381,898.70304717872,0.224688731322893,898.70304717872,14.9792487548595,898.70304717872
IR-01344,PU-0522,otrpol_vk,0.75,reconstructed_candidate,231.484213746962,15.5142753218961,11.4857246781039,0.226198724553048,27,1969–1971,"1994, 2002",сухая,комбайн+БВР,2614.14403823733,1786.75799086758,3298.6301369863,False,,R/D,2324.01369955867,302.273753543509,2324.01369955867,23.6151369955867,2324.01369955867,15.1136876771755,2324.01369955867,0.56676328789408,2324.01369955867,37.7842191929387,2324.01369955867
IR-01345,PU-0524,otrpol_vk,0.75,reconstructed_candidate,231.118478153719,15.5300116718681,11.4699883281319,0.226256246358115,27,1969–1971,"1994, 2002",сухая,комбайн+БВР,1174.77614546947,628.310502283105,1806.39269406393,False,,R/D,1704.20037834857,222.937648428618,1704.20037834857,17.4170037834857,1704.20037834857,11.1468824214309,1704.20037834857,0.418008090803658,1704.20037834857,27.8672060535772,1704.20037834857
IR-01346,PU-0525,otrpol_vk,0.75,reconstructed_candidate,231.993252114705,15.5038950321745,11.4961049678255,0.226091215975898,27,1969–1971,"1994, 2002",сухая,комбайн+БВР,3312.37442922374,3004.1095890411,3730.59360730594,False,,R/D,2687.5638593058,348.808173991142,2687.5638593058,27.250638593058,2687.5638593058,17.4404086995571,2687.5638593058,0.654015326233392,2687.5638593058,43.6010217488928,2687.5638593058
IR-01347,PU-0526,otrpol_vk,0.75,reconstructed_candidate,246.528523971437,15.314804552946,11.685195447054,0.204273028348305,27,1935–1939,"1989–1999, 20…",сухая/гидро,БВР,1380.67691113936,530.13698630137,2375.79908675799,False,,R/D,1036.39455821105,137.458503451015,1036.39455821105,10.7389455821105,1036.39455821105,6.87292517255073,1036.39455821105,0.257734693970652,1036.39455821105,17.1823129313768,1036.39455821105
IR-01348,PU-0527,otrpol_vk,0.75,reconstructed_candidate,232.686907390296,15.4928066626798,11.5071933373202,0.225910469824977,27,1969–1971,"1994, 2002",сухая,комбайн+БВР,1737.82829074595,510.502283105023,3691.32420091324,False,,R/D,3066.56057192418,397.319753206295,3066.56057192418,31.0406057192418,3066.56057192418,19.8659876603148,3066.56057192418,0.744974537261804,3066.56057192418,49.6649691507869,3066.56057192418
IR-01349,PU-0528,otrpol_vk,0.75,reconstructed_candidate,234.722537979466,15.4518294259818,11.5481705740182,0.208847137403256,27,1969–1971,"1994, 2002",сухая,комбайн+БВР,1358.99583771216,157.077625570776,2945.20547945205,False,,R/D,1308.80432959916,172.326954188693,1308.80432959916,13.4630432959916,1308.80432959916,8.61634770943463,1308.80432959916,0.323113039103799,1308.80432959916,21.5408692735866,1308.80432959916
IR-01350,PU-0530,otrpol_vk,0.75,reconstructed_candidate,232.347641506032,15.5143227101706,11.4856772898294,0.225810299463531,27,1969–1971,"1994, 2002",сухая,комбайн+БВР,737.02625636125,157.077625570776,2002.7397260274,False,,R/D,1830.0807481274,239.050335760307,1830.0807481274,18.675807481274,1830.0807481274,11.9525167880153,1830.0807481274,0.448219379550575,1830.0807481274,29.8812919700383,1830.0807481274
IR-01351,PU-0531,otrpol_vk,0.75,reconstructed_candidate,231.994186397684,15.5112168670535,11.4887831329465,0.225988279459227,27,1969–1971,"1994, 2002",сухая,комбайн+БВР,1355.72915848319,647.945205479452,1791.05097669349,False,,R/D,2209.47030821381,287.612199451368,2209.47030821381,22.4697030821381,2209.47030821381,14.3806099725684,2209.47030821381,0.539272873971314,2209.47030821381,35.9515249314209,2209.47030821381
IR-01352,PU-0532,otrpol_vk,0.75,reconstructed_candidate,232.422293257321,15.4997021272486,11.5002978727514,0.225929094125883,27,1969–1971,"1994, 2002",сухая,комбайн+БВР,1671.8000061255,863.926940639269,2356.16438356164,False,,R/D,2706.25056302393,351.200072067063,2706.25056302393,27.4375056302393,2706.25056302393,17.5600036033531,2706.25056302393,0.658500135125743,2706.25056302393,43.9000090083829,2706.25056302393
IR-01353,PU-0533,otrpol_vk,0.75,reconstructed_candidate,247.336464202486,15,12,0.202070774557208,27,1935–1939,"1989–1999, 20…",сухая/гидро,БВР,303.448078581294,117.808219178082,903.196347031963,False,,R/D,2269.07827052521,295.242018627227,2269.07827052521,23.0657827052521,2269.07827052521,14.7621009313614,2269.07827052521,0.553578784926051,2269.07827052521,36.9052523284034,2269.07827052521
IR-01354,PU-0534,otrpol_vk,0.75,reconstructed_candidate,238.998836478123,15,12,0.172765126493736,27,1935–1939,"1989–1999, 20…",сухая/гидро,БВР,436.497060668517,39.2694063926938,1433.33333333333,False,,R/D,1942.22882246035,253.405289274925,1942.22882246035,19.7972882246035,1942.22882246035,12.6702644637462,1942.22882246035,0.475134917390484,1942.22882246035,31.6756611593656,1942.22882246035
IR-01355,PU-0535,otrpol_vk,0.75,reconstructed_candidate,232.238769224914,15.5048434104292,11.4951565895708,0.225945724438706,27,1969–1971,"1994, 2002",сухая,комбайн+БВР,1785.53082191781,1394.06392694064,2257.99086757991,False,,R/D,2463.44682392436,320.121193462318,2463.44682392436,25.0094682392436,2463.44682392436,16.0060596731159,2463.44682392436,0.600227237741847,2463.44682392436,40.0151491827898,2463.44682392436
IR-01356,PU-0536,otrpol_vk,0.75,reconstructed_candidate,240.483665900737,15,12,0.173655301097471,27,1935–1939,"1989–1999, 20…",сухая/гидро,БВР,250.029583933043,98.1735159817354,384.74984116242,False,,R/D,1752.73339910492,229.14987508543,1752.73339910492,17.9023339910492,1752.73339910492,11.4574937542715,1752.73339910492,0.429656015785181,1752.73339910492,28.6437343856788,1752.73339910492
IR-01357,PU-0537,otrpol_vk,0.75,reconstructed_candidate,250.216227921591,15.1409547757867,11.8590452242133,0.193741721382276,27,1935–1939,"1989–1999, 20…",сухая/гидро,БВР,361.918759430325,39.2694063926938,2002.7397260274,False,,R/D,1110.45233327285,146.937898658925,1110.45233327285,11.4795233327285,1110.45233327285,7.34689493294623,1110.45233327285,0.275508559985484,1110.45233327285,18.3672373323656,1110.45233327285
IR-01358,PU-0538,otrpol_vk,0.75,reconstructed_candidate,243.912701388049,15,12,0.17571097730793,27,1935–1939,"1989–1999, 20…",сухая/гидро,БВР,603.194730465796,58.9041095890407,1943.83561643836,False,,R/D,1438.71253324787,188.955204255727,1438.71253324787,14.7621253324787,1438.71253324787,9.44776021278636,1438.71253324787,0.354291007979488,1438.71253324787,23.6194005319659,1438.71253324787
IR-01359,PU-0001,otrpol_vs,0.75,reconstructed_candidate,,,,,,1957–1959,"1996, 2011",сухая/гидро,БВР,344.524437514524,39.2694063926938,1060.27397260274,False,,R/D,5245.14102372596,,5245.14102372596,,5245.14102372596,,5245.14102372596,,5245.14102372596,,5245.14102372596
IR-01360,PU-0002,otrpol_vs,0.75,reconstructed_candidate,,,,,,1957–1959,"1996, 2011",сухая/гидро,БВР,272.694190627502,39.2694063926938,1786.75799086758,False,,R/D,4941.24748731756,,4941.24748731756,,4941.24748731756,,4941.24748731756,,4941.24748731756,,4941.24748731756
IR-01361,PU-0003,otrpol_vs,0.75,reconstructed_candidate,,,,,,1957–1959,"1996, 2011",сухая/гидро,БВР,230.175076502499,0,471.232876712329,False,,R/D,5388.79671567724,,5388.79671567724,,5388.79671567724,,5388.79671567724,,5388.79671567724,,5388.79671567724
IR-01362,PU-0004,otrpol_vs,0.75,reconstructed_candidate,,,,,,1957–1959,"1996, 2011",сухая/гидро,БВР,236.857279630813,78.5388127853876,1099.54337899543,False,,R/D,4666.51515145306,,4666.51515145306,,4666.51515145306,,4666.51515145306,,4666.51515145306,,4666.51515145306
IR-01363,PU-0009,otrpol_vs,0.75,reconstructed_candidate,228.206962282325,15.3850808817242,11.6149191182758,0.270395266169715,27,1957–1959,"1996, 2011",сухая/гидро,БВР,157.077625570776,39.2694063926938,333.789954337899,False,,R/D,4337.03226719238,559.940130200625,4337.03226719238,43.7453226719238,4337.03226719238,27.9970065100313,4337.03226719238,1.04988774412617,4337.03226719238,69.9925162750781,4337.03226719238
IR-01364,PU-0010,otrpol_vs,0.75,reconstructed_candidate,217.144825067483,15.3908179703645,11.6091820296355,0.237646733187456,27,1957–1959,"1996, 2011",сухая/гидро,БВР,230.519556080233,0,530.13698630137,False,,R/D,4484.37109371353,578.799499995332,4484.37109371353,45.2187109371353,4484.37109371353,28.9399749997666,4484.37109371353,1.08524906249125,4484.37109371353,72.3499374994165,4484.37109371353
IR-01365,PU-0011,otrpol_vs,0.75,reconstructed_candidate,,,,,,1957–1959,"1996, 2011",сухая/гидро,БВР,246.002327893456,39.2694063926938,1865.29680365297,False,,R/D,4655.02368693648,,4655.02368693648,,4655.02368693648,,4655.02368693648,,4655.02368693648,,4655.02368693648
IR-01366,PU-0012,otrpol_vs,0.75,reconstructed_candidate,217.196002870932,15.3892050395589,11.6107949604411,0.237677808019087,27,1957–1959,"1996, 2011",сухая/гидро,БВР,259.084799568708,78.5388127853876,333.789954337899,False,,R/D,4461.85915514029,575.917971857958,4461.85915514029,44.9935915514029,4461.85915514029,28.7958985928979,4461.85915514029,1.07984619723367,4461.85915514029,71.9897464822447,4461.85915514029
IR-01367,PU-0013,otrpol_vs,0.75,reconstructed_candidate,,,,,,1957–1959,"1996, 2011",сухая/гидро,БВР,219.989319972871,39.2694063926938,333.789954337899,False,,R/D,4957.27832223365,,4957.27832223365,,4957.27832223365,,4957.27832223365,,4957.27832223365,,4957.27832223365
IR-01368,PU-0015,otrpol_vs,0.75,reconstructed_candidate,217.432131563634,15.383769426749,11.616230573251,0.237966930554401,27,1957–1959,"1996, 2011",сухая/гидро,БВР,388.891454772159,39.2694063926938,2002.7397260274,False,,R/D,4128.92429177762,533.302309347535,4128.92429177762,41.6642429177762,4128.92429177762,26.6651154673768,4128.92429177762,0.999941830026629,4128.92429177762,66.6627886684419,4128.92429177762
IR-01369,PU-0019,otrpol_vs,0.75,reconstructed_candidate,,,,,,1957–1959,"1996, 2011",сухая/гидро,БВР,157.077625570776,39.2694063926938,333.789954337899,False,,R/D,4786.85275180157,,4786.85275180157,,4786.85275180157,,4786.85275180157,,4786.85275180157,,4786.85275180157
IR-01370,PU-0028,otrpol_vs,0.75,reconstructed_candidate,217.016789626629,15.3967007046023,11.6032992953977,0.237702842043945,27,1957–1959,"1996, 2011",сухая/гидро,БВР,217.756977363996,39.2694063926938,419.233583890364,False,,R/D,4289.69053880544,553.880388967096,4289.69053880544,43.2719053880544,4289.69053880544,27.6940194483548,4289.69053880544,1.03852572931331,4289.69053880544,69.2350486208871,4289.69053880544
IR-01371,PU-0041,otrpol_vs,0.75,reconstructed_candidate,,,,,,1957–1959,"1996, 2011",сухая/гидро,БВР,314.955723460481,0,1786.75799086758,False,,R/D,4835.37394393093,,4835.37394393093,,4835.37394393093,,4835.37394393093,,4835.37394393093,,4835.37394393093
IR-01372,PU-0045,otrpol_vs,0.75,reconstructed_candidate,216.783034907102,15.4040118417593,11.5959881582407,0.237556358505835,27,1957–1959,"1996, 2011",сухая/гидро,БВР,270.16289729983,0,785.388127853881,False,,R/D,4329.14993505528,558.931191687076,4329.14993505528,43.6664993505528,4329.14993505528,27.9465595843538,4329.14993505528,1.04799598441327,4329.14993505528,69.8663989608845,4329.14993505528
IR-01373,PU-0051,otrpol_vs,0.75,reconstructed_candidate,,,,,,1957–1959,"1996, 2011",сухая/гидро,БВР,421.953389493171,0,1943.83561643836,False,,R/D,4584.88525968859,,4584.88525968859,,4584.88525968859,,4584.88525968859,,4584.88525968859,,4584.88525968859
IR-01374,PU-0061,otrpol_vs,0.75,reconstructed_candidate,216.788399139356,15.4053369071126,11.5946630928874,0.237667487130573,27,1957–1959,"1996, 2011",сухая/гидро,БВР,276.09292491913,176.712328767123,431.963470319634,False,,R/D,4130.02691361676,533.443444942945,4130.02691361676,41.6752691361676,4130.02691361676,26.6721722471473,4130.02691361676,1.00020645926802,4130.02691361676,66.6804306178681,4130.02691361676
IR-01375,PU-0064,otrpol_vs,0.75,reconstructed_candidate,,,,,,1965–1970,"1997–2002, 20…",сухая/гидро,комбайн+БВР,297.74320535284,137.442922374429,903.196347031963,False,,R/D,5037.43094220771,,5037.43094220771,,5037.43094220771,,5037.43094220771,,5037.43094220771,,5037.43094220771
IR-01376,PU-0075,otrpol_vs,0.75,reconstructed_candidate,,,,,,1965–1970,"1997–2002, 20…",сухая/гидро,комбайн+БВР,426.063791835419,0,1963.4703196347,False,,R/D,4581.6166190998,,4581.6166190998,,4581.6166190998,,4581.6166190998,,4581.6166190998,,4581.6166190998
IR-01377,PU-0087,otrpol_vs,0.75,reconstructed_candidate,216.451848018939,15.4151197116594,11.5848802883406,0.237402474276737,27,1957–1959,"1996, 2011",сухая/гидро,БВР,336.222885895088,39.2694063926938,1826.02739726027,False,,R/D,4220.03005706565,544.963847304403,4220.03005706565,42.5753005706565,4220.03005706565,27.2481923652201,4220.03005706565,1.02180721369576,4220.03005706565,68.1204809130503,4220.03005706565
IR-01378,PU-0088,otrpol_vs,0.75,reconstructed_candidate,,,,,,1965–1970,"1997–2002, 20…",сухая/гидро,комбайн+БВР,238.661716034095,0,903.196347031963,False,,R/D,4929.37477915179,,4929.37477915179,,4929.37477915179,,4929.37477915179,,4929.37477915179,,4929.37477915179
IR-01379,PU-0097,otrpol_vs,0.75,reconstructed_candidate,216.246702857528,15.4194291905631,11.5805708094369,0.23712201634986,27,1965–1970,"1997–2002, 20…",сухая/гидро,комбайн+БВР,267.597028593206,58.9041095890407,1806.39269406393,False,,R/D,4459.04164038253,575.557329968964,4459.04164038253,44.9654164038254,4459.04164038253,28.7778664984482,4459.04164038253,1.07916999369181,4459.04164038253,71.9446662461206,4459.04164038253
IR-01380,PU-0117,otrpol_vs,0.75,reconstructed_candidate,,,,,,1965–1970,"1997–2002, 20…",сухая/гидро,комбайн+БВР,1804.68236055162,1707.36295170252,1924.20091324201,False,,R/D,4873.5774056165,,4873.5774056165,,4873.5774056165,,4873.5774056165,,4873.5774056165,,4873.5774056165
IR-01381,PU-0119,otrpol_vs,0.75,reconstructed_candidate,216.104063063055,15.4239858042475,11.5760141957525,0.237039363046158,27,1965–1970,"1997–2002, 20…",сухая/гидро,комбайн+БВР,253.709017071953,0,1865.29680365297,False,,R/D,4361.0143024606,563.009830714956,4361.0143024606,43.985143024606,4361.0143024606,28.1504915357478,4361.0143024606,1.05564343259054,4361.0143024606,70.3762288393696,4361.0143024606
IR-01382,PU-0124,otrpol_vs,0.75,reconstructed_candidate,250.830130830961,15,12,0.301644226641628,27,1955–1957,1978–1980,сухая,БВР,216.101922351094,0,471.232876712329,False,,R/D,1650.30819048058,216.039448381514,1650.30819048058,16.8780819048058,1650.30819048058,10.8019724190757,1650.30819048058,0.405073965715339,1650.30819048058,27.0049310476892,1650.30819048058
IR-01383,PU-0165,otrpol_vs,0.75,reconstructed_candidate,250.948512255381,15,12,0.301941136825102,27,1955–1957,1978–1980,сухая,БВР,335.197709854575,39.2694063926938,1983.10502283105,False,,R/D,1376.73246204484,181.02175514174,1376.73246204484,14.1423246204484,1376.73246204484,9.05108775708699,1376.73246204484,0.339415790890762,1376.73246204484,22.6277193927175,1376.73246204484
IR-01384,PU-0174,otrpol_vs,0.75,reconstructed_candidate,,,,,,1965–1970,"1997–2002, 20…",сухая/гидро,комбайн+БВР,223.130396679964,66.7230912401041,626.728312469369,False,,R/D,4678.26180491412,,4678.26180491412,,4678.26180491412,,4678.26180491412,,4678.26180491412,,4678.26180491412
IR-01385,PU-0206,otrpol_vs,0.75,reconstructed_candidate,215.568424156304,15.4387134349533,11.5612865650467,0.23655815082208,27,1965–1970,"1997–2002, 20…",сухая/гидро,комбайн+БВР,164.29836545226,39.2694063926938,333.789954337899,False,,R/D,4317.39649210505,557.426750989446,4317.39649210505,43.5489649210505,4317.39649210505,27.8713375494723,4317.39649210505,1.04517515810521,4317.39649210505,69.6783438736807,4317.39649210505
IR-01386,PU-0207,otrpol_vs,0.75,reconstructed_candidate,,,,,,1965–1970,"1997–2002, 20…",сухая/гидро,комбайн+БВР,136.797593894688,0,333.789954337899,False,,R/D,4509.72148233226,,4509.72148233226,,4509.72148233226,,4509.72148233226,,4509.72148233226,,4509.72148233226
IR-01387,PU-0208,otrpol_vs,0.75,reconstructed_candidate,,,,,,1965–1970,"1997–2002, 20…",сухая/гидро,комбайн+БВР,154.419652508924,0,471.232876712329,False,,R/D,4702.88291378099,,4702.88291378099,,4702.88291378099,,4702.88291378099,,4702.88291378099,,4702.88291378099
IR-01388,PU-0229,otrpol_vs,0.9,reconstructed_candidate,215.456135965425,15.4420534051569,11.5579465948431,0.23647554549212,27,1965–1970,"1997–2002, 20…",сухая/гидро,комбайн+БВР,576.516411340782,176.712328767123,2002.7397260274,False,,R/D,4253.33574412239,549.226975247666,4253.33574412239,42.9083574412239,4253.33574412239,27.4613487623833,4253.33574412239,1.02980057858937,4253.33574412239,68.6533719059583,4253.33574412239
IR-01389,PU-0238,otrpol_vs,0.9,reconstructed_candidate,215.380022367981,15.4432045706076,11.5567954293924,0.236339877547801,27,1965–1970,"1997–2002, 20…",сухая/гидро,комбайн+БВР,515.42244907974,39.2694063926938,1865.29680365297,False,,R/D,4391.76868604963,566.946391814353,4391.76868604963,44.2926868604963,4391.76868604963,28.3473195907176,4391.76868604963,1.06302448465191,4391.76868604963,70.8682989767941,4391.76868604963
IR-01390,PU-0258,otrpol_vs,0.9,reconstructed_candidate,215.284852480765,15.4461631326708,11.5538368673292,0.236279156242278,27,1965–1970,"1997–2002, 20…",сухая/гидро,комбайн+БВР,463.57611852818,373.059360730594,530.13698630137,False,,R/D,4307.70239611473,556.185906702685,4307.70239611473,43.4520239611473,4307.70239611473,27.8092953351343,4307.70239611473,1.04284857506754,4307.70239611473,69.5232383378357,4307.70239611473
IR-01391,PU-0274,otrpol_vs,0.9,reconstructed_candidate,215.201830954597,15.4473124680705,11.5526875319295,0.236123666870448,27,1965–1970,"1997–2002, 20…",сухая/гидро,комбайн+БВР,641.906843231698,274.885844748858,1197.71689497717,False,,R/D,4471.29358762981,577.125579216616,4471.29358762981,45.0879358762981,4471.29358762981,28.8562789608308,4471.29358762981,1.08211046103115,4471.29358762981,72.140697402077,4471.29358762981
IR-01392,PU-0389,otrpol_vs,0.9,reconstructed_candidate,237.805277042779,15,12,0.261887482770206,27,1956–1957,1978–1981,сухая,БВР,299.399514220908,0,1786.75799086758,False,,R/D,1802.79933082778,235.558314345955,1802.79933082778,18.4029933082778,1802.79933082778,11.7779157172978,1802.79933082778,0.441671839398666,1802.79933082778,29.4447892932444,1802.79933082778
IR-01393,PU-0428,otrpol_vs,0.9,reconstructed_candidate,264.385862241157,15,12,0.273020569532393,27,1956–1957,1978–1981,сухая,БВР,268.73536564981,78.5388127853876,903.196347031963,False,,R/D,2188.3785606221,284.912455759629,2188.3785606221,22.258785606221,2188.3785606221,14.2456227879815,2188.3785606221,0.534210854549305,2188.3785606221,35.6140569699536,2188.3785606221
IR-01394,PU-0433,otrpol_vs,0.9,reconstructed_candidate,264.55057802863,15,12,0.272379999443422,27,1956–1957,1978–1981,сухая,БВР,352.197488584475,333.789954337899,431.963470319634,False,,R/D,1982.5785114938,258.570049471206,1982.5785114938,20.200785114938,1982.5785114938,12.9285024735603,1982.5785114938,0.484818842758511,1982.5785114938,32.3212561839007,1982.5785114938
IR-01395,PU-0435,otrpol_vs,0.9,reconstructed_candidate,264.655116300132,15,12,0.271991695352046,27,1956–1957,1978–1981,сухая,БВР,337.269410789724,331.175054790727,358.440822644627,False,,R/D,2144.89969026211,279.347160353551,2144.89969026211,21.8239969026211,2144.89969026211,13.9673580176775,2144.89969026211,0.523775925662907,2144.89969026211,34.9183950441938,2144.89969026211
