outer_fold_id,inner_fold_id,model_id,seed,parameter_sha256,sample_id,y_pred,absolute_error,crps,nll,y_true,provenance_role
rolling_origin_2023-01-17,rolling_origin_2023-01-17__inner_1_2022-05-17,C03_causal_tcn,42117,92e2c7c1f70c24b6008eb72e90fb8244c710cd38d8231ad3761d9525f572c08e,P-H01-W001::C014::C016,24.165738022150126,1.0334056147521655,,,23.13233240739796,inner_validation_within_outer_train
rolling_origin_2023-01-17,rolling_origin_2023-01-17__inner_1_2022-05-17,C03_causal_tcn,42117,92e2c7c1f70c24b6008eb72e90fb8244c710cd38d8231ad3761d9525f572c08e,P-H01-W002::C014::C016,55.816030070722135,45.131763252109465,,,100.9477933228316,inner_validation_within_outer_train
rolling_origin_2023-01-17,rolling_origin_2023-01-17__inner_1_2022-05-17,C03_causal_tcn,42117,92e2c7c1f70c24b6008eb72e90fb8244c710cd38d8231ad3761d9525f572c08e,P-H01-W003::C014::C016,80.9772292041248,13.19069895187016,,,94.16792815599496,inner_validation_within_outer_train
rolling_origin_2023-01-17,rolling_origin_2023-01-17__inner_1_2022-05-17,C03_causal_tcn,42117,92e2c7c1f70c24b6008eb72e90fb8244c710cd38d8231ad3761d9525f572c08e,P-H01-W004::C014::C016,25.18259386502757,1.6191641503592464,,,23.563429714668327,inner_validation_within_outer_train
rolling_origin_2023-01-17,rolling_origin_2023-01-17__inner_1_2022-05-17,C03_causal_tcn,42117,92e2c7c1f70c24b6008eb72e90fb8244c710cd38d8231ad3761d9525f572c08e,P-H01-W005::C014::C016,38.25065882888494,3.31851914369161,,,41.56917797257655,inner_validation_within_outer_train
rolling_origin_2023-01-17,rolling_origin_2023-01-17__inner_1_2022-05-17,C03_causal_tcn,42117,92e2c7c1f70c24b6008eb72e90fb8244c710cd38d8231ad3761d9525f572c08e,P-H01-W006::C014::C016,26.583899386258484,0.0380128859353696,,,26.621912272193853,inner_validation_within_outer_train
rolling_origin_2023-01-17,rolling_origin_2023-01-17__inner_1_2022-05-17,C03_causal_tcn,42117,92e2c7c1f70c24b6008eb72e90fb8244c710cd38d8231ad3761d9525f572c08e,P-H01-W007::C014::C016,30.82646280271605,8.20048702534518,,,39.026949828061234,inner_validation_within_outer_train
rolling_origin_2023-01-17,rolling_origin_2023-01-17__inner_1_2022-05-17,C03_causal_tcn,42117,92e2c7c1f70c24b6008eb72e90fb8244c710cd38d8231ad3761d9525f572c08e,P-H02-W001::C014::C016,30.850896721514548,0.2855599654753362,,,31.136456686989884,inner_validation_within_outer_train
rolling_origin_2023-01-17,rolling_origin_2023-01-17__inner_1_2022-05-17,C03_causal_tcn,42117,92e2c7c1f70c24b6008eb72e90fb8244c710cd38d8231ad3761d9525f572c08e,P-H02-W003::C014::C016,44.486734997133645,22.831734981820453,,,67.3184699789541,inner_validation_within_outer_train
rolling_origin_2023-01-17,rolling_origin_2023-01-17__inner_1_2022-05-17,C03_causal_tcn,42117,92e2c7c1f70c24b6008eb72e90fb8244c710cd38d8231ad3761d9525f572c08e,P-H02-W004::C014::C016,25.0147403482656,4.6361139718625495,,,20.378626376403048,inner_validation_within_outer_train
rolling_origin_2023-01-17,rolling_origin_2023-01-17__inner_1_2022-05-17,C03_causal_tcn,42117,92e2c7c1f70c24b6008eb72e90fb8244c710cd38d8231ad3761d9525f572c08e,P-H02-W005::C014::C016,7.097669546932089,0.2906223053255656,,,7.388291852257654,inner_validation_within_outer_train
rolling_origin_2023-01-17,rolling_origin_2023-01-17__inner_1_2022-05-17,C03_causal_tcn,42117,92e2c7c1f70c24b6008eb72e90fb8244c710cd38d8231ad3761d9525f572c08e,P-H02-W006::C014::C016,17.44833677559329,0.5317433522127608,,,17.98008012780605,inner_validation_within_outer_train
rolling_origin_2023-01-17,rolling_origin_2023-01-17__inner_1_2022-05-17,C03_causal_tcn,42117,92e2c7c1f70c24b6008eb72e90fb8244c710cd38d8231ad3761d9525f572c08e,P-H02-W007::C014::C016,35.504434918018056,2.0949456724823534,,,33.4094892455357,inner_validation_within_outer_train
rolling_origin_2023-01-17,rolling_origin_2023-01-17__inner_1_2022-05-17,C03_causal_tcn,42117,92e2c7c1f70c24b6008eb72e90fb8244c710cd38d8231ad3761d9525f572c08e,P-H03-W001::C014::C016,43.01238088710373,3.9314079745034434,,,46.94378886160717,inner_validation_within_outer_train
rolling_origin_2023-01-17,rolling_origin_2023-01-17__inner_1_2022-05-17,C03_causal_tcn,42117,92e2c7c1f70c24b6008eb72e90fb8244c710cd38d8231ad3761d9525f572c08e,P-H03-W003::C014::C016,35.846343475742906,8.008957727190776,,,43.85530120293368,inner_validation_within_outer_train
rolling_origin_2023-01-17,rolling_origin_2023-01-17__inner_1_2022-05-17,C03_causal_tcn,42117,92e2c7c1f70c24b6008eb72e90fb8244c710cd38d8231ad3761d9525f572c08e,P-H03-W004::C014::C016,36.44500168868517,4.792881861952495,,,41.23788355063767,inner_validation_within_outer_train
rolling_origin_2023-01-17,rolling_origin_2023-01-17__inner_1_2022-05-17,C03_causal_tcn,42117,92e2c7c1f70c24b6008eb72e90fb8244c710cd38d8231ad3761d9525f572c08e,P-H03-W005::C014::C016,38.43923932205596,6.56844631595424,,,45.0076856380102,inner_validation_within_outer_train
rolling_origin_2023-01-17,rolling_origin_2023-01-17__inner_1_2022-05-17,C03_causal_tcn,42117,92e2c7c1f70c24b6008eb72e90fb8244c710cd38d8231ad3761d9525f572c08e,P-H03-W006::C014::C016,43.87049106433349,0.745005017649838,,,43.125486046683655,inner_validation_within_outer_train
rolling_origin_2023-01-17,rolling_origin_2023-01-17__inner_1_2022-05-17,C03_causal_tcn,42117,92e2c7c1f70c24b6008eb72e90fb8244c710cd38d8231ad3761d9525f572c08e,P-H03-W007::C014::C016,22.585146256982977,10.81114516431801,,,33.39629142130099,inner_validation_within_outer_train
rolling_origin_2023-01-17,rolling_origin_2023-01-17__inner_1_2022-05-17,C03_causal_tcn,42117,92e2c7c1f70c24b6008eb72e90fb8244c710cd38d8231ad3761d9525f572c08e,P-H05-W001::C014::C016,35.510262409506204,0.836724803504346,,,36.34698721301055,inner_validation_within_outer_train
rolling_origin_2023-01-17,rolling_origin_2023-01-17__inner_1_2022-05-17,C03_causal_tcn,42117,92e2c7c1f70c24b6008eb72e90fb8244c710cd38d8231ad3761d9525f572c08e,P-H05-W002::C014::C016,36.8462680014508,1.1205207233895609,,,35.72574727806124,inner_validation_within_outer_train
rolling_origin_2023-01-17,rolling_origin_2023-01-17__inner_1_2022-05-17,C03_causal_tcn,42117,92e2c7c1f70c24b6008eb72e90fb8244c710cd38d8231ad3761d9525f572c08e,P-H05-W003::C014::C016,29.218689214783517,3.087314028558936,,,26.131375186224577,inner_validation_within_outer_train
rolling_origin_2023-01-17,rolling_origin_2023-01-17__inner_1_2022-05-17,C03_causal_tcn,42117,92e2c7c1f70c24b6008eb72e90fb8244c710cd38d8231ad3761d9525f572c08e,P-H05-W004::C014::C016,24.43839983267435,3.0117757017646305,,,27.45017553443898,inner_validation_within_outer_train
rolling_origin_2023-01-17,rolling_origin_2023-01-17__inner_1_2022-05-17,C03_causal_tcn,42117,92e2c7c1f70c24b6008eb72e90fb8244c710cd38d8231ad3761d9525f572c08e,P-H05-W005::C014::C016,17.03905967129809,0.2701135093083735,,,16.768946161989717,inner_validation_within_outer_train
rolling_origin_2023-01-17,rolling_origin_2023-01-17__inner_1_2022-05-17,C03_causal_tcn,42117,92e2c7c1f70c24b6008eb72e90fb8244c710cd38d8231ad3761d9525f572c08e,P-H05-W006::C014::C016,21.29387157718524,1.8559001741241763,,,19.437971403061063,inner_validation_within_outer_train
rolling_origin_2023-01-17,rolling_origin_2023-01-17__inner_1_2022-05-17,C03_causal_tcn,42117,92e2c7c1f70c24b6008eb72e90fb8244c710cd38d8231ad3761d9525f572c08e,P-H05-W007::C014::C016,26.15542513026116,7.069273894674453,,,19.086151235586705,inner_validation_within_outer_train
rolling_origin_2023-01-17,rolling_origin_2023-01-17__inner_1_2022-05-17,C03_causal_tcn,42117,92e2c7c1f70c24b6008eb72e90fb8244c710cd38d8231ad3761d9525f572c08e,P-H06-W001::C014::C016,4.239127321843352,1.71247205832295,,,2.526655263520402,inner_validation_within_outer_train
rolling_origin_2023-01-17,rolling_origin_2023-01-17__inner_1_2022-05-17,C03_causal_tcn,42117,92e2c7c1f70c24b6008eb72e90fb8244c710cd38d8231ad3761d9525f572c08e,P-H06-W002::C014::C016,2.388927831442821,0.7522699751928374,,,1.6366578562499836,inner_validation_within_outer_train
rolling_origin_2023-01-17,rolling_origin_2023-01-17__inner_1_2022-05-17,C03_causal_tcn,42117,92e2c7c1f70c24b6008eb72e90fb8244c710cd38d8231ad3761d9525f572c08e,P-H06-W003::C014::C016,4.15786886955857,2.392250555910606,,,1.7656183136479635,inner_validation_within_outer_train
rolling_origin_2023-01-17,rolling_origin_2023-01-17__inner_1_2022-05-17,C03_causal_tcn,42117,92e2c7c1f70c24b6008eb72e90fb8244c710cd38d8231ad3761d9525f572c08e,P-H06-W004::C014::C016,2.216074022811952,0.194690770045204,,,2.4107647928571563,inner_validation_within_outer_train
rolling_origin_2023-01-17,rolling_origin_2023-01-17__inner_1_2022-05-17,C03_causal_tcn,42117,92e2c7c1f70c24b6008eb72e90fb8244c710cd38d8231ad3761d9525f572c08e,P-H06-W005::C014::C016,0.6068035312335738,1.8923044282051924,,,2.499107959438766,inner_validation_within_outer_train
rolling_origin_2023-01-17,rolling_origin_2023-01-17__inner_1_2022-05-17,C03_causal_tcn,42117,92e2c7c1f70c24b6008eb72e90fb8244c710cd38d8231ad3761d9525f572c08e,P-H06-W006::C014::C016,1.8887947809245809,0.0189984087307439,,,1.8697963721938369,inner_validation_within_outer_train
rolling_origin_2023-01-17,rolling_origin_2023-01-17__inner_1_2022-05-17,C03_causal_tcn,42117,92e2c7c1f70c24b6008eb72e90fb8244c710cd38d8231ad3761d9525f572c08e,P-H06-W007::C014::C016,7.423821126558227,6.388214850091389,,,1.035606276466838,inner_validation_within_outer_train
rolling_origin_2023-01-17,rolling_origin_2023-01-17__inner_1_2022-05-17,C03_causal_tcn,42117,92e2c7c1f70c24b6008eb72e90fb8244c710cd38d8231ad3761d9525f572c08e,P-H07-W001::C014::C016,35.9640500248539,4.785128466727734,,,40.74917849158163,inner_validation_within_outer_train
rolling_origin_2023-01-17,rolling_origin_2023-01-17__inner_1_2022-05-17,C03_causal_tcn,42117,92e2c7c1f70c24b6008eb72e90fb8244c710cd38d8231ad3761d9525f572c08e,P-H07-W002::C014::C016,33.85884492267835,5.455941658699153,,,39.314786581377504,inner_validation_within_outer_train
rolling_origin_2023-01-17,rolling_origin_2023-01-17__inner_1_2022-05-17,C03_causal_tcn,42117,92e2c7c1f70c24b6008eb72e90fb8244c710cd38d8231ad3761d9525f572c08e,P-H07-W003::C014::C016,4.411056249584526,1.246550898502251,,,5.657607148086777,inner_validation_within_outer_train
rolling_origin_2023-01-17,rolling_origin_2023-01-17__inner_1_2022-05-17,C03_causal_tcn,42117,92e2c7c1f70c24b6008eb72e90fb8244c710cd38d8231ad3761d9525f572c08e,P-H07-W004::C014::C016,36.101308902185146,1.2932235509096657,,,34.80808535127548,inner_validation_within_outer_train
rolling_origin_2023-01-17,rolling_origin_2023-01-17__inner_1_2022-05-17,C03_causal_tcn,42117,92e2c7c1f70c24b6008eb72e90fb8244c710cd38d8231ad3761d9525f572c08e,P-H07-W005::C014::C016,5.036171867389438,2.488711390620761,,,7.524883258010199,inner_validation_within_outer_train
rolling_origin_2023-01-17,rolling_origin_2023-01-17__inner_1_2022-05-17,C03_causal_tcn,42117,92e2c7c1f70c24b6008eb72e90fb8244c710cd38d8231ad3761d9525f572c08e,P-H07-W006::C014::C016,14.314621465799885,8.608873943064925,,,22.92349540886481,inner_validation_within_outer_train
rolling_origin_2023-01-17,rolling_origin_2023-01-17__inner_1_2022-05-17,C03_causal_tcn,42117,92e2c7c1f70c24b6008eb72e90fb8244c710cd38d8231ad3761d9525f572c08e,P-V01-W001::C014::C016,28.832125942485103,5.006285136596507,,,33.83841107908161,inner_validation_within_outer_train
rolling_origin_2023-01-17,rolling_origin_2023-01-17__inner_1_2022-05-17,C03_causal_tcn,42117,92e2c7c1f70c24b6008eb72e90fb8244c710cd38d8231ad3761d9525f572c08e,P-V01-W002::C014::C016,33.95098989072961,1.912283895193916,,,32.03870599553569,inner_validation_within_outer_train
rolling_origin_2023-01-17,rolling_origin_2023-01-17__inner_1_2022-05-17,C03_causal_tcn,42117,92e2c7c1f70c24b6008eb72e90fb8244c710cd38d8231ad3761d9525f572c08e,P-V01-W003::C014::C016,27.60327454038293,8.804495855178839,,,18.79877868520409,inner_validation_within_outer_train
rolling_origin_2023-01-17,rolling_origin_2023-01-17__inner_1_2022-05-17,C03_causal_tcn,42117,92e2c7c1f70c24b6008eb72e90fb8244c710cd38d8231ad3761d9525f572c08e,P-V01-W004::C014::C016,26.356090589469165,3.252627467530349,,,23.103463121938816,inner_validation_within_outer_train
rolling_origin_2023-01-17,rolling_origin_2023-01-17__inner_1_2022-05-17,C03_causal_tcn,42117,92e2c7c1f70c24b6008eb72e90fb8244c710cd38d8231ad3761d9525f572c08e,P-V01-W005::C014::C016,33.56463326377704,2.186253611991397,,,31.378379651785643,inner_validation_within_outer_train
rolling_origin_2023-01-17,rolling_origin_2023-01-17__inner_1_2022-05-17,C03_causal_tcn,42117,92e2c7c1f70c24b6008eb72e90fb8244c710cd38d8231ad3761d9525f572c08e,P-V01-W007::C014::C016,45.31553955676091,7.346417088393629,,,37.96912246836728,inner_validation_within_outer_train
rolling_origin_2023-01-17,rolling_origin_2023-01-17__inner_1_2022-05-17,C03_causal_tcn,42117,92e2c7c1f70c24b6008eb72e90fb8244c710cd38d8231ad3761d9525f572c08e,P-V02-W001::C014::C016,37.31330564836799,2.4075902765567463,,,34.90571537181124,inner_validation_within_outer_train
rolling_origin_2023-01-17,rolling_origin_2023-01-17__inner_1_2022-05-17,C03_causal_tcn,42117,92e2c7c1f70c24b6008eb72e90fb8244c710cd38d8231ad3761d9525f572c08e,P-V02-W003::C014::C016,9.550545165316418,0.1845887205715133,,,9.365956444744905,inner_validation_within_outer_train
rolling_origin_2023-01-17,rolling_origin_2023-01-17__inner_1_2022-05-17,C03_causal_tcn,42117,92e2c7c1f70c24b6008eb72e90fb8244c710cd38d8231ad3761d9525f572c08e,P-V02-W004::C014::C016,19.529276737367997,2.42712869122002,,,17.102148046147974,inner_validation_within_outer_train
rolling_origin_2023-01-17,rolling_origin_2023-01-17__inner_1_2022-05-17,C03_causal_tcn,42117,92e2c7c1f70c24b6008eb72e90fb8244c710cd38d8231ad3761d9525f572c08e,P-V02-W005::C014::C016,43.968002938135726,0.7134492266601455,,,44.68145216479587,inner_validation_within_outer_train
rolling_origin_2023-01-17,rolling_origin_2023-01-17__inner_1_2022-05-17,C03_causal_tcn,42117,92e2c7c1f70c24b6008eb72e90fb8244c710cd38d8231ad3761d9525f572c08e,P-V02-W006::C014::C016,26.616960477767712,3.616484720829224,,,30.233445198596936,inner_validation_within_outer_train
rolling_origin_2023-01-17,rolling_origin_2023-01-17__inner_1_2022-05-17,C03_causal_tcn,42117,92e2c7c1f70c24b6008eb72e90fb8244c710cd38d8231ad3761d9525f572c08e,P-V02-W007::C014::C016,22.903933410701327,1.6991329091966527,,,24.60306631989798,inner_validation_within_outer_train
rolling_origin_2023-01-17,rolling_origin_2023-01-17__inner_1_2022-05-17,C03_causal_tcn,42117,92e2c7c1f70c24b6008eb72e90fb8244c710cd38d8231ad3761d9525f572c08e,P-V03-W001::C014::C016,28.191311460755028,4.761161284734619,,,23.43015017602041,inner_validation_within_outer_train
rolling_origin_2023-01-17,rolling_origin_2023-01-17__inner_1_2022-05-17,C03_causal_tcn,42117,92e2c7c1f70c24b6008eb72e90fb8244c710cd38d8231ad3761d9525f572c08e,P-V03-W002::C014::C016,37.70407400662327,3.2693280110875094,,,34.43474599553576,inner_validation_within_outer_train
rolling_origin_2023-01-17,rolling_origin_2023-01-17__inner_1_2022-05-17,C03_causal_tcn,42117,92e2c7c1f70c24b6008eb72e90fb8244c710cd38d8231ad3761d9525f572c08e,P-V03-W003::C014::C016,36.26000139954638,0.0264280385767392,,,36.23357336096964,inner_validation_within_outer_train
rolling_origin_2023-01-17,rolling_origin_2023-01-17__inner_1_2022-05-17,C03_causal_tcn,42117,92e2c7c1f70c24b6008eb72e90fb8244c710cd38d8231ad3761d9525f572c08e,P-V03-W004::C014::C016,21.455773955281305,2.520884112169142,,,18.93488984311216,inner_validation_within_outer_train
rolling_origin_2023-01-17,rolling_origin_2023-01-17__inner_1_2022-05-17,C03_causal_tcn,42117,92e2c7c1f70c24b6008eb72e90fb8244c710cd38d8231ad3761d9525f572c08e,P-V03-W005::C014::C016,35.02672219200838,1.7813815143298584,,,33.24534067767852,inner_validation_within_outer_train
rolling_origin_2023-01-17,rolling_origin_2023-01-17__inner_1_2022-05-17,C03_causal_tcn,42117,92e2c7c1f70c24b6008eb72e90fb8244c710cd38d8231ad3761d9525f572c08e,P-V03-W006::C014::C016,36.09044526114656,4.290637736784291,,,31.799807524362265,inner_validation_within_outer_train
rolling_origin_2023-01-17,rolling_origin_2023-01-17__inner_1_2022-05-17,C03_causal_tcn,42117,92e2c7c1f70c24b6008eb72e90fb8244c710cd38d8231ad3761d9525f572c08e,P-V03-W007::C014::C016,4.673410831370109,4.464739220273189,,,0.2086716110969202,inner_validation_within_outer_train
rolling_origin_2023-01-17,rolling_origin_2023-01-17__inner_1_2022-05-17,C03_causal_tcn,42117,92e2c7c1f70c24b6008eb72e90fb8244c710cd38d8231ad3761d9525f572c08e,P-V04-W001::C014::C016,-0.3457842180560284,4.176650887571332,,,3.830866669515303,inner_validation_within_outer_train
rolling_origin_2023-01-17,rolling_origin_2023-01-17__inner_1_2022-05-17,C03_causal_tcn,42117,92e2c7c1f70c24b6008eb72e90fb8244c710cd38d8231ad3761d9525f572c08e,P-V04-W003::C014::C016,3.3080071955576216,0.3962269262535591,,,3.7042341218111807,inner_validation_within_outer_train
rolling_origin_2023-01-17,rolling_origin_2023-01-17__inner_1_2022-05-17,C03_causal_tcn,42117,92e2c7c1f70c24b6008eb72e90fb8244c710cd38d8231ad3761d9525f572c08e,P-V04-W004::C014::C016,1.02234954744155,2.0623739863595008,,,3.084723533801051,inner_validation_within_outer_train
rolling_origin_2023-01-17,rolling_origin_2023-01-17__inner_1_2022-05-17,C03_causal_tcn,42117,92e2c7c1f70c24b6008eb72e90fb8244c710cd38d8231ad3761d9525f572c08e,P-V04-W006::C014::C016,0.3320174621953171,2.043903598774061,,,2.375921060969378,inner_validation_within_outer_train
rolling_origin_2023-01-17,rolling_origin_2023-01-17__inner_1_2022-05-17,C03_causal_tcn,42117,92e2c7c1f70c24b6008eb72e90fb8244c710cd38d8231ad3761d9525f572c08e,P-V04-W007::C014::C016,37.396841681667226,0.0694017914196152,,,37.46624347308684,inner_validation_within_outer_train
rolling_origin_2023-01-17,rolling_origin_2023-01-17__inner_1_2022-05-17,C03_causal_tcn,42117,92e2c7c1f70c24b6008eb72e90fb8244c710cd38d8231ad3761d9525f572c08e,P-V05-W001::C014::C016,23.04757928300012,2.398100524397627,,,25.445679807397745,inner_validation_within_outer_train
rolling_origin_2023-01-17,rolling_origin_2023-01-17__inner_1_2022-05-17,C03_causal_tcn,42117,92e2c7c1f70c24b6008eb72e90fb8244c710cd38d8231ad3761d9525f572c08e,P-V05-W002::C014::C016,31.42686165880333,4.492830962374551,,,26.934030696428778,inner_validation_within_outer_train
rolling_origin_2023-01-17,rolling_origin_2023-01-17__inner_1_2022-05-17,C03_causal_tcn,42117,92e2c7c1f70c24b6008eb72e90fb8244c710cd38d8231ad3761d9525f572c08e,P-V05-W003::C014::C016,35.1315428504884,3.37730417701912,,,31.75423867346928,inner_validation_within_outer_train
rolling_origin_2023-01-17,rolling_origin_2023-01-17__inner_1_2022-05-17,C03_causal_tcn,42117,92e2c7c1f70c24b6008eb72e90fb8244c710cd38d8231ad3761d9525f572c08e,P-V05-W004::C014::C016,35.60023056899288,0.9810063024112948,,,34.61922426658158,inner_validation_within_outer_train
rolling_origin_2023-01-17,rolling_origin_2023-01-17__inner_1_2022-05-17,C03_causal_tcn,42117,92e2c7c1f70c24b6008eb72e90fb8244c710cd38d8231ad3761d9525f572c08e,P-V05-W006::C014::C016,25.31174334220499,1.8602558575112769,,,23.451487484693715,inner_validation_within_outer_train
rolling_origin_2023-01-17,rolling_origin_2023-01-17__inner_1_2022-05-17,C03_causal_tcn,42117,92e2c7c1f70c24b6008eb72e90fb8244c710cd38d8231ad3761d9525f572c08e,P-V05-W007::C014::C016,34.87945716681635,5.560360742071325,,,29.319096424745027,inner_validation_within_outer_train
rolling_origin_2023-01-17,rolling_origin_2023-01-17__inner_1_2022-05-17,C03_causal_tcn,42117,92e2c7c1f70c24b6008eb72e90fb8244c710cd38d8231ad3761d9525f572c08e,P-V06-W001::C014::C016,4.586588256085822,4.5430039206268935,,,0.0435843354589285,inner_validation_within_outer_train
rolling_origin_2023-01-17,rolling_origin_2023-01-17__inner_1_2022-05-17,C03_causal_tcn,42117,92e2c7c1f70c24b6008eb72e90fb8244c710cd38d8231ad3761d9525f572c08e,P-V06-W002::C014::C016,23.842244856845973,0.0202811291674116,,,23.82196372767856,inner_validation_within_outer_train
rolling_origin_2023-01-17,rolling_origin_2023-01-17__inner_1_2022-05-17,C03_causal_tcn,42117,92e2c7c1f70c24b6008eb72e90fb8244c710cd38d8231ad3761d9525f572c08e,P-V06-W003::C014::C016,27.738862326106663,1.7654059719800763,,,29.50426829808674,inner_validation_within_outer_train
rolling_origin_2023-01-17,rolling_origin_2023-01-17__inner_1_2022-05-17,C03_causal_tcn,42117,92e2c7c1f70c24b6008eb72e90fb8244c710cd38d8231ad3761d9525f572c08e,P-V06-W004::C014::C016,25.26908382940367,3.7045950601434647,,,21.564488769260205,inner_validation_within_outer_train
rolling_origin_2023-01-17,rolling_origin_2023-01-17__inner_1_2022-05-17,C03_causal_tcn,42117,92e2c7c1f70c24b6008eb72e90fb8244c710cd38d8231ad3761d9525f572c08e,P-V06-W005::C014::C016,42.0978319555823,0.5236194962710172,,,41.57421245931128,inner_validation_within_outer_train
rolling_origin_2023-01-17,rolling_origin_2023-01-17__inner_1_2022-05-17,C03_causal_tcn,42117,92e2c7c1f70c24b6008eb72e90fb8244c710cd38d8231ad3761d9525f572c08e,P-V06-W006::C014::C016,22.765349653860305,7.867656205263383,,,14.897693448596922,inner_validation_within_outer_train
rolling_origin_2023-01-17,rolling_origin_2023-01-17__inner_1_2022-05-17,C03_causal_tcn,42117,92e2c7c1f70c24b6008eb72e90fb8244c710cd38d8231ad3761d9525f572c08e,P-V06-W007::C014::C016,20.243780609395856,3.707372909778545,,,16.53640769961731,inner_validation_within_outer_train
rolling_origin_2023-01-17,rolling_origin_2023-01-17__inner_1_2022-05-17,C03_causal_tcn,42117,92e2c7c1f70c24b6008eb72e90fb8244c710cd38d8231ad3761d9525f572c08e,P-D01-W002::C015::C016,35.93813110345042,9.215528729991092,,,45.15365983344151,inner_validation_within_outer_train
rolling_origin_2023-01-17,rolling_origin_2023-01-17__inner_1_2022-05-17,C03_causal_tcn,42117,92e2c7c1f70c24b6008eb72e90fb8244c710cd38d8231ad3761d9525f572c08e,P-D01-W003::C015::C016,7.523527737765814,10.940586164713933,,,-3.4170584269481186,inner_validation_within_outer_train
rolling_origin_2023-01-17,rolling_origin_2023-01-17__inner_1_2022-05-17,C03_causal_tcn,42117,92e2c7c1f70c24b6008eb72e90fb8244c710cd38d8231ad3761d9525f572c08e,P-D01-W004::C015::C016,6.997520278828098,6.635310866490317,,,0.3622094123377806,inner_validation_within_outer_train
rolling_origin_2023-01-17,rolling_origin_2023-01-17__inner_1_2022-05-17,C03_causal_tcn,42117,92e2c7c1f70c24b6008eb72e90fb8244c710cd38d8231ad3761d9525f572c08e,P-D01-W005::C015::C016,29.17765040736477,9.898381769907823,,,39.076032177272594,inner_validation_within_outer_train
rolling_origin_2023-01-17,rolling_origin_2023-01-17__inner_1_2022-05-17,C03_causal_tcn,42117,92e2c7c1f70c24b6008eb72e90fb8244c710cd38d8231ad3761d9525f572c08e,P-D01-W006::C015::C016,30.64336497996618,30.55347655964418,,,61.19684153961036,inner_validation_within_outer_train
rolling_origin_2023-01-17,rolling_origin_2023-01-17__inner_1_2022-05-17,C03_causal_tcn,42117,92e2c7c1f70c24b6008eb72e90fb8244c710cd38d8231ad3761d9525f572c08e,P-D01-W007::C015::C016,13.582725381747345,8.390023489356565,,,21.97274887110391,inner_validation_within_outer_train
rolling_origin_2023-01-17,rolling_origin_2023-01-17__inner_1_2022-05-17,C03_causal_tcn,42117,92e2c7c1f70c24b6008eb72e90fb8244c710cd38d8231ad3761d9525f572c08e,P-H04-W001::C015::C016,30.391830762706967,0.9350410851095532,,,29.456789677597413,inner_validation_within_outer_train
rolling_origin_2023-01-17,rolling_origin_2023-01-17__inner_1_2022-05-17,C03_causal_tcn,42117,92e2c7c1f70c24b6008eb72e90fb8244c710cd38d8231ad3761d9525f572c08e,P-H04-W002::C015::C016,31.916227358522665,4.55778895933442,,,36.474016317857085,inner_validation_within_outer_train
rolling_origin_2023-01-17,rolling_origin_2023-01-17__inner_1_2022-05-17,C03_causal_tcn,42117,92e2c7c1f70c24b6008eb72e90fb8244c710cd38d8231ad3761d9525f572c08e,P-H04-W003::C015::C016,40.82649538319946,0.3168550585240055,,,40.50964032467545,inner_validation_within_outer_train
rolling_origin_2023-01-17,rolling_origin_2023-01-17__inner_1_2022-05-17,C03_causal_tcn,42117,92e2c7c1f70c24b6008eb72e90fb8244c710cd38d8231ad3761d9525f572c08e,P-H04-W004::C015::C016,27.197662647554683,4.715397616061104,,,22.48226503149358,inner_validation_within_outer_train
rolling_origin_2023-01-17,rolling_origin_2023-01-17__inner_1_2022-05-17,C03_causal_tcn,42117,92e2c7c1f70c24b6008eb72e90fb8244c710cd38d8231ad3761d9525f572c08e,P-H04-W005::C015::C016,36.60691055825807,0.3634529972612839,,,36.97036355551935,inner_validation_within_outer_train
rolling_origin_2023-01-17,rolling_origin_2023-01-17__inner_1_2022-05-17,C03_causal_tcn,42117,92e2c7c1f70c24b6008eb72e90fb8244c710cd38d8231ad3761d9525f572c08e,P-H04-W006::C015::C016,30.4495387552784,17.566235257383966,,,48.01577401266236,inner_validation_within_outer_train
rolling_origin_2023-01-17,rolling_origin_2023-01-17__inner_1_2022-05-17,C03_causal_tcn,42117,92e2c7c1f70c24b6008eb72e90fb8244c710cd38d8231ad3761d9525f572c08e,P-H04-W007::C015::C016,36.52988083945291,0.6773013459464039,,,35.852579493506504,inner_validation_within_outer_train
rolling_origin_2023-01-17,rolling_origin_2023-01-17__inner_1_2022-05-17,C03_causal_tcn,42118,92e2c7c1f70c24b6008eb72e90fb8244c710cd38d8231ad3761d9525f572c08e,P-H01-W001::C014::C016,22.427110326135683,0.7052220812622778,,,23.13233240739796,inner_validation_within_outer_train
rolling_origin_2023-01-17,rolling_origin_2023-01-17__inner_1_2022-05-17,C03_causal_tcn,42118,92e2c7c1f70c24b6008eb72e90fb8244c710cd38d8231ad3761d9525f572c08e,P-H01-W002::C014::C016,58.9229052876377,42.024888035193904,,,100.9477933228316,inner_validation_within_outer_train
rolling_origin_2023-01-17,rolling_origin_2023-01-17__inner_1_2022-05-17,C03_causal_tcn,42118,92e2c7c1f70c24b6008eb72e90fb8244c710cd38d8231ad3761d9525f572c08e,P-H01-W003::C014::C016,94.9475847182998,0.7796565623048366,,,94.16792815599496,inner_validation_within_outer_train
rolling_origin_2023-01-17,rolling_origin_2023-01-17__inner_1_2022-05-17,C03_causal_tcn,42118,92e2c7c1f70c24b6008eb72e90fb8244c710cd38d8231ad3761d9525f572c08e,P-H01-W004::C014::C016,23.59076009845787,0.0273303837895433,,,23.563429714668327,inner_validation_within_outer_train
rolling_origin_2023-01-17,rolling_origin_2023-01-17__inner_1_2022-05-17,C03_causal_tcn,42118,92e2c7c1f70c24b6008eb72e90fb8244c710cd38d8231ad3761d9525f572c08e,P-H01-W005::C014::C016,37.51039554031292,4.058782432263627,,,41.56917797257655,inner_validation_within_outer_train
rolling_origin_2023-01-17,rolling_origin_2023-01-17__inner_1_2022-05-17,C03_causal_tcn,42118,92e2c7c1f70c24b6008eb72e90fb8244c710cd38d8231ad3761d9525f572c08e,P-H01-W006::C014::C016,28.26761784357025,1.6457055713763964,,,26.621912272193853,inner_validation_within_outer_train
rolling_origin_2023-01-17,rolling_origin_2023-01-17__inner_1_2022-05-17,C03_causal_tcn,42118,92e2c7c1f70c24b6008eb72e90fb8244c710cd38d8231ad3761d9525f572c08e,P-H01-W007::C014::C016,31.901570685747107,7.125379142314127,,,39.026949828061234,inner_validation_within_outer_train
rolling_origin_2023-01-17,rolling_origin_2023-01-17__inner_1_2022-05-17,C03_causal_tcn,42118,92e2c7c1f70c24b6008eb72e90fb8244c710cd38d8231ad3761d9525f572c08e,P-H02-W001::C014::C016,30.812531166079125,0.323925520910759,,,31.136456686989884,inner_validation_within_outer_train
rolling_origin_2023-01-17,rolling_origin_2023-01-17__inner_1_2022-05-17,C03_causal_tcn,42118,92e2c7c1f70c24b6008eb72e90fb8244c710cd38d8231ad3761d9525f572c08e,P-H02-W003::C014::C016,48.431489240052784,18.886980738901315,,,67.3184699789541,inner_validation_within_outer_train
rolling_origin_2023-01-17,rolling_origin_2023-01-17__inner_1_2022-05-17,C03_causal_tcn,42118,92e2c7c1f70c24b6008eb72e90fb8244c710cd38d8231ad3761d9525f572c08e,P-H02-W004::C014::C016,27.29717235063168,6.918545974228628,,,20.378626376403048,inner_validation_within_outer_train
rolling_origin_2023-01-17,rolling_origin_2023-01-17__inner_1_2022-05-17,C03_causal_tcn,42118,92e2c7c1f70c24b6008eb72e90fb8244c710cd38d8231ad3761d9525f572c08e,P-H02-W005::C014::C016,7.773156552015642,0.3848646997579878,,,7.388291852257654,inner_validation_within_outer_train
rolling_origin_2023-01-17,rolling_origin_2023-01-17__inner_1_2022-05-17,C03_causal_tcn,42118,92e2c7c1f70c24b6008eb72e90fb8244c710cd38d8231ad3761d9525f572c08e,P-H02-W006::C014::C016,20.607362662675555,2.6272825348695044,,,17.98008012780605,inner_validation_within_outer_train
rolling_origin_2023-01-17,rolling_origin_2023-01-17__inner_1_2022-05-17,C03_causal_tcn,42118,92e2c7c1f70c24b6008eb72e90fb8244c710cd38d8231ad3761d9525f572c08e,P-H02-W007::C014::C016,39.594746927722205,6.185257682186503,,,33.4094892455357,inner_validation_within_outer_train
rolling_origin_2023-01-17,rolling_origin_2023-01-17__inner_1_2022-05-17,C03_causal_tcn,42118,92e2c7c1f70c24b6008eb72e90fb8244c710cd38d8231ad3761d9525f572c08e,P-H03-W001::C014::C016,47.265568069075016,0.3217792074678485,,,46.94378886160717,inner_validation_within_outer_train
rolling_origin_2023-01-17,rolling_origin_2023-01-17__inner_1_2022-05-17,C03_causal_tcn,42118,92e2c7c1f70c24b6008eb72e90fb8244c710cd38d8231ad3761d9525f572c08e,P-H03-W003::C014::C016,36.45331479756437,7.401986405369307,,,43.85530120293368,inner_validation_within_outer_train
rolling_origin_2023-01-17,rolling_origin_2023-01-17__inner_1_2022-05-17,C03_causal_tcn,42118,92e2c7c1f70c24b6008eb72e90fb8244c710cd38d8231ad3761d9525f572c08e,P-H03-W004::C014::C016,39.41634630669672,1.821537243940945,,,41.23788355063767,inner_validation_within_outer_train
rolling_origin_2023-01-17,rolling_origin_2023-01-17__inner_1_2022-05-17,C03_causal_tcn,42118,92e2c7c1f70c24b6008eb72e90fb8244c710cd38d8231ad3761d9525f572c08e,P-H03-W005::C014::C016,40.740752247777074,4.266933390233128,,,45.0076856380102,inner_validation_within_outer_train
rolling_origin_2023-01-17,rolling_origin_2023-01-17__inner_1_2022-05-17,C03_causal_tcn,42118,92e2c7c1f70c24b6008eb72e90fb8244c710cd38d8231ad3761d9525f572c08e,P-H03-W006::C014::C016,50.05359307221157,6.928107025527915,,,43.125486046683655,inner_validation_within_outer_train
rolling_origin_2023-01-17,rolling_origin_2023-01-17__inner_1_2022-05-17,C03_causal_tcn,42118,92e2c7c1f70c24b6008eb72e90fb8244c710cd38d8231ad3761d9525f572c08e,P-H03-W007::C014::C016,22.524143685359952,10.872147735941034,,,33.39629142130099,inner_validation_within_outer_train
rolling_origin_2023-01-17,rolling_origin_2023-01-17__inner_1_2022-05-17,C03_causal_tcn,42118,92e2c7c1f70c24b6008eb72e90fb8244c710cd38d8231ad3761d9525f572c08e,P-H05-W001::C014::C016,39.217713297973255,2.8707260849627048,,,36.34698721301055,inner_validation_within_outer_train
rolling_origin_2023-01-17,rolling_origin_2023-01-17__inner_1_2022-05-17,C03_causal_tcn,42118,92e2c7c1f70c24b6008eb72e90fb8244c710cd38d8231ad3761d9525f572c08e,P-H05-W002::C014::C016,40.537489888718014,4.811742610656772,,,35.72574727806124,inner_validation_within_outer_train
rolling_origin_2023-01-17,rolling_origin_2023-01-17__inner_1_2022-05-17,C03_causal_tcn,42118,92e2c7c1f70c24b6008eb72e90fb8244c710cd38d8231ad3761d9525f572c08e,P-H05-W003::C014::C016,32.73471340660632,6.60333822038174,,,26.131375186224577,inner_validation_within_outer_train
rolling_origin_2023-01-17,rolling_origin_2023-01-17__inner_1_2022-05-17,C03_causal_tcn,42118,92e2c7c1f70c24b6008eb72e90fb8244c710cd38d8231ad3761d9525f572c08e,P-H05-W004::C014::C016,25.159116975384997,2.2910585590539867,,,27.45017553443898,inner_validation_within_outer_train
rolling_origin_2023-01-17,rolling_origin_2023-01-17__inner_1_2022-05-17,C03_causal_tcn,42118,92e2c7c1f70c24b6008eb72e90fb8244c710cd38d8231ad3761d9525f572c08e,P-H05-W005::C014::C016,17.867609517739155,1.0986633557494372,,,16.768946161989717,inner_validation_within_outer_train
rolling_origin_2023-01-17,rolling_origin_2023-01-17__inner_1_2022-05-17,C03_causal_tcn,42118,92e2c7c1f70c24b6008eb72e90fb8244c710cd38d8231ad3761d9525f572c08e,P-H05-W006::C014::C016,19.71919632947423,0.2812249264131665,,,19.437971403061063,inner_validation_within_outer_train
rolling_origin_2023-01-17,rolling_origin_2023-01-17__inner_1_2022-05-17,C03_causal_tcn,42118,92e2c7c1f70c24b6008eb72e90fb8244c710cd38d8231ad3761d9525f572c08e,P-H05-W007::C014::C016,27.654734022825917,8.568582787239208,,,19.086151235586705,inner_validation_within_outer_train
rolling_origin_2023-01-17,rolling_origin_2023-01-17__inner_1_2022-05-17,C03_causal_tcn,42118,92e2c7c1f70c24b6008eb72e90fb8244c710cd38d8231ad3761d9525f572c08e,P-H06-W001::C014::C016,3.413611777144684,0.8869565136242823,,,2.526655263520402,inner_validation_within_outer_train
rolling_origin_2023-01-17,rolling_origin_2023-01-17__inner_1_2022-05-17,C03_causal_tcn,42118,92e2c7c1f70c24b6008eb72e90fb8244c710cd38d8231ad3761d9525f572c08e,P-H06-W002::C014::C016,3.517977414010524,1.88131955776054,,,1.6366578562499836,inner_validation_within_outer_train
rolling_origin_2023-01-17,rolling_origin_2023-01-17__inner_1_2022-05-17,C03_causal_tcn,42118,92e2c7c1f70c24b6008eb72e90fb8244c710cd38d8231ad3761d9525f572c08e,P-H06-W003::C014::C016,3.9768914413484246,2.211273127700461,,,1.7656183136479635,inner_validation_within_outer_train
rolling_origin_2023-01-17,rolling_origin_2023-01-17__inner_1_2022-05-17,C03_causal_tcn,42118,92e2c7c1f70c24b6008eb72e90fb8244c710cd38d8231ad3761d9525f572c08e,P-H06-W004::C014::C016,2.872086597397235,0.4613218045400789,,,2.4107647928571563,inner_validation_within_outer_train
rolling_origin_2023-01-17,rolling_origin_2023-01-17__inner_1_2022-05-17,C03_causal_tcn,42118,92e2c7c1f70c24b6008eb72e90fb8244c710cd38d8231ad3761d9525f572c08e,P-H06-W005::C014::C016,4.012652678102139,1.5135447186633728,,,2.499107959438766,inner_validation_within_outer_train
rolling_origin_2023-01-17,rolling_origin_2023-01-17__inner_1_2022-05-17,C03_causal_tcn,42118,92e2c7c1f70c24b6008eb72e90fb8244c710cd38d8231ad3761d9525f572c08e,P-H06-W006::C014::C016,2.7140481936063843,0.8442518214125474,,,1.8697963721938369,inner_validation_within_outer_train
rolling_origin_2023-01-17,rolling_origin_2023-01-17__inner_1_2022-05-17,C03_causal_tcn,42118,92e2c7c1f70c24b6008eb72e90fb8244c710cd38d8231ad3761d9525f572c08e,P-H06-W007::C014::C016,2.573362434743327,1.5377561582764891,,,1.035606276466838,inner_validation_within_outer_train
rolling_origin_2023-01-17,rolling_origin_2023-01-17__inner_1_2022-05-17,C03_causal_tcn,42118,92e2c7c1f70c24b6008eb72e90fb8244c710cd38d8231ad3761d9525f572c08e,P-H07-W001::C014::C016,34.49732556392807,6.251852927653559,,,40.74917849158163,inner_validation_within_outer_train
rolling_origin_2023-01-17,rolling_origin_2023-01-17__inner_1_2022-05-17,C03_causal_tcn,42118,92e2c7c1f70c24b6008eb72e90fb8244c710cd38d8231ad3761d9525f572c08e,P-H07-W002::C014::C016,37.70414819492993,1.610638386447576,,,39.314786581377504,inner_validation_within_outer_train
rolling_origin_2023-01-17,rolling_origin_2023-01-17__inner_1_2022-05-17,C03_causal_tcn,42118,92e2c7c1f70c24b6008eb72e90fb8244c710cd38d8231ad3761d9525f572c08e,P-H07-W003::C014::C016,6.285970337877085,0.6283631897903081,,,5.657607148086777,inner_validation_within_outer_train
rolling_origin_2023-01-17,rolling_origin_2023-01-17__inner_1_2022-05-17,C03_causal_tcn,42118,92e2c7c1f70c24b6008eb72e90fb8244c710cd38d8231ad3761d9525f572c08e,P-H07-W004::C014::C016,34.41920094936379,0.3888844019116888,,,34.80808535127548,inner_validation_within_outer_train
rolling_origin_2023-01-17,rolling_origin_2023-01-17__inner_1_2022-05-17,C03_causal_tcn,42118,92e2c7c1f70c24b6008eb72e90fb8244c710cd38d8231ad3761d9525f572c08e,P-H07-W005::C014::C016,5.587994384101307,1.936888873908892,,,7.524883258010199,inner_validation_within_outer_train
rolling_origin_2023-01-17,rolling_origin_2023-01-17__inner_1_2022-05-17,C03_causal_tcn,42118,92e2c7c1f70c24b6008eb72e90fb8244c710cd38d8231ad3761d9525f572c08e,P-H07-W006::C014::C016,8.34264577748683,14.58084963137798,,,22.92349540886481,inner_validation_within_outer_train
rolling_origin_2023-01-17,rolling_origin_2023-01-17__inner_1_2022-05-17,C03_causal_tcn,42118,92e2c7c1f70c24b6008eb72e90fb8244c710cd38d8231ad3761d9525f572c08e,P-V01-W001::C014::C016,31.63301334328885,2.205397735792758,,,33.83841107908161,inner_validation_within_outer_train
rolling_origin_2023-01-17,rolling_origin_2023-01-17__inner_1_2022-05-17,C03_causal_tcn,42118,92e2c7c1f70c24b6008eb72e90fb8244c710cd38d8231ad3761d9525f572c08e,P-V01-W002::C014::C016,37.415719514532775,5.377013518997082,,,32.03870599553569,inner_validation_within_outer_train
rolling_origin_2023-01-17,rolling_origin_2023-01-17__inner_1_2022-05-17,C03_causal_tcn,42118,92e2c7c1f70c24b6008eb72e90fb8244c710cd38d8231ad3761d9525f572c08e,P-V01-W003::C014::C016,23.48222755170129,4.683448866497198,,,18.79877868520409,inner_validation_within_outer_train
rolling_origin_2023-01-17,rolling_origin_2023-01-17__inner_1_2022-05-17,C03_causal_tcn,42118,92e2c7c1f70c24b6008eb72e90fb8244c710cd38d8231ad3761d9525f572c08e,P-V01-W004::C014::C016,22.33825499124891,0.7652081306899063,,,23.103463121938816,inner_validation_within_outer_train
rolling_origin_2023-01-17,rolling_origin_2023-01-17__inner_1_2022-05-17,C03_causal_tcn,42118,92e2c7c1f70c24b6008eb72e90fb8244c710cd38d8231ad3761d9525f572c08e,P-V01-W005::C014::C016,33.86387674457757,2.485497092791924,,,31.378379651785643,inner_validation_within_outer_train
rolling_origin_2023-01-17,rolling_origin_2023-01-17__inner_1_2022-05-17,C03_causal_tcn,42118,92e2c7c1f70c24b6008eb72e90fb8244c710cd38d8231ad3761d9525f572c08e,P-V01-W007::C014::C016,44.05653431741675,6.087411849049467,,,37.96912246836728,inner_validation_within_outer_train
rolling_origin_2023-01-17,rolling_origin_2023-01-17__inner_1_2022-05-17,C03_causal_tcn,42118,92e2c7c1f70c24b6008eb72e90fb8244c710cd38d8231ad3761d9525f572c08e,P-V02-W001::C014::C016,36.716324709392126,1.8106093375808852,,,34.90571537181124,inner_validation_within_outer_train
rolling_origin_2023-01-17,rolling_origin_2023-01-17__inner_1_2022-05-17,C03_causal_tcn,42118,92e2c7c1f70c24b6008eb72e90fb8244c710cd38d8231ad3761d9525f572c08e,P-V02-W003::C014::C016,6.589744251270989,2.7762121934739152,,,9.365956444744905,inner_validation_within_outer_train
rolling_origin_2023-01-17,rolling_origin_2023-01-17__inner_1_2022-05-17,C03_causal_tcn,42118,92e2c7c1f70c24b6008eb72e90fb8244c710cd38d8231ad3761d9525f572c08e,P-V02-W004::C014::C016,17.18167432613431,0.0795262799863358,,,17.102148046147974,inner_validation_within_outer_train
rolling_origin_2023-01-17,rolling_origin_2023-01-17__inner_1_2022-05-17,C03_causal_tcn,42118,92e2c7c1f70c24b6008eb72e90fb8244c710cd38d8231ad3761d9525f572c08e,P-V02-W005::C014::C016,40.60484668880648,4.076605475989396,,,44.68145216479587,inner_validation_within_outer_train
rolling_origin_2023-01-17,rolling_origin_2023-01-17__inner_1_2022-05-17,C03_causal_tcn,42118,92e2c7c1f70c24b6008eb72e90fb8244c710cd38d8231ad3761d9525f572c08e,P-V02-W006::C014::C016,24.8411298189068,5.392315379690139,,,30.233445198596936,inner_validation_within_outer_train
rolling_origin_2023-01-17,rolling_origin_2023-01-17__inner_1_2022-05-17,C03_causal_tcn,42118,92e2c7c1f70c24b6008eb72e90fb8244c710cd38d8231ad3761d9525f572c08e,P-V02-W007::C014::C016,23.567375944198613,1.0356903756993674,,,24.60306631989798,inner_validation_within_outer_train
rolling_origin_2023-01-17,rolling_origin_2023-01-17__inner_1_2022-05-17,C03_causal_tcn,42118,92e2c7c1f70c24b6008eb72e90fb8244c710cd38d8231ad3761d9525f572c08e,P-V03-W001::C014::C016,27.166614532099494,3.7364643560790896,,,23.43015017602041,inner_validation_within_outer_train
rolling_origin_2023-01-17,rolling_origin_2023-01-17__inner_1_2022-05-17,C03_causal_tcn,42118,92e2c7c1f70c24b6008eb72e90fb8244c710cd38d8231ad3761d9525f572c08e,P-V03-W002::C014::C016,34.80603021765337,0.3712842221176089,,,34.43474599553576,inner_validation_within_outer_train
rolling_origin_2023-01-17,rolling_origin_2023-01-17__inner_1_2022-05-17,C03_causal_tcn,42118,92e2c7c1f70c24b6008eb72e90fb8244c710cd38d8231ad3761d9525f572c08e,P-V03-W003::C014::C016,36.48831313123127,0.2547397702616223,,,36.23357336096964,inner_validation_within_outer_train
rolling_origin_2023-01-17,rolling_origin_2023-01-17__inner_1_2022-05-17,C03_causal_tcn,42118,92e2c7c1f70c24b6008eb72e90fb8244c710cd38d8231ad3761d9525f572c08e,P-V03-W004::C014::C016,20.175961368862545,1.2410715257503853,,,18.93488984311216,inner_validation_within_outer_train
rolling_origin_2023-01-17,rolling_origin_2023-01-17__inner_1_2022-05-17,C03_causal_tcn,42118,92e2c7c1f70c24b6008eb72e90fb8244c710cd38d8231ad3761d9525f572c08e,P-V03-W005::C014::C016,32.71029247076149,0.5350482069170326,,,33.24534067767852,inner_validation_within_outer_train
rolling_origin_2023-01-17,rolling_origin_2023-01-17__inner_1_2022-05-17,C03_causal_tcn,42118,92e2c7c1f70c24b6008eb72e90fb8244c710cd38d8231ad3761d9525f572c08e,P-V03-W006::C014::C016,33.99781476783195,2.1980072434696822,,,31.799807524362265,inner_validation_within_outer_train
rolling_origin_2023-01-17,rolling_origin_2023-01-17__inner_1_2022-05-17,C03_causal_tcn,42118,92e2c7c1f70c24b6008eb72e90fb8244c710cd38d8231ad3761d9525f572c08e,P-V03-W007::C014::C016,2.639528512509891,2.430856901412971,,,0.2086716110969202,inner_validation_within_outer_train
rolling_origin_2023-01-17,rolling_origin_2023-01-17__inner_1_2022-05-17,C03_causal_tcn,42118,92e2c7c1f70c24b6008eb72e90fb8244c710cd38d8231ad3761d9525f572c08e,P-V04-W001::C014::C016,1.91237924361182,1.918487425903483,,,3.830866669515303,inner_validation_within_outer_train
rolling_origin_2023-01-17,rolling_origin_2023-01-17__inner_1_2022-05-17,C03_causal_tcn,42118,92e2c7c1f70c24b6008eb72e90fb8244c710cd38d8231ad3761d9525f572c08e,P-V04-W003::C014::C016,3.246210809053334,0.4580233127578466,,,3.7042341218111807,inner_validation_within_outer_train
rolling_origin_2023-01-17,rolling_origin_2023-01-17__inner_1_2022-05-17,C03_causal_tcn,42118,92e2c7c1f70c24b6008eb72e90fb8244c710cd38d8231ad3761d9525f572c08e,P-V04-W004::C014::C016,1.708707612394356,1.3760159214066947,,,3.084723533801051,inner_validation_within_outer_train
rolling_origin_2023-01-17,rolling_origin_2023-01-17__inner_1_2022-05-17,C03_causal_tcn,42118,92e2c7c1f70c24b6008eb72e90fb8244c710cd38d8231ad3761d9525f572c08e,P-V04-W006::C014::C016,1.5444596473360583,0.8314614136333196,,,2.375921060969378,inner_validation_within_outer_train
rolling_origin_2023-01-17,rolling_origin_2023-01-17__inner_1_2022-05-17,C03_causal_tcn,42118,92e2c7c1f70c24b6008eb72e90fb8244c710cd38d8231ad3761d9525f572c08e,P-V04-W007::C014::C016,36.84672920542388,0.6195142676629644,,,37.46624347308684,inner_validation_within_outer_train
rolling_origin_2023-01-17,rolling_origin_2023-01-17__inner_1_2022-05-17,C03_causal_tcn,42118,92e2c7c1f70c24b6008eb72e90fb8244c710cd38d8231ad3761d9525f572c08e,P-V05-W001::C014::C016,19.34942078906019,6.096259018337555,,,25.445679807397745,inner_validation_within_outer_train
rolling_origin_2023-01-17,rolling_origin_2023-01-17__inner_1_2022-05-17,C03_causal_tcn,42118,92e2c7c1f70c24b6008eb72e90fb8244c710cd38d8231ad3761d9525f572c08e,P-V05-W002::C014::C016,31.588066975934733,4.654036279505956,,,26.934030696428778,inner_validation_within_outer_train
rolling_origin_2023-01-17,rolling_origin_2023-01-17__inner_1_2022-05-17,C03_causal_tcn,42118,92e2c7c1f70c24b6008eb72e90fb8244c710cd38d8231ad3761d9525f572c08e,P-V05-W003::C014::C016,33.764295635255415,2.010056961786134,,,31.75423867346928,inner_validation_within_outer_train
rolling_origin_2023-01-17,rolling_origin_2023-01-17__inner_1_2022-05-17,C03_causal_tcn,42118,92e2c7c1f70c24b6008eb72e90fb8244c710cd38d8231ad3761d9525f572c08e,P-V05-W004::C014::C016,35.331657770637406,0.7124335040558236,,,34.61922426658158,inner_validation_within_outer_train
rolling_origin_2023-01-17,rolling_origin_2023-01-17__inner_1_2022-05-17,C03_causal_tcn,42118,92e2c7c1f70c24b6008eb72e90fb8244c710cd38d8231ad3761d9525f572c08e,P-V05-W006::C014::C016,22.582434674374557,0.869052810319161,,,23.451487484693715,inner_validation_within_outer_train
rolling_origin_2023-01-17,rolling_origin_2023-01-17__inner_1_2022-05-17,C03_causal_tcn,42118,92e2c7c1f70c24b6008eb72e90fb8244c710cd38d8231ad3761d9525f572c08e,P-V05-W007::C014::C016,34.200085167407366,4.880988742662339,,,29.319096424745027,inner_validation_within_outer_train
rolling_origin_2023-01-17,rolling_origin_2023-01-17__inner_1_2022-05-17,C03_causal_tcn,42118,92e2c7c1f70c24b6008eb72e90fb8244c710cd38d8231ad3761d9525f572c08e,P-V06-W001::C014::C016,0.3297522458986286,0.2861679104397001,,,0.0435843354589285,inner_validation_within_outer_train
rolling_origin_2023-01-17,rolling_origin_2023-01-17__inner_1_2022-05-17,C03_causal_tcn,42118,92e2c7c1f70c24b6008eb72e90fb8244c710cd38d8231ad3761d9525f572c08e,P-V06-W002::C014::C016,26.641786667237675,2.819822939559113,,,23.82196372767856,inner_validation_within_outer_train
rolling_origin_2023-01-17,rolling_origin_2023-01-17__inner_1_2022-05-17,C03_causal_tcn,42118,92e2c7c1f70c24b6008eb72e90fb8244c710cd38d8231ad3761d9525f572c08e,P-V06-W003::C014::C016,26.576954742519213,2.927313555567526,,,29.50426829808674,inner_validation_within_outer_train
rolling_origin_2023-01-17,rolling_origin_2023-01-17__inner_1_2022-05-17,C03_causal_tcn,42118,92e2c7c1f70c24b6008eb72e90fb8244c710cd38d8231ad3761d9525f572c08e,P-V06-W004::C014::C016,26.98740340382375,5.422914634563544,,,21.564488769260205,inner_validation_within_outer_train
rolling_origin_2023-01-17,rolling_origin_2023-01-17__inner_1_2022-05-17,C03_causal_tcn,42118,92e2c7c1f70c24b6008eb72e90fb8244c710cd38d8231ad3761d9525f572c08e,P-V06-W005::C014::C016,40.33634436934233,1.2378680899689556,,,41.57421245931128,inner_validation_within_outer_train
rolling_origin_2023-01-17,rolling_origin_2023-01-17__inner_1_2022-05-17,C03_causal_tcn,42118,92e2c7c1f70c24b6008eb72e90fb8244c710cd38d8231ad3761d9525f572c08e,P-V06-W006::C014::C016,23.74121645730806,8.843523008711138,,,14.897693448596922,inner_validation_within_outer_train
rolling_origin_2023-01-17,rolling_origin_2023-01-17__inner_1_2022-05-17,C03_causal_tcn,42118,92e2c7c1f70c24b6008eb72e90fb8244c710cd38d8231ad3761d9525f572c08e,P-V06-W007::C014::C016,21.330393244082217,4.793985544464906,,,16.53640769961731,inner_validation_within_outer_train
rolling_origin_2023-01-17,rolling_origin_2023-01-17__inner_1_2022-05-17,C03_causal_tcn,42118,92e2c7c1f70c24b6008eb72e90fb8244c710cd38d8231ad3761d9525f572c08e,P-D01-W002::C015::C016,35.136370345426364,10.017289488015145,,,45.15365983344151,inner_validation_within_outer_train
rolling_origin_2023-01-17,rolling_origin_2023-01-17__inner_1_2022-05-17,C03_causal_tcn,42118,92e2c7c1f70c24b6008eb72e90fb8244c710cd38d8231ad3761d9525f572c08e,P-D01-W003::C015::C016,1.983686571029928,5.400744997978046,,,-3.4170584269481186,inner_validation_within_outer_train
rolling_origin_2023-01-17,rolling_origin_2023-01-17__inner_1_2022-05-17,C03_causal_tcn,42118,92e2c7c1f70c24b6008eb72e90fb8244c710cd38d8231ad3761d9525f572c08e,P-D01-W004::C015::C016,0.8671772852313318,0.5049678728935512,,,0.3622094123377806,inner_validation_within_outer_train
rolling_origin_2023-01-17,rolling_origin_2023-01-17__inner_1_2022-05-17,C03_causal_tcn,42118,92e2c7c1f70c24b6008eb72e90fb8244c710cd38d8231ad3761d9525f572c08e,P-D01-W005::C015::C016,27.35692484928748,11.719107327985114,,,39.076032177272594,inner_validation_within_outer_train
rolling_origin_2023-01-17,rolling_origin_2023-01-17__inner_1_2022-05-17,C03_causal_tcn,42118,92e2c7c1f70c24b6008eb72e90fb8244c710cd38d8231ad3761d9525f572c08e,P-D01-W006::C015::C016,27.37853652125345,33.81830501835691,,,61.19684153961036,inner_validation_within_outer_train
rolling_origin_2023-01-17,rolling_origin_2023-01-17__inner_1_2022-05-17,C03_causal_tcn,42118,92e2c7c1f70c24b6008eb72e90fb8244c710cd38d8231ad3761d9525f572c08e,P-D01-W007::C015::C016,14.553166547034696,7.419582324069214,,,21.97274887110391,inner_validation_within_outer_train
rolling_origin_2023-01-17,rolling_origin_2023-01-17__inner_1_2022-05-17,C03_causal_tcn,42118,92e2c7c1f70c24b6008eb72e90fb8244c710cd38d8231ad3761d9525f572c08e,P-H04-W001::C015::C016,32.332283651177384,2.875493973579971,,,29.456789677597413,inner_validation_within_outer_train
rolling_origin_2023-01-17,rolling_origin_2023-01-17__inner_1_2022-05-17,C03_causal_tcn,42118,92e2c7c1f70c24b6008eb72e90fb8244c710cd38d8231ad3761d9525f572c08e,P-H04-W002::C015::C016,35.687027796605726,0.7869885212513594,,,36.474016317857085,inner_validation_within_outer_train
rolling_origin_2023-01-17,rolling_origin_2023-01-17__inner_1_2022-05-17,C03_causal_tcn,42118,92e2c7c1f70c24b6008eb72e90fb8244c710cd38d8231ad3761d9525f572c08e,P-H04-W003::C015::C016,43.32721009466176,2.8175697699863065,,,40.50964032467545,inner_validation_within_outer_train
rolling_origin_2023-01-17,rolling_origin_2023-01-17__inner_1_2022-05-17,C03_causal_tcn,42118,92e2c7c1f70c24b6008eb72e90fb8244c710cd38d8231ad3761d9525f572c08e,P-H04-W004::C015::C016,27.869087224612706,5.386822193119127,,,22.48226503149358,inner_validation_within_outer_train
rolling_origin_2023-01-17,rolling_origin_2023-01-17__inner_1_2022-05-17,C03_causal_tcn,42118,92e2c7c1f70c24b6008eb72e90fb8244c710cd38d8231ad3761d9525f572c08e,P-H04-W005::C015::C016,37.42159337371258,0.4512298181932337,,,36.97036355551935,inner_validation_within_outer_train
rolling_origin_2023-01-17,rolling_origin_2023-01-17__inner_1_2022-05-17,C03_causal_tcn,42118,92e2c7c1f70c24b6008eb72e90fb8244c710cd38d8231ad3761d9525f572c08e,P-H04-W006::C015::C016,33.11731950553928,14.898454507123084,,,48.01577401266236,inner_validation_within_outer_train
rolling_origin_2023-01-17,rolling_origin_2023-01-17__inner_1_2022-05-17,C03_causal_tcn,42118,92e2c7c1f70c24b6008eb72e90fb8244c710cd38d8231ad3761d9525f572c08e,P-H04-W007::C015::C016,37.027365367423386,1.174785873916882,,,35.852579493506504,inner_validation_within_outer_train
rolling_origin_2023-01-17,rolling_origin_2023-01-17__inner_1_2022-05-17,C03_causal_tcn,42119,92e2c7c1f70c24b6008eb72e90fb8244c710cd38d8231ad3761d9525f572c08e,P-H01-W001::C014::C016,24.43357635626967,1.3012439488717078,,,23.13233240739796,inner_validation_within_outer_train
rolling_origin_2023-01-17,rolling_origin_2023-01-17__inner_1_2022-05-17,C03_causal_tcn,42119,92e2c7c1f70c24b6008eb72e90fb8244c710cd38d8231ad3761d9525f572c08e,P-H01-W002::C014::C016,51.94222334193381,49.0055699808978,,,100.9477933228316,inner_validation_within_outer_train
rolling_origin_2023-01-17,rolling_origin_2023-01-17__inner_1_2022-05-17,C03_causal_tcn,42119,92e2c7c1f70c24b6008eb72e90fb8244c710cd38d8231ad3761d9525f572c08e,P-H01-W003::C014::C016,74.69366262783942,19.47426552815554,,,94.16792815599496,inner_validation_within_outer_train
rolling_origin_2023-01-17,rolling_origin_2023-01-17__inner_1_2022-05-17,C03_causal_tcn,42119,92e2c7c1f70c24b6008eb72e90fb8244c710cd38d8231ad3761d9525f572c08e,P-H01-W004::C014::C016,25.798005034085463,2.234575319417136,,,23.563429714668327,inner_validation_within_outer_train
rolling_origin_2023-01-17,rolling_origin_2023-01-17__inner_1_2022-05-17,C03_causal_tcn,42119,92e2c7c1f70c24b6008eb72e90fb8244c710cd38d8231ad3761d9525f572c08e,P-H01-W005::C014::C016,37.51900262035726,4.050175352219284,,,41.56917797257655,inner_validation_within_outer_train
rolling_origin_2023-01-17,rolling_origin_2023-01-17__inner_1_2022-05-17,C03_causal_tcn,42119,92e2c7c1f70c24b6008eb72e90fb8244c710cd38d8231ad3761d9525f572c08e,P-H01-W006::C014::C016,28.717363741794685,2.095451469600832,,,26.621912272193853,inner_validation_within_outer_train
rolling_origin_2023-01-17,rolling_origin_2023-01-17__inner_1_2022-05-17,C03_causal_tcn,42119,92e2c7c1f70c24b6008eb72e90fb8244c710cd38d8231ad3761d9525f572c08e,P-H01-W007::C014::C016,30.76343149002382,8.263518338037414,,,39.026949828061234,inner_validation_within_outer_train
rolling_origin_2023-01-17,rolling_origin_2023-01-17__inner_1_2022-05-17,C03_causal_tcn,42119,92e2c7c1f70c24b6008eb72e90fb8244c710cd38d8231ad3761d9525f572c08e,P-H02-W001::C014::C016,31.45419064103013,0.3177339540402499,,,31.136456686989884,inner_validation_within_outer_train
rolling_origin_2023-01-17,rolling_origin_2023-01-17__inner_1_2022-05-17,C03_causal_tcn,42119,92e2c7c1f70c24b6008eb72e90fb8244c710cd38d8231ad3761d9525f572c08e,P-H02-W003::C014::C016,41.6823316888301,25.636138290124,,,67.3184699789541,inner_validation_within_outer_train
rolling_origin_2023-01-17,rolling_origin_2023-01-17__inner_1_2022-05-17,C03_causal_tcn,42119,92e2c7c1f70c24b6008eb72e90fb8244c710cd38d8231ad3761d9525f572c08e,P-H02-W004::C014::C016,24.992243980742707,4.613617604339659,,,20.378626376403048,inner_validation_within_outer_train
rolling_origin_2023-01-17,rolling_origin_2023-01-17__inner_1_2022-05-17,C03_causal_tcn,42119,92e2c7c1f70c24b6008eb72e90fb8244c710cd38d8231ad3761d9525f572c08e,P-H02-W005::C014::C016,6.919672015706123,0.4686198365515315,,,7.388291852257654,inner_validation_within_outer_train
rolling_origin_2023-01-17,rolling_origin_2023-01-17__inner_1_2022-05-17,C03_causal_tcn,42119,92e2c7c1f70c24b6008eb72e90fb8244c710cd38d8231ad3761d9525f572c08e,P-H02-W006::C014::C016,18.071684238756134,0.0916041109500866,,,17.98008012780605,inner_validation_within_outer_train
rolling_origin_2023-01-17,rolling_origin_2023-01-17__inner_1_2022-05-17,C03_causal_tcn,42119,92e2c7c1f70c24b6008eb72e90fb8244c710cd38d8231ad3761d9525f572c08e,P-H02-W007::C014::C016,34.95156140029517,1.542072154759467,,,33.4094892455357,inner_validation_within_outer_train
rolling_origin_2023-01-17,rolling_origin_2023-01-17__inner_1_2022-05-17,C03_causal_tcn,42119,92e2c7c1f70c24b6008eb72e90fb8244c710cd38d8231ad3761d9525f572c08e,P-H03-W001::C014::C016,42.5459107807325,4.397878080874669,,,46.94378886160717,inner_validation_within_outer_train
rolling_origin_2023-01-17,rolling_origin_2023-01-17__inner_1_2022-05-17,C03_causal_tcn,42119,92e2c7c1f70c24b6008eb72e90fb8244c710cd38d8231ad3761d9525f572c08e,P-H03-W003::C014::C016,37.36868598281795,6.4866152201157306,,,43.85530120293368,inner_validation_within_outer_train
rolling_origin_2023-01-17,rolling_origin_2023-01-17__inner_1_2022-05-17,C03_causal_tcn,42119,92e2c7c1f70c24b6008eb72e90fb8244c710cd38d8231ad3761d9525f572c08e,P-H03-W004::C014::C016,36.04021266782496,5.197670882812709,,,41.23788355063767,inner_validation_within_outer_train
rolling_origin_2023-01-17,rolling_origin_2023-01-17__inner_1_2022-05-17,C03_causal_tcn,42119,92e2c7c1f70c24b6008eb72e90fb8244c710cd38d8231ad3761d9525f572c08e,P-H03-W005::C014::C016,37.91023280082151,7.0974528371886905,,,45.0076856380102,inner_validation_within_outer_train
rolling_origin_2023-01-17,rolling_origin_2023-01-17__inner_1_2022-05-17,C03_causal_tcn,42119,92e2c7c1f70c24b6008eb72e90fb8244c710cd38d8231ad3761d9525f572c08e,P-H03-W006::C014::C016,44.2799004711089,1.154414424425248,,,43.125486046683655,inner_validation_within_outer_train
rolling_origin_2023-01-17,rolling_origin_2023-01-17__inner_1_2022-05-17,C03_causal_tcn,42119,92e2c7c1f70c24b6008eb72e90fb8244c710cd38d8231ad3761d9525f572c08e,P-H03-W007::C014::C016,23.30434315764298,10.091948263658008,,,33.39629142130099,inner_validation_within_outer_train
rolling_origin_2023-01-17,rolling_origin_2023-01-17__inner_1_2022-05-17,C03_causal_tcn,42119,92e2c7c1f70c24b6008eb72e90fb8244c710cd38d8231ad3761d9525f572c08e,P-H05-W001::C014::C016,33.498729781704256,2.848257431306294,,,36.34698721301055,inner_validation_within_outer_train
rolling_origin_2023-01-17,rolling_origin_2023-01-17__inner_1_2022-05-17,C03_causal_tcn,42119,92e2c7c1f70c24b6008eb72e90fb8244c710cd38d8231ad3761d9525f572c08e,P-H05-W002::C014::C016,36.10921490273155,0.3834676246703097,,,35.72574727806124,inner_validation_within_outer_train
rolling_origin_2023-01-17,rolling_origin_2023-01-17__inner_1_2022-05-17,C03_causal_tcn,42119,92e2c7c1f70c24b6008eb72e90fb8244c710cd38d8231ad3761d9525f572c08e,P-H05-W003::C014::C016,26.13642117727429,0.0050459910497124,,,26.131375186224577,inner_validation_within_outer_train
rolling_origin_2023-01-17,rolling_origin_2023-01-17__inner_1_2022-05-17,C03_causal_tcn,42119,92e2c7c1f70c24b6008eb72e90fb8244c710cd38d8231ad3761d9525f572c08e,P-H05-W004::C014::C016,20.35579135126301,7.094384183175965,,,27.45017553443898,inner_validation_within_outer_train
rolling_origin_2023-01-17,rolling_origin_2023-01-17__inner_1_2022-05-17,C03_causal_tcn,42119,92e2c7c1f70c24b6008eb72e90fb8244c710cd38d8231ad3761d9525f572c08e,P-H05-W005::C014::C016,12.962367707342896,3.8065784546468215,,,16.768946161989717,inner_validation_within_outer_train
rolling_origin_2023-01-17,rolling_origin_2023-01-17__inner_1_2022-05-17,C03_causal_tcn,42119,92e2c7c1f70c24b6008eb72e90fb8244c710cd38d8231ad3761d9525f572c08e,P-H05-W006::C014::C016,17.244534078367394,2.1934373246936687,,,19.437971403061063,inner_validation_within_outer_train
rolling_origin_2023-01-17,rolling_origin_2023-01-17__inner_1_2022-05-17,C03_causal_tcn,42119,92e2c7c1f70c24b6008eb72e90fb8244c710cd38d8231ad3761d9525f572c08e,P-H05-W007::C014::C016,24.824279181520737,5.738127945934032,,,19.086151235586705,inner_validation_within_outer_train
rolling_origin_2023-01-17,rolling_origin_2023-01-17__inner_1_2022-05-17,C03_causal_tcn,42119,92e2c7c1f70c24b6008eb72e90fb8244c710cd38d8231ad3761d9525f572c08e,P-H06-W001::C014::C016,4.748363277588783,2.2217080140683816,,,2.526655263520402,inner_validation_within_outer_train
rolling_origin_2023-01-17,rolling_origin_2023-01-17__inner_1_2022-05-17,C03_causal_tcn,42119,92e2c7c1f70c24b6008eb72e90fb8244c710cd38d8231ad3761d9525f572c08e,P-H06-W002::C014::C016,4.404525205654881,2.7678673494048978,,,1.6366578562499836,inner_validation_within_outer_train
rolling_origin_2023-01-17,rolling_origin_2023-01-17__inner_1_2022-05-17,C03_causal_tcn,42119,92e2c7c1f70c24b6008eb72e90fb8244c710cd38d8231ad3761d9525f572c08e,P-H06-W003::C014::C016,4.977738684120407,3.2121203704724435,,,1.7656183136479635,inner_validation_within_outer_train
rolling_origin_2023-01-17,rolling_origin_2023-01-17__inner_1_2022-05-17,C03_causal_tcn,42119,92e2c7c1f70c24b6008eb72e90fb8244c710cd38d8231ad3761d9525f572c08e,P-H06-W004::C014::C016,3.226973781136376,0.8162089882792198,,,2.4107647928571563,inner_validation_within_outer_train
rolling_origin_2023-01-17,rolling_origin_2023-01-17__inner_1_2022-05-17,C03_causal_tcn,42119,92e2c7c1f70c24b6008eb72e90fb8244c710cd38d8231ad3761d9525f572c08e,P-H06-W005::C014::C016,3.6523497479768094,1.1532417885380442,,,2.499107959438766,inner_validation_within_outer_train
rolling_origin_2023-01-17,rolling_origin_2023-01-17__inner_1_2022-05-17,C03_causal_tcn,42119,92e2c7c1f70c24b6008eb72e90fb8244c710cd38d8231ad3761d9525f572c08e,P-H06-W006::C014::C016,3.1316071858684005,1.2618108136745636,,,1.8697963721938369,inner_validation_within_outer_train
rolling_origin_2023-01-17,rolling_origin_2023-01-17__inner_1_2022-05-17,C03_causal_tcn,42119,92e2c7c1f70c24b6008eb72e90fb8244c710cd38d8231ad3761d9525f572c08e,P-H06-W007::C014::C016,4.881823095383151,3.846216818916313,,,1.035606276466838,inner_validation_within_outer_train
rolling_origin_2023-01-17,rolling_origin_2023-01-17__inner_1_2022-05-17,C03_causal_tcn,42119,92e2c7c1f70c24b6008eb72e90fb8244c710cd38d8231ad3761d9525f572c08e,P-H07-W001::C014::C016,34.26280581656546,6.48637267501617,,,40.74917849158163,inner_validation_within_outer_train
rolling_origin_2023-01-17,rolling_origin_2023-01-17__inner_1_2022-05-17,C03_causal_tcn,42119,92e2c7c1f70c24b6008eb72e90fb8244c710cd38d8231ad3761d9525f572c08e,P-H07-W002::C014::C016,34.18884965748165,5.125936923895857,,,39.314786581377504,inner_validation_within_outer_train
rolling_origin_2023-01-17,rolling_origin_2023-01-17__inner_1_2022-05-17,C03_causal_tcn,42119,92e2c7c1f70c24b6008eb72e90fb8244c710cd38d8231ad3761d9525f572c08e,P-H07-W003::C014::C016,5.558910094947002,0.0986970531397748,,,5.657607148086777,inner_validation_within_outer_train
rolling_origin_2023-01-17,rolling_origin_2023-01-17__inner_1_2022-05-17,C03_causal_tcn,42119,92e2c7c1f70c24b6008eb72e90fb8244c710cd38d8231ad3761d9525f572c08e,P-H07-W004::C014::C016,33.9538557231923,0.854229628083182,,,34.80808535127548,inner_validation_within_outer_train
rolling_origin_2023-01-17,rolling_origin_2023-01-17__inner_1_2022-05-17,C03_causal_tcn,42119,92e2c7c1f70c24b6008eb72e90fb8244c710cd38d8231ad3761d9525f572c08e,P-H07-W005::C014::C016,2.9774908705563163,4.547392387453883,,,7.524883258010199,inner_validation_within_outer_train
rolling_origin_2023-01-17,rolling_origin_2023-01-17__inner_1_2022-05-17,C03_causal_tcn,42119,92e2c7c1f70c24b6008eb72e90fb8244c710cd38d8231ad3761d9525f572c08e,P-H07-W006::C014::C016,17.687789427112907,5.235705981751902,,,22.92349540886481,inner_validation_within_outer_train
rolling_origin_2023-01-17,rolling_origin_2023-01-17__inner_1_2022-05-17,C03_causal_tcn,42119,92e2c7c1f70c24b6008eb72e90fb8244c710cd38d8231ad3761d9525f572c08e,P-V01-W001::C014::C016,29.91112778426197,3.9272832948196346,,,33.83841107908161,inner_validation_within_outer_train
rolling_origin_2023-01-17,rolling_origin_2023-01-17__inner_1_2022-05-17,C03_causal_tcn,42119,92e2c7c1f70c24b6008eb72e90fb8244c710cd38d8231ad3761d9525f572c08e,P-V01-W002::C014::C016,33.074487968601886,1.035781973066193,,,32.03870599553569,inner_validation_within_outer_train
rolling_origin_2023-01-17,rolling_origin_2023-01-17__inner_1_2022-05-17,C03_causal_tcn,42119,92e2c7c1f70c24b6008eb72e90fb8244c710cd38d8231ad3761d9525f572c08e,P-V01-W003::C014::C016,22.95421762671964,4.155438941515545,,,18.79877868520409,inner_validation_within_outer_train
rolling_origin_2023-01-17,rolling_origin_2023-01-17__inner_1_2022-05-17,C03_causal_tcn,42119,92e2c7c1f70c24b6008eb72e90fb8244c710cd38d8231ad3761d9525f572c08e,P-V01-W004::C014::C016,23.97551363975069,0.8720505178118749,,,23.103463121938816,inner_validation_within_outer_train
rolling_origin_2023-01-17,rolling_origin_2023-01-17__inner_1_2022-05-17,C03_causal_tcn,42119,92e2c7c1f70c24b6008eb72e90fb8244c710cd38d8231ad3761d9525f572c08e,P-V01-W005::C014::C016,33.61896692486721,2.240587273081566,,,31.378379651785643,inner_validation_within_outer_train
rolling_origin_2023-01-17,rolling_origin_2023-01-17__inner_1_2022-05-17,C03_causal_tcn,42119,92e2c7c1f70c24b6008eb72e90fb8244c710cd38d8231ad3761d9525f572c08e,P-V01-W007::C014::C016,39.86637010195319,1.8972476335859056,,,37.96912246836728,inner_validation_within_outer_train
rolling_origin_2023-01-17,rolling_origin_2023-01-17__inner_1_2022-05-17,C03_causal_tcn,42119,92e2c7c1f70c24b6008eb72e90fb8244c710cd38d8231ad3761d9525f572c08e,P-V02-W001::C014::C016,37.37129184708939,2.465576475278148,,,34.90571537181124,inner_validation_within_outer_train
rolling_origin_2023-01-17,rolling_origin_2023-01-17__inner_1_2022-05-17,C03_causal_tcn,42119,92e2c7c1f70c24b6008eb72e90fb8244c710cd38d8231ad3761d9525f572c08e,P-V02-W003::C014::C016,8.778588632139215,0.5873678126056898,,,9.365956444744905,inner_validation_within_outer_train
rolling_origin_2023-01-17,rolling_origin_2023-01-17__inner_1_2022-05-17,C03_causal_tcn,42119,92e2c7c1f70c24b6008eb72e90fb8244c710cd38d8231ad3761d9525f572c08e,P-V02-W004::C014::C016,18.855895443721806,1.7537473975738322,,,17.102148046147974,inner_validation_within_outer_train
rolling_origin_2023-01-17,rolling_origin_2023-01-17__inner_1_2022-05-17,C03_causal_tcn,42119,92e2c7c1f70c24b6008eb72e90fb8244c710cd38d8231ad3761d9525f572c08e,P-V02-W005::C014::C016,42.052103519828805,2.6293486449670667,,,44.68145216479587,inner_validation_within_outer_train
rolling_origin_2023-01-17,rolling_origin_2023-01-17__inner_1_2022-05-17,C03_causal_tcn,42119,92e2c7c1f70c24b6008eb72e90fb8244c710cd38d8231ad3761d9525f572c08e,P-V02-W006::C014::C016,25.8503529215007,4.383092277096235,,,30.233445198596936,inner_validation_within_outer_train
rolling_origin_2023-01-17,rolling_origin_2023-01-17__inner_1_2022-05-17,C03_causal_tcn,42119,92e2c7c1f70c24b6008eb72e90fb8244c710cd38d8231ad3761d9525f572c08e,P-V02-W007::C014::C016,24.08969809900299,0.5133682208949892,,,24.60306631989798,inner_validation_within_outer_train
rolling_origin_2023-01-17,rolling_origin_2023-01-17__inner_1_2022-05-17,C03_causal_tcn,42119,92e2c7c1f70c24b6008eb72e90fb8244c710cd38d8231ad3761d9525f572c08e,P-V03-W001::C014::C016,23.581488414833025,0.1513382388126167,,,23.43015017602041,inner_validation_within_outer_train
rolling_origin_2023-01-17,rolling_origin_2023-01-17__inner_1_2022-05-17,C03_causal_tcn,42119,92e2c7c1f70c24b6008eb72e90fb8244c710cd38d8231ad3761d9525f572c08e,P-V03-W002::C014::C016,32.44548735647154,1.989258639064225,,,34.43474599553576,inner_validation_within_outer_train
rolling_origin_2023-01-17,rolling_origin_2023-01-17__inner_1_2022-05-17,C03_causal_tcn,42119,92e2c7c1f70c24b6008eb72e90fb8244c710cd38d8231ad3761d9525f572c08e,P-V03-W003::C014::C016,34.601407121403,1.6321662395666436,,,36.23357336096964,inner_validation_within_outer_train
rolling_origin_2023-01-17,rolling_origin_2023-01-17__inner_1_2022-05-17,C03_causal_tcn,42119,92e2c7c1f70c24b6008eb72e90fb8244c710cd38d8231ad3761d9525f572c08e,P-V03-W004::C014::C016,19.983013657372798,1.0481238142606344,,,18.93488984311216,inner_validation_within_outer_train
rolling_origin_2023-01-17,rolling_origin_2023-01-17__inner_1_2022-05-17,C03_causal_tcn,42119,92e2c7c1f70c24b6008eb72e90fb8244c710cd38d8231ad3761d9525f572c08e,P-V03-W005::C014::C016,30.50153347544214,2.743807202236379,,,33.24534067767852,inner_validation_within_outer_train
rolling_origin_2023-01-17,rolling_origin_2023-01-17__inner_1_2022-05-17,C03_causal_tcn,42119,92e2c7c1f70c24b6008eb72e90fb8244c710cd38d8231ad3761d9525f572c08e,P-V03-W006::C014::C016,31.825262757342163,0.0254552329798976,,,31.799807524362265,inner_validation_within_outer_train
rolling_origin_2023-01-17,rolling_origin_2023-01-17__inner_1_2022-05-17,C03_causal_tcn,42119,92e2c7c1f70c24b6008eb72e90fb8244c710cd38d8231ad3761d9525f572c08e,P-V03-W007::C014::C016,4.496543435348929,4.287871824252009,,,0.2086716110969202,inner_validation_within_outer_train
rolling_origin_2023-01-17,rolling_origin_2023-01-17__inner_1_2022-05-17,C03_causal_tcn,42119,92e2c7c1f70c24b6008eb72e90fb8244c710cd38d8231ad3761d9525f572c08e,P-V04-W001::C014::C016,2.4279582995766877,1.4029083699386158,,,3.830866669515303,inner_validation_within_outer_train
rolling_origin_2023-01-17,rolling_origin_2023-01-17__inner_1_2022-05-17,C03_causal_tcn,42119,92e2c7c1f70c24b6008eb72e90fb8244c710cd38d8231ad3761d9525f572c08e,P-V04-W003::C014::C016,2.806145557494201,0.8980885643169798,,,3.7042341218111807,inner_validation_within_outer_train
rolling_origin_2023-01-17,rolling_origin_2023-01-17__inner_1_2022-05-17,C03_causal_tcn,42119,92e2c7c1f70c24b6008eb72e90fb8244c710cd38d8231ad3761d9525f572c08e,P-V04-W004::C014::C016,3.299643700453476,0.2149201666524254,,,3.084723533801051,inner_validation_within_outer_train
rolling_origin_2023-01-17,rolling_origin_2023-01-17__inner_1_2022-05-17,C03_causal_tcn,42119,92e2c7c1f70c24b6008eb72e90fb8244c710cd38d8231ad3761d9525f572c08e,P-V04-W006::C014::C016,2.7945870193165625,0.4186659583471845,,,2.375921060969378,inner_validation_within_outer_train
rolling_origin_2023-01-17,rolling_origin_2023-01-17__inner_1_2022-05-17,C03_causal_tcn,42119,92e2c7c1f70c24b6008eb72e90fb8244c710cd38d8231ad3761d9525f572c08e,P-V04-W007::C014::C016,37.80154322214917,0.3352997490623224,,,37.46624347308684,inner_validation_within_outer_train
rolling_origin_2023-01-17,rolling_origin_2023-01-17__inner_1_2022-05-17,C03_causal_tcn,42119,92e2c7c1f70c24b6008eb72e90fb8244c710cd38d8231ad3761d9525f572c08e,P-V05-W001::C014::C016,22.168951093091728,3.2767287143060173,,,25.445679807397745,inner_validation_within_outer_train
rolling_origin_2023-01-17,rolling_origin_2023-01-17__inner_1_2022-05-17,C03_causal_tcn,42119,92e2c7c1f70c24b6008eb72e90fb8244c710cd38d8231ad3761d9525f572c08e,P-V05-W002::C014::C016,27.8308950843441,0.896864387915322,,,26.934030696428778,inner_validation_within_outer_train
rolling_origin_2023-01-17,rolling_origin_2023-01-17__inner_1_2022-05-17,C03_causal_tcn,42119,92e2c7c1f70c24b6008eb72e90fb8244c710cd38d8231ad3761d9525f572c08e,P-V05-W003::C014::C016,33.82547378587087,2.071235112401588,,,31.75423867346928,inner_validation_within_outer_train
rolling_origin_2023-01-17,rolling_origin_2023-01-17__inner_1_2022-05-17,C03_causal_tcn,42119,92e2c7c1f70c24b6008eb72e90fb8244c710cd38d8231ad3761d9525f572c08e,P-V05-W004::C014::C016,34.018463846519005,0.6007604200625778,,,34.61922426658158,inner_validation_within_outer_train
rolling_origin_2023-01-17,rolling_origin_2023-01-17__inner_1_2022-05-17,C03_causal_tcn,42119,92e2c7c1f70c24b6008eb72e90fb8244c710cd38d8231ad3761d9525f572c08e,P-V05-W006::C014::C016,23.393742540111926,0.0577449445817883,,,23.451487484693715,inner_validation_within_outer_train
rolling_origin_2023-01-17,rolling_origin_2023-01-17__inner_1_2022-05-17,C03_causal_tcn,42119,92e2c7c1f70c24b6008eb72e90fb8244c710cd38d8231ad3761d9525f572c08e,P-V05-W007::C014::C016,33.33841487881175,4.01931845406672,,,29.319096424745027,inner_validation_within_outer_train
rolling_origin_2023-01-17,rolling_origin_2023-01-17__inner_1_2022-05-17,C03_causal_tcn,42119,92e2c7c1f70c24b6008eb72e90fb8244c710cd38d8231ad3761d9525f572c08e,P-V06-W001::C014::C016,0.4029513751365705,0.359367039677642,,,0.0435843354589285,inner_validation_within_outer_train
rolling_origin_2023-01-17,rolling_origin_2023-01-17__inner_1_2022-05-17,C03_causal_tcn,42119,92e2c7c1f70c24b6008eb72e90fb8244c710cd38d8231ad3761d9525f572c08e,P-V06-W002::C014::C016,25.097323061824262,1.2753593341457012,,,23.82196372767856,inner_validation_within_outer_train
rolling_origin_2023-01-17,rolling_origin_2023-01-17__inner_1_2022-05-17,C03_causal_tcn,42119,92e2c7c1f70c24b6008eb72e90fb8244c710cd38d8231ad3761d9525f572c08e,P-V06-W003::C014::C016,25.18974376308194,4.3145245350048,,,29.50426829808674,inner_validation_within_outer_train
rolling_origin_2023-01-17,rolling_origin_2023-01-17__inner_1_2022-05-17,C03_causal_tcn,42119,92e2c7c1f70c24b6008eb72e90fb8244c710cd38d8231ad3761d9525f572c08e,P-V06-W004::C014::C016,25.354958030834485,3.79046926157428,,,21.564488769260205,inner_validation_within_outer_train
rolling_origin_2023-01-17,rolling_origin_2023-01-17__inner_1_2022-05-17,C03_causal_tcn,42119,92e2c7c1f70c24b6008eb72e90fb8244c710cd38d8231ad3761d9525f572c08e,P-V06-W005::C014::C016,39.84934450381059,1.7248679555006916,,,41.57421245931128,inner_validation_within_outer_train
rolling_origin_2023-01-17,rolling_origin_2023-01-17__inner_1_2022-05-17,C03_causal_tcn,42119,92e2c7c1f70c24b6008eb72e90fb8244c710cd38d8231ad3761d9525f572c08e,P-V06-W006::C014::C016,22.535772084193027,7.638078635596106,,,14.897693448596922,inner_validation_within_outer_train
rolling_origin_2023-01-17,rolling_origin_2023-01-17__inner_1_2022-05-17,C03_causal_tcn,42119,92e2c7c1f70c24b6008eb72e90fb8244c710cd38d8231ad3761d9525f572c08e,P-V06-W007::C014::C016,19.58552631147766,3.049118611860351,,,16.53640769961731,inner_validation_within_outer_train
rolling_origin_2023-01-17,rolling_origin_2023-01-17__inner_1_2022-05-17,C03_causal_tcn,42119,92e2c7c1f70c24b6008eb72e90fb8244c710cd38d8231ad3761d9525f572c08e,P-D01-W002::C015::C016,34.08289360879178,11.07076622464973,,,45.15365983344151,inner_validation_within_outer_train
rolling_origin_2023-01-17,rolling_origin_2023-01-17__inner_1_2022-05-17,C03_causal_tcn,42119,92e2c7c1f70c24b6008eb72e90fb8244c710cd38d8231ad3761d9525f572c08e,P-D01-W003::C015::C016,1.168404066763241,4.58546249371136,,,-3.4170584269481186,inner_validation_within_outer_train
rolling_origin_2023-01-17,rolling_origin_2023-01-17__inner_1_2022-05-17,C03_causal_tcn,42119,92e2c7c1f70c24b6008eb72e90fb8244c710cd38d8231ad3761d9525f572c08e,P-D01-W004::C015::C016,0.056556279566454,0.3056531327713265,,,0.3622094123377806,inner_validation_within_outer_train
rolling_origin_2023-01-17,rolling_origin_2023-01-17__inner_1_2022-05-17,C03_causal_tcn,42119,92e2c7c1f70c24b6008eb72e90fb8244c710cd38d8231ad3761d9525f572c08e,P-D01-W005::C015::C016,28.745142934987665,10.330889242284933,,,39.076032177272594,inner_validation_within_outer_train
rolling_origin_2023-01-17,rolling_origin_2023-01-17__inner_1_2022-05-17,C03_causal_tcn,42119,92e2c7c1f70c24b6008eb72e90fb8244c710cd38d8231ad3761d9525f572c08e,P-D01-W006::C015::C016,34.33933445518272,26.85750708442764,,,61.19684153961036,inner_validation_within_outer_train
rolling_origin_2023-01-17,rolling_origin_2023-01-17__inner_1_2022-05-17,C03_causal_tcn,42119,92e2c7c1f70c24b6008eb72e90fb8244c710cd38d8231ad3761d9525f572c08e,P-D01-W007::C015::C016,11.636983717086409,10.3357651540175,,,21.97274887110391,inner_validation_within_outer_train
rolling_origin_2023-01-17,rolling_origin_2023-01-17__inner_1_2022-05-17,C03_causal_tcn,42119,92e2c7c1f70c24b6008eb72e90fb8244c710cd38d8231ad3761d9525f572c08e,P-H04-W001::C015::C016,29.810354407028203,0.35356472943079,,,29.456789677597413,inner_validation_within_outer_train
rolling_origin_2023-01-17,rolling_origin_2023-01-17__inner_1_2022-05-17,C03_causal_tcn,42119,92e2c7c1f70c24b6008eb72e90fb8244c710cd38d8231ad3761d9525f572c08e,P-H04-W002::C015::C016,34.398753724694444,2.075262593162641,,,36.474016317857085,inner_validation_within_outer_train
rolling_origin_2023-01-17,rolling_origin_2023-01-17__inner_1_2022-05-17,C03_causal_tcn,42119,92e2c7c1f70c24b6008eb72e90fb8244c710cd38d8231ad3761d9525f572c08e,P-H04-W003::C015::C016,43.199510998879546,2.6898706742040943,,,40.50964032467545,inner_validation_within_outer_train
rolling_origin_2023-01-17,rolling_origin_2023-01-17__inner_1_2022-05-17,C03_causal_tcn,42119,92e2c7c1f70c24b6008eb72e90fb8244c710cd38d8231ad3761d9525f572c08e,P-H04-W004::C015::C016,27.2309045730614,4.748639541567819,,,22.48226503149358,inner_validation_within_outer_train
rolling_origin_2023-01-17,rolling_origin_2023-01-17__inner_1_2022-05-17,C03_causal_tcn,42119,92e2c7c1f70c24b6008eb72e90fb8244c710cd38d8231ad3761d9525f572c08e,P-H04-W005::C015::C016,36.14030320351952,0.8300603519998333,,,36.97036355551935,inner_validation_within_outer_train
rolling_origin_2023-01-17,rolling_origin_2023-01-17__inner_1_2022-05-17,C03_causal_tcn,42119,92e2c7c1f70c24b6008eb72e90fb8244c710cd38d8231ad3761d9525f572c08e,P-H04-W006::C015::C016,29.545518999179706,18.47025501348266,,,48.01577401266236,inner_validation_within_outer_train
rolling_origin_2023-01-17,rolling_origin_2023-01-17__inner_1_2022-05-17,C03_causal_tcn,42119,92e2c7c1f70c24b6008eb72e90fb8244c710cd38d8231ad3761d9525f572c08e,P-H04-W007::C015::C016,36.019013977432735,0.1664344839262312,,,35.852579493506504,inner_validation_within_outer_train
rolling_origin_2023-01-17,rolling_origin_2023-01-17__inner_1_2022-05-17,C03_causal_tcn,42120,92e2c7c1f70c24b6008eb72e90fb8244c710cd38d8231ad3761d9525f572c08e,P-H01-W001::C014::C016,23.18770862956323,0.0553762221652682,,,23.13233240739796,inner_validation_within_outer_train
rolling_origin_2023-01-17,rolling_origin_2023-01-17__inner_1_2022-05-17,C03_causal_tcn,42120,92e2c7c1f70c24b6008eb72e90fb8244c710cd38d8231ad3761d9525f572c08e,P-H01-W002::C014::C016,50.322857058290765,50.62493626454084,,,100.9477933228316,inner_validation_within_outer_train
rolling_origin_2023-01-17,rolling_origin_2023-01-17__inner_1_2022-05-17,C03_causal_tcn,42120,92e2c7c1f70c24b6008eb72e90fb8244c710cd38d8231ad3761d9525f572c08e,P-H01-W003::C014::C016,74.1641559537709,20.003772202224056,,,94.16792815599496,inner_validation_within_outer_train
rolling_origin_2023-01-17,rolling_origin_2023-01-17__inner_1_2022-05-17,C03_causal_tcn,42120,92e2c7c1f70c24b6008eb72e90fb8244c710cd38d8231ad3761d9525f572c08e,P-H01-W004::C014::C016,24.147284917340208,0.5838552026718808,,,23.563429714668327,inner_validation_within_outer_train
rolling_origin_2023-01-17,rolling_origin_2023-01-17__inner_1_2022-05-17,C03_causal_tcn,42120,92e2c7c1f70c24b6008eb72e90fb8244c710cd38d8231ad3761d9525f572c08e,P-H01-W005::C014::C016,40.24884791693921,1.320330055637335,,,41.56917797257655,inner_validation_within_outer_train
rolling_origin_2023-01-17,rolling_origin_2023-01-17__inner_1_2022-05-17,C03_causal_tcn,42120,92e2c7c1f70c24b6008eb72e90fb8244c710cd38d8231ad3761d9525f572c08e,P-H01-W006::C014::C016,24.184825436981985,2.4370868352118684,,,26.621912272193853,inner_validation_within_outer_train
rolling_origin_2023-01-17,rolling_origin_2023-01-17__inner_1_2022-05-17,C03_causal_tcn,42120,92e2c7c1f70c24b6008eb72e90fb8244c710cd38d8231ad3761d9525f572c08e,P-H01-W007::C014::C016,29.97176003258759,9.055189795473645,,,39.026949828061234,inner_validation_within_outer_train
rolling_origin_2023-01-17,rolling_origin_2023-01-17__inner_1_2022-05-17,C03_causal_tcn,42120,92e2c7c1f70c24b6008eb72e90fb8244c710cd38d8231ad3761d9525f572c08e,P-H02-W001::C014::C016,30.08405284457903,1.052403842410854,,,31.136456686989884,inner_validation_within_outer_train
rolling_origin_2023-01-17,rolling_origin_2023-01-17__inner_1_2022-05-17,C03_causal_tcn,42120,92e2c7c1f70c24b6008eb72e90fb8244c710cd38d8231ad3761d9525f572c08e,P-H02-W003::C014::C016,40.78990941977004,26.528560559184054,,,67.3184699789541,inner_validation_within_outer_train
rolling_origin_2023-01-17,rolling_origin_2023-01-17__inner_1_2022-05-17,C03_causal_tcn,42120,92e2c7c1f70c24b6008eb72e90fb8244c710cd38d8231ad3761d9525f572c08e,P-H02-W004::C014::C016,24.28016482987085,3.9015384534678006,,,20.378626376403048,inner_validation_within_outer_train
rolling_origin_2023-01-17,rolling_origin_2023-01-17__inner_1_2022-05-17,C03_causal_tcn,42120,92e2c7c1f70c24b6008eb72e90fb8244c710cd38d8231ad3761d9525f572c08e,P-H02-W005::C014::C016,8.380128182955055,0.9918363306974004,,,7.388291852257654,inner_validation_within_outer_train
rolling_origin_2023-01-17,rolling_origin_2023-01-17__inner_1_2022-05-17,C03_causal_tcn,42120,92e2c7c1f70c24b6008eb72e90fb8244c710cd38d8231ad3761d9525f572c08e,P-H02-W006::C014::C016,19.35454843752218,1.3744683097161283,,,17.98008012780605,inner_validation_within_outer_train
rolling_origin_2023-01-17,rolling_origin_2023-01-17__inner_1_2022-05-17,C03_causal_tcn,42120,92e2c7c1f70c24b6008eb72e90fb8244c710cd38d8231ad3761d9525f572c08e,P-H02-W007::C014::C016,35.91652994149456,2.5070406959588567,,,33.4094892455357,inner_validation_within_outer_train
rolling_origin_2023-01-17,rolling_origin_2023-01-17__inner_1_2022-05-17,C03_causal_tcn,42120,92e2c7c1f70c24b6008eb72e90fb8244c710cd38d8231ad3761d9525f572c08e,P-H03-W001::C014::C016,46.913110552379,0.0306783092281719,,,46.94378886160717,inner_validation_within_outer_train
rolling_origin_2023-01-17,rolling_origin_2023-01-17__inner_1_2022-05-17,C03_causal_tcn,42120,92e2c7c1f70c24b6008eb72e90fb8244c710cd38d8231ad3761d9525f572c08e,P-H03-W003::C014::C016,38.6185178380436,5.236783364890087,,,43.85530120293368,inner_validation_within_outer_train
rolling_origin_2023-01-17,rolling_origin_2023-01-17__inner_1_2022-05-17,C03_causal_tcn,42120,92e2c7c1f70c24b6008eb72e90fb8244c710cd38d8231ad3761d9525f572c08e,P-H03-W004::C014::C016,41.22508566192027,0.0127978887174009,,,41.23788355063767,inner_validation_within_outer_train
rolling_origin_2023-01-17,rolling_origin_2023-01-17__inner_1_2022-05-17,C03_causal_tcn,42120,92e2c7c1f70c24b6008eb72e90fb8244c710cd38d8231ad3761d9525f572c08e,P-H03-W005::C014::C016,42.79258566390547,2.2150999741047315,,,45.0076856380102,inner_validation_within_outer_train
rolling_origin_2023-01-17,rolling_origin_2023-01-17__inner_1_2022-05-17,C03_causal_tcn,42120,92e2c7c1f70c24b6008eb72e90fb8244c710cd38d8231ad3761d9525f572c08e,P-H03-W006::C014::C016,48.25320113795906,5.127715091275405,,,43.125486046683655,inner_validation_within_outer_train
rolling_origin_2023-01-17,rolling_origin_2023-01-17__inner_1_2022-05-17,C03_causal_tcn,42120,92e2c7c1f70c24b6008eb72e90fb8244c710cd38d8231ad3761d9525f572c08e,P-H03-W007::C014::C016,22.15835205701356,11.237939364287428,,,33.39629142130099,inner_validation_within_outer_train
rolling_origin_2023-01-17,rolling_origin_2023-01-17__inner_1_2022-05-17,C03_causal_tcn,42120,92e2c7c1f70c24b6008eb72e90fb8244c710cd38d8231ad3761d9525f572c08e,P-H05-W001::C014::C016,36.262944202377234,0.0840430106333158,,,36.34698721301055,inner_validation_within_outer_train
rolling_origin_2023-01-17,rolling_origin_2023-01-17__inner_1_2022-05-17,C03_causal_tcn,42120,92e2c7c1f70c24b6008eb72e90fb8244c710cd38d8231ad3761d9525f572c08e,P-H05-W002::C014::C016,38.95231081325572,3.2265635351944795,,,35.72574727806124,inner_validation_within_outer_train
rolling_origin_2023-01-17,rolling_origin_2023-01-17__inner_1_2022-05-17,C03_causal_tcn,42120,92e2c7c1f70c24b6008eb72e90fb8244c710cd38d8231ad3761d9525f572c08e,P-H05-W003::C014::C016,29.690409225763748,3.55903403953917,,,26.131375186224577,inner_validation_within_outer_train
rolling_origin_2023-01-17,rolling_origin_2023-01-17__inner_1_2022-05-17,C03_causal_tcn,42120,92e2c7c1f70c24b6008eb72e90fb8244c710cd38d8231ad3761d9525f572c08e,P-H05-W004::C014::C016,25.798120644196675,1.6520548902423045,,,27.45017553443898,inner_validation_within_outer_train
rolling_origin_2023-01-17,rolling_origin_2023-01-17__inner_1_2022-05-17,C03_causal_tcn,42120,92e2c7c1f70c24b6008eb72e90fb8244c710cd38d8231ad3761d9525f572c08e,P-H05-W005::C014::C016,17.104567946078937,0.3356217840892199,,,16.768946161989717,inner_validation_within_outer_train
rolling_origin_2023-01-17,rolling_origin_2023-01-17__inner_1_2022-05-17,C03_causal_tcn,42120,92e2c7c1f70c24b6008eb72e90fb8244c710cd38d8231ad3761d9525f572c08e,P-H05-W006::C014::C016,22.05227019732031,2.6142987942592484,,,19.437971403061063,inner_validation_within_outer_train
rolling_origin_2023-01-17,rolling_origin_2023-01-17__inner_1_2022-05-17,C03_causal_tcn,42120,92e2c7c1f70c24b6008eb72e90fb8244c710cd38d8231ad3761d9525f572c08e,P-H05-W007::C014::C016,28.425583913762104,9.3394326781754,,,19.086151235586705,inner_validation_within_outer_train
rolling_origin_2023-01-17,rolling_origin_2023-01-17__inner_1_2022-05-17,C03_causal_tcn,42120,92e2c7c1f70c24b6008eb72e90fb8244c710cd38d8231ad3761d9525f572c08e,P-H06-W001::C014::C016,4.204632232189972,1.6779769686695705,,,2.526655263520402,inner_validation_within_outer_train
rolling_origin_2023-01-17,rolling_origin_2023-01-17__inner_1_2022-05-17,C03_causal_tcn,42120,92e2c7c1f70c24b6008eb72e90fb8244c710cd38d8231ad3761d9525f572c08e,P-H06-W002::C014::C016,4.953298582963022,3.3166407267130387,,,1.6366578562499836,inner_validation_within_outer_train
rolling_origin_2023-01-17,rolling_origin_2023-01-17__inner_1_2022-05-17,C03_causal_tcn,42120,92e2c7c1f70c24b6008eb72e90fb8244c710cd38d8231ad3761d9525f572c08e,P-H06-W003::C014::C016,5.158130024707937,3.3925117110599734,,,1.7656183136479635,inner_validation_within_outer_train
rolling_origin_2023-01-17,rolling_origin_2023-01-17__inner_1_2022-05-17,C03_causal_tcn,42120,92e2c7c1f70c24b6008eb72e90fb8244c710cd38d8231ad3761d9525f572c08e,P-H06-W004::C014::C016,3.694780513499264,1.284015720642108,,,2.4107647928571563,inner_validation_within_outer_train
rolling_origin_2023-01-17,rolling_origin_2023-01-17__inner_1_2022-05-17,C03_causal_tcn,42120,92e2c7c1f70c24b6008eb72e90fb8244c710cd38d8231ad3761d9525f572c08e,P-H06-W005::C014::C016,4.762857199766607,2.263749240327841,,,2.499107959438766,inner_validation_within_outer_train
rolling_origin_2023-01-17,rolling_origin_2023-01-17__inner_1_2022-05-17,C03_causal_tcn,42120,92e2c7c1f70c24b6008eb72e90fb8244c710cd38d8231ad3761d9525f572c08e,P-H06-W006::C014::C016,3.2055927111569424,1.3357963389631056,,,1.8697963721938369,inner_validation_within_outer_train
rolling_origin_2023-01-17,rolling_origin_2023-01-17__inner_1_2022-05-17,C03_causal_tcn,42120,92e2c7c1f70c24b6008eb72e90fb8244c710cd38d8231ad3761d9525f572c08e,P-H06-W007::C014::C016,2.988324836272241,1.9527185598054035,,,1.035606276466838,inner_validation_within_outer_train
rolling_origin_2023-01-17,rolling_origin_2023-01-17__inner_1_2022-05-17,C03_causal_tcn,42120,92e2c7c1f70c24b6008eb72e90fb8244c710cd38d8231ad3761d9525f572c08e,P-H07-W001::C014::C016,32.62208071943499,8.12709777214664,,,40.74917849158163,inner_validation_within_outer_train
rolling_origin_2023-01-17,rolling_origin_2023-01-17__inner_1_2022-05-17,C03_causal_tcn,42120,92e2c7c1f70c24b6008eb72e90fb8244c710cd38d8231ad3761d9525f572c08e,P-H07-W002::C014::C016,35.847728942369784,3.46705763900772,,,39.314786581377504,inner_validation_within_outer_train
rolling_origin_2023-01-17,rolling_origin_2023-01-17__inner_1_2022-05-17,C03_causal_tcn,42120,92e2c7c1f70c24b6008eb72e90fb8244c710cd38d8231ad3761d9525f572c08e,P-H07-W003::C014::C016,3.1222767698341194,2.5353303782526577,,,5.657607148086777,inner_validation_within_outer_train
rolling_origin_2023-01-17,rolling_origin_2023-01-17__inner_1_2022-05-17,C03_causal_tcn,42120,92e2c7c1f70c24b6008eb72e90fb8244c710cd38d8231ad3761d9525f572c08e,P-H07-W004::C014::C016,33.95487921270626,0.8532061385692202,,,34.80808535127548,inner_validation_within_outer_train
rolling_origin_2023-01-17,rolling_origin_2023-01-17__inner_1_2022-05-17,C03_causal_tcn,42120,92e2c7c1f70c24b6008eb72e90fb8244c710cd38d8231ad3761d9525f572c08e,P-H07-W005::C014::C016,1.56917671817164,5.955706539838559,,,7.524883258010199,inner_validation_within_outer_train
rolling_origin_2023-01-17,rolling_origin_2023-01-17__inner_1_2022-05-17,C03_causal_tcn,42120,92e2c7c1f70c24b6008eb72e90fb8244c710cd38d8231ad3761d9525f572c08e,P-H07-W006::C014::C016,8.53131406015407,14.39218134871074,,,22.92349540886481,inner_validation_within_outer_train
rolling_origin_2023-01-17,rolling_origin_2023-01-17__inner_1_2022-05-17,C03_causal_tcn,42120,92e2c7c1f70c24b6008eb72e90fb8244c710cd38d8231ad3761d9525f572c08e,P-V01-W001::C014::C016,28.41098612795496,5.427424951126653,,,33.83841107908161,inner_validation_within_outer_train
rolling_origin_2023-01-17,rolling_origin_2023-01-17__inner_1_2022-05-17,C03_causal_tcn,42120,92e2c7c1f70c24b6008eb72e90fb8244c710cd38d8231ad3761d9525f572c08e,P-V01-W002::C014::C016,32.8992278313327,0.8605218357970088,,,32.03870599553569,inner_validation_within_outer_train
rolling_origin_2023-01-17,rolling_origin_2023-01-17__inner_1_2022-05-17,C03_causal_tcn,42120,92e2c7c1f70c24b6008eb72e90fb8244c710cd38d8231ad3761d9525f572c08e,P-V01-W003::C014::C016,27.21087032996579,8.412091644761698,,,18.79877868520409,inner_validation_within_outer_train
rolling_origin_2023-01-17,rolling_origin_2023-01-17__inner_1_2022-05-17,C03_causal_tcn,42120,92e2c7c1f70c24b6008eb72e90fb8244c710cd38d8231ad3761d9525f572c08e,P-V01-W004::C014::C016,26.994640164020492,3.89117704208168,,,23.103463121938816,inner_validation_within_outer_train
rolling_origin_2023-01-17,rolling_origin_2023-01-17__inner_1_2022-05-17,C03_causal_tcn,42120,92e2c7c1f70c24b6008eb72e90fb8244c710cd38d8231ad3761d9525f572c08e,P-V01-W005::C014::C016,38.03147565921663,6.653096007430989,,,31.378379651785643,inner_validation_within_outer_train
rolling_origin_2023-01-17,rolling_origin_2023-01-17__inner_1_2022-05-17,C03_causal_tcn,42120,92e2c7c1f70c24b6008eb72e90fb8244c710cd38d8231ad3761d9525f572c08e,P-V01-W007::C014::C016,38.72508439467369,0.755961926306405,,,37.96912246836728,inner_validation_within_outer_train
rolling_origin_2023-01-17,rolling_origin_2023-01-17__inner_1_2022-05-17,C03_causal_tcn,42120,92e2c7c1f70c24b6008eb72e90fb8244c710cd38d8231ad3761d9525f572c08e,P-V02-W001::C014::C016,40.69877403092524,5.793058659114003,,,34.90571537181124,inner_validation_within_outer_train
rolling_origin_2023-01-17,rolling_origin_2023-01-17__inner_1_2022-05-17,C03_causal_tcn,42120,92e2c7c1f70c24b6008eb72e90fb8244c710cd38d8231ad3761d9525f572c08e,P-V02-W003::C014::C016,10.282667523704273,0.9167110789593682,,,9.365956444744905,inner_validation_within_outer_train
rolling_origin_2023-01-17,rolling_origin_2023-01-17__inner_1_2022-05-17,C03_causal_tcn,42120,92e2c7c1f70c24b6008eb72e90fb8244c710cd38d8231ad3761d9525f572c08e,P-V02-W004::C014::C016,20.622788884573744,3.52064083842577,,,17.102148046147974,inner_validation_within_outer_train
rolling_origin_2023-01-17,rolling_origin_2023-01-17__inner_1_2022-05-17,C03_causal_tcn,42120,92e2c7c1f70c24b6008eb72e90fb8244c710cd38d8231ad3761d9525f572c08e,P-V02-W005::C014::C016,44.81677404402877,0.1353218792328974,,,44.68145216479587,inner_validation_within_outer_train
rolling_origin_2023-01-17,rolling_origin_2023-01-17__inner_1_2022-05-17,C03_causal_tcn,42120,92e2c7c1f70c24b6008eb72e90fb8244c710cd38d8231ad3761d9525f572c08e,P-V02-W006::C014::C016,27.82698845176256,2.40645674683438,,,30.233445198596936,inner_validation_within_outer_train
rolling_origin_2023-01-17,rolling_origin_2023-01-17__inner_1_2022-05-17,C03_causal_tcn,42120,92e2c7c1f70c24b6008eb72e90fb8244c710cd38d8231ad3761d9525f572c08e,P-V02-W007::C014::C016,24.95029420274177,0.3472278828437858,,,24.60306631989798,inner_validation_within_outer_train
rolling_origin_2023-01-17,rolling_origin_2023-01-17__inner_1_2022-05-17,C03_causal_tcn,42120,92e2c7c1f70c24b6008eb72e90fb8244c710cd38d8231ad3761d9525f572c08e,P-V03-W001::C014::C016,24.51851331209301,1.0883631360726014,,,23.43015017602041,inner_validation_within_outer_train
rolling_origin_2023-01-17,rolling_origin_2023-01-17__inner_1_2022-05-17,C03_causal_tcn,42120,92e2c7c1f70c24b6008eb72e90fb8244c710cd38d8231ad3761d9525f572c08e,P-V03-W002::C014::C016,33.943429793163,0.4913162023727651,,,34.43474599553576,inner_validation_within_outer_train
rolling_origin_2023-01-17,rolling_origin_2023-01-17__inner_1_2022-05-17,C03_causal_tcn,42120,92e2c7c1f70c24b6008eb72e90fb8244c710cd38d8231ad3761d9525f572c08e,P-V03-W003::C014::C016,34.890372121433714,1.3432012395359294,,,36.23357336096964,inner_validation_within_outer_train
rolling_origin_2023-01-17,rolling_origin_2023-01-17__inner_1_2022-05-17,C03_causal_tcn,42120,92e2c7c1f70c24b6008eb72e90fb8244c710cd38d8231ad3761d9525f572c08e,P-V03-W004::C014::C016,20.7921051474487,1.8572153043365416,,,18.93488984311216,inner_validation_within_outer_train
rolling_origin_2023-01-17,rolling_origin_2023-01-17__inner_1_2022-05-17,C03_causal_tcn,42120,92e2c7c1f70c24b6008eb72e90fb8244c710cd38d8231ad3761d9525f572c08e,P-V03-W005::C014::C016,30.87590165843587,2.369439019242652,,,33.24534067767852,inner_validation_within_outer_train
rolling_origin_2023-01-17,rolling_origin_2023-01-17__inner_1_2022-05-17,C03_causal_tcn,42120,92e2c7c1f70c24b6008eb72e90fb8244c710cd38d8231ad3761d9525f572c08e,P-V03-W006::C014::C016,32.63022350432682,0.8304159799645561,,,31.799807524362265,inner_validation_within_outer_train
rolling_origin_2023-01-17,rolling_origin_2023-01-17__inner_1_2022-05-17,C03_causal_tcn,42120,92e2c7c1f70c24b6008eb72e90fb8244c710cd38d8231ad3761d9525f572c08e,P-V03-W007::C014::C016,6.139638848877194,5.930967237780274,,,0.2086716110969202,inner_validation_within_outer_train
rolling_origin_2023-01-17,rolling_origin_2023-01-17__inner_1_2022-05-17,C03_causal_tcn,42120,92e2c7c1f70c24b6008eb72e90fb8244c710cd38d8231ad3761d9525f572c08e,P-V04-W001::C014::C016,2.701834325386578,1.129032344128725,,,3.830866669515303,inner_validation_within_outer_train
rolling_origin_2023-01-17,rolling_origin_2023-01-17__inner_1_2022-05-17,C03_causal_tcn,42120,92e2c7c1f70c24b6008eb72e90fb8244c710cd38d8231ad3761d9525f572c08e,P-V04-W003::C014::C016,3.77508193662813,0.0708478148169491,,,3.7042341218111807,inner_validation_within_outer_train
rolling_origin_2023-01-17,rolling_origin_2023-01-17__inner_1_2022-05-17,C03_causal_tcn,42120,92e2c7c1f70c24b6008eb72e90fb8244c710cd38d8231ad3761d9525f572c08e,P-V04-W004::C014::C016,3.094639152659685,0.009915618858634,,,3.084723533801051,inner_validation_within_outer_train
rolling_origin_2023-01-17,rolling_origin_2023-01-17__inner_1_2022-05-17,C03_causal_tcn,42120,92e2c7c1f70c24b6008eb72e90fb8244c710cd38d8231ad3761d9525f572c08e,P-V04-W006::C014::C016,2.957437771266097,0.5815167102967189,,,2.375921060969378,inner_validation_within_outer_train
rolling_origin_2023-01-17,rolling_origin_2023-01-17__inner_1_2022-05-17,C03_causal_tcn,42120,92e2c7c1f70c24b6008eb72e90fb8244c710cd38d8231ad3761d9525f572c08e,P-V04-W007::C014::C016,38.25618585773111,0.7899423846442701,,,37.46624347308684,inner_validation_within_outer_train
rolling_origin_2023-01-17,rolling_origin_2023-01-17__inner_1_2022-05-17,C03_causal_tcn,42120,92e2c7c1f70c24b6008eb72e90fb8244c710cd38d8231ad3761d9525f572c08e,P-V05-W001::C014::C016,20.587466595301105,4.858213212096644,,,25.445679807397745,inner_validation_within_outer_train
rolling_origin_2023-01-17,rolling_origin_2023-01-17__inner_1_2022-05-17,C03_causal_tcn,42120,92e2c7c1f70c24b6008eb72e90fb8244c710cd38d8231ad3761d9525f572c08e,P-V05-W002::C014::C016,27.85518619065228,0.9211554942234984,,,26.934030696428778,inner_validation_within_outer_train
rolling_origin_2023-01-17,rolling_origin_2023-01-17__inner_1_2022-05-17,C03_causal_tcn,42120,92e2c7c1f70c24b6008eb72e90fb8244c710cd38d8231ad3761d9525f572c08e,P-V05-W003::C014::C016,32.182276981656834,0.4280383081875527,,,31.75423867346928,inner_validation_within_outer_train
rolling_origin_2023-01-17,rolling_origin_2023-01-17__inner_1_2022-05-17,C03_causal_tcn,42120,92e2c7c1f70c24b6008eb72e90fb8244c710cd38d8231ad3761d9525f572c08e,P-V05-W004::C014::C016,33.323026678420725,1.296197588160858,,,34.61922426658158,inner_validation_within_outer_train
rolling_origin_2023-01-17,rolling_origin_2023-01-17__inner_1_2022-05-17,C03_causal_tcn,42120,92e2c7c1f70c24b6008eb72e90fb8244c710cd38d8231ad3761d9525f572c08e,P-V05-W006::C014::C016,23.75139138356649,0.299903898872774,,,23.451487484693715,inner_validation_within_outer_train
rolling_origin_2023-01-17,rolling_origin_2023-01-17__inner_1_2022-05-17,C03_causal_tcn,42120,92e2c7c1f70c24b6008eb72e90fb8244c710cd38d8231ad3761d9525f572c08e,P-V05-W007::C014::C016,30.91253004830316,1.5934336235581306,,,29.319096424745027,inner_validation_within_outer_train
rolling_origin_2023-01-17,rolling_origin_2023-01-17__inner_1_2022-05-17,C03_causal_tcn,42120,92e2c7c1f70c24b6008eb72e90fb8244c710cd38d8231ad3761d9525f572c08e,P-V06-W001::C014::C016,2.760725003213349,2.71714066775442,,,0.0435843354589285,inner_validation_within_outer_train
rolling_origin_2023-01-17,rolling_origin_2023-01-17__inner_1_2022-05-17,C03_causal_tcn,42120,92e2c7c1f70c24b6008eb72e90fb8244c710cd38d8231ad3761d9525f572c08e,P-V06-W002::C014::C016,25.03617458653147,1.2142108588529084,,,23.82196372767856,inner_validation_within_outer_train
rolling_origin_2023-01-17,rolling_origin_2023-01-17__inner_1_2022-05-17,C03_causal_tcn,42120,92e2c7c1f70c24b6008eb72e90fb8244c710cd38d8231ad3761d9525f572c08e,P-V06-W003::C014::C016,20.539082218169177,8.965186079917562,,,29.50426829808674,inner_validation_within_outer_train
rolling_origin_2023-01-17,rolling_origin_2023-01-17__inner_1_2022-05-17,C03_causal_tcn,42120,92e2c7c1f70c24b6008eb72e90fb8244c710cd38d8231ad3761d9525f572c08e,P-V06-W004::C014::C016,24.779705610407586,3.215216841147381,,,21.564488769260205,inner_validation_within_outer_train
rolling_origin_2023-01-17,rolling_origin_2023-01-17__inner_1_2022-05-17,C03_causal_tcn,42120,92e2c7c1f70c24b6008eb72e90fb8244c710cd38d8231ad3761d9525f572c08e,P-V06-W005::C014::C016,40.8151260252038,0.7590864341074877,,,41.57421245931128,inner_validation_within_outer_train
rolling_origin_2023-01-17,rolling_origin_2023-01-17__inner_1_2022-05-17,C03_causal_tcn,42120,92e2c7c1f70c24b6008eb72e90fb8244c710cd38d8231ad3761d9525f572c08e,P-V06-W006::C014::C016,23.215926152001387,8.318232703404465,,,14.897693448596922,inner_validation_within_outer_train
rolling_origin_2023-01-17,rolling_origin_2023-01-17__inner_1_2022-05-17,C03_causal_tcn,42120,92e2c7c1f70c24b6008eb72e90fb8244c710cd38d8231ad3761d9525f572c08e,P-V06-W007::C014::C016,21.158442059849047,4.622034360231737,,,16.53640769961731,inner_validation_within_outer_train
rolling_origin_2023-01-17,rolling_origin_2023-01-17__inner_1_2022-05-17,C03_causal_tcn,42120,92e2c7c1f70c24b6008eb72e90fb8244c710cd38d8231ad3761d9525f572c08e,P-D01-W002::C015::C016,37.389483438118326,7.764176395323183,,,45.15365983344151,inner_validation_within_outer_train
rolling_origin_2023-01-17,rolling_origin_2023-01-17__inner_1_2022-05-17,C03_causal_tcn,42120,92e2c7c1f70c24b6008eb72e90fb8244c710cd38d8231ad3761d9525f572c08e,P-D01-W003::C015::C016,3.2301465677178705,6.647204994665989,,,-3.4170584269481186,inner_validation_within_outer_train
rolling_origin_2023-01-17,rolling_origin_2023-01-17__inner_1_2022-05-17,C03_causal_tcn,42120,92e2c7c1f70c24b6008eb72e90fb8244c710cd38d8231ad3761d9525f572c08e,P-D01-W004::C015::C016,2.145419552492452,1.7832101401546716,,,0.3622094123377806,inner_validation_within_outer_train
rolling_origin_2023-01-17,rolling_origin_2023-01-17__inner_1_2022-05-17,C03_causal_tcn,42120,92e2c7c1f70c24b6008eb72e90fb8244c710cd38d8231ad3761d9525f572c08e,P-D01-W005::C015::C016,32.541758276285904,6.53427390098669,,,39.076032177272594,inner_validation_within_outer_train
rolling_origin_2023-01-17,rolling_origin_2023-01-17__inner_1_2022-05-17,C03_causal_tcn,42120,92e2c7c1f70c24b6008eb72e90fb8244c710cd38d8231ad3761d9525f572c08e,P-D01-W006::C015::C016,37.60795934592981,23.588882193680558,,,61.19684153961036,inner_validation_within_outer_train
rolling_origin_2023-01-17,rolling_origin_2023-01-17__inner_1_2022-05-17,C03_causal_tcn,42120,92e2c7c1f70c24b6008eb72e90fb8244c710cd38d8231ad3761d9525f572c08e,P-D01-W007::C015::C016,13.1353414537362,8.83740741736771,,,21.97274887110391,inner_validation_within_outer_train
rolling_origin_2023-01-17,rolling_origin_2023-01-17__inner_1_2022-05-17,C03_causal_tcn,42120,92e2c7c1f70c24b6008eb72e90fb8244c710cd38d8231ad3761d9525f572c08e,P-H04-W001::C015::C016,34.43531681339597,4.978527135798558,,,29.456789677597413,inner_validation_within_outer_train
rolling_origin_2023-01-17,rolling_origin_2023-01-17__inner_1_2022-05-17,C03_causal_tcn,42120,92e2c7c1f70c24b6008eb72e90fb8244c710cd38d8231ad3761d9525f572c08e,P-H04-W002::C015::C016,35.16568369097748,1.3083326268796045,,,36.474016317857085,inner_validation_within_outer_train
rolling_origin_2023-01-17,rolling_origin_2023-01-17__inner_1_2022-05-17,C03_causal_tcn,42120,92e2c7c1f70c24b6008eb72e90fb8244c710cd38d8231ad3761d9525f572c08e,P-H04-W003::C015::C016,43.23159249562292,2.721952170947468,,,40.50964032467545,inner_validation_within_outer_train
rolling_origin_2023-01-17,rolling_origin_2023-01-17__inner_1_2022-05-17,C03_causal_tcn,42120,92e2c7c1f70c24b6008eb72e90fb8244c710cd38d8231ad3761d9525f572c08e,P-H04-W004::C015::C016,30.339968035905493,7.857703004411913,,,22.48226503149358,inner_validation_within_outer_train
rolling_origin_2023-01-17,rolling_origin_2023-01-17__inner_1_2022-05-17,C03_causal_tcn,42120,92e2c7c1f70c24b6008eb72e90fb8244c710cd38d8231ad3761d9525f572c08e,P-H04-W005::C015::C016,40.92328515748353,3.952921601964178,,,36.97036355551935,inner_validation_within_outer_train
rolling_origin_2023-01-17,rolling_origin_2023-01-17__inner_1_2022-05-17,C03_causal_tcn,42120,92e2c7c1f70c24b6008eb72e90fb8244c710cd38d8231ad3761d9525f572c08e,P-H04-W006::C015::C016,33.841239728389965,14.174534284272395,,,48.01577401266236,inner_validation_within_outer_train
rolling_origin_2023-01-17,rolling_origin_2023-01-17__inner_1_2022-05-17,C03_causal_tcn,42120,92e2c7c1f70c24b6008eb72e90fb8244c710cd38d8231ad3761d9525f572c08e,P-H04-W007::C015::C016,39.45103675889097,3.598457265384468,,,35.852579493506504,inner_validation_within_outer_train
rolling_origin_2023-01-17,rolling_origin_2023-01-17__inner_1_2022-05-17,C03_causal_tcn,42121,92e2c7c1f70c24b6008eb72e90fb8244c710cd38d8231ad3761d9525f572c08e,P-H01-W001::C014::C016,24.363001020143937,1.2306686127459765,,,23.13233240739796,inner_validation_within_outer_train
rolling_origin_2023-01-17,rolling_origin_2023-01-17__inner_1_2022-05-17,C03_causal_tcn,42121,92e2c7c1f70c24b6008eb72e90fb8244c710cd38d8231ad3761d9525f572c08e,P-H01-W002::C014::C016,51.05304928423368,49.89474403859792,,,100.9477933228316,inner_validation_within_outer_train
rolling_origin_2023-01-17,rolling_origin_2023-01-17__inner_1_2022-05-17,C03_causal_tcn,42121,92e2c7c1f70c24b6008eb72e90fb8244c710cd38d8231ad3761d9525f572c08e,P-H01-W003::C014::C016,79.44260451376422,14.725323642230734,,,94.16792815599496,inner_validation_within_outer_train
rolling_origin_2023-01-17,rolling_origin_2023-01-17__inner_1_2022-05-17,C03_causal_tcn,42121,92e2c7c1f70c24b6008eb72e90fb8244c710cd38d8231ad3761d9525f572c08e,P-H01-W004::C014::C016,26.723506014377584,3.1600762997092566,,,23.563429714668327,inner_validation_within_outer_train
rolling_origin_2023-01-17,rolling_origin_2023-01-17__inner_1_2022-05-17,C03_causal_tcn,42121,92e2c7c1f70c24b6008eb72e90fb8244c710cd38d8231ad3761d9525f572c08e,P-H01-W005::C014::C016,39.29754238888305,2.271635583693495,,,41.56917797257655,inner_validation_within_outer_train
rolling_origin_2023-01-17,rolling_origin_2023-01-17__inner_1_2022-05-17,C03_causal_tcn,42121,92e2c7c1f70c24b6008eb72e90fb8244c710cd38d8231ad3761d9525f572c08e,P-H01-W006::C014::C016,30.3456511693136,3.7237388971197447,,,26.621912272193853,inner_validation_within_outer_train
rolling_origin_2023-01-17,rolling_origin_2023-01-17__inner_1_2022-05-17,C03_causal_tcn,42121,92e2c7c1f70c24b6008eb72e90fb8244c710cd38d8231ad3761d9525f572c08e,P-H01-W007::C014::C016,31.421236021332884,7.60571380672835,,,39.026949828061234,inner_validation_within_outer_train
rolling_origin_2023-01-17,rolling_origin_2023-01-17__inner_1_2022-05-17,C03_causal_tcn,42121,92e2c7c1f70c24b6008eb72e90fb8244c710cd38d8231ad3761d9525f572c08e,P-H02-W001::C014::C016,34.147415797329934,3.0109591103400497,,,31.136456686989884,inner_validation_within_outer_train
rolling_origin_2023-01-17,rolling_origin_2023-01-17__inner_1_2022-05-17,C03_causal_tcn,42121,92e2c7c1f70c24b6008eb72e90fb8244c710cd38d8231ad3761d9525f572c08e,P-H02-W003::C014::C016,42.19040783404808,25.128062144906025,,,67.3184699789541,inner_validation_within_outer_train
rolling_origin_2023-01-17,rolling_origin_2023-01-17__inner_1_2022-05-17,C03_causal_tcn,42121,92e2c7c1f70c24b6008eb72e90fb8244c710cd38d8231ad3761d9525f572c08e,P-H02-W004::C014::C016,26.177612688957574,5.798986312554526,,,20.378626376403048,inner_validation_within_outer_train
rolling_origin_2023-01-17,rolling_origin_2023-01-17__inner_1_2022-05-17,C03_causal_tcn,42121,92e2c7c1f70c24b6008eb72e90fb8244c710cd38d8231ad3761d9525f572c08e,P-H02-W005::C014::C016,8.314414653859117,0.9261228016014628,,,7.388291852257654,inner_validation_within_outer_train
rolling_origin_2023-01-17,rolling_origin_2023-01-17__inner_1_2022-05-17,C03_causal_tcn,42121,92e2c7c1f70c24b6008eb72e90fb8244c710cd38d8231ad3761d9525f572c08e,P-H02-W006::C014::C016,19.7000409086946,1.7199607808885489,,,17.98008012780605,inner_validation_within_outer_train
rolling_origin_2023-01-17,rolling_origin_2023-01-17__inner_1_2022-05-17,C03_causal_tcn,42121,92e2c7c1f70c24b6008eb72e90fb8244c710cd38d8231ad3761d9525f572c08e,P-H02-W007::C014::C016,37.24133928149237,3.83185003595667,,,33.4094892455357,inner_validation_within_outer_train
rolling_origin_2023-01-17,rolling_origin_2023-01-17__inner_1_2022-05-17,C03_causal_tcn,42121,92e2c7c1f70c24b6008eb72e90fb8244c710cd38d8231ad3761d9525f572c08e,P-H03-W001::C014::C016,45.16745598725206,1.7763328743551057,,,46.94378886160717,inner_validation_within_outer_train
rolling_origin_2023-01-17,rolling_origin_2023-01-17__inner_1_2022-05-17,C03_causal_tcn,42121,92e2c7c1f70c24b6008eb72e90fb8244c710cd38d8231ad3761d9525f572c08e,P-H03-W003::C014::C016,37.79395684955728,6.061344353376398,,,43.85530120293368,inner_validation_within_outer_train
rolling_origin_2023-01-17,rolling_origin_2023-01-17__inner_1_2022-05-17,C03_causal_tcn,42121,92e2c7c1f70c24b6008eb72e90fb8244c710cd38d8231ad3761d9525f572c08e,P-H03-W004::C014::C016,37.04686576382898,4.191017786808686,,,41.23788355063767,inner_validation_within_outer_train
rolling_origin_2023-01-17,rolling_origin_2023-01-17__inner_1_2022-05-17,C03_causal_tcn,42121,92e2c7c1f70c24b6008eb72e90fb8244c710cd38d8231ad3761d9525f572c08e,P-H03-W005::C014::C016,39.267289633898855,5.740396004111346,,,45.0076856380102,inner_validation_within_outer_train
rolling_origin_2023-01-17,rolling_origin_2023-01-17__inner_1_2022-05-17,C03_causal_tcn,42121,92e2c7c1f70c24b6008eb72e90fb8244c710cd38d8231ad3761d9525f572c08e,P-H03-W006::C014::C016,46.111613471961526,2.986127425277872,,,43.125486046683655,inner_validation_within_outer_train
rolling_origin_2023-01-17,rolling_origin_2023-01-17__inner_1_2022-05-17,C03_causal_tcn,42121,92e2c7c1f70c24b6008eb72e90fb8244c710cd38d8231ad3761d9525f572c08e,P-H03-W007::C014::C016,23.69644752365404,9.69984389764695,,,33.39629142130099,inner_validation_within_outer_train
rolling_origin_2023-01-17,rolling_origin_2023-01-17__inner_1_2022-05-17,C03_causal_tcn,42121,92e2c7c1f70c24b6008eb72e90fb8244c710cd38d8231ad3761d9525f572c08e,P-H05-W001::C014::C016,36.34004934596083,0.0069378670497215,,,36.34698721301055,inner_validation_within_outer_train
rolling_origin_2023-01-17,rolling_origin_2023-01-17__inner_1_2022-05-17,C03_causal_tcn,42121,92e2c7c1f70c24b6008eb72e90fb8244c710cd38d8231ad3761d9525f572c08e,P-H05-W002::C014::C016,39.075427544629896,3.3496802665686545,,,35.72574727806124,inner_validation_within_outer_train
rolling_origin_2023-01-17,rolling_origin_2023-01-17__inner_1_2022-05-17,C03_causal_tcn,42121,92e2c7c1f70c24b6008eb72e90fb8244c710cd38d8231ad3761d9525f572c08e,P-H05-W003::C014::C016,27.9317278122232,1.8003526259986202,,,26.131375186224577,inner_validation_within_outer_train
rolling_origin_2023-01-17,rolling_origin_2023-01-17__inner_1_2022-05-17,C03_causal_tcn,42121,92e2c7c1f70c24b6008eb72e90fb8244c710cd38d8231ad3761d9525f572c08e,P-H05-W004::C014::C016,24.02870912856952,3.4214664058694595,,,27.45017553443898,inner_validation_within_outer_train
rolling_origin_2023-01-17,rolling_origin_2023-01-17__inner_1_2022-05-17,C03_causal_tcn,42121,92e2c7c1f70c24b6008eb72e90fb8244c710cd38d8231ad3761d9525f572c08e,P-H05-W005::C014::C016,17.70790805940734,0.9389618974176236,,,16.768946161989717,inner_validation_within_outer_train
rolling_origin_2023-01-17,rolling_origin_2023-01-17__inner_1_2022-05-17,C03_causal_tcn,42121,92e2c7c1f70c24b6008eb72e90fb8244c710cd38d8231ad3761d9525f572c08e,P-H05-W006::C014::C016,20.74191675799316,1.3039453549320967,,,19.437971403061063,inner_validation_within_outer_train
rolling_origin_2023-01-17,rolling_origin_2023-01-17__inner_1_2022-05-17,C03_causal_tcn,42121,92e2c7c1f70c24b6008eb72e90fb8244c710cd38d8231ad3761d9525f572c08e,P-H05-W007::C014::C016,27.450884648790414,8.364733413203709,,,19.086151235586705,inner_validation_within_outer_train
rolling_origin_2023-01-17,rolling_origin_2023-01-17__inner_1_2022-05-17,C03_causal_tcn,42121,92e2c7c1f70c24b6008eb72e90fb8244c710cd38d8231ad3761d9525f572c08e,P-H06-W001::C014::C016,5.319477226975828,2.7928219634554257,,,2.526655263520402,inner_validation_within_outer_train
rolling_origin_2023-01-17,rolling_origin_2023-01-17__inner_1_2022-05-17,C03_causal_tcn,42121,92e2c7c1f70c24b6008eb72e90fb8244c710cd38d8231ad3761d9525f572c08e,P-H06-W002::C014::C016,4.243069193870557,2.6064113376205738,,,1.6366578562499836,inner_validation_within_outer_train
rolling_origin_2023-01-17,rolling_origin_2023-01-17__inner_1_2022-05-17,C03_causal_tcn,42121,92e2c7c1f70c24b6008eb72e90fb8244c710cd38d8231ad3761d9525f572c08e,P-H06-W003::C014::C016,5.620330594030879,3.8547122803829152,,,1.7656183136479635,inner_validation_within_outer_train
rolling_origin_2023-01-17,rolling_origin_2023-01-17__inner_1_2022-05-17,C03_causal_tcn,42121,92e2c7c1f70c24b6008eb72e90fb8244c710cd38d8231ad3761d9525f572c08e,P-H06-W004::C014::C016,3.8669715732573033,1.4562067804001462,,,2.4107647928571563,inner_validation_within_outer_train
rolling_origin_2023-01-17,rolling_origin_2023-01-17__inner_1_2022-05-17,C03_causal_tcn,42121,92e2c7c1f70c24b6008eb72e90fb8244c710cd38d8231ad3761d9525f572c08e,P-H06-W005::C014::C016,2.903262996799352,0.404155037360586,,,2.499107959438766,inner_validation_within_outer_train
rolling_origin_2023-01-17,rolling_origin_2023-01-17__inner_1_2022-05-17,C03_causal_tcn,42121,92e2c7c1f70c24b6008eb72e90fb8244c710cd38d8231ad3761d9525f572c08e,P-H06-W006::C014::C016,3.4782446299069427,1.6084482577131058,,,1.8697963721938369,inner_validation_within_outer_train
rolling_origin_2023-01-17,rolling_origin_2023-01-17__inner_1_2022-05-17,C03_causal_tcn,42121,92e2c7c1f70c24b6008eb72e90fb8244c710cd38d8231ad3761d9525f572c08e,P-H06-W007::C014::C016,0.9225910044192992,0.1130152720475385,,,1.035606276466838,inner_validation_within_outer_train
rolling_origin_2023-01-17,rolling_origin_2023-01-17__inner_1_2022-05-17,C03_causal_tcn,42121,92e2c7c1f70c24b6008eb72e90fb8244c710cd38d8231ad3761d9525f572c08e,P-H07-W001::C014::C016,33.04458930822301,7.704589183358621,,,40.74917849158163,inner_validation_within_outer_train
rolling_origin_2023-01-17,rolling_origin_2023-01-17__inner_1_2022-05-17,C03_causal_tcn,42121,92e2c7c1f70c24b6008eb72e90fb8244c710cd38d8231ad3761d9525f572c08e,P-H07-W002::C014::C016,34.04790269395556,5.266883887421948,,,39.314786581377504,inner_validation_within_outer_train
rolling_origin_2023-01-17,rolling_origin_2023-01-17__inner_1_2022-05-17,C03_causal_tcn,42121,92e2c7c1f70c24b6008eb72e90fb8244c710cd38d8231ad3761d9525f572c08e,P-H07-W003::C014::C016,4.825845545064567,0.8317616030222101,,,5.657607148086777,inner_validation_within_outer_train
rolling_origin_2023-01-17,rolling_origin_2023-01-17__inner_1_2022-05-17,C03_causal_tcn,42121,92e2c7c1f70c24b6008eb72e90fb8244c710cd38d8231ad3761d9525f572c08e,P-H07-W004::C014::C016,33.10035418539584,1.7077311658796432,,,34.80808535127548,inner_validation_within_outer_train
rolling_origin_2023-01-17,rolling_origin_2023-01-17__inner_1_2022-05-17,C03_causal_tcn,42121,92e2c7c1f70c24b6008eb72e90fb8244c710cd38d8231ad3761d9525f572c08e,P-H07-W005::C014::C016,1.866748489128764,5.658134768881435,,,7.524883258010199,inner_validation_within_outer_train
rolling_origin_2023-01-17,rolling_origin_2023-01-17__inner_1_2022-05-17,C03_causal_tcn,42121,92e2c7c1f70c24b6008eb72e90fb8244c710cd38d8231ad3761d9525f572c08e,P-H07-W006::C014::C016,13.889609021662082,9.033886387202728,,,22.92349540886481,inner_validation_within_outer_train
rolling_origin_2023-01-17,rolling_origin_2023-01-17__inner_1_2022-05-17,C03_causal_tcn,42121,92e2c7c1f70c24b6008eb72e90fb8244c710cd38d8231ad3761d9525f572c08e,P-V01-W001::C014::C016,28.632336214413627,5.206074864667983,,,33.83841107908161,inner_validation_within_outer_train
rolling_origin_2023-01-17,rolling_origin_2023-01-17__inner_1_2022-05-17,C03_causal_tcn,42121,92e2c7c1f70c24b6008eb72e90fb8244c710cd38d8231ad3761d9525f572c08e,P-V01-W002::C014::C016,33.55190440506183,1.5131984095261402,,,32.03870599553569,inner_validation_within_outer_train
rolling_origin_2023-01-17,rolling_origin_2023-01-17__inner_1_2022-05-17,C03_causal_tcn,42121,92e2c7c1f70c24b6008eb72e90fb8244c710cd38d8231ad3761d9525f572c08e,P-V01-W003::C014::C016,27.440206478518476,8.641427793314381,,,18.79877868520409,inner_validation_within_outer_train
rolling_origin_2023-01-17,rolling_origin_2023-01-17__inner_1_2022-05-17,C03_causal_tcn,42121,92e2c7c1f70c24b6008eb72e90fb8244c710cd38d8231ad3761d9525f572c08e,P-V01-W004::C014::C016,26.290769640162637,3.187306518223817,,,23.103463121938816,inner_validation_within_outer_train
rolling_origin_2023-01-17,rolling_origin_2023-01-17__inner_1_2022-05-17,C03_causal_tcn,42121,92e2c7c1f70c24b6008eb72e90fb8244c710cd38d8231ad3761d9525f572c08e,P-V01-W005::C014::C016,33.64510593824711,2.26672628646147,,,31.378379651785643,inner_validation_within_outer_train
rolling_origin_2023-01-17,rolling_origin_2023-01-17__inner_1_2022-05-17,C03_causal_tcn,42121,92e2c7c1f70c24b6008eb72e90fb8244c710cd38d8231ad3761d9525f572c08e,P-V01-W007::C014::C016,37.79769099432584,0.1714314740414408,,,37.96912246836728,inner_validation_within_outer_train
rolling_origin_2023-01-17,rolling_origin_2023-01-17__inner_1_2022-05-17,C03_causal_tcn,42121,92e2c7c1f70c24b6008eb72e90fb8244c710cd38d8231ad3761d9525f572c08e,P-V02-W001::C014::C016,39.74927498813626,4.843559616325017,,,34.90571537181124,inner_validation_within_outer_train
rolling_origin_2023-01-17,rolling_origin_2023-01-17__inner_1_2022-05-17,C03_causal_tcn,42121,92e2c7c1f70c24b6008eb72e90fb8244c710cd38d8231ad3761d9525f572c08e,P-V02-W003::C014::C016,9.469536480330728,0.1035800355858231,,,9.365956444744905,inner_validation_within_outer_train
rolling_origin_2023-01-17,rolling_origin_2023-01-17__inner_1_2022-05-17,C03_causal_tcn,42121,92e2c7c1f70c24b6008eb72e90fb8244c710cd38d8231ad3761d9525f572c08e,P-V02-W004::C014::C016,18.468056287107817,1.365908240959843,,,17.102148046147974,inner_validation_within_outer_train
rolling_origin_2023-01-17,rolling_origin_2023-01-17__inner_1_2022-05-17,C03_causal_tcn,42121,92e2c7c1f70c24b6008eb72e90fb8244c710cd38d8231ad3761d9525f572c08e,P-V02-W005::C014::C016,44.73005409590203,0.0486019311061554,,,44.68145216479587,inner_validation_within_outer_train
rolling_origin_2023-01-17,rolling_origin_2023-01-17__inner_1_2022-05-17,C03_causal_tcn,42121,92e2c7c1f70c24b6008eb72e90fb8244c710cd38d8231ad3761d9525f572c08e,P-V02-W006::C014::C016,24.39337494936235,5.840070249234586,,,30.233445198596936,inner_validation_within_outer_train
rolling_origin_2023-01-17,rolling_origin_2023-01-17__inner_1_2022-05-17,C03_causal_tcn,42121,92e2c7c1f70c24b6008eb72e90fb8244c710cd38d8231ad3761d9525f572c08e,P-V02-W007::C014::C016,22.382657929256744,2.220408390641236,,,24.60306631989798,inner_validation_within_outer_train
rolling_origin_2023-01-17,rolling_origin_2023-01-17__inner_1_2022-05-17,C03_causal_tcn,42121,92e2c7c1f70c24b6008eb72e90fb8244c710cd38d8231ad3761d9525f572c08e,P-V03-W001::C014::C016,25.141433574256677,1.7112833982362652,,,23.43015017602041,inner_validation_within_outer_train
rolling_origin_2023-01-17,rolling_origin_2023-01-17__inner_1_2022-05-17,C03_causal_tcn,42121,92e2c7c1f70c24b6008eb72e90fb8244c710cd38d8231ad3761d9525f572c08e,P-V03-W002::C014::C016,33.229205054638946,1.2055409408968174,,,34.43474599553576,inner_validation_within_outer_train
rolling_origin_2023-01-17,rolling_origin_2023-01-17__inner_1_2022-05-17,C03_causal_tcn,42121,92e2c7c1f70c24b6008eb72e90fb8244c710cd38d8231ad3761d9525f572c08e,P-V03-W003::C014::C016,35.18319213134926,1.0503812296203847,,,36.23357336096964,inner_validation_within_outer_train
rolling_origin_2023-01-17,rolling_origin_2023-01-17__inner_1_2022-05-17,C03_causal_tcn,42121,92e2c7c1f70c24b6008eb72e90fb8244c710cd38d8231ad3761d9525f572c08e,P-V03-W004::C014::C016,21.600423842663563,2.665533999551404,,,18.93488984311216,inner_validation_within_outer_train
rolling_origin_2023-01-17,rolling_origin_2023-01-17__inner_1_2022-05-17,C03_causal_tcn,42121,92e2c7c1f70c24b6008eb72e90fb8244c710cd38d8231ad3761d9525f572c08e,P-V03-W005::C014::C016,31.131732846960936,2.113607830717584,,,33.24534067767852,inner_validation_within_outer_train
rolling_origin_2023-01-17,rolling_origin_2023-01-17__inner_1_2022-05-17,C03_causal_tcn,42121,92e2c7c1f70c24b6008eb72e90fb8244c710cd38d8231ad3761d9525f572c08e,P-V03-W006::C014::C016,32.57070871737027,0.7709011930080081,,,31.799807524362265,inner_validation_within_outer_train
rolling_origin_2023-01-17,rolling_origin_2023-01-17__inner_1_2022-05-17,C03_causal_tcn,42121,92e2c7c1f70c24b6008eb72e90fb8244c710cd38d8231ad3761d9525f572c08e,P-V03-W007::C014::C016,6.001294967561037,5.792623356464117,,,0.2086716110969202,inner_validation_within_outer_train
rolling_origin_2023-01-17,rolling_origin_2023-01-17__inner_1_2022-05-17,C03_causal_tcn,42121,92e2c7c1f70c24b6008eb72e90fb8244c710cd38d8231ad3761d9525f572c08e,P-V04-W001::C014::C016,-0.2535335316677773,4.08440020118308,,,3.830866669515303,inner_validation_within_outer_train
rolling_origin_2023-01-17,rolling_origin_2023-01-17__inner_1_2022-05-17,C03_causal_tcn,42121,92e2c7c1f70c24b6008eb72e90fb8244c710cd38d8231ad3761d9525f572c08e,P-V04-W003::C014::C016,5.652533265008465,1.9482991431972845,,,3.7042341218111807,inner_validation_within_outer_train
rolling_origin_2023-01-17,rolling_origin_2023-01-17__inner_1_2022-05-17,C03_causal_tcn,42121,92e2c7c1f70c24b6008eb72e90fb8244c710cd38d8231ad3761d9525f572c08e,P-V04-W004::C014::C016,1.3147058804404672,1.7700176533605836,,,3.084723533801051,inner_validation_within_outer_train
rolling_origin_2023-01-17,rolling_origin_2023-01-17__inner_1_2022-05-17,C03_causal_tcn,42121,92e2c7c1f70c24b6008eb72e90fb8244c710cd38d8231ad3761d9525f572c08e,P-V04-W006::C014::C016,0.4854759745216839,1.890445086447694,,,2.375921060969378,inner_validation_within_outer_train
rolling_origin_2023-01-17,rolling_origin_2023-01-17__inner_1_2022-05-17,C03_causal_tcn,42121,92e2c7c1f70c24b6008eb72e90fb8244c710cd38d8231ad3761d9525f572c08e,P-V04-W007::C014::C016,36.00272624382346,1.4635172292633811,,,37.46624347308684,inner_validation_within_outer_train
rolling_origin_2023-01-17,rolling_origin_2023-01-17__inner_1_2022-05-17,C03_causal_tcn,42121,92e2c7c1f70c24b6008eb72e90fb8244c710cd38d8231ad3761d9525f572c08e,P-V05-W001::C014::C016,19.59249259347304,5.853187213924706,,,25.445679807397745,inner_validation_within_outer_train
rolling_origin_2023-01-17,rolling_origin_2023-01-17__inner_1_2022-05-17,C03_causal_tcn,42121,92e2c7c1f70c24b6008eb72e90fb8244c710cd38d8231ad3761d9525f572c08e,P-V05-W002::C014::C016,28.56292130705124,1.628890610622463,,,26.934030696428778,inner_validation_within_outer_train
rolling_origin_2023-01-17,rolling_origin_2023-01-17__inner_1_2022-05-17,C03_causal_tcn,42121,92e2c7c1f70c24b6008eb72e90fb8244c710cd38d8231ad3761d9525f572c08e,P-V05-W003::C014::C016,34.287310214255285,2.533071540786004,,,31.75423867346928,inner_validation_within_outer_train
rolling_origin_2023-01-17,rolling_origin_2023-01-17__inner_1_2022-05-17,C03_causal_tcn,42121,92e2c7c1f70c24b6008eb72e90fb8244c710cd38d8231ad3761d9525f572c08e,P-V05-W004::C014::C016,34.85142944279606,0.2322051762144781,,,34.61922426658158,inner_validation_within_outer_train
rolling_origin_2023-01-17,rolling_origin_2023-01-17__inner_1_2022-05-17,C03_causal_tcn,42121,92e2c7c1f70c24b6008eb72e90fb8244c710cd38d8231ad3761d9525f572c08e,P-V05-W006::C014::C016,23.1386985977118,0.3127888869819131,,,23.451487484693715,inner_validation_within_outer_train
rolling_origin_2023-01-17,rolling_origin_2023-01-17__inner_1_2022-05-17,C03_causal_tcn,42121,92e2c7c1f70c24b6008eb72e90fb8244c710cd38d8231ad3761d9525f572c08e,P-V05-W007::C014::C016,32.71999444656496,3.400898021819934,,,29.319096424745027,inner_validation_within_outer_train
rolling_origin_2023-01-17,rolling_origin_2023-01-17__inner_1_2022-05-17,C03_causal_tcn,42121,92e2c7c1f70c24b6008eb72e90fb8244c710cd38d8231ad3761d9525f572c08e,P-V06-W001::C014::C016,1.1963606936563131,1.1527763581973849,,,0.0435843354589285,inner_validation_within_outer_train
rolling_origin_2023-01-17,rolling_origin_2023-01-17__inner_1_2022-05-17,C03_causal_tcn,42121,92e2c7c1f70c24b6008eb72e90fb8244c710cd38d8231ad3761d9525f572c08e,P-V06-W002::C014::C016,26.78127613965584,2.959312411977276,,,23.82196372767856,inner_validation_within_outer_train
rolling_origin_2023-01-17,rolling_origin_2023-01-17__inner_1_2022-05-17,C03_causal_tcn,42121,92e2c7c1f70c24b6008eb72e90fb8244c710cd38d8231ad3761d9525f572c08e,P-V06-W003::C014::C016,29.452307110543288,0.0519611875434513,,,29.50426829808674,inner_validation_within_outer_train
rolling_origin_2023-01-17,rolling_origin_2023-01-17__inner_1_2022-05-17,C03_causal_tcn,42121,92e2c7c1f70c24b6008eb72e90fb8244c710cd38d8231ad3761d9525f572c08e,P-V06-W004::C014::C016,27.96213265323605,6.397643883975849,,,21.564488769260205,inner_validation_within_outer_train
rolling_origin_2023-01-17,rolling_origin_2023-01-17__inner_1_2022-05-17,C03_causal_tcn,42121,92e2c7c1f70c24b6008eb72e90fb8244c710cd38d8231ad3761d9525f572c08e,P-V06-W005::C014::C016,41.472028859469,0.1021835998422844,,,41.57421245931128,inner_validation_within_outer_train
rolling_origin_2023-01-17,rolling_origin_2023-01-17__inner_1_2022-05-17,C03_causal_tcn,42121,92e2c7c1f70c24b6008eb72e90fb8244c710cd38d8231ad3761d9525f572c08e,P-V06-W006::C014::C016,24.84796627136552,9.9502728227686,,,14.897693448596922,inner_validation_within_outer_train
rolling_origin_2023-01-17,rolling_origin_2023-01-17__inner_1_2022-05-17,C03_causal_tcn,42121,92e2c7c1f70c24b6008eb72e90fb8244c710cd38d8231ad3761d9525f572c08e,P-V06-W007::C014::C016,21.80763301963693,5.271225320019624,,,16.53640769961731,inner_validation_within_outer_train
rolling_origin_2023-01-17,rolling_origin_2023-01-17__inner_1_2022-05-17,C03_causal_tcn,42121,92e2c7c1f70c24b6008eb72e90fb8244c710cd38d8231ad3761d9525f572c08e,P-D01-W002::C015::C016,37.00418152159211,8.1494783118494,,,45.15365983344151,inner_validation_within_outer_train
rolling_origin_2023-01-17,rolling_origin_2023-01-17__inner_1_2022-05-17,C03_causal_tcn,42121,92e2c7c1f70c24b6008eb72e90fb8244c710cd38d8231ad3761d9525f572c08e,P-D01-W003::C015::C016,2.354917438726286,5.7719758656744045,,,-3.4170584269481186,inner_validation_within_outer_train
rolling_origin_2023-01-17,rolling_origin_2023-01-17__inner_1_2022-05-17,C03_causal_tcn,42121,92e2c7c1f70c24b6008eb72e90fb8244c710cd38d8231ad3761d9525f572c08e,P-D01-W004::C015::C016,1.0820464048673557,0.7198369925295751,,,0.3622094123377806,inner_validation_within_outer_train
rolling_origin_2023-01-17,rolling_origin_2023-01-17__inner_1_2022-05-17,C03_causal_tcn,42121,92e2c7c1f70c24b6008eb72e90fb8244c710cd38d8231ad3761d9525f572c08e,P-D01-W005::C015::C016,30.31301156012158,8.763020617151014,,,39.076032177272594,inner_validation_within_outer_train
rolling_origin_2023-01-17,rolling_origin_2023-01-17__inner_1_2022-05-17,C03_causal_tcn,42121,92e2c7c1f70c24b6008eb72e90fb8244c710cd38d8231ad3761d9525f572c08e,P-D01-W006::C015::C016,32.88479047773871,28.31205106187165,,,61.19684153961036,inner_validation_within_outer_train
rolling_origin_2023-01-17,rolling_origin_2023-01-17__inner_1_2022-05-17,C03_causal_tcn,42121,92e2c7c1f70c24b6008eb72e90fb8244c710cd38d8231ad3761d9525f572c08e,P-D01-W007::C015::C016,11.249271917065515,10.723476954038391,,,21.97274887110391,inner_validation_within_outer_train
rolling_origin_2023-01-17,rolling_origin_2023-01-17__inner_1_2022-05-17,C03_causal_tcn,42121,92e2c7c1f70c24b6008eb72e90fb8244c710cd38d8231ad3761d9525f572c08e,P-H04-W001::C015::C016,30.4057251506316,0.948935473034183,,,29.456789677597413,inner_validation_within_outer_train
rolling_origin_2023-01-17,rolling_origin_2023-01-17__inner_1_2022-05-17,C03_causal_tcn,42121,92e2c7c1f70c24b6008eb72e90fb8244c710cd38d8231ad3761d9525f572c08e,P-H04-W002::C015::C016,33.503486024956025,2.97053029290106,,,36.474016317857085,inner_validation_within_outer_train
rolling_origin_2023-01-17,rolling_origin_2023-01-17__inner_1_2022-05-17,C03_causal_tcn,42121,92e2c7c1f70c24b6008eb72e90fb8244c710cd38d8231ad3761d9525f572c08e,P-H04-W003::C015::C016,45.072156161460086,4.562515836784634,,,40.50964032467545,inner_validation_within_outer_train
rolling_origin_2023-01-17,rolling_origin_2023-01-17__inner_1_2022-05-17,C03_causal_tcn,42121,92e2c7c1f70c24b6008eb72e90fb8244c710cd38d8231ad3761d9525f572c08e,P-H04-W004::C015::C016,28.05598209763283,5.573717066139249,,,22.48226503149358,inner_validation_within_outer_train
rolling_origin_2023-01-17,rolling_origin_2023-01-17__inner_1_2022-05-17,C03_causal_tcn,42121,92e2c7c1f70c24b6008eb72e90fb8244c710cd38d8231ad3761d9525f572c08e,P-H04-W005::C015::C016,37.63556976072513,0.6652062052057843,,,36.97036355551935,inner_validation_within_outer_train
rolling_origin_2023-01-17,rolling_origin_2023-01-17__inner_1_2022-05-17,C03_causal_tcn,42121,92e2c7c1f70c24b6008eb72e90fb8244c710cd38d8231ad3761d9525f572c08e,P-H04-W006::C015::C016,30.527869087834688,17.487904924827674,,,48.01577401266236,inner_validation_within_outer_train
rolling_origin_2023-01-17,rolling_origin_2023-01-17__inner_1_2022-05-17,C03_causal_tcn,42121,92e2c7c1f70c24b6008eb72e90fb8244c710cd38d8231ad3761d9525f572c08e,P-H04-W007::C015::C016,35.84320963802241,0.0093698554840955,,,35.852579493506504,inner_validation_within_outer_train
rolling_origin_2023-01-17,rolling_origin_2023-01-17__inner_2_2022-07-19,C03_causal_tcn,42117,92e2c7c1f70c24b6008eb72e90fb8244c710cd38d8231ad3761d9525f572c08e,P-D01-W002::C016::C017,42.40114119002105,2.618833454026486,,,45.01997464404754,inner_validation_within_outer_train
rolling_origin_2023-01-17,rolling_origin_2023-01-17__inner_2_2022-07-19,C03_causal_tcn,42117,92e2c7c1f70c24b6008eb72e90fb8244c710cd38d8231ad3761d9525f572c08e,P-D01-W005::C016::C017,38.74228928833272,4.002369177143528,,,42.74465846547624,inner_validation_within_outer_train
rolling_origin_2023-01-17,rolling_origin_2023-01-17__inner_2_2022-07-19,C03_causal_tcn,42117,92e2c7c1f70c24b6008eb72e90fb8244c710cd38d8231ad3761d9525f572c08e,P-D01-W006::C016::C017,54.98592746623349,22.39713590162375,,,77.38306336785723,inner_validation_within_outer_train
rolling_origin_2023-01-17,rolling_origin_2023-01-17__inner_2_2022-07-19,C03_causal_tcn,42117,92e2c7c1f70c24b6008eb72e90fb8244c710cd38d8231ad3761d9525f572c08e,P-D01-W007::C016::C017,22.58453464160467,1.048510504699948,,,21.53602413690472,inner_validation_within_outer_train
rolling_origin_2023-01-17,rolling_origin_2023-01-17__inner_2_2022-07-19,C03_causal_tcn,42117,92e2c7c1f70c24b6008eb72e90fb8244c710cd38d8231ad3761d9525f572c08e,P-H03-W001::C016::C017,42.03261966028016,1.4774992805182734,,,40.55512037976189,inner_validation_within_outer_train
rolling_origin_2023-01-17,rolling_origin_2023-01-17__inner_2_2022-07-19,C03_causal_tcn,42117,92e2c7c1f70c24b6008eb72e90fb8244c710cd38d8231ad3761d9525f572c08e,P-H03-W002::C016::C017,40.25193769100167,8.013058835188993,,,48.26499652619066,inner_validation_within_outer_train
rolling_origin_2023-01-17,rolling_origin_2023-01-17__inner_2_2022-07-19,C03_causal_tcn,42117,92e2c7c1f70c24b6008eb72e90fb8244c710cd38d8231ad3761d9525f572c08e,P-H03-W004::C016::C017,38.6182573916978,10.745461573778726,,,49.36371896547652,inner_validation_within_outer_train
rolling_origin_2023-01-17,rolling_origin_2023-01-17__inner_2_2022-07-19,C03_causal_tcn,42117,92e2c7c1f70c24b6008eb72e90fb8244c710cd38d8231ad3761d9525f572c08e,P-H03-W006::C016::C017,39.52118539737825,14.694548774050304,,,54.21573417142855,inner_validation_within_outer_train
rolling_origin_2023-01-17,rolling_origin_2023-01-17__inner_2_2022-07-19,C03_causal_tcn,42117,92e2c7c1f70c24b6008eb72e90fb8244c710cd38d8231ad3761d9525f572c08e,P-H04-W002::C016::C017,30.680434055230275,20.492863082611017,,,10.18757097261926,inner_validation_within_outer_train
rolling_origin_2023-01-17,rolling_origin_2023-01-17__inner_2_2022-07-19,C03_causal_tcn,42117,92e2c7c1f70c24b6008eb72e90fb8244c710cd38d8231ad3761d9525f572c08e,P-H04-W003::C016::C017,36.06512012076801,28.728760219577204,,,7.336359901190802,inner_validation_within_outer_train
rolling_origin_2023-01-17,rolling_origin_2023-01-17__inner_2_2022-07-19,C03_causal_tcn,42117,92e2c7c1f70c24b6008eb72e90fb8244c710cd38d8231ad3761d9525f572c08e,P-H04-W004::C016::C017,20.790562407826105,19.40976029234992,,,1.3808021154761807,inner_validation_within_outer_train
rolling_origin_2023-01-17,rolling_origin_2023-01-17__inner_2_2022-07-19,C03_causal_tcn,42117,92e2c7c1f70c24b6008eb72e90fb8244c710cd38d8231ad3761d9525f572c08e,P-H04-W005::C016::C017,33.15985335789317,12.724192386464589,,,20.435660971428582,inner_validation_within_outer_train
rolling_origin_2023-01-17,rolling_origin_2023-01-17__inner_2_2022-07-19,C03_causal_tcn,42117,92e2c7c1f70c24b6008eb72e90fb8244c710cd38d8231ad3761d9525f572c08e,P-H04-W006::C016::C017,35.578222223422806,2.427606379375213,,,33.15061584404759,inner_validation_within_outer_train
rolling_origin_2023-01-17,rolling_origin_2023-01-17__inner_2_2022-07-19,C03_causal_tcn,42118,92e2c7c1f70c24b6008eb72e90fb8244c710cd38d8231ad3761d9525f572c08e,P-D01-W002::C016::C017,43.77155104738527,1.2484235966622703,,,45.01997464404754,inner_validation_within_outer_train
rolling_origin_2023-01-17,rolling_origin_2023-01-17__inner_2_2022-07-19,C03_causal_tcn,42118,92e2c7c1f70c24b6008eb72e90fb8244c710cd38d8231ad3761d9525f572c08e,P-D01-W005::C016::C017,41.33656721649326,1.4080912489829842,,,42.74465846547624,inner_validation_within_outer_train
rolling_origin_2023-01-17,rolling_origin_2023-01-17__inner_2_2022-07-19,C03_causal_tcn,42118,92e2c7c1f70c24b6008eb72e90fb8244c710cd38d8231ad3761d9525f572c08e,P-D01-W006::C016::C017,65.8203682199643,11.56269514789294,,,77.38306336785723,inner_validation_within_outer_train
rolling_origin_2023-01-17,rolling_origin_2023-01-17__inner_2_2022-07-19,C03_causal_tcn,42118,92e2c7c1f70c24b6008eb72e90fb8244c710cd38d8231ad3761d9525f572c08e,P-D01-W007::C016::C017,23.48820309616548,1.95217895926076,,,21.53602413690472,inner_validation_within_outer_train
rolling_origin_2023-01-17,rolling_origin_2023-01-17__inner_2_2022-07-19,C03_causal_tcn,42118,92e2c7c1f70c24b6008eb72e90fb8244c710cd38d8231ad3761d9525f572c08e,P-H03-W001::C016::C017,40.44606704144398,0.1090533383179064,,,40.55512037976189,inner_validation_within_outer_train
rolling_origin_2023-01-17,rolling_origin_2023-01-17__inner_2_2022-07-19,C03_causal_tcn,42118,92e2c7c1f70c24b6008eb72e90fb8244c710cd38d8231ad3761d9525f572c08e,P-H03-W002::C016::C017,45.67164290208338,2.59335362410728,,,48.26499652619066,inner_validation_within_outer_train
rolling_origin_2023-01-17,rolling_origin_2023-01-17__inner_2_2022-07-19,C03_causal_tcn,42118,92e2c7c1f70c24b6008eb72e90fb8244c710cd38d8231ad3761d9525f572c08e,P-H03-W004::C016::C017,34.94001048675853,14.423708478717993,,,49.36371896547652,inner_validation_within_outer_train
rolling_origin_2023-01-17,rolling_origin_2023-01-17__inner_2_2022-07-19,C03_causal_tcn,42118,92e2c7c1f70c24b6008eb72e90fb8244c710cd38d8231ad3761d9525f572c08e,P-H03-W006::C016::C017,36.43601669823553,17.779717473193024,,,54.21573417142855,inner_validation_within_outer_train
rolling_origin_2023-01-17,rolling_origin_2023-01-17__inner_2_2022-07-19,C03_causal_tcn,42118,92e2c7c1f70c24b6008eb72e90fb8244c710cd38d8231ad3761d9525f572c08e,P-H04-W002::C016::C017,33.79206953237132,23.60449855975206,,,10.18757097261926,inner_validation_within_outer_train
rolling_origin_2023-01-17,rolling_origin_2023-01-17__inner_2_2022-07-19,C03_causal_tcn,42118,92e2c7c1f70c24b6008eb72e90fb8244c710cd38d8231ad3761d9525f572c08e,P-H04-W003::C016::C017,37.88971790576626,30.553358004575458,,,7.336359901190802,inner_validation_within_outer_train
rolling_origin_2023-01-17,rolling_origin_2023-01-17__inner_2_2022-07-19,C03_causal_tcn,42118,92e2c7c1f70c24b6008eb72e90fb8244c710cd38d8231ad3761d9525f572c08e,P-H04-W004::C016::C017,22.432482793105,21.051680677628823,,,1.3808021154761807,inner_validation_within_outer_train
rolling_origin_2023-01-17,rolling_origin_2023-01-17__inner_2_2022-07-19,C03_causal_tcn,42118,92e2c7c1f70c24b6008eb72e90fb8244c710cd38d8231ad3761d9525f572c08e,P-H04-W005::C016::C017,32.6591357811977,12.223474809769115,,,20.435660971428582,inner_validation_within_outer_train
rolling_origin_2023-01-17,rolling_origin_2023-01-17__inner_2_2022-07-19,C03_causal_tcn,42118,92e2c7c1f70c24b6008eb72e90fb8244c710cd38d8231ad3761d9525f572c08e,P-H04-W006::C016::C017,42.36169978368048,9.211083939632886,,,33.15061584404759,inner_validation_within_outer_train
rolling_origin_2023-01-17,rolling_origin_2023-01-17__inner_2_2022-07-19,C03_causal_tcn,42119,92e2c7c1f70c24b6008eb72e90fb8244c710cd38d8231ad3761d9525f572c08e,P-D01-W002::C016::C017,41.87543102391361,3.1445436201339234,,,45.01997464404754,inner_validation_within_outer_train
rolling_origin_2023-01-17,rolling_origin_2023-01-17__inner_2_2022-07-19,C03_causal_tcn,42119,92e2c7c1f70c24b6008eb72e90fb8244c710cd38d8231ad3761d9525f572c08e,P-D01-W005::C016::C017,38.03076365867604,4.713894806800205,,,42.74465846547624,inner_validation_within_outer_train
rolling_origin_2023-01-17,rolling_origin_2023-01-17__inner_2_2022-07-19,C03_causal_tcn,42119,92e2c7c1f70c24b6008eb72e90fb8244c710cd38d8231ad3761d9525f572c08e,P-D01-W006::C016::C017,60.32237060354592,17.060692764311312,,,77.38306336785723,inner_validation_within_outer_train
rolling_origin_2023-01-17,rolling_origin_2023-01-17__inner_2_2022-07-19,C03_causal_tcn,42119,92e2c7c1f70c24b6008eb72e90fb8244c710cd38d8231ad3761d9525f572c08e,P-D01-W007::C016::C017,21.205921903686928,0.3301022332177936,,,21.53602413690472,inner_validation_within_outer_train
rolling_origin_2023-01-17,rolling_origin_2023-01-17__inner_2_2022-07-19,C03_causal_tcn,42119,92e2c7c1f70c24b6008eb72e90fb8244c710cd38d8231ad3761d9525f572c08e,P-H03-W001::C016::C017,43.0213360488423,2.4662156690804125,,,40.55512037976189,inner_validation_within_outer_train
rolling_origin_2023-01-17,rolling_origin_2023-01-17__inner_2_2022-07-19,C03_causal_tcn,42119,92e2c7c1f70c24b6008eb72e90fb8244c710cd38d8231ad3761d9525f572c08e,P-H03-W002::C016::C017,43.26362507275524,5.001371453435418,,,48.26499652619066,inner_validation_within_outer_train
rolling_origin_2023-01-17,rolling_origin_2023-01-17__inner_2_2022-07-19,C03_causal_tcn,42119,92e2c7c1f70c24b6008eb72e90fb8244c710cd38d8231ad3761d9525f572c08e,P-H03-W004::C016::C017,38.138529467015765,11.225189498460756,,,49.36371896547652,inner_validation_within_outer_train
rolling_origin_2023-01-17,rolling_origin_2023-01-17__inner_2_2022-07-19,C03_causal_tcn,42119,92e2c7c1f70c24b6008eb72e90fb8244c710cd38d8231ad3761d9525f572c08e,P-H03-W006::C016::C017,40.1610826616215,14.054651509807051,,,54.21573417142855,inner_validation_within_outer_train
rolling_origin_2023-01-17,rolling_origin_2023-01-17__inner_2_2022-07-19,C03_causal_tcn,42119,92e2c7c1f70c24b6008eb72e90fb8244c710cd38d8231ad3761d9525f572c08e,P-H04-W002::C016::C017,31.94963060415413,21.762059631534875,,,10.18757097261926,inner_validation_within_outer_train
rolling_origin_2023-01-17,rolling_origin_2023-01-17__inner_2_2022-07-19,C03_causal_tcn,42119,92e2c7c1f70c24b6008eb72e90fb8244c710cd38d8231ad3761d9525f572c08e,P-H04-W003::C016::C017,39.02511209415849,31.688752192967684,,,7.336359901190802,inner_validation_within_outer_train
rolling_origin_2023-01-17,rolling_origin_2023-01-17__inner_2_2022-07-19,C03_causal_tcn,42119,92e2c7c1f70c24b6008eb72e90fb8244c710cd38d8231ad3761d9525f572c08e,P-H04-W004::C016::C017,24.14072763649615,22.75992552101997,,,1.3808021154761807,inner_validation_within_outer_train
rolling_origin_2023-01-17,rolling_origin_2023-01-17__inner_2_2022-07-19,C03_causal_tcn,42119,92e2c7c1f70c24b6008eb72e90fb8244c710cd38d8231ad3761d9525f572c08e,P-H04-W005::C016::C017,34.55517864916411,14.11951767773553,,,20.435660971428582,inner_validation_within_outer_train
rolling_origin_2023-01-17,rolling_origin_2023-01-17__inner_2_2022-07-19,C03_causal_tcn,42119,92e2c7c1f70c24b6008eb72e90fb8244c710cd38d8231ad3761d9525f572c08e,P-H04-W006::C016::C017,48.8747393690351,15.724123524987505,,,33.15061584404759,inner_validation_within_outer_train
rolling_origin_2023-01-17,rolling_origin_2023-01-17__inner_2_2022-07-19,C03_causal_tcn,42120,92e2c7c1f70c24b6008eb72e90fb8244c710cd38d8231ad3761d9525f572c08e,P-D01-W002::C016::C017,42.69349529292542,2.326479351122117,,,45.01997464404754,inner_validation_within_outer_train
rolling_origin_2023-01-17,rolling_origin_2023-01-17__inner_2_2022-07-19,C03_causal_tcn,42120,92e2c7c1f70c24b6008eb72e90fb8244c710cd38d8231ad3761d9525f572c08e,P-D01-W005::C016::C017,40.09678376424375,2.647874701232489,,,42.74465846547624,inner_validation_within_outer_train
rolling_origin_2023-01-17,rolling_origin_2023-01-17__inner_2_2022-07-19,C03_causal_tcn,42120,92e2c7c1f70c24b6008eb72e90fb8244c710cd38d8231ad3761d9525f572c08e,P-D01-W006::C016::C017,67.65817941891984,9.72488394893739,,,77.38306336785723,inner_validation_within_outer_train
rolling_origin_2023-01-17,rolling_origin_2023-01-17__inner_2_2022-07-19,C03_causal_tcn,42120,92e2c7c1f70c24b6008eb72e90fb8244c710cd38d8231ad3761d9525f572c08e,P-D01-W007::C016::C017,23.02065720236274,1.48463306545802,,,21.53602413690472,inner_validation_within_outer_train
rolling_origin_2023-01-17,rolling_origin_2023-01-17__inner_2_2022-07-19,C03_causal_tcn,42120,92e2c7c1f70c24b6008eb72e90fb8244c710cd38d8231ad3761d9525f572c08e,P-H03-W001::C016::C017,44.21136914337078,3.656248763608893,,,40.55512037976189,inner_validation_within_outer_train
rolling_origin_2023-01-17,rolling_origin_2023-01-17__inner_2_2022-07-19,C03_causal_tcn,42120,92e2c7c1f70c24b6008eb72e90fb8244c710cd38d8231ad3761d9525f572c08e,P-H03-W002::C016::C017,44.676707718806114,3.588288807384544,,,48.26499652619066,inner_validation_within_outer_train
rolling_origin_2023-01-17,rolling_origin_2023-01-17__inner_2_2022-07-19,C03_causal_tcn,42120,92e2c7c1f70c24b6008eb72e90fb8244c710cd38d8231ad3761d9525f572c08e,P-H03-W004::C016::C017,36.99809851844725,12.365620447029272,,,49.36371896547652,inner_validation_within_outer_train
rolling_origin_2023-01-17,rolling_origin_2023-01-17__inner_2_2022-07-19,C03_causal_tcn,42120,92e2c7c1f70c24b6008eb72e90fb8244c710cd38d8231ad3761d9525f572c08e,P-H03-W006::C016::C017,38.78597699212392,15.42975717930463,,,54.21573417142855,inner_validation_within_outer_train
rolling_origin_2023-01-17,rolling_origin_2023-01-17__inner_2_2022-07-19,C03_causal_tcn,42120,92e2c7c1f70c24b6008eb72e90fb8244c710cd38d8231ad3761d9525f572c08e,P-H04-W002::C016::C017,36.01475861825446,25.8271876456352,,,10.18757097261926,inner_validation_within_outer_train
rolling_origin_2023-01-17,rolling_origin_2023-01-17__inner_2_2022-07-19,C03_causal_tcn,42120,92e2c7c1f70c24b6008eb72e90fb8244c710cd38d8231ad3761d9525f572c08e,P-H04-W003::C016::C017,38.77976185695845,31.443401955767648,,,7.336359901190802,inner_validation_within_outer_train
rolling_origin_2023-01-17,rolling_origin_2023-01-17__inner_2_2022-07-19,C03_causal_tcn,42120,92e2c7c1f70c24b6008eb72e90fb8244c710cd38d8231ad3761d9525f572c08e,P-H04-W004::C016::C017,22.84596981939193,21.465167703915743,,,1.3808021154761807,inner_validation_within_outer_train
rolling_origin_2023-01-17,rolling_origin_2023-01-17__inner_2_2022-07-19,C03_causal_tcn,42120,92e2c7c1f70c24b6008eb72e90fb8244c710cd38d8231ad3761d9525f572c08e,P-H04-W005::C016::C017,33.43831123586696,13.00265026443838,,,20.435660971428582,inner_validation_within_outer_train
rolling_origin_2023-01-17,rolling_origin_2023-01-17__inner_2_2022-07-19,C03_causal_tcn,42120,92e2c7c1f70c24b6008eb72e90fb8244c710cd38d8231ad3761d9525f572c08e,P-H04-W006::C016::C017,43.2622283446366,10.111612500589004,,,33.15061584404759,inner_validation_within_outer_train
rolling_origin_2023-01-17,rolling_origin_2023-01-17__inner_2_2022-07-19,C03_causal_tcn,42121,92e2c7c1f70c24b6008eb72e90fb8244c710cd38d8231ad3761d9525f572c08e,P-D01-W002::C016::C017,46.93913280477712,1.91915816072958,,,45.01997464404754,inner_validation_within_outer_train
rolling_origin_2023-01-17,rolling_origin_2023-01-17__inner_2_2022-07-19,C03_causal_tcn,42121,92e2c7c1f70c24b6008eb72e90fb8244c710cd38d8231ad3761d9525f572c08e,P-D01-W005::C016::C017,40.6154273399658,2.129231125510444,,,42.74465846547624,inner_validation_within_outer_train
rolling_origin_2023-01-17,rolling_origin_2023-01-17__inner_2_2022-07-19,C03_causal_tcn,42121,92e2c7c1f70c24b6008eb72e90fb8244c710cd38d8231ad3761d9525f572c08e,P-D01-W006::C016::C017,50.23170160126405,27.151361766593183,,,77.38306336785723,inner_validation_within_outer_train
rolling_origin_2023-01-17,rolling_origin_2023-01-17__inner_2_2022-07-19,C03_causal_tcn,42121,92e2c7c1f70c24b6008eb72e90fb8244c710cd38d8231ad3761d9525f572c08e,P-D01-W007::C016::C017,24.59818964122227,3.062165504317548,,,21.53602413690472,inner_validation_within_outer_train
rolling_origin_2023-01-17,rolling_origin_2023-01-17__inner_2_2022-07-19,C03_causal_tcn,42121,92e2c7c1f70c24b6008eb72e90fb8244c710cd38d8231ad3761d9525f572c08e,P-H03-W001::C016::C017,44.2913473812489,3.736227001487009,,,40.55512037976189,inner_validation_within_outer_train
rolling_origin_2023-01-17,rolling_origin_2023-01-17__inner_2_2022-07-19,C03_causal_tcn,42121,92e2c7c1f70c24b6008eb72e90fb8244c710cd38d8231ad3761d9525f572c08e,P-H03-W002::C016::C017,42.074194584070085,6.190801942120572,,,48.26499652619066,inner_validation_within_outer_train
rolling_origin_2023-01-17,rolling_origin_2023-01-17__inner_2_2022-07-19,C03_causal_tcn,42121,92e2c7c1f70c24b6008eb72e90fb8244c710cd38d8231ad3761d9525f572c08e,P-H03-W004::C016::C017,39.987863367987615,9.375855597488908,,,49.36371896547652,inner_validation_within_outer_train
rolling_origin_2023-01-17,rolling_origin_2023-01-17__inner_2_2022-07-19,C03_causal_tcn,42121,92e2c7c1f70c24b6008eb72e90fb8244c710cd38d8231ad3761d9525f572c08e,P-H03-W006::C016::C017,43.71212971977379,10.50360445165476,,,54.21573417142855,inner_validation_within_outer_train
rolling_origin_2023-01-17,rolling_origin_2023-01-17__inner_2_2022-07-19,C03_causal_tcn,42121,92e2c7c1f70c24b6008eb72e90fb8244c710cd38d8231ad3761d9525f572c08e,P-H04-W002::C016::C017,35.375284946883866,25.187713974264604,,,10.18757097261926,inner_validation_within_outer_train
rolling_origin_2023-01-17,rolling_origin_2023-01-17__inner_2_2022-07-19,C03_causal_tcn,42121,92e2c7c1f70c24b6008eb72e90fb8244c710cd38d8231ad3761d9525f572c08e,P-H04-W003::C016::C017,39.765611598290185,32.42925169709938,,,7.336359901190802,inner_validation_within_outer_train
rolling_origin_2023-01-17,rolling_origin_2023-01-17__inner_2_2022-07-19,C03_causal_tcn,42121,92e2c7c1f70c24b6008eb72e90fb8244c710cd38d8231ad3761d9525f572c08e,P-H04-W004::C016::C017,23.51953616031864,22.138734044842455,,,1.3808021154761807,inner_validation_within_outer_train
rolling_origin_2023-01-17,rolling_origin_2023-01-17__inner_2_2022-07-19,C03_causal_tcn,42121,92e2c7c1f70c24b6008eb72e90fb8244c710cd38d8231ad3761d9525f572c08e,P-H04-W005::C016::C017,36.37502908337135,15.93936811194277,,,20.435660971428582,inner_validation_within_outer_train
rolling_origin_2023-01-17,rolling_origin_2023-01-17__inner_2_2022-07-19,C03_causal_tcn,42121,92e2c7c1f70c24b6008eb72e90fb8244c710cd38d8231ad3761d9525f572c08e,P-H04-W006::C016::C017,40.42747774904228,7.276861904994689,,,33.15061584404759,inner_validation_within_outer_train
rolling_origin_2023-01-17,rolling_origin_2023-01-17__inner_3_2022-10-18,C03_causal_tcn,42117,92e2c7c1f70c24b6008eb72e90fb8244c710cd38d8231ad3761d9525f572c08e,P-D01-W003::C016::C018,0.25221810112012477,6.790947692873316,,,7.043165793993441,inner_validation_within_outer_train
rolling_origin_2023-01-17,rolling_origin_2023-01-17__inner_3_2022-10-18,C03_causal_tcn,42117,92e2c7c1f70c24b6008eb72e90fb8244c710cd38d8231ad3761d9525f572c08e,P-D01-W004::C016::C018,0.8336829787891453,4.375408875593991,,,5.209091854383137,inner_validation_within_outer_train
rolling_origin_2023-01-17,rolling_origin_2023-01-17__inner_3_2022-10-18,C03_causal_tcn,42117,92e2c7c1f70c24b6008eb72e90fb8244c710cd38d8231ad3761d9525f572c08e,P-H01-W001::C016::C018,23.469144927766663,5.6281631133186245,,,17.84098181444804,inner_validation_within_outer_train
rolling_origin_2023-01-17,rolling_origin_2023-01-17__inner_3_2022-10-18,C03_causal_tcn,42117,92e2c7c1f70c24b6008eb72e90fb8244c710cd38d8231ad3761d9525f572c08e,P-H01-W002::C016::C018,116.5642701051952,7.772844423863276,,,124.33711452905848,inner_validation_within_outer_train
rolling_origin_2023-01-17,rolling_origin_2023-01-17__inner_3_2022-10-18,C03_causal_tcn,42117,92e2c7c1f70c24b6008eb72e90fb8244c710cd38d8231ad3761d9525f572c08e,P-H01-W003::C016::C018,99.31339826164364,29.226020465377474,,,70.08737779626617,inner_validation_within_outer_train
rolling_origin_2023-01-17,rolling_origin_2023-01-17__inner_3_2022-10-18,C03_causal_tcn,42117,92e2c7c1f70c24b6008eb72e90fb8244c710cd38d8231ad3761d9525f572c08e,P-H01-W005::C016::C018,38.93215681709626,0.4009653481634672,,,39.33312216525973,inner_validation_within_outer_train
rolling_origin_2023-01-17,rolling_origin_2023-01-17__inner_3_2022-10-18,C03_causal_tcn,42117,92e2c7c1f70c24b6008eb72e90fb8244c710cd38d8231ad3761d9525f572c08e,P-H01-W006::C016::C018,26.74820106300944,3.734930126483416,,,23.013270936526023,inner_validation_within_outer_train
rolling_origin_2023-01-17,rolling_origin_2023-01-17__inner_3_2022-10-18,C03_causal_tcn,42117,92e2c7c1f70c24b6008eb72e90fb8244c710cd38d8231ad3761d9525f572c08e,P-H01-W007::C016::C018,38.05613102172605,1.7730931419103584,,,39.82922416363641,inner_validation_within_outer_train
rolling_origin_2023-01-17,rolling_origin_2023-01-17__inner_3_2022-10-18,C03_causal_tcn,42117,92e2c7c1f70c24b6008eb72e90fb8244c710cd38d8231ad3761d9525f572c08e,P-H02-W001::C016::C018,31.963831307073832,6.481435031424553,,,25.48239627564928,inner_validation_within_outer_train
rolling_origin_2023-01-17,rolling_origin_2023-01-17__inner_3_2022-10-18,C03_causal_tcn,42117,92e2c7c1f70c24b6008eb72e90fb8244c710cd38d8231ad3761d9525f572c08e,P-H02-W002::C016::C018,25.78508286709404,20.82854193323066,,,46.6136248003247,inner_validation_within_outer_train
rolling_origin_2023-01-17,rolling_origin_2023-01-17__inner_3_2022-10-18,C03_causal_tcn,42117,92e2c7c1f70c24b6008eb72e90fb8244c710cd38d8231ad3761d9525f572c08e,P-H02-W003::C016::C018,88.77300995000286,5.218347394152957,,,93.99135734415582,inner_validation_within_outer_train
rolling_origin_2023-01-17,rolling_origin_2023-01-17__inner_3_2022-10-18,C03_causal_tcn,42117,92e2c7c1f70c24b6008eb72e90fb8244c710cd38d8231ad3761d9525f572c08e,P-H02-W004::C016::C018,21.066214694803243,1.9531254754850416,,,19.1130892193182,inner_validation_within_outer_train
rolling_origin_2023-01-17,rolling_origin_2023-01-17__inner_3_2022-10-18,C03_causal_tcn,42117,92e2c7c1f70c24b6008eb72e90fb8244c710cd38d8231ad3761d9525f572c08e,P-H02-W006::C016::C018,20.23653107346979,6.5110864082100814,,,13.72544466525971,inner_validation_within_outer_train
rolling_origin_2023-01-17,rolling_origin_2023-01-17__inner_3_2022-10-18,C03_causal_tcn,42117,92e2c7c1f70c24b6008eb72e90fb8244c710cd38d8231ad3761d9525f572c08e,P-H02-W007::C016::C018,34.58258242222077,4.391640112357159,,,38.974222534577926,inner_validation_within_outer_train
rolling_origin_2023-01-17,rolling_origin_2023-01-17__inner_3_2022-10-18,C03_causal_tcn,42117,92e2c7c1f70c24b6008eb72e90fb8244c710cd38d8231ad3761d9525f572c08e,P-H03-W003::C016::C018,42.72602677198319,2.4234103844830983,,,40.302616387500095,inner_validation_within_outer_train
rolling_origin_2023-01-17,rolling_origin_2023-01-17__inner_3_2022-10-18,C03_causal_tcn,42117,92e2c7c1f70c24b6008eb72e90fb8244c710cd38d8231ad3761d9525f572c08e,P-H03-W005::C016::C018,43.58678748452528,1.624951582252585,,,41.961835902272696,inner_validation_within_outer_train
rolling_origin_2023-01-17,rolling_origin_2023-01-17__inner_3_2022-10-18,C03_causal_tcn,42117,92e2c7c1f70c24b6008eb72e90fb8244c710cd38d8231ad3761d9525f572c08e,P-H04-W001::C016::C018,22.359205910211543,12.841567422224479,,,9.517638487987064,inner_validation_within_outer_train
rolling_origin_2023-01-17,rolling_origin_2023-01-17__inner_3_2022-10-18,C03_causal_tcn,42117,92e2c7c1f70c24b6008eb72e90fb8244c710cd38d8231ad3761d9525f572c08e,P-H04-W007::C016::C018,26.807370350391935,7.513491868086735,,,19.2938784823052,inner_validation_within_outer_train
rolling_origin_2023-01-17,rolling_origin_2023-01-17__inner_3_2022-10-18,C03_causal_tcn,42117,92e2c7c1f70c24b6008eb72e90fb8244c710cd38d8231ad3761d9525f572c08e,P-H05-W001::C016::C018,37.12764737474171,7.361868422336144,,,44.48951579707786,inner_validation_within_outer_train
rolling_origin_2023-01-17,rolling_origin_2023-01-17__inner_3_2022-10-18,C03_causal_tcn,42117,92e2c7c1f70c24b6008eb72e90fb8244c710cd38d8231ad3761d9525f572c08e,P-H05-W003::C016::C018,27.55541129364859,0.20502880176583105,,,27.35038249188276,inner_validation_within_outer_train
rolling_origin_2023-01-17,rolling_origin_2023-01-17__inner_3_2022-10-18,C03_causal_tcn,42117,92e2c7c1f70c24b6008eb72e90fb8244c710cd38d8231ad3761d9525f572c08e,P-H05-W004::C016::C018,28.268487762459607,6.646803308968792,,,34.9152910714284,inner_validation_within_outer_train
rolling_origin_2023-01-17,rolling_origin_2023-01-17__inner_3_2022-10-18,C03_causal_tcn,42117,92e2c7c1f70c24b6008eb72e90fb8244c710cd38d8231ad3761d9525f572c08e,P-H05-W005::C016::C018,18.81045077439768,12.417086556771633,,,31.227537331169312,inner_validation_within_outer_train
rolling_origin_2023-01-17,rolling_origin_2023-01-17__inner_3_2022-10-18,C03_causal_tcn,42117,92e2c7c1f70c24b6008eb72e90fb8244c710cd38d8231ad3761d9525f572c08e,P-H05-W006::C016::C018,21.584171505149655,2.907821408811202,,,24.491992913960857,inner_validation_within_outer_train
rolling_origin_2023-01-17,rolling_origin_2023-01-17__inner_3_2022-10-18,C03_causal_tcn,42117,92e2c7c1f70c24b6008eb72e90fb8244c710cd38d8231ad3761d9525f572c08e,P-H05-W007::C016::C018,22.480217461532217,6.498580925480972,,,28.97879838701319,inner_validation_within_outer_train
rolling_origin_2023-01-17,rolling_origin_2023-01-17__inner_3_2022-10-18,C03_causal_tcn,42117,92e2c7c1f70c24b6008eb72e90fb8244c710cd38d8231ad3761d9525f572c08e,P-H06-W001::C016::C018,3.503504946011816,0.12025628272197109,,,3.623761228733787,inner_validation_within_outer_train
rolling_origin_2023-01-17,rolling_origin_2023-01-17__inner_3_2022-10-18,C03_causal_tcn,42117,92e2c7c1f70c24b6008eb72e90fb8244c710cd38d8231ad3761d9525f572c08e,P-H06-W002::C016::C018,2.4945664748847527,1.5158526730048552,,,4.010419147889608,inner_validation_within_outer_train
rolling_origin_2023-01-17,rolling_origin_2023-01-17__inner_3_2022-10-18,C03_causal_tcn,42117,92e2c7c1f70c24b6008eb72e90fb8244c710cd38d8231ad3761d9525f572c08e,P-H06-W003::C016::C018,2.684625545969862,0.3623613024633974,,,2.3222642435064644,inner_validation_within_outer_train
rolling_origin_2023-01-17,rolling_origin_2023-01-17__inner_3_2022-10-18,C03_causal_tcn,42117,92e2c7c1f70c24b6008eb72e90fb8244c710cd38d8231ad3761d9525f572c08e,P-H06-W004::C016::C018,1.6479037451081169,2.0906780576081347,,,-0.4427743125000178,inner_validation_within_outer_train
rolling_origin_2023-01-17,rolling_origin_2023-01-17__inner_3_2022-10-18,C03_causal_tcn,42117,92e2c7c1f70c24b6008eb72e90fb8244c710cd38d8231ad3761d9525f572c08e,P-H06-W005::C016::C018,3.1215995292686323,3.4578145260218354,,,-0.3362149967532031,inner_validation_within_outer_train
rolling_origin_2023-01-17,rolling_origin_2023-01-17__inner_3_2022-10-18,C03_causal_tcn,42117,92e2c7c1f70c24b6008eb72e90fb8244c710cd38d8231ad3761d9525f572c08e,P-H06-W007::C016::C018,1.3982542051325382,0.7052542711986338,,,2.103508476331172,inner_validation_within_outer_train
rolling_origin_2023-01-17,rolling_origin_2023-01-17__inner_3_2022-10-18,C03_causal_tcn,42117,92e2c7c1f70c24b6008eb72e90fb8244c710cd38d8231ad3761d9525f572c08e,P-H07-W001::C016::C018,41.72976647465413,12.810286585043702,,,28.919479889610425,inner_validation_within_outer_train
rolling_origin_2023-01-17,rolling_origin_2023-01-17__inner_3_2022-10-18,C03_causal_tcn,42117,92e2c7c1f70c24b6008eb72e90fb8244c710cd38d8231ad3761d9525f572c08e,P-H07-W002::C016::C018,35.81581896899128,4.220135727108126,,,31.595683241883155,inner_validation_within_outer_train
rolling_origin_2023-01-17,rolling_origin_2023-01-17__inner_3_2022-10-18,C03_causal_tcn,42117,92e2c7c1f70c24b6008eb72e90fb8244c710cd38d8231ad3761d9525f572c08e,P-H07-W003::C016::C018,0.5669786397805439,3.15931063570651,,,3.726289275487054,inner_validation_within_outer_train
rolling_origin_2023-01-17,rolling_origin_2023-01-17__inner_3_2022-10-18,C03_causal_tcn,42117,92e2c7c1f70c24b6008eb72e90fb8244c710cd38d8231ad3761d9525f572c08e,P-H07-W004::C016::C018,31.504936962712968,1.7133026873882606,,,29.791634275324707,inner_validation_within_outer_train
rolling_origin_2023-01-17,rolling_origin_2023-01-17__inner_3_2022-10-18,C03_causal_tcn,42117,92e2c7c1f70c24b6008eb72e90fb8244c710cd38d8231ad3761d9525f572c08e,P-H07-W005::C016::C018,-0.8450219887655983,1.1447642115253367,,,0.2997422227597383,inner_validation_within_outer_train
rolling_origin_2023-01-17,rolling_origin_2023-01-17__inner_3_2022-10-18,C03_causal_tcn,42117,92e2c7c1f70c24b6008eb72e90fb8244c710cd38d8231ad3761d9525f572c08e,P-H07-W006::C016::C018,12.900815190723716,4.871015098253572,,,17.771830288977288,inner_validation_within_outer_train
rolling_origin_2023-01-17,rolling_origin_2023-01-17__inner_3_2022-10-18,C03_causal_tcn,42117,92e2c7c1f70c24b6008eb72e90fb8244c710cd38d8231ad3761d9525f572c08e,P-V01-W001::C016::C018,39.213774033527045,0.6812523559296153,,,38.53252167759743,inner_validation_within_outer_train
rolling_origin_2023-01-17,rolling_origin_2023-01-17__inner_3_2022-10-18,C03_causal_tcn,42117,92e2c7c1f70c24b6008eb72e90fb8244c710cd38d8231ad3761d9525f572c08e,P-V01-W002::C016::C018,33.60192903619006,6.065954478258021,,,39.66788351444808,inner_validation_within_outer_train
rolling_origin_2023-01-17,rolling_origin_2023-01-17__inner_3_2022-10-18,C03_causal_tcn,42117,92e2c7c1f70c24b6008eb72e90fb8244c710cd38d8231ad3761d9525f572c08e,P-V01-W003::C016::C018,19.19544973879653,2.44392241266452,,,21.63937215146105,inner_validation_within_outer_train
rolling_origin_2023-01-17,rolling_origin_2023-01-17__inner_3_2022-10-18,C03_causal_tcn,42117,92e2c7c1f70c24b6008eb72e90fb8244c710cd38d8231ad3761d9525f572c08e,P-V01-W004::C016::C018,22.015239791217056,1.5365749565101936,,,23.55181474772725,inner_validation_within_outer_train
rolling_origin_2023-01-17,rolling_origin_2023-01-17__inner_3_2022-10-18,C03_causal_tcn,42117,92e2c7c1f70c24b6008eb72e90fb8244c710cd38d8231ad3761d9525f572c08e,P-V01-W005::C016::C018,33.02434833711613,0.23804022185634466,,,32.786308115259786,inner_validation_within_outer_train
rolling_origin_2023-01-17,rolling_origin_2023-01-17__inner_3_2022-10-18,C03_causal_tcn,42117,92e2c7c1f70c24b6008eb72e90fb8244c710cd38d8231ad3761d9525f572c08e,P-V01-W007::C016::C018,33.08751335515254,4.314712076178701,,,37.40222543133124,inner_validation_within_outer_train
rolling_origin_2023-01-17,rolling_origin_2023-01-17__inner_3_2022-10-18,C03_causal_tcn,42117,92e2c7c1f70c24b6008eb72e90fb8244c710cd38d8231ad3761d9525f572c08e,P-V02-W001::C016::C018,32.17347714950366,8.31316063018539,,,23.86031651931827,inner_validation_within_outer_train
rolling_origin_2023-01-17,rolling_origin_2023-01-17__inner_3_2022-10-18,C03_causal_tcn,42117,92e2c7c1f70c24b6008eb72e90fb8244c710cd38d8231ad3761d9525f572c08e,P-V02-W002::C016::C018,35.29105610963921,5.600681941782099,,,29.690374167857108,inner_validation_within_outer_train
rolling_origin_2023-01-17,rolling_origin_2023-01-17__inner_3_2022-10-18,C03_causal_tcn,42117,92e2c7c1f70c24b6008eb72e90fb8244c710cd38d8231ad3761d9525f572c08e,P-V02-W003::C016::C018,5.936454433150075,2.9682986207637194,,,2.968155812386356,inner_validation_within_outer_train
rolling_origin_2023-01-17,rolling_origin_2023-01-17__inner_3_2022-10-18,C03_causal_tcn,42117,92e2c7c1f70c24b6008eb72e90fb8244c710cd38d8231ad3761d9525f572c08e,P-V02-W004::C016::C018,16.498636751400554,5.019060947975234,,,11.47957580342532,inner_validation_within_outer_train
rolling_origin_2023-01-17,rolling_origin_2023-01-17__inner_3_2022-10-18,C03_causal_tcn,42117,92e2c7c1f70c24b6008eb72e90fb8244c710cd38d8231ad3761d9525f572c08e,P-V02-W005::C016::C018,39.336862803212405,5.462758362465635,,,33.87410444074677,inner_validation_within_outer_train
rolling_origin_2023-01-17,rolling_origin_2023-01-17__inner_3_2022-10-18,C03_causal_tcn,42117,92e2c7c1f70c24b6008eb72e90fb8244c710cd38d8231ad3761d9525f572c08e,P-V02-W006::C016::C018,29.85911589399527,7.74346746672262,,,22.11564842727265,inner_validation_within_outer_train
rolling_origin_2023-01-17,rolling_origin_2023-01-17__inner_3_2022-10-18,C03_causal_tcn,42117,92e2c7c1f70c24b6008eb72e90fb8244c710cd38d8231ad3761d9525f572c08e,P-V02-W007::C016::C018,23.33330534573339,5.335502020733408,,,17.997803324999982,inner_validation_within_outer_train
rolling_origin_2023-01-17,rolling_origin_2023-01-17__inner_3_2022-10-18,C03_causal_tcn,42117,92e2c7c1f70c24b6008eb72e90fb8244c710cd38d8231ad3761d9525f572c08e,P-V03-W001::C016::C018,25.04220780659388,8.248590961100966,,,33.290798767694845,inner_validation_within_outer_train
rolling_origin_2023-01-17,rolling_origin_2023-01-17__inner_3_2022-10-18,C03_causal_tcn,42117,92e2c7c1f70c24b6008eb72e90fb8244c710cd38d8231ad3761d9525f572c08e,P-V03-W002::C016::C018,34.07496409187515,5.0645034720857325,,,39.139467563960885,inner_validation_within_outer_train
rolling_origin_2023-01-17,rolling_origin_2023-01-17__inner_3_2022-10-18,C03_causal_tcn,42117,92e2c7c1f70c24b6008eb72e90fb8244c710cd38d8231ad3761d9525f572c08e,P-V03-W003::C016::C018,36.7349108787558,3.027020004360999,,,39.7619308831168,inner_validation_within_outer_train
rolling_origin_2023-01-17,rolling_origin_2023-01-17__inner_3_2022-10-18,C03_causal_tcn,42117,92e2c7c1f70c24b6008eb72e90fb8244c710cd38d8231ad3761d9525f572c08e,P-V03-W004::C016::C018,20.410405787305024,8.583623050357136,,,28.99402883766216,inner_validation_within_outer_train
rolling_origin_2023-01-17,rolling_origin_2023-01-17__inner_3_2022-10-18,C03_causal_tcn,42117,92e2c7c1f70c24b6008eb72e90fb8244c710cd38d8231ad3761d9525f572c08e,P-V03-W005::C016::C018,33.27670656251437,5.168579896089561,,,38.44528645860393,inner_validation_within_outer_train
rolling_origin_2023-01-17,rolling_origin_2023-01-17__inner_3_2022-10-18,C03_causal_tcn,42117,92e2c7c1f70c24b6008eb72e90fb8244c710cd38d8231ad3761d9525f572c08e,P-V03-W006::C016::C018,31.385038185144523,4.14005958141388,,,35.5250977665584,inner_validation_within_outer_train
rolling_origin_2023-01-17,rolling_origin_2023-01-17__inner_3_2022-10-18,C03_causal_tcn,42117,92e2c7c1f70c24b6008eb72e90fb8244c710cd38d8231ad3761d9525f572c08e,P-V03-W007::C016::C018,2.7047787759224136,1.0837429330061399,,,3.7885217089285534,inner_validation_within_outer_train
rolling_origin_2023-01-17,rolling_origin_2023-01-17__inner_3_2022-10-18,C03_causal_tcn,42117,92e2c7c1f70c24b6008eb72e90fb8244c710cd38d8231ad3761d9525f572c08e,P-V04-W001::C016::C018,1.008772404509692,2.241529576912271,,,-1.2327571724025792,inner_validation_within_outer_train
rolling_origin_2023-01-17,rolling_origin_2023-01-17__inner_3_2022-10-18,C03_causal_tcn,42117,92e2c7c1f70c24b6008eb72e90fb8244c710cd38d8231ad3761d9525f572c08e,P-V04-W002::C016::C018,0.33556564869224204,1.5532372845688482,,,-1.2176716358766062,inner_validation_within_outer_train
rolling_origin_2023-01-17,rolling_origin_2023-01-17__inner_3_2022-10-18,C03_causal_tcn,42117,92e2c7c1f70c24b6008eb72e90fb8244c710cd38d8231ad3761d9525f572c08e,P-V04-W003::C016::C018,1.1203110343488483,2.620667907725432,,,-1.5003568733765835,inner_validation_within_outer_train
rolling_origin_2023-01-17,rolling_origin_2023-01-17__inner_3_2022-10-18,C03_causal_tcn,42117,92e2c7c1f70c24b6008eb72e90fb8244c710cd38d8231ad3761d9525f572c08e,P-V04-W004::C016::C018,1.1233484244701195,2.180310060346743,,,-1.0569616358766234,inner_validation_within_outer_train
rolling_origin_2023-01-17,rolling_origin_2023-01-17__inner_3_2022-10-18,C03_causal_tcn,42117,92e2c7c1f70c24b6008eb72e90fb8244c710cd38d8231ad3761d9525f572c08e,P-V04-W005::C016::C018,-0.7386107859800326,1.9127871106109136,,,-2.651397896590946,inner_validation_within_outer_train
rolling_origin_2023-01-17,rolling_origin_2023-01-17__inner_3_2022-10-18,C03_causal_tcn,42117,92e2c7c1f70c24b6008eb72e90fb8244c710cd38d8231ad3761d9525f572c08e,P-V04-W006::C016::C018,0.667832688292787,2.996792391214851,,,-2.328959702922064,inner_validation_within_outer_train
rolling_origin_2023-01-17,rolling_origin_2023-01-17__inner_3_2022-10-18,C03_causal_tcn,42117,92e2c7c1f70c24b6008eb72e90fb8244c710cd38d8231ad3761d9525f572c08e,P-V04-W007::C016::C018,37.57727633633513,1.0218844530559323,,,36.5553918832792,inner_validation_within_outer_train
rolling_origin_2023-01-17,rolling_origin_2023-01-17__inner_3_2022-10-18,C03_causal_tcn,42117,92e2c7c1f70c24b6008eb72e90fb8244c710cd38d8231ad3761d9525f572c08e,P-V05-W001::C016::C018,26.30411582671372,3.3563927974929015,,,22.947723029220818,inner_validation_within_outer_train
rolling_origin_2023-01-17,rolling_origin_2023-01-17__inner_3_2022-10-18,C03_causal_tcn,42117,92e2c7c1f70c24b6008eb72e90fb8244c710cd38d8231ad3761d9525f572c08e,P-V05-W002::C016::C018,28.868639670107044,7.106482564587498,,,21.762157105519545,inner_validation_within_outer_train
rolling_origin_2023-01-17,rolling_origin_2023-01-17__inner_3_2022-10-18,C03_causal_tcn,42117,92e2c7c1f70c24b6008eb72e90fb8244c710cd38d8231ad3761d9525f572c08e,P-V05-W003::C016::C018,34.41097720526473,0.88569178824185,,,35.29666899350658,inner_validation_within_outer_train
rolling_origin_2023-01-17,rolling_origin_2023-01-17__inner_3_2022-10-18,C03_causal_tcn,42117,92e2c7c1f70c24b6008eb72e90fb8244c710cd38d8231ad3761d9525f572c08e,P-V05-W004::C016::C018,36.41123899395783,2.6953553981783216,,,33.71588359577951,inner_validation_within_outer_train
rolling_origin_2023-01-17,rolling_origin_2023-01-17__inner_3_2022-10-18,C03_causal_tcn,42117,92e2c7c1f70c24b6008eb72e90fb8244c710cd38d8231ad3761d9525f572c08e,P-V05-W005::C016::C018,34.12672913042907,1.3380824664682223,,,32.78864666396085,inner_validation_within_outer_train
rolling_origin_2023-01-17,rolling_origin_2023-01-17__inner_3_2022-10-18,C03_causal_tcn,42117,92e2c7c1f70c24b6008eb72e90fb8244c710cd38d8231ad3761d9525f572c08e,P-V05-W006::C016::C018,25.959880517798915,2.436625473967716,,,23.5232550438312,inner_validation_within_outer_train
rolling_origin_2023-01-17,rolling_origin_2023-01-17__inner_3_2022-10-18,C03_causal_tcn,42117,92e2c7c1f70c24b6008eb72e90fb8244c710cd38d8231ad3761d9525f572c08e,P-V05-W007::C016::C018,32.32341349348643,1.0799844967733208,,,33.40339799025975,inner_validation_within_outer_train
rolling_origin_2023-01-17,rolling_origin_2023-01-17__inner_3_2022-10-18,C03_causal_tcn,42117,92e2c7c1f70c24b6008eb72e90fb8244c710cd38d8231ad3761d9525f572c08e,P-V06-W002::C016::C018,23.20810090198044,0.7468459629546409,,,23.95494686493508,inner_validation_within_outer_train
rolling_origin_2023-01-17,rolling_origin_2023-01-17__inner_3_2022-10-18,C03_causal_tcn,42117,92e2c7c1f70c24b6008eb72e90fb8244c710cd38d8231ad3761d9525f572c08e,P-V06-W003::C016::C018,30.463841588656106,3.2589827058243834,,,33.72282429448049,inner_validation_within_outer_train
rolling_origin_2023-01-17,rolling_origin_2023-01-17__inner_3_2022-10-18,C03_causal_tcn,42117,92e2c7c1f70c24b6008eb72e90fb8244c710cd38d8231ad3761d9525f572c08e,P-V06-W004::C016::C018,20.454152506599893,3.473430255250772,,,23.927582761850665,inner_validation_within_outer_train
rolling_origin_2023-01-17,rolling_origin_2023-01-17__inner_3_2022-10-18,C03_causal_tcn,42117,92e2c7c1f70c24b6008eb72e90fb8244c710cd38d8231ad3761d9525f572c08e,P-V06-W005::C016::C018,36.46667563652691,3.01370607889514,,,39.48038171542205,inner_validation_within_outer_train
rolling_origin_2023-01-17,rolling_origin_2023-01-17__inner_3_2022-10-18,C03_causal_tcn,42117,92e2c7c1f70c24b6008eb72e90fb8244c710cd38d8231ad3761d9525f572c08e,P-V06-W006::C016::C018,14.813517616764962,5.909861136319439,,,20.7233787530844,inner_validation_within_outer_train
rolling_origin_2023-01-17,rolling_origin_2023-01-17__inner_3_2022-10-18,C03_causal_tcn,42117,92e2c7c1f70c24b6008eb72e90fb8244c710cd38d8231ad3761d9525f572c08e,P-V06-W007::C016::C018,15.217912905217975,5.531970190398905,,,20.74988309561688,inner_validation_within_outer_train
rolling_origin_2023-01-17,rolling_origin_2023-01-17__inner_3_2022-10-18,C03_causal_tcn,42117,92e2c7c1f70c24b6008eb72e90fb8244c710cd38d8231ad3761d9525f572c08e,P-D01-W001::C017::C018,122.44700134662938,29.04990455721685,,,151.49690590384623,inner_validation_within_outer_train
rolling_origin_2023-01-17,rolling_origin_2023-01-17__inner_3_2022-10-18,C03_causal_tcn,42117,92e2c7c1f70c24b6008eb72e90fb8244c710cd38d8231ad3761d9525f572c08e,P-D01-W002::C017::C018,47.946810843246425,1.9476211962684076,,,45.99918964697802,inner_validation_within_outer_train
rolling_origin_2023-01-17,rolling_origin_2023-01-17__inner_3_2022-10-18,C03_causal_tcn,42117,92e2c7c1f70c24b6008eb72e90fb8244c710cd38d8231ad3761d9525f572c08e,P-D01-W005::C017::C018,45.09852389415959,3.2380482238299138,,,41.86047567032968,inner_validation_within_outer_train
rolling_origin_2023-01-17,rolling_origin_2023-01-17__inner_3_2022-10-18,C03_causal_tcn,42117,92e2c7c1f70c24b6008eb72e90fb8244c710cd38d8231ad3761d9525f572c08e,P-D01-W006::C017::C018,76.19485516240388,18.196430607651152,,,94.39128577005503,inner_validation_within_outer_train
rolling_origin_2023-01-17,rolling_origin_2023-01-17__inner_3_2022-10-18,C03_causal_tcn,42117,92e2c7c1f70c24b6008eb72e90fb8244c710cd38d8231ad3761d9525f572c08e,P-D01-W007::C017::C018,27.295420832040282,0.7468681622600712,,,26.54855266978021,inner_validation_within_outer_train
rolling_origin_2023-01-17,rolling_origin_2023-01-17__inner_3_2022-10-18,C03_causal_tcn,42117,92e2c7c1f70c24b6008eb72e90fb8244c710cd38d8231ad3761d9525f572c08e,P-H03-W001::C017::C018,37.142340505290164,0.349241441138453,,,37.49158194642862,inner_validation_within_outer_train
rolling_origin_2023-01-17,rolling_origin_2023-01-17__inner_3_2022-10-18,C03_causal_tcn,42117,92e2c7c1f70c24b6008eb72e90fb8244c710cd38d8231ad3761d9525f572c08e,P-H03-W002::C017::C018,44.23420572389509,1.6432685854336953,,,42.59093713846139,inner_validation_within_outer_train
rolling_origin_2023-01-17,rolling_origin_2023-01-17__inner_3_2022-10-18,C03_causal_tcn,42117,92e2c7c1f70c24b6008eb72e90fb8244c710cd38d8231ad3761d9525f572c08e,P-H03-W004::C017::C018,41.46740701966546,1.5056285795103292,,,42.97303559917579,inner_validation_within_outer_train
rolling_origin_2023-01-17,rolling_origin_2023-01-17__inner_3_2022-10-18,C03_causal_tcn,42117,92e2c7c1f70c24b6008eb72e90fb8244c710cd38d8231ad3761d9525f572c08e,P-H03-W006::C017::C018,45.62474807022194,1.3993785919253412,,,44.2253694782966,inner_validation_within_outer_train
rolling_origin_2023-01-17,rolling_origin_2023-01-17__inner_3_2022-10-18,C03_causal_tcn,42117,92e2c7c1f70c24b6008eb72e90fb8244c710cd38d8231ad3761d9525f572c08e,P-H04-W002::C017::C018,29.18961309381606,102.5175862303596,,,131.70719932417566,inner_validation_within_outer_train
rolling_origin_2023-01-17,rolling_origin_2023-01-17__inner_3_2022-10-18,C03_causal_tcn,42117,92e2c7c1f70c24b6008eb72e90fb8244c710cd38d8231ad3761d9525f572c08e,P-H04-W003::C017::C018,29.059458241324464,0.38639269136767496,,,29.44585093269214,inner_validation_within_outer_train
rolling_origin_2023-01-17,rolling_origin_2023-01-17__inner_3_2022-10-18,C03_causal_tcn,42117,92e2c7c1f70c24b6008eb72e90fb8244c710cd38d8231ad3761d9525f572c08e,P-H04-W004::C017::C018,19.65972849197165,2.8675190873012895,,,16.79220940467036,inner_validation_within_outer_train
rolling_origin_2023-01-17,rolling_origin_2023-01-17__inner_3_2022-10-18,C03_causal_tcn,42117,92e2c7c1f70c24b6008eb72e90fb8244c710cd38d8231ad3761d9525f572c08e,P-H04-W005::C017::C018,35.182027477424384,11.446457315611124,,,23.73557016181326,inner_validation_within_outer_train
rolling_origin_2023-01-17,rolling_origin_2023-01-17__inner_3_2022-10-18,C03_causal_tcn,42117,92e2c7c1f70c24b6008eb72e90fb8244c710cd38d8231ad3761d9525f572c08e,P-H04-W006::C017::C018,43.302643789454635,0.7037297515425038,,,42.59891403791213,inner_validation_within_outer_train
rolling_origin_2023-01-17,rolling_origin_2023-01-17__inner_3_2022-10-18,C03_causal_tcn,42118,92e2c7c1f70c24b6008eb72e90fb8244c710cd38d8231ad3761d9525f572c08e,P-D01-W003::C016::C018,1.2385446189408427,5.804621175052598,,,7.043165793993441,inner_validation_within_outer_train
rolling_origin_2023-01-17,rolling_origin_2023-01-17__inner_3_2022-10-18,C03_causal_tcn,42118,92e2c7c1f70c24b6008eb72e90fb8244c710cd38d8231ad3761d9525f572c08e,P-D01-W004::C016::C018,2.519722608662452,2.689369245720685,,,5.209091854383137,inner_validation_within_outer_train
rolling_origin_2023-01-17,rolling_origin_2023-01-17__inner_3_2022-10-18,C03_causal_tcn,42118,92e2c7c1f70c24b6008eb72e90fb8244c710cd38d8231ad3761d9525f572c08e,P-H01-W001::C016::C018,23.218913668983696,5.377931854535657,,,17.84098181444804,inner_validation_within_outer_train
rolling_origin_2023-01-17,rolling_origin_2023-01-17__inner_3_2022-10-18,C03_causal_tcn,42118,92e2c7c1f70c24b6008eb72e90fb8244c710cd38d8231ad3761d9525f572c08e,P-H01-W002::C016::C018,97.23056902678015,27.106545502278337,,,124.33711452905848,inner_validation_within_outer_train
rolling_origin_2023-01-17,rolling_origin_2023-01-17__inner_3_2022-10-18,C03_causal_tcn,42118,92e2c7c1f70c24b6008eb72e90fb8244c710cd38d8231ad3761d9525f572c08e,P-H01-W003::C016::C018,89.07164106813184,18.98426327186567,,,70.08737779626617,inner_validation_within_outer_train
rolling_origin_2023-01-17,rolling_origin_2023-01-17__inner_3_2022-10-18,C03_causal_tcn,42118,92e2c7c1f70c24b6008eb72e90fb8244c710cd38d8231ad3761d9525f572c08e,P-H01-W005::C016::C018,37.46392845723564,1.869193708024092,,,39.33312216525973,inner_validation_within_outer_train
rolling_origin_2023-01-17,rolling_origin_2023-01-17__inner_3_2022-10-18,C03_causal_tcn,42118,92e2c7c1f70c24b6008eb72e90fb8244c710cd38d8231ad3761d9525f572c08e,P-H01-W006::C016::C018,26.87710579995273,3.863834863426707,,,23.013270936526023,inner_validation_within_outer_train
rolling_origin_2023-01-17,rolling_origin_2023-01-17__inner_3_2022-10-18,C03_causal_tcn,42118,92e2c7c1f70c24b6008eb72e90fb8244c710cd38d8231ad3761d9525f572c08e,P-H01-W007::C016::C018,35.61874295294253,4.210481210693878,,,39.82922416363641,inner_validation_within_outer_train
rolling_origin_2023-01-17,rolling_origin_2023-01-17__inner_3_2022-10-18,C03_causal_tcn,42118,92e2c7c1f70c24b6008eb72e90fb8244c710cd38d8231ad3761d9525f572c08e,P-H02-W001::C016::C018,31.25878643389548,5.776390158246201,,,25.48239627564928,inner_validation_within_outer_train
rolling_origin_2023-01-17,rolling_origin_2023-01-17__inner_3_2022-10-18,C03_causal_tcn,42118,92e2c7c1f70c24b6008eb72e90fb8244c710cd38d8231ad3761d9525f572c08e,P-H02-W002::C016::C018,30.024047062671873,16.589577737652828,,,46.6136248003247,inner_validation_within_outer_train
rolling_origin_2023-01-17,rolling_origin_2023-01-17__inner_3_2022-10-18,C03_causal_tcn,42118,92e2c7c1f70c24b6008eb72e90fb8244c710cd38d8231ad3761d9525f572c08e,P-H02-W003::C016::C018,72.0849440329091,21.90641331124671,,,93.99135734415582,inner_validation_within_outer_train
rolling_origin_2023-01-17,rolling_origin_2023-01-17__inner_3_2022-10-18,C03_causal_tcn,42118,92e2c7c1f70c24b6008eb72e90fb8244c710cd38d8231ad3761d9525f572c08e,P-H02-W004::C016::C018,21.46760921761394,2.354519998295739,,,19.1130892193182,inner_validation_within_outer_train
rolling_origin_2023-01-17,rolling_origin_2023-01-17__inner_3_2022-10-18,C03_causal_tcn,42118,92e2c7c1f70c24b6008eb72e90fb8244c710cd38d8231ad3761d9525f572c08e,P-H02-W006::C016::C018,20.515851324662165,6.790406659402455,,,13.72544466525971,inner_validation_within_outer_train
rolling_origin_2023-01-17,rolling_origin_2023-01-17__inner_3_2022-10-18,C03_causal_tcn,42118,92e2c7c1f70c24b6008eb72e90fb8244c710cd38d8231ad3761d9525f572c08e,P-H02-W007::C016::C018,32.853529478243644,6.120693056334282,,,38.974222534577926,inner_validation_within_outer_train
rolling_origin_2023-01-17,rolling_origin_2023-01-17__inner_3_2022-10-18,C03_causal_tcn,42118,92e2c7c1f70c24b6008eb72e90fb8244c710cd38d8231ad3761d9525f572c08e,P-H03-W003::C016::C018,42.602116393153295,2.2995000056532007,,,40.302616387500095,inner_validation_within_outer_train
rolling_origin_2023-01-17,rolling_origin_2023-01-17__inner_3_2022-10-18,C03_causal_tcn,42118,92e2c7c1f70c24b6008eb72e90fb8244c710cd38d8231ad3761d9525f572c08e,P-H03-W005::C016::C018,43.24894009514807,1.2871041928753755,,,41.961835902272696,inner_validation_within_outer_train
rolling_origin_2023-01-17,rolling_origin_2023-01-17__inner_3_2022-10-18,C03_causal_tcn,42118,92e2c7c1f70c24b6008eb72e90fb8244c710cd38d8231ad3761d9525f572c08e,P-H04-W001::C016::C018,18.7322221081674,9.214583620180335,,,9.517638487987064,inner_validation_within_outer_train
rolling_origin_2023-01-17,rolling_origin_2023-01-17__inner_3_2022-10-18,C03_causal_tcn,42118,92e2c7c1f70c24b6008eb72e90fb8244c710cd38d8231ad3761d9525f572c08e,P-H04-W007::C016::C018,23.634228545836915,4.340350063531716,,,19.2938784823052,inner_validation_within_outer_train
rolling_origin_2023-01-17,rolling_origin_2023-01-17__inner_3_2022-10-18,C03_causal_tcn,42118,92e2c7c1f70c24b6008eb72e90fb8244c710cd38d8231ad3761d9525f572c08e,P-H05-W001::C016::C018,35.94565885096387,8.543856946113983,,,44.48951579707786,inner_validation_within_outer_train
rolling_origin_2023-01-17,rolling_origin_2023-01-17__inner_3_2022-10-18,C03_causal_tcn,42118,92e2c7c1f70c24b6008eb72e90fb8244c710cd38d8231ad3761d9525f572c08e,P-H05-W003::C016::C018,27.693343049042127,0.342960557159369,,,27.35038249188276,inner_validation_within_outer_train
rolling_origin_2023-01-17,rolling_origin_2023-01-17__inner_3_2022-10-18,C03_causal_tcn,42118,92e2c7c1f70c24b6008eb72e90fb8244c710cd38d8231ad3761d9525f572c08e,P-H05-W004::C016::C018,29.26214802698692,5.653143044441478,,,34.9152910714284,inner_validation_within_outer_train
rolling_origin_2023-01-17,rolling_origin_2023-01-17__inner_3_2022-10-18,C03_causal_tcn,42118,92e2c7c1f70c24b6008eb72e90fb8244c710cd38d8231ad3761d9525f572c08e,P-H05-W005::C016::C018,18.38626117588587,12.841276155283442,,,31.227537331169312,inner_validation_within_outer_train
rolling_origin_2023-01-17,rolling_origin_2023-01-17__inner_3_2022-10-18,C03_causal_tcn,42118,92e2c7c1f70c24b6008eb72e90fb8244c710cd38d8231ad3761d9525f572c08e,P-H05-W006::C016::C018,21.513583926045193,2.978408987915664,,,24.491992913960857,inner_validation_within_outer_train
rolling_origin_2023-01-17,rolling_origin_2023-01-17__inner_3_2022-10-18,C03_causal_tcn,42118,92e2c7c1f70c24b6008eb72e90fb8244c710cd38d8231ad3761d9525f572c08e,P-H05-W007::C016::C018,21.299522392269445,7.679275994743744,,,28.97879838701319,inner_validation_within_outer_train
rolling_origin_2023-01-17,rolling_origin_2023-01-17__inner_3_2022-10-18,C03_causal_tcn,42118,92e2c7c1f70c24b6008eb72e90fb8244c710cd38d8231ad3761d9525f572c08e,P-H06-W001::C016::C018,3.724907246185957,0.10114601745216989,,,3.623761228733787,inner_validation_within_outer_train
rolling_origin_2023-01-17,rolling_origin_2023-01-17__inner_3_2022-10-18,C03_causal_tcn,42118,92e2c7c1f70c24b6008eb72e90fb8244c710cd38d8231ad3761d9525f572c08e,P-H06-W002::C016::C018,3.723295769111971,0.28712337877763705,,,4.010419147889608,inner_validation_within_outer_train
rolling_origin_2023-01-17,rolling_origin_2023-01-17__inner_3_2022-10-18,C03_causal_tcn,42118,92e2c7c1f70c24b6008eb72e90fb8244c710cd38d8231ad3761d9525f572c08e,P-H06-W003::C016::C018,3.30413104911268,0.9818668056062156,,,2.3222642435064644,inner_validation_within_outer_train
rolling_origin_2023-01-17,rolling_origin_2023-01-17__inner_3_2022-10-18,C03_causal_tcn,42118,92e2c7c1f70c24b6008eb72e90fb8244c710cd38d8231ad3761d9525f572c08e,P-H06-W004::C016::C018,2.39446689063897,2.837241203138988,,,-0.4427743125000178,inner_validation_within_outer_train
rolling_origin_2023-01-17,rolling_origin_2023-01-17__inner_3_2022-10-18,C03_causal_tcn,42118,92e2c7c1f70c24b6008eb72e90fb8244c710cd38d8231ad3761d9525f572c08e,P-H06-W005::C016::C018,3.823051083255585,4.159266080008788,,,-0.3362149967532031,inner_validation_within_outer_train
rolling_origin_2023-01-17,rolling_origin_2023-01-17__inner_3_2022-10-18,C03_causal_tcn,42118,92e2c7c1f70c24b6008eb72e90fb8244c710cd38d8231ad3761d9525f572c08e,P-H06-W007::C016::C018,2.289855170586023,0.18634669425485084,,,2.103508476331172,inner_validation_within_outer_train
rolling_origin_2023-01-17,rolling_origin_2023-01-17__inner_3_2022-10-18,C03_causal_tcn,42118,92e2c7c1f70c24b6008eb72e90fb8244c710cd38d8231ad3761d9525f572c08e,P-H07-W001::C016::C018,38.47153562855271,9.552055738942283,,,28.919479889610425,inner_validation_within_outer_train
rolling_origin_2023-01-17,rolling_origin_2023-01-17__inner_3_2022-10-18,C03_causal_tcn,42118,92e2c7c1f70c24b6008eb72e90fb8244c710cd38d8231ad3761d9525f572c08e,P-H07-W002::C016::C018,34.522667216283565,2.926983974400411,,,31.595683241883155,inner_validation_within_outer_train
rolling_origin_2023-01-17,rolling_origin_2023-01-17__inner_3_2022-10-18,C03_causal_tcn,42118,92e2c7c1f70c24b6008eb72e90fb8244c710cd38d8231ad3761d9525f572c08e,P-H07-W003::C016::C018,2.198511278442229,1.5277779970448249,,,3.726289275487054,inner_validation_within_outer_train
rolling_origin_2023-01-17,rolling_origin_2023-01-17__inner_3_2022-10-18,C03_causal_tcn,42118,92e2c7c1f70c24b6008eb72e90fb8244c710cd38d8231ad3761d9525f572c08e,P-H07-W004::C016::C018,30.795066814432396,1.0034325391076884,,,29.791634275324707,inner_validation_within_outer_train
rolling_origin_2023-01-17,rolling_origin_2023-01-17__inner_3_2022-10-18,C03_causal_tcn,42118,92e2c7c1f70c24b6008eb72e90fb8244c710cd38d8231ad3761d9525f572c08e,P-H07-W005::C016::C018,2.8395519752101386,2.5398097524504,,,0.2997422227597383,inner_validation_within_outer_train
rolling_origin_2023-01-17,rolling_origin_2023-01-17__inner_3_2022-10-18,C03_causal_tcn,42118,92e2c7c1f70c24b6008eb72e90fb8244c710cd38d8231ad3761d9525f572c08e,P-H07-W006::C016::C018,20.729337854118327,2.9575075651410394,,,17.771830288977288,inner_validation_within_outer_train
rolling_origin_2023-01-17,rolling_origin_2023-01-17__inner_3_2022-10-18,C03_causal_tcn,42118,92e2c7c1f70c24b6008eb72e90fb8244c710cd38d8231ad3761d9525f572c08e,P-V01-W001::C016::C018,34.89933441692432,3.633187260673111,,,38.53252167759743,inner_validation_within_outer_train
rolling_origin_2023-01-17,rolling_origin_2023-01-17__inner_3_2022-10-18,C03_causal_tcn,42118,92e2c7c1f70c24b6008eb72e90fb8244c710cd38d8231ad3761d9525f572c08e,P-V01-W002::C016::C018,31.79591066530259,7.8719728491454894,,,39.66788351444808,inner_validation_within_outer_train
rolling_origin_2023-01-17,rolling_origin_2023-01-17__inner_3_2022-10-18,C03_causal_tcn,42118,92e2c7c1f70c24b6008eb72e90fb8244c710cd38d8231ad3761d9525f572c08e,P-V01-W003::C016::C018,19.44189585767958,2.1974762937814702,,,21.63937215146105,inner_validation_within_outer_train
rolling_origin_2023-01-17,rolling_origin_2023-01-17__inner_3_2022-10-18,C03_causal_tcn,42118,92e2c7c1f70c24b6008eb72e90fb8244c710cd38d8231ad3761d9525f572c08e,P-V01-W004::C016::C018,23.565294561957238,0.013479814229988563,,,23.55181474772725,inner_validation_within_outer_train
rolling_origin_2023-01-17,rolling_origin_2023-01-17__inner_3_2022-10-18,C03_causal_tcn,42118,92e2c7c1f70c24b6008eb72e90fb8244c710cd38d8231ad3761d9525f572c08e,P-V01-W005::C016::C018,31.755520579503877,1.030787535755909,,,32.786308115259786,inner_validation_within_outer_train
rolling_origin_2023-01-17,rolling_origin_2023-01-17__inner_3_2022-10-18,C03_causal_tcn,42118,92e2c7c1f70c24b6008eb72e90fb8244c710cd38d8231ad3761d9525f572c08e,P-V01-W007::C016::C018,33.645239924185375,3.7569855071458633,,,37.40222543133124,inner_validation_within_outer_train
rolling_origin_2023-01-17,rolling_origin_2023-01-17__inner_3_2022-10-18,C03_causal_tcn,42118,92e2c7c1f70c24b6008eb72e90fb8244c710cd38d8231ad3761d9525f572c08e,P-V02-W001::C016::C018,33.68070584878869,9.82038932947042,,,23.86031651931827,inner_validation_within_outer_train
rolling_origin_2023-01-17,rolling_origin_2023-01-17__inner_3_2022-10-18,C03_causal_tcn,42118,92e2c7c1f70c24b6008eb72e90fb8244c710cd38d8231ad3761d9525f572c08e,P-V02-W002::C016::C018,39.586652126615995,9.896277958758887,,,29.690374167857108,inner_validation_within_outer_train
rolling_origin_2023-01-17,rolling_origin_2023-01-17__inner_3_2022-10-18,C03_causal_tcn,42118,92e2c7c1f70c24b6008eb72e90fb8244c710cd38d8231ad3761d9525f572c08e,P-V02-W003::C016::C018,8.093685076193129,5.125529263806773,,,2.968155812386356,inner_validation_within_outer_train
rolling_origin_2023-01-17,rolling_origin_2023-01-17__inner_3_2022-10-18,C03_causal_tcn,42118,92e2c7c1f70c24b6008eb72e90fb8244c710cd38d8231ad3761d9525f572c08e,P-V02-W004::C016::C018,17.927882626270275,6.448306822844955,,,11.47957580342532,inner_validation_within_outer_train
rolling_origin_2023-01-17,rolling_origin_2023-01-17__inner_3_2022-10-18,C03_causal_tcn,42118,92e2c7c1f70c24b6008eb72e90fb8244c710cd38d8231ad3761d9525f572c08e,P-V02-W005::C016::C018,40.79321384454818,6.919109403801407,,,33.87410444074677,inner_validation_within_outer_train
rolling_origin_2023-01-17,rolling_origin_2023-01-17__inner_3_2022-10-18,C03_causal_tcn,42118,92e2c7c1f70c24b6008eb72e90fb8244c710cd38d8231ad3761d9525f572c08e,P-V02-W006::C016::C018,31.044854917020018,8.929206489747369,,,22.11564842727265,inner_validation_within_outer_train
rolling_origin_2023-01-17,rolling_origin_2023-01-17__inner_3_2022-10-18,C03_causal_tcn,42118,92e2c7c1f70c24b6008eb72e90fb8244c710cd38d8231ad3761d9525f572c08e,P-V02-W007::C016::C018,25.151253530232218,7.153450205232236,,,17.997803324999982,inner_validation_within_outer_train
rolling_origin_2023-01-17,rolling_origin_2023-01-17__inner_3_2022-10-18,C03_causal_tcn,42118,92e2c7c1f70c24b6008eb72e90fb8244c710cd38d8231ad3761d9525f572c08e,P-V03-W001::C016::C018,26.520443194920773,6.770355572774072,,,33.290798767694845,inner_validation_within_outer_train
rolling_origin_2023-01-17,rolling_origin_2023-01-17__inner_3_2022-10-18,C03_causal_tcn,42118,92e2c7c1f70c24b6008eb72e90fb8244c710cd38d8231ad3761d9525f572c08e,P-V03-W002::C016::C018,35.574185917050805,3.56528164691008,,,39.139467563960885,inner_validation_within_outer_train
rolling_origin_2023-01-17,rolling_origin_2023-01-17__inner_3_2022-10-18,C03_causal_tcn,42118,92e2c7c1f70c24b6008eb72e90fb8244c710cd38d8231ad3761d9525f572c08e,P-V03-W003::C016::C018,36.11328787032144,3.648643012795354,,,39.7619308831168,inner_validation_within_outer_train
rolling_origin_2023-01-17,rolling_origin_2023-01-17__inner_3_2022-10-18,C03_causal_tcn,42118,92e2c7c1f70c24b6008eb72e90fb8244c710cd38d8231ad3761d9525f572c08e,P-V03-W004::C016::C018,23.111088761310498,5.882940076351662,,,28.99402883766216,inner_validation_within_outer_train
rolling_origin_2023-01-17,rolling_origin_2023-01-17__inner_3_2022-10-18,C03_causal_tcn,42118,92e2c7c1f70c24b6008eb72e90fb8244c710cd38d8231ad3761d9525f572c08e,P-V03-W005::C016::C018,35.35366077314762,3.0916256854563144,,,38.44528645860393,inner_validation_within_outer_train
rolling_origin_2023-01-17,rolling_origin_2023-01-17__inner_3_2022-10-18,C03_causal_tcn,42118,92e2c7c1f70c24b6008eb72e90fb8244c710cd38d8231ad3761d9525f572c08e,P-V03-W006::C016::C018,32.72505996219193,2.8000378043664753,,,35.5250977665584,inner_validation_within_outer_train
rolling_origin_2023-01-17,rolling_origin_2023-01-17__inner_3_2022-10-18,C03_causal_tcn,42118,92e2c7c1f70c24b6008eb72e90fb8244c710cd38d8231ad3761d9525f572c08e,P-V03-W007::C016::C018,3.496941839383215,0.29157986954533843,,,3.7885217089285534,inner_validation_within_outer_train
rolling_origin_2023-01-17,rolling_origin_2023-01-17__inner_3_2022-10-18,C03_causal_tcn,42118,92e2c7c1f70c24b6008eb72e90fb8244c710cd38d8231ad3761d9525f572c08e,P-V04-W001::C016::C018,0.6432283633313318,1.875985535733911,,,-1.2327571724025792,inner_validation_within_outer_train
rolling_origin_2023-01-17,rolling_origin_2023-01-17__inner_3_2022-10-18,C03_causal_tcn,42118,92e2c7c1f70c24b6008eb72e90fb8244c710cd38d8231ad3761d9525f572c08e,P-V04-W002::C016::C018,-2.7769412789141263,1.5592696430375201,,,-1.2176716358766062,inner_validation_within_outer_train
rolling_origin_2023-01-17,rolling_origin_2023-01-17__inner_3_2022-10-18,C03_causal_tcn,42118,92e2c7c1f70c24b6008eb72e90fb8244c710cd38d8231ad3761d9525f572c08e,P-V04-W003::C016::C018,0.6357691777843186,2.136126051160902,,,-1.5003568733765835,inner_validation_within_outer_train
rolling_origin_2023-01-17,rolling_origin_2023-01-17__inner_3_2022-10-18,C03_causal_tcn,42118,92e2c7c1f70c24b6008eb72e90fb8244c710cd38d8231ad3761d9525f572c08e,P-V04-W004::C016::C018,1.414408041983286,2.4713696778599097,,,-1.0569616358766234,inner_validation_within_outer_train
rolling_origin_2023-01-17,rolling_origin_2023-01-17__inner_3_2022-10-18,C03_causal_tcn,42118,92e2c7c1f70c24b6008eb72e90fb8244c710cd38d8231ad3761d9525f572c08e,P-V04-W005::C016::C018,1.7811191832243232,4.43251707981527,,,-2.651397896590946,inner_validation_within_outer_train
rolling_origin_2023-01-17,rolling_origin_2023-01-17__inner_3_2022-10-18,C03_causal_tcn,42118,92e2c7c1f70c24b6008eb72e90fb8244c710cd38d8231ad3761d9525f572c08e,P-V04-W006::C016::C018,0.5756952657716496,2.9046549686937135,,,-2.328959702922064,inner_validation_within_outer_train
rolling_origin_2023-01-17,rolling_origin_2023-01-17__inner_3_2022-10-18,C03_causal_tcn,42118,92e2c7c1f70c24b6008eb72e90fb8244c710cd38d8231ad3761d9525f572c08e,P-V04-W007::C016::C018,36.685147367976725,0.12975548469752596,,,36.5553918832792,inner_validation_within_outer_train
rolling_origin_2023-01-17,rolling_origin_2023-01-17__inner_3_2022-10-18,C03_causal_tcn,42118,92e2c7c1f70c24b6008eb72e90fb8244c710cd38d8231ad3761d9525f572c08e,P-V05-W001::C016::C018,25.312582528801677,2.3648594995808594,,,22.947723029220818,inner_validation_within_outer_train
rolling_origin_2023-01-17,rolling_origin_2023-01-17__inner_3_2022-10-18,C03_causal_tcn,42118,92e2c7c1f70c24b6008eb72e90fb8244c710cd38d8231ad3761d9525f572c08e,P-V05-W002::C016::C018,28.544615885107127,6.782458779587582,,,21.762157105519545,inner_validation_within_outer_train
rolling_origin_2023-01-17,rolling_origin_2023-01-17__inner_3_2022-10-18,C03_causal_tcn,42118,92e2c7c1f70c24b6008eb72e90fb8244c710cd38d8231ad3761d9525f572c08e,P-V05-W003::C016::C018,31.55499728437356,3.741671709133019,,,35.29666899350658,inner_validation_within_outer_train
rolling_origin_2023-01-17,rolling_origin_2023-01-17__inner_3_2022-10-18,C03_causal_tcn,42118,92e2c7c1f70c24b6008eb72e90fb8244c710cd38d8231ad3761d9525f572c08e,P-V05-W004::C016::C018,33.319286334348554,0.396597261430955,,,33.71588359577951,inner_validation_within_outer_train
rolling_origin_2023-01-17,rolling_origin_2023-01-17__inner_3_2022-10-18,C03_causal_tcn,42118,92e2c7c1f70c24b6008eb72e90fb8244c710cd38d8231ad3761d9525f572c08e,P-V05-W005::C016::C018,37.27488815707344,4.486241493112594,,,32.78864666396085,inner_validation_within_outer_train
rolling_origin_2023-01-17,rolling_origin_2023-01-17__inner_3_2022-10-18,C03_causal_tcn,42118,92e2c7c1f70c24b6008eb72e90fb8244c710cd38d8231ad3761d9525f572c08e,P-V05-W006::C016::C018,24.63263198559279,1.1093769417615924,,,23.5232550438312,inner_validation_within_outer_train
rolling_origin_2023-01-17,rolling_origin_2023-01-17__inner_3_2022-10-18,C03_causal_tcn,42118,92e2c7c1f70c24b6008eb72e90fb8244c710cd38d8231ad3761d9525f572c08e,P-V05-W007::C016::C018,32.63907026366725,0.7643277265924979,,,33.40339799025975,inner_validation_within_outer_train
rolling_origin_2023-01-17,rolling_origin_2023-01-17__inner_3_2022-10-18,C03_causal_tcn,42118,92e2c7c1f70c24b6008eb72e90fb8244c710cd38d8231ad3761d9525f572c08e,P-V06-W002::C016::C018,24.601565881727844,0.6466190167927621,,,23.95494686493508,inner_validation_within_outer_train
rolling_origin_2023-01-17,rolling_origin_2023-01-17__inner_3_2022-10-18,C03_causal_tcn,42118,92e2c7c1f70c24b6008eb72e90fb8244c710cd38d8231ad3761d9525f572c08e,P-V06-W003::C016::C018,29.265516258234744,4.457308036245745,,,33.72282429448049,inner_validation_within_outer_train
rolling_origin_2023-01-17,rolling_origin_2023-01-17__inner_3_2022-10-18,C03_causal_tcn,42118,92e2c7c1f70c24b6008eb72e90fb8244c710cd38d8231ad3761d9525f572c08e,P-V06-W004::C016::C018,23.126638294258502,0.8009444675921635,,,23.927582761850665,inner_validation_within_outer_train
rolling_origin_2023-01-17,rolling_origin_2023-01-17__inner_3_2022-10-18,C03_causal_tcn,42118,92e2c7c1f70c24b6008eb72e90fb8244c710cd38d8231ad3761d9525f572c08e,P-V06-W005::C016::C018,39.92428160034342,0.4438998849213718,,,39.48038171542205,inner_validation_within_outer_train
rolling_origin_2023-01-17,rolling_origin_2023-01-17__inner_3_2022-10-18,C03_causal_tcn,42118,92e2c7c1f70c24b6008eb72e90fb8244c710cd38d8231ad3761d9525f572c08e,P-V06-W006::C016::C018,17.76421271308766,2.9591660399967417,,,20.7233787530844,inner_validation_within_outer_train
rolling_origin_2023-01-17,rolling_origin_2023-01-17__inner_3_2022-10-18,C03_causal_tcn,42118,92e2c7c1f70c24b6008eb72e90fb8244c710cd38d8231ad3761d9525f572c08e,P-V06-W007::C016::C018,18.24002817713336,2.5098549184835193,,,20.74988309561688,inner_validation_within_outer_train
rolling_origin_2023-01-17,rolling_origin_2023-01-17__inner_3_2022-10-18,C03_causal_tcn,42118,92e2c7c1f70c24b6008eb72e90fb8244c710cd38d8231ad3761d9525f572c08e,P-D01-W001::C017::C018,131.0396315017899,20.457274402056328,,,151.49690590384623,inner_validation_within_outer_train
rolling_origin_2023-01-17,rolling_origin_2023-01-17__inner_3_2022-10-18,C03_causal_tcn,42118,92e2c7c1f70c24b6008eb72e90fb8244c710cd38d8231ad3761d9525f572c08e,P-D01-W002::C017::C018,47.73047981259148,1.7312901656134656,,,45.99918964697802,inner_validation_within_outer_train
rolling_origin_2023-01-17,rolling_origin_2023-01-17__inner_3_2022-10-18,C03_causal_tcn,42118,92e2c7c1f70c24b6008eb72e90fb8244c710cd38d8231ad3761d9525f572c08e,P-D01-W005::C017::C018,45.584116873270105,3.7236412029404278,,,41.86047567032968,inner_validation_within_outer_train
rolling_origin_2023-01-17,rolling_origin_2023-01-17__inner_3_2022-10-18,C03_causal_tcn,42118,92e2c7c1f70c24b6008eb72e90fb8244c710cd38d8231ad3761d9525f572c08e,P-D01-W006::C017::C018,73.74447242328341,20.646813346771623,,,94.39128577005503,inner_validation_within_outer_train
rolling_origin_2023-01-17,rolling_origin_2023-01-17__inner_3_2022-10-18,C03_causal_tcn,42118,92e2c7c1f70c24b6008eb72e90fb8244c710cd38d8231ad3761d9525f572c08e,P-D01-W007::C017::C018,26.60408984240435,0.055537172624138265,,,26.54855266978021,inner_validation_within_outer_train
rolling_origin_2023-01-17,rolling_origin_2023-01-17__inner_3_2022-10-18,C03_causal_tcn,42118,92e2c7c1f70c24b6008eb72e90fb8244c710cd38d8231ad3761d9525f572c08e,P-H03-W001::C017::C018,38.10119439103933,0.6096124446107112,,,37.49158194642862,inner_validation_within_outer_train
rolling_origin_2023-01-17,rolling_origin_2023-01-17__inner_3_2022-10-18,C03_causal_tcn,42118,92e2c7c1f70c24b6008eb72e90fb8244c710cd38d8231ad3761d9525f572c08e,P-H03-W002::C017::C018,45.181536938157265,2.590599799695873,,,42.59093713846139,inner_validation_within_outer_train
rolling_origin_2023-01-17,rolling_origin_2023-01-17__inner_3_2022-10-18,C03_causal_tcn,42118,92e2c7c1f70c24b6008eb72e90fb8244c710cd38d8231ad3761d9525f572c08e,P-H03-W004::C017::C018,47.08151113694595,4.108475537770161,,,42.97303559917579,inner_validation_within_outer_train
rolling_origin_2023-01-17,rolling_origin_2023-01-17__inner_3_2022-10-18,C03_causal_tcn,42118,92e2c7c1f70c24b6008eb72e90fb8244c710cd38d8231ad3761d9525f572c08e,P-H03-W006::C017::C018,51.51848496758187,7.29311548928527,,,44.2253694782966,inner_validation_within_outer_train
rolling_origin_2023-01-17,rolling_origin_2023-01-17__inner_3_2022-10-18,C03_causal_tcn,42118,92e2c7c1f70c24b6008eb72e90fb8244c710cd38d8231ad3761d9525f572c08e,P-H04-W002::C017::C018,26.290646564170316,105.41655276000535,,,131.70719932417566,inner_validation_within_outer_train
rolling_origin_2023-01-17,rolling_origin_2023-01-17__inner_3_2022-10-18,C03_causal_tcn,42118,92e2c7c1f70c24b6008eb72e90fb8244c710cd38d8231ad3761d9525f572c08e,P-H04-W003::C017::C018,27.13435858175921,2.31149235093293,,,29.44585093269214,inner_validation_within_outer_train
rolling_origin_2023-01-17,rolling_origin_2023-01-17__inner_3_2022-10-18,C03_causal_tcn,42118,92e2c7c1f70c24b6008eb72e90fb8244c710cd38d8231ad3761d9525f572c08e,P-H04-W004::C017::C018,13.8155689309561,2.9766404737142587,,,16.79220940467036,inner_validation_within_outer_train
rolling_origin_2023-01-17,rolling_origin_2023-01-17__inner_3_2022-10-18,C03_causal_tcn,42118,92e2c7c1f70c24b6008eb72e90fb8244c710cd38d8231ad3761d9525f572c08e,P-H04-W005::C017::C018,30.043955519023413,6.3083853572101525,,,23.73557016181326,inner_validation_within_outer_train
rolling_origin_2023-01-17,rolling_origin_2023-01-17__inner_3_2022-10-18,C03_causal_tcn,42118,92e2c7c1f70c24b6008eb72e90fb8244c710cd38d8231ad3761d9525f572c08e,P-H04-W006::C017::C018,39.028653163020934,3.570260874891197,,,42.59891403791213,inner_validation_within_outer_train
rolling_origin_2023-01-17,rolling_origin_2023-01-17__inner_3_2022-10-18,C03_causal_tcn,42119,92e2c7c1f70c24b6008eb72e90fb8244c710cd38d8231ad3761d9525f572c08e,P-D01-W003::C016::C018,2.878215216826156,4.164950577167285,,,7.043165793993441,inner_validation_within_outer_train
rolling_origin_2023-01-17,rolling_origin_2023-01-17__inner_3_2022-10-18,C03_causal_tcn,42119,92e2c7c1f70c24b6008eb72e90fb8244c710cd38d8231ad3761d9525f572c08e,P-D01-W004::C016::C018,3.7811648874915917,1.4279269668915449,,,5.209091854383137,inner_validation_within_outer_train
rolling_origin_2023-01-17,rolling_origin_2023-01-17__inner_3_2022-10-18,C03_causal_tcn,42119,92e2c7c1f70c24b6008eb72e90fb8244c710cd38d8231ad3761d9525f572c08e,P-H01-W001::C016::C018,24.30110231883519,6.460120504387152,,,17.84098181444804,inner_validation_within_outer_train
rolling_origin_2023-01-17,rolling_origin_2023-01-17__inner_3_2022-10-18,C03_causal_tcn,42119,92e2c7c1f70c24b6008eb72e90fb8244c710cd38d8231ad3761d9525f572c08e,P-H01-W002::C016::C018,110.8321191881654,13.504995340893089,,,124.33711452905848,inner_validation_within_outer_train
rolling_origin_2023-01-17,rolling_origin_2023-01-17__inner_3_2022-10-18,C03_causal_tcn,42119,92e2c7c1f70c24b6008eb72e90fb8244c710cd38d8231ad3761d9525f572c08e,P-H01-W003::C016::C018,101.78431024203392,31.696932445767757,,,70.08737779626617,inner_validation_within_outer_train
rolling_origin_2023-01-17,rolling_origin_2023-01-17__inner_3_2022-10-18,C03_causal_tcn,42119,92e2c7c1f70c24b6008eb72e90fb8244c710cd38d8231ad3761d9525f572c08e,P-H01-W005::C016::C018,36.40823090341972,2.92489126184001,,,39.33312216525973,inner_validation_within_outer_train
rolling_origin_2023-01-17,rolling_origin_2023-01-17__inner_3_2022-10-18,C03_causal_tcn,42119,92e2c7c1f70c24b6008eb72e90fb8244c710cd38d8231ad3761d9525f572c08e,P-H01-W006::C016::C018,27.395231998514305,4.381961061988282,,,23.013270936526023,inner_validation_within_outer_train
rolling_origin_2023-01-17,rolling_origin_2023-01-17__inner_3_2022-10-18,C03_causal_tcn,42119,92e2c7c1f70c24b6008eb72e90fb8244c710cd38d8231ad3761d9525f572c08e,P-H01-W007::C016::C018,35.91125869869812,3.917965464938291,,,39.82922416363641,inner_validation_within_outer_train
rolling_origin_2023-01-17,rolling_origin_2023-01-17__inner_3_2022-10-18,C03_causal_tcn,42119,92e2c7c1f70c24b6008eb72e90fb8244c710cd38d8231ad3761d9525f572c08e,P-H02-W001::C016::C018,32.90921058920974,7.426814313560463,,,25.48239627564928,inner_validation_within_outer_train
rolling_origin_2023-01-17,rolling_origin_2023-01-17__inner_3_2022-10-18,C03_causal_tcn,42119,92e2c7c1f70c24b6008eb72e90fb8244c710cd38d8231ad3761d9525f572c08e,P-H02-W002::C016::C018,29.84115814895403,16.77246665137067,,,46.6136248003247,inner_validation_within_outer_train
rolling_origin_2023-01-17,rolling_origin_2023-01-17__inner_3_2022-10-18,C03_causal_tcn,42119,92e2c7c1f70c24b6008eb72e90fb8244c710cd38d8231ad3761d9525f572c08e,P-H02-W003::C016::C018,85.90593342239654,8.085423921759272,,,93.99135734415582,inner_validation_within_outer_train
rolling_origin_2023-01-17,rolling_origin_2023-01-17__inner_3_2022-10-18,C03_causal_tcn,42119,92e2c7c1f70c24b6008eb72e90fb8244c710cd38d8231ad3761d9525f572c08e,P-H02-W004::C016::C018,25.138545446443082,6.025456227124881,,,19.1130892193182,inner_validation_within_outer_train
rolling_origin_2023-01-17,rolling_origin_2023-01-17__inner_3_2022-10-18,C03_causal_tcn,42119,92e2c7c1f70c24b6008eb72e90fb8244c710cd38d8231ad3761d9525f572c08e,P-H02-W006::C016::C018,20.250414192625378,6.524969527365668,,,13.72544466525971,inner_validation_within_outer_train
rolling_origin_2023-01-17,rolling_origin_2023-01-17__inner_3_2022-10-18,C03_causal_tcn,42119,92e2c7c1f70c24b6008eb72e90fb8244c710cd38d8231ad3761d9525f572c08e,P-H02-W007::C016::C018,37.70592775396566,1.2682947806122655,,,38.974222534577926,inner_validation_within_outer_train
rolling_origin_2023-01-17,rolling_origin_2023-01-17__inner_3_2022-10-18,C03_causal_tcn,42119,92e2c7c1f70c24b6008eb72e90fb8244c710cd38d8231ad3761d9525f572c08e,P-H03-W003::C016::C018,40.71789682439476,0.4152804368946619,,,40.302616387500095,inner_validation_within_outer_train
rolling_origin_2023-01-17,rolling_origin_2023-01-17__inner_3_2022-10-18,C03_causal_tcn,42119,92e2c7c1f70c24b6008eb72e90fb8244c710cd38d8231ad3761d9525f572c08e,P-H03-W005::C016::C018,41.51281160704099,0.44902429523170895,,,41.961835902272696,inner_validation_within_outer_train
rolling_origin_2023-01-17,rolling_origin_2023-01-17__inner_3_2022-10-18,C03_causal_tcn,42119,92e2c7c1f70c24b6008eb72e90fb8244c710cd38d8231ad3761d9525f572c08e,P-H04-W001::C016::C018,20.90868548592529,11.391046997938226,,,9.517638487987064,inner_validation_within_outer_train
rolling_origin_2023-01-17,rolling_origin_2023-01-17__inner_3_2022-10-18,C03_causal_tcn,42119,92e2c7c1f70c24b6008eb72e90fb8244c710cd38d8231ad3761d9525f572c08e,P-H04-W007::C016::C018,25.431980771824414,6.138102289519214,,,19.2938784823052,inner_validation_within_outer_train
rolling_origin_2023-01-17,rolling_origin_2023-01-17__inner_3_2022-10-18,C03_causal_tcn,42119,92e2c7c1f70c24b6008eb72e90fb8244c710cd38d8231ad3761d9525f572c08e,P-H05-W001::C016::C018,35.706710068126746,8.78280572895111,,,44.48951579707786,inner_validation_within_outer_train
rolling_origin_2023-01-17,rolling_origin_2023-01-17__inner_3_2022-10-18,C03_causal_tcn,42119,92e2c7c1f70c24b6008eb72e90fb8244c710cd38d8231ad3761d9525f572c08e,P-H05-W003::C016::C018,27.493135029634807,0.14275253775204888,,,27.35038249188276,inner_validation_within_outer_train
rolling_origin_2023-01-17,rolling_origin_2023-01-17__inner_3_2022-10-18,C03_causal_tcn,42119,92e2c7c1f70c24b6008eb72e90fb8244c710cd38d8231ad3761d9525f572c08e,P-H05-W004::C016::C018,27.268868084798463,7.646422986629936,,,34.9152910714284,inner_validation_within_outer_train
rolling_origin_2023-01-17,rolling_origin_2023-01-17__inner_3_2022-10-18,C03_causal_tcn,42119,92e2c7c1f70c24b6008eb72e90fb8244c710cd38d8231ad3761d9525f572c08e,P-H05-W005::C016::C018,16.555747743065822,14.67178958810349,,,31.227537331169312,inner_validation_within_outer_train
rolling_origin_2023-01-17,rolling_origin_2023-01-17__inner_3_2022-10-18,C03_causal_tcn,42119,92e2c7c1f70c24b6008eb72e90fb8244c710cd38d8231ad3761d9525f572c08e,P-H05-W006::C016::C018,18.634338304898343,5.857654609062514,,,24.491992913960857,inner_validation_within_outer_train
rolling_origin_2023-01-17,rolling_origin_2023-01-17__inner_3_2022-10-18,C03_causal_tcn,42119,92e2c7c1f70c24b6008eb72e90fb8244c710cd38d8231ad3761d9525f572c08e,P-H05-W007::C016::C018,21.1296861376469,7.849112249366289,,,28.97879838701319,inner_validation_within_outer_train
rolling_origin_2023-01-17,rolling_origin_2023-01-17__inner_3_2022-10-18,C03_causal_tcn,42119,92e2c7c1f70c24b6008eb72e90fb8244c710cd38d8231ad3761d9525f572c08e,P-H06-W001::C016::C018,1.7346158614801652,1.8891453672536218,,,3.623761228733787,inner_validation_within_outer_train
rolling_origin_2023-01-17,rolling_origin_2023-01-17__inner_3_2022-10-18,C03_causal_tcn,42119,92e2c7c1f70c24b6008eb72e90fb8244c710cd38d8231ad3761d9525f572c08e,P-H06-W002::C016::C018,1.0508124230852935,2.9596067248043143,,,4.010419147889608,inner_validation_within_outer_train
rolling_origin_2023-01-17,rolling_origin_2023-01-17__inner_3_2022-10-18,C03_causal_tcn,42119,92e2c7c1f70c24b6008eb72e90fb8244c710cd38d8231ad3761d9525f572c08e,P-H06-W003::C016::C018,1.404702555060414,0.9175616884460505,,,2.3222642435064644,inner_validation_within_outer_train
rolling_origin_2023-01-17,rolling_origin_2023-01-17__inner_3_2022-10-18,C03_causal_tcn,42119,92e2c7c1f70c24b6008eb72e90fb8244c710cd38d8231ad3761d9525f572c08e,P-H06-W004::C016::C018,1.019168873268832,1.4619431857688499,,,-0.4427743125000178,inner_validation_within_outer_train
rolling_origin_2023-01-17,rolling_origin_2023-01-17__inner_3_2022-10-18,C03_causal_tcn,42119,92e2c7c1f70c24b6008eb72e90fb8244c710cd38d8231ad3761d9525f572c08e,P-H06-W005::C016::C018,1.426970238264591,1.7631852350177941,,,-0.3362149967532031,inner_validation_within_outer_train
rolling_origin_2023-01-17,rolling_origin_2023-01-17__inner_3_2022-10-18,C03_causal_tcn,42119,92e2c7c1f70c24b6008eb72e90fb8244c710cd38d8231ad3761d9525f572c08e,P-H06-W007::C016::C018,-1.7593814054412427,3.8628898817724147,,,2.103508476331172,inner_validation_within_outer_train
rolling_origin_2023-01-17,rolling_origin_2023-01-17__inner_3_2022-10-18,C03_causal_tcn,42119,92e2c7c1f70c24b6008eb72e90fb8244c710cd38d8231ad3761d9525f572c08e,P-H07-W001::C016::C018,35.89331270401055,6.973832814400122,,,28.919479889610425,inner_validation_within_outer_train
rolling_origin_2023-01-17,rolling_origin_2023-01-17__inner_3_2022-10-18,C03_causal_tcn,42119,92e2c7c1f70c24b6008eb72e90fb8244c710cd38d8231ad3761d9525f572c08e,P-H07-W002::C016::C018,35.08627003036261,3.490586788479458,,,31.595683241883155,inner_validation_within_outer_train
rolling_origin_2023-01-17,rolling_origin_2023-01-17__inner_3_2022-10-18,C03_causal_tcn,42119,92e2c7c1f70c24b6008eb72e90fb8244c710cd38d8231ad3761d9525f572c08e,P-H07-W003::C016::C018,0.11058147447637623,3.615707801010678,,,3.726289275487054,inner_validation_within_outer_train
rolling_origin_2023-01-17,rolling_origin_2023-01-17__inner_3_2022-10-18,C03_causal_tcn,42119,92e2c7c1f70c24b6008eb72e90fb8244c710cd38d8231ad3761d9525f572c08e,P-H07-W004::C016::C018,31.617995203224737,1.82636092790003,,,29.791634275324707,inner_validation_within_outer_train
rolling_origin_2023-01-17,rolling_origin_2023-01-17__inner_3_2022-10-18,C03_causal_tcn,42119,92e2c7c1f70c24b6008eb72e90fb8244c710cd38d8231ad3761d9525f572c08e,P-H07-W005::C016::C018,0.6876099069280741,0.38786768416833584,,,0.2997422227597383,inner_validation_within_outer_train
rolling_origin_2023-01-17,rolling_origin_2023-01-17__inner_3_2022-10-18,C03_causal_tcn,42119,92e2c7c1f70c24b6008eb72e90fb8244c710cd38d8231ad3761d9525f572c08e,P-H07-W006::C016::C018,14.563451778545268,3.20837851043202,,,17.771830288977288,inner_validation_within_outer_train
rolling_origin_2023-01-17,rolling_origin_2023-01-17__inner_3_2022-10-18,C03_causal_tcn,42119,92e2c7c1f70c24b6008eb72e90fb8244c710cd38d8231ad3761d9525f572c08e,P-V01-W001::C016::C018,39.258059743070525,0.7255380654730956,,,38.53252167759743,inner_validation_within_outer_train
rolling_origin_2023-01-17,rolling_origin_2023-01-17__inner_3_2022-10-18,C03_causal_tcn,42119,92e2c7c1f70c24b6008eb72e90fb8244c710cd38d8231ad3761d9525f572c08e,P-V01-W002::C016::C018,37.34647070118949,2.32141281325859,,,39.66788351444808,inner_validation_within_outer_train
rolling_origin_2023-01-17,rolling_origin_2023-01-17__inner_3_2022-10-18,C03_causal_tcn,42119,92e2c7c1f70c24b6008eb72e90fb8244c710cd38d8231ad3761d9525f572c08e,P-V01-W003::C016::C018,23.963552808553484,2.324180657092434,,,21.63937215146105,inner_validation_within_outer_train
rolling_origin_2023-01-17,rolling_origin_2023-01-17__inner_3_2022-10-18,C03_causal_tcn,42119,92e2c7c1f70c24b6008eb72e90fb8244c710cd38d8231ad3761d9525f572c08e,P-V01-W004::C016::C018,26.810663806661896,3.258849058934647,,,23.55181474772725,inner_validation_within_outer_train
rolling_origin_2023-01-17,rolling_origin_2023-01-17__inner_3_2022-10-18,C03_causal_tcn,42119,92e2c7c1f70c24b6008eb72e90fb8244c710cd38d8231ad3761d9525f572c08e,P-V01-W005::C016::C018,31.963965596829997,0.8223425184297888,,,32.786308115259786,inner_validation_within_outer_train
rolling_origin_2023-01-17,rolling_origin_2023-01-17__inner_3_2022-10-18,C03_causal_tcn,42119,92e2c7c1f70c24b6008eb72e90fb8244c710cd38d8231ad3761d9525f572c08e,P-V01-W007::C016::C018,35.70029040737405,1.7019350239571907,,,37.40222543133124,inner_validation_within_outer_train
rolling_origin_2023-01-17,rolling_origin_2023-01-17__inner_3_2022-10-18,C03_causal_tcn,42119,92e2c7c1f70c24b6008eb72e90fb8244c710cd38d8231ad3761d9525f572c08e,P-V02-W001::C016::C018,31.006896696623865,7.146580177305594,,,23.86031651931827,inner_validation_within_outer_train
rolling_origin_2023-01-17,rolling_origin_2023-01-17__inner_3_2022-10-18,C03_causal_tcn,42119,92e2c7c1f70c24b6008eb72e90fb8244c710cd38d8231ad3761d9525f572c08e,P-V02-W002::C016::C018,39.67736974016967,9.986995572312559,,,29.690374167857108,inner_validation_within_outer_train
rolling_origin_2023-01-17,rolling_origin_2023-01-17__inner_3_2022-10-18,C03_causal_tcn,42119,92e2c7c1f70c24b6008eb72e90fb8244c710cd38d8231ad3761d9525f572c08e,P-V02-W003::C016::C018,7.538023364763333,4.569867552376977,,,2.968155812386356,inner_validation_within_outer_train
rolling_origin_2023-01-17,rolling_origin_2023-01-17__inner_3_2022-10-18,C03_causal_tcn,42119,92e2c7c1f70c24b6008eb72e90fb8244c710cd38d8231ad3761d9525f572c08e,P-V02-W004::C016::C018,15.74501118551136,4.265435382086041,,,11.47957580342532,inner_validation_within_outer_train
rolling_origin_2023-01-17,rolling_origin_2023-01-17__inner_3_2022-10-18,C03_causal_tcn,42119,92e2c7c1f70c24b6008eb72e90fb8244c710cd38d8231ad3761d9525f572c08e,P-V02-W005::C016::C018,37.83562235883839,3.961517918091623,,,33.87410444074677,inner_validation_within_outer_train
rolling_origin_2023-01-17,rolling_origin_2023-01-17__inner_3_2022-10-18,C03_causal_tcn,42119,92e2c7c1f70c24b6008eb72e90fb8244c710cd38d8231ad3761d9525f572c08e,P-V02-W006::C016::C018,27.780126583148135,5.664478155875486,,,22.11564842727265,inner_validation_within_outer_train
rolling_origin_2023-01-17,rolling_origin_2023-01-17__inner_3_2022-10-18,C03_causal_tcn,42119,92e2c7c1f70c24b6008eb72e90fb8244c710cd38d8231ad3761d9525f572c08e,P-V02-W007::C016::C018,22.43451011179733,4.436706786797348,,,17.997803324999982,inner_validation_within_outer_train
rolling_origin_2023-01-17,rolling_origin_2023-01-17__inner_3_2022-10-18,C03_causal_tcn,42119,92e2c7c1f70c24b6008eb72e90fb8244c710cd38d8231ad3761d9525f572c08e,P-V03-W001::C016::C018,26.76865125644551,6.522147511249337,,,33.290798767694845,inner_validation_within_outer_train
rolling_origin_2023-01-17,rolling_origin_2023-01-17__inner_3_2022-10-18,C03_causal_tcn,42119,92e2c7c1f70c24b6008eb72e90fb8244c710cd38d8231ad3761d9525f572c08e,P-V03-W002::C016::C018,36.86255023995122,2.2769173240096663,,,39.139467563960885,inner_validation_within_outer_train
rolling_origin_2023-01-17,rolling_origin_2023-01-17__inner_3_2022-10-18,C03_causal_tcn,42119,92e2c7c1f70c24b6008eb72e90fb8244c710cd38d8231ad3761d9525f572c08e,P-V03-W003::C016::C018,37.01954351062048,2.7423873724963173,,,39.7619308831168,inner_validation_within_outer_train
rolling_origin_2023-01-17,rolling_origin_2023-01-17__inner_3_2022-10-18,C03_causal_tcn,42119,92e2c7c1f70c24b6008eb72e90fb8244c710cd38d8231ad3761d9525f572c08e,P-V03-W004::C016::C018,22.222300555840704,6.771728281821456,,,28.99402883766216,inner_validation_within_outer_train
rolling_origin_2023-01-17,rolling_origin_2023-01-17__inner_3_2022-10-18,C03_causal_tcn,42119,92e2c7c1f70c24b6008eb72e90fb8244c710cd38d8231ad3761d9525f572c08e,P-V03-W005::C016::C018,36.071890000943505,2.3733964576604265,,,38.44528645860393,inner_validation_within_outer_train
rolling_origin_2023-01-17,rolling_origin_2023-01-17__inner_3_2022-10-18,C03_causal_tcn,42119,92e2c7c1f70c24b6008eb72e90fb8244c710cd38d8231ad3761d9525f572c08e,P-V03-W006::C016::C018,34.32580606384468,1.1992917027137224,,,35.5250977665584,inner_validation_within_outer_train
rolling_origin_2023-01-17,rolling_origin_2023-01-17__inner_3_2022-10-18,C03_causal_tcn,42119,92e2c7c1f70c24b6008eb72e90fb8244c710cd38d8231ad3761d9525f572c08e,P-V03-W007::C016::C018,2.7866711108640807,1.0018505980644727,,,3.7885217089285534,inner_validation_within_outer_train
rolling_origin_2023-01-17,rolling_origin_2023-01-17__inner_3_2022-10-18,C03_causal_tcn,42119,92e2c7c1f70c24b6008eb72e90fb8244c710cd38d8231ad3761d9525f572c08e,P-V04-W001::C016::C018,2.4893145246027153,3.7220716970052945,,,-1.2327571724025792,inner_validation_within_outer_train
rolling_origin_2023-01-17,rolling_origin_2023-01-17__inner_3_2022-10-18,C03_causal_tcn,42119,92e2c7c1f70c24b6008eb72e90fb8244c710cd38d8231ad3761d9525f572c08e,P-V04-W002::C016::C018,0.6731969536436146,1.8908685895202209,,,-1.2176716358766062,inner_validation_within_outer_train
rolling_origin_2023-01-17,rolling_origin_2023-01-17__inner_3_2022-10-18,C03_causal_tcn,42119,92e2c7c1f70c24b6008eb72e90fb8244c710cd38d8231ad3761d9525f572c08e,P-V04-W003::C016::C018,2.3238109458404566,3.82416781921704,,,-1.5003568733765835,inner_validation_within_outer_train
rolling_origin_2023-01-17,rolling_origin_2023-01-17__inner_3_2022-10-18,C03_causal_tcn,42119,92e2c7c1f70c24b6008eb72e90fb8244c710cd38d8231ad3761d9525f572c08e,P-V04-W004::C016::C018,1.9707509687216316,3.027712604598255,,,-1.0569616358766234,inner_validation_within_outer_train
rolling_origin_2023-01-17,rolling_origin_2023-01-17__inner_3_2022-10-18,C03_causal_tcn,42119,92e2c7c1f70c24b6008eb72e90fb8244c710cd38d8231ad3761d9525f572c08e,P-V04-W005::C016::C018,0.42696569837043086,3.078363594961377,,,-2.651397896590946,inner_validation_within_outer_train
rolling_origin_2023-01-17,rolling_origin_2023-01-17__inner_3_2022-10-18,C03_causal_tcn,42119,92e2c7c1f70c24b6008eb72e90fb8244c710cd38d8231ad3761d9525f572c08e,P-V04-W006::C016::C018,1.7081534546197652,4.037113157541829,,,-2.328959702922064,inner_validation_within_outer_train
rolling_origin_2023-01-17,rolling_origin_2023-01-17__inner_3_2022-10-18,C03_causal_tcn,42119,92e2c7c1f70c24b6008eb72e90fb8244c710cd38d8231ad3761d9525f572c08e,P-V04-W007::C016::C018,39.95521402486018,3.3998221415809837,,,36.5553918832792,inner_validation_within_outer_train
rolling_origin_2023-01-17,rolling_origin_2023-01-17__inner_3_2022-10-18,C03_causal_tcn,42119,92e2c7c1f70c24b6008eb72e90fb8244c710cd38d8231ad3761d9525f572c08e,P-V05-W001::C016::C018,24.207083618911774,1.2593605896909565,,,22.947723029220818,inner_validation_within_outer_train
rolling_origin_2023-01-17,rolling_origin_2023-01-17__inner_3_2022-10-18,C03_causal_tcn,42119,92e2c7c1f70c24b6008eb72e90fb8244c710cd38d8231ad3761d9525f572c08e,P-V05-W002::C016::C018,27.723469124613914,5.961312019094368,,,21.762157105519545,inner_validation_within_outer_train
rolling_origin_2023-01-17,rolling_origin_2023-01-17__inner_3_2022-10-18,C03_causal_tcn,42119,92e2c7c1f70c24b6008eb72e90fb8244c710cd38d8231ad3761d9525f572c08e,P-V05-W003::C016::C018,30.467809698348802,4.828859295157777,,,35.29666899350658,inner_validation_within_outer_train
rolling_origin_2023-01-17,rolling_origin_2023-01-17__inner_3_2022-10-18,C03_causal_tcn,42119,92e2c7c1f70c24b6008eb72e90fb8244c710cd38d8231ad3761d9525f572c08e,P-V05-W004::C016::C018,32.06967223620168,1.6462113595778263,,,33.71588359577951,inner_validation_within_outer_train
rolling_origin_2023-01-17,rolling_origin_2023-01-17__inner_3_2022-10-18,C03_causal_tcn,42119,92e2c7c1f70c24b6008eb72e90fb8244c710cd38d8231ad3761d9525f572c08e,P-V05-W005::C016::C018,31.419725686968068,1.3689209769927793,,,32.78864666396085,inner_validation_within_outer_train
rolling_origin_2023-01-17,rolling_origin_2023-01-17__inner_3_2022-10-18,C03_causal_tcn,42119,92e2c7c1f70c24b6008eb72e90fb8244c710cd38d8231ad3761d9525f572c08e,P-V05-W006::C016::C018,24.56440546456491,1.041150420733711,,,23.5232550438312,inner_validation_within_outer_train
rolling_origin_2023-01-17,rolling_origin_2023-01-17__inner_3_2022-10-18,C03_causal_tcn,42119,92e2c7c1f70c24b6008eb72e90fb8244c710cd38d8231ad3761d9525f572c08e,P-V05-W007::C016::C018,30.182270915833996,3.221127074425752,,,33.40339799025975,inner_validation_within_outer_train
rolling_origin_2023-01-17,rolling_origin_2023-01-17__inner_3_2022-10-18,C03_causal_tcn,42119,92e2c7c1f70c24b6008eb72e90fb8244c710cd38d8231ad3761d9525f572c08e,P-V06-W002::C016::C018,25.870108426210244,1.9151615612751627,,,23.95494686493508,inner_validation_within_outer_train
rolling_origin_2023-01-17,rolling_origin_2023-01-17__inner_3_2022-10-18,C03_causal_tcn,42119,92e2c7c1f70c24b6008eb72e90fb8244c710cd38d8231ad3761d9525f572c08e,P-V06-W003::C016::C018,28.934448975523942,4.788375318956547,,,33.72282429448049,inner_validation_within_outer_train
rolling_origin_2023-01-17,rolling_origin_2023-01-17__inner_3_2022-10-18,C03_causal_tcn,42119,92e2c7c1f70c24b6008eb72e90fb8244c710cd38d8231ad3761d9525f572c08e,P-V06-W004::C016::C018,22.865013770480854,1.0625689913698118,,,23.927582761850665,inner_validation_within_outer_train
rolling_origin_2023-01-17,rolling_origin_2023-01-17__inner_3_2022-10-18,C03_causal_tcn,42119,92e2c7c1f70c24b6008eb72e90fb8244c710cd38d8231ad3761d9525f572c08e,P-V06-W005::C016::C018,34.99889714734943,4.4814845680726165,,,39.48038171542205,inner_validation_within_outer_train
rolling_origin_2023-01-17,rolling_origin_2023-01-17__inner_3_2022-10-18,C03_causal_tcn,42119,92e2c7c1f70c24b6008eb72e90fb8244c710cd38d8231ad3761d9525f572c08e,P-V06-W006::C016::C018,16.505210845372837,4.218167907711564,,,20.7233787530844,inner_validation_within_outer_train
rolling_origin_2023-01-17,rolling_origin_2023-01-17__inner_3_2022-10-18,C03_causal_tcn,42119,92e2c7c1f70c24b6008eb72e90fb8244c710cd38d8231ad3761d9525f572c08e,P-V06-W007::C016::C018,16.880384682884234,3.8694984127326464,,,20.74988309561688,inner_validation_within_outer_train
rolling_origin_2023-01-17,rolling_origin_2023-01-17__inner_3_2022-10-18,C03_causal_tcn,42119,92e2c7c1f70c24b6008eb72e90fb8244c710cd38d8231ad3761d9525f572c08e,P-D01-W001::C017::C018,125.96480696650298,25.53209893734325,,,151.49690590384623,inner_validation_within_outer_train
rolling_origin_2023-01-17,rolling_origin_2023-01-17__inner_3_2022-10-18,C03_causal_tcn,42119,92e2c7c1f70c24b6008eb72e90fb8244c710cd38d8231ad3761d9525f572c08e,P-D01-W002::C017::C018,49.76421515423279,3.7650255072547694,,,45.99918964697802,inner_validation_within_outer_train
rolling_origin_2023-01-17,rolling_origin_2023-01-17__inner_3_2022-10-18,C03_causal_tcn,42119,92e2c7c1f70c24b6008eb72e90fb8244c710cd38d8231ad3761d9525f572c08e,P-D01-W005::C017::C018,49.3529894004548,7.4925137301251254,,,41.86047567032968,inner_validation_within_outer_train
rolling_origin_2023-01-17,rolling_origin_2023-01-17__inner_3_2022-10-18,C03_causal_tcn,42119,92e2c7c1f70c24b6008eb72e90fb8244c710cd38d8231ad3761d9525f572c08e,P-D01-W006::C017::C018,87.77846978236867,6.612815987686361,,,94.39128577005503,inner_validation_within_outer_train
rolling_origin_2023-01-17,rolling_origin_2023-01-17__inner_3_2022-10-18,C03_causal_tcn,42119,92e2c7c1f70c24b6008eb72e90fb8244c710cd38d8231ad3761d9525f572c08e,P-D01-W007::C017::C018,28.999024036000087,2.450471366219876,,,26.54855266978021,inner_validation_within_outer_train
rolling_origin_2023-01-17,rolling_origin_2023-01-17__inner_3_2022-10-18,C03_causal_tcn,42119,92e2c7c1f70c24b6008eb72e90fb8244c710cd38d8231ad3761d9525f572c08e,P-H03-W001::C017::C018,36.621602676175165,0.8699792702534523,,,37.49158194642862,inner_validation_within_outer_train
rolling_origin_2023-01-17,rolling_origin_2023-01-17__inner_3_2022-10-18,C03_causal_tcn,42119,92e2c7c1f70c24b6008eb72e90fb8244c710cd38d8231ad3761d9525f572c08e,P-H03-W002::C017::C018,41.03316888494457,1.5577682535168194,,,42.59093713846139,inner_validation_within_outer_train
rolling_origin_2023-01-17,rolling_origin_2023-01-17__inner_3_2022-10-18,C03_causal_tcn,42119,92e2c7c1f70c24b6008eb72e90fb8244c710cd38d8231ad3761d9525f572c08e,P-H03-W004::C017::C018,43.92938995208671,0.9563543529109211,,,42.97303559917579,inner_validation_within_outer_train
rolling_origin_2023-01-17,rolling_origin_2023-01-17__inner_3_2022-10-18,C03_causal_tcn,42119,92e2c7c1f70c24b6008eb72e90fb8244c710cd38d8231ad3761d9525f572c08e,P-H03-W006::C017::C018,46.67920222297736,2.45383274468076,,,44.2253694782966,inner_validation_within_outer_train
rolling_origin_2023-01-17,rolling_origin_2023-01-17__inner_3_2022-10-18,C03_causal_tcn,42119,92e2c7c1f70c24b6008eb72e90fb8244c710cd38d8231ad3761d9525f572c08e,P-H04-W002::C017::C018,26.749777441624428,104.95742188255123,,,131.70719932417566,inner_validation_within_outer_train
rolling_origin_2023-01-17,rolling_origin_2023-01-17__inner_3_2022-10-18,C03_causal_tcn,42119,92e2c7c1f70c24b6008eb72e90fb8244c710cd38d8231ad3761d9525f572c08e,P-H04-W003::C017::C018,28.32371564549865,1.1221352871934904,,,29.44585093269214,inner_validation_within_outer_train
rolling_origin_2023-01-17,rolling_origin_2023-01-17__inner_3_2022-10-18,C03_causal_tcn,42119,92e2c7c1f70c24b6008eb72e90fb8244c710cd38d8231ad3761d9525f572c08e,P-H04-W004::C017::C018,13.610072641991785,3.1821367626785744,,,16.79220940467036,inner_validation_within_outer_train
rolling_origin_2023-01-17,rolling_origin_2023-01-17__inner_3_2022-10-18,C03_causal_tcn,42119,92e2c7c1f70c24b6008eb72e90fb8244c710cd38d8231ad3761d9525f572c08e,P-H04-W005::C017::C018,31.04635278190825,7.31078262009499,,,23.73557016181326,inner_validation_within_outer_train
rolling_origin_2023-01-17,rolling_origin_2023-01-17__inner_3_2022-10-18,C03_causal_tcn,42119,92e2c7c1f70c24b6008eb72e90fb8244c710cd38d8231ad3761d9525f572c08e,P-H04-W006::C017::C018,43.14940330706222,0.5504892691500913,,,42.59891403791213,inner_validation_within_outer_train
rolling_origin_2023-01-17,rolling_origin_2023-01-17__inner_3_2022-10-18,C03_causal_tcn,42120,92e2c7c1f70c24b6008eb72e90fb8244c710cd38d8231ad3761d9525f572c08e,P-D01-W003::C016::C018,2.904955969726611,4.13820982426683,,,7.043165793993441,inner_validation_within_outer_train
rolling_origin_2023-01-17,rolling_origin_2023-01-17__inner_3_2022-10-18,C03_causal_tcn,42120,92e2c7c1f70c24b6008eb72e90fb8244c710cd38d8231ad3761d9525f572c08e,P-D01-W004::C016::C018,3.0306682729210586,2.178423581462078,,,5.209091854383137,inner_validation_within_outer_train
rolling_origin_2023-01-17,rolling_origin_2023-01-17__inner_3_2022-10-18,C03_causal_tcn,42120,92e2c7c1f70c24b6008eb72e90fb8244c710cd38d8231ad3761d9525f572c08e,P-H01-W001::C016::C018,25.558034293081118,7.717052478633079,,,17.84098181444804,inner_validation_within_outer_train
rolling_origin_2023-01-17,rolling_origin_2023-01-17__inner_3_2022-10-18,C03_causal_tcn,42120,92e2c7c1f70c24b6008eb72e90fb8244c710cd38d8231ad3761d9525f572c08e,P-H01-W002::C016::C018,107.90952483372831,16.42758969533017,,,124.33711452905848,inner_validation_within_outer_train
rolling_origin_2023-01-17,rolling_origin_2023-01-17__inner_3_2022-10-18,C03_causal_tcn,42120,92e2c7c1f70c24b6008eb72e90fb8244c710cd38d8231ad3761d9525f572c08e,P-H01-W003::C016::C018,103.04618468971472,32.95880689344855,,,70.08737779626617,inner_validation_within_outer_train
rolling_origin_2023-01-17,rolling_origin_2023-01-17__inner_3_2022-10-18,C03_causal_tcn,42120,92e2c7c1f70c24b6008eb72e90fb8244c710cd38d8231ad3761d9525f572c08e,P-H01-W005::C016::C018,39.86124354716739,0.5281213819076598,,,39.33312216525973,inner_validation_within_outer_train
rolling_origin_2023-01-17,rolling_origin_2023-01-17__inner_3_2022-10-18,C03_causal_tcn,42120,92e2c7c1f70c24b6008eb72e90fb8244c710cd38d8231ad3761d9525f572c08e,P-H01-W006::C016::C018,28.510050617482094,5.49677968095607,,,23.013270936526023,inner_validation_within_outer_train
rolling_origin_2023-01-17,rolling_origin_2023-01-17__inner_3_2022-10-18,C03_causal_tcn,42120,92e2c7c1f70c24b6008eb72e90fb8244c710cd38d8231ad3761d9525f572c08e,P-H01-W007::C016::C018,37.722473472741214,2.106750690895197,,,39.82922416363641,inner_validation_within_outer_train
rolling_origin_2023-01-17,rolling_origin_2023-01-17__inner_3_2022-10-18,C03_causal_tcn,42120,92e2c7c1f70c24b6008eb72e90fb8244c710cd38d8231ad3761d9525f572c08e,P-H02-W001::C016::C018,30.353641583522727,4.871245307873448,,,25.48239627564928,inner_validation_within_outer_train
rolling_origin_2023-01-17,rolling_origin_2023-01-17__inner_3_2022-10-18,C03_causal_tcn,42120,92e2c7c1f70c24b6008eb72e90fb8244c710cd38d8231ad3761d9525f572c08e,P-H02-W002::C016::C018,31.844765431197604,14.768859369127096,,,46.6136248003247,inner_validation_within_outer_train
rolling_origin_2023-01-17,rolling_origin_2023-01-17__inner_3_2022-10-18,C03_causal_tcn,42120,92e2c7c1f70c24b6008eb72e90fb8244c710cd38d8231ad3761d9525f572c08e,P-H02-W003::C016::C018,87.08680917242215,6.904548171733666,,,93.99135734415582,inner_validation_within_outer_train
rolling_origin_2023-01-17,rolling_origin_2023-01-17__inner_3_2022-10-18,C03_causal_tcn,42120,92e2c7c1f70c24b6008eb72e90fb8244c710cd38d8231ad3761d9525f572c08e,P-H02-W004::C016::C018,22.52159335622278,3.408504136904579,,,19.1130892193182,inner_validation_within_outer_train
rolling_origin_2023-01-17,rolling_origin_2023-01-17__inner_3_2022-10-18,C03_causal_tcn,42120,92e2c7c1f70c24b6008eb72e90fb8244c710cd38d8231ad3761d9525f572c08e,P-H02-W006::C016::C018,16.60246714923581,2.8770224839761003,,,13.72544466525971,inner_validation_within_outer_train
rolling_origin_2023-01-17,rolling_origin_2023-01-17__inner_3_2022-10-18,C03_causal_tcn,42120,92e2c7c1f70c24b6008eb72e90fb8244c710cd38d8231ad3761d9525f572c08e,P-H02-W007::C016::C018,39.05953126122725,0.08530872664932332,,,38.974222534577926,inner_validation_within_outer_train
rolling_origin_2023-01-17,rolling_origin_2023-01-17__inner_3_2022-10-18,C03_causal_tcn,42120,92e2c7c1f70c24b6008eb72e90fb8244c710cd38d8231ad3761d9525f572c08e,P-H03-W003::C016::C018,45.35437029597423,5.051753908474133,,,40.302616387500095,inner_validation_within_outer_train
rolling_origin_2023-01-17,rolling_origin_2023-01-17__inner_3_2022-10-18,C03_causal_tcn,42120,92e2c7c1f70c24b6008eb72e90fb8244c710cd38d8231ad3761d9525f572c08e,P-H03-W005::C016::C018,45.92593679779788,3.964100895525185,,,41.961835902272696,inner_validation_within_outer_train
rolling_origin_2023-01-17,rolling_origin_2023-01-17__inner_3_2022-10-18,C03_causal_tcn,42120,92e2c7c1f70c24b6008eb72e90fb8244c710cd38d8231ad3761d9525f572c08e,P-H04-W001::C016::C018,17.779795208066723,8.262156720079659,,,9.517638487987064,inner_validation_within_outer_train
rolling_origin_2023-01-17,rolling_origin_2023-01-17__inner_3_2022-10-18,C03_causal_tcn,42120,92e2c7c1f70c24b6008eb72e90fb8244c710cd38d8231ad3761d9525f572c08e,P-H04-W007::C016::C018,22.975629463450364,3.6817509811451643,,,19.2938784823052,inner_validation_within_outer_train
rolling_origin_2023-01-17,rolling_origin_2023-01-17__inner_3_2022-10-18,C03_causal_tcn,42120,92e2c7c1f70c24b6008eb72e90fb8244c710cd38d8231ad3761d9525f572c08e,P-H05-W001::C016::C018,33.324839215766005,11.164676581311852,,,44.48951579707786,inner_validation_within_outer_train
rolling_origin_2023-01-17,rolling_origin_2023-01-17__inner_3_2022-10-18,C03_causal_tcn,42120,92e2c7c1f70c24b6008eb72e90fb8244c710cd38d8231ad3761d9525f572c08e,P-H05-W003::C016::C018,26.723457565027957,0.6269249268548016,,,27.35038249188276,inner_validation_within_outer_train
rolling_origin_2023-01-17,rolling_origin_2023-01-17__inner_3_2022-10-18,C03_causal_tcn,42120,92e2c7c1f70c24b6008eb72e90fb8244c710cd38d8231ad3761d9525f572c08e,P-H05-W004::C016::C018,26.282614815935656,8.632676255492743,,,34.9152910714284,inner_validation_within_outer_train
rolling_origin_2023-01-17,rolling_origin_2023-01-17__inner_3_2022-10-18,C03_causal_tcn,42120,92e2c7c1f70c24b6008eb72e90fb8244c710cd38d8231ad3761d9525f572c08e,P-H05-W005::C016::C018,16.17212463825969,15.055412692909623,,,31.227537331169312,inner_validation_within_outer_train
rolling_origin_2023-01-17,rolling_origin_2023-01-17__inner_3_2022-10-18,C03_causal_tcn,42120,92e2c7c1f70c24b6008eb72e90fb8244c710cd38d8231ad3761d9525f572c08e,P-H05-W006::C016::C018,19.42100403406812,5.070988879892738,,,24.491992913960857,inner_validation_within_outer_train
rolling_origin_2023-01-17,rolling_origin_2023-01-17__inner_3_2022-10-18,C03_causal_tcn,42120,92e2c7c1f70c24b6008eb72e90fb8244c710cd38d8231ad3761d9525f572c08e,P-H05-W007::C016::C018,19.206647062828807,9.772151324184382,,,28.97879838701319,inner_validation_within_outer_train
rolling_origin_2023-01-17,rolling_origin_2023-01-17__inner_3_2022-10-18,C03_causal_tcn,42120,92e2c7c1f70c24b6008eb72e90fb8244c710cd38d8231ad3761d9525f572c08e,P-H06-W001::C016::C018,3.7320050702072862,0.10824384147349919,,,3.623761228733787,inner_validation_within_outer_train
rolling_origin_2023-01-17,rolling_origin_2023-01-17__inner_3_2022-10-18,C03_causal_tcn,42120,92e2c7c1f70c24b6008eb72e90fb8244c710cd38d8231ad3761d9525f572c08e,P-H06-W002::C016::C018,4.084134785560678,0.07371563767107059,,,4.010419147889608,inner_validation_within_outer_train
rolling_origin_2023-01-17,rolling_origin_2023-01-17__inner_3_2022-10-18,C03_causal_tcn,42120,92e2c7c1f70c24b6008eb72e90fb8244c710cd38d8231ad3761d9525f572c08e,P-H06-W003::C016::C018,4.252414499827665,1.930150256321201,,,2.3222642435064644,inner_validation_within_outer_train
rolling_origin_2023-01-17,rolling_origin_2023-01-17__inner_3_2022-10-18,C03_causal_tcn,42120,92e2c7c1f70c24b6008eb72e90fb8244c710cd38d8231ad3761d9525f572c08e,P-H06-W004::C016::C018,3.153062398322252,3.5958367108222697,,,-0.4427743125000178,inner_validation_within_outer_train
rolling_origin_2023-01-17,rolling_origin_2023-01-17__inner_3_2022-10-18,C03_causal_tcn,42120,92e2c7c1f70c24b6008eb72e90fb8244c710cd38d8231ad3761d9525f572c08e,P-H06-W005::C016::C018,3.8593679165866064,4.195582913339809,,,-0.3362149967532031,inner_validation_within_outer_train
rolling_origin_2023-01-17,rolling_origin_2023-01-17__inner_3_2022-10-18,C03_causal_tcn,42120,92e2c7c1f70c24b6008eb72e90fb8244c710cd38d8231ad3761d9525f572c08e,P-H06-W007::C016::C018,1.7098479471793802,0.39366052915179184,,,2.103508476331172,inner_validation_within_outer_train
rolling_origin_2023-01-17,rolling_origin_2023-01-17__inner_3_2022-10-18,C03_causal_tcn,42120,92e2c7c1f70c24b6008eb72e90fb8244c710cd38d8231ad3761d9525f572c08e,P-H07-W001::C016::C018,41.791504358827275,12.87202446921685,,,28.919479889610425,inner_validation_within_outer_train
rolling_origin_2023-01-17,rolling_origin_2023-01-17__inner_3_2022-10-18,C03_causal_tcn,42120,92e2c7c1f70c24b6008eb72e90fb8244c710cd38d8231ad3761d9525f572c08e,P-H07-W002::C016::C018,35.737966924486244,4.1422836826030895,,,31.595683241883155,inner_validation_within_outer_train
rolling_origin_2023-01-17,rolling_origin_2023-01-17__inner_3_2022-10-18,C03_causal_tcn,42120,92e2c7c1f70c24b6008eb72e90fb8244c710cd38d8231ad3761d9525f572c08e,P-H07-W003::C016::C018,-1.723428375267833,5.449717650754887,,,3.726289275487054,inner_validation_within_outer_train
rolling_origin_2023-01-17,rolling_origin_2023-01-17__inner_3_2022-10-18,C03_causal_tcn,42120,92e2c7c1f70c24b6008eb72e90fb8244c710cd38d8231ad3761d9525f572c08e,P-H07-W004::C016::C018,31.520767588536945,1.7291333132122375,,,29.791634275324707,inner_validation_within_outer_train
rolling_origin_2023-01-17,rolling_origin_2023-01-17__inner_3_2022-10-18,C03_causal_tcn,42120,92e2c7c1f70c24b6008eb72e90fb8244c710cd38d8231ad3761d9525f572c08e,P-H07-W005::C016::C018,-1.53909004779538,1.8388322705551183,,,0.2997422227597383,inner_validation_within_outer_train
rolling_origin_2023-01-17,rolling_origin_2023-01-17__inner_3_2022-10-18,C03_causal_tcn,42120,92e2c7c1f70c24b6008eb72e90fb8244c710cd38d8231ad3761d9525f572c08e,P-H07-W006::C016::C018,16.296429340646327,1.475400948330961,,,17.771830288977288,inner_validation_within_outer_train
rolling_origin_2023-01-17,rolling_origin_2023-01-17__inner_3_2022-10-18,C03_causal_tcn,42120,92e2c7c1f70c24b6008eb72e90fb8244c710cd38d8231ad3761d9525f572c08e,P-V01-W001::C016::C018,42.22655799861288,3.694036321015453,,,38.53252167759743,inner_validation_within_outer_train
rolling_origin_2023-01-17,rolling_origin_2023-01-17__inner_3_2022-10-18,C03_causal_tcn,42120,92e2c7c1f70c24b6008eb72e90fb8244c710cd38d8231ad3761d9525f572c08e,P-V01-W002::C016::C018,38.366796333231406,1.3010871812166727,,,39.66788351444808,inner_validation_within_outer_train
rolling_origin_2023-01-17,rolling_origin_2023-01-17__inner_3_2022-10-18,C03_causal_tcn,42120,92e2c7c1f70c24b6008eb72e90fb8244c710cd38d8231ad3761d9525f572c08e,P-V01-W003::C016::C018,21.242327774710564,0.3970443767504861,,,21.63937215146105,inner_validation_within_outer_train
rolling_origin_2023-01-17,rolling_origin_2023-01-17__inner_3_2022-10-18,C03_causal_tcn,42120,92e2c7c1f70c24b6008eb72e90fb8244c710cd38d8231ad3761d9525f572c08e,P-V01-W004::C016::C018,24.595145000159185,1.043330252431936,,,23.55181474772725,inner_validation_within_outer_train
rolling_origin_2023-01-17,rolling_origin_2023-01-17__inner_3_2022-10-18,C03_causal_tcn,42120,92e2c7c1f70c24b6008eb72e90fb8244c710cd38d8231ad3761d9525f572c08e,P-V01-W005::C016::C018,30.47434945687207,2.3119586583877165,,,32.786308115259786,inner_validation_within_outer_train
rolling_origin_2023-01-17,rolling_origin_2023-01-17__inner_3_2022-10-18,C03_causal_tcn,42120,92e2c7c1f70c24b6008eb72e90fb8244c710cd38d8231ad3761d9525f572c08e,P-V01-W007::C016::C018,34.0589714027318,3.343254028599439,,,37.40222543133124,inner_validation_within_outer_train
rolling_origin_2023-01-17,rolling_origin_2023-01-17__inner_3_2022-10-18,C03_causal_tcn,42120,92e2c7c1f70c24b6008eb72e90fb8244c710cd38d8231ad3761d9525f572c08e,P-V02-W001::C016::C018,33.03728440828676,9.176967888968488,,,23.86031651931827,inner_validation_within_outer_train
rolling_origin_2023-01-17,rolling_origin_2023-01-17__inner_3_2022-10-18,C03_causal_tcn,42120,92e2c7c1f70c24b6008eb72e90fb8244c710cd38d8231ad3761d9525f572c08e,P-V02-W002::C016::C018,41.89333506011163,12.202960892254524,,,29.690374167857108,inner_validation_within_outer_train
rolling_origin_2023-01-17,rolling_origin_2023-01-17__inner_3_2022-10-18,C03_causal_tcn,42120,92e2c7c1f70c24b6008eb72e90fb8244c710cd38d8231ad3761d9525f572c08e,P-V02-W003::C016::C018,7.853750789668144,4.885594977281788,,,2.968155812386356,inner_validation_within_outer_train
rolling_origin_2023-01-17,rolling_origin_2023-01-17__inner_3_2022-10-18,C03_causal_tcn,42120,92e2c7c1f70c24b6008eb72e90fb8244c710cd38d8231ad3761d9525f572c08e,P-V02-W004::C016::C018,18.075532992358312,6.595957188932992,,,11.47957580342532,inner_validation_within_outer_train
rolling_origin_2023-01-17,rolling_origin_2023-01-17__inner_3_2022-10-18,C03_causal_tcn,42120,92e2c7c1f70c24b6008eb72e90fb8244c710cd38d8231ad3761d9525f572c08e,P-V02-W005::C016::C018,42.34075068236025,8.466646241613482,,,33.87410444074677,inner_validation_within_outer_train
rolling_origin_2023-01-17,rolling_origin_2023-01-17__inner_3_2022-10-18,C03_causal_tcn,42120,92e2c7c1f70c24b6008eb72e90fb8244c710cd38d8231ad3761d9525f572c08e,P-V02-W006::C016::C018,34.150690085376894,12.035041658104245,,,22.11564842727265,inner_validation_within_outer_train
rolling_origin_2023-01-17,rolling_origin_2023-01-17__inner_3_2022-10-18,C03_causal_tcn,42120,92e2c7c1f70c24b6008eb72e90fb8244c710cd38d8231ad3761d9525f572c08e,P-V02-W007::C016::C018,26.81604852068014,8.81824519568016,,,17.997803324999982,inner_validation_within_outer_train
rolling_origin_2023-01-17,rolling_origin_2023-01-17__inner_3_2022-10-18,C03_causal_tcn,42120,92e2c7c1f70c24b6008eb72e90fb8244c710cd38d8231ad3761d9525f572c08e,P-V03-W001::C016::C018,23.807473318634134,9.483325449060711,,,33.290798767694845,inner_validation_within_outer_train
rolling_origin_2023-01-17,rolling_origin_2023-01-17__inner_3_2022-10-18,C03_causal_tcn,42120,92e2c7c1f70c24b6008eb72e90fb8244c710cd38d8231ad3761d9525f572c08e,P-V03-W002::C016::C018,35.79909867353271,3.3403688904281736,,,39.139467563960885,inner_validation_within_outer_train
rolling_origin_2023-01-17,rolling_origin_2023-01-17__inner_3_2022-10-18,C03_causal_tcn,42120,92e2c7c1f70c24b6008eb72e90fb8244c710cd38d8231ad3761d9525f572c08e,P-V03-W003::C016::C018,34.29698534574362,5.4649455373731755,,,39.7619308831168,inner_validation_within_outer_train
rolling_origin_2023-01-17,rolling_origin_2023-01-17__inner_3_2022-10-18,C03_causal_tcn,42120,92e2c7c1f70c24b6008eb72e90fb8244c710cd38d8231ad3761d9525f572c08e,P-V03-W004::C016::C018,22.35053994808299,6.643488889579171,,,28.99402883766216,inner_validation_within_outer_train
rolling_origin_2023-01-17,rolling_origin_2023-01-17__inner_3_2022-10-18,C03_causal_tcn,42120,92e2c7c1f70c24b6008eb72e90fb8244c710cd38d8231ad3761d9525f572c08e,P-V03-W005::C016::C018,34.63307842257892,3.8122080360250123,,,38.44528645860393,inner_validation_within_outer_train
rolling_origin_2023-01-17,rolling_origin_2023-01-17__inner_3_2022-10-18,C03_causal_tcn,42120,92e2c7c1f70c24b6008eb72e90fb8244c710cd38d8231ad3761d9525f572c08e,P-V03-W006::C016::C018,32.770466228189406,2.754631538368997,,,35.5250977665584,inner_validation_within_outer_train
rolling_origin_2023-01-17,rolling_origin_2023-01-17__inner_3_2022-10-18,C03_causal_tcn,42120,92e2c7c1f70c24b6008eb72e90fb8244c710cd38d8231ad3761d9525f572c08e,P-V03-W007::C016::C018,2.110292675169198,1.6782290337593553,,,3.7885217089285534,inner_validation_within_outer_train
rolling_origin_2023-01-17,rolling_origin_2023-01-17__inner_3_2022-10-18,C03_causal_tcn,42120,92e2c7c1f70c24b6008eb72e90fb8244c710cd38d8231ad3761d9525f572c08e,P-V04-W001::C016::C018,-0.1784418220069348,1.0543153503956444,,,-1.2327571724025792,inner_validation_within_outer_train
rolling_origin_2023-01-17,rolling_origin_2023-01-17__inner_3_2022-10-18,C03_causal_tcn,42120,92e2c7c1f70c24b6008eb72e90fb8244c710cd38d8231ad3761d9525f572c08e,P-V04-W002::C016::C018,1.374113790237839,2.5917854261144453,,,-1.2176716358766062,inner_validation_within_outer_train
rolling_origin_2023-01-17,rolling_origin_2023-01-17__inner_3_2022-10-18,C03_causal_tcn,42120,92e2c7c1f70c24b6008eb72e90fb8244c710cd38d8231ad3761d9525f572c08e,P-V04-W003::C016::C018,0.11401196733842411,1.6143688407150076,,,-1.5003568733765835,inner_validation_within_outer_train
rolling_origin_2023-01-17,rolling_origin_2023-01-17__inner_3_2022-10-18,C03_causal_tcn,42120,92e2c7c1f70c24b6008eb72e90fb8244c710cd38d8231ad3761d9525f572c08e,P-V04-W004::C016::C018,0.428391611417716,1.4853532472943394,,,-1.0569616358766234,inner_validation_within_outer_train
rolling_origin_2023-01-17,rolling_origin_2023-01-17__inner_3_2022-10-18,C03_causal_tcn,42120,92e2c7c1f70c24b6008eb72e90fb8244c710cd38d8231ad3761d9525f572c08e,P-V04-W005::C016::C018,2.5077464040444184,5.159144300635365,,,-2.651397896590946,inner_validation_within_outer_train
rolling_origin_2023-01-17,rolling_origin_2023-01-17__inner_3_2022-10-18,C03_causal_tcn,42120,92e2c7c1f70c24b6008eb72e90fb8244c710cd38d8231ad3761d9525f572c08e,P-V04-W006::C016::C018,0.21553990626342312,2.544499609185487,,,-2.328959702922064,inner_validation_within_outer_train
rolling_origin_2023-01-17,rolling_origin_2023-01-17__inner_3_2022-10-18,C03_causal_tcn,42120,92e2c7c1f70c24b6008eb72e90fb8244c710cd38d8231ad3761d9525f572c08e,P-V04-W007::C016::C018,41.35714902577374,4.801757142494537,,,36.5553918832792,inner_validation_within_outer_train
rolling_origin_2023-01-17,rolling_origin_2023-01-17__inner_3_2022-10-18,C03_causal_tcn,42120,92e2c7c1f70c24b6008eb72e90fb8244c710cd38d8231ad3761d9525f572c08e,P-V05-W001::C016::C018,27.250347085791304,4.302624056570487,,,22.947723029220818,inner_validation_within_outer_train
rolling_origin_2023-01-17,rolling_origin_2023-01-17__inner_3_2022-10-18,C03_causal_tcn,42120,92e2c7c1f70c24b6008eb72e90fb8244c710cd38d8231ad3761d9525f572c08e,P-V05-W002::C016::C018,30.08401308507362,8.321855979554076,,,21.762157105519545,inner_validation_within_outer_train
rolling_origin_2023-01-17,rolling_origin_2023-01-17__inner_3_2022-10-18,C03_causal_tcn,42120,92e2c7c1f70c24b6008eb72e90fb8244c710cd38d8231ad3761d9525f572c08e,P-V05-W003::C016::C018,33.403800371575365,1.892868621931214,,,35.29666899350658,inner_validation_within_outer_train
rolling_origin_2023-01-17,rolling_origin_2023-01-17__inner_3_2022-10-18,C03_causal_tcn,42120,92e2c7c1f70c24b6008eb72e90fb8244c710cd38d8231ad3761d9525f572c08e,P-V05-W004::C016::C018,35.141428021687645,1.4255444259081358,,,33.71588359577951,inner_validation_within_outer_train
rolling_origin_2023-01-17,rolling_origin_2023-01-17__inner_3_2022-10-18,C03_causal_tcn,42120,92e2c7c1f70c24b6008eb72e90fb8244c710cd38d8231ad3761d9525f572c08e,P-V05-W005::C016::C018,31.698825733480724,1.0898209304801227,,,32.78864666396085,inner_validation_within_outer_train
rolling_origin_2023-01-17,rolling_origin_2023-01-17__inner_3_2022-10-18,C03_causal_tcn,42120,92e2c7c1f70c24b6008eb72e90fb8244c710cd38d8231ad3761d9525f572c08e,P-V05-W006::C016::C018,26.59972969818485,3.0764746543536496,,,23.5232550438312,inner_validation_within_outer_train
rolling_origin_2023-01-17,rolling_origin_2023-01-17__inner_3_2022-10-18,C03_causal_tcn,42120,92e2c7c1f70c24b6008eb72e90fb8244c710cd38d8231ad3761d9525f572c08e,P-V05-W007::C016::C018,32.2165875184767,1.1868104717830477,,,33.40339799025975,inner_validation_within_outer_train
rolling_origin_2023-01-17,rolling_origin_2023-01-17__inner_3_2022-10-18,C03_causal_tcn,42120,92e2c7c1f70c24b6008eb72e90fb8244c710cd38d8231ad3761d9525f572c08e,P-V06-W002::C016::C018,24.661581194574183,0.7066343296391011,,,23.95494686493508,inner_validation_within_outer_train
rolling_origin_2023-01-17,rolling_origin_2023-01-17__inner_3_2022-10-18,C03_causal_tcn,42120,92e2c7c1f70c24b6008eb72e90fb8244c710cd38d8231ad3761d9525f572c08e,P-V06-W003::C016::C018,26.59397660294912,7.128847691531369,,,33.72282429448049,inner_validation_within_outer_train
rolling_origin_2023-01-17,rolling_origin_2023-01-17__inner_3_2022-10-18,C03_causal_tcn,42120,92e2c7c1f70c24b6008eb72e90fb8244c710cd38d8231ad3761d9525f572c08e,P-V06-W004::C016::C018,23.431336257326244,0.49624650452442154,,,23.927582761850665,inner_validation_within_outer_train
rolling_origin_2023-01-17,rolling_origin_2023-01-17__inner_3_2022-10-18,C03_causal_tcn,42120,92e2c7c1f70c24b6008eb72e90fb8244c710cd38d8231ad3761d9525f572c08e,P-V06-W005::C016::C018,36.6394101082507,2.8409716071713476,,,39.48038171542205,inner_validation_within_outer_train
rolling_origin_2023-01-17,rolling_origin_2023-01-17__inner_3_2022-10-18,C03_causal_tcn,42120,92e2c7c1f70c24b6008eb72e90fb8244c710cd38d8231ad3761d9525f572c08e,P-V06-W006::C016::C018,19.46949850665142,1.2538802464329812,,,20.7233787530844,inner_validation_within_outer_train
rolling_origin_2023-01-17,rolling_origin_2023-01-17__inner_3_2022-10-18,C03_causal_tcn,42120,92e2c7c1f70c24b6008eb72e90fb8244c710cd38d8231ad3761d9525f572c08e,P-V06-W007::C016::C018,19.614655966538635,1.1352271290782454,,,20.74988309561688,inner_validation_within_outer_train
rolling_origin_2023-01-17,rolling_origin_2023-01-17__inner_3_2022-10-18,C03_causal_tcn,42120,92e2c7c1f70c24b6008eb72e90fb8244c710cd38d8231ad3761d9525f572c08e,P-D01-W001::C017::C018,128.27983539793632,23.217070505909902,,,151.49690590384623,inner_validation_within_outer_train
rolling_origin_2023-01-17,rolling_origin_2023-01-17__inner_3_2022-10-18,C03_causal_tcn,42120,92e2c7c1f70c24b6008eb72e90fb8244c710cd38d8231ad3761d9525f572c08e,P-D01-W002::C017::C018,45.84940872820704,0.1497809187709791,,,45.99918964697802,inner_validation_within_outer_train
rolling_origin_2023-01-17,rolling_origin_2023-01-17__inner_3_2022-10-18,C03_causal_tcn,42120,92e2c7c1f70c24b6008eb72e90fb8244c710cd38d8231ad3761d9525f572c08e,P-D01-W005::C017::C018,43.62551176693955,1.765036096609876,,,41.86047567032968,inner_validation_within_outer_train
rolling_origin_2023-01-17,rolling_origin_2023-01-17__inner_3_2022-10-18,C03_causal_tcn,42120,92e2c7c1f70c24b6008eb72e90fb8244c710cd38d8231ad3761d9525f572c08e,P-D01-W006::C017::C018,78.89043634649103,15.500849423564006,,,94.39128577005503,inner_validation_within_outer_train
rolling_origin_2023-01-17,rolling_origin_2023-01-17__inner_3_2022-10-18,C03_causal_tcn,42120,92e2c7c1f70c24b6008eb72e90fb8244c710cd38d8231ad3761d9525f572c08e,P-D01-W007::C017::C018,25.798799344870382,0.7497533249098289,,,26.54855266978021,inner_validation_within_outer_train
rolling_origin_2023-01-17,rolling_origin_2023-01-17__inner_3_2022-10-18,C03_causal_tcn,42120,92e2c7c1f70c24b6008eb72e90fb8244c710cd38d8231ad3761d9525f572c08e,P-H03-W001::C017::C018,39.33967434238013,1.848092395951511,,,37.49158194642862,inner_validation_within_outer_train
rolling_origin_2023-01-17,rolling_origin_2023-01-17__inner_3_2022-10-18,C03_causal_tcn,42120,92e2c7c1f70c24b6008eb72e90fb8244c710cd38d8231ad3761d9525f572c08e,P-H03-W002::C017::C018,46.27664060010399,3.6857034616425963,,,42.59093713846139,inner_validation_within_outer_train
rolling_origin_2023-01-17,rolling_origin_2023-01-17__inner_3_2022-10-18,C03_causal_tcn,42120,92e2c7c1f70c24b6008eb72e90fb8244c710cd38d8231ad3761d9525f572c08e,P-H03-W004::C017::C018,44.57893607368375,1.605900474507962,,,42.97303559917579,inner_validation_within_outer_train
rolling_origin_2023-01-17,rolling_origin_2023-01-17__inner_3_2022-10-18,C03_causal_tcn,42120,92e2c7c1f70c24b6008eb72e90fb8244c710cd38d8231ad3761d9525f572c08e,P-H03-W006::C017::C018,47.743988141245765,3.518618662949166,,,44.2253694782966,inner_validation_within_outer_train
rolling_origin_2023-01-17,rolling_origin_2023-01-17__inner_3_2022-10-18,C03_causal_tcn,42120,92e2c7c1f70c24b6008eb72e90fb8244c710cd38d8231ad3761d9525f572c08e,P-H04-W002::C017::C018,25.345356554201857,106.3618427699738,,,131.70719932417566,inner_validation_within_outer_train
rolling_origin_2023-01-17,rolling_origin_2023-01-17__inner_3_2022-10-18,C03_causal_tcn,42120,92e2c7c1f70c24b6008eb72e90fb8244c710cd38d8231ad3761d9525f572c08e,P-H04-W003::C017::C018,24.52892672139396,4.916924211298177,,,29.44585093269214,inner_validation_within_outer_train
rolling_origin_2023-01-17,rolling_origin_2023-01-17__inner_3_2022-10-18,C03_causal_tcn,42120,92e2c7c1f70c24b6008eb72e90fb8244c710cd38d8231ad3761d9525f572c08e,P-H04-W004::C017::C018,15.19824800165148,1.593961403018879,,,16.79220940467036,inner_validation_within_outer_train
rolling_origin_2023-01-17,rolling_origin_2023-01-17__inner_3_2022-10-18,C03_causal_tcn,42120,92e2c7c1f70c24b6008eb72e90fb8244c710cd38d8231ad3761d9525f572c08e,P-H04-W005::C017::C018,30.341789902133137,6.606219740319876,,,23.73557016181326,inner_validation_within_outer_train
rolling_origin_2023-01-17,rolling_origin_2023-01-17__inner_3_2022-10-18,C03_causal_tcn,42120,92e2c7c1f70c24b6008eb72e90fb8244c710cd38d8231ad3761d9525f572c08e,P-H04-W006::C017::C018,39.394239932758076,3.204674105154055,,,42.59891403791213,inner_validation_within_outer_train
rolling_origin_2023-01-17,rolling_origin_2023-01-17__inner_3_2022-10-18,C03_causal_tcn,42121,92e2c7c1f70c24b6008eb72e90fb8244c710cd38d8231ad3761d9525f572c08e,P-D01-W003::C016::C018,1.5522869970863304,5.4908787969071104,,,7.043165793993441,inner_validation_within_outer_train
rolling_origin_2023-01-17,rolling_origin_2023-01-17__inner_3_2022-10-18,C03_causal_tcn,42121,92e2c7c1f70c24b6008eb72e90fb8244c710cd38d8231ad3761d9525f572c08e,P-D01-W004::C016::C018,2.95590550321581,2.2531863511673267,,,5.209091854383137,inner_validation_within_outer_train
rolling_origin_2023-01-17,rolling_origin_2023-01-17__inner_3_2022-10-18,C03_causal_tcn,42121,92e2c7c1f70c24b6008eb72e90fb8244c710cd38d8231ad3761d9525f572c08e,P-H01-W001::C016::C018,23.72464950111106,5.883667686663021,,,17.84098181444804,inner_validation_within_outer_train
rolling_origin_2023-01-17,rolling_origin_2023-01-17__inner_3_2022-10-18,C03_causal_tcn,42121,92e2c7c1f70c24b6008eb72e90fb8244c710cd38d8231ad3761d9525f572c08e,P-H01-W002::C016::C018,113.46490159900567,10.872212930052811,,,124.33711452905848,inner_validation_within_outer_train
rolling_origin_2023-01-17,rolling_origin_2023-01-17__inner_3_2022-10-18,C03_causal_tcn,42121,92e2c7c1f70c24b6008eb72e90fb8244c710cd38d8231ad3761d9525f572c08e,P-H01-W003::C016::C018,101.57294304909324,31.485565252827072,,,70.08737779626617,inner_validation_within_outer_train
rolling_origin_2023-01-17,rolling_origin_2023-01-17__inner_3_2022-10-18,C03_causal_tcn,42121,92e2c7c1f70c24b6008eb72e90fb8244c710cd38d8231ad3761d9525f572c08e,P-H01-W005::C016::C018,39.531939427914246,0.19881726265451505,,,39.33312216525973,inner_validation_within_outer_train
rolling_origin_2023-01-17,rolling_origin_2023-01-17__inner_3_2022-10-18,C03_causal_tcn,42121,92e2c7c1f70c24b6008eb72e90fb8244c710cd38d8231ad3761d9525f572c08e,P-H01-W006::C016::C018,29.406590241320558,6.3933193047945345,,,23.013270936526023,inner_validation_within_outer_train
rolling_origin_2023-01-17,rolling_origin_2023-01-17__inner_3_2022-10-18,C03_causal_tcn,42121,92e2c7c1f70c24b6008eb72e90fb8244c710cd38d8231ad3761d9525f572c08e,P-H01-W007::C016::C018,36.7030549069614,3.1261692566750128,,,39.82922416363641,inner_validation_within_outer_train
rolling_origin_2023-01-17,rolling_origin_2023-01-17__inner_3_2022-10-18,C03_causal_tcn,42121,92e2c7c1f70c24b6008eb72e90fb8244c710cd38d8231ad3761d9525f572c08e,P-H02-W001::C016::C018,31.791581499288203,6.309185223638924,,,25.48239627564928,inner_validation_within_outer_train
rolling_origin_2023-01-17,rolling_origin_2023-01-17__inner_3_2022-10-18,C03_causal_tcn,42121,92e2c7c1f70c24b6008eb72e90fb8244c710cd38d8231ad3761d9525f572c08e,P-H02-W002::C016::C018,33.5174552858901,13.0961695144346,,,46.6136248003247,inner_validation_within_outer_train
rolling_origin_2023-01-17,rolling_origin_2023-01-17__inner_3_2022-10-18,C03_causal_tcn,42121,92e2c7c1f70c24b6008eb72e90fb8244c710cd38d8231ad3761d9525f572c08e,P-H02-W003::C016::C018,78.15935803066203,15.831999313493782,,,93.99135734415582,inner_validation_within_outer_train
rolling_origin_2023-01-17,rolling_origin_2023-01-17__inner_3_2022-10-18,C03_causal_tcn,42121,92e2c7c1f70c24b6008eb72e90fb8244c710cd38d8231ad3761d9525f572c08e,P-H02-W004::C016::C018,20.366772603894916,1.2536833845767141,,,19.1130892193182,inner_validation_within_outer_train
rolling_origin_2023-01-17,rolling_origin_2023-01-17__inner_3_2022-10-18,C03_causal_tcn,42121,92e2c7c1f70c24b6008eb72e90fb8244c710cd38d8231ad3761d9525f572c08e,P-H02-W006::C016::C018,17.759339215754817,4.033894550495107,,,13.72544466525971,inner_validation_within_outer_train
rolling_origin_2023-01-17,rolling_origin_2023-01-17__inner_3_2022-10-18,C03_causal_tcn,42121,92e2c7c1f70c24b6008eb72e90fb8244c710cd38d8231ad3761d9525f572c08e,P-H02-W007::C016::C018,32.62951051165022,6.344712022927709,,,38.974222534577926,inner_validation_within_outer_train
rolling_origin_2023-01-17,rolling_origin_2023-01-17__inner_3_2022-10-18,C03_causal_tcn,42121,92e2c7c1f70c24b6008eb72e90fb8244c710cd38d8231ad3761d9525f572c08e,P-H03-W003::C016::C018,42.579620417363635,2.277004029863541,,,40.302616387500095,inner_validation_within_outer_train
rolling_origin_2023-01-17,rolling_origin_2023-01-17__inner_3_2022-10-18,C03_causal_tcn,42121,92e2c7c1f70c24b6008eb72e90fb8244c710cd38d8231ad3761d9525f572c08e,P-H03-W005::C016::C018,42.69653307908135,0.7346971768086519,,,41.961835902272696,inner_validation_within_outer_train
rolling_origin_2023-01-17,rolling_origin_2023-01-17__inner_3_2022-10-18,C03_causal_tcn,42121,92e2c7c1f70c24b6008eb72e90fb8244c710cd38d8231ad3761d9525f572c08e,P-H04-W001::C016::C018,21.944823126347714,12.42718463836065,,,9.517638487987064,inner_validation_within_outer_train
rolling_origin_2023-01-17,rolling_origin_2023-01-17__inner_3_2022-10-18,C03_causal_tcn,42121,92e2c7c1f70c24b6008eb72e90fb8244c710cd38d8231ad3761d9525f572c08e,P-H04-W007::C016::C018,26.694683543137565,7.400805060832365,,,19.2938784823052,inner_validation_within_outer_train
rolling_origin_2023-01-17,rolling_origin_2023-01-17__inner_3_2022-10-18,C03_causal_tcn,42121,92e2c7c1f70c24b6008eb72e90fb8244c710cd38d8231ad3761d9525f572c08e,P-H05-W001::C016::C018,35.86887685165228,8.620638945425576,,,44.48951579707786,inner_validation_within_outer_train
rolling_origin_2023-01-17,rolling_origin_2023-01-17__inner_3_2022-10-18,C03_causal_tcn,42121,92e2c7c1f70c24b6008eb72e90fb8244c710cd38d8231ad3761d9525f572c08e,P-H05-W003::C016::C018,27.95344613092322,0.6030636390404602,,,27.35038249188276,inner_validation_within_outer_train
rolling_origin_2023-01-17,rolling_origin_2023-01-17__inner_3_2022-10-18,C03_causal_tcn,42121,92e2c7c1f70c24b6008eb72e90fb8244c710cd38d8231ad3761d9525f572c08e,P-H05-W004::C016::C018,27.800971100140945,7.114319971287454,,,34.9152910714284,inner_validation_within_outer_train
rolling_origin_2023-01-17,rolling_origin_2023-01-17__inner_3_2022-10-18,C03_causal_tcn,42121,92e2c7c1f70c24b6008eb72e90fb8244c710cd38d8231ad3761d9525f572c08e,P-H05-W005::C016::C018,19.65738086287068,11.57015646829863,,,31.227537331169312,inner_validation_within_outer_train
rolling_origin_2023-01-17,rolling_origin_2023-01-17__inner_3_2022-10-18,C03_causal_tcn,42121,92e2c7c1f70c24b6008eb72e90fb8244c710cd38d8231ad3761d9525f572c08e,P-H05-W006::C016::C018,21.419021352609306,3.072971561351551,,,24.491992913960857,inner_validation_within_outer_train
rolling_origin_2023-01-17,rolling_origin_2023-01-17__inner_3_2022-10-18,C03_causal_tcn,42121,92e2c7c1f70c24b6008eb72e90fb8244c710cd38d8231ad3761d9525f572c08e,P-H05-W007::C016::C018,22.59269611966453,6.386102267348658,,,28.97879838701319,inner_validation_within_outer_train
rolling_origin_2023-01-17,rolling_origin_2023-01-17__inner_3_2022-10-18,C03_causal_tcn,42121,92e2c7c1f70c24b6008eb72e90fb8244c710cd38d8231ad3761d9525f572c08e,P-H06-W001::C016::C018,1.960232418365976,1.663528810367811,,,3.623761228733787,inner_validation_within_outer_train
rolling_origin_2023-01-17,rolling_origin_2023-01-17__inner_3_2022-10-18,C03_causal_tcn,42121,92e2c7c1f70c24b6008eb72e90fb8244c710cd38d8231ad3761d9525f572c08e,P-H06-W002::C016::C018,1.2188894819020675,2.7915296659875404,,,4.010419147889608,inner_validation_within_outer_train
rolling_origin_2023-01-17,rolling_origin_2023-01-17__inner_3_2022-10-18,C03_causal_tcn,42121,92e2c7c1f70c24b6008eb72e90fb8244c710cd38d8231ad3761d9525f572c08e,P-H06-W003::C016::C018,2.367386750900206,0.04512250739374135,,,2.3222642435064644,inner_validation_within_outer_train
rolling_origin_2023-01-17,rolling_origin_2023-01-17__inner_3_2022-10-18,C03_causal_tcn,42121,92e2c7c1f70c24b6008eb72e90fb8244c710cd38d8231ad3761d9525f572c08e,P-H06-W004::C016::C018,1.1022820241756435,1.5450563366756613,,,-0.4427743125000178,inner_validation_within_outer_train
rolling_origin_2023-01-17,rolling_origin_2023-01-17__inner_3_2022-10-18,C03_causal_tcn,42121,92e2c7c1f70c24b6008eb72e90fb8244c710cd38d8231ad3761d9525f572c08e,P-H06-W005::C016::C018,0.8826279324635848,1.218842929216788,,,-0.3362149967532031,inner_validation_within_outer_train
rolling_origin_2023-01-17,rolling_origin_2023-01-17__inner_3_2022-10-18,C03_causal_tcn,42121,92e2c7c1f70c24b6008eb72e90fb8244c710cd38d8231ad3761d9525f572c08e,P-H06-W007::C016::C018,-5.718304457999292,7.821812934330463,,,2.103508476331172,inner_validation_within_outer_train
rolling_origin_2023-01-17,rolling_origin_2023-01-17__inner_3_2022-10-18,C03_causal_tcn,42121,92e2c7c1f70c24b6008eb72e90fb8244c710cd38d8231ad3761d9525f572c08e,P-H07-W001::C016::C018,37.42417380614678,8.504693916536358,,,28.919479889610425,inner_validation_within_outer_train
rolling_origin_2023-01-17,rolling_origin_2023-01-17__inner_3_2022-10-18,C03_causal_tcn,42121,92e2c7c1f70c24b6008eb72e90fb8244c710cd38d8231ad3761d9525f572c08e,P-H07-W002::C016::C018,35.37606152529199,3.780378283408833,,,31.595683241883155,inner_validation_within_outer_train
rolling_origin_2023-01-17,rolling_origin_2023-01-17__inner_3_2022-10-18,C03_causal_tcn,42121,92e2c7c1f70c24b6008eb72e90fb8244c710cd38d8231ad3761d9525f572c08e,P-H07-W003::C016::C018,-0.9681266290585029,4.694415904545557,,,3.726289275487054,inner_validation_within_outer_train
rolling_origin_2023-01-17,rolling_origin_2023-01-17__inner_3_2022-10-18,C03_causal_tcn,42121,92e2c7c1f70c24b6008eb72e90fb8244c710cd38d8231ad3761d9525f572c08e,P-H07-W004::C016::C018,31.148786184774394,1.357151909449687,,,29.791634275324707,inner_validation_within_outer_train
rolling_origin_2023-01-17,rolling_origin_2023-01-17__inner_3_2022-10-18,C03_causal_tcn,42121,92e2c7c1f70c24b6008eb72e90fb8244c710cd38d8231ad3761d9525f572c08e,P-H07-W005::C016::C018,-0.9752488693991346,1.274991092158873,,,0.2997422227597383,inner_validation_within_outer_train
rolling_origin_2023-01-17,rolling_origin_2023-01-17__inner_3_2022-10-18,C03_causal_tcn,42121,92e2c7c1f70c24b6008eb72e90fb8244c710cd38d8231ad3761d9525f572c08e,P-H07-W006::C016::C018,18.497385949112843,0.7255556601355551,,,17.771830288977288,inner_validation_within_outer_train
rolling_origin_2023-01-17,rolling_origin_2023-01-17__inner_3_2022-10-18,C03_causal_tcn,42121,92e2c7c1f70c24b6008eb72e90fb8244c710cd38d8231ad3761d9525f572c08e,P-V01-W001::C016::C018,33.06763175675223,5.464889920845202,,,38.53252167759743,inner_validation_within_outer_train
rolling_origin_2023-01-17,rolling_origin_2023-01-17__inner_3_2022-10-18,C03_causal_tcn,42121,92e2c7c1f70c24b6008eb72e90fb8244c710cd38d8231ad3761d9525f572c08e,P-V01-W002::C016::C018,31.917228183624523,7.750655330823555,,,39.66788351444808,inner_validation_within_outer_train
rolling_origin_2023-01-17,rolling_origin_2023-01-17__inner_3_2022-10-18,C03_causal_tcn,42121,92e2c7c1f70c24b6008eb72e90fb8244c710cd38d8231ad3761d9525f572c08e,P-V01-W003::C016::C018,18.251509951285517,3.387862200175533,,,21.63937215146105,inner_validation_within_outer_train
rolling_origin_2023-01-17,rolling_origin_2023-01-17__inner_3_2022-10-18,C03_causal_tcn,42121,92e2c7c1f70c24b6008eb72e90fb8244c710cd38d8231ad3761d9525f572c08e,P-V01-W004::C016::C018,21.84981129263665,1.7020034550905976,,,23.55181474772725,inner_validation_within_outer_train
rolling_origin_2023-01-17,rolling_origin_2023-01-17__inner_3_2022-10-18,C03_causal_tcn,42121,92e2c7c1f70c24b6008eb72e90fb8244c710cd38d8231ad3761d9525f572c08e,P-V01-W005::C016::C018,29.773375547131476,3.01293256812831,,,32.786308115259786,inner_validation_within_outer_train
rolling_origin_2023-01-17,rolling_origin_2023-01-17__inner_3_2022-10-18,C03_causal_tcn,42121,92e2c7c1f70c24b6008eb72e90fb8244c710cd38d8231ad3761d9525f572c08e,P-V01-W007::C016::C018,34.60747180771008,2.794753623621162,,,37.40222543133124,inner_validation_within_outer_train
rolling_origin_2023-01-17,rolling_origin_2023-01-17__inner_3_2022-10-18,C03_causal_tcn,42121,92e2c7c1f70c24b6008eb72e90fb8244c710cd38d8231ad3761d9525f572c08e,P-V02-W001::C016::C018,31.599216917252924,7.738900397934653,,,23.86031651931827,inner_validation_within_outer_train
rolling_origin_2023-01-17,rolling_origin_2023-01-17__inner_3_2022-10-18,C03_causal_tcn,42121,92e2c7c1f70c24b6008eb72e90fb8244c710cd38d8231ad3761d9525f572c08e,P-V02-W002::C016::C018,40.333169491548155,10.642795323691047,,,29.690374167857108,inner_validation_within_outer_train
rolling_origin_2023-01-17,rolling_origin_2023-01-17__inner_3_2022-10-18,C03_causal_tcn,42121,92e2c7c1f70c24b6008eb72e90fb8244c710cd38d8231ad3761d9525f572c08e,P-V02-W003::C016::C018,8.106335171223922,5.138179358837566,,,2.968155812386356,inner_validation_within_outer_train
rolling_origin_2023-01-17,rolling_origin_2023-01-17__inner_3_2022-10-18,C03_causal_tcn,42121,92e2c7c1f70c24b6008eb72e90fb8244c710cd38d8231ad3761d9525f572c08e,P-V02-W004::C016::C018,19.312716437144132,7.833140633718813,,,11.47957580342532,inner_validation_within_outer_train
rolling_origin_2023-01-17,rolling_origin_2023-01-17__inner_3_2022-10-18,C03_causal_tcn,42121,92e2c7c1f70c24b6008eb72e90fb8244c710cd38d8231ad3761d9525f572c08e,P-V02-W005::C016::C018,38.8788700314418,5.00476559069503,,,33.87410444074677,inner_validation_within_outer_train
rolling_origin_2023-01-17,rolling_origin_2023-01-17__inner_3_2022-10-18,C03_causal_tcn,42121,92e2c7c1f70c24b6008eb72e90fb8244c710cd38d8231ad3761d9525f572c08e,P-V02-W006::C016::C018,31.533476587938054,9.417828160665405,,,22.11564842727265,inner_validation_within_outer_train
rolling_origin_2023-01-17,rolling_origin_2023-01-17__inner_3_2022-10-18,C03_causal_tcn,42121,92e2c7c1f70c24b6008eb72e90fb8244c710cd38d8231ad3761d9525f572c08e,P-V02-W007::C016::C018,26.067004677108123,8.069201352108141,,,17.997803324999982,inner_validation_within_outer_train
rolling_origin_2023-01-17,rolling_origin_2023-01-17__inner_3_2022-10-18,C03_causal_tcn,42121,92e2c7c1f70c24b6008eb72e90fb8244c710cd38d8231ad3761d9525f572c08e,P-V03-W001::C016::C018,23.099334134790137,10.191464632904708,,,33.290798767694845,inner_validation_within_outer_train
rolling_origin_2023-01-17,rolling_origin_2023-01-17__inner_3_2022-10-18,C03_causal_tcn,42121,92e2c7c1f70c24b6008eb72e90fb8244c710cd38d8231ad3761d9525f572c08e,P-V03-W002::C016::C018,34.075602578624924,5.063864985335961,,,39.139467563960885,inner_validation_within_outer_train
rolling_origin_2023-01-17,rolling_origin_2023-01-17__inner_3_2022-10-18,C03_causal_tcn,42121,92e2c7c1f70c24b6008eb72e90fb8244c710cd38d8231ad3761d9525f572c08e,P-V03-W003::C016::C018,34.46051120264235,5.301419680474446,,,39.7619308831168,inner_validation_within_outer_train
rolling_origin_2023-01-17,rolling_origin_2023-01-17__inner_3_2022-10-18,C03_causal_tcn,42121,92e2c7c1f70c24b6008eb72e90fb8244c710cd38d8231ad3761d9525f572c08e,P-V03-W004::C016::C018,22.702326614150174,6.291702223511987,,,28.99402883766216,inner_validation_within_outer_train
rolling_origin_2023-01-17,rolling_origin_2023-01-17__inner_3_2022-10-18,C03_causal_tcn,42121,92e2c7c1f70c24b6008eb72e90fb8244c710cd38d8231ad3761d9525f572c08e,P-V03-W005::C016::C018,32.93680942313169,5.508477035472239,,,38.44528645860393,inner_validation_within_outer_train
rolling_origin_2023-01-17,rolling_origin_2023-01-17__inner_3_2022-10-18,C03_causal_tcn,42121,92e2c7c1f70c24b6008eb72e90fb8244c710cd38d8231ad3761d9525f572c08e,P-V03-W006::C016::C018,30.75319999912185,4.771897767436553,,,35.5250977665584,inner_validation_within_outer_train
rolling_origin_2023-01-17,rolling_origin_2023-01-17__inner_3_2022-10-18,C03_causal_tcn,42121,92e2c7c1f70c24b6008eb72e90fb8244c710cd38d8231ad3761d9525f572c08e,P-V03-W007::C016::C018,0.006653411363910067,3.7818682975646434,,,3.7885217089285534,inner_validation_within_outer_train
rolling_origin_2023-01-17,rolling_origin_2023-01-17__inner_3_2022-10-18,C03_causal_tcn,42121,92e2c7c1f70c24b6008eb72e90fb8244c710cd38d8231ad3761d9525f572c08e,P-V04-W001::C016::C018,0.3092350899560792,1.5419922623586584,,,-1.2327571724025792,inner_validation_within_outer_train
rolling_origin_2023-01-17,rolling_origin_2023-01-17__inner_3_2022-10-18,C03_causal_tcn,42121,92e2c7c1f70c24b6008eb72e90fb8244c710cd38d8231ad3761d9525f572c08e,P-V04-W002::C016::C018,4.420515974963745,5.638187610840351,,,-1.2176716358766062,inner_validation_within_outer_train
rolling_origin_2023-01-17,rolling_origin_2023-01-17__inner_3_2022-10-18,C03_causal_tcn,42121,92e2c7c1f70c24b6008eb72e90fb8244c710cd38d8231ad3761d9525f572c08e,P-V04-W003::C016::C018,0.07570276235229301,1.5760596357288765,,,-1.5003568733765835,inner_validation_within_outer_train
rolling_origin_2023-01-17,rolling_origin_2023-01-17__inner_3_2022-10-18,C03_causal_tcn,42121,92e2c7c1f70c24b6008eb72e90fb8244c710cd38d8231ad3761d9525f572c08e,P-V04-W004::C016::C018,0.6549530798605474,1.7119147157371708,,,-1.0569616358766234,inner_validation_within_outer_train
rolling_origin_2023-01-17,rolling_origin_2023-01-17__inner_3_2022-10-18,C03_causal_tcn,42121,92e2c7c1f70c24b6008eb72e90fb8244c710cd38d8231ad3761d9525f572c08e,P-V04-W005::C016::C018,9.831665542119335,12.483063438710282,,,-2.651397896590946,inner_validation_within_outer_train
rolling_origin_2023-01-17,rolling_origin_2023-01-17__inner_3_2022-10-18,C03_causal_tcn,42121,92e2c7c1f70c24b6008eb72e90fb8244c710cd38d8231ad3761d9525f572c08e,P-V04-W006::C016::C018,-0.4836799961392515,1.8452797067828124,,,-2.328959702922064,inner_validation_within_outer_train
rolling_origin_2023-01-17,rolling_origin_2023-01-17__inner_3_2022-10-18,C03_causal_tcn,42121,92e2c7c1f70c24b6008eb72e90fb8244c710cd38d8231ad3761d9525f572c08e,P-V04-W007::C016::C018,36.64387463223522,0.08848274895601804,,,36.5553918832792,inner_validation_within_outer_train
rolling_origin_2023-01-17,rolling_origin_2023-01-17__inner_3_2022-10-18,C03_causal_tcn,42121,92e2c7c1f70c24b6008eb72e90fb8244c710cd38d8231ad3761d9525f572c08e,P-V05-W001::C016::C018,26.65618144922894,3.708458420008121,,,22.947723029220818,inner_validation_within_outer_train
rolling_origin_2023-01-17,rolling_origin_2023-01-17__inner_3_2022-10-18,C03_causal_tcn,42121,92e2c7c1f70c24b6008eb72e90fb8244c710cd38d8231ad3761d9525f572c08e,P-V05-W002::C016::C018,28.55742636483534,6.795269259315795,,,21.762157105519545,inner_validation_within_outer_train
rolling_origin_2023-01-17,rolling_origin_2023-01-17__inner_3_2022-10-18,C03_causal_tcn,42121,92e2c7c1f70c24b6008eb72e90fb8244c710cd38d8231ad3761d9525f572c08e,P-V05-W003::C016::C018,34.776144624717844,0.5205243687887346,,,35.29666899350658,inner_validation_within_outer_train
rolling_origin_2023-01-17,rolling_origin_2023-01-17__inner_3_2022-10-18,C03_causal_tcn,42121,92e2c7c1f70c24b6008eb72e90fb8244c710cd38d8231ad3761d9525f572c08e,P-V05-W004::C016::C018,35.65471093811151,1.9388273423320044,,,33.71588359577951,inner_validation_within_outer_train
rolling_origin_2023-01-17,rolling_origin_2023-01-17__inner_3_2022-10-18,C03_causal_tcn,42121,92e2c7c1f70c24b6008eb72e90fb8244c710cd38d8231ad3761d9525f572c08e,P-V05-W005::C016::C018,31.438956132652965,1.349690531307882,,,32.78864666396085,inner_validation_within_outer_train
rolling_origin_2023-01-17,rolling_origin_2023-01-17__inner_3_2022-10-18,C03_causal_tcn,42121,92e2c7c1f70c24b6008eb72e90fb8244c710cd38d8231ad3761d9525f572c08e,P-V05-W006::C016::C018,25.336646642698557,1.8133915988673586,,,23.5232550438312,inner_validation_within_outer_train
rolling_origin_2023-01-17,rolling_origin_2023-01-17__inner_3_2022-10-18,C03_causal_tcn,42121,92e2c7c1f70c24b6008eb72e90fb8244c710cd38d8231ad3761d9525f572c08e,P-V05-W007::C016::C018,32.86947257173841,0.5339254185213349,,,33.40339799025975,inner_validation_within_outer_train
rolling_origin_2023-01-17,rolling_origin_2023-01-17__inner_3_2022-10-18,C03_causal_tcn,42121,92e2c7c1f70c24b6008eb72e90fb8244c710cd38d8231ad3761d9525f572c08e,P-V06-W002::C016::C018,25.475026742755293,1.520079877820212,,,23.95494686493508,inner_validation_within_outer_train
rolling_origin_2023-01-17,rolling_origin_2023-01-17__inner_3_2022-10-18,C03_causal_tcn,42121,92e2c7c1f70c24b6008eb72e90fb8244c710cd38d8231ad3761d9525f572c08e,P-V06-W003::C016::C018,27.871710670833068,5.8511136236474215,,,33.72282429448049,inner_validation_within_outer_train
rolling_origin_2023-01-17,rolling_origin_2023-01-17__inner_3_2022-10-18,C03_causal_tcn,42121,92e2c7c1f70c24b6008eb72e90fb8244c710cd38d8231ad3761d9525f572c08e,P-V06-W004::C016::C018,22.826179614629712,1.1014031472209531,,,23.927582761850665,inner_validation_within_outer_train
rolling_origin_2023-01-17,rolling_origin_2023-01-17__inner_3_2022-10-18,C03_causal_tcn,42121,92e2c7c1f70c24b6008eb72e90fb8244c710cd38d8231ad3761d9525f572c08e,P-V06-W005::C016::C018,37.798505280642225,1.6818764347798236,,,39.48038171542205,inner_validation_within_outer_train
rolling_origin_2023-01-17,rolling_origin_2023-01-17__inner_3_2022-10-18,C03_causal_tcn,42121,92e2c7c1f70c24b6008eb72e90fb8244c710cd38d8231ad3761d9525f572c08e,P-V06-W006::C016::C018,17.76514175403713,2.9582369990472692,,,20.7233787530844,inner_validation_within_outer_train
rolling_origin_2023-01-17,rolling_origin_2023-01-17__inner_3_2022-10-18,C03_causal_tcn,42121,92e2c7c1f70c24b6008eb72e90fb8244c710cd38d8231ad3761d9525f572c08e,P-V06-W007::C016::C018,18.98826628216839,1.7616168134484909,,,20.74988309561688,inner_validation_within_outer_train
rolling_origin_2023-01-17,rolling_origin_2023-01-17__inner_3_2022-10-18,C03_causal_tcn,42121,92e2c7c1f70c24b6008eb72e90fb8244c710cd38d8231ad3761d9525f572c08e,P-D01-W001::C017::C018,140.15465369169817,11.342252212148054,,,151.49690590384623,inner_validation_within_outer_train
rolling_origin_2023-01-17,rolling_origin_2023-01-17__inner_3_2022-10-18,C03_causal_tcn,42121,92e2c7c1f70c24b6008eb72e90fb8244c710cd38d8231ad3761d9525f572c08e,P-D01-W002::C017::C018,46.6456114716965,0.6464218247184803,,,45.99918964697802,inner_validation_within_outer_train
rolling_origin_2023-01-17,rolling_origin_2023-01-17__inner_3_2022-10-18,C03_causal_tcn,42121,92e2c7c1f70c24b6008eb72e90fb8244c710cd38d8231ad3761d9525f572c08e,P-D01-W005::C017::C018,44.1019351973359,2.2414595270062208,,,41.86047567032968,inner_validation_within_outer_train
rolling_origin_2023-01-17,rolling_origin_2023-01-17__inner_3_2022-10-18,C03_causal_tcn,42121,92e2c7c1f70c24b6008eb72e90fb8244c710cd38d8231ad3761d9525f572c08e,P-D01-W006::C017::C018,76.68771321732295,17.703572552732084,,,94.39128577005503,inner_validation_within_outer_train
rolling_origin_2023-01-17,rolling_origin_2023-01-17__inner_3_2022-10-18,C03_causal_tcn,42121,92e2c7c1f70c24b6008eb72e90fb8244c710cd38d8231ad3761d9525f572c08e,P-D01-W007::C017::C018,26.5856176760358,0.03706500625558817,,,26.54855266978021,inner_validation_within_outer_train
rolling_origin_2023-01-17,rolling_origin_2023-01-17__inner_3_2022-10-18,C03_causal_tcn,42121,92e2c7c1f70c24b6008eb72e90fb8244c710cd38d8231ad3761d9525f572c08e,P-H03-W001::C017::C018,37.59362428292434,0.10204233649572103,,,37.49158194642862,inner_validation_within_outer_train
rolling_origin_2023-01-17,rolling_origin_2023-01-17__inner_3_2022-10-18,C03_causal_tcn,42121,92e2c7c1f70c24b6008eb72e90fb8244c710cd38d8231ad3761d9525f572c08e,P-H03-W002::C017::C018,44.9062929914725,2.3153558530111056,,,42.59093713846139,inner_validation_within_outer_train
rolling_origin_2023-01-17,rolling_origin_2023-01-17__inner_3_2022-10-18,C03_causal_tcn,42121,92e2c7c1f70c24b6008eb72e90fb8244c710cd38d8231ad3761d9525f572c08e,P-H03-W004::C017::C018,42.53973758059844,0.4332980185773465,,,42.97303559917579,inner_validation_within_outer_train
rolling_origin_2023-01-17,rolling_origin_2023-01-17__inner_3_2022-10-18,C03_causal_tcn,42121,92e2c7c1f70c24b6008eb72e90fb8244c710cd38d8231ad3761d9525f572c08e,P-H03-W006::C017::C018,46.69625702201038,2.470887543713779,,,44.2253694782966,inner_validation_within_outer_train
rolling_origin_2023-01-17,rolling_origin_2023-01-17__inner_3_2022-10-18,C03_causal_tcn,42121,92e2c7c1f70c24b6008eb72e90fb8244c710cd38d8231ad3761d9525f572c08e,P-H04-W002::C017::C018,22.32660157823052,109.38059774594514,,,131.70719932417566,inner_validation_within_outer_train
rolling_origin_2023-01-17,rolling_origin_2023-01-17__inner_3_2022-10-18,C03_causal_tcn,42121,92e2c7c1f70c24b6008eb72e90fb8244c710cd38d8231ad3761d9525f572c08e,P-H04-W003::C017::C018,20.367787101961945,9.078063830730194,,,29.44585093269214,inner_validation_within_outer_train
rolling_origin_2023-01-17,rolling_origin_2023-01-17__inner_3_2022-10-18,C03_causal_tcn,42121,92e2c7c1f70c24b6008eb72e90fb8244c710cd38d8231ad3761d9525f572c08e,P-H04-W004::C017::C018,13.020480792442822,3.7717286122275375,,,16.79220940467036,inner_validation_within_outer_train
rolling_origin_2023-01-17,rolling_origin_2023-01-17__inner_3_2022-10-18,C03_causal_tcn,42121,92e2c7c1f70c24b6008eb72e90fb8244c710cd38d8231ad3761d9525f572c08e,P-H04-W005::C017::C018,27.36514041099353,3.6295702491802686,,,23.73557016181326,inner_validation_within_outer_train
rolling_origin_2023-01-17,rolling_origin_2023-01-17__inner_3_2022-10-18,C03_causal_tcn,42121,92e2c7c1f70c24b6008eb72e90fb8244c710cd38d8231ad3761d9525f572c08e,P-H04-W006::C017::C018,44.39108790031152,1.7921738623993875,,,42.59891403791213,inner_validation_within_outer_train
