design,model_id,interval_source,dimension,segment,support_status,distribution_family,n,coverage_50,mean_width_50,median_width_50,interval_score_50,coverage_80,mean_width_80,median_width_80,interval_score_80,coverage_95,mean_width_95,median_width_95,interval_score_95,weighted_interval_score,crps,nll,quantile_crossing_rate,native_interval_status
rolling_origin,B1_persistence_last_rate,conformalized,overall,all,ELIGIBLE_SUPPORT,distribution_free_conformal,595,0.5378151260504201,9.38581408431602,9.274673283623486,21.761681880850567,0.8319327731092437,21.881320370651647,20.870955024396874,38.939994620117254,0.9495798319327731,56.42904708235189,59.789014491309885,84.33621931005472,4.170949576241127,,,,
rolling_origin,B1_persistence_last_rate,conformalized,transition,accelerating,ELIGIBLE_SUPPORT,distribution_free_conformal,67,0.3283582089552239,8.439180681135769,7.506693819306623,49.163165564473005,0.5074626865671642,20.142660400157602,17.63028839835357,91.68523501078681,0.7761194029850746,52.7414433003391,53.561492159554845,164.35477553664856,9.218286556557379,,,,
rolling_origin,B1_persistence_last_rate,conformalized,transition,decelerating,ELIGIBLE_SUPPORT,distribution_free_conformal,54,0.35185185185185186,9.21529599310706,9.236737542690385,30.565150327022597,0.7592592592592593,21.631673736343046,19.794582072165248,54.833722960130935,0.9814814814814815,54.65398410480857,50.64956106111733,126.09702606012026,5.953189259894048,,,,
rolling_origin,B1_persistence_last_rate,conformalized,transition,stable,ELIGIBLE_SUPPORT,distribution_free_conformal,413,0.6053268765133172,9.592338747011961,9.429368646365234,15.905030252767924,0.9055690072639225,22.31032389771065,21.059493861153495,28.114574502823274,0.9685230024213075,57.64156452982694,64.2444888129186,67.3795135541208,3.0905626861011126,,,,
rolling_origin,B1_persistence_last_rate,conformalized,transition,volatile_or_gap,ELIGIBLE_SUPPORT,distribution_free_conformal,61,0.47540983606557374,9.178235875216638,9.134493631524691,23.524147774328274,0.7540983606557377,21.10742987229751,19.189330811392914,40.230258093999424,0.9836065573770492,53.84139377702411,58.376435081874774,74.28363972833948,4.3641834291817805,,,,
rolling_origin,B1_persistence_last_rate,conformalized,profile,P-D01,ELIGIBLE_SUPPORT,distribution_free_conformal,52,0.4807692307692308,8.156955144416106,8.639084300875883,27.839349206756633,0.6923076923076923,18.61356477885161,18.74932485307722,48.015393255245044,0.9038461538461539,47.36238791379832,49.41556851608993,89.72878562127545,5.124976727306386,,,,
rolling_origin,B1_persistence_last_rate,conformalized,profile,P-H01,ELIGIBLE_SUPPORT,distribution_free_conformal,47,0.40425531914893614,9.78045649542362,9.395440170809707,31.008350850120102,0.7872340425531915,22.961528411125474,22.56973273097259,53.501191141743924,0.9148936170212766,60.41010844483381,57.60805291128588,124.85168310584002,5.913264091879727,,,,
rolling_origin,B1_persistence_last_rate,conformalized,profile,P-H02,ELIGIBLE_SUPPORT,distribution_free_conformal,51,0.4117647058823529,8.211874326514208,7.2845403321475715,30.94110583496945,0.6274509803921569,19.301011962853163,17.80286771933592,52.969689911002774,0.9019607843137255,49.322170625771584,53.2681222204091,85.14506243470134,5.615006593269178,,,,
rolling_origin,B1_persistence_last_rate,conformalized,profile,P-H03,ELIGIBLE_SUPPORT,distribution_free_conformal,49,0.4897959183673469,8.600718701433264,8.7627032881351,20.875312984968097,0.7755102040816326,19.989040164873877,18.287342372910402,36.50603012974605,0.9591836734693877,50.75204183483153,49.44735034737526,80.66594433516747,4.003238926235169,,,,
rolling_origin,B1_persistence_last_rate,conformalized,profile,P-H04,ELIGIBLE_SUPPORT,distribution_free_conformal,60,0.2833333333333333,7.682424771586978,7.037318882431414,44.83619400232131,0.5833333333333334,17.46857275433246,13.455476075240355,86.46632823618447,0.8333333333333334,43.474663585503436,28.147808042788473,176.28763021712996,8.689584946597815,,,,
rolling_origin,B1_persistence_last_rate,conformalized,profile,P-H05,ELIGIBLE_SUPPORT,distribution_free_conformal,34,0.5882352941176471,10.93245043454324,10.238846849842002,17.70653691364011,0.8823529411764706,25.211591036351905,21.65542387840253,27.73510830252632,1.0,64.83450849545324,73.01680431921706,64.83450849545324,3.2776963934688292,,,,
rolling_origin,B1_persistence_last_rate,conformalized,profile,P-H06,ELIGIBLE_SUPPORT,distribution_free_conformal,37,0.7837837837837838,10.944551055612283,10.560040859217217,12.0379877729547,1.0,25.62165292367624,21.6432266515145,25.62165292367624,1.0,66.74978265688303,74.40279182451972,66.74978265688303,2.5547573949320967,,,,
rolling_origin,B1_persistence_last_rate,conformalized,profile,P-H07,ELIGIBLE_SUPPORT,distribution_free_conformal,32,0.3125,9.841879155184301,9.563887252183072,18.241148432039395,0.875,23.167488568787846,20.728731306575852,26.84608594602662,1.0,58.880446788971724,65.53763940999947,58.880446788971724,3.324111574277101,,,,
rolling_origin,B1_persistence_last_rate,conformalized,profile,P-V01,ELIGIBLE_SUPPORT,distribution_free_conformal,37,0.7297297297297297,9.741106670368064,9.29063528682212,12.741665041656626,1.0,22.70924623336315,21.18222618308134,22.70924623336315,1.0,58.48994077832603,66.05329890283608,58.48994077832603,2.5467703117223364,,,,
rolling_origin,B1_persistence_last_rate,conformalized,profile,P-V02,ELIGIBLE_SUPPORT,distribution_free_conformal,39,0.46153846153846156,9.962830826549538,9.474688037014168,18.087137647317366,0.8974358974358975,23.339844256511835,23.155423693729468,26.586583004015676,1.0,60.74771121201828,64.16445419148664,60.74771121201828,3.302373051670777,,,,
rolling_origin,B1_persistence_last_rate,conformalized,profile,P-V03,ELIGIBLE_SUPPORT,distribution_free_conformal,42,0.7142857142857143,10.172117536981501,10.195544219059189,12.615796775045794,0.9523809523809523,23.816970001056674,21.927570698533128,24.66748951378894,1.0,60.82978112293598,64.5213658608393,60.82978112293598,2.5483508219379485,,,,
rolling_origin,B1_persistence_last_rate,conformalized,profile,P-V04,ELIGIBLE_SUPPORT,distribution_free_conformal,37,0.5945945945945946,9.808272671448414,10.267984920438623,12.245982246025067,1.0,23.271130714473067,23.516171810015635,23.271130714473067,1.0,62.46356355088022,66.03487491038752,62.46356355088022,2.6384482610167512,,,,
rolling_origin,B1_persistence_last_rate,conformalized,profile,P-V05,ELIGIBLE_SUPPORT,distribution_free_conformal,35,0.7428571428571429,9.806407707401789,9.902806592837926,10.832941853958125,1.0,23.132049669216652,23.521475030797724,23.132049669216652,1.0,61.83172308815254,66.7490453854314,61.83172308815254,2.3173122897221754,,,,
rolling_origin,B1_persistence_last_rate,conformalized,profile,P-V06,ELIGIBLE_SUPPORT,distribution_free_conformal,43,0.7441860465116279,9.89784844332238,8.898992625997685,13.53491619987293,0.8837209302325582,23.07772637479556,21.74846748487645,26.64731249028498,0.9069767441860465,59.08632840763266,64.60711860055068,61.67781870897209,2.610978675618599,,,,
rolling_origin,B1_persistence_last_rate,conformalized,zone,GEO_NE,ELIGIBLE_SUPPORT,distribution_free_conformal,213,0.6338028169014085,10.212364820026727,10.065574469609214,14.066165132027765,0.9389671361502347,23.923244033849908,21.66613238934471,25.599332794824626,0.9812206572769953,62.32120428065313,66.51470854998202,62.84436898937423,2.781782902890901,,,,
rolling_origin,B1_persistence_last_rate,conformalized,zone,GEO_NW,ELIGIBLE_SUPPORT,distribution_free_conformal,48,0.6041666666666666,10.088666707097925,10.018500237587084,14.247272193584466,0.9791666666666666,23.532349647416357,21.94590915616621,24.02211632229513,1.0,60.38867292508937,63.57383065895179,60.38867292508937,2.748935452385913,,,,
rolling_origin,B1_persistence_last_rate,conformalized,zone,GEO_SE,ELIGIBLE_SUPPORT,distribution_free_conformal,54,0.5185185185185185,8.695022003112504,8.794502234640515,19.85550778177535,0.7962962962962963,20.247457138079298,18.581648745754134,35.23509618027812,0.9629629629629629,51.605506731868815,49.502436588761995,78.7496034451366,3.8329410978991114,,,,
rolling_origin,B1_persistence_last_rate,conformalized,zone,GEO_SW,ELIGIBLE_SUPPORT,distribution_free_conformal,280,0.45714285714285713,8.769780297834156,8.986434607235964,29.271575215986612,0.7321428571428571,20.3600684742694,19.70224676144208,52.36029334452477,0.9142857142857143,52.19826013676805,50.9542078212286,105.86808931537205,5.536669709095118,,,,
rolling_origin,B1_persistence_last_rate,conformalized,gap,gap,ELIGIBLE_SUPPORT,distribution_free_conformal,437,0.5835240274599542,9.853496851536802,9.790946913490977,19.18573315591149,0.8741418764302059,23.016727695372314,21.31831124340912,34.43558776843615,0.9610983981693364,59.637819762945675,65.20922941586606,77.98036346464846,3.71804901741892,,,,
rolling_origin,B1_persistence_last_rate,conformalized,gap,no_gap,ELIGIBLE_SUPPORT,distribution_free_conformal,158,0.41139240506329117,8.092286430673735,7.424494008181041,28.886299556789663,0.7151898734177216,18.740984921898924,17.255391690754344,51.398385722551694,0.9177215189873418,47.554150491089345,50.32800750456483,101.91539022424794,5.423592261084826,,,,
rolling_origin,B3_profile_robust_trend,conformalized,overall,all,ELIGIBLE_SUPPORT,distribution_free_conformal,595,0.5277310924369748,10.079945960615573,9.878659311913992,25.484120546827107,0.8151260504201681,22.0191580131271,20.82067342404339,44.46471336079368,0.9529411764705882,65.76913350183654,55.63017709560893,98.85895260117712,4.839860482261719,,,,
rolling_origin,B3_profile_robust_trend,conformalized,transition,accelerating,ELIGIBLE_SUPPORT,distribution_free_conformal,67,0.19402985074626866,9.380917511727644,8.090602586544065,70.42724192175557,0.417910447761194,20.41866595816981,18.793401253311856,135.73873426673555,0.7761194029850746,68.80324747109397,76.1151371002938,229.1479320013019,13.320695387525598,,,,
rolling_origin,B3_profile_robust_trend,conformalized,transition,decelerating,ELIGIBLE_SUPPORT,distribution_free_conformal,54,0.35185185185185186,9.873096310366558,9.433059868517287,35.18435802078916,0.7037037037037037,21.271404834001945,20.306235730732688,59.73581443211844,0.9444444444444444,60.65248382059741,50.84975290435126,137.33066720114311,6.667169950699748,,,,
rolling_origin,B3_profile_robust_trend,conformalized,transition,stable,ELIGIBLE_SUPPORT,distribution_free_conformal,413,0.5980629539951574,10.283773300562489,9.960637584500368,17.24967205449547,0.8983050847457628,22.472814000465775,21.437121830795903,28.236403723513675,0.9806295399515739,66.68917825178428,55.38527236674226,76.13095022732666,3.3056078082199525,,,,
rolling_origin,B3_profile_robust_trend,conformalized,transition,volatile_or_gap,ELIGIBLE_SUPPORT,distribution_free_conformal,61,0.5737704918032787,9.650832776859207,9.083831291835946,23.284534835660015,0.7868852459016393,21.367546809586514,20.061374205644697,40.56787765008874,0.9672131147540983,60.73691981525046,53.86206448831905,75.57748985025437,4.294872030309519,,,,
rolling_origin,B3_profile_robust_trend,conformalized,profile,P-D01,ELIGIBLE_SUPPORT,distribution_free_conformal,52,0.34615384615384615,8.674446537164316,8.87554159523176,43.13563220522918,0.5576923076923077,18.861031543827877,17.99515047950485,77.70688787492253,0.8653846153846154,54.2083976419289,50.34365785732407,146.99472432122866,8.107295222332093,,,,
rolling_origin,B3_profile_robust_trend,conformalized,profile,P-H01,ELIGIBLE_SUPPORT,distribution_free_conformal,47,0.3191489361702128,10.386152373810752,10.483575965832785,39.44328642217387,0.723404255319149,23.14344790178088,22.823639401501637,67.57951198047986,0.9148936170212766,68.98775283549413,67.35919239673017,142.01954311121006,7.426489862102455,,,,
rolling_origin,B3_profile_robust_trend,conformalized,profile,P-H02,ELIGIBLE_SUPPORT,distribution_free_conformal,51,0.37254901960784315,8.81001265886655,8.169799855991698,42.542351654045746,0.5882352941176471,19.343326059994137,18.82129788285095,78.78050475847328,0.8627450980392157,58.28275272006116,53.86206448831905,117.83920236830818,7.836393087103775,,,,
rolling_origin,B3_profile_robust_trend,conformalized,profile,P-H03,ELIGIBLE_SUPPORT,distribution_free_conformal,49,0.46938775510204084,9.257719061372025,8.656848668893346,23.598775460751067,0.8367346938775511,19.991976770021886,17.83637592607809,42.837669673883234,0.9795918367346939,59.442847503741966,50.231063068089604,99.73879359190998,4.556524643965381,,,,
rolling_origin,B3_profile_robust_trend,conformalized,profile,P-H04,ELIGIBLE_SUPPORT,distribution_free_conformal,60,0.35,8.237856865267613,7.137725788705415,42.223436016892926,0.5833333333333334,17.64339234526898,14.949320670091854,79.49298376747815,0.8666666666666667,50.79423529347773,28.85146255747876,155.47714565867508,8.075495676309723,,,,
rolling_origin,B3_profile_robust_trend,conformalized,profile,P-H05,ELIGIBLE_SUPPORT,distribution_free_conformal,34,0.6470588235294118,11.46887886882242,10.982074319394414,17.904097066267305,0.8823529411764706,25.2132960137874,22.622867216192343,26.26801081242702,1.0,69.25276793947145,71.25552925821978,69.25276793947145,3.2267915802240386,,,,
rolling_origin,B3_profile_robust_trend,conformalized,profile,P-H06,ELIGIBLE_SUPPORT,distribution_free_conformal,37,0.8108108108108109,11.776457590685572,10.813879099550102,13.215845829139072,1.0,25.809754463550625,24.840932176254128,25.809754463550625,1.0,78.16836399737899,54.98743896950985,78.16836399737899,2.734182641174449,,,,
rolling_origin,B3_profile_robust_trend,conformalized,profile,P-H07,ELIGIBLE_SUPPORT,distribution_free_conformal,32,0.40625,10.862548744137325,10.555893607029809,20.340982629581895,0.84375,23.437867258254894,20.5030410706026,26.5638532966569,1.0,75.12628029401765,76.43924965063195,75.12628029401765,3.6449216113065654,,,,
rolling_origin,B3_profile_robust_trend,conformalized,profile,P-V01,ELIGIBLE_SUPPORT,distribution_free_conformal,37,0.7567567567567568,10.409210079000651,10.11796465821078,13.42396484877468,0.972972972972973,22.77024424793457,20.951598386570616,22.83725454120729,1.0,67.17588149275865,56.928108711775764,67.17588149275865,2.617841231692075,,,,
rolling_origin,B3_profile_robust_trend,conformalized,profile,P-V02,ELIGIBLE_SUPPORT,distribution_free_conformal,39,0.46153846153846156,10.809374553101383,10.626106992470199,18.39045127552322,0.9487179487179487,23.55488848006198,24.48005196769297,24.4644953358334,1.0,72.83165541819916,74.83764714130439,72.83165541819916,3.3749685795015547,,,,
rolling_origin,B3_profile_robust_trend,conformalized,profile,P-V03,ELIGIBLE_SUPPORT,distribution_free_conformal,42,0.6428571428571429,10.949188514541186,10.135441202548765,15.873633221331772,0.9523809523809523,23.80663857770973,22.006653863596686,23.97726198956585,1.0,71.05332301379201,61.657208888109466,71.05332301379201,2.9440188953479907,,,,
rolling_origin,B3_profile_robust_trend,conformalized,profile,P-V04,ELIGIBLE_SUPPORT,distribution_free_conformal,37,0.6216216216216216,10.643932014433203,10.560604567861613,14.600592747131044,0.972972972972973,23.54958279777616,22.616943347967293,23.912792848235604,1.0,74.93214521123505,73.85596511767163,74.93214521123505,3.034870772524276,,,,
rolling_origin,B3_profile_robust_trend,conformalized,profile,P-V05,ELIGIBLE_SUPPORT,distribution_free_conformal,35,0.8,10.563425548138042,10.113571780653338,11.639349503088228,1.0,23.539262595457867,22.829813164932105,23.539262595457867,1.0,70.57502571096138,49.46426397289949,70.57502571096138,2.4420153503571007,,,,
rolling_origin,B3_profile_robust_trend,conformalized,profile,P-V06,ELIGIBLE_SUPPORT,distribution_free_conformal,43,0.6744186046511628,10.64528196529873,9.98044974142016,14.649190630826384,0.8837209302325582,23.016541866002598,22.93783137692752,26.515715817814282,0.9767441860465116,68.25436688034911,64.42371920483288,71.4684208694825,2.8890814803231875,,,,
rolling_origin,B3_profile_robust_trend,conformalized,zone,GEO_NE,ELIGIBLE_SUPPORT,distribution_free_conformal,213,0.6572769953051644,10.992414192748887,10.497978424523058,15.366059854818833,0.9295774647887324,24.0859796047323,22.825695067434697,25.493468375518752,0.9953051643192489,72.54628606936846,71.28932909378088,73.19513264933434,2.9944046462959495,,,,
rolling_origin,B3_profile_robust_trend,conformalized,zone,GEO_NW,ELIGIBLE_SUPPORT,distribution_free_conformal,48,0.5833333333333334,10.876691155527984,10.12122185155421,15.609055572464428,1.0,23.627326479450108,21.98343361825163,23.627326479450108,1.0,71.16959713540223,67.14601974794704,71.16959713540223,2.9791705434013624,,,,
rolling_origin,B3_profile_robust_trend,conformalized,zone,GEO_SE,ELIGIBLE_SUPPORT,distribution_free_conformal,54,0.5185185185185185,9.385349747891551,8.79616720299446,22.398530554735498,0.8518518518518519,20.304407266745336,17.862775260028073,41.034758235063975,0.9814814814814815,60.90292945770089,50.488690311491524,97.4677694265941,4.351221118628562,,,,
rolling_origin,B3_profile_robust_trend,conformalized,zone,GEO_SW,ELIGIBLE_SUPPORT,distribution_free_conformal,280,0.42142857142857143,9.383191291640236,9.326635066648773,35.469020210184674,0.6892857142857143,20.501913209231393,20.158791136269738,63.13002524992745,0.9071428571428571,60.62634517000752,53.54206191728893,123.39683332805996,6.65693810998385,,,,
rolling_origin,B3_profile_robust_trend,conformalized,gap,gap,ELIGIBLE_SUPPORT,distribution_free_conformal,437,0.5743707093821511,10.589719360449962,10.145274508014783,22.34769360737627,0.8695652173913043,23.214742176092034,21.820120554299052,38.45970959142213,0.9679633867276888,69.74693680314437,63.566735477311255,93.44255962869676,4.285822316887171,,,,
rolling_origin,B3_profile_robust_trend,conformalized,gap,no_gap,ELIGIBLE_SUPPORT,distribution_free_conformal,158,0.3987341772151899,8.6700030762635,7.522174675466189,34.15892163885253,0.6645569620253164,18.712384094040548,17.689957887429692,61.07348960899218,0.9113924050632911,54.767234497586415,50.5524237718879,113.83973569594876,6.372231863709044,,,,
rolling_origin,B5_fixed_kalman,conformalized,overall,all,ELIGIBLE_SUPPORT,distribution_free_conformal,595,0.5378151260504201,8.285318770732047,7.638515248481042,22.052022627600405,0.8201680672268907,20.271944486661965,18.315402545248713,41.295497995217914,0.9428571428571428,57.142774325004865,50.64362895223783,89.02546082432795,4.291028049590632,,,,
rolling_origin,B5_fixed_kalman,conformalized,transition,accelerating,ELIGIBLE_SUPPORT,distribution_free_conformal,67,0.2537313432835821,7.272505731801911,6.238740308258173,62.81186794706823,0.44776119402985076,18.161543930417526,15.41121273502037,125.68741350158652,0.7313432835820896,58.01512036917153,60.99880979785439,216.38809108059846,12.04702243442537,,,,
rolling_origin,B5_fixed_kalman,conformalized,transition,decelerating,ELIGIBLE_SUPPORT,distribution_free_conformal,54,0.4444444444444444,8.238705635974929,7.683979825664128,27.069675866016336,0.7592592592592593,20.643865608205186,18.20782807086906,49.06309484952734,0.9629629629629629,53.02558217309771,46.507514251391456,116.5936460086835,5.276686482499155,,,,
rolling_origin,B5_fixed_kalman,conformalized,transition,stable,ELIGIBLE_SUPPORT,distribution_free_conformal,413,0.6174334140435835,8.489108101280943,7.822831064739188,14.521868342133365,0.8983050847457628,20.685423091719283,19.209670241574827,26.721119856960083,0.9733656174334141,58.1390967227277,50.595462326373564,67.32694297428678,2.8929520539810074,,,,
rolling_origin,B5_fixed_kalman,conformalized,transition,volatile_or_gap,ELIGIBLE_SUPPORT,distribution_free_conformal,61,0.39344262295081966,8.059262858740398,7.383517466295636,23.82400309676571,0.7540983606557377,19.461230270536966,17.900556449296715,40.40221278277665,0.9508196721311475,53.08375860343588,47.87048290040485,71.64037303648674,4.3652609516527185,,,,
rolling_origin,B5_fixed_kalman,conformalized,profile,P-D01,ELIGIBLE_SUPPORT,distribution_free_conformal,52,0.4423076923076923,7.222619385760061,6.877254984117105,32.89330435716052,0.6538461538461539,17.381962523909845,16.224752176771464,62.53095162184737,0.8461538461538461,47.56877080750961,44.74346157165048,129.05902532510106,6.340739759381153,,,,
rolling_origin,B5_fixed_kalman,conformalized,profile,P-H01,ELIGIBLE_SUPPORT,distribution_free_conformal,47,0.425531914893617,8.666466450273438,8.178892214954004,33.345464516372154,0.7446808510638298,21.110864991859934,20.579156019289528,62.06009179560108,0.9361702127659575,60.112159838752014,59.86619893695395,134.78361019105085,6.487196280874448,,,,
rolling_origin,B5_fixed_kalman,conformalized,profile,P-H02,ELIGIBLE_SUPPORT,distribution_free_conformal,51,0.3333333333333333,7.201159503735319,6.410839649546702,41.204673941225586,0.5882352941176471,17.484015429903835,16.185828073920888,79.42915337983356,0.8627450980392157,50.21514500805316,47.87048290040485,113.25160215954584,7.664137276154565,,,,
rolling_origin,B5_fixed_kalman,conformalized,profile,P-H03,ELIGIBLE_SUPPORT,distribution_free_conformal,49,0.4489795918367347,7.580884065883018,7.03645755808985,23.350131891888896,0.7346938775510204,18.422737593831556,17.090647154621422,42.8182805292244,0.9183673469387755,51.353616358336026,45.45759025911454,92.17837581843914,4.515739175096967,,,,
rolling_origin,B5_fixed_kalman,conformalized,profile,P-H04,ELIGIBLE_SUPPORT,distribution_free_conformal,60,0.3333333333333333,6.826699842258661,6.099789094451721,38.78818942200488,0.6333333333333333,16.388601463338833,13.17181787202943,72.90122091739472,0.8666666666666667,44.71005199032831,30.030931559711362,143.07304717246458,7.422799782358983,,,,
rolling_origin,B5_fixed_kalman,conformalized,profile,P-H05,ELIGIBLE_SUPPORT,distribution_free_conformal,34,0.5588235294117647,9.790077778874704,9.40249978520016,15.710935669957962,0.8823529411764706,23.785770787445212,19.960444117303876,25.80307285073107,1.0,61.48799528775656,63.329109779196266,61.48799528775656,2.9645044178973623,,,,
rolling_origin,B5_fixed_kalman,conformalized,profile,P-H06,ELIGIBLE_SUPPORT,distribution_free_conformal,37,0.8108108108108109,9.63533078512825,9.231139211978709,10.187312073797028,1.0,23.695630028509015,20.586605946753032,23.695630028509015,1.0,67.6815224456818,48.87067144442322,67.6815224456818,2.2915980523746136,,,,
rolling_origin,B5_fixed_kalman,conformalized,profile,P-H07,ELIGIBLE_SUPPORT,distribution_free_conformal,32,0.34375,8.49080788213228,7.613456355084015,16.367963230288296,0.84375,21.14655719306986,17.963650040013896,23.72158601610484,1.0,64.46867641587967,67.87658008684687,64.46867641587967,3.0343367482604324,,,,
rolling_origin,B5_fixed_kalman,conformalized,profile,P-V01,ELIGIBLE_SUPPORT,distribution_free_conformal,37,0.6756756756756757,8.582784570154251,7.4603873637867615,12.590565688023979,0.972972972972973,21.10020119798896,18.120317932520607,21.708102307860795,1.0,58.374399828308036,50.595462326373564,58.374399828308036,2.4871973963112866,,,,
rolling_origin,B5_fixed_kalman,conformalized,profile,P-V02,ELIGIBLE_SUPPORT,distribution_free_conformal,39,0.5897435897435898,8.752288070373453,7.677987558755577,14.951942389969446,0.8974358974358975,21.50054584812864,18.315402545248713,24.475440314645738,1.0,62.98281066501219,66.4543879344051,62.98281066501219,2.8812871240812803,,,,
rolling_origin,B5_fixed_kalman,conformalized,profile,P-V03,ELIGIBLE_SUPPORT,distribution_free_conformal,42,0.7857142857142857,8.933916885612476,8.872472918253163,10.893701952766111,0.9523809523809523,22.171652677746962,20.144356360586695,23.0984227558372,1.0,61.5458679016086,55.2303724298628,61.5458679016086,2.3226081896654773,,,,
rolling_origin,B5_fixed_kalman,conformalized,profile,P-V04,ELIGIBLE_SUPPORT,distribution_free_conformal,37,0.5405405405405406,8.608390667024892,9.147585630263446,10.954730905468203,1.0,21.328809619136628,21.263558177533525,21.328809619136628,1.0,63.90586152339599,65.58267322237592,63.90586152339599,2.3883622544697034,,,,
rolling_origin,B5_fixed_kalman,conformalized,profile,P-V05,ELIGIBLE_SUPPORT,distribution_free_conformal,35,0.7714285714285715,8.773769986816193,9.09390854532355,10.362262270776997,1.0,21.676168204599097,22.031709805707294,21.676168204599097,1.0,61.90666749527982,46.341775655175795,61.90666749527982,2.198937740329082,,,,
rolling_origin,B5_fixed_kalman,conformalized,profile,P-V06,ELIGIBLE_SUPPORT,distribution_free_conformal,43,0.6976744186046512,8.7847716254582,7.084158373655299,13.046163581752818,0.8837209302325582,21.572207231087408,16.6671114729994,25.36024623504402,0.9069767441860465,59.32640690335339,57.257265904545,61.79372844812269,2.5831503564208016,,,,
rolling_origin,B5_fixed_kalman,conformalized,zone,GEO_NE,ELIGIBLE_SUPPORT,distribution_free_conformal,213,0.6244131455399061,9.02494668842267,9.098051015445371,12.755938142713125,0.9342723004694836,22.221024568578066,19.85203656265356,23.694615505944128,0.9812206572769953,62.97818875279481,63.359149742677715,63.476286529438376,2.576871531433908,,,,
rolling_origin,B5_fixed_kalman,conformalized,zone,GEO_NW,ELIGIBLE_SUPPORT,distribution_free_conformal,48,0.6666666666666666,8.865355003468844,8.482368814543882,11.83609262707615,0.9791666666666666,21.787532757836,19.26615690942387,22.15221094408972,1.0,61.77485842018359,64.3183914772611,61.77485842018359,2.426743427585479,,,,
rolling_origin,B5_fixed_kalman,conformalized,zone,GEO_SE,ELIGIBLE_SUPPORT,distribution_free_conformal,54,0.48148148148148145,7.658573971613839,7.090597560612444,22.05570515144141,0.7592592592592593,18.652166870418657,17.222146232449315,40.78886323771958,0.9259259259259259,52.63082496925759,45.72652576173238,89.67551410898078,4.28678383570417,,,,
rolling_origin,B5_fixed_kalman,conformalized,zone,GEO_SW,ELIGIBLE_SUPPORT,distribution_free_conformal,280,0.4607142857142857,7.744110676135311,7.32010215319751,30.87427898123876,0.7178571428571429,18.8418219752786,17.61270434692168,58.064155229412144,0.9071428571428571,52.77978130901385,48.362079365750965,113.00724712018207,5.9154215773531265,,,,
rolling_origin,B5_fixed_kalman,conformalized,gap,gap,ELIGIBLE_SUPPORT,distribution_free_conformal,437,0.5789473684210527,8.689544698983983,8.684590371267774,19.15172567145019,0.8558352402745996,21.275383148644163,19.46251337498801,35.77086786656339,0.9588100686498856,60.618383656874826,59.690349191955875,81.91249781486209,3.7640768354564234,,,,
rolling_origin,B5_fixed_kalman,conformalized,gap,no_gap,ELIGIBLE_SUPPORT,distribution_free_conformal,158,0.4240506329113924,7.167301488161818,6.318560031006783,30.073730031636128,0.7215189873417721,17.496610972192236,14.716363992025496,56.5756458826991,0.8987341772151899,47.52985484382023,45.09732272613837,108.69865598342021,5.748481724126387,,,,
rolling_origin,B6_adaptive_kalman,conformalized,overall,all,ELIGIBLE_SUPPORT,distribution_free_conformal,595,0.5361344537815126,8.265803499160041,7.615018212584268,21.048999047792826,0.8252100840336134,20.272161784610592,18.34030755213584,39.30214929287206,0.946218487394958,56.8734847166485,49.67192829860653,84.69107995901842,4.095824332260416,,,,
rolling_origin,B6_adaptive_kalman,conformalized,transition,accelerating,ELIGIBLE_SUPPORT,distribution_free_conformal,67,0.22388059701492538,7.204779014764793,6.186883795418254,54.922310732795125,0.47761194029850745,18.16016621714914,14.945339579532472,108.04857897230217,0.7761194029850746,57.87626643411934,60.940233807218775,178.73693945522072,10.428652414502553,,,,
rolling_origin,B6_adaptive_kalman,conformalized,transition,decelerating,ELIGIBLE_SUPPORT,distribution_free_conformal,54,0.4444444444444444,8.258575169313742,7.619952914094285,26.400647525674927,0.7777777777777778,20.630754955538123,18.563688243912445,47.57099179142616,0.9629629629629629,53.1236290262212,46.975057135984756,117.96508932876475,5.176808816905451,,,,
rolling_origin,B6_adaptive_kalman,conformalized,transition,stable,ELIGIBLE_SUPPORT,distribution_free_conformal,413,0.612590799031477,8.470432085548158,7.836222140588731,14.515105971076185,0.8983050847457628,20.701708720877015,19.66084396233628,26.826436488220537,0.9709443099273608,57.85188293603814,49.686374449040414,67.11939342432278,2.8922368235497453,,,,
rolling_origin,B6_adaptive_kalman,conformalized,transition,volatile_or_gap,ELIGIBLE_SUPPORT,distribution_free_conformal,61,0.4426229508196721,8.052153730109044,7.465124950699647,23.344030850795885,0.7540983606557377,19.366207474967947,17.461232940307884,40.94052806135308,0.9508196721311475,52.46737598885516,48.09318871447358,70.90808728061592,4.332037404661264,,,,
rolling_origin,B6_adaptive_kalman,conformalized,profile,P-D01,ELIGIBLE_SUPPORT,distribution_free_conformal,52,0.46153846153846156,7.223931703279282,6.65892256021116,30.092887193715175,0.6730769230769231,17.367112467047406,16.768751461857363,55.66408146534896,0.8653846153846154,47.46136135164026,44.951619677226695,106.3884500350025,5.683893405551152,,,,
rolling_origin,B6_adaptive_kalman,conformalized,profile,P-H01,ELIGIBLE_SUPPORT,distribution_free_conformal,47,0.425531914893617,8.639246358484773,8.176855750249965,30.892020302312353,0.7446808510638298,21.047876914310205,20.941122576587578,56.873650173229585,0.9148936170212766,59.767757291404926,60.14471191116382,130.05428647845727,6.0511623999274065,,,,
rolling_origin,B6_adaptive_kalman,conformalized,profile,P-H02,ELIGIBLE_SUPPORT,distribution_free_conformal,51,0.3333333333333333,7.1642145534623864,6.321873103598641,37.28172161556922,0.6078431372549019,17.3679261446655,15.69653868906625,70.47282632916072,0.9019607843137255,49.88375333509104,48.09318871447358,97.89484329572338,6.876950548987095,,,,
rolling_origin,B6_adaptive_kalman,conformalized,profile,P-H03,ELIGIBLE_SUPPORT,distribution_free_conformal,49,0.4489795918367347,7.555987469080984,7.127365948592114,22.58916102816372,0.7346938775510204,18.396756133828266,16.640473196854145,41.41416613596396,0.9183673469387755,51.13040588932499,45.73804906903327,85.39927056368671,4.34202013030123,,,,
rolling_origin,B6_adaptive_kalman,conformalized,profile,P-H04,ELIGIBLE_SUPPORT,distribution_free_conformal,60,0.3,6.822644103715409,6.141122737878479,37.544348058519724,0.6333333333333333,16.36757025019752,13.204400452175204,71.35037641649483,0.8666666666666667,44.697644595559716,30.3328343510013,143.7028266991192,7.255195429588068,,,,
rolling_origin,B6_adaptive_kalman,conformalized,profile,P-H05,ELIGIBLE_SUPPORT,distribution_free_conformal,34,0.5588235294117647,9.808327783309128,9.362711527984054,15.858723021564371,0.8823529411764706,23.788188949242674,20.5933534873639,26.192975950279028,1.0,61.08076827333904,63.62373310641372,61.08076827333904,2.9898568703829866,,,,
rolling_origin,B6_adaptive_kalman,conformalized,profile,P-H06,ELIGIBLE_SUPPORT,distribution_free_conformal,37,0.8108108108108109,9.609145984087668,8.966390563630663,10.163407893885193,1.0,23.747955294163493,21.239369769284327,23.747955294163493,1.0,67.3120578827364,49.11434936920712,67.3120578827364,2.2829250395392213,,,,
rolling_origin,B6_adaptive_kalman,conformalized,profile,P-H07,ELIGIBLE_SUPPORT,distribution_free_conformal,32,0.34375,8.43420921182828,7.466778993754659,16.231856084027054,0.84375,21.19030349796396,18.5638249096405,23.62708581570113,1.0,64.122735000591,64.62122912667373,64.122735000591,3.009251798665094,,,,
rolling_origin,B6_adaptive_kalman,conformalized,profile,P-V01,ELIGIBLE_SUPPORT,distribution_free_conformal,37,0.6486486486486487,8.57204750956561,7.556772768255726,12.716117818101933,0.972972972972973,21.127466957901703,17.6430220661977,21.663132657389543,1.0,58.074943935348344,50.83084544646911,58.074943935348344,2.5088441843338507,,,,
rolling_origin,B6_adaptive_kalman,conformalized,profile,P-V02,ELIGIBLE_SUPPORT,distribution_free_conformal,39,0.5897435897435898,8.714592616063324,7.795161443025064,15.103512167242089,0.8974358974358975,21.587188029076017,18.390686250765697,25.280488279640956,1.0,62.69322886461547,64.24191439010491,62.69322886461547,2.9189168792970746,,,,
rolling_origin,B6_adaptive_kalman,conformalized,profile,P-V03,ELIGIBLE_SUPPORT,distribution_free_conformal,42,0.7857142857142857,8.921264220461147,8.910028334049574,10.881195673051392,0.9523809523809523,22.190301360063216,20.176339517138786,23.15604275351391,1.0,61.30689407905296,53.90936199489211,61.30689407905296,2.31688259198042,,,,
rolling_origin,B6_adaptive_kalman,conformalized,profile,P-V04,ELIGIBLE_SUPPORT,distribution_free_conformal,37,0.5675675675675675,8.569557649204476,8.857176950033447,10.53067455824376,1.0,21.400014004921502,22.03684731174562,21.400014004921502,1.0,63.58146789765715,62.437337703526545,63.58146789765715,2.336456286677607,,,,
rolling_origin,B6_adaptive_kalman,conformalized,profile,P-V05,ELIGIBLE_SUPPORT,distribution_free_conformal,35,0.7714285714285715,8.759445814733917,9.055426143774284,10.293288930986595,1.0,21.62997727483926,21.365702376930805,21.62997727483926,1.0,61.25356292725878,46.80765235952683,61.25356292725878,2.1866074034757874,,,,
rolling_origin,B6_adaptive_kalman,conformalized,profile,P-V06,ELIGIBLE_SUPPORT,distribution_free_conformal,43,0.6976744186046512,8.771828736003844,6.859257381526049,12.683629676137185,0.9069767441860465,21.63523783821587,17.273242210534654,25.08310284896241,0.9069767441860465,59.23304276128375,57.523641450435164,61.92473584580178,2.5320831705399414,,,,
rolling_origin,B6_adaptive_kalman,conformalized,zone,GEO_NE,ELIGIBLE_SUPPORT,distribution_free_conformal,213,0.6291079812206573,9.004466596387713,8.824641313172318,12.595609877482335,0.9389671361502347,22.254655170105774,20.481508526375322,23.70065511219463,0.9812206572769953,62.62991190719727,62.34966916705996,63.173305346794805,2.554418268171501,,,,
rolling_origin,B6_adaptive_kalman,conformalized,zone,GEO_NW,ELIGIBLE_SUPPORT,distribution_free_conformal,48,0.6666666666666666,8.840481114967766,8.213078792867986,11.808784912765333,0.9791666666666666,21.852869069016652,19.87705169519922,22.34486800052767,1.0,61.519184978787315,63.34663707030012,61.519184978787315,2.42368395198498,,,,
rolling_origin,B6_adaptive_kalman,conformalized,zone,GEO_SE,ELIGIBLE_SUPPORT,distribution_free_conformal,54,0.48148148148148145,7.630576184464122,7.182205419625735,21.36967043121371,0.7592592592592593,18.62827650486952,16.870583050277073,39.514444840140804,0.9259259259259259,52.367560902225286,46.18621732128355,83.46338255118316,4.128648721100514,,,,
rolling_origin,B6_adaptive_kalman,conformalized,zone,GEO_SW,ELIGIBLE_SUPPORT,distribution_free_conformal,280,0.45357142857142857,7.7278838910361625,7.3417917829787385,29.001805894409713,0.725,18.81010737155364,17.432160809862896,54.03644858917318,0.9142857142857143,52.56708215168171,48.380794699910226,105.26905357143926,5.548716164070395,,,,
rolling_origin,B6_adaptive_kalman,conformalized,gap,gap,ELIGIBLE_SUPPORT,distribution_free_conformal,437,0.5812356979405034,8.665093681824109,8.605162059728436,18.47652307239428,0.8604118993135011,21.275746278354386,19.99086537459837,34.41437374598418,0.9610983981693364,60.26620366170359,59.96804406786716,79.04429450055292,3.6315152791011367,,,,
rolling_origin,B6_adaptive_kalman,conformalized,gap,no_gap,ELIGIBLE_SUPPORT,distribution_free_conformal,158,0.41139240506329117,7.161437614196761,6.327045959681407,28.16401171392679,0.7278481012658228,17.496424925331876,14.32872952960301,52.82087026749236,0.9050632911392406,47.48982535595812,45.30712708493167,100.30908784097679,5.3800208906819655,,,,
rolling_origin,B6_adaptive_kalman,native,overall,all,ELIGIBLE_SUPPORT,native_state_space_scale,595,0.35126050420168065,5.6934255146788155,5.168854030078819,20.714635310604905,0.6285714285714286,10.817686079776692,9.82098389544587,35.845580628013984,0.8168067226890756,16.544223176390563,15.019898726932563,86.99293437807059,3.9896239207442767,4.752802493205841,5.013112692062423,0.0,VALID
rolling_origin,B6_adaptive_kalman,native,transition,accelerating,ELIGIBLE_SUPPORT,native_state_space_scale,67,0.208955223880597,6.685755435731049,6.518147648260374,54.44715248485061,0.3880597014925373,12.703143884719667,12.38468386013357,110.58192725279541,0.5223880597014925,19.427782052531295,18.940739474233446,335.9512789087396,11.590053486617174,12.866426810286141,10.647565466017362,0.0,VALID
rolling_origin,B6_adaptive_kalman,native,transition,decelerating,ELIGIBLE_SUPPORT,native_state_space_scale,54,0.3333333333333333,6.380677127626925,6.186651766277215,26.82042514823158,0.5740740740740741,12.123485582646317,11.754831343614821,48.26507709684598,0.7407407407407407,18.541271180906236,17.97746317608147,121.31657919868654,5.250563154885219,6.158468822619185,7.261928650675833,0.0,VALID
rolling_origin,B6_adaptive_kalman,native,transition,stable,ELIGIBLE_SUPPORT,native_state_space_scale,413,0.37772397094430993,5.296484483114753,4.809300722387032,13.926821052642763,0.6852300242130751,10.063485737544761,9.137821394851624,20.993244280629163,0.8813559322033898,15.390773289827322,13.975091843813473,39.17332079244082,2.483939033217019,3.1343876632449796,3.6105890167456054,0.0,VALID
rolling_origin,B6_adaptive_kalman,native,transition,volatile_or_gap,ELIGIBLE_SUPPORT,native_state_space_scale,61,0.3442622950819672,6.682588698715877,5.380820621702057,24.21588099309772,0.5573770491803278,12.697126985606989,10.223727031659493,43.32143109182782,0.7704918032786885,19.418579999429,15.635841201056863,106.92431973867737,4.719597018968257,5.554220751257222,6.329471385271287,0.0,VALID
rolling_origin,B6_adaptive_kalman,native,profile,P-D01,ELIGIBLE_SUPPORT,native_state_space_scale,52,0.4230769230769231,5.735306100270829,5.383303510446128,30.10274325105116,0.5384615384615384,10.897260498833125,10.228444597724973,58.35572321722476,0.6730769230769231,16.665921748367285,15.643056095745163,161.63274899821792,6.1561035951517145,6.986492578732004,7.066131645841424,0.0,VALID
rolling_origin,B6_adaptive_kalman,native,profile,P-H01,ELIGIBLE_SUPPORT,native_state_space_scale,47,0.2553191489361702,6.068077774093021,5.770646055301654,30.998233405526978,0.5319148936170213,11.529537059643351,10.964407515793525,58.43367258244804,0.7446808510638298,17.632905302345677,16.768614248965775,163.1950089147286,6.3400405649652,7.298559373555354,8.617502229207194,0.0,VALID
rolling_origin,B6_adaptive_kalman,native,profile,P-H02,ELIGIBLE_SUPPORT,native_state_space_scale,51,0.1568627450980392,6.023977062298199,5.749095093876662,37.08191018984496,0.43137254901960786,11.445744331546509,10.923460016820911,69.04800590442234,0.6666666666666666,17.504755383410206,16.705990453403402,191.71139183071645,7.49208735312136,8.623321851621359,6.605051508289525,0.0,VALID
rolling_origin,B6_adaptive_kalman,native,profile,P-H03,ELIGIBLE_SUPPORT,native_state_space_scale,49,0.3673469387755102,6.033597169659791,6.087902466393075,22.860417821814913,0.6122448979591837,11.464022835625142,11.567204593428979,40.15638144580099,0.7755102040816326,17.53270994306163,17.690512824033576,99.38566514024544,4.425361728532794,5.23174091995326,4.9379372463510025,0.0,VALID
rolling_origin,B6_adaptive_kalman,native,profile,P-H04,ELIGIBLE_SUPPORT,native_state_space_scale,60,0.31666666666666665,7.439710957614964,6.677323579573589,37.68259329113759,0.5666666666666667,14.135682895342784,12.687123094995428,72.91443531670284,0.7333333333333333,21.618661407492553,19.403280369019207,211.51486452303223,7.794129184951809,8.821228750679483,10.150664221316939,0.0,VALID
rolling_origin,B6_adaptive_kalman,native,profile,P-H05,ELIGIBLE_SUPPORT,native_state_space_scale,34,0.3235294117647059,5.3065851006964095,5.158827860535375,15.58659414434975,0.5588235294117647,10.082677226030654,9.801933860554936,23.423795369492037,0.7352941176470589,15.420124138636963,14.990764212727829,34.852224904861096,2.7039529099274713,3.464828766830046,3.400298258469029,0.0,VALID
rolling_origin,B6_adaptive_kalman,native,profile,P-H06,ELIGIBLE_SUPPORT,native_state_space_scale,37,0.4864864864864865,5.300515127509128,4.92703933020679,8.532417501238713,0.8918918918918919,10.071144087626823,9.361528422471517,11.656444258415503,0.972972972972973,15.402485725553982,14.3172222184404,16.641080035300842,1.4590184258471333,1.9265370528167793,2.6642980598063115,0.0,VALID
rolling_origin,B6_adaptive_kalman,native,profile,P-H07,ELIGIBLE_SUPPORT,native_state_space_scale,32,0.25,5.5426581722671955,4.872105926808473,17.231177608371183,0.46875,10.531223426127113,9.257153242410826,26.362838740783147,0.78125,16.106116354032345,14.15759415563053,43.15774850817708,3.0090463733176325,3.785964390825267,3.7196713647784003,0.0,VALID
rolling_origin,B6_adaptive_kalman,native,profile,P-V01,ELIGIBLE_SUPPORT,native_state_space_scale,37,0.2972972972972973,4.565377906550928,4.567952762270494,12.589070859698523,0.6216216216216216,8.674360435784521,8.679252741972277,18.2045461258315,0.8648648648648649,13.266289472973325,13.273771609617015,26.95862547654222,2.1786932259833334,2.822495526611171,3.147435562235935,0.0,VALID
rolling_origin,B6_adaptive_kalman,native,profile,P-V02,ELIGIBLE_SUPPORT,native_state_space_scale,39,0.358974358974359,5.392810976437666,5.2658032308628435,15.229351092963665,0.6153846153846154,10.24650907968675,10.005190401188855,22.153487394377386,0.8205128205128205,15.670683336814792,15.301618266497712,36.471513550554725,2.6512645250263644,3.3952596350661723,3.463580006963575,0.0,VALID
rolling_origin,B6_adaptive_kalman,native,profile,P-V03,ELIGIBLE_SUPPORT,native_state_space_scale,42,0.40476190476190477,4.785102867712821,4.500227067791679,9.354319428653668,0.8095238095238095,9.09184471613776,8.550571809813272,12.563173222853514,0.9523809523809523,13.904776581571452,13.076971106766003,19.6384881398277,1.6075351169386758,2.1125738074126694,2.757963244678814,0.0,VALID
rolling_origin,B6_adaptive_kalman,native,profile,P-V04,ELIGIBLE_SUPPORT,native_state_space_scale,37,0.2702702702702703,4.705238455266321,4.408578742799463,11.00437002986801,0.6756756756756757,8.940099841182498,8.376437133431358,13.328300535707958,0.9459459459459459,13.672702822116863,12.8106551009617,14.625908461933523,1.7899887252752127,2.4348210003480593,2.8782939050097456,0.0,VALID
rolling_origin,B6_adaptive_kalman,native,profile,P-V05,ELIGIBLE_SUPPORT,native_state_space_scale,35,0.5714285714285714,5.636790545326718,4.4147297337179765,9.799681276064792,0.7428571428571429,10.71007787132482,8.388124208051813,14.230548530295392,0.9428571428571428,16.379650623340837,12.828528939172017,18.019499773666308,1.6311227271830298,2.1191093912578576,2.756936545096423,0.0,VALID
rolling_origin,B6_adaptive_kalman,native,profile,P-V06,ELIGIBLE_SUPPORT,native_state_space_scale,43,0.4883720930232558,5.799963303192041,5.436109425108043,10.01956516626376,0.8372093023255814,11.020111201313515,10.328777482821181,12.919325939967065,0.9767441860465116,16.8538056843794,15.796502001895647,17.42785588261709,1.676421508412082,2.2348711360897773,2.7652720362656824,0.0,VALID
rolling_origin,B6_adaptive_kalman,native,zone,GEO_NE,ELIGIBLE_SUPPORT,native_state_space_scale,213,0.39906103286384975,5.291523798710935,4.863332850831036,11.807585264363473,0.704225352112676,10.054060282432898,9.240484124384565,16.52879608979391,0.8967136150234741,15.376358300174296,14.132100939544728,23.3083730039476,2.0084710212883676,2.6220270554864564,3.007522974498506,0.0,VALID
rolling_origin,B6_adaptive_kalman,native,zone,GEO_NW,ELIGIBLE_SUPPORT,native_state_space_scale,48,0.4166666666666667,5.162404406923462,4.985458079861097,11.236288025162139,0.7083333333333334,9.808729410259824,9.472525869141199,14.618195266772894,0.9375,15.001157109147153,14.486978164043748,18.612323777315492,1.8555516590383878,2.465338409340839,2.903008859094244,0.0,VALID
rolling_origin,B6_adaptive_kalman,native,zone,GEO_SE,ELIGIBLE_SUPPORT,native_state_space_scale,54,0.3888888888888889,6.356289274268763,6.058406844392685,21.91070336662664,0.6296296296296297,12.077147900506091,11.511161991535742,38.242310691619004,0.7962962962962963,18.470403811567635,17.604803060756133,92.74438167567887,4.197240091704356,4.971428080568686,4.749472875923451,0.0,VALID
rolling_origin,B6_adaptive_kalman,native,zone,GEO_SW,ELIGIBLE_SUPPORT,native_state_space_scale,280,0.29642857142857143,5.962352070591525,5.523382457791415,28.884544791053127,0.5571428571428572,11.328654924961155,10.49459896733253,53.71688841567746,0.7392857142857143,17.325682589112667,16.05010407788164,146.05187269040485,5.822515931151945,6.723687002284964,6.951370348830608,0.0,VALID
rolling_origin,B6_adaptive_kalman,native,gap,gap,ELIGIBLE_SUPPORT,native_state_space_scale,437,0.34553775743707094,5.333881646649554,4.821494154891354,18.128601982653233,0.6247139588100686,10.134541514835696,9.160989296974272,30.352500083885918,0.8237986270022883,15.499443723486035,14.010524092486548,69.78179897384435,3.424449557154622,4.135749867562198,4.655242844940723,0.0,VALID
rolling_origin,B6_adaptive_kalman,native,gap,no_gap,ELIGIBLE_SUPPORT,native_state_space_scale,158,0.3670886075949367,6.687860137012914,6.317768719449521,27.867145211331994,0.6392405063291139,12.707142882809697,12.003957644731427,51.03846795576056,0.7974683544303798,19.43389799233538,18.358468974769508,134.5958848315318,5.552796052951108,6.459460704637938,6.0029172692281385,0.0,VALID
rolling_origin,B7_two_regime_imm,conformalized,overall,all,ELIGIBLE_SUPPORT,distribution_free_conformal,595,0.5445378151260504,7.901405009634991,7.917425867252973,19.714419446754405,0.8235294117647058,19.048438000881134,18.650429458517454,35.41650865368075,0.9512605042016806,51.40480833928998,51.54061823345951,78.70835723840057,3.7879497152331645,,,,
rolling_origin,B7_two_regime_imm,conformalized,transition,accelerating,ELIGIBLE_SUPPORT,distribution_free_conformal,67,0.26865671641791045,6.9220435330003305,6.433108544499788,41.93833967942389,0.4626865671641791,17.469399709694436,15.779103612245251,75.45260125138716,0.8059701492537313,50.963732809883155,54.12474626712767,140.29658970257273,7.795090601965234,,,,
rolling_origin,B7_two_regime_imm,conformalized,transition,decelerating,ELIGIBLE_SUPPORT,distribution_free_conformal,54,0.2777777777777778,7.914134027987387,7.6463090407868215,29.741349680630204,0.7777777777777778,18.679008311822614,17.687777578327157,50.716937049424764,0.9444444444444444,48.99810831958951,41.59448840754028,114.62389488208602,5.63993311151986,,,,
rolling_origin,B7_two_regime_imm,conformalized,transition,stable,ELIGIBLE_SUPPORT,distribution_free_conformal,413,0.6343825665859564,8.073540260287622,7.976172193803265,14.116945402527534,0.8934624697336562,19.459031092748184,18.829692528391874,25.540357259809273,0.9806295399515739,52.174842464391666,51.90183173841652,62.74712574535362,2.769735253591275,,,,
rolling_origin,B7_two_regime_imm,conformalized,transition,volatile_or_gap,ELIGIBLE_SUPPORT,distribution_free_conformal,61,0.47540983606557374,7.800388508388365,7.874325674992697,24.325893086878125,0.7868852459016393,18.32991048903814,16.645301093222344,44.764200264376036,0.9180327868852459,48.806279943668464,49.92718086142307,87.33357033298822,4.6410157783080805,,,,
rolling_origin,B7_two_regime_imm,conformalized,profile,P-D01,ELIGIBLE_SUPPORT,distribution_free_conformal,52,0.4423076923076923,6.914561797229292,6.310816587561273,24.45922071311477,0.7115384615384616,16.322711782966717,14.857837490259879,39.77987645666868,0.9038461538461539,43.5658213808611,41.19555047232716,77.8328401453031,4.442260703556217,,,,
rolling_origin,B7_two_regime_imm,conformalized,profile,P-H01,ELIGIBLE_SUPPORT,distribution_free_conformal,47,0.3617021276595745,8.234666500233494,8.113221123853611,32.40762650104291,0.723404255319149,19.993412584141275,19.712278433718154,60.437588995719096,0.8723404255319149,53.89654959153949,59.75584413536154,135.19164770168277,6.326364355927189,,,,
rolling_origin,B7_two_regime_imm,conformalized,profile,P-H02,ELIGIBLE_SUPPORT,distribution_free_conformal,51,0.37254901960784315,6.8187125993208,5.808545083321121,29.48125057429008,0.6274509803921569,16.512536487200908,15.802525865726494,52.685785869290925,0.8823529411764706,44.495537278573174,53.99946471160057,83.94810380937716,5.413956040922257,,,,
rolling_origin,B7_two_regime_imm,conformalized,profile,P-H03,ELIGIBLE_SUPPORT,distribution_free_conformal,49,0.4897959183673469,7.177203235363335,7.595172373989968,21.178254350585338,0.7346938775510204,17.2175003734557,14.943628352127877,37.710924984518286,0.9387755102040817,45.941858613499114,41.22204556434238,77.16343519394773,4.0194915488455685,,,,
rolling_origin,B7_two_regime_imm,conformalized,profile,P-H04,ELIGIBLE_SUPPORT,distribution_free_conformal,60,0.25,6.547274759064345,6.188043672178878,38.514988848481984,0.6,15.353835554412568,12.343024158590934,71.84099065537997,0.8666666666666667,40.57090488790215,25.400865708365323,158.6275932990153,7.461259911249513,,,,
rolling_origin,B7_two_regime_imm,conformalized,profile,P-H05,ELIGIBLE_SUPPORT,distribution_free_conformal,34,0.5882352941176471,9.350789539251826,8.229869773448353,15.968464866323894,0.8529411764705882,21.978583897049226,19.37942454408601,24.112877057349277,1.0,56.42527578745644,60.87084572710996,56.42527578745644,2.9026604748036116,,,,
rolling_origin,B7_two_regime_imm,conformalized,profile,P-H06,ELIGIBLE_SUPPORT,distribution_free_conformal,37,0.8918918918918919,9.190231309247737,8.306223476113063,10.121586983728985,1.0,22.336984806823942,20.825336660249935,22.336984806823942,1.0,60.8855472266565,55.84812329480787,60.8855472266565,2.1957099835997465,,,,
rolling_origin,B7_two_regime_imm,conformalized,profile,P-H07,ELIGIBLE_SUPPORT,distribution_free_conformal,32,0.34375,8.134247724489382,7.884808447008272,15.93590857558808,0.84375,20.099663240129416,18.55012797283806,22.141474259383454,1.0,56.37715454857738,54.63580027967754,56.37715454857738,2.876755270845485,,,,
rolling_origin,B7_two_regime_imm,conformalized,profile,P-V01,ELIGIBLE_SUPPORT,distribution_free_conformal,37,0.6756756756756757,8.219246177042876,8.042118105129106,11.35387255246962,1.0,19.73079049748072,18.955960238681286,19.73079049748072,1.0,53.048447099877336,55.065682547586036,53.048447099877336,2.2462891312176296,,,,
rolling_origin,B7_two_regime_imm,conformalized,profile,P-V02,ELIGIBLE_SUPPORT,distribution_free_conformal,39,0.5641025641025641,8.30489988302447,7.814668917336405,14.576542719873942,0.8974358974358975,20.384587276116587,20.553665152192977,22.70812697473097,1.0,55.84461076898242,53.491037147818005,55.84461076898242,2.7150339691721217,,,,
rolling_origin,B7_two_regime_imm,conformalized,profile,P-V03,ELIGIBLE_SUPPORT,distribution_free_conformal,42,0.7857142857142857,8.579013391081126,8.640013056334018,10.562203704149946,0.9523809523809523,20.626472850615407,18.524398882113836,20.7829121294363,1.0,55.80350327550333,51.66329189752578,55.80350327550333,2.177762631108527,,,,
rolling_origin,B7_two_regime_imm,conformalized,profile,P-V04,ELIGIBLE_SUPPORT,distribution_free_conformal,37,0.6486486486486487,8.191541432273441,8.293432094145627,10.142473952372018,0.972972972972973,20.349238572142706,20.488011946682146,20.393697681123662,1.0,57.64296262861412,52.78936904894878,57.64296262861412,2.1612603945164923,,,,
rolling_origin,B7_two_regime_imm,conformalized,profile,P-V05,ELIGIBLE_SUPPORT,distribution_free_conformal,35,0.8,8.355594784444623,8.00690819283259,9.57404790264859,1.0,20.351847849458846,20.636885361734013,20.351847849458846,1.0,55.14288132216586,50.23849746079631,55.14288132216586,2.0356060454288714,,,,
rolling_origin,B7_two_regime_imm,conformalized,profile,P-V06,ELIGIBLE_SUPPORT,distribution_free_conformal,43,0.6976744186046512,8.38045833255537,6.500678581297997,11.928703665545699,0.9069767441860465,20.111771304795678,19.30479546260942,23.44602592101298,0.9767441860465116,53.72230509818283,53.860066677448174,54.12969016477144,2.3508178382506904,,,,
rolling_origin,B7_two_regime_imm,conformalized,zone,GEO_NE,ELIGIBLE_SUPPORT,distribution_free_conformal,213,0.6666666666666666,8.610826841656742,8.16031147278929,12.223711145233908,0.9295774647887324,20.877586548821988,19.597000852903502,22.20585817133828,0.9953051643192489,56.65380778138788,54.12642785291763,56.736049837084174,2.413839974575801,,,,
rolling_origin,B7_two_regime_imm,conformalized,zone,GEO_NW,ELIGIBLE_SUPPORT,distribution_free_conformal,48,0.6666666666666666,8.450966212200745,7.922474356673031,10.908678375498416,0.9583333333333334,20.470834101730834,18.492324597825103,20.552484696124242,1.0,55.27855802643642,51.607914973107164,55.27855802643642,2.2224601769926937,,,,
rolling_origin,B7_two_regime_imm,conformalized,zone,GEO_SE,ELIGIBLE_SUPPORT,distribution_free_conformal,54,0.5185185185185185,7.25427277721974,7.653611247257171,20.088093666010984,0.7592592592592593,17.47599565635372,14.990206058322059,36.07188095157718,0.9444444444444444,46.88950309437991,41.2679685012937,75.22019295441662,3.8350570137825293,,,,
rolling_origin,B7_two_regime_imm,conformalized,zone,GEO_SW,ELIGIBLE_SUPPORT,distribution_free_conformal,280,0.4357142857142857,7.392331268944398,7.121665364629223,26.85019813176975,0.7321428571428571,17.716395976067894,17.011736163142977,47.88776436302092,0.9107142857142857,47.61855697170165,42.12524918974622,100.11225977407848,5.092539281211361,,,,
rolling_origin,B7_two_regime_imm,conformalized,gap,gap,ELIGIBLE_SUPPORT,distribution_free_conformal,437,0.6041189931350115,8.283348010779578,8.031694568444635,17.591367908471966,0.8672768878718535,20.05436256456329,18.955960238681286,31.897052793999897,0.965675057208238,54.29191690661014,53.374340937441325,73.07294057835321,3.4097061815072474,,,,
rolling_origin,B7_two_regime_imm,conformalized,gap,no_gap,ELIGIBLE_SUPPORT,distribution_free_conformal,158,0.379746835443038,6.845018354570528,6.435264315995315,25.586403764662155,0.7025316455696202,16.266228922848853,14.992576404395493,45.15069986051954,0.9113924050632911,43.41957768157535,39.39812001398251,94.29492103865817,4.8341042990194,,,,
rolling_origin,B7_two_regime_imm,native,overall,all,ELIGIBLE_SUPPORT,native_state_space_scale,595,0.33613445378151263,5.2007827395863195,4.7688425074045995,19.34431758769109,0.5899159663865546,9.88164943950086,9.06094952432312,33.70780433929789,0.7764705882352941,15.112678670125705,13.85752646313675,80.13306442034423,3.7228702247601575,4.438470486631429,5.318898172777618,0.0,VALID
rolling_origin,B7_two_regime_imm,native,transition,accelerating,ELIGIBLE_SUPPORT,native_state_space_scale,67,0.2537313432835821,6.213177664723126,6.068284414356796,41.39883958768947,0.3582089552238806,11.805231378116387,11.529929682590504,80.1788032562359,0.47761194029850745,18.054543377220835,17.633505767326263,215.9646360567479,8.432075269509705,9.613556274410488,7.378894421580367,0.0,VALID
rolling_origin,B7_two_regime_imm,native,transition,decelerating,ELIGIBLE_SUPPORT,native_state_space_scale,54,0.24074074074074073,6.081476764036171,6.036536226934043,30.620332390309695,0.5,11.554995558506178,11.469607136127776,57.32964614838665,0.7037037037037037,17.671840716427425,17.541250393682787,158.1084970996521,6.20225643802135,7.130173965574381,10.201319763218926,0.0,VALID
rolling_origin,B7_two_regime_imm,native,transition,stable,ELIGIBLE_SUPPORT,native_state_space_scale,413,0.3559322033898305,4.6989544117359365,4.210267881483901,13.456928834425472,0.6368038740920097,8.928159962449019,7.999640310782013,21.148035424243798,0.8401937046004843,13.654442353379933,12.234394089124862,41.381847039081926,2.444487169808745,3.047483601537701,3.9060477061351633,0.0,VALID
rolling_origin,B7_two_regime_imm,native,transition,volatile_or_gap,ELIGIBLE_SUPPORT,native_state_space_scale,61,0.3770491803278688,6.706801790369116,5.271804664364282,24.99896974764853,0.6065573770491803,12.743132615056313,10.016593312051526,46.790561335883126,0.7377049180327869,19.48893953800009,15.319057513743488,124.27837776689597,5.010880194934081,5.789205698100164,8.299828142773013,0.0,VALID
rolling_origin,B7_two_regime_imm,native,profile,P-D01,ELIGIBLE_SUPPORT,native_state_space_scale,52,0.34615384615384615,5.259373599795864,4.585638493184344,24.695773301276937,0.4807692307692308,9.992973901594338,8.712856182400916,45.235150910884755,0.6346153846153846,15.282934742661341,13.325163636881088,111.88549293864723,4.858255535640717,5.680392936122306,5.73952581523732,0.0,VALID
rolling_origin,B7_two_regime_imm,native,profile,P-H01,ELIGIBLE_SUPPORT,native_state_space_scale,47,0.2765957446808511,6.015921472338108,6.10123322537936,33.11343800272009,0.5106382978723404,11.43043845933461,11.592533451345364,63.463779233583686,0.6808510638297872,17.48134707188078,17.729249969397333,181.63665801193386,6.794992115059201,7.727228816860788,10.248993566348616,0.0,VALID
rolling_origin,B7_two_regime_imm,native,profile,P-H02,ELIGIBLE_SUPPORT,native_state_space_scale,51,0.21568627450980393,5.570200099586725,5.616696340752014,29.213141873653605,0.49019607843137253,10.583553947182764,10.671898255810127,52.691475994377846,0.6862745098039216,16.18614897957692,16.3212599402312,135.47957075478521,5.7630499012036225,6.748362395902387,5.572833016386211,0.0,VALID
rolling_origin,B7_two_regime_imm,native,profile,P-H03,ELIGIBLE_SUPPORT,native_state_space_scale,49,0.3469387755102041,5.943455719393261,6.008209626270244,21.19836137178581,0.6530612244897959,11.292751268227788,11.415785711240744,37.91960535086789,0.7346938775510204,17.2707726845855,17.458937627492702,93.61640061373193,4.144411242396906,4.897264810121088,5.013780593723382,0.0,VALID
rolling_origin,B7_two_regime_imm,native,profile,P-H04,ELIGIBLE_SUPPORT,native_state_space_scale,60,0.35,6.867366059341337,6.079587865709124,38.44802708093534,0.5166666666666667,13.048209734778371,11.551406592762113,76.11973910637934,0.6666666666666666,19.955514729540162,17.666351866981774,223.39605301684423,8.041358738723513,9.025927769410803,13.848386059845335,0.0,VALID
rolling_origin,B7_two_regime_imm,native,profile,P-H05,ELIGIBLE_SUPPORT,native_state_space_scale,34,0.38235294117647056,4.767559822154074,4.486567327125744,15.583411168853203,0.5294117647058824,9.058512382334769,8.52461787644324,24.559510128154685,0.7941176470588235,13.853799176111561,13.0372779909913,40.455403893501284,2.773847070621894,3.49609770701671,3.5690221745289343,0.0,VALID
rolling_origin,B7_two_regime_imm,native,profile,P-H06,ELIGIBLE_SUPPORT,native_state_space_scale,37,0.40540540540540543,4.5193635436674775,4.52517224650151,8.657106187893392,0.8108108108108109,8.586931710924457,8.597968427506993,12.046101487618722,0.918918918918919,13.1325787768554,13.149457978278837,18.064988111758552,1.491217838242069,1.9504502899526657,2.6618493577249134,0.0,VALID
rolling_origin,B7_two_regime_imm,native,profile,P-H07,ELIGIBLE_SUPPORT,native_state_space_scale,32,0.25,5.145817311068745,3.9124435115663134,16.764378890060136,0.34375,9.777213410714584,7.433764717543886,25.741735288177033,0.6875,14.952957547220668,11.368962051666676,36.24112614176201,2.8949675483674815,3.6894198515255585,3.6530867940923057,0.0,VALID
rolling_origin,B7_two_regime_imm,native,profile,P-V01,ELIGIBLE_SUPPORT,native_state_space_scale,37,0.35135135135135137,4.310068528897362,3.9128496057665103,10.617557891234119,0.6486486486486487,8.18926465406949,7.434536309192044,16.01340798970207,0.7837837837837838,12.524399496185902,11.370142099260406,23.805753455073255,1.878607914872817,2.433191843518678,3.015889858290516,0.0,VALID
rolling_origin,B7_two_regime_imm,native,profile,P-V02,ELIGIBLE_SUPPORT,native_state_space_scale,39,0.3076923076923077,4.705694743664803,4.8022114061900325,14.572837314792583,0.5641025641025641,8.940966803373165,9.124351472931735,22.081258263983774,0.8205128205128205,13.674028726368674,13.954491375952998,38.37308860146728,2.5720621758769977,3.249571467932762,3.5743166387382326,0.0,VALID
rolling_origin,B7_two_regime_imm,native,profile,P-V03,ELIGIBLE_SUPPORT,native_state_space_scale,42,0.3333333333333333,3.8870359541489856,3.7709319170859033,9.194983247630343,0.6428571428571429,7.385489565882393,7.164888273689321,12.598150755807708,0.9047619047619048,11.295131578396152,10.9577510162198,17.920764830963833,1.5756627132210277,2.0751996595374744,2.7768430797124,0.0,VALID
rolling_origin,B7_two_regime_imm,native,profile,P-V04,ELIGIBLE_SUPPORT,native_state_space_scale,37,0.2972972972972973,3.934459049608311,3.5706049990219206,9.953996765140134,0.5135135135135135,7.47559492658091,6.78426088032865,13.369932851433822,0.8648648648648649,11.432935835775396,10.37563165202609,16.835656127432095,1.6556379824289187,2.191376451887932,2.853750551246192,0.0,VALID
rolling_origin,B7_two_regime_imm,native,profile,P-V05,ELIGIBLE_SUPPORT,native_state_space_scale,35,0.45714285714285713,5.28032050037287,3.644320897495959,9.19780358082264,0.7714285714285715,10.03277366611258,6.92432338693823,13.98351753091151,0.9142857142857143,15.343803229849973,10.589838770896517,19.55090678570006,1.5725507666509095,2.028752668512814,2.733748997176346,0.0,VALID
rolling_origin,B7_two_regime_imm,native,profile,P-V06,ELIGIBLE_SUPPORT,native_state_space_scale,43,0.4186046511627907,5.122384017600725,4.906621510045326,9.527348064767029,0.8372093023255814,9.73268942214237,9.322733927247057,12.494071369423422,0.9302325581395349,14.884863982829032,14.257891157964472,18.20788492316984,1.6097951278525007,2.128817840225591,2.7482755902230966,0.0,VALID
rolling_origin,B7_two_regime_imm,native,zone,GEO_NE,ELIGIBLE_SUPPORT,native_state_space_scale,213,0.3615023474178404,4.645066605929336,4.163636413191995,11.354075027756977,0.6431924882629108,8.825771450429178,7.91103906639573,16.451780293473092,0.8544600938967136,13.497852637144629,12.09889017913683,24.099797597185454,1.9542047965320235,2.528730633341639,3.007488854041644,0.0,VALID
rolling_origin,B7_two_regime_imm,native,zone,GEO_NW,ELIGIBLE_SUPPORT,native_state_space_scale,48,0.3541666666666667,4.241543272576666,3.928302785612657,10.258427774217175,0.6041666666666666,8.059064529469218,7.463897832949404,13.662489892187102,0.9166666666666666,12.32527558899399,11.41504667480995,16.003824297005167,1.6986228987213206,2.2588899110542378,2.8296482370167766,0.0,VALID
rolling_origin,B7_two_regime_imm,native,zone,GEO_SE,ELIGIBLE_SUPPORT,native_state_space_scale,54,0.3888888888888889,6.415898098441581,6.097880384128672,20.496439479707732,0.6666666666666666,12.190406525884375,11.586162948379831,36.66021826432845,0.7592592592592593,18.643617931582863,17.719507125869576,87.92020623766017,3.971748590005501,4.704966815875948,4.838146600726095,0.0,VALID
rolling_origin,B7_two_regime_imm,native,zone,GEO_SW,ELIGIBLE_SUPPORT,native_state_space_scale,280,0.30357142857142855,5.553621316397809,5.283732384354138,26.757995423919002,0.5321428571428571,10.552053741961851,10.039256352108005,49.7016538509777,0.6964285714285714,16.137973572985004,15.353717642516393,132.25014906719434,5.367335139543044,6.213483538771523,7.596665196699278,0.0,VALID
rolling_origin,B7_two_regime_imm,native,gap,gap,ELIGIBLE_SUPPORT,native_state_space_scale,437,0.3318077803203661,4.85183581477376,4.334232204749668,17.181529704643978,0.5926773455377574,9.218639397234824,8.235176391955541,29.50209869461896,0.7940503432494279,14.098692312364449,12.594615440002464,68.45696985600495,3.279033544663305,3.9366515587596345,4.9794917521096425,0.0,VALID
rolling_origin,B7_two_regime_imm,native,gap,no_gap,ELIGIBLE_SUPPORT,native_state_space_scale,158,0.34810126582278483,6.165908094922327,5.896785760496549,25.326205593334056,0.5822784810126582,11.715417720958184,11.204076890491734,45.34004083755543,0.7278481012658228,17.917185241908427,17.13515692679092,112.42707280399146,4.950443827306515,5.826412711188225,6.257636184371953,0.0,VALID
rolling_origin,B8_student_t_robust_imm,conformalized,overall,all,ELIGIBLE_SUPPORT,distribution_free_conformal,595,0.5428571428571428,7.847280648725708,7.840135216593097,20.166420793606896,0.8302521008403362,19.839544322489004,19.559925638804216,36.7971637047504,0.9529411764705882,56.526805927336035,51.204281151538815,83.87967914996257,3.9121373165824993,,,,
rolling_origin,B8_student_t_robust_imm,conformalized,transition,accelerating,ELIGIBLE_SUPPORT,distribution_free_conformal,67,0.208955223880597,6.809771606019642,6.116156354009405,46.36087525987349,0.417910447761194,18.30167419194592,15.87406905131445,82.59780572686475,0.8059701492537313,58.192796096268985,57.562457336520836,147.13196630271497,8.543570758893482,,,,
rolling_origin,B8_student_t_robust_imm,conformalized,transition,decelerating,ELIGIBLE_SUPPORT,distribution_free_conformal,54,0.3148148148148148,7.879349568909847,7.49362483456926,29.440484404401705,0.8148148148148148,19.64687777939783,18.276268028521176,52.12884311775458,0.9444444444444444,53.07074521973875,43.72901737129767,130.32636313180805,5.731867269544229,,,,
rolling_origin,B8_student_t_robust_imm,conformalized,transition,stable,ELIGIBLE_SUPPORT,distribution_free_conformal,413,0.639225181598063,8.026473680154272,7.903378328580679,14.067839428029785,0.9031476997578692,20.257620594387387,19.840986726818997,26.154504262023547,0.9830508474576272,57.22300285849765,51.56313749625267,67.51788173540734,2.8148419393577817,,,,
rolling_origin,B8_student_t_robust_imm,conformalized,transition,volatile_or_gap,ELIGIBLE_SUPPORT,distribution_free_conformal,61,0.45901639344262296,7.745225930551394,7.840749996214839,24.47603095361615,0.8032786885245902,18.86865566313286,16.43570609854027,44.975272656591464,0.9180327868852459,53.04281583425403,49.60137253985047,84.06653419844191,4.643473918206091,,,,
rolling_origin,B8_student_t_robust_imm,conformalized,profile,P-D01,ELIGIBLE_SUPPORT,distribution_free_conformal,52,0.4423076923076923,6.840923197196154,5.9975474204449135,26.40734966925389,0.6730769230769231,16.954774991680466,15.704349028917683,43.24030248634995,0.9038461538461539,47.75819081939518,43.30960690210097,84.21238662479179,4.794348438429494,,,,
rolling_origin,B8_student_t_robust_imm,conformalized,profile,P-H01,ELIGIBLE_SUPPORT,distribution_free_conformal,47,0.40425531914893614,8.187242302981021,8.0043608601585,34.2389727733896,0.7446808510638298,20.587418633751675,21.150146314371938,64.66410419542713,0.8723404255319149,58.572168159792966,66.99171519501559,155.18095660289114,6.786676169222946,,,,
rolling_origin,B8_student_t_robust_imm,conformalized,profile,P-H02,ELIGIBLE_SUPPORT,distribution_free_conformal,51,0.3333333333333333,6.822640245894002,5.7115302235977055,31.680701111277696,0.6274509803921569,17.000902952565397,16.155332277076546,57.4812949848262,0.9019607843137255,48.7478133662916,54.3481463552276,90.95287339978425,5.842077176549903,,,,
rolling_origin,B8_student_t_robust_imm,conformalized,profile,P-H03,ELIGIBLE_SUPPORT,distribution_free_conformal,49,0.4489795918367347,7.174888012876571,7.624187560855958,19.288958308530603,0.7755102040816326,17.9799564632964,15.515569408020397,33.33120288750804,0.9387755102040817,50.651670370006094,43.33746165842433,73.37677674012035,3.660708193277852,,,,
rolling_origin,B8_student_t_robust_imm,conformalized,profile,P-H04,ELIGIBLE_SUPPORT,distribution_free_conformal,60,0.26666666666666666,6.483053611994028,6.11539193061771,40.04675220684318,0.5666666666666667,15.99336050012652,12.97144679844428,74.03521336076483,0.8666666666666667,44.607541747041914,25.651552439671903,153.86796471551855,7.656596363890656,,,,
rolling_origin,B8_student_t_robust_imm,conformalized,profile,P-H05,ELIGIBLE_SUPPORT,distribution_free_conformal,34,0.5882352941176471,9.338240145777322,8.600802092932923,15.794723301958035,0.8823529411764706,22.838261927201604,21.169726610073262,24.7000171865687,1.0,60.26004474875296,63.99459092094123,60.26004474875296,2.9264119018620143,,,,
rolling_origin,B8_student_t_robust_imm,conformalized,profile,P-H06,ELIGIBLE_SUPPORT,distribution_free_conformal,37,0.8918918918918919,9.112474384265353,8.201249971734262,10.043005212435691,1.0,23.30935325701795,21.1578029478965,23.30935325701795,1.0,67.23143751636294,55.483676855018594,67.23143751636294,2.2622364065222214,,,,
rolling_origin,B8_student_t_robust_imm,conformalized,profile,P-H07,ELIGIBLE_SUPPORT,distribution_free_conformal,32,0.34375,8.040609596716468,7.914930105770882,15.628066435506828,0.90625,21.189937082546784,20.263818302421903,22.447372365420716,1.0,63.62253966463756,57.43957795840228,63.62253966463756,2.9039918001312404,,,,
rolling_origin,B8_student_t_robust_imm,conformalized,profile,P-V01,ELIGIBLE_SUPPORT,distribution_free_conformal,37,0.6756756756756757,8.159107793774915,8.08352669913505,11.561825396813616,1.0,20.584988030722997,19.688570625036412,20.584988030722997,1.0,58.21074320319506,57.03072219338203,58.21074320319506,2.3218582015021507,,,,
rolling_origin,B8_student_t_robust_imm,conformalized,profile,P-V02,ELIGIBLE_SUPPORT,distribution_free_conformal,39,0.5641025641025641,8.235847654053295,7.476692416850341,14.173978153366797,0.9230769230769231,21.350158103353433,20.677365958247886,23.795835674876777,1.0,62.08861458386598,56.236068339805016,62.08861458386598,2.742629696637116,,,,
rolling_origin,B8_student_t_robust_imm,conformalized,profile,P-V03,ELIGIBLE_SUPPORT,distribution_free_conformal,42,0.8095238095238095,8.510406117390179,8.839038608701232,10.538366868506358,0.9523809523809523,21.61602616802614,19.397786957309577,21.8820230481874,1.0,61.50296737592945,52.83198073696943,61.50296737592945,2.2448796734557934,,,,
rolling_origin,B8_student_t_robust_imm,conformalized,profile,P-V04,ELIGIBLE_SUPPORT,distribution_free_conformal,37,0.6486486486486487,8.077243196061694,7.817064112335534,10.09350279205059,1.0,21.172271384781595,20.54110747837919,21.172271384781595,1.0,64.48531921049812,55.49839232408617,64.48531921049812,2.227823470586401,,,,
rolling_origin,B8_student_t_robust_imm,conformalized,profile,P-V05,ELIGIBLE_SUPPORT,distribution_free_conformal,35,0.7714285714285715,8.308064319177134,8.318522673371632,9.595932174051317,1.0,21.147956652776582,20.61939699277066,21.147956652776582,1.0,59.838760053680396,49.91065758973565,59.838760053680396,2.094088339859699,,,,
rolling_origin,B8_student_t_robust_imm,conformalized,profile,P-V06,ELIGIBLE_SUPPORT,distribution_free_conformal,43,0.6976744186046512,8.32494493263969,6.462012412401478,11.900357819548354,0.9069767441860465,21.04314047098944,19.420980033184414,24.345901846044672,0.9767441860465116,59.106776219435666,56.62403557607938,59.504791959068825,2.41204832049974,,,,
rolling_origin,B8_student_t_robust_imm,conformalized,zone,GEO_NE,ELIGIBLE_SUPPORT,distribution_free_conformal,213,0.6619718309859155,8.544178682759085,8.145832212185615,12.123022297999409,0.9483568075117371,21.786827271386663,20.577744625591762,22.939673970906956,0.9953051643192489,62.35095260631494,56.30621360164994,62.43130320163994,2.4649038180393745,,,,
rolling_origin,B8_student_t_robust_imm,conformalized,zone,GEO_NW,ELIGIBLE_SUPPORT,distribution_free_conformal,48,0.6875,8.391376702872634,7.959344050593611,10.931148805132162,0.9791666666666666,21.45040964276981,19.368594557601853,21.531651149700693,1.0,61.094777923557615,52.777969766734515,61.094777923557615,2.2929020969150113,,,,
rolling_origin,B8_student_t_robust_imm,conformalized,zone,GEO_SE,ELIGIBLE_SUPPORT,distribution_free_conformal,54,0.48148148148148145,7.2450659074338875,7.68284968314828,18.383291376764536,0.7962962962962963,18.256596016830095,15.54032920084408,32.18643073509622,0.9444444444444444,51.76684651703015,43.3857412498935,72.38777637139309,3.5170243634321,,,,
rolling_origin,B8_student_t_robust_imm,conformalized,zone,GEO_SW,ELIGIBLE_SUPPORT,distribution_free_conformal,280,0.4392857142857143,7.340008163659984,7.051410502246087,28.212227663323567,0.7214285714285714,18.387352911835077,16.58002951341915,50.844911905866,0.9142857142857143,52.23120560489095,44.28701551849642,106.31804374247297,5.366852049453381,,,,
rolling_origin,B8_student_t_robust_imm,conformalized,gap,gap,ELIGIBLE_SUPPORT,distribution_free_conformal,437,0.6018306636155606,8.22580903845662,8.012785175341373,17.699280461562132,0.8741418764302059,20.87181638508186,20.15002439889433,32.860807204530445,0.965675057208238,59.69467322003221,55.54429701296395,78.3787736815523,3.485889656036992,,,,
rolling_origin,B8_student_t_robust_imm,conformalized,gap,no_gap,ELIGIBLE_SUPPORT,distribution_free_conformal,158,0.379746835443038,6.80033820371047,6.30893882936976,26.990093737300313,0.7088607594936709,16.984462731646722,15.4648197205914,47.684428202194205,0.9177215189873418,47.76504638994221,39.1410208721243,99.0942088315783,5.0910628080912765,,,,
rolling_origin,B8_student_t_robust_imm,native,overall,all,ELIGIBLE_SUPPORT,native_state_space_scale,595,0.3378151260504202,5.245495833122495,4.763667538051102,19.74083466174805,0.5899159663865546,9.966605712009034,9.051116921122414,34.54348548896674,0.7798319327731092,15.242608076677541,13.84248879421591,82.2612557373108,3.805787333765536,4.532958054685098,5.344454099320404,0.0,VALID
rolling_origin,B8_student_t_robust_imm,native,transition,accelerating,ELIGIBLE_SUPPORT,native_state_space_scale,67,0.19402985074626866,6.501384224806335,6.314873485493877,45.62153447063175,0.31343283582089554,12.352832832649218,11.998456609901154,88.12385619516152,0.47761194029850745,18.89202753128997,18.350055868005086,236.93616676796668,9.29010643350792,10.619886458819927,7.858168941577755,0.0,VALID
rolling_origin,B8_student_t_robust_imm,native,transition,decelerating,ELIGIBLE_SUPPORT,native_state_space_scale,54,0.2962962962962963,6.142669646722033,6.064064090799228,30.036402828700776,0.5370370370370371,11.671263944472694,11.52191093618147,56.48266110738368,0.7407407407407407,17.84965786804406,17.62124215298143,155.00490412053878,6.075102963760215,6.977898730647443,9.90141517236625,0.0,VALID
rolling_origin,B8_student_t_robust_imm,native,transition,stable,ELIGIBLE_SUPPORT,native_state_space_scale,413,0.36077481840193704,4.70186512774278,4.207515902140955,13.395958265748595,0.6416464891041163,8.933690413659496,7.9944114641845765,21.086933683456476,0.8426150121065376,13.662900448615597,12.226397258340029,41.25192735869449,2.434448737116403,3.0326420688724114,3.9051368988784056,0.0,VALID
rolling_origin,B8_student_t_robust_imm,native,transition,volatile_or_gap,ELIGIBLE_SUPPORT,native_state_space_scale,61,0.3770491803278688,6.752505228936104,5.29444928183338,25.15831635579917,0.5901639344262295,12.829970574016059,10.059618791623677,47.37882278349423,0.7213114754098361,19.621746735640812,15.384859306387824,125.62972407534836,5.05776137825143,5.840818752416894,8.294342810907736,0.0,VALID
rolling_origin,B8_student_t_robust_imm,native,profile,P-D01,ELIGIBLE_SUPPORT,native_state_space_scale,52,0.34615384615384615,5.356988234554704,4.616512012321412,26.458283891642417,0.46153846153846156,10.178444752647136,8.771516831836259,48.96391201434597,0.6153846153846154,15.566587931513709,13.414877358352868,120.12329492490029,5.218024785829337,6.091227063587908,5.932289292411321,0.0,VALID
rolling_origin,B8_student_t_robust_imm,native,profile,P-H01,ELIGIBLE_SUPPORT,native_state_space_scale,47,0.2765957446808511,6.18247052395303,6.223510714143387,34.71987133222898,0.5106382978723404,11.746886852768343,11.824864494346157,67.33083863608664,0.6808510638297872,17.96531312581955,18.084569637380156,194.37080346056226,7.177145956427969,8.13409272806756,10.570580007335767,0.0,VALID
rolling_origin,B8_student_t_robust_imm,native,profile,P-H02,ELIGIBLE_SUPPORT,native_state_space_scale,51,0.19607843137254902,5.721977471658205,5.550057204837074,31.187621565149794,0.47058823529411764,10.871935688693155,10.545281818816832,56.96096239884355,0.7058823529411765,16.627190793543342,16.12761681027085,149.62052646057364,6.211045228375472,7.239569467224577,5.8594998105803295,0.0,VALID
rolling_origin,B8_student_t_robust_imm,native,profile,P-H03,ELIGIBLE_SUPPORT,native_state_space_scale,49,0.3673469387755102,6.0208006117496335,6.119612615493448,19.066476849696137,0.673469387755102,11.43970897641738,11.627454865892602,32.77640352069274,0.7755102040816326,17.495525104266527,17.782657664133907,73.24764596070513,3.628042887313415,4.386129711156805,4.509104293453084,0.0,VALID
rolling_origin,B8_student_t_robust_imm,native,profile,P-H04,ELIGIBLE_SUPPORT,native_state_space_scale,60,0.31666666666666665,6.914249081359215,6.0899955772989065,40.16895259330469,0.5,13.137288939090979,11.571181569442988,79.72590155309769,0.65,20.0917496161559,17.6965950839788,233.74605025283427,8.398473807971099,9.422432609962522,13.91454340290203,0.0,VALID
rolling_origin,B8_student_t_robust_imm,native,profile,P-H05,ELIGIBLE_SUPPORT,native_state_space_scale,34,0.38235294117647056,4.760116047078658,4.486565460387858,15.374203595802244,0.5294117647058824,9.04436897748883,8.524614329583027,24.04294230176577,0.7941176470588235,13.832168704999745,13.037272566536696,40.2650339992168,2.7347797065026866,3.4465585092127413,3.5559595290838466,0.0,VALID
rolling_origin,B8_student_t_robust_imm,native,profile,P-H06,ELIGIBLE_SUPPORT,native_state_space_scale,37,0.40540540540540543,4.520475976340567,4.5401197163672045,8.639774777012118,0.8108108108108109,8.589045367704783,8.62636908652626,12.038831113190396,0.918918918918919,13.13581133594744,13.192893038023243,17.999164957899033,1.4883316530364359,1.9466967307431464,2.659261831535843,0.0,VALID
rolling_origin,B8_student_t_robust_imm,native,profile,P-H07,ELIGIBLE_SUPPORT,native_state_space_scale,32,0.28125,5.113769353526719,3.912509358331789,16.50938335895767,0.34375,9.716321291674147,7.433889828452328,25.247388762012584,0.71875,14.859831087489912,11.36915339228941,34.605390468820076,2.839678126024515,3.6269939314798396,3.613854510231302,0.0,VALID
rolling_origin,B8_student_t_robust_imm,native,profile,P-V01,ELIGIBLE_SUPPORT,native_state_space_scale,37,0.3783783783783784,4.336722874750664,4.042014418447,10.756242107233373,0.6486486486486487,8.23990874265191,7.6799534824787195,16.40427422384594,0.7837837837837838,12.601852945832482,11.745475276451053,25.4796588545701,1.9110741124168962,2.457197736857643,3.035640434202595,0.0,VALID
rolling_origin,B8_student_t_robust_imm,native,profile,P-V02,ELIGIBLE_SUPPORT,native_state_space_scale,39,0.3076923076923077,4.705763329746601,4.726249069050738,14.082778561000383,0.5897435897435898,8.941097119068072,8.980020662782294,21.129929276591394,0.8205128205128205,13.674228027025396,13.733756450135033,35.73566745153103,2.4717113491432543,3.1343150734157397,3.5146910434319794,0.0,VALID
rolling_origin,B8_student_t_robust_imm,native,profile,P-V03,ELIGIBLE_SUPPORT,native_state_space_scale,42,0.3333333333333333,3.878577783779685,3.7588867595368853,9.168569671247097,0.6666666666666666,7.369418778334816,7.14200209860706,12.515517286052573,0.9047619047619048,11.270553429811814,10.922749631873597,17.877710784538994,1.5678135905092045,2.063125804645458,2.769694519393545,0.0,VALID
rolling_origin,B8_student_t_robust_imm,native,profile,P-V04,ELIGIBLE_SUPPORT,native_state_space_scale,37,0.32432432432432434,3.9358742112263094,3.570984730672613,9.930901262542243,0.5135135135135135,7.478283777799951,6.7849823823103925,13.348060460473489,0.8648648648648649,11.43704807884918,10.376735094085706,16.821241116289958,1.6522024913969426,2.1869194063876467,2.850890856216914,0.0,VALID
rolling_origin,B8_student_t_robust_imm,native,profile,P-V05,ELIGIBLE_SUPPORT,native_state_space_scale,35,0.45714285714285713,5.282583614056287,3.651060629893049,9.22324091949855,0.7714285714285715,10.037073652707111,6.937129088733297,14.003043224238548,0.9142857142857143,15.350379491848214,10.609423401737658,19.523068368833894,1.5753579259702253,2.032729441156803,2.734884188002135,0.0,VALID
rolling_origin,B8_student_t_robust_imm,native,profile,P-V06,ELIGIBLE_SUPPORT,native_state_space_scale,43,0.4186046511627907,5.118413034494915,4.916210670030047,9.533204750580925,0.8372093023255814,9.725144430369665,9.34095363034426,12.479511243032514,0.9302325581395349,14.87332491367588,14.285755789275143,18.225935311990565,1.6090772508654456,2.1264537484192396,2.747425575244176,0.0,VALID
rolling_origin,B8_student_t_robust_imm,native,zone,GEO_NE,ELIGIBLE_SUPPORT,native_state_space_scale,213,0.37089201877934275,4.639072366186485,4.135914644684942,11.280710687942468,0.6431924882629108,8.814382207932214,7.858366841473791,16.290262666874334,0.8591549295774648,13.480434293860286,12.018334962625724,23.8087953475011,1.9388804668190975,2.5101942940460287,2.998578448427245,0.0,VALID
rolling_origin,B8_student_t_robust_imm,native,zone,GEO_NW,ELIGIBLE_SUPPORT,native_state_space_scale,48,0.3541666666666667,4.244869167486821,3.922794156841322,10.232308049050165,0.6041666666666666,8.065383833547164,7.453431266446562,13.566408256063923,0.9166666666666666,12.334940130580241,11.399039442686878,16.042288992566828,1.693603039298169,2.252552928378524,2.825468963565027,0.0,VALID
rolling_origin,B8_student_t_robust_imm,native,zone,GEO_SE,ELIGIBLE_SUPPORT,native_state_space_scale,54,0.4074074074074074,6.486083792717888,6.299571802870707,18.561952384596793,0.6851851851851852,12.323761534396347,11.969382935593309,31.993236808119637,0.7962962962962963,18.84756681734653,18.30559152019915,69.43745426115191,3.503192308147636,4.241159352441152,4.380199350794014,0.0,VALID
rolling_origin,B8_student_t_robust_imm,native,zone,GEO_SW,ELIGIBLE_SUPPORT,native_state_space_scale,280,0.29642857142857143,5.6390905780858205,5.300991803817766,28.033960828877532,0.5285714285714286,10.714448005314807,10.072049787482776,52.51687690700518,0.6928571428571428,16.386334166522616,15.403870873952373,140.55186197477425,5.646416405827649,6.518905401113707,7.746784658523711,0.0,VALID
rolling_origin,B8_student_t_robust_imm,native,gap,gap,ELIGIBLE_SUPPORT,native_state_space_scale,437,0.33867276887871856,4.882022043023928,4.323342046774883,17.233166591630596,0.5949656750572082,9.275994172545559,8.214484752093625,29.473229401041973,0.7940503432494279,14.186408871707618,12.562970307648243,67.51652802422895,3.2782204019613315,3.9442671284428257,4.905087706708078,0.0,VALID
rolling_origin,B8_student_t_robust_imm,native,gap,no_gap,ELIGIBLE_SUPPORT,native_state_space_scale,158,0.33544303797468356,6.250799923458407,5.918613174106518,26.67660014681973,0.5759493670886076,11.876714843309902,11.245549657239515,48.56691530177131,0.740506329113924,18.1638679030817,17.1985840500923,123.0425596019739,5.264943974261978,6.16117283169695,6.5596636788874045,0.0,VALID
rolling_origin,M1_ridge,conformalized,overall,all,ELIGIBLE_SUPPORT,distribution_free_conformal,595,0.5411764705882353,9.163456198474357,7.762072043964942,22.291392625649493,0.8,20.089607836107703,18.39363226287762,39.20413641246394,0.9546218487394958,56.66611844151626,59.50821599376026,85.01932599443936,4.208337763040997,,,,
rolling_origin,M1_ridge,conformalized,transition,accelerating,ELIGIBLE_SUPPORT,distribution_free_conformal,67,0.19402985074626866,8.106153194610068,6.235664783811696,56.298887331918,0.3582089552238806,18.57224948445048,15.009729679881588,105.58989361673433,0.7611940298507462,55.26494978417304,56.129157617648886,175.51522613624417,10.514803636925842,,,,
rolling_origin,M1_ridge,conformalized,transition,decelerating,ELIGIBLE_SUPPORT,distribution_free_conformal,54,0.6296296296296297,9.613815315510324,8.605102423123892,26.396490985170733,0.8148148148148148,20.22114471365064,17.696272795530007,50.808854112893506,0.9814814814814815,54.5816579845885,51.38764417294442,115.08367388298781,5.169041234211387,,,,
rolling_origin,M1_ridge,conformalized,transition,stable,ELIGIBLE_SUPPORT,distribution_free_conformal,413,0.5956416464891041,9.351105859709323,8.12016204984105,16.313813201315092,0.8716707021791767,20.485927403334657,18.536156351381393,26.891609552456888,0.9806295399515739,57.69075624040367,61.05059660038711,67.98940796037914,3.073916355741453,,,,
rolling_origin,M1_ridge,conformalized,transition,volatile_or_gap,ELIGIBLE_SUPPORT,distribution_free_conformal,61,0.47540983606557374,8.655597163210823,7.4754216316065225,21.7760294373867,0.7868852459016393,18.956493687074637,18.58208669029556,39.37746599727703,0.9672131147540983,53.11306522472275,59.13945704645293,74.30876947942846,4.111695799454533,,,,
rolling_origin,M1_ridge,conformalized,profile,P-D01,ELIGIBLE_SUPPORT,distribution_free_conformal,52,0.3076923076923077,7.909378362185752,6.199469967431289,37.22580203742559,0.5576923076923077,17.16948037613954,14.34208416790479,66.74273134623832,0.8653846153846154,47.17214785415554,50.89477885720936,114.40491113254342,6.904513474659107,,,,
rolling_origin,M1_ridge,conformalized,profile,P-H01,ELIGIBLE_SUPPORT,distribution_free_conformal,47,0.3829787234042553,9.53115678664125,9.401588430000317,33.332220255681335,0.7446808510638298,21.09415152246527,19.02870889003664,57.110212388281305,0.9361702127659575,60.079187631771724,64.67771798713859,134.70697875325632,6.363322712764198,,,,
rolling_origin,M1_ridge,conformalized,profile,P-H02,ELIGIBLE_SUPPORT,distribution_free_conformal,51,0.37254901960784315,7.918362000354386,7.047014599645443,33.35207582448192,0.6274509803921569,17.671689227320535,15.009729679881588,57.937226675629034,0.8823529411764706,50.31726935199429,55.821723920590195,87.12076838080841,6.01008946189293,,,,
rolling_origin,M1_ridge,conformalized,profile,P-H03,ELIGIBLE_SUPPORT,distribution_free_conformal,49,0.5102040816326531,8.434610680601446,7.183562245000914,19.33131077076146,0.7346938775510204,18.430376601538587,14.254320387312077,33.08084990920143,0.9795918367346939,51.754347657116405,50.92751204886366,75.72145076189382,3.6615467094480776,,,,
rolling_origin,M1_ridge,conformalized,profile,P-H04,ELIGIBLE_SUPPORT,distribution_free_conformal,60,0.31666666666666665,7.490211864440755,6.150131148657081,43.31155083180413,0.4666666666666667,16.10146808666278,12.30047612263935,83.94414094188905,0.8333333333333334,43.47585422870784,25.801693928855023,157.06222286536916,8.297861633239208,,,,
rolling_origin,M1_ridge,conformalized,profile,P-H05,ELIGIBLE_SUPPORT,distribution_free_conformal,34,0.5588235294117647,10.850549705245657,9.245231881811682,17.717298171223526,0.8823529411764706,23.124451904208193,20.467826751930087,25.6428347308222,1.0,63.21966085416813,75.20249630390629,63.21966085416813,3.156041341869913,,,,
rolling_origin,M1_ridge,conformalized,profile,P-H06,ELIGIBLE_SUPPORT,distribution_free_conformal,37,0.7837837837837838,10.635658700914146,8.599123942785708,12.503774392145875,1.0,23.43434281552329,23.231583096164155,23.43434281552329,1.0,66.94089575757081,66.15289771488524,66.94089575757081,2.502588118819193,,,,
rolling_origin,M1_ridge,conformalized,profile,P-H07,ELIGIBLE_SUPPORT,distribution_free_conformal,32,0.5625,9.33214794366608,7.457501881453382,14.681023451683073,0.875,20.96574854706886,19.021259267268277,22.14264092065156,1.0,60.70999392489218,67.49944935894831,60.70999392489218,2.707034276832764,,,,
rolling_origin,M1_ridge,conformalized,profile,P-V01,ELIGIBLE_SUPPORT,distribution_free_conformal,37,0.6486486486486487,9.50370093439283,7.616354757652907,13.111035796283407,0.8918918918918919,20.706423557591247,18.56066615591721,21.174219342915016,1.0,58.296622552824374,67.84395569797879,58.296622552824374,2.4792525832559638,,,,
rolling_origin,M1_ridge,conformalized,profile,P-V02,ELIGIBLE_SUPPORT,distribution_free_conformal,39,0.7948717948717948,9.62759817790985,7.805325163149021,12.06823988420073,0.9743589743589743,21.344972772824068,19.522509280261552,21.701502125736095,1.0,61.349087102801114,66.08515908313282,61.349087102801114,2.377315403091606,,,,
rolling_origin,M1_ridge,conformalized,profile,P-V03,ELIGIBLE_SUPPORT,distribution_free_conformal,42,0.6428571428571429,10.009384739841236,8.909730614766437,14.100954784353462,0.9285714285714286,21.76785909933072,18.12082721725613,22.42112278726701,1.0,61.12971727670083,62.52174261840777,61.12971727670083,2.658899471729527,,,,
rolling_origin,M1_ridge,conformalized,profile,P-V04,ELIGIBLE_SUPPORT,distribution_free_conformal,37,0.4594594594594595,9.532243785143232,8.14553305260278,14.112478563534188,0.972972972972973,21.434406668583524,22.226756539887276,22.2579087962044,1.0,63.21415109749491,65.21828772655036,63.21415109749491,2.7463295129505263,,,,
rolling_origin,M1_ridge,conformalized,profile,P-V05,ELIGIBLE_SUPPORT,distribution_free_conformal,35,0.8,9.80275583712396,9.592204979992793,11.111933975054997,0.9714285714285714,21.647963671359822,22.388264311369966,22.00450042985725,1.0,61.90107408536091,59.50821599376026,61.90107408536091,2.240183044125216,,,,
rolling_origin,M1_ridge,conformalized,profile,P-V06,ELIGIBLE_SUPPORT,distribution_free_conformal,43,0.7441860465116279,9.816176837418032,6.839418991559814,12.098364928429083,0.9534883720930233,21.18247447671446,18.75119037663605,22.01318418596804,1.0,59.0109716598006,66.54107425083824,59.0109716598006,2.3111573487810073,,,,
rolling_origin,M1_ridge,conformalized,zone,GEO_NE,ELIGIBLE_SUPPORT,distribution_free_conformal,213,0.647887323943662,10.01295504831117,8.898958562737544,13.708625255902211,0.9436619718309859,21.975400288912695,19.964753738421706,22.923543269320252,1.0,62.45846676432077,66.3712188051409,62.45846676432077,2.610434512764416,,,,
rolling_origin,M1_ridge,conformalized,zone,GEO_NW,ELIGIBLE_SUPPORT,distribution_free_conformal,48,0.8125,9.791819317176715,8.83207695047156,11.415006727495877,1.0,21.446137867262113,18.826618820550042,21.446137867262113,1.0,60.65975634813011,62.45703236888066,60.65975634813011,2.2907160894684697,,,,
rolling_origin,M1_ridge,conformalized,zone,GEO_SE,ELIGIBLE_SUPPORT,distribution_free_conformal,54,0.5555555555555556,8.509043935690654,7.238834102303365,18.39679031379881,0.7592592592592593,18.669118001750682,14.367296246753199,31.963066003148455,0.9814814814814815,52.671185130243295,50.984247247054086,74.41911202161539,3.5059234248853013,,,,
rolling_origin,M1_ridge,conformalized,zone,GEO_SW,ELIGIBLE_SUPPORT,distribution_free_conformal,280,0.4107142857142857,8.535718975179233,7.388082700042331,31.43605154603335,0.6642857142857143,18.69646218293772,17.939307178736136,56.02973666875797,0.9071428571428571,52.34562410770884,52.0433691802992,108.40194711433436,5.888086359115284,,,,
rolling_origin,M1_ridge,conformalized,gap,gap,ELIGIBLE_SUPPORT,distribution_free_conformal,437,0.5789473684210527,9.574844259103056,8.14553305260278,19.712764575856973,0.8604118993135011,21.097658872489298,18.73594945955591,34.37843628353632,0.9702517162471396,59.87188925290649,65.54987214135215,81.36613441014713,3.7549805127138973,,,,
rolling_origin,M1_ridge,conformalized,gap,no_gap,ELIGIBLE_SUPPORT,distribution_free_conformal,158,0.43670886075949367,8.02562972698865,6.221386038953749,29.423420839316154,0.6329113924050633,17.301517311432022,14.589846329769376,52.551167781713104,0.9113924050632911,47.799524488493965,46.667634464380704,95.12340651555141,5.462243575654556,,,,
rolling_origin,M2_extra_trees,conformalized,overall,all,ELIGIBLE_SUPPORT,distribution_free_conformal,595,0.5394957983193277,7.880470442909907,7.164036909549166,22.287756870043093,0.8016806722689076,18.696011459948437,17.982551881104868,41.460888257265395,0.946218487394958,59.26524341941114,52.76694463961107,92.82177097066321,4.326649614539048,,,,
rolling_origin,M2_extra_trees,conformalized,transition,accelerating,ELIGIBLE_SUPPORT,distribution_free_conformal,67,0.208955223880597,7.107288598469678,5.738455445046547,68.44749808197764,0.3582089552238806,17.205884181625624,14.464983235189067,137.09167343121288,0.746268656716418,61.97863198194196,67.28111292472101,242.15716689749704,13.17072746921963,,,,
rolling_origin,M2_extra_trees,conformalized,transition,decelerating,ELIGIBLE_SUPPORT,distribution_free_conformal,54,0.5740740740740741,8.00847477051788,7.418854288103358,24.776400899245466,0.8518518518518519,18.5557869030529,17.591804038868364,50.32894421303771,0.9259259259259259,53.82608112894403,48.2882678361449,125.48025411240296,5.107576115051541,,,,
rolling_origin,M2_extra_trees,conformalized,transition,stable,ELIGIBLE_SUPPORT,distribution_free_conformal,413,0.6029055690072639,8.048487014128783,7.5530061336608725,14.804489016289464,0.8716707021791767,19.101241695145887,18.14530662137072,25.68941541777826,0.9757869249394673,59.98188240582133,52.2175237621686,68.14384357532326,2.875974936365164,,,,
rolling_origin,M2_extra_trees,conformalized,transition,volatile_or_gap,ELIGIBLE_SUPPORT,distribution_free_conformal,61,0.4426229508196721,7.478832835914302,6.3680370932678425,20.05005498190709,0.7704918032786885,17.71323386295565,16.547484577590964,35.35401373992117,0.9836065573770492,56.24796192118564,50.698474409300076,66.9685643726892,3.7431314964167637,,,,
rolling_origin,M2_extra_trees,conformalized,profile,P-D01,ELIGIBLE_SUPPORT,distribution_free_conformal,52,0.46153846153846156,6.7925983957745775,6.222019793792782,43.365612802409196,0.6346153846153846,16.004822787986644,13.950592044659388,87.92124557508663,0.8076923076923077,50.01140293547713,47.80766661813379,180.10595337965145,8.577694890550065,,,,
rolling_origin,M2_extra_trees,conformalized,profile,P-H01,ELIGIBLE_SUPPORT,distribution_free_conformal,47,0.3617021276595745,8.140357381318692,7.923998525503389,40.19824739620048,0.6808510638297872,19.537025372452234,19.264554577584832,75.85471811525699,0.8936170212765957,62.67104873109474,63.77817482715953,173.6313330483317,7.880295489214483,,,,
rolling_origin,M2_extra_trees,conformalized,profile,P-H02,ELIGIBLE_SUPPORT,distribution_free_conformal,51,0.29411764705882354,6.782803440178642,5.776698061163387,34.16032740302856,0.5294117647058824,16.25190223059344,14.48645482903001,60.78790861559328,0.9215686274509803,53.54521375021034,52.02936544182302,77.64786573781606,6.119054451597406,,,,
rolling_origin,M2_extra_trees,conformalized,profile,P-H03,ELIGIBLE_SUPPORT,distribution_free_conformal,49,0.46938775510204084,7.225077815308783,6.0687095195024625,21.741433850208566,0.7551020408163265,17.046733276741843,13.782894073057122,39.759923431084246,0.9591836734693877,54.684231943637265,47.70074363367533,81.57114489856475,4.184630127278133,,,,
rolling_origin,M2_extra_trees,conformalized,profile,P-H04,ELIGIBLE_SUPPORT,distribution_free_conformal,60,0.3,6.466228203042936,5.269941929970335,36.74922414837521,0.5833333333333334,14.937399447048646,11.920394729866,69.71565992987902,0.8833333333333333,46.52164064558835,34.9335712925429,131.3622755866521,7.012558084173232,,,,
rolling_origin,M2_extra_trees,conformalized,profile,P-H05,ELIGIBLE_SUPPORT,distribution_free_conformal,34,0.5588235294117647,9.17642512430852,8.23715137820294,14.515142261009423,0.8823529411764706,21.5777369869376,19.28238923790239,23.44640649902763,1.0,62.60130372360246,67.66613179221059,62.60130372360246,2.772043581920087,,,,
rolling_origin,M2_extra_trees,conformalized,profile,P-H06,ELIGIBLE_SUPPORT,distribution_free_conformal,37,0.918918918918919,9.193235922443781,8.495551930120214,9.253551327307372,1.0,21.913704112099804,20.70295606421582,21.913704112099804,1.0,69.72090820656403,52.2175237621686,69.72090820656403,2.0695336252993375,,,,
rolling_origin,M2_extra_trees,conformalized,profile,P-H07,ELIGIBLE_SUPPORT,distribution_free_conformal,32,0.4375,8.191020796841272,7.58423818494852,15.20703256446319,0.84375,19.762608928314297,18.457245062744683,22.065054219503132,1.0,66.33105414050507,72.47056873912919,66.33105414050507,2.847215062273584,,,,
rolling_origin,M2_extra_trees,conformalized,profile,P-V01,ELIGIBLE_SUPPORT,distribution_free_conformal,37,0.5945945945945946,8.167360563329712,7.15420547066892,12.623186271957453,0.9459459459459459,19.351132170674603,17.94088479112452,20.9705114567044,1.0,60.09886175373465,54.06043498481132,60.09886175373465,2.4734184509722623,,,,
rolling_origin,M2_extra_trees,conformalized,profile,P-V02,ELIGIBLE_SUPPORT,distribution_free_conformal,39,0.5384615384615384,8.377916073668453,7.513502502279636,14.065036263177777,0.9230769230769231,20.02964041563711,18.841908206841165,20.578305952480164,1.0,64.54800780751073,70.95212049067723,64.54800780751073,2.6266154211342743,,,,
rolling_origin,M2_extra_trees,conformalized,profile,P-V03,ELIGIBLE_SUPPORT,distribution_free_conformal,42,0.7142857142857143,8.574463647220812,7.713295577834791,11.439399720191059,0.9761904761904762,20.303346387505872,17.672127100407153,20.693798931145842,1.0,63.28516945583378,58.49501208933377,63.28516945583378,2.2908162889715507,,,,
rolling_origin,M2_extra_trees,conformalized,profile,P-V04,ELIGIBLE_SUPPORT,distribution_free_conformal,37,0.8378378378378378,8.308442251328685,8.932806432282483,8.995620568296165,1.0,19.938372560723366,19.866277516252485,19.938372560723366,1.0,66.63197183364139,70.02140682068692,66.63197183364139,2.032688404623758,,,,
rolling_origin,M2_extra_trees,conformalized,profile,P-V05,ELIGIBLE_SUPPORT,distribution_free_conformal,35,0.7142857142857143,8.314954415197805,7.966807021391361,10.751219353842894,0.9428571428571428,20.076801310204914,20.010633180721513,20.237600637856005,1.0,63.557564467671945,46.972570968712674,63.557564467671945,2.1785159339267346,,,,
rolling_origin,M2_extra_trees,conformalized,profile,P-V06,ELIGIBLE_SUPPORT,distribution_free_conformal,43,0.6511627906976745,8.450868880485169,7.05697149098669,13.41219600414862,0.8604651162790697,19.676862540269877,17.69704728402278,25.42065074597271,0.9069767441860465,60.3590512285634,61.178464599723924,68.47420993471731,2.709557097928278,,,,
rolling_origin,M2_extra_trees,conformalized,zone,GEO_NE,ELIGIBLE_SUPPORT,distribution_free_conformal,213,0.6901408450704225,8.61902611209076,8.097753763747846,12.028316254891012,0.92018779342723,20.49195760101672,19.200702783589275,22.322116671636962,0.9812206572769953,64.70206609999023,67.6982290084048,66.34033757588045,2.4402984278656112,,,,
rolling_origin,M2_extra_trees,conformalized,zone,GEO_NW,ELIGIBLE_SUPPORT,distribution_free_conformal,48,0.7291666666666666,8.467397628518045,7.705178799051629,11.120804506208467,0.9791666666666666,20.116095660360013,17.645526008336667,20.22576947944036,1.0,63.22710790917788,59.95113428940887,63.22710790917788,2.238131976516119,,,,
rolling_origin,M2_extra_trees,conformalized,zone,GEO_SE,ELIGIBLE_SUPPORT,distribution_free_conformal,54,0.5,7.301115363381031,6.166375973714683,20.586578537144437,0.7777777777777778,17.29387919979557,13.804888857314502,37.90399619169886,0.9629629629629629,55.8154789948759,47.94539326559547,80.21286297249532,3.984535238607354,,,,
rolling_origin,M2_extra_trees,conformalized,zone,GEO_SW,ELIGIBLE_SUPPORT,distribution_free_conformal,280,0.4,7.329757270945073,6.814918164338396,32.33467899314303,0.6857142857142857,17.356777789880425,16.836457407535892,60.34630333089057,0.9071428571428571,55.11550967817098,51.946868743201506,120.47166444188136,6.1856347062778125,,,,
rolling_origin,M2_extra_trees,conformalized,gap,gap,ELIGIBLE_SUPPORT,distribution_free_conformal,437,0.5903890160183066,8.24770956568853,7.876815919325779,19.808631445696122,0.8489702517162472,19.672997176283896,18.50304845769678,37.22404106187021,0.9610983981693364,62.705133311315,60.364650226945706,93.16527256279433,3.9238968838884687,,,,
rolling_origin,M2_extra_trees,conformalized,gap,no_gap,ELIGIBLE_SUPPORT,distribution_free_conformal,158,0.3987341772151899,6.864752109655107,5.662882196949305,29.144578455104018,0.6708860759493671,15.993842105273783,14.028281961115356,53.17925676604829,0.9050632911392406,49.751117579145365,43.98031113643623,91.8717064405284,5.440592293616917,,,,
rolling_origin,Z01_elastic_net,conformalized,overall,all,ELIGIBLE_SUPPORT,distribution_free_conformal,595,0.492436974789916,8.308559868354036,7.160015014489677,21.65771732753261,0.7865546218487395,19.119469013632965,18.274044530108384,37.6193639598409,0.9512605042016806,52.07698920642592,49.313588847092504,81.54585504857654,4.093138631839666,,,,
rolling_origin,Z01_elastic_net,conformalized,transition,accelerating,ELIGIBLE_SUPPORT,distribution_free_conformal,67,0.208955223880597,7.502116930107437,6.250189859222758,51.92662607913461,0.373134328358209,17.923742828495136,14.595805012851628,95.51893126351635,0.8059701492537313,50.10964646264092,50.52799959309209,165.5124437694057,9.670830457774178,,,,
rolling_origin,Z01_elastic_net,conformalized,transition,decelerating,ELIGIBLE_SUPPORT,distribution_free_conformal,54,0.5,8.402196727890034,7.1141967931000085,25.809614003793268,0.7777777777777778,18.804613316161213,18.310974833461227,48.48271402854753,0.9814814814814815,50.39435799614642,45.215496231620676,112.06087962775348,5.085204002760263,,,,
rolling_origin,Z01_elastic_net,conformalized,transition,stable,ELIGIBLE_SUPPORT,distribution_free_conformal,413,0.5447941888619855,8.500370616166853,7.751609289702618,15.912550594993833,0.864406779661017,19.525096213343065,18.611593009727358,26.12290663081374,0.9733656174334141,53.06003922552749,49.614514621405476,64.65006028307359,3.010740939686512,,,,
rolling_origin,Z01_elastic_net,conformalized,transition,volatile_or_gap,ELIGIBLE_SUPPORT,distribution_free_conformal,61,0.4426229508196721,7.812780320827585,7.010362819039543,23.633693617091684,0.7213114754098361,17.96523669539423,17.76736604219586,42.24469123577218,0.9344262295081968,49.071651358880644,48.679885863782715,76.69979712368483,4.416964279248329,,,,
rolling_origin,Z01_elastic_net,conformalized,profile,P-D01,ELIGIBLE_SUPPORT,distribution_free_conformal,52,0.25,7.144324170335168,6.2548239433603285,35.815627189530716,0.5384615384615384,16.327933981416287,13.943630560934455,63.87952535273356,0.8846153846153846,43.86871923927307,37.572261499941646,120.35635016925765,6.716281035330349,,,,
rolling_origin,Z01_elastic_net,conformalized,profile,P-H01,ELIGIBLE_SUPPORT,distribution_free_conformal,47,0.40425531914893614,8.650539413326618,9.37366162954062,32.1128535424733,0.723404255319149,19.97948691237512,20.355576239544686,55.68042674692641,0.9148936170212766,55.00519261009822,57.06128293764085,127.49268561521313,6.134761827442767,,,,
rolling_origin,Z01_elastic_net,conformalized,profile,P-H02,ELIGIBLE_SUPPORT,distribution_free_conformal,51,0.37254901960784315,7.242416418954031,6.666133231256275,30.543835381733814,0.6078431372549019,16.837200898407854,14.595805012851628,52.46219655372523,0.9215686274509803,45.95464931819866,49.25002787288922,79.16239601684381,5.488466325450976,,,,
rolling_origin,Z01_elastic_net,conformalized,profile,P-H03,ELIGIBLE_SUPPORT,distribution_free_conformal,49,0.3877551020408163,7.617101211862393,6.391850840646924,18.67422808309358,0.7551020408163265,17.50828691244888,13.832003869943662,30.70396757789695,0.9591836734693877,47.73750284989914,39.25190123996724,70.23069290011331,3.5403625407195514,,,,
rolling_origin,Z01_elastic_net,conformalized,profile,P-H04,ELIGIBLE_SUPPORT,distribution_free_conformal,60,0.3,6.802647520063209,5.920967074164061,40.486368776104506,0.5166666666666667,15.403661203043281,12.636717654320108,77.63744565587223,0.85,40.10468743867414,25.37613072826821,154.04437122749198,7.8238725909586915,,,,
rolling_origin,Z01_elastic_net,conformalized,profile,P-H05,ELIGIBLE_SUPPORT,distribution_free_conformal,34,0.6176470588235294,9.658451890492177,9.358547515344544,17.110345790301295,0.8235294117647058,21.721801381858324,20.19575792279296,24.65276093585443,1.0,58.676196978314884,55.517047524778086,58.676196978314884,3.045988699797666,,,,
rolling_origin,Z01_elastic_net,conformalized,profile,P-H06,ELIGIBLE_SUPPORT,distribution_free_conformal,37,0.7027027027027027,9.655160057774134,8.821219542172335,13.196278729210313,0.972972972972973,22.32088035083167,20.482243110160706,22.343206961935074,1.0,61.606572262854364,61.59419301166911,61.606572262854364,2.533872729153251,,,,
rolling_origin,Z01_elastic_net,conformalized,profile,P-H07,ELIGIBLE_SUPPORT,distribution_free_conformal,32,0.4375,8.702177812620999,7.075619269469847,18.064774797497087,0.75,20.499011835137047,19.055811018810008,25.69451492815216,1.0,55.11379192410544,49.830395560452054,55.11379192410544,3.1547970769032414,,,,
rolling_origin,Z01_elastic_net,conformalized,profile,P-V01,ELIGIBLE_SUPPORT,distribution_free_conformal,37,0.5945945945945946,8.552488572259623,7.173114648484521,11.769994052199825,1.0,19.630778320595628,18.12515412501584,19.630778320595628,1.0,53.94669390045053,50.22246821875761,53.94669390045053,2.282437293520122,,,,
rolling_origin,Z01_elastic_net,conformalized,profile,P-V02,ELIGIBLE_SUPPORT,distribution_free_conformal,39,0.6410256410256411,8.838885410352674,7.0814521985858505,12.15050705643464,0.9487179487179487,20.52315455155576,18.984135283809582,20.848873461413056,1.0,56.29656127506065,52.717888551783076,56.29656127506065,2.341312972475375,,,,
rolling_origin,Z01_elastic_net,conformalized,profile,P-V03,ELIGIBLE_SUPPORT,distribution_free_conformal,42,0.5476190476190477,8.994738478511723,8.303393233611878,14.23103450394191,0.9285714285714286,20.663711345151857,18.08086285803955,22.015904646498786,1.0,56.371196605275514,54.44929356016064,56.371196605275514,2.6642426394120458,,,,
rolling_origin,Z01_elastic_net,conformalized,profile,P-V04,ELIGIBLE_SUPPORT,distribution_free_conformal,37,0.4594594594594595,8.655125728099534,8.218263083216982,14.422037655686719,0.8918918918918919,20.298205223538567,19.44232126454682,22.954067971723035,1.0,58.03718710575972,59.419683516504605,58.03718710575972,2.792200754459924,,,,
rolling_origin,Z01_elastic_net,conformalized,profile,P-V05,ELIGIBLE_SUPPORT,distribution_free_conformal,35,0.7428571428571429,8.916478932151382,9.06636552187016,10.505013904002723,0.9714285714285714,20.531518030619207,19.127174323095826,20.570331256450086,1.0,55.46238788004986,60.22464725699683,55.46238788004986,2.1288971570990816,,,,
rolling_origin,Z01_elastic_net,conformalized,profile,P-V06,ELIGIBLE_SUPPORT,distribution_free_conformal,43,0.7209302325581395,8.823275562257793,7.0160654581642525,12.935568019870658,0.9069767441860465,20.058976967090988,17.830632443155686,25.25583794644793,0.9069767441860465,54.522478855181646,49.122890370617725,66.55884571703176,2.587496404152658,,,,
rolling_origin,Z01_elastic_net,conformalized,zone,GEO_NE,ELIGIBLE_SUPPORT,distribution_free_conformal,213,0.6103286384976526,9.071808630930066,8.693165684887028,14.375996086167435,0.8873239436619719,20.89143049830662,19.63635648529741,23.66056296367015,0.9812206572769953,57.26513723195854,59.342314715273915,59.695014110172416,2.7117122889005167,,,,
rolling_origin,Z01_elastic_net,conformalized,zone,GEO_NW,ELIGIBLE_SUPPORT,distribution_free_conformal,48,0.6666666666666666,8.911616285856665,7.5898497456711524,11.353092623626585,0.9791666666666666,20.53954591259323,18.229651721973834,20.633271323851787,1.0,55.954102422270985,51.166201586594276,55.954102422270985,2.2355408044263645,,,,
rolling_origin,Z01_elastic_net,conformalized,zone,GEO_SE,ELIGIBLE_SUPPORT,distribution_free_conformal,54,0.4444444444444444,7.717740021360516,6.3927100974292514,17.751058848959193,0.7777777777777778,17.788635096046992,13.846770385148865,29.762493477657276,0.9629629629629629,48.38453169046755,39.263870079121375,68.79501895825449,3.393308036744293,,,,
rolling_origin,Z01_elastic_net,conformalized,zone,GEO_SW,ELIGIBLE_SUPPORT,distribution_free_conformal,280,0.3821428571428571,7.73850835859986,6.72850125412506,29.71696078482273,0.6785714285714286,17.784731671361754,17.598062894669873,52.66517847680435,0.9178571428571428,48.177759713792845,45.849756006660385,105.01434931579129,5.597422056471906,,,,
rolling_origin,Z01_elastic_net,conformalized,gap,gap,ELIGIBLE_SUPPORT,distribution_free_conformal,437,0.5354691075514875,8.720449172188834,8.13217537790596,19.636725147049447,0.8352402745995423,20.13273149633473,19.034944646523762,33.95845435984378,0.9633867276887872,54.86208669912493,50.52799959309209,78.05194136088217,3.737910539103132,,,,
rolling_origin,Z01_elastic_net,conformalized,gap,no_gap,ELIGIBLE_SUPPORT,distribution_free_conformal,158,0.37341772151898733,7.169347046988176,6.000674398132563,27.247423548236032,0.6518987341772152,16.316964551983126,13.898338400139098,47.744791144643095,0.9177215189873418,44.373903103201414,44.78916025102991,91.2094011341616,5.075636584535016,,,,
rolling_origin,Z02_huber,conformalized,overall,all,ELIGIBLE_SUPPORT,distribution_free_conformal,595,0.5428571428571428,8.9070959389638,8.314371037046808,21.941165606274254,0.8117647058823529,21.00476350489287,20.083640445810925,39.337545257530586,0.9478991596638655,55.81518142707758,59.662309877240176,85.24264743409444,4.202541313000035,,,,
rolling_origin,Z02_huber,conformalized,transition,accelerating,ELIGIBLE_SUPPORT,distribution_free_conformal,67,0.208955223880597,8.107952084714222,6.826793754730829,54.41038443870937,0.44776119402985076,19.441767046435604,16.34539492726421,101.0550320503316,0.7910447761194029,52.860585627523676,53.37377265879513,177.7647179615854,10.198487591446765,,,,
rolling_origin,Z02_huber,conformalized,transition,decelerating,ELIGIBLE_SUPPORT,distribution_free_conformal,54,0.5740740740740741,8.912510561664304,8.1489797743065,26.921426900776016,0.7962962962962963,20.76253646881654,20.098975442243336,50.383073443412805,0.9444444444444444,53.30314172760659,49.973913238765604,112.47872128819243,5.27001696302218,,,,
rolling_origin,Z02_huber,conformalized,transition,stable,ELIGIBLE_SUPPORT,distribution_free_conformal,413,0.5980629539951574,9.098472595339011,8.619264646098145,15.839503996533862,0.87409200968523,21.450854271046374,20.280128787709884,27.30514579708183,0.9782082324455206,57.02233734601971,61.41509067107301,66.84893589975589,3.059543116292237,,,,
rolling_origin,Z02_huber,conformalized,transition,volatile_or_gap,ELIGIBLE_SUPPORT,distribution_free_conformal,61,0.5081967213114754,8.48433675086431,7.437499518306282,23.180747133266586,0.8032786885245902,19.915673935111904,19.472152450489915,43.236739356055615,0.9180327868852459,53.1111268011506,57.937949491273216,84.04389579833456,4.410511304527798,,,,
rolling_origin,Z02_huber,conformalized,profile,P-D01,ELIGIBLE_SUPPORT,distribution_free_conformal,52,0.23076923076923078,7.666162738471835,6.969329315123021,38.1863078972926,0.5769230769230769,17.78520771527878,15.43100831278235,68.24501706652205,0.8269230769230769,46.45751442989505,49.49460719305454,135.45246814775842,7.2241461332356165,,,,
rolling_origin,Z02_huber,conformalized,profile,P-H01,ELIGIBLE_SUPPORT,distribution_free_conformal,47,0.48936170212765956,9.187122489195717,9.594042612296619,30.522249101323805,0.7872340425531915,22.11588144429481,21.397717635287655,54.78406222310337,0.9361702127659575,59.983421996120164,57.17533890487589,129.49100119924282,5.92603755027101,,,,
rolling_origin,Z02_huber,conformalized,profile,P-H02,ELIGIBLE_SUPPORT,distribution_free_conformal,51,0.39215686274509803,7.649999952057681,7.181019787296663,33.861668290804225,0.5686274509803921,18.47520479075798,16.369657774675893,59.75350841539924,0.9215686274509803,49.501972259530945,53.08143090718288,84.18803054464215,6.083076257099189,,,,
rolling_origin,Z02_huber,conformalized,profile,P-H03,ELIGIBLE_SUPPORT,distribution_free_conformal,49,0.46938775510204084,8.161269868187652,6.885552054213022,19.497457703570117,0.7755102040816326,19.110326473835368,15.479935556810503,33.39596821498639,0.9387755102040817,50.15861971110602,49.52643985839828,75.903181318369,3.75861080406577,,,,
rolling_origin,Z02_huber,conformalized,profile,P-H04,ELIGIBLE_SUPPORT,distribution_free_conformal,60,0.2833333333333333,7.294880461519215,5.91552916459964,41.25668043733214,0.48333333333333334,16.74041151377996,13.22189627084574,77.05573829132972,0.8166666666666667,42.587824883926515,29.11476211181548,152.24195464190817,7.8741619172248445,,,,
rolling_origin,Z02_huber,conformalized,profile,P-H05,ELIGIBLE_SUPPORT,distribution_free_conformal,34,0.6176470588235294,10.31737103189577,9.386072585606207,18.781376638904824,0.8529411764705882,24.11269428731247,21.86212047974524,27.926191171716983,1.0,63.46315582685317,73.04575693826484,63.46315582685317,3.374874545630723,,,,
rolling_origin,Z02_huber,conformalized,profile,P-H06,ELIGIBLE_SUPPORT,distribution_free_conformal,37,0.7297297297297297,10.401608251647614,9.68051495106695,13.063344944137953,1.0,24.59165988227269,24.07179309360085,24.59165988227269,1.0,66.05597705847228,66.9921179625984,66.05597705847228,2.64543090914263,,,,
rolling_origin,Z02_huber,conformalized,profile,P-H07,ELIGIBLE_SUPPORT,distribution_free_conformal,32,0.5625,9.371800700949642,8.449428136857286,13.640705844834821,0.96875,22.28458796775218,20.501014782737396,22.498339593108483,1.0,59.38289027769413,65.64246484186036,59.38289027769413,2.612170292804682,,,,
rolling_origin,Z02_huber,conformalized,profile,P-V01,ELIGIBLE_SUPPORT,distribution_free_conformal,37,0.6486486486486487,9.20566515113775,7.970338421160577,13.156464729989864,0.8918918918918919,21.680006284977047,20.24232011650532,22.37201374480929,1.0,57.7226440984832,66.1589491161434,57.7226440984832,2.535903017059295,,,,
rolling_origin,Z02_huber,conformalized,profile,P-V02,ELIGIBLE_SUPPORT,distribution_free_conformal,39,0.7692307692307693,9.507501515414512,8.370623113485472,11.74285194093639,1.0,22.503179115011225,21.29130921319411,22.503179115011225,1.0,60.39925129058471,64.26708325596458,60.39925129058471,2.4038782061315014,,,,
rolling_origin,Z02_huber,conformalized,profile,P-V03,ELIGIBLE_SUPPORT,distribution_free_conformal,42,0.5714285714285714,9.66435466569234,8.670059430506981,14.99667010832284,0.9285714285714286,22.75520243876481,19.797393999156338,24.535078806348288,1.0,60.156228020495895,62.02207020946844,60.156228020495895,2.8638155977995265,,,,
rolling_origin,Z02_huber,conformalized,profile,P-V04,ELIGIBLE_SUPPORT,distribution_free_conformal,37,0.6486486486486487,9.399651851770685,9.470643996030844,12.358698937402929,0.972972972972973,22.40447726265361,21.64067477542321,23.629114502702695,1.0,61.68675336513263,63.42406048930053,61.68675336513263,2.5837369467629943,,,,
rolling_origin,Z02_huber,conformalized,profile,P-V05,ELIGIBLE_SUPPORT,distribution_free_conformal,35,0.8,9.52298841692668,9.539461171562508,10.690203014503652,0.9714285714285714,22.60711487930085,21.797923861680488,23.022686483851622,1.0,61.149483867548625,60.26314134839086,61.149483867548625,2.2214951411384196,,,,
rolling_origin,Z02_huber,conformalized,profile,P-V06,ELIGIBLE_SUPPORT,distribution_free_conformal,43,0.7441860465116279,9.479006835286981,7.862012244720576,11.920367293675461,0.9767441860465116,22.13822529370487,19.99761922987392,22.78628132975496,0.9767441860465116,58.018510789506834,64.71045569309106,58.13544524355135,2.373198664925789,,,,
rolling_origin,Z02_huber,conformalized,zone,GEO_NE,ELIGIBLE_SUPPORT,distribution_free_conformal,213,0.6807511737089202,9.754033926891994,9.335095704991929,13.407466629516724,0.9577464788732394,23.020742889025986,21.562493575633077,24.073428051807213,0.9953051643192489,61.58278778696025,65.01742560027725,61.60639427298802,2.637486673129417,,,,
rolling_origin,Z02_huber,conformalized,zone,GEO_NW,ELIGIBLE_SUPPORT,distribution_free_conformal,48,0.7708333333333334,9.573046030805129,8.64953978385211,11.630174565670528,0.9791666666666666,22.563475710564457,19.76733483155698,22.740834738117215,1.0,59.91209766556233,62.278302568890965,59.91209766556233,2.395279278183807,,,,
rolling_origin,Z02_huber,conformalized,zone,GEO_SE,ELIGIBLE_SUPPORT,distribution_free_conformal,54,0.5185185185185185,8.269069388227704,6.8965400391110165,18.555610201815497,0.7962962962962963,19.40696232146675,15.528184875736272,32.369859456955645,0.9444444444444444,51.11383850383818,49.58161420852825,74.47464440672495,3.5926210211854235,,,,
rolling_origin,Z02_huber,conformalized,zone,GEO_SW,ELIGIBLE_SUPPORT,distribution_free_conformal,280,0.4035714285714286,8.271703217187584,7.580343236616346,30.85339933427106,0.675,19.512118752080085,19.498262455604987,55.13809562532333,0.9035714285714286,51.63203994047993,50.61159852583096,109.64214913296289,5.820544569148638,,,,
rolling_origin,Z02_huber,conformalized,gap,gap,ELIGIBLE_SUPPORT,distribution_free_conformal,437,0.6041189931350115,9.34425680300955,9.082726848628667,19.44434710855717,0.8695652173913043,22.130487145498993,20.59623742917132,35.242645131365784,0.9679633867276888,59.15885070153361,63.96837215149968,81.58554351611141,3.7758263672968497,,,,
rolling_origin,Z02_huber,conformalized,gap,no_gap,ELIGIBLE_SUPPORT,distribution_free_conformal,158,0.37341772151898733,7.697986460558776,6.387241482811463,28.84692309679555,0.6518987341772152,17.89121141030505,15.548816157748156,50.663313327999056,0.8924050632911392,46.56718476291759,49.68068470831828,95.35754877687029,5.382759232444918,,,,
rolling_origin,Z03_rbf_svr,conformalized,overall,all,ELIGIBLE_SUPPORT,distribution_free_conformal,595,0.5126050420168067,8.270792270593507,7.579404952730865,22.54217098042986,0.8050420168067227,19.662935294385786,18.320936763528177,41.81340955268987,0.9411764705882353,58.208157696300944,56.81513465907631,92.73570954231509,4.394375991335918,,,,
rolling_origin,Z03_rbf_svr,conformalized,transition,accelerating,ELIGIBLE_SUPPORT,distribution_free_conformal,67,0.208955223880597,7.136577168777041,6.586595759264853,61.52767118455065,0.417910447761194,17.617438807223746,13.963327719028314,121.46530202124423,0.7611940298507462,58.035646121539,60.27167664397028,222.09762232309,11.844904905001455,,,,
rolling_origin,Z03_rbf_svr,conformalized,transition,decelerating,ELIGIBLE_SUPPORT,distribution_free_conformal,54,0.46296296296296297,8.178134052295158,7.665508973444034,27.283380556195816,0.8148148148148148,19.753231690062304,18.461776926067593,52.97684537853753,0.9259259259259259,54.45087546239391,50.750032952988704,129.83588952259635,5.490085460162685,,,,
rolling_origin,Z03_rbf_svr,conformalized,transition,stable,ELIGIBLE_SUPPORT,distribution_free_conformal,413,0.5811138014527845,8.50070144677895,7.9832295589704145,15.211465357468043,0.8789346246973365,20.144022654420294,19.6983554254509,26.66786875275173,0.9782082324455206,59.373693748288545,57.183221872282104,68.83004543844986,2.9924232724984527,,,,
rolling_origin,Z03_rbf_svr,conformalized,transition,volatile_or_gap,ELIGIBLE_SUPPORT,distribution_free_conformal,61,0.4262295081967213,8.041996628711965,7.153850721181556,25.157377398721263,0.7213114754098361,18.572495615354217,18.028116200795242,46.98727873933802,0.9016393442622951,53.832504035139564,55.631932423064555,79.65999478246638,4.732945242936519,,,,
rolling_origin,Z03_rbf_svr,conformalized,profile,P-D01,ELIGIBLE_SUPPORT,distribution_free_conformal,52,0.3076923076923077,7.218370340850364,6.7059834244097924,45.22416502055695,0.5769230769230769,16.872910564987727,14.254865857263749,87.7443333670438,0.8076923076923077,48.70736047203949,45.97574140762773,188.99793404090195,8.88551078211023,,,,
rolling_origin,Z03_rbf_svr,conformalized,profile,P-H01,ELIGIBLE_SUPPORT,distribution_free_conformal,47,0.40425531914893614,8.77084598781449,7.484905847912934,31.50105585603431,0.8085106382978723,20.657824590366488,21.036239212266793,58.33204966719667,0.9148936170212766,61.160838348163274,64.63789607023017,134.3388611348815,6.204516612758739,,,,
rolling_origin,Z03_rbf_svr,conformalized,profile,P-H02,ELIGIBLE_SUPPORT,distribution_free_conformal,51,0.37254901960784315,7.202145698783677,6.8663282433508925,27.891924571884058,0.6274509803921569,17.001293267430597,14.68785146429311,50.008893286278045,0.9411764705882353,51.24645397258575,55.32803626279595,66.83671177318841,5.021480925333599,,,,
rolling_origin,Z03_rbf_svr,conformalized,profile,P-H03,ELIGIBLE_SUPPORT,distribution_free_conformal,49,0.4489795918367347,7.480410193731706,6.5838086986672835,23.863781509316606,0.7346938775510204,17.77850642332828,14.083510255861825,46.082380047255874,0.9387755102040817,52.98508428519387,51.192093004571056,101.04576762308663,4.740113287868569,,,,
rolling_origin,Z03_rbf_svr,conformalized,profile,P-H04,ELIGIBLE_SUPPORT,distribution_free_conformal,60,0.31666666666666665,6.812326056484482,6.1836987752175645,42.98612677609246,0.5166666666666667,15.80910907340067,13.489297963662425,82.60422457310067,0.8,45.47564807831545,35.2777749296188,152.1158908941714,8.196606786945159,,,,
rolling_origin,Z03_rbf_svr,conformalized,profile,P-H05,ELIGIBLE_SUPPORT,distribution_free_conformal,34,0.5588235294117647,9.85117666889078,9.643989153362652,16.064614277097764,0.9117647058823529,23.031890140181208,20.90446918202128,24.50693415020274,1.0,63.58317949804223,67.93409070460504,63.58317949804223,2.99379528417334,,,,
rolling_origin,Z03_rbf_svr,conformalized,profile,P-H06,ELIGIBLE_SUPPORT,distribution_free_conformal,37,0.6486486486486487,9.61266301810289,9.13186222064345,12.381633749776674,0.972972972972973,23.002234622832987,21.606984686516842,25.358193555252,0.972972972972973,68.86127726739853,57.11262000620847,69.80699732433769,2.7135373128834064,,,,
rolling_origin,Z03_rbf_svr,conformalized,profile,P-H07,ELIGIBLE_SUPPORT,distribution_free_conformal,32,0.5625,8.352343321130556,7.507794868920764,16.085801835400666,0.84375,20.452090613523865,18.215021124763858,28.636754064203565,0.96875,64.61619481848112,60.97555188501768,67.00532865717378,3.1097978216148126,,,,
rolling_origin,Z03_rbf_svr,conformalized,profile,P-V01,ELIGIBLE_SUPPORT,distribution_free_conformal,37,0.7027027027027027,8.549963912895523,7.297910483795391,11.92762401360121,0.918918918918919,20.356341363274264,18.425670825426828,21.02802914522704,1.0,59.61933366756482,57.201570830432445,59.61933366756482,2.3663116707461476,,,,
rolling_origin,Z03_rbf_svr,conformalized,profile,P-V02,ELIGIBLE_SUPPORT,distribution_free_conformal,39,0.7692307692307693,8.723970176317321,7.920226852804782,10.51472926244403,1.0,20.98452933635194,18.20262418396844,20.98452933635194,1.0,64.05954076637475,73.28815519628476,64.05954076637475,2.2378583521935163,,,,
rolling_origin,Z03_rbf_svr,conformalized,profile,P-V03,ELIGIBLE_SUPPORT,distribution_free_conformal,42,0.5714285714285714,8.851406126288378,8.609964654792373,15.057875889780988,0.9285714285714286,21.30665621408754,18.846987804393574,22.41546837026728,1.0,62.63413900239073,55.941130118411785,62.63413900239073,2.7986987712858786,,,,
rolling_origin,Z03_rbf_svr,conformalized,profile,P-V04,ELIGIBLE_SUPPORT,distribution_free_conformal,37,0.5405405405405406,8.591253650540285,9.020633107332939,11.95789867120605,0.918918918918919,20.78677180529839,21.290129851235854,21.852920236955253,1.0,64.57007407593377,58.91486708246895,64.57007407593377,2.481479254069657,,,,
rolling_origin,Z03_rbf_svr,conformalized,profile,P-V05,ELIGIBLE_SUPPORT,distribution_free_conformal,35,0.7142857142857143,8.860940159750898,9.408695347658629,10.950071630414623,1.0,21.29240061346092,22.08538700537168,21.29240061346092,1.0,62.265356870689594,54.43836226497305,62.265356870689594,2.2617713873767062,,,,
rolling_origin,Z03_rbf_svr,conformalized,profile,P-V06,ELIGIBLE_SUPPORT,distribution_free_conformal,43,0.5581395348837209,8.76074218661818,7.138128995742356,13.507428033968889,0.8604651162790697,20.81253069733494,18.02225657289534,23.962391700410066,0.9767441860465116,60.63882358425231,62.970417588313126,64.11513350374193,2.6926011726748453,,,,
rolling_origin,Z03_rbf_svr,conformalized,zone,GEO_NE,ELIGIBLE_SUPPORT,distribution_free_conformal,213,0.6009389671361502,9.016689488545145,9.166670654521457,13.438020443580905,0.9154929577464789,21.572924921857858,20.969153602240343,24.268336763949502,0.9859154929577465,63.98830906464231,61.105995703763924,65.21331024531351,2.7049307017881894,,,,
rolling_origin,Z03_rbf_svr,conformalized,zone,GEO_NW,ELIGIBLE_SUPPORT,distribution_free_conformal,48,0.7708333333333334,8.816584933665423,7.967933416767597,11.048791969956682,0.9791666666666666,21.116909163347,18.598630719770014,21.17182423213398,1.0,63.05427108543504,60.35160220371485,63.05427108543504,2.2899565170639558,,,,
rolling_origin,Z03_rbf_svr,conformalized,zone,GEO_SE,ELIGIBLE_SUPPORT,distribution_free_conformal,54,0.4444444444444444,7.566480885312264,6.594315160601283,22.826001772767793,0.7592592592592593,18.03761203858671,14.105984764337492,43.72075662326174,0.9444444444444444,54.07449149316303,51.26571512673598,97.68511155902867,4.529210065531656,,,,
rolling_origin,Z03_rbf_svr,conformalized,zone,GEO_SW,ELIGIBLE_SUPPORT,distribution_free_conformal,280,0.4142857142857143,7.745644626143634,7.085751328028236,31.383383102091614,0.7,18.274181435283865,16.9187150303506,58.33090904403808,0.8964285714285715,53.77755873499489,54.7009430473782,117.80611092549024,6.014315067879313,,,,
rolling_origin,Z03_rbf_svr,conformalized,gap,gap,ELIGIBLE_SUPPORT,distribution_free_conformal,437,0.540045766590389,8.69124090720651,8.769338610342352,20.09257736259718,0.8558352402745996,20.689531079116346,20.266014282637812,37.310759493393796,0.9679633867276888,61.60263931415521,58.96359765880537,91.29077110464964,3.9883075628140645,,,,
rolling_origin,Z03_rbf_svr,conformalized,gap,no_gap,ELIGIBLE_SUPPORT,distribution_free_conformal,158,0.43670886075949367,7.107905851606911,6.63731888000115,29.317312822156953,0.6645569620253164,16.82355328218798,14.037282759209454,54.2669416787176,0.8670886075949367,48.8196230950205,46.148589566421485,96.73215319585816,5.517489303133703,,,,
rolling_origin,Z04_gaussian_process,conformalized,overall,all,ELIGIBLE_SUPPORT,distribution_free_conformal,595,0.5411764705882353,8.905266097173325,8.402747760896858,23.51887663288235,0.8134453781512605,19.86909429789243,18.487229021005852,42.399649705004194,0.9411764705882353,61.09999232976768,50.15653049699472,95.9264665652495,4.514863529130348,,,,
rolling_origin,Z04_gaussian_process,conformalized,transition,accelerating,ELIGIBLE_SUPPORT,distribution_free_conformal,67,0.19402985074626866,8.09407791707864,6.716467707527592,67.88748553074717,0.373134328358209,18.823651139871398,17.63941114843005,133.1461059618053,0.746268656716418,64.92475356930902,67.1339578904189,237.779715850484,12.988924028552479,,,,
rolling_origin,Z04_gaussian_process,conformalized,transition,decelerating,ELIGIBLE_SUPPORT,distribution_free_conformal,54,0.5370370370370371,9.003434397516592,8.56847545759107,29.012919834575044,0.8148148148148148,19.547227865100965,17.49378319906708,55.85990483379962,0.9444444444444444,55.17458322414612,43.915638602234026,137.2380378927684,5.848074981189243,,,,
rolling_origin,Z04_gaussian_process,conformalized,transition,stable,ELIGIBLE_SUPPORT,distribution_free_conformal,413,0.612590799031477,9.126009150896866,8.848766489562848,15.577436075603153,0.8983050847457628,20.25159856435962,18.80076990531952,26.51103175858334,0.9733656174334141,61.95998162353213,49.98722574713532,72.42570168319892,3.0155648375770854,,,,
rolling_origin,Z04_gaussian_process,conformalized,transition,volatile_or_gap,ELIGIBLE_SUPPORT,distribution_free_conformal,61,0.4426229508196721,8.214801157173069,6.402529271135876,23.690021241209607,0.7213114754098361,18.712556870141594,16.110265708483766,38.38543438879411,0.9344262295081968,56.32191872861317,46.28133622958245,62.661275458530696,4.178058410098115,,,,
rolling_origin,Z04_gaussian_process,conformalized,profile,P-D01,ELIGIBLE_SUPPORT,distribution_free_conformal,52,0.34615384615384615,7.518281697726318,6.406460717440815,44.683026593920914,0.6346153846153846,16.955538994109276,13.909834025579418,87.50447045549329,0.8269230769230769,50.61806148587222,43.25812199098256,186.6278501644964,8.813078522547503,,,,
rolling_origin,Z04_gaussian_process,conformalized,profile,P-H01,ELIGIBLE_SUPPORT,distribution_free_conformal,47,0.40425531914893614,9.29361269882988,9.073893035011004,38.29878807561305,0.6808510638297872,20.57808752597522,22.096792992783318,70.65042408000552,0.9148936170212766,64.00941533775442,57.87883292409413,152.28045682284576,7.394074695871458,,,,
rolling_origin,Z04_gaussian_process,conformalized,profile,P-H02,ELIGIBLE_SUPPORT,distribution_free_conformal,51,0.35294117647058826,7.853075949480426,6.679679902647891,36.455282225887665,0.5686274509803921,17.29168045248162,17.54279559933805,63.35735773426246,0.8627450980392157,54.37711837567957,48.734101112134965,88.45727815233673,6.514728894328507,,,,
rolling_origin,Z04_gaussian_process,conformalized,profile,P-H03,ELIGIBLE_SUPPORT,distribution_free_conformal,49,0.5306122448979592,8.25280139723686,6.461772202591021,19.71168064210888,0.7959183673469388,18.22935988814516,16.970506163716436,36.3589868731645,0.9591836734693877,55.26308291543338,43.418195381669946,79.05300938246869,3.825683678338364,,,,
rolling_origin,Z04_gaussian_process,conformalized,profile,P-H04,ELIGIBLE_SUPPORT,distribution_free_conformal,60,0.25,7.123386983838852,5.495726016858439,40.470206306011015,0.6166666666666667,15.946991639921988,11.883186383364775,75.60918239181517,0.85,47.420816259062526,28.019690731707467,150.61077665444205,7.734520112292711,,,,
rolling_origin,Z04_gaussian_process,conformalized,profile,P-H05,ELIGIBLE_SUPPORT,distribution_free_conformal,34,0.6764705882352942,10.31908454377885,10.403058255553896,16.16887858960154,0.8823529411764706,22.456787029898837,19.24901402204818,25.087161962186087,1.0,63.334322678671185,61.22678622041502,63.334322678671185,2.955714565772106,,,,
rolling_origin,Z04_gaussian_process,conformalized,profile,P-H06,ELIGIBLE_SUPPORT,distribution_free_conformal,37,0.8378378378378378,10.404247463011849,10.623699687919903,11.80839340970315,1.0,23.329067887211256,20.155941018205098,23.329067887211256,1.0,72.67077406803664,47.24832171821849,72.67077406803664,2.4394089534285857,,,,
rolling_origin,Z04_gaussian_process,conformalized,profile,P-H07,ELIGIBLE_SUPPORT,distribution_free_conformal,32,0.375,9.268616089985699,9.064882823612564,17.918059470702662,0.8125,21.268813798781856,18.4252980602004,25.861441265670337,1.0,70.61051097213489,66.99064609697018,70.61051097213489,3.2956496246879174,,,,
rolling_origin,Z04_gaussian_process,conformalized,profile,P-V01,ELIGIBLE_SUPPORT,distribution_free_conformal,37,0.7297297297297297,9.192992179640669,8.550896307076087,12.17126292257306,0.972972972972973,20.52223148648238,18.82839934724042,20.558706327702048,1.0,62.25414326418624,48.91585506855756,62.25414326418624,2.366860826710548,,,,
rolling_origin,Z04_gaussian_process,conformalized,profile,P-V02,ELIGIBLE_SUPPORT,distribution_free_conformal,39,0.5897435897435898,9.558256932473444,8.980337657808803,15.49429745309475,0.9487179487179487,21.40477143913254,23.584996622596805,23.058331313059607,1.0,68.02396411237795,65.58701658228023,68.02396411237795,2.925841215598429,,,,
rolling_origin,Z04_gaussian_process,conformalized,profile,P-V03,ELIGIBLE_SUPPORT,distribution_free_conformal,42,0.6666666666666666,9.638967429758466,9.13842365311345,12.835804858088332,0.9523809523809523,21.577102149581737,19.524693430876887,22.420902113499608,1.0,65.80052783865109,53.60341840278337,65.80052783865109,2.543479418357325,,,,
rolling_origin,Z04_gaussian_process,conformalized,profile,P-V04,ELIGIBLE_SUPPORT,distribution_free_conformal,37,0.5675675675675675,9.437261977619523,10.244319248015714,14.258118452784878,0.9459459459459459,21.497347304878133,20.520653025590356,21.84349663228825,1.0,69.92837337979559,64.72667960454281,69.92837337979559,2.726218897094874,,,,
rolling_origin,Z04_gaussian_process,conformalized,profile,P-V05,ELIGIBLE_SUPPORT,distribution_free_conformal,35,0.8,9.384266937537467,10.026001241381508,11.04170627988042,0.9714285714285714,20.978263650515757,20.79864813830808,21.146820292547357,1.0,64.60503414571289,43.23815993634385,64.60503414571289,2.252445329597514,,,,
rolling_origin,Z04_gaussian_process,conformalized,profile,P-V06,ELIGIBLE_SUPPORT,distribution_free_conformal,43,0.7674418604651163,9.553636679644093,8.434679673210049,12.769964746990993,0.9069767441860465,21.02378599951386,21.21134936466703,25.905685244477375,0.9069767441860465,63.19378137856858,55.35650811018754,72.61964276942712,2.612433292280211,,,,
rolling_origin,Z04_gaussian_process,conformalized,zone,GEO_NE,ELIGIBLE_SUPPORT,distribution_free_conformal,213,0.6713615023474179,9.742409535617506,10.094962235356519,13.978619672835958,0.92018779342723,21.766428905727313,20.59128287192344,23.949647223834866,0.9812206572769953,67.2160283765514,61.25582895334716,69.11890180287496,2.712917724650298,,,,
rolling_origin,Z04_gaussian_process,conformalized,zone,GEO_NW,ELIGIBLE_SUPPORT,distribution_free_conformal,48,0.6875,9.604166874092668,8.954081510567319,12.83877881629112,1.0,21.412265710804206,19.497021719770164,21.412265710804206,1.0,66.2730226091973,61.755881728642365,66.2730226091973,2.535803441688175,,,,
rolling_origin,Z04_gaussian_process,conformalized,zone,GEO_SE,ELIGIBLE_SUPPORT,distribution_free_conformal,54,0.5740740740740741,8.335003631258685,6.513006622610398,18.732875538642556,0.8148148148148148,18.48076788946722,17.105062754922898,34.931725709206994,0.9629629629629629,56.63810353300223,43.51115269450572,78.2252590308676,3.664084383104842,,,,
rolling_origin,Z04_gaussian_process,conformalized,zone,GEO_SW,ELIGIBLE_SUPPORT,distribution_free_conformal,280,0.4107142857142857,8.258606752454222,7.202033834874253,33.530174799936674,0.7,18.428969750629456,16.682861958092396,61.47290990494603,0.8964285714285715,56.42113827136689,48.566522346893564,124.81661589072418,6.388975723547676,,,,
rolling_origin,Z04_gaussian_process,conformalized,gap,gap,ELIGIBLE_SUPPORT,distribution_free_conformal,437,0.5926773455377574,9.337668487136838,9.221233577442248,20.868953777786366,0.8558352402745996,20.87257635582986,19.24102973360009,37.447957296456885,0.9588100686498856,64.82219034679285,57.708820827264574,92.36957501145183,4.04886408973967,,,,
rolling_origin,Z04_gaussian_process,conformalized,gap,no_gap,ELIGIBLE_SUPPORT,distribution_free_conformal,158,0.3987341772151899,7.709317714805883,6.556455000551942,30.848093643495947,0.6962025316455697,17.093640757900936,15.748960380579256,56.09515339193567,0.8924050632911392,50.805052244704385,43.600236088797615,105.76419826784182,5.803735396305829,,,,
rolling_origin,Z04_gaussian_process,native,overall,all,ELIGIBLE_SUPPORT,normal,595,0.3445378151260504,5.833713420622646,5.115900248733773,22.455980295096285,0.5815126050420169,11.084237477239771,9.720370059039134,38.53572906795935,0.7630252100840336,16.951878360233632,14.866023142831658,88.64109930432298,4.276506292080586,5.134007405439103,5.140895655648675,0.0,VALID
rolling_origin,Z04_gaussian_process,native,transition,accelerating,ELIGIBLE_SUPPORT,normal,67,0.16417910447761194,9.830261920560579,6.47609235594922,65.01698267019306,0.3582089552238806,18.67780429627805,12.304777492860936,122.56915316862242,0.47761194029850745,28.565236635980238,18.81853323126947,336.54748904332484,13.187173552942253,15.144481764674346,9.644856305140731,0.0,VALID
rolling_origin,Z04_gaussian_process,native,transition,decelerating,ELIGIBLE_SUPPORT,normal,54,0.3333333333333333,6.518019605430136,5.791178782484771,29.25477977529925,0.5370370370370371,12.384440574761928,11.00342033794356,53.96845219535917,0.7592592592592593,18.94036740136552,16.828279211660302,140.9295646653624,5.837677235661204,6.779485147859164,8.412334308606567,0.0,VALID
rolling_origin,Z04_gaussian_process,native,transition,stable,ELIGIBLE_SUPPORT,normal,413,0.37530266343825663,5.043227967399396,4.810872911011259,14.65146721913583,0.6246973365617433,9.582290457549725,9.140808602280828,22.959459406490858,0.8111380145278451,14.654848615645244,13.979660383334636,42.30080758230341,2.6327728941918087,3.295206192367211,4.007322305287982,0.0,VALID
rolling_origin,Z04_gaussian_process,native,transition,volatile_or_gap,ELIGIBLE_SUPPORT,normal,61,0.3442622950819672,6.190257825635043,5.882993121745166,22.530432250985196,0.5737704918032787,11.76168296888286,11.177870446613696,38.033973437835925,0.7540983606557377,17.98794183267396,17.095077629519718,83.80889011063154,4.236243273998286,5.1318323372300325,4.972743900292493,0.0,VALID
rolling_origin,Z04_gaussian_process,native,profile,P-D01,ELIGIBLE_SUPPORT,normal,52,0.21153846153846154,8.018011191646302,6.167813649224836,43.014954436449294,0.5384615384615384,15.234471379618807,11.719038333575213,76.85478052584726,0.6538461538461539,23.29911337970265,17.922722491069617,189.02007050518975,8.406740944314596,9.93180234895854,6.057282785374302,0.0,VALID
rolling_origin,Z04_gaussian_process,native,profile,P-H01,ELIGIBLE_SUPPORT,normal,47,0.2127659574468085,7.139890607234206,5.354813528899115,37.346108750916194,0.48936170212765956,13.566014876961646,10.1743127440633,67.01660020621573,0.6808510638297872,20.747429356289945,15.560268569713639,174.35735105619779,7.379894735094487,8.656617665053037,9.783460996759564,0.0,VALID
rolling_origin,Z04_gaussian_process,native,profile,P-H02,ELIGIBLE_SUPPORT,normal,51,0.19607843137254902,6.565193058753672,5.1280566942545605,35.60739161304018,0.4117647058823529,12.474071607615059,9.7434676847393,63.80339639785962,0.5686274509803921,19.07744623690547,14.901347912991397,159.71492638491802,6.975892442603471,8.200346828286058,6.605873419955433,0.0,VALID
rolling_origin,Z04_gaussian_process,native,profile,P-H03,ELIGIBLE_SUPPORT,normal,49,0.30612244897959184,6.1253876236916005,5.533252108364433,18.12685149729601,0.6938775510204082,11.638427561615888,10.513351611297168,27.43115641788466,0.8367346938775511,17.79943895410238,16.07878377191328,57.08776040101327,3.300506090833339,4.134320690921897,3.5048565803740757,0.0,VALID
rolling_origin,Z04_gaussian_process,native,profile,P-H04,ELIGIBLE_SUPPORT,normal,60,0.26666666666666666,6.425592703871073,5.391493019047971,40.36634224922307,0.4166666666666667,12.208826578615923,10.244004919533698,80.42418682720105,0.65,18.671788971217794,15.666853554351514,239.04255087305194,8.49632833652324,9.525718029771742,11.773441346899766,0.0,VALID
rolling_origin,Z04_gaussian_process,native,profile,P-H05,ELIGIBLE_SUPPORT,normal,34,0.47058823529411764,5.243966593091088,4.765244798062848,15.489923617868712,0.6176470588235294,9.96370010824593,9.054113764346104,26.072631633435527,0.7352941176470589,15.238164339193906,13.847072070413027,48.72506206030679,2.831022196838571,3.4736382072898486,3.7178072315484685,0.0,VALID
rolling_origin,Z04_gaussian_process,native,profile,P-H06,ELIGIBLE_SUPPORT,normal,37,0.6216216216216216,5.877181825895647,5.600909982274764,9.591896742848974,0.7567567567567568,11.166828803220854,10.641903682260441,12.76065829249237,1.0,17.07819089319015,16.275387198572112,17.07819089319015,1.5820433232695583,2.079803695693919,2.7504572424718368,0.0,VALID
rolling_origin,Z04_gaussian_process,native,profile,P-H07,ELIGIBLE_SUPPORT,normal,32,0.21875,4.8205131588834895,4.241664790392173,17.936555560720706,0.40625,9.15912537395794,8.059295417109333,28.294238677807176,0.625,14.007673468227495,12.325628701167755,47.98467724179909,3.204866173390717,4.033831335887552,3.9394334365727257,0.0,VALID
rolling_origin,Z04_gaussian_process,native,profile,P-V01,ELIGIBLE_SUPPORT,normal,37,0.40540540540540543,4.650253819676124,4.4341288923643845,10.702708409827329,0.6486486486486487,8.835627318359087,8.42498321462132,14.70194007762693,0.8918918918918919,13.512925886398394,12.884899925189629,18.39258778354314,1.7813310723648272,2.3522919877474195,2.8806336176488685,0.0,VALID
rolling_origin,Z04_gaussian_process,native,profile,P-V02,ELIGIBLE_SUPPORT,normal,39,0.358974358974359,4.980761074845378,4.733785744609676,16.209344223210866,0.5128205128205128,9.46360141309199,8.994340581444888,25.88053235090991,0.6666666666666666,14.473329386336841,13.755656875833694,43.58478386113566,2.882984727036429,3.600347217278043,3.7253521039340707,0.0,VALID
rolling_origin,Z04_gaussian_process,native,profile,P-V03,ELIGIBLE_SUPPORT,normal,42,0.35714285714285715,4.429781810340323,4.248258262607772,11.430324563468563,0.6666666666666666,8.416723623171842,8.0718232199971,16.92608718193896,0.8333333333333334,12.87226797014136,12.344788322306378,25.995301130155553,2.001770208493497,2.5776334197410185,3.0829247725138367,0.0,VALID
rolling_origin,Z04_gaussian_process,native,profile,P-V04,ELIGIBLE_SUPPORT,normal,37,0.35135135135135137,5.429777373537027,5.297896954908547,13.938193823055762,0.5405405405405406,10.31674638731293,10.066169478013904,19.780035069863196,0.8108108108108109,15.778102029140188,15.394877716683638,22.48063104750627,2.3054986479571538,3.0221231257418495,3.221762082693997,0.0,VALID
rolling_origin,Z04_gaussian_process,native,profile,P-V05,ELIGIBLE_SUPPORT,normal,35,0.4857142857142857,5.062114856024085,4.853235737885463,8.890132359183168,0.8571428571428571,9.618176135098123,9.221299294816554,11.97750591797819,1.0,14.709731023381833,14.102760274671166,14.709731023381833,1.480386045114798,1.9626748148443953,2.6431922965529324,0.0,VALID
rolling_origin,Z04_gaussian_process,native,profile,P-V06,ELIGIBLE_SUPPORT,normal,43,0.5348837209302325,5.060486932669036,4.813350761359395,10.522252814254177,0.7209302325581395,9.615083029941758,9.145516595236856,15.80621458228407,0.8837209302325582,14.705000527263012,13.986860637215457,18.36015388472936,1.775758357559931,2.2957443858211204,2.8297992592621983,0.0,VALID
rolling_origin,Z04_gaussian_process,native,zone,GEO_NE,ELIGIBLE_SUPPORT,normal,213,0.45539906103286387,5.260379678701295,5.038603140621348,12.679740184228544,0.647887323943662,9.994885482898496,9.57350314240363,18.99927923448793,0.8450704225352113,15.285858253981829,14.64140957685025,27.63789492685848,2.1824086266540235,2.796243624104228,3.1699741590028774,0.0,VALID
rolling_origin,Z04_gaussian_process,native,zone,GEO_NW,ELIGIBLE_SUPPORT,normal,48,0.375,4.783650886670909,4.666943965871843,12.459194572686707,0.625,9.089085906864733,8.867339116766804,18.67265873578803,0.7708333333333334,13.900557346886933,13.561424896844152,26.1975582674521,2.1441624797035033,2.751995096639862,3.1768357381996766,0.0,VALID
rolling_origin,Z04_gaussian_process,native,zone,GEO_SE,ELIGIBLE_SUPPORT,normal,54,0.3148148148148148,6.025312142435219,5.447918032715073,17.079316659263682,0.7222222222222222,11.448281025453609,10.351214205634676,25.7787201728086,0.8518518518518519,17.508634921956595,15.830816008314002,53.159148827486845,3.1054149463708196,3.8953711707447103,3.410481592082499,0.0,VALID
rolling_origin,Z04_gaussian_process,native,zone,GEO_SW,ELIGIBLE_SUPPORT,normal,280,0.26071428571428573,6.4129161266264045,5.198420419287668,32.64356849018717,0.49642857142857144,12.184740686415296,9.87716095724272,59.26276360657285,0.6821428571428572,18.634952777873767,15.105814128887008,152.59466297546183,6.460914286360175,7.559602523011208,7.310622492276106,0.0,VALID
rolling_origin,Z04_gaussian_process,native,gap,gap,ELIGIBLE_SUPPORT,normal,437,0.3524027459954233,5.471719130296557,4.859162545084757,19.78490895084129,0.5812356979405034,10.396437033495827,9.232560413377257,33.338916657262665,0.7688787185354691,15.899978355167564,14.119982669304374,72.52816499806447,3.7123067980281355,4.50114217182743,4.5910763833950545,0.0,VALID
rolling_origin,Z04_gaussian_process,native,gap,no_gap,ELIGIBLE_SUPPORT,normal,158,0.3227848101265823,6.834925476777715,5.746284755125887,29.843690278890158,0.5822784810126582,12.986571615949284,10.918120285528154,52.90919124184828,0.7468354430379747,19.86124736158726,16.697824039111293,133.2066201387215,5.836982107909201,6.884400488276451,6.661598326375464,0.0,VALID
rolling_origin,Z05_gaussian_gee,conformalized,overall,all,ELIGIBLE_SUPPORT,distribution_free_conformal,595,0.5462184873949579,9.180072429063372,8.576051848469046,22.35051326963484,0.826890756302521,21.329365245479107,20.843009084124844,38.914817605279936,0.9529411764705882,54.592608200807334,57.17561416207627,84.3770403185243,4.216483060295743,,,,
rolling_origin,Z05_gaussian_gee,conformalized,transition,accelerating,ELIGIBLE_SUPPORT,distribution_free_conformal,67,0.22388059701492538,8.219866428497978,7.041162031718777,50.595728266494746,0.40298507462686567,18.84582486900614,16.299658803846327,91.1062106186023,0.8059701492537313,50.26644004968562,48.4929436026661,176.05933323433018,9.486257533273875,,,,
rolling_origin,Z05_gaussian_gee,conformalized,transition,decelerating,ELIGIBLE_SUPPORT,distribution_free_conformal,54,0.5,9.43836711055047,8.559226879989161,28.345151075272984,0.8333333333333334,21.325762531902367,19.604891307273043,52.15170708291585,0.9629629629629629,53.981942930401765,50.58323863356797,120.49514148099139,5.527461533665759,,,,
rolling_origin,Z05_gaussian_gee,conformalized,transition,stable,ELIGIBLE_SUPPORT,distribution_free_conformal,413,0.6004842615012107,9.351230547290978,8.676402275273482,16.786432734392065,0.9031476997578692,21.840119183945784,21.124659530510236,28.2253219377442,0.9806295399515739,55.690497833223915,58.0727934906032,65.46687576813238,3.1615087006905234,,,,
rolling_origin,Z05_gaussian_gee,conformalized,transition,volatile_or_gap,ELIGIBLE_SUPPORT,distribution_free_conformal,61,0.5737704918032787,8.847245976761352,8.477940239564603,23.691913511621628,0.7704918032786885,20.602322215480662,20.364261136394795,42.24508558900645,0.9180327868852459,52.4516372588239,57.1283612680682,79.73453000999386,4.41052704825377,,,,
rolling_origin,Z05_gaussian_gee,conformalized,profile,P-D01,ELIGIBLE_SUPPORT,distribution_free_conformal,52,0.4807692307692308,7.87852793466086,7.3253751213006595,30.243901770681035,0.6730769230769231,18.265958930641645,16.63997683384361,55.12588784022524,0.9230769230769231,46.62057378551583,44.58159535564498,82.46081679203962,5.535451535563092,,,,
rolling_origin,Z05_gaussian_gee,conformalized,profile,P-H01,ELIGIBLE_SUPPORT,distribution_free_conformal,47,0.40425531914893614,9.47430912590981,8.921341660814377,33.529104262402875,0.7446808510638298,22.423480447719214,21.696405094352144,58.43605890678037,0.8936170212765957,57.59410542988173,58.68905926644914,127.58997723412463,6.369422375492872,,,,
rolling_origin,Z05_gaussian_gee,conformalized,profile,P-H02,ELIGIBLE_SUPPORT,distribution_free_conformal,51,0.43137254901960786,7.989965619546493,6.176810951342958,31.465376120497094,0.6078431372549019,18.357385534972206,17.145409192344907,56.601006961512304,0.9019607843137255,46.568134873449715,48.22733539534929,107.56161855361216,5.870190833429965,,,,
rolling_origin,Z05_gaussian_gee,conformalized,profile,P-H03,ELIGIBLE_SUPPORT,distribution_free_conformal,49,0.5102040816326531,8.491253665091834,8.219279375555146,20.76557457377976,0.8367346938775511,19.273307684366564,16.439950171633782,36.935357492614166,0.9591836734693877,48.96984884737692,44.61026819670644,97.93356333022359,4.124607440969611,,,,
rolling_origin,Z05_gaussian_gee,conformalized,profile,P-H04,ELIGIBLE_SUPPORT,distribution_free_conformal,60,0.21666666666666667,7.474114711598633,5.8942870313128655,44.76333596835239,0.45,17.09771870952832,13.928847928055967,80.31817878715748,0.8166666666666667,42.74810897075884,27.667031897881138,158.6112047084756,8.374536417692406,,,,
rolling_origin,Z05_gaussian_gee,conformalized,profile,P-H05,ELIGIBLE_SUPPORT,distribution_free_conformal,34,0.6176470588235294,10.767830449323881,8.966177547212212,16.93678261308602,0.9705882352941176,25.252301532903083,22.679899233203514,25.95209897490451,1.0,63.404466226374915,65.87409033373228,63.404466226374915,3.072166041440936,,,,
rolling_origin,Z05_gaussian_gee,conformalized,profile,P-H06,ELIGIBLE_SUPPORT,distribution_free_conformal,37,0.7567567567567568,10.691386277896278,9.247447748573176,12.145283688002433,1.0,24.98117576241826,22.768788537162127,24.98117576241826,1.0,64.55739136708966,72.92554650633704,64.55739136708966,2.5874196954337956,,,,
rolling_origin,Z05_gaussian_gee,conformalized,profile,P-H07,ELIGIBLE_SUPPORT,distribution_free_conformal,32,0.4375,9.51093999180505,8.532715290390815,17.718035738298617,0.90625,22.032842046065184,20.932299047252158,23.68607062254287,1.0,56.55313099724535,59.12655886554105,56.55313099724535,3.109024570003731,,,,
rolling_origin,Z05_gaussian_gee,conformalized,profile,P-V01,ELIGIBLE_SUPPORT,distribution_free_conformal,37,0.7027027027027027,9.556764513498877,8.703859154413522,12.657319593227776,0.972972972972973,22.163321963773953,21.18927696438103,22.254661823121843,1.0,56.89975599966814,59.591775062405254,56.89975599966814,2.405300351017427,,,,
rolling_origin,Z05_gaussian_gee,conformalized,profile,P-V02,ELIGIBLE_SUPPORT,distribution_free_conformal,39,0.6666666666666666,9.680174303998315,8.586118360116842,15.00179521304083,0.9487179487179487,22.668761266673435,20.768920543780954,23.25931580094562,1.0,58.41954490139056,57.887702577969264,58.41954490139056,2.7993395560688685,,,,
rolling_origin,Z05_gaussian_gee,conformalized,profile,P-V03,ELIGIBLE_SUPPORT,distribution_free_conformal,42,0.6666666666666666,10.056689061302311,9.380402593028084,15.093646501492463,0.9761904761904762,23.123571938565927,20.631412018631213,23.303682300279167,1.0,59.31439476129702,58.31432723732871,59.31439476129702,2.816325587497615,,,,
rolling_origin,Z05_gaussian_gee,conformalized,profile,P-V04,ELIGIBLE_SUPPORT,distribution_free_conformal,37,0.5135135135135135,9.603787751629051,9.626725842800607,16.727304851552415,0.972972972972973,22.509707425634097,22.29197177861759,22.690266160421245,1.0,60.123802766952494,67.10641624001701,60.123802766952494,2.9971919019909388,,,,
rolling_origin,Z05_gaussian_gee,conformalized,profile,P-V05,ELIGIBLE_SUPPORT,distribution_free_conformal,35,0.7714285714285715,9.654197624120206,8.671906458729637,11.06179491011001,1.0,23.304215951888292,24.739017927116834,23.304215951888292,1.0,59.69777702619258,67.59403609222825,59.69777702619258,2.2960052698803928,,,,
rolling_origin,Z05_gaussian_gee,conformalized,profile,P-V06,ELIGIBLE_SUPPORT,distribution_free_conformal,43,0.7441860465116279,9.822740895553117,7.545760281620623,12.938529466374765,0.9069767441860465,22.534952485771377,20.777298202336286,25.50218475797932,0.9767441860465116,57.42067096546141,58.28706428027999,59.89888206527901,2.5640495733875923,,,,
rolling_origin,Z05_gaussian_gee,conformalized,zone,GEO_NE,ELIGIBLE_SUPPORT,distribution_free_conformal,213,0.647887323943662,10.025070818417772,8.8413833222749,14.57789888713918,0.9577464788732394,23.445578926883446,22.274467944484442,24.43603943565058,0.9953051643192489,60.335289780876934,60.9886086293656,60.8355859183988,2.7724852179702952,,,,
rolling_origin,Z05_gaussian_gee,conformalized,zone,GEO_NW,ELIGIBLE_SUPPORT,distribution_free_conformal,48,0.7291666666666666,9.850085514394408,8.654305609993447,13.576351981191538,1.0,22.863452567286924,20.805964813952897,22.863452567286924,1.0,58.438191867982255,57.354855539562394,58.438191867982255,2.6024215300468145,,,,
rolling_origin,Z05_gaussian_gee,conformalized,zone,GEO_SE,ELIGIBLE_SUPPORT,distribution_free_conformal,54,0.5185185185185185,8.56266434679104,8.265778103630069,19.76025571289886,0.8518518518518519,19.55418807153287,16.46618509408986,35.580862897535326,0.9629629629629629,49.727280448044844,44.65996574338887,94.15731766396127,3.9398850006508273,,,,
rolling_origin,Z05_gaussian_gee,conformalized,zone,GEO_SW,ELIGIBLE_SUPPORT,distribution_free_conformal,280,0.44285714285714284,8.541482255543118,8.270555250013029,30.266943674565546,0.6928571428571428,19.798900466219095,18.525985609621223,53.32367055589753,0.9107142857142857,50.503138579628605,49.71313299647393,104.8458243763784,5.64499302132465,,,,
rolling_origin,Z05_gaussian_gee,conformalized,gap,gap,ELIGIBLE_SUPPORT,distribution_free_conformal,437,0.5812356979405034,9.59765762383313,8.72293138475194,20.302985969204755,0.88558352402746,22.458567277890708,21.286624895031892,35.17900676370931,0.9702517162471396,57.51388293549517,59.00007056179778,79.04408617645485,3.8468442395726217,,,,
rolling_origin,Z05_gaussian_gee,conformalized,gap,no_gap,ELIGIBLE_SUPPORT,distribution_free_conformal,158,0.44936708860759494,8.0251057827698,6.964059887546688,28.013610929685132,0.6645569620253164,18.20619253558119,16.183146026077964,49.247408350636654,0.9050632911392406,46.51287997891759,45.88031139271483,99.12704639500753,5.238838532802096,,,,
rolling_origin,Z05_gaussian_gee,native,overall,all,ELIGIBLE_SUPPORT,normal_marginal,595,0.5394957983193277,9.516445539007805,9.341818210589931,21.439405147129712,0.8067226890756303,18.081543382075008,17.74974601072023,34.89346207017529,0.9277310924369748,27.653334260260948,27.14589397029956,70.60697961593154,3.9381504598095805,4.845210380204747,4.004349097207904,0.0,VALID
rolling_origin,Z05_gaussian_gee,native,transition,accelerating,ELIGIBLE_SUPPORT,normal_marginal,67,0.26865671641791045,10.214707303238251,11.119793984305431,48.89297253663129,0.373134328358209,19.408262515833993,21.127955443321802,85.80621908638263,0.7014925373134329,29.68237607931782,32.31241945249417,202.03774637432633,9.398763888363037,11.186499979621715,6.25524456341791,0.0,VALID
rolling_origin,Z05_gaussian_gee,native,transition,decelerating,ELIGIBLE_SUPPORT,normal_marginal,54,0.46296296296296297,9.22450839317501,9.325739345570426,27.60896960180849,0.7777777777777778,17.5268536982453,17.719195665615743,48.66601748564326,0.9259259259259259,26.805009594963433,27.099171249396313,125.96345731393248,5.414345410160085,6.371217138631895,5.464483604368102,0.0,VALID
rolling_origin,Z05_gaussian_gee,native,transition,stable,ELIGIBLE_SUPPORT,normal_marginal,413,0.5956416464891041,9.499196898244751,9.341818210589928,16.015426403859333,0.8813559322033898,18.048770426567557,17.74974601072023,24.424633154701418,0.9636803874092009,27.603212350079176,27.145893970299557,40.52792398781047,2.819710341991806,3.5770809761745497,3.444071598387232,0.0,VALID
rolling_origin,Z05_gaussian_gee,native,transition,volatile_or_gap,ELIGIBLE_SUPPORT,normal_marginal,61,0.5245901639344263,9.124720232559799,9.29311853333742,22.54690884092328,0.8032786885245902,17.337253080263988,17.657215104792712,37.65991501393841,0.9344262295081968,26.51504047262695,27.00438016160804,80.89450102428407,4.2060216340183025,5.115155884277996,4.032830201965559,0.0,VALID
rolling_origin,Z05_gaussian_gee,native,profile,P-D01,ELIGIBLE_SUPPORT,normal_marginal,52,0.4807692307692308,9.418105995328801,9.341818210589928,30.237943082922097,0.6538461538461539,17.894695181460943,17.74974601072023,51.9647164252309,0.8461538461538461,27.36757459703268,27.14589397029956,106.49422494836814,5.616373932839963,6.790060410517925,4.960822388201828,0.0,VALID
rolling_origin,Z05_gaussian_gee,native,profile,P-H01,ELIGIBLE_SUPPORT,normal_marginal,47,0.3617021276595745,9.641128876079824,9.642260915087984,32.73922190128183,0.723404255319149,18.31844561190952,18.320596521338075,57.98073157379806,0.8297872340425532,28.015644955215734,28.01893448731678,148.65541624130128,6.4504602759502765,7.631376036036211,6.0036685364019045,0.0,VALID
rolling_origin,Z05_gaussian_gee,native,profile,P-H02,ELIGIBLE_SUPPORT,normal_marginal,51,0.47058823529411764,10.180900568976723,11.045544765941798,30.0419961340857,0.6470588235294118,19.34402866616287,20.98687961228549,49.079825317419115,0.8235294117647058,29.584138883618035,32.0966625876483,96.59525626223599,5.475298771059517,6.725420185119723,4.137978984812341,0.0,VALID
rolling_origin,Z05_gaussian_gee,native,profile,P-H03,ELIGIBLE_SUPPORT,normal_marginal,49,0.5918367346938775,9.932141992628868,9.642260915087988,21.122227567648693,0.7755102040816326,18.87137961127573,18.320596521338075,34.59927226641855,0.9591836734693877,28.86128453283581,28.018934487316773,70.96666316604919,3.890716647181985,4.772267089555509,3.8282013338528507,0.0,VALID
rolling_origin,Z05_gaussian_gee,native,profile,P-H04,ELIGIBLE_SUPPORT,normal_marginal,60,0.23333333333333334,9.171699646960633,9.325739345570426,42.426630442457785,0.5833333333333334,17.42651543311109,17.719195665615743,76.02757633993522,0.7666666666666667,26.651555460754857,27.09917124939631,197.51686018165057,8.362937777873405,9.796913163282879,6.520117843957026,0.0,VALID
rolling_origin,Z05_gaussian_gee,native,profile,P-H05,ELIGIBLE_SUPPORT,normal_marginal,34,0.5588235294117647,9.076148405936049,9.325739345570426,15.866677206329632,0.8529411764705882,17.24496509451931,17.719195665615743,21.895413398662942,0.9705882352941176,26.37389817829527,27.099171249396313,26.625190609028405,2.6171155272275315,3.436527327526354,3.2098078910302577,0.0,VALID
rolling_origin,Z05_gaussian_gee,native,profile,P-H06,ELIGIBLE_SUPPORT,normal_marginal,37,0.6756756756756757,9.343857928041679,9.325739345570424,12.145297202056492,0.9459459459459459,17.75362153750593,17.719195665615747,18.78724548480403,1.0,27.151821077038996,27.099171249396313,27.151821077038996,2.1432685792911736,2.7325780765527052,3.0804379745220687,0.0,VALID
rolling_origin,Z05_gaussian_gee,native,profile,P-H07,ELIGIBLE_SUPPORT,normal_marginal,32,0.5,9.772716743030244,9.642260915087988,16.50237939285345,0.78125,18.568466663894306,18.320596521338075,22.255736321896933,1.0,28.398019157270394,28.018934487316777,28.398019157270394,2.7802173378822284,3.7028541703875337,3.3143092179610623,0.0,VALID
rolling_origin,Z05_gaussian_gee,native,profile,P-V01,ELIGIBLE_SUPPORT,normal_marginal,37,0.7567567567567568,9.392345891250732,9.325739345570426,11.724395342539182,0.972972972972973,17.84575018014663,17.719195665615743,18.23537157467714,1.0,27.29271967712272,27.099171249396317,27.29271967712272,2.0123472094230688,2.5162401991149848,3.0271411468716902,0.0,VALID
rolling_origin,Z05_gaussian_gee,native,profile,P-V02,ELIGIBLE_SUPPORT,normal_marginal,39,0.6153846153846154,9.534584478795844,9.642260915087988,13.53912971387797,0.9230769230769231,18.11600793350211,18.320596521338075,18.96134848705106,1.0,27.706043243150553,28.018934487316777,27.706043243150553,2.3526822281728195,3.097960681998177,3.136363576745922,0.0,VALID
rolling_origin,Z05_gaussian_gee,native,profile,P-V03,ELIGIBLE_SUPPORT,normal_marginal,42,0.5952380952380952,9.440524987980687,9.484000130329205,14.615868117300076,0.8095238095238095,17.9372919668422,18.01989609347691,20.37400511083526,1.0,27.432720758489683,27.559052868356545,27.432720758489683,2.470767254622566,3.239480777207646,3.2034912187864766,0.0,VALID
rolling_origin,Z05_gaussian_gee,native,profile,P-V04,ELIGIBLE_SUPPORT,normal_marginal,37,0.43243243243243246,9.590950186986356,9.642260915087986,15.577051814508724,0.9459459459459459,18.22310453734758,18.320596521338075,19.809076319531197,0.972972972972973,27.869833364474683,28.018934487316777,28.723107761039625,2.6084205824201527,3.4721768867214493,3.2337072021184294,0.0,VALID
rolling_origin,Z05_gaussian_gee,native,profile,P-V05,ELIGIBLE_SUPPORT,normal_marginal,35,0.8,9.34415657342038,9.325739345570426,10.563764460517035,0.9714285714285714,17.754188973041458,17.71919566561575,17.97432422306831,1.0,27.15268889480232,27.099171249396317,27.15268889480232,1.875684130290393,2.3093074139431464,2.983435289031128,0.0,VALID
rolling_origin,Z05_gaussian_gee,native,profile,P-V06,ELIGIBLE_SUPPORT,normal_marginal,43,0.7209302325581395,9.264899005894902,9.325739345570426,11.486135579303218,0.9767441860465116,17.603597122366185,17.719195665615747,18.385066388340157,1.0,26.92237853381162,27.099171249396313,26.92237853381162,2.021414459953739,2.576175633245026,3.035410701900745,0.0,VALID
rolling_origin,Z05_gaussian_gee,native,zone,GEO_NE,ELIGIBLE_SUPPORT,normal_marginal,213,0.6103286384976526,9.382002283088022,9.325739345570426,13.652263532240797,0.9154929577464789,17.826097001976837,17.71919566561575,19.77135909388112,0.9906103286384976,27.262662734873842,27.099171249396317,27.450996515708717,2.334630472836354,3.028601764077611,3.1398341886094396,0.0,VALID
rolling_origin,Z05_gaussian_gee,native,zone,GEO_NW,ELIGIBLE_SUPPORT,normal_marginal,48,0.6666666666666666,9.44052498798069,9.484000130329205,12.352564363920356,0.9375,17.937291966842196,18.019896093476913,18.712401184163145,1.0,27.432720758489683,27.559052868356545,27.432720758489683,2.1749390099418178,2.8111849158735356,3.0882103647536994,0.0,VALID
rolling_origin,Z05_gaussian_gee,native,zone,GEO_SE,ELIGIBLE_SUPPORT,normal_marginal,54,0.6296296296296297,9.919416490723897,9.642260915087988,20.07338303101967,0.7962962962962963,18.847200760694363,18.320596521338075,33.11880705887952,0.9629629629629629,28.824306171916778,28.018934487316777,67.0310386353882,3.698147649208054,4.541841103456959,3.751015060894104,0.0,VALID
rolling_origin,Z05_gaussian_gee,native,zone,GEO_SW,ELIGIBLE_SUPPORT,normal_marginal,280,0.44642857142857145,9.554017569606183,9.341818210589933,29.18438627511304,0.7035714285714286,18.152931412241575,17.74974601072023,49.513212881208204,0.8607142857142858,27.762512830843303,27.145893970299564,111.52729975326731,5.506522097636124,6.6343275175881695,4.867907570958691,0.0,VALID
rolling_origin,Z05_gaussian_gee,native,gap,gap,ELIGIBLE_SUPPORT,normal_marginal,437,0.5697940503432495,9.515812636496475,9.642260915087974,19.430383090598376,0.8398169336384439,18.08034084756059,18.32059652133807,31.31414803874294,0.9450800915331807,27.6514951424277,28.018934487316773,61.74343555263427,3.550514851645836,4.390053106835373,3.836066416502305,0.0,VALID
rolling_origin,Z05_gaussian_gee,native,gap,no_gap,ELIGIBLE_SUPPORT,normal_marginal,158,0.45569620253164556,9.518196035194203,9.325739345570426,26.996004126270197,0.7151898734177216,18.084869379434494,17.71919566561575,44.793210372301495,0.879746835443038,27.658420934268104,27.09917124939632,95.12197174036773,5.010281857072598,6.104094737561811,4.4697891697923815,0.0,VALID
rolling_origin,Z06_hist_gradient_boosting,conformalized,overall,all,ELIGIBLE_SUPPORT,distribution_free_conformal,595,0.4722689075630252,7.2133117710386685,6.434453819601885,21.83055093928116,0.7899159663865546,18.982099094055734,20.105850200532586,38.728960416792916,0.9411764705882353,54.813391811567946,46.67285978555559,86.65164748525113,4.165703504607858,,,,
rolling_origin,Z06_hist_gradient_boosting,conformalized,transition,accelerating,ELIGIBLE_SUPPORT,distribution_free_conformal,67,0.13432835820895522,6.325341844452135,5.600978647861638,55.53374151606852,0.2835820895522388,17.2709279156108,16.425646653744295,98.04323842085762,0.8059701492537313,55.45974811222483,52.66335882998403,170.09294248104413,10.143037966828663,,,,
rolling_origin,Z06_hist_gradient_boosting,conformalized,transition,decelerating,ELIGIBLE_SUPPORT,distribution_free_conformal,54,0.48148148148148145,7.281349416844986,6.4785693452813895,27.367793444324032,0.8333333333333334,18.527530608422005,17.578444509611636,52.41489447321911,0.9259259259259259,52.70657739693308,42.37494024574252,132.10703542678604,5.520192868358914,,,,
rolling_origin,Z06_hist_gradient_boosting,conformalized,transition,stable,ELIGIBLE_SUPPORT,distribution_free_conformal,413,0.5351089588377724,7.3945657704321555,6.886580493107189,15.416443612115307,0.87409200968523,19.45506716650872,20.378887471321953,26.945357828093496,0.9685230024213075,55.63097531904523,46.46738849878314,66.48072645262421,2.9796451572852547,,,,
rolling_origin,Z06_hist_gradient_boosting,conformalized,transition,volatile_or_gap,ELIGIBLE_SUPPORT,distribution_free_conformal,61,0.4098360655737705,6.9012142375672925,6.013307201702389,23.33713228686194,0.7377049180327869,18.06176062285819,14.969757319609272,41.2458588399652,0.9180327868852459,50.43306587153758,45.189440603493935,91.33087163138052,4.431576665802685,,,,
rolling_origin,Z06_hist_gradient_boosting,conformalized,profile,P-D01,ELIGIBLE_SUPPORT,distribution_free_conformal,52,0.3076923076923077,6.189499442412106,5.605131386721014,37.10525568064599,0.5961538461538461,16.32330864388409,13.618781057198815,67.4204633578066,0.9038461538461539,46.11941268694898,42.23755175592166,129.24299788498888,6.956211027971258,,,,
rolling_origin,Z06_hist_gradient_boosting,conformalized,profile,P-H01,ELIGIBLE_SUPPORT,distribution_free_conformal,47,0.3191489361702128,7.566137489593931,7.603180116400658,37.261871936782164,0.6170212765957447,19.96091444375578,20.683983909366106,67.39653238825818,0.8723404255319149,55.47008896539738,56.51332255508859,131.26332727223186,7.024064681352111,,,,
rolling_origin,Z06_hist_gradient_boosting,conformalized,profile,P-H02,ELIGIBLE_SUPPORT,distribution_free_conformal,51,0.43137254901960786,6.3081852537641705,5.925625389738787,29.31211666487742,0.6274509803921569,16.45635440840505,16.335679202036943,51.32605237949407,0.8823529411764706,46.01226530666715,45.189440603493935,86.7928493977213,5.338186180699915,,,,
rolling_origin,Z06_hist_gradient_boosting,conformalized,profile,P-H03,ELIGIBLE_SUPPORT,distribution_free_conformal,49,0.3877551020408163,6.600967988093574,5.703126339868035,19.891014389786115,0.7346938775510204,17.218263676194127,15.802768892611539,33.72527618493304,0.9387755102040817,49.204806990042385,42.14308646594977,69.89265469462254,3.7298524195765403,,,,
rolling_origin,Z06_hist_gradient_boosting,conformalized,profile,P-H04,ELIGIBLE_SUPPORT,distribution_free_conformal,60,0.18333333333333332,5.8834414175097685,5.159393833447039,41.17879339876769,0.5333333333333333,15.253515737826483,12.762481804144471,74.18220013316744,0.8,43.199260979801544,25.587458168843817,173.31026932796763,7.93023077592697,,,,
rolling_origin,Z06_hist_gradient_boosting,conformalized,profile,P-H05,ELIGIBLE_SUPPORT,distribution_free_conformal,34,0.5294117647058824,8.528094807713575,8.203367456638262,15.552734120081436,0.9117647058823529,21.99594420787814,21.536288421094305,24.774819522504245,1.0,59.32829216996721,59.78228903170171,59.32829216996721,2.9163104905779154,,,,
rolling_origin,Z06_hist_gradient_boosting,conformalized,profile,P-H06,ELIGIBLE_SUPPORT,distribution_free_conformal,37,0.8378378378378378,8.388416655939814,7.4554365415076855,8.825758430018455,1.0,22.291218709211147,21.524158296203968,22.291218709211147,1.0,65.25855111973672,46.133612420106864,65.25855111973672,2.0655888690746504,,,,
rolling_origin,Z06_hist_gradient_boosting,conformalized,profile,P-H07,ELIGIBLE_SUPPORT,distribution_free_conformal,32,0.25,7.385853112050438,6.129515191913588,18.39311134987286,0.84375,19.84764061779594,20.614693968978813,24.32409032552995,1.0,62.62622474814519,65.15782513734939,62.62622474814519,3.2876255572595223,,,,
rolling_origin,Z06_hist_gradient_boosting,conformalized,profile,P-V01,ELIGIBLE_SUPPORT,distribution_free_conformal,37,0.5675675675675675,7.4597272483325545,6.024308871849932,13.52781339846685,0.918918918918919,19.674253567474295,20.790421241829335,21.040968103936066,1.0,56.45901712955307,47.761804374541555,56.45901712955307,2.5056187856204604,,,,
rolling_origin,Z06_hist_gradient_boosting,conformalized,profile,P-V02,ELIGIBLE_SUPPORT,distribution_free_conformal,39,0.5128205128205128,7.632611357877961,6.614575029920152,13.853589404669329,0.8974358974358975,20.406342620832657,21.962117532875073,23.506791815139376,1.0,60.57487345258546,63.79259802275483,60.57487345258546,2.6926329361402996,,,,
rolling_origin,Z06_hist_gradient_boosting,conformalized,profile,P-V03,ELIGIBLE_SUPPORT,distribution_free_conformal,42,0.6190476190476191,7.787656239937792,7.386279883913278,11.910142062294243,0.9523809523809523,20.47617675420286,20.21095254350749,22.354017874244093,1.0,60.111377067316276,52.2185412730872,60.111377067316276,2.4018615294964025,,,,
rolling_origin,Z06_hist_gradient_boosting,conformalized,profile,P-V04,ELIGIBLE_SUPPORT,distribution_free_conformal,37,0.6756756756756757,7.503919536137622,7.364626849484514,9.015532431034785,1.0,20.31791452389738,21.367012256213222,20.31791452389738,1.0,61.498935886839874,62.955799310984474,61.498935886839874,2.034912287151239,,,,
rolling_origin,Z06_hist_gradient_boosting,conformalized,profile,P-V05,ELIGIBLE_SUPPORT,distribution_free_conformal,35,0.7142857142857143,7.722657790025218,8.264038490011721,10.326403352852559,0.9714285714285714,20.05058761360918,20.948769546132482,20.40648366486131,1.0,60.22087009586907,41.49975386264005,60.22087009586907,2.14755830111103,,,,
rolling_origin,Z06_hist_gradient_boosting,conformalized,profile,P-V06,ELIGIBLE_SUPPORT,distribution_free_conformal,43,0.5581395348837209,7.695614146836369,5.892411798273514,16.0028330671247,0.813953488372093,20.0954587574117,20.627668289745664,25.662838495352496,0.9302325581395349,57.302502819949865,54.05050586381306,60.99735556562536,2.9319776694321207,,,,
rolling_origin,Z06_hist_gradient_boosting,conformalized,zone,GEO_NE,ELIGIBLE_SUPPORT,distribution_free_conformal,213,0.6056338028169014,7.880749218816507,7.896116398675801,12.971270350725872,0.92018779342723,20.78488716189176,21.075789656403757,23.083393461751168,0.9859154929577465,60.879540294262476,59.81064657194838,61.625449533999785,2.5577201771873117,,,,
rolling_origin,Z06_hist_gradient_boosting,conformalized,zone,GEO_NW,ELIGIBLE_SUPPORT,distribution_free_conformal,48,0.6458333333333334,7.719239385117146,6.786609001810278,10.53099693775231,0.9791666666666666,20.46420921298412,20.14814959810778,21.826624597088227,1.0,59.656840304511455,58.266110265427514,59.656840304511455,2.2382176112022965,,,,
rolling_origin,Z06_hist_gradient_boosting,conformalized,zone,GEO_SE,ELIGIBLE_SUPPORT,distribution_free_conformal,54,0.3888888888888889,6.6735414986714146,5.703893011386214,19.237506384607045,0.7592592592592593,17.4428477807025,15.928066670609454,32.42143320529891,0.9444444444444444,50.49369776685738,42.359231746011915,69.26600401730973,3.6163901562061493,,,,
rolling_origin,Z06_hist_gradient_boosting,conformalized,zone,GEO_SW,ELIGIBLE_SUPPORT,distribution_free_conformal,280,0.35714285714285715,6.722950674093616,5.926286882482302,31.007085808524238,0.6642857142857143,17.65347204678231,16.45629383294898,54.74476166747289,0.8964285714285715,50.2015643970649,42.66215768747331,113.67006054082569,5.825284549028343,,,,
rolling_origin,Z06_hist_gradient_boosting,conformalized,gap,gap,ELIGIBLE_SUPPORT,distribution_free_conformal,437,0.528604118993135,7.569346870353913,7.186415672249325,18.681726510529906,0.8443935926773455,19.971938441995782,20.54857132897748,33.52771528394897,0.9610983981693364,57.975292094714405,54.28718423564085,80.10744533220011,3.6207109398274153,,,,
rolling_origin,Z06_hist_gradient_boosting,conformalized,gap,no_gap,ELIGIBLE_SUPPORT,distribution_free_conformal,158,0.31645569620253167,6.228581781160429,5.226077173065388,30.539641289688106,0.6392405063291139,16.244378872221553,15.713304611672742,53.11468271459547,0.8860759493670886,46.06813596514383,42.57159450322137,104.75175090856315,5.673056357829715,,,,
rolling_origin,Z07_quantile_hist_gradient_boosting,conformalized,overall,all,ELIGIBLE_SUPPORT,distribution_free_conformal,595,0.5310924369747899,7.711306248983378,6.906396718047731,23.705082590002405,0.8184873949579832,19.87210637945125,18.424512861682388,44.67162065794012,0.934453781512605,57.63614334049811,51.30069583564679,98.3965111523099,4.609932377323439,,,,
rolling_origin,Z07_quantile_hist_gradient_boosting,conformalized,transition,accelerating,ELIGIBLE_SUPPORT,distribution_free_conformal,67,0.19402985074626866,6.716049797120348,5.723326329687609,75.40975180594025,0.3880597014925373,18.505204463374906,17.59447294321454,150.5144442605458,0.6865671641791045,60.59443713434308,61.1122620591886,278.1013920225868,14.544591963650342,,,,
rolling_origin,Z07_quantile_hist_gradient_boosting,conformalized,transition,decelerating,ELIGIBLE_SUPPORT,distribution_free_conformal,54,0.46296296296296297,7.831495503414245,7.059707216771297,27.492334630782178,0.8333333333333334,19.393904153286726,17.372622679301564,53.11021632584901,0.9259259259259259,53.36550809174551,42.75305026195916,137.80449249113664,5.565432358648814,,,,
rolling_origin,Z07_quantile_hist_gradient_boosting,conformalized,transition,stable,ELIGIBLE_SUPPORT,distribution_free_conformal,413,0.6101694915254238,7.897439501182582,7.340477446286337,15.024955553344167,0.8958837772397095,20.263878199700116,18.734220726006782,27.04564234307015,0.9733656174334141,58.34410324790541,49.96866813335107,68.00254757818779,2.9374480981346376,,,,
rolling_origin,Z07_quantile_hist_gradient_boosting,conformalized,transition,volatile_or_gap,ELIGIBLE_SUPPORT,distribution_free_conformal,61,0.4262295081967213,7.437846074840512,6.5907516663804415,22.330787810820603,0.7540983606557377,19.14429632743839,16.449440875079517,40.28433699563905,0.9508196721311475,53.37419543042946,47.29918282072645,71.91206763603498,4.175781820430034,,,,
rolling_origin,Z07_quantile_hist_gradient_boosting,conformalized,profile,P-D01,ELIGIBLE_SUPPORT,distribution_free_conformal,52,0.3269230769230769,6.670428603888623,5.727569780903631,53.51203476426178,0.5576923076923077,17.079341004292694,15.689203427387824,107.14304523660158,0.75,47.865719382386246,42.112940232283385,229.27701227757913,10.575835546689293,,,,
rolling_origin,Z07_quantile_hist_gradient_boosting,conformalized,profile,P-H01,ELIGIBLE_SUPPORT,distribution_free_conformal,47,0.3617021276595745,8.05025423853068,8.250511109378927,45.96090715607495,0.6808510638297872,20.76827654108683,21.342670416940464,86.8856079018089,0.851063829787234,60.39590747241262,56.34659387559158,199.993707248087,8.977258059335577,,,,
rolling_origin,Z07_quantile_hist_gradient_boosting,conformalized,profile,P-H02,ELIGIBLE_SUPPORT,distribution_free_conformal,51,0.37254901960784315,6.623178365751518,6.499151942723948,36.010335943667876,0.6470588235294118,17.11749714434299,17.49810353212203,66.88896591364227,0.9019607843137255,52.65416035744765,49.84581814579644,85.31041547113028,6.53109274666001,,,,
rolling_origin,Z07_quantile_hist_gradient_boosting,conformalized,profile,P-H03,ELIGIBLE_SUPPORT,distribution_free_conformal,49,0.42857142857142855,7.0123597679580785,6.3224962026312,23.780758015154497,0.7346938775510204,17.956966371330584,16.927272062408917,42.9661845322543,0.9387755102040817,54.08870268852204,45.36739896314609,81.92217952552959,4.464335295601692,,,,
rolling_origin,Z07_quantile_hist_gradient_boosting,conformalized,profile,P-H04,ELIGIBLE_SUPPORT,distribution_free_conformal,60,0.26666666666666666,6.2986463006873805,5.455465839850396,35.600340914647,0.5833333333333334,15.977557316815842,12.66954469748337,63.9749050729396,0.8666666666666667,44.98432624523827,30.772374056529458,130.00395369911297,6.718194365953209,,,,
rolling_origin,Z07_quantile_hist_gradient_boosting,conformalized,profile,P-H05,ELIGIBLE_SUPPORT,distribution_free_conformal,34,0.5588235294117647,9.184034584922314,8.432160679906314,14.512078698485734,0.9411764705882353,22.75036324808698,19.038041115255602,23.665032520164885,1.0,60.60623765375857,59.605916069417496,60.60623765375857,2.7967497689955234,,,,
rolling_origin,Z07_quantile_hist_gradient_boosting,conformalized,profile,P-H06,ELIGIBLE_SUPPORT,distribution_free_conformal,37,0.8918918918918919,8.988320124134246,7.930594195347851,9.15365552374174,1.0,23.376901939002625,20.26383084472988,23.376901939002625,1.0,67.60896167774767,45.99750652628452,67.60896167774767,2.1028863019051567,,,,
rolling_origin,Z07_quantile_hist_gradient_boosting,conformalized,profile,P-H07,ELIGIBLE_SUPPORT,distribution_free_conformal,32,0.46875,7.89015412049519,6.563599745991773,13.158380132532796,0.9375,21.136430548212598,18.223353239243465,22.578485638009504,1.0,65.07060236031028,69.70540709566382,65.07060236031028,2.6541770286240505,,,,
rolling_origin,Z07_quantile_hist_gradient_boosting,conformalized,profile,P-V01,ELIGIBLE_SUPPORT,distribution_free_conformal,37,0.6756756756756757,8.01416395049451,6.703411537453238,13.525990372763838,0.9459459459459459,20.63570971280844,18.622036458419785,20.992024430096293,1.0,58.19330029916172,47.62089490021364,58.19330029916172,2.5477084137562263,,,,
rolling_origin,Z07_quantile_hist_gradient_boosting,conformalized,profile,P-V02,ELIGIBLE_SUPPORT,distribution_free_conformal,39,0.6153846153846154,8.147733418520826,7.1103310557322175,12.39777368830415,0.9487179487179487,21.33673719221976,23.524911429881755,21.723263543172113,1.0,62.97726528842479,68.24489622685792,62.97726528842479,2.4929899854703135,,,,
rolling_origin,Z07_quantile_hist_gradient_boosting,conformalized,profile,P-V03,ELIGIBLE_SUPPORT,distribution_free_conformal,42,0.7380952380952381,8.371301212293856,7.964425786391601,10.88198708624542,0.9761904761904762,21.594208219982207,20.185130988220166,22.72378271238149,1.0,61.70523085036253,54.3229107619608,61.70523085036253,2.2988621497520945,,,,
rolling_origin,Z07_quantile_hist_gradient_boosting,conformalized,profile,P-V04,ELIGIBLE_SUPPORT,distribution_free_conformal,37,0.8378378378378378,8.02551282312939,7.52549963247427,9.036765848444436,1.0,21.439383580466302,21.37587810618368,21.439383580466302,1.0,64.23611175078172,67.34969454174757,64.23611175078172,2.043510416808941,,,,
rolling_origin,Z07_quantile_hist_gradient_boosting,conformalized,profile,P-V05,ELIGIBLE_SUPPORT,distribution_free_conformal,35,0.6571428571428571,8.296901722810862,8.846469203265592,10.891196030433415,1.0,21.038830231831074,21.64785761962183,21.038830231831074,1.0,62.01047588323832,41.377319030495386,62.01047588323832,2.2166286264196517,,,,
rolling_origin,Z07_quantile_hist_gradient_boosting,conformalized,profile,P-V06,ELIGIBLE_SUPPORT,distribution_free_conformal,43,0.5813953488372093,8.213271411864024,6.30769563445142,14.283637189343986,0.8837209302325582,20.95537011933993,20.978868883987303,24.869358959996045,0.9302325581395349,59.04002702948286,53.891043120138164,62.003934121985665,2.7218487711315706,,,,
rolling_origin,Z07_quantile_hist_gradient_boosting,conformalized,zone,GEO_NE,ELIGIBLE_SUPPORT,distribution_free_conformal,213,0.676056338028169,8.443182703574713,8.116340341063125,11.875654788314813,0.9577464788732394,21.790417080992334,20.967293642162645,22.943215382740515,0.9859154929577465,62.91845935798647,59.63418994770579,63.51680679919596,2.4245461267493997,,,,
rolling_origin,Z07_quantile_hist_gradient_boosting,conformalized,zone,GEO_NW,ELIGIBLE_SUPPORT,distribution_free_conformal,48,0.7291666666666666,8.263162094789548,7.266095626586044,10.052638845239223,1.0,21.411454821723527,20.164886247657016,21.411454821723527,1.0,61.67157559893921,61.54394773639155,61.67157559893921,2.173317659890769,,,,
rolling_origin,Z07_quantile_hist_gradient_boosting,conformalized,zone,GEO_SE,ELIGIBLE_SUPPORT,distribution_free_conformal,54,0.42592592592592593,7.093034640167117,6.371142834481624,22.567691922202396,0.7592592592592593,18.22320702569716,17.061485856928023,40.9167568383872,0.9444444444444444,55.16558294964583,45.669113509063784,80.42188600544897,4.266397022674911,,,,
rolling_origin,Z07_quantile_hist_gradient_boosting,conformalized,zone,GEO_SW,ELIGIBLE_SUPPORT,distribution_free_conformal,280,0.40714285714285714,7.1791916113027625,6.503689220165681,35.263670152749874,0.6928571428571428,18.466933738184824,17.69811141122898,65.912338265125,0.8821428571428571,53.40248691541179,47.60315783123873,134.69223862268686,6.756345545037936,,,,
rolling_origin,Z07_quantile_hist_gradient_boosting,conformalized,gap,gap,ELIGIBLE_SUPPORT,distribution_free_conformal,437,0.5903890160183066,8.090111038520167,7.52549963247427,20.628485332024745,0.8718535469107551,20.91160847464436,19.030144336149068,39.71146741504942,0.9473684210526315,60.91652627429962,55.268864881206255,96.24335631479731,4.10490091354094,,,,
rolling_origin,Z07_quantile_hist_gradient_boosting,conformalized,gap,no_gap,ELIGIBLE_SUPPORT,distribution_free_conformal,158,0.3670886075949367,6.663599331087321,5.5473168197700655,32.214405385801385,0.6708860759493671,16.99702779970828,16.258506639986912,58.39052551327703,0.8987341772151899,48.56318547928761,46.50209931894912,104.3517558611263,6.006759906899085,,,,
rolling_origin,Z07_quantile_hist_gradient_boosting,native,overall,all,ELIGIBLE_SUPPORT,empirical_quantiles,595,,,,,,,,,,,,,,4.885477647138434,,0.5109243697478991,INVALID_QUANTILE_CROSSING
rolling_origin,Z07_quantile_hist_gradient_boosting,native,transition,accelerating,ELIGIBLE_SUPPORT,empirical_quantiles,67,,,,,,,,,,,,,,14.726336933434268,,0.3582089552238806,INVALID_QUANTILE_CROSSING
rolling_origin,Z07_quantile_hist_gradient_boosting,native,transition,decelerating,ELIGIBLE_SUPPORT,empirical_quantiles,54,,,,,,,,,,,,,,6.038859475812449,,0.5555555555555556,INVALID_QUANTILE_CROSSING
rolling_origin,Z07_quantile_hist_gradient_boosting,native,transition,stable,ELIGIBLE_SUPPORT,empirical_quantiles,413,,,,,,,,,,,,,,3.1609148812747434,,0.5351089588377724,INVALID_QUANTILE_CROSSING
rolling_origin,Z07_quantile_hist_gradient_boosting,native,transition,volatile_or_gap,ELIGIBLE_SUPPORT,empirical_quantiles,61,,,,,,,,,,,,,,4.731776522080846,,0.47540983606557374,INVALID_QUANTILE_CROSSING
rolling_origin,Z07_quantile_hist_gradient_boosting,native,profile,P-D01,ELIGIBLE_SUPPORT,empirical_quantiles,52,,,,,,,,,,,,,,10.615044056437872,,0.4230769230769231,INVALID_QUANTILE_CROSSING
rolling_origin,Z07_quantile_hist_gradient_boosting,native,profile,P-H01,ELIGIBLE_SUPPORT,empirical_quantiles,47,,,,,,,,,,,,,,9.326619977021075,,0.48936170212765956,INVALID_QUANTILE_CROSSING
rolling_origin,Z07_quantile_hist_gradient_boosting,native,profile,P-H02,ELIGIBLE_SUPPORT,empirical_quantiles,51,,,,,,,,,,,,,,7.0435314298164515,,0.43137254901960786,INVALID_QUANTILE_CROSSING
rolling_origin,Z07_quantile_hist_gradient_boosting,native,profile,P-H03,ELIGIBLE_SUPPORT,empirical_quantiles,49,,,,,,,,,,,,,,4.680499356628935,,0.6326530612244898,INVALID_QUANTILE_CROSSING
rolling_origin,Z07_quantile_hist_gradient_boosting,native,profile,P-H04,ELIGIBLE_SUPPORT,empirical_quantiles,60,,,,,,,,,,,,,,8.11856499907262,,0.35,INVALID_QUANTILE_CROSSING
rolling_origin,Z07_quantile_hist_gradient_boosting,native,profile,P-H05,ELIGIBLE_SUPPORT,empirical_quantiles,34,,,,,,,,,,,,,,3.2511969105433702,,0.5882352941176471,INVALID_QUANTILE_CROSSING
rolling_origin,Z07_quantile_hist_gradient_boosting,native,profile,P-H06,ELIGIBLE_SUPPORT,empirical_quantiles,37,,,,,,,,,,,,,,1.5507051505170264,,0.6756756756756757,INVALID_QUANTILE_CROSSING
rolling_origin,Z07_quantile_hist_gradient_boosting,native,profile,P-H07,ELIGIBLE_SUPPORT,empirical_quantiles,32,,,,,,,,,,,,,,3.210972242586748,,0.65625,INVALID_QUANTILE_CROSSING
rolling_origin,Z07_quantile_hist_gradient_boosting,native,profile,P-V01,ELIGIBLE_SUPPORT,empirical_quantiles,37,,,,,,,,,,,,,,2.9164713127845814,,0.32432432432432434,INVALID_QUANTILE_CROSSING
rolling_origin,Z07_quantile_hist_gradient_boosting,native,profile,P-V02,ELIGIBLE_SUPPORT,empirical_quantiles,39,,,,,,,,,,,,,,2.8098703507288176,,0.6153846153846154,INVALID_QUANTILE_CROSSING
rolling_origin,Z07_quantile_hist_gradient_boosting,native,profile,P-V03,ELIGIBLE_SUPPORT,empirical_quantiles,42,,,,,,,,,,,,,,2.131871161374989,,0.35714285714285715,INVALID_QUANTILE_CROSSING
rolling_origin,Z07_quantile_hist_gradient_boosting,native,profile,P-V04,ELIGIBLE_SUPPORT,empirical_quantiles,37,,,,,,,,,,,,,,1.8664018917589686,,0.8378378378378378,INVALID_QUANTILE_CROSSING
rolling_origin,Z07_quantile_hist_gradient_boosting,native,profile,P-V05,ELIGIBLE_SUPPORT,empirical_quantiles,35,,,,,,,,,,,,,,1.989190053500943,,0.4857142857142857,INVALID_QUANTILE_CROSSING
rolling_origin,Z07_quantile_hist_gradient_boosting,native,profile,P-V06,ELIGIBLE_SUPPORT,empirical_quantiles,43,,,,,,,,,,,,,,2.894602527106899,,0.46511627906976744,INVALID_QUANTILE_CROSSING
rolling_origin,Z07_quantile_hist_gradient_boosting,native,zone,GEO_NE,ELIGIBLE_SUPPORT,empirical_quantiles,213,,,,,,,,,,,,,,2.455549374928362,,0.6103286384976526,INVALID_QUANTILE_CROSSING
rolling_origin,Z07_quantile_hist_gradient_boosting,native,zone,GEO_NW,ELIGIBLE_SUPPORT,empirical_quantiles,48,,,,,,,,,,,,,,2.084898474001672,,0.4583333333333333,INVALID_QUANTILE_CROSSING
rolling_origin,Z07_quantile_hist_gradient_boosting,native,zone,GEO_SE,ELIGIBLE_SUPPORT,empirical_quantiles,54,,,,,,,,,,,,,,4.446792211827197,,0.6481481481481481,INVALID_QUANTILE_CROSSING
rolling_origin,Z07_quantile_hist_gradient_boosting,native,zone,GEO_SW,ELIGIBLE_SUPPORT,empirical_quantiles,280,,,,,,,,,,,,,,7.298661703560281,,0.41785714285714287,INVALID_QUANTILE_CROSSING
rolling_origin,Z07_quantile_hist_gradient_boosting,native,gap,gap,ELIGIBLE_SUPPORT,empirical_quantiles,437,,,,,,,,,,,,,,4.1905622579808375,,0.5331807780320366,INVALID_QUANTILE_CROSSING
rolling_origin,Z07_quantile_hist_gradient_boosting,native,gap,no_gap,ELIGIBLE_SUPPORT,empirical_quantiles,158,,,,,,,,,,,,,,6.807490463985715,,0.44936708860759494,INVALID_QUANTILE_CROSSING
rolling_origin,Z08_xgboost,conformalized,overall,all,ELIGIBLE_SUPPORT,distribution_free_conformal,595,0.4756302521008403,6.854000755358352,6.285664995000191,22.065782839545008,0.7747899159663866,18.67376955280696,18.30077925665786,40.54383069576552,0.9327731092436975,50.57836404487684,47.97024259459557,87.13501893829272,4.239740160145085,,,,
rolling_origin,Z08_xgboost,conformalized,transition,accelerating,ELIGIBLE_SUPPORT,distribution_free_conformal,67,0.1044776119402985,5.990498250924432,4.803421833404485,60.02172512154175,0.34328358208955223,17.206003536095064,14.03464903251319,112.78331223671086,0.746268656716418,50.45376326103701,54.56217293298886,205.0611928973539,11.29372963575236,,,,
rolling_origin,Z08_xgboost,conformalized,transition,decelerating,ELIGIBLE_SUPPORT,distribution_free_conformal,54,0.42592592592592593,7.030227247817289,6.7063821453404895,28.66970655216299,0.7777777777777778,18.77516122047163,17.6892180918477,54.710697527215146,0.9444444444444444,47.37435652375058,43.49901273709069,136.4453844749304,5.735581989188084,,,,
rolling_origin,Z08_xgboost,conformalized,transition,stable,ELIGIBLE_SUPPORT,distribution_free_conformal,413,0.549636803874092,7.045516193612342,6.433183244085001,15.106239916522606,0.847457627118644,19.082635230877806,18.553469471107903,27.26724004623622,0.9661016949152542,51.55228894557032,48.746415097297806,63.196082685970644,2.926437075283142,,,,
rolling_origin,Z08_xgboost,conformalized,transition,volatile_or_gap,ELIGIBLE_SUPPORT,distribution_free_conformal,61,0.4262295081967213,6.349780447250018,5.1186600384084215,21.649901099104024,0.7540983606557377,17.427927717110997,17.852540531311554,38.546713746814454,0.9016393442622951,46.957604613265005,47.591705070038756,76.0361218558908,4.0594355767676005,,,,
rolling_origin,Z08_xgboost,conformalized,profile,P-D01,ELIGIBLE_SUPPORT,distribution_free_conformal,52,0.28846153846153844,5.821176305975176,5.122613680969019,42.20461071836807,0.4807692307692308,15.963775021963453,13.931692076769707,80.55506267757583,0.8461538461538461,42.08133083307028,42.5389952385945,157.19088266278533,8.073966445263666,,,,
rolling_origin,Z08_xgboost,conformalized,profile,P-H01,ELIGIBLE_SUPPORT,distribution_free_conformal,47,0.3191489361702128,7.224214756109183,7.144518822701514,39.15732196786803,0.6382978723404256,19.337961988120185,19.73119067455535,72.42374602179481,0.8936170212765957,52.991696099666385,57.150318916186066,155.52171871599964,7.5153543584115985,,,,
rolling_origin,Z08_xgboost,conformalized,profile,P-H02,ELIGIBLE_SUPPORT,distribution_free_conformal,51,0.39215686274509803,6.000894934533982,4.803421833404485,28.98793439756974,0.5882352941176471,15.957970105905867,13.234640889070718,52.908133400678395,0.9019607843137255,43.85485303252223,47.591705070038756,71.17198076321183,5.239784442231438,,,,
rolling_origin,Z08_xgboost,conformalized,profile,P-H03,ELIGIBLE_SUPPORT,distribution_free_conformal,49,0.32653061224489793,6.322802606715583,4.542346667033485,22.965623150927225,0.7142857142857143,16.92198032808653,13.785919269513045,40.12480534046307,0.8979591836734694,45.27360312732786,42.566354372776686,81.95366275075736,4.336315480154404,,,,
rolling_origin,Z08_xgboost,conformalized,profile,P-H04,ELIGIBLE_SUPPORT,distribution_free_conformal,60,0.16666666666666666,5.479263956503525,4.417766107774209,39.91551815822718,0.55,15.087004610979204,12.19213006012463,72.32015012353578,0.8,39.28136198115023,27.29023832843113,162.54147892805446,7.6663850410128385,,,,
rolling_origin,Z08_xgboost,conformalized,profile,P-H05,ELIGIBLE_SUPPORT,distribution_free_conformal,34,0.5882352941176471,8.151048784657277,8.318297870576219,14.22978774347132,0.9117647058823529,21.508565514252208,19.89399687362014,22.24480518722682,1.0,55.20234339489929,61.40780210601244,55.20234339489929,2.6596739450670968,,,,
rolling_origin,Z08_xgboost,conformalized,profile,P-H06,ELIGIBLE_SUPPORT,distribution_free_conformal,37,0.8378378378378378,7.9980074279056925,7.670611291151975,8.495518624673537,1.0,21.876258646708514,20.298073962774524,21.876258646708514,1.0,60.183766881468124,48.586068930967166,60.183766881468124,2.0011950709925674,,,,
rolling_origin,Z08_xgboost,conformalized,profile,P-H07,ELIGIBLE_SUPPORT,distribution_free_conformal,32,0.375,6.899053923316249,6.306421921589023,14.528449823648586,0.84375,19.887329387430427,18.361106778255305,23.149607125913892,1.0,56.493994319412565,56.41755047102082,56.493994319412565,2.760633366637551,,,,
rolling_origin,Z08_xgboost,conformalized,profile,P-V01,ELIGIBLE_SUPPORT,distribution_free_conformal,37,0.5405405405405406,7.100255640349864,5.94884246928288,13.351721883558307,0.8648648648648649,19.269575331774455,18.578063970297933,22.175120557352187,1.0,52.050581746185735,50.30081534645774,52.050581746185735,2.499761003055963,,,,
rolling_origin,Z08_xgboost,conformalized,profile,P-V02,ELIGIBLE_SUPPORT,distribution_free_conformal,39,0.5384615384615384,7.300420081347558,6.834728531909192,13.33183904250167,0.8974358974358975,20.067613110914145,18.28464380627061,22.11972518264619,1.0,55.8582312456568,56.69436992406344,55.8582312456568,2.5289025015981914,,,,
rolling_origin,Z08_xgboost,conformalized,profile,P-V03,ELIGIBLE_SUPPORT,distribution_free_conformal,42,0.6904761904761905,7.398784591718969,6.8741847792133495,11.198937538934041,0.9761904761904762,20.31013603945057,18.09725751917159,21.86952923415213,1.0,54.71280745458307,49.17948113887541,54.71280745458307,2.244940785611332,,,,
rolling_origin,Z08_xgboost,conformalized,profile,P-V04,ELIGIBLE_SUPPORT,distribution_free_conformal,37,0.7297297297297297,7.209776428787614,7.577180699247544,8.666278982547974,1.0,19.86441848834289,18.971692814262745,19.86441848834289,1.0,56.83074175803552,54.5109045242668,56.83074175803552,1.9662427269930995,,,,
rolling_origin,Z08_xgboost,conformalized,profile,P-V05,ELIGIBLE_SUPPORT,distribution_free_conformal,35,0.6857142857142857,7.2907428627571695,8.045290275555104,9.649497081629068,0.9714285714285714,20.347907566560963,18.869800831250814,20.38398820493675,1.0,54.613714116912874,43.705875087935055,54.613714116912874,2.055480791222454,,,,
rolling_origin,Z08_xgboost,conformalized,profile,P-V06,ELIGIBLE_SUPPORT,distribution_free_conformal,43,0.5348837209302325,7.379725566826829,5.867990775805168,16.040063385483165,0.7906976744186046,19.78451354030438,18.21463375488922,27.22177332670893,0.8837209302325582,52.916677819713755,55.49395044168156,61.30036272301914,2.9528800463050304,,,,
rolling_origin,Z08_xgboost,conformalized,zone,GEO_NE,ELIGIBLE_SUPPORT,distribution_free_conformal,213,0.6291079812206573,7.505949002883252,7.549346954810391,12.050355938819349,0.9154929577464789,20.538597949943064,19.03403221826999,22.65357461506586,0.9765258215962441,55.94972895503543,55.30435216644,57.64220994490459,2.413974378481033,,,,
rolling_origin,Z08_xgboost,conformalized,zone,GEO_NW,ELIGIBLE_SUPPORT,distribution_free_conformal,48,0.7083333333333334,7.364384495365056,6.902441203327861,9.897805181577628,0.9791666666666666,20.114270644677344,18.33089549096423,20.64890652488422,1.0,54.90688355644543,55.840241835870444,54.90688355644543,2.07331935784968,,,,
rolling_origin,Z08_xgboost,conformalized,zone,GEO_SE,ELIGIBLE_SUPPORT,distribution_free_conformal,54,0.35185185185185186,6.373106974205653,4.556504680301998,21.662120962253372,0.7407407407407407,17.212172994080376,13.956182723667268,38.266588283088716,0.9074074074074074,46.33769887899208,42.61377492120768,79.62145668543737,4.125610481206678,,,,
rolling_origin,Z08_xgboost,conformalized,zone,GEO_SW,ELIGIBLE_SUPPORT,distribution_free_conformal,280,0.34285714285714286,6.363303855140925,5.491318229417459,31.848449263869107,0.6392857142857142,17.290104242705063,15.764305765236085,58.0029449660365,0.8928571428571429,46.568100675372214,44.07935552544207,116.54448742248746,6.022023419671147,,,,
rolling_origin,Z08_xgboost,conformalized,gap,gap,ELIGIBLE_SUPPORT,distribution_free_conformal,437,0.540045766590389,7.180884283425681,7.020739031608954,18.867816616637135,0.8283752860411899,19.647550165969548,18.683209641948366,35.261801092504214,0.9496567505720824,53.61426804668716,54.5109045242668,82.3634707170373,3.698077453803787,,,,
rolling_origin,Z08_xgboost,conformalized,gap,no_gap,ELIGIBLE_SUPPORT,distribution_free_conformal,158,0.2974683544303797,5.949898845450613,5.10134585727269,30.910790683916783,0.6265822784810127,15.980464945515502,13.940313338872864,55.15298852250726,0.8860759493670886,42.18159158417363,42.69892277382958,100.33227572746115,5.737883215025766,,,,
rolling_origin,Z09_lightgbm,conformalized,overall,all,ELIGIBLE_SUPPORT,distribution_free_conformal,595,0.47394957983193275,6.772706264471937,5.871525708550649,21.39662721529849,0.7966386554621848,18.846432310021683,17.426452654034748,38.57434772001279,0.9445378151260504,51.30270488630265,46.18523716734053,85.0803611456024,4.106686501236459,,,,
rolling_origin,Z09_lightgbm,conformalized,transition,accelerating,ELIGIBLE_SUPPORT,distribution_free_conformal,67,0.13432835820895522,5.716618602860928,4.995469436294229,58.70032645478324,0.373134328358209,18.18459619643006,17.022559042262593,106.39820351303977,0.7611940298507462,51.33301936901416,53.686305409041,198.58665886136123,10.913720736709736,,,,
rolling_origin,Z09_lightgbm,conformalized,transition,decelerating,ELIGIBLE_SUPPORT,distribution_free_conformal,54,0.46296296296296297,6.8534810579940535,6.463261560875182,26.905755584754747,0.8148148148148148,18.24810875541944,16.824010758735508,52.63326725407725,0.9259259259259259,47.62336961337795,41.932220870836545,131.74656209992688,5.454914507190707,,,,
rolling_origin,Z09_lightgbm,conformalized,transition,stable,ELIGIBLE_SUPPORT,distribution_free_conformal,413,0.5447941888619855,6.982872562277436,6.218062011460436,14.580285226787797,0.8692493946731235,19.196628639406903,17.591354008912614,25.856544286172966,0.9782082324455206,52.20306427963175,45.981912576684074,62.19986428909144,2.8339931196013928,,,,
rolling_origin,Z09_lightgbm,conformalized,transition,volatile_or_gap,ELIGIBLE_SUPPORT,distribution_free_conformal,61,0.3770491803278688,6.438236649456723,5.4647069851004915,21.6967659080657,0.7540983606557377,17.732029154662065,17.357140379931536,37.7394760020383,0.9344262295081968,48.430649229767326,44.71731625876781,74.01066283821969,4.053354706433891,,,,
rolling_origin,Z09_lightgbm,conformalized,profile,P-D01,ELIGIBLE_SUPPORT,distribution_free_conformal,52,0.28846153846153844,5.823545003748979,5.152470412056919,38.30620837422319,0.6346153846153846,16.131181937836615,13.620305172487342,70.27307583987925,0.8846153846153846,42.79079290539915,41.796267770563844,141.53107551250199,7.250068461974719,,,,
rolling_origin,Z09_lightgbm,conformalized,profile,P-H01,ELIGIBLE_SUPPORT,distribution_free_conformal,47,0.2978723404255319,7.07268492544044,6.4778131080751535,38.29931417701544,0.6382978723404256,19.42734871178955,21.526835582874178,70.36650192952256,0.8723404255319149,53.27412810791654,55.758623282874865,155.2290159625147,7.358386050422694,,,,
rolling_origin,Z09_lightgbm,conformalized,profile,P-H02,ELIGIBLE_SUPPORT,distribution_free_conformal,51,0.29411764705882354,5.8385347966810395,5.098030037059168,28.65610781762204,0.6078431372549019,16.126798221283178,17.059691803092463,48.23971793019542,0.8823529411764706,44.22868005408439,44.71731625876781,72.29762360699702,5.102219104685998,,,,
rolling_origin,Z09_lightgbm,conformalized,profile,P-H03,ELIGIBLE_SUPPORT,distribution_free_conformal,49,0.32653061224489793,6.2103083973784186,5.028524794345316,21.604878517192994,0.7346938775510204,16.97127515086042,16.144862497671365,38.4463415630907,0.9387755102040817,45.894023108542356,41.70278942273002,79.98675093387072,4.138881669997617,,,,
rolling_origin,Z09_lightgbm,conformalized,profile,P-H04,ELIGIBLE_SUPPORT,distribution_free_conformal,60,0.21666666666666667,5.508536606283106,5.1186933013669975,39.42994664242399,0.5,15.276316628865363,11.700459737382621,70.68594497514877,0.8166666666666667,39.860797175402766,24.926089408120504,155.50007412562718,7.508089889295673,,,,
rolling_origin,Z09_lightgbm,conformalized,profile,P-H05,ELIGIBLE_SUPPORT,distribution_free_conformal,34,0.4411764705882353,8.18261205369007,9.121701161782891,16.051028189030017,0.9411764705882353,20.986072582009776,19.610083574380035,22.560470474389522,1.0,55.89611529501522,59.15770342810967,55.89611529501522,2.893763674697967,,,,
rolling_origin,Z09_lightgbm,conformalized,profile,P-H06,ELIGIBLE_SUPPORT,distribution_free_conformal,37,0.8648648648648649,7.901328899314578,6.803186183196325,8.432969179805378,1.0,22.185980516809185,18.54749737354898,22.185980516809185,1.0,61.09279774951923,45.651623680197396,61.09279774951923,2.0120591522675055,,,,
rolling_origin,Z09_lightgbm,conformalized,profile,P-H07,ELIGIBLE_SUPPORT,distribution_free_conformal,32,0.34375,6.817946402211807,5.593265106765383,15.464270849297106,0.84375,20.779984758212965,17.62316712731235,24.216737052683115,1.0,57.92016083759072,63.959106030405195,57.92016083759072,2.9135786093070584,,,,
rolling_origin,Z09_lightgbm,conformalized,profile,P-V01,ELIGIBLE_SUPPORT,distribution_free_conformal,37,0.6216216216216216,7.0407045668411214,5.331481434303722,12.74011218669141,0.918918918918919,19.4139097701715,17.893101133673813,20.721951294181086,1.0,52.81559339304433,47.26280482305066,52.81559339304433,2.421575199117642,,,,
rolling_origin,Z09_lightgbm,conformalized,profile,P-V02,ELIGIBLE_SUPPORT,distribution_free_conformal,39,0.46153846153846156,7.203515859809731,6.439638901555341,13.48403423804757,0.8717948717948718,20.47707368717755,22.205858569688253,21.788172380995288,1.0,56.57199115081739,62.618995221091424,56.57199115081739,2.581310036048777,,,,
rolling_origin,Z09_lightgbm,conformalized,profile,P-V03,ELIGIBLE_SUPPORT,distribution_free_conformal,42,0.6904761904761905,7.300650939541468,7.42118864018828,10.950518338851534,0.9761904761904762,20.492266719810488,17.022330628648962,21.555397567990767,1.0,55.616645579240576,51.42617597006007,55.616645579240576,2.24408024290456,,,,
rolling_origin,Z09_lightgbm,conformalized,profile,P-V04,ELIGIBLE_SUPPORT,distribution_free_conformal,37,0.7567567567567568,6.998394465509275,6.720321117061991,7.977773407186916,1.0,20.43668961282491,17.455952240013488,20.43668961282491,1.0,57.6110996555171,61.79759123132646,57.6110996555171,1.8677866633637445,,,,
rolling_origin,Z09_lightgbm,conformalized,profile,P-V05,ELIGIBLE_SUPPORT,distribution_free_conformal,35,0.7714285714285715,7.226637932767265,7.933296761484883,9.425748094099696,1.0,20.140489513740967,17.426452654034748,20.140489513740967,1.0,56.299594712402545,41.066178145901034,56.299594712402545,2.020294717299955,,,,
rolling_origin,Z09_lightgbm,conformalized,profile,P-V06,ELIGIBLE_SUPPORT,distribution_free_conformal,43,0.6046511627906976,7.28514882285751,5.204413605879104,14.377481527830584,0.8604651162790697,19.83824510406769,20.15767842842689,24.635655379403847,0.9767441860465116,53.18976044394707,53.48580403696426,56.23428713917457,2.714399060927293,,,,
rolling_origin,Z09_lightgbm,conformalized,zone,GEO_NE,ELIGIBLE_SUPPORT,distribution_free_conformal,213,0.6338028169014085,7.417007571152553,6.8533525319301525,11.967751498223562,0.9389671361502347,20.705463585970456,18.528575103138508,22.441586795376146,0.9953051643192489,56.852986813593716,59.18576469814525,57.46760957366311,2.4044742528059317,,,,
rolling_origin,Z09_lightgbm,conformalized,zone,GEO_NW,ELIGIBLE_SUPPORT,distribution_free_conformal,48,0.6458333333333334,7.296198139782779,6.489278744074035,10.943176910466775,0.9583333333333334,20.392323457200153,17.421296889197343,21.113209716178922,1.0,55.6028263091163,57.01864540044478,55.6028263091163,2.2344141519996463,,,,
rolling_origin,Z09_lightgbm,conformalized,zone,GEO_SE,ELIGIBLE_SUPPORT,distribution_free_conformal,54,0.37037037037037035,6.265723797046271,5.0905347385244575,20.47092534322751,0.7592592592592593,17.311392331183452,16.195184323418246,36.79802666820722,0.9444444444444444,47.08747640493874,41.916676488320995,78.02347017236634,3.9492303022871265,,,,
rolling_origin,Z09_lightgbm,conformalized,zone,GEO_SW,ELIGIBLE_SUPPORT,distribution_free_conformal,280,0.34285714285714286,6.290610781982988,5.432824782948288,30.5398559419439,0.6678571428571428,17.463274174363143,17.08291561145764,54.18268356975969,0.8964285714285715,47.156299383394085,42.21643755963346,112.50003925106361,5.752911202744793,,,,
rolling_origin,Z09_lightgbm,conformalized,gap,gap,ELIGIBLE_SUPPORT,distribution_free_conformal,437,0.5331807780320366,7.103069947472809,6.38017925429174,18.67247588163462,0.8535469107551488,19.868563803853494,17.73989869763735,34.39038831710352,0.9610983981693364,54.46502029259931,53.046136543587934,81.214819833284,3.656982548404422,,,,
rolling_origin,Z09_lightgbm,conformalized,gap,no_gap,ELIGIBLE_SUPPORT,distribution_free_conformal,158,0.310126582278481,5.858978862754329,5.254034197431496,28.93114704321691,0.6392405063291139,16.019397735309646,13.518907157811714,50.1464379672998,0.8987341772151899,42.55630088281126,42.12682054960829,95.77176338283745,5.350487940398486,,,,
rolling_origin,Z10_catboost,conformalized,overall,all,ELIGIBLE_SUPPORT,distribution_free_conformal,595,0.4638655462184874,7.0120027992398635,6.1559352211667,22.553291688937875,0.7647058823529411,17.76083371973754,17.266984111344932,41.187722946498674,0.9361344537815126,55.105626630275694,49.74586964391143,90.93494639927977,4.351264961654086,,,,
rolling_origin,Z10_catboost,conformalized,transition,accelerating,ELIGIBLE_SUPPORT,distribution_free_conformal,67,0.208955223880597,6.1711291326757465,5.215142095390622,63.64631874186387,0.373134328358209,16.74925932613994,14.437787449069958,127.4458410941519,0.7313432835820896,55.03690186376995,56.25639624999205,230.03903983782303,12.268289367215779,,,,
rolling_origin,Z10_catboost,conformalized,transition,decelerating,ELIGIBLE_SUPPORT,distribution_free_conformal,54,0.46296296296296297,7.020181370159974,6.255608107149943,27.098245066372034,0.7407407407407407,17.653819136602454,17.19541913426328,52.80061067557402,0.9259259259259259,51.018617429705515,45.286962161720886,130.46937368871025,5.470237751854679,,,,
rolling_origin,Z10_catboost,conformalized,transition,stable,ELIGIBLE_SUPPORT,distribution_free_conformal,413,0.513317191283293,7.202983488852726,6.593297339102172,15.18970950689422,0.847457627118644,18.121835273181453,17.530785231579735,25.78504219201838,0.9782082324455206,56.12339666069153,49.526869824866445,64.9038426728059,2.9196382870107467,,,,
rolling_origin,Z10_catboost,conformalized,transition,volatile_or_gap,ELIGIBLE_SUPPORT,distribution_free_conformal,61,0.4098360655737705,6.6353121110431035,5.79764982128853,23.249999004618907,0.6557377049180327,16.522483396589973,16.483144921992917,40.44866226350738,0.8852459016393442,51.90831570609426,48.16477995716045,79.39416779308398,4.357767433526763,,,,
rolling_origin,Z10_catboost,conformalized,profile,P-D01,ELIGIBLE_SUPPORT,distribution_free_conformal,52,0.3269230769230769,6.040475232358142,5.391641190509848,40.58149751488547,0.5769230769230769,15.155444056688204,12.5796343931258,78.87774511778399,0.8461538461538461,45.90732452744623,45.018534398406594,155.28111511981103,7.852012496930891,,,,
rolling_origin,Z10_catboost,conformalized,profile,P-H01,ELIGIBLE_SUPPORT,distribution_free_conformal,47,0.2978723404255319,7.357422781075609,7.121428493220613,40.0055071920705,0.6382978723404256,18.71123324467155,18.49686440539483,70.37527461782227,0.8936170212765957,58.237783680008576,59.12908823539368,150.10764740138302,7.5575306498906825,,,,
rolling_origin,Z10_catboost,conformalized,profile,P-H02,ELIGIBLE_SUPPORT,distribution_free_conformal,51,0.43137254901960786,6.107864798327222,5.233537635275418,33.89481079903817,0.6274509803921569,15.513381957326471,14.462967222787007,64.92921251697223,0.8235294117647058,48.07407829255011,48.16477995716045,89.24236809333624,6.234397822017941,,,,
rolling_origin,Z10_catboost,conformalized,profile,P-H03,ELIGIBLE_SUPPORT,distribution_free_conformal,49,0.3469387755102041,6.442133984777115,5.01820032290118,26.06146209362675,0.6938775510204082,16.195419860549993,13.184519195604565,48.876675519338306,0.8979591836734694,49.02136723580164,44.91784937455316,108.39124898431432,5.107917612962887,,,,
rolling_origin,Z10_catboost,conformalized,profile,P-H04,ELIGIBLE_SUPPORT,distribution_free_conformal,60,0.25,5.751413961837454,5.137393244148191,37.608004859900554,0.4666666666666667,14.329080960866968,11.429425636531981,71.40959828344806,0.8333333333333334,42.83819953055442,27.516425643168187,146.47908624224064,7.269140311659728,,,,
rolling_origin,Z10_catboost,conformalized,profile,P-H05,ELIGIBLE_SUPPORT,distribution_free_conformal,34,0.4411764705882353,8.272851629228414,8.75515512726409,17.544538620761614,0.8235294117647058,20.182603548655365,18.69712937533383,24.501523144920508,1.0,60.11591014182474,63.718443027698186,60.11591014182474,3.147320153060413,,,,
rolling_origin,Z10_catboost,conformalized,profile,P-H06,ELIGIBLE_SUPPORT,distribution_free_conformal,37,0.8918918918918919,8.14886738079024,7.431453976803873,8.569074224728233,1.0,20.73833192340255,19.86850387382496,20.73833192340255,1.0,65.39377292293771,49.171117437368125,65.39377292293771,1.9348798030411078,,,,
rolling_origin,Z10_catboost,conformalized,profile,P-H07,ELIGIBLE_SUPPORT,distribution_free_conformal,32,0.3125,7.174882410694101,6.109797836145801,14.994754854772104,0.71875,18.866076763609563,17.72172607717425,23.021227275147496,1.0,61.72933348809529,72.63138432902021,61.72933348809529,2.8635216876248473,,,,
rolling_origin,Z10_catboost,conformalized,profile,P-V01,ELIGIBLE_SUPPORT,distribution_free_conformal,37,0.4594594594594595,7.22284437530038,5.914399260090775,12.66891815158262,0.918918918918919,18.225582343130093,17.266984111344932,19.64351531621996,1.0,56.47281071141754,50.906511949140466,56.47281071141754,2.4347039312278898,,,,
rolling_origin,Z10_catboost,conformalized,profile,P-V02,ELIGIBLE_SUPPORT,distribution_free_conformal,39,0.46153846153846156,7.4560095078756286,6.3388799894939405,14.338373599246752,0.8974358974358975,19.062879349092597,18.134163026112034,20.837023220033792,1.0,60.56499249589488,71.10956657271086,60.56499249589488,2.6657840151224645,,,,
rolling_origin,Z10_catboost,conformalized,profile,P-V03,ELIGIBLE_SUPPORT,distribution_free_conformal,42,0.6666666666666666,7.524493445423601,7.118902229307768,11.085779182228606,0.9523809523809523,19.183804646453066,16.98789264907014,20.345938562481585,1.0,59.35181158463237,57.17354826350103,59.35181158463237,2.264585265116049,,,,
rolling_origin,Z10_catboost,conformalized,profile,P-V04,ELIGIBLE_SUPPORT,distribution_free_conformal,37,0.6756756756756757,7.284502042256392,7.340936400380177,8.587344974468119,1.0,18.972429831339774,17.954281360050217,18.972429831339774,1.0,61.6114513832679,70.17678760544936,61.6114513832679,1.9566398277407324,,,,
rolling_origin,Z10_catboost,conformalized,profile,P-V05,ELIGIBLE_SUPPORT,distribution_free_conformal,35,0.7428571428571429,7.495376635423783,8.113266462660306,10.495601861423872,0.9428571428571428,19.05830222221684,17.98157888875571,19.450264992385996,1.0,60.805984449814005,44.232158804723795,60.805984449814005,2.1325210406866044,,,,
rolling_origin,Z10_catboost,conformalized,profile,P-V06,ELIGIBLE_SUPPORT,distribution_free_conformal,43,0.4418604651162791,7.481004517347387,5.784908563155611,13.82686626912795,0.7906976744186046,18.74190053254819,17.032305698886777,23.086505881106472,0.9767441860465116,56.93923292064494,57.60927081054603,58.93840428416734,2.6668638602358605,,,,
rolling_origin,Z10_catboost,conformalized,zone,GEO_NE,ELIGIBLE_SUPPORT,distribution_free_conformal,213,0.5821596244131455,7.652185594689322,7.903921861170527,12.351760890304716,0.8779342723004695,19.425644819063304,18.09370146195981,21.68078477017201,0.9953051643192489,60.93438856169419,63.74866767017808,61.33797714681842,2.4543100167155787,,,,
rolling_origin,Z10_catboost,conformalized,zone,GEO_NW,ELIGIBLE_SUPPORT,distribution_free_conformal,48,0.625,7.513866854477141,6.40701528469398,10.995972221373657,0.9791666666666666,19.05623352302094,16.962290754878577,19.489595635048754,1.0,59.44852108523767,63.89152583756798,59.44852108523767,2.2133120069528887,,,,
rolling_origin,Z10_catboost,conformalized,zone,GEO_SE,ELIGIBLE_SUPPORT,distribution_free_conformal,54,0.3888888888888889,6.512560578883811,5.0262083822301875,24.428182713037238,0.7222222222222222,16.445864618497822,13.225613944947483,46.10107808665759,0.9074074074074074,50.33502996324699,45.14822597833362,104.20770043874926,4.804835508072474,,,,
rolling_origin,Z10_catboost,conformalized,zone,GEO_SW,ELIGIBLE_SUPPORT,distribution_free_conformal,280,0.3607142857142857,6.5352937628723735,5.758984177578473,31.93341054340423,0.65,16.52592077956952,16.537907382455067,58.79903282127937,0.8857142857142857,50.84715161166581,45.48878814173972,116.28771121255451,6.07333758876468,,,,
rolling_origin,Z10_catboost,conformalized,gap,gap,ELIGIBLE_SUPPORT,distribution_free_conformal,437,0.5148741418764302,7.357175721164323,7.1632984908624735,19.455000367474177,0.8237986270022883,18.680597869696122,17.78129219759763,35.612556045836065,0.9565217391304348,58.58172591213141,57.87212105960701,86.82980825516262,3.8194381089505995,,,,
rolling_origin,Z10_catboost,conformalized,gap,no_gap,ELIGIBLE_SUPPORT,distribution_free_conformal,158,0.3227848101265823,6.057315667081711,5.414594442584306,31.122616419821647,0.6012658227848101,15.216929077130581,13.210362737178743,56.607646589470576,0.879746835443038,45.491352034257034,45.37457101238342,102.28903101307202,5.822203788435246,,,,
rolling_origin,Z11_ebm,conformalized,overall,all,ELIGIBLE_SUPPORT,distribution_free_conformal,595,0.5378151260504201,9.458852156509687,9.092989053392813,23.482006978214564,0.8134453781512605,23.073720592280047,21.86325136111915,42.38727857347089,0.9445378151260504,56.43465180363315,57.55952008952539,88.31057539280553,4.4635520530987804,,,,
rolling_origin,Z11_ebm,conformalized,transition,accelerating,ELIGIBLE_SUPPORT,distribution_free_conformal,67,0.1791044776119403,8.441194183598089,7.412847443185711,57.45389939784927,0.40298507462686567,21.603606311874103,21.135435382502806,103.92608299348544,0.7164179104477612,56.29575715018954,61.410302058310165,202.29453495856964,10.806969709226472,,,,
rolling_origin,Z11_ebm,conformalized,transition,decelerating,ELIGIBLE_SUPPORT,distribution_free_conformal,54,0.4444444444444444,9.622990948858742,9.378094182669438,30.507177729142168,0.7407407407407407,22.784226559628,21.412217871811457,53.636948917878684,0.9444444444444444,52.735452771337165,48.1635857567002,120.58664991370058,5.806312450199766,,,,
rolling_origin,Z11_ebm,conformalized,transition,stable,ELIGIBLE_SUPPORT,distribution_free_conformal,413,0.6222760290556901,9.660797046341576,9.226675130499334,16.785414884202922,0.9031476997578692,23.560655534685534,23.081308664460693,30.907800545297462,0.9854721549636803,57.67211752565477,58.115144280974405,68.13835424271265,3.2425914761829904,,,,
rolling_origin,Z11_ebm,conformalized,transition,volatile_or_gap,ELIGIBLE_SUPPORT,distribution_free_conformal,61,0.4426229508196721,9.064038220405704,9.308035611632734,25.28883521036526,0.7213114754098361,21.64792064698403,23.890593603526224,42.55846432587471,0.9180327868852459,51.483657481170404,55.525658327335506,71.11867408057321,4.574022116413742,,,,
rolling_origin,Z11_ebm,conformalized,profile,P-D01,ELIGIBLE_SUPPORT,distribution_free_conformal,52,0.3269230769230769,8.060652797509583,7.263766507261767,39.43679013602094,0.5576923076923077,19.404523402056125,21.100919980180393,68.60627625888691,0.9038461538461539,47.09631004804945,46.92234758701103,137.11390684525443,7.291204043128586,,,,
rolling_origin,Z11_ebm,conformalized,profile,P-H01,ELIGIBLE_SUPPORT,distribution_free_conformal,47,0.40425531914893614,10.134005349471304,8.937748717408624,37.17525437454904,0.6382978723404256,24.67109621983919,22.626751360169465,62.00483996014622,0.8936170212765957,58.449264610142144,61.440375665269386,135.29225894777443,6.879957602174661,,,,
rolling_origin,Z11_ebm,conformalized,profile,P-H02,ELIGIBLE_SUPPORT,distribution_free_conformal,51,0.47058823529411764,8.318983466093828,7.425775588988991,27.871940074416262,0.7058823529411765,20.259163769942678,19.317828491728392,49.36545508211031,0.9215686274509803,48.10902181613857,54.228111256733825,77.66678221918903,5.114933929365399,,,,
rolling_origin,Z11_ebm,conformalized,profile,P-H03,ELIGIBLE_SUPPORT,distribution_free_conformal,49,0.3673469387755102,8.628089968229355,7.18776284387431,28.329754486753682,0.673469387755102,20.782748978860713,19.534369464159724,51.41541054098177,0.8979591836734694,50.774757543571035,48.06400555859392,93.65001335992991,5.329014352939828,,,,
rolling_origin,Z11_ebm,conformalized,profile,P-H04,ELIGIBLE_SUPPORT,distribution_free_conformal,60,0.25,7.669569235000519,5.626204381844515,45.605498939479226,0.5166666666666667,18.266812002397803,12.954920578560195,83.28021573024093,0.7666666666666667,44.33418083167439,35.13999190088998,162.08927170962502,8.610760971061035,,,,
rolling_origin,Z11_ebm,conformalized,profile,P-H05,ELIGIBLE_SUPPORT,distribution_free_conformal,34,0.6176470588235294,11.129875583040675,10.034465799469148,16.036464243836125,1.0,26.37732893148979,27.579380754576555,26.37732893148979,1.0,61.52899672882027,67.2228381960557,61.52899672882027,3.0229687692338256,,,,
rolling_origin,Z11_ebm,conformalized,profile,P-H06,ELIGIBLE_SUPPORT,distribution_free_conformal,37,0.8648648648648649,10.98674364943059,11.222701779050531,11.888989892094166,0.972972972972973,27.01282638127594,27.049730869853082,27.384572769864125,1.0,67.20041732628401,58.115144280974405,67.20041732628401,2.51730931826462,,,,
rolling_origin,Z11_ebm,conformalized,profile,P-H07,ELIGIBLE_SUPPORT,distribution_free_conformal,32,0.5625,9.386730396228007,9.256013609896584,15.169689738544385,0.9375,24.261242599571105,23.432468864284335,26.068761671618375,1.0,63.236239099388456,62.59231803630361,63.236239099388456,2.926693822873664,,,,
rolling_origin,Z11_ebm,conformalized,profile,P-V01,ELIGIBLE_SUPPORT,distribution_free_conformal,37,0.5135135135135135,9.742106433055273,8.731189816259395,14.96958687720073,0.9459459459459459,23.655993831462666,22.103828077662108,25.338593580913734,1.0,57.902307125658155,56.87729240389696,57.902307125658155,2.9051082057247255,,,,
rolling_origin,Z11_ebm,conformalized,profile,P-V02,ELIGIBLE_SUPPORT,distribution_free_conformal,39,0.5641025641025641,9.91296948001727,9.875942053460648,14.971243637301267,0.9743589743589743,24.71405831066682,26.978273902199177,25.04607871030539,1.0,62.83066913045532,74.57461613309874,62.83066913045532,2.8958441267560793,,,,
rolling_origin,Z11_ebm,conformalized,profile,P-V03,ELIGIBLE_SUPPORT,distribution_free_conformal,42,0.6904761904761905,10.136542358499806,8.84454777676692,13.68340167131583,0.9761904761904762,24.800736483780025,23.016640353351434,25.51966672578912,1.0,60.831174298285966,57.18345567847741,60.831174298285966,2.662684859588642,,,,
rolling_origin,Z11_ebm,conformalized,profile,P-V04,ELIGIBLE_SUPPORT,distribution_free_conformal,37,0.7837837837837838,10.08340652212275,10.987679512685109,11.233246364686313,1.0,24.932799347792884,27.47288426790172,24.932799347792884,1.0,63.3086295620902,60.47699419672717,63.3086295620902,2.410749191585782,,,,
rolling_origin,Z11_ebm,conformalized,profile,P-V05,ELIGIBLE_SUPPORT,distribution_free_conformal,35,0.8571428571428571,10.250533876913543,12.459351113397773,12.272894294981562,0.9714285714285714,25.566284984291332,24.18195501866631,26.74093260880382,1.0,60.92401625230669,55.39394405483323,60.92401625230669,2.513835785069043,,,,
rolling_origin,Z11_ebm,conformalized,profile,P-V06,ELIGIBLE_SUPPORT,distribution_free_conformal,43,0.627906976744186,10.125400129551675,9.29496615849036,13.94621569977529,0.9302325581395349,24.2315857979207,23.111623382905023,25.953828758447877,1.0,59.453687393068215,61.841855932927636,59.453687393068215,2.689921293202696,,,,
rolling_origin,Z11_ebm,conformalized,zone,GEO_NE,ELIGIBLE_SUPPORT,distribution_free_conformal,213,0.7183098591549296,10.35163040813238,9.443521143816966,13.424133804141022,0.9671361502347418,25.384642889855975,24.267150052029418,26.261470781141803,1.0,62.50959807022983,61.703615681919885,62.50959807022983,2.6797992636668644,,,,
rolling_origin,Z11_ebm,conformalized,zone,GEO_NW,ELIGIBLE_SUPPORT,distribution_free_conformal,48,0.6666666666666666,9.97770646346934,9.793442570576632,13.457963634298531,0.9791666666666666,24.59105174225196,25.507392131404306,24.8608183169583,1.0,61.54609863071491,61.95182433541176,61.54609863071491,2.651038707055148,,,,
rolling_origin,Z11_ebm,conformalized,zone,GEO_SE,ELIGIBLE_SUPPORT,distribution_free_conformal,54,0.4074074074074074,8.71160595599797,7.276535547784292,26.745345229783535,0.7037037037037037,21.173722722557663,19.725778682518605,48.970026732630465,0.9074074074074074,51.97496541183077,48.13312900874577,90.88029013408234,5.050900621639153,,,,
rolling_origin,Z11_ebm,conformalized,zone,GEO_SW,ELIGIBLE_SUPPORT,distribution_free_conformal,280,0.4035714285714286,8.834868301145171,8.402821208878755,32.22222412464638,0.6892857142857143,21.42208323650392,21.256688684645894,56.389416971628336,0.9,51.79718774174853,53.516249487049976,112.03035560087706,6.017920489019896,,,,
rolling_origin,Z11_ebm,conformalized,gap,gap,ELIGIBLE_SUPPORT,distribution_free_conformal,437,0.5903890160183066,9.910574226889583,9.333427984139675,20.184108350627508,0.8787185354691075,24.365104710472536,24.090138875055928,36.84556186024172,0.9679633867276888,59.76070911232521,60.43751544855532,84.17379722482485,3.9065712522664775,,,,
rolling_origin,Z11_ebm,conformalized,gap,no_gap,ELIGIBLE_SUPPORT,distribution_free_conformal,158,0.3924050632911392,8.20946896185137,7.276535547784292,32.603410144388896,0.6329113924050633,19.501980974241324,18.39183132217096,57.714684925883226,0.879746835443038,47.23536671566839,47.223992989508446,99.7521707055116,6.004062242742555,,,,
rolling_origin,Z12_ngboost,conformalized,overall,all,ELIGIBLE_SUPPORT,distribution_free_conformal,595,0.5310924369747899,7.965909408194683,7.431198867424666,21.39228059653443,0.8050420168067227,20.222102328349806,20.43208964906941,39.15522978566993,0.9394957983193277,53.92887889639943,48.88022324335084,87.21874703988095,4.1219384638565435,,,,
rolling_origin,Z12_ngboost,conformalized,transition,accelerating,ELIGIBLE_SUPPORT,distribution_free_conformal,67,0.208955223880597,6.908009829484046,5.826922299385643,56.781471211835445,0.417910447761194,19.265664851942354,17.320722798755924,105.56150329720877,0.7014925373134329,53.59144409629199,55.028377343947085,221.6520354742906,10.868496908464635,,,,
rolling_origin,Z12_ngboost,conformalized,transition,decelerating,ELIGIBLE_SUPPORT,distribution_free_conformal,54,0.48148148148148145,8.060942701810875,7.78501822744871,26.137465429386573,0.7592592592592593,19.545989585156182,18.659678368759284,48.07675680554815,0.9259259259259259,49.89436732056685,44.56899297685866,104.26637301526763,5.048558834318988,,,,
rolling_origin,Z12_ngboost,conformalized,transition,stable,ELIGIBLE_SUPPORT,distribution_free_conformal,413,0.5956416464891041,8.171559550384707,7.56034243608449,14.829555073669365,0.8813559322033898,20.658777417163492,20.714428193094133,27.215433786542008,0.9782082324455206,54.89985044560064,48.71407928524248,64.91468954367282,2.89764625198706,,,,
rolling_origin,Z12_ngboost,conformalized,transition,volatile_or_gap,ELIGIBLE_SUPPORT,distribution_free_conformal,61,0.4918032786885246,7.651384247438273,6.3821577534414615,22.754409920207983,0.7540983606557377,18.91463654755804,20.276989207157712,39.157737380642175,0.9508196721311475,51.297083927252956,47.187029022503026,75.48060963262911,4.180557606616914,,,,
rolling_origin,Z12_ngboost,conformalized,profile,P-D01,ELIGIBLE_SUPPORT,distribution_free_conformal,52,0.38461538461538464,6.872333185145389,6.228063297278046,36.77171548564688,0.6153846153846154,17.113301537899112,16.59175897886853,68.38399471838491,0.8461538461538461,44.721257206025136,44.10465263409458,139.6942853046369,7.017622679525679,,,,
rolling_origin,Z12_ngboost,conformalized,profile,P-H01,ELIGIBLE_SUPPORT,distribution_free_conformal,47,0.425531914893617,8.375263836285878,8.038518039555,34.127271869774,0.7021276595744681,21.079024748527928,21.87185331870785,65.27734391704624,0.8723404255319149,56.54736036949282,57.722782617469505,146.94382773596502,6.710975408004087,,,,
rolling_origin,Z12_ngboost,conformalized,profile,P-H02,ELIGIBLE_SUPPORT,distribution_free_conformal,51,0.37254901960784315,6.876783019074853,6.119801482178879,29.714122914056276,0.6078431372549019,17.37853050830901,17.346433407535727,49.927734570037856,0.8823529411764706,47.089011345656004,47.187029022503026,82.71481179716459,5.345278613806208,,,,
rolling_origin,Z12_ngboost,conformalized,profile,P-H03,ELIGIBLE_SUPPORT,distribution_free_conformal,49,0.4489795918367347,7.273963049397189,6.074604111346858,23.596303180641595,0.7346938775510204,18.230869451429346,16.47342254934856,44.20989003866617,0.9183673469387755,48.29327682082616,44.0060115285621,96.40674452702302,4.575051362185717,,,,
rolling_origin,Z12_ngboost,conformalized,profile,P-H04,ELIGIBLE_SUPPORT,distribution_free_conformal,60,0.3,6.4426795147965565,5.501333617760572,38.23204270718197,0.5333333333333333,16.099701126089073,12.858209850784377,67.44072624187307,0.85,41.62426852207724,27.302283197876086,139.723702635151,7.187482669369574,,,,
rolling_origin,Z12_ngboost,conformalized,profile,P-H05,ELIGIBLE_SUPPORT,distribution_free_conformal,34,0.5588235294117647,9.52579256592038,9.036633055247153,15.948535132251402,0.8823529411764706,22.794549312683127,23.678375075306285,23.75208470281413,1.0,59.08644593093731,62.42495082695189,59.08644593093731,2.901479490010391,,,,
rolling_origin,Z12_ngboost,conformalized,profile,P-H06,ELIGIBLE_SUPPORT,distribution_free_conformal,37,0.918918918918919,9.303856550122887,8.874657946366833,9.598173953473243,1.0,23.83694500820994,20.816677203509503,23.83694500820994,1.0,64.13050437650584,48.172937728558104,64.13050437650584,2.1071522126989937,,,,
rolling_origin,Z12_ngboost,conformalized,profile,P-H07,ELIGIBLE_SUPPORT,distribution_free_conformal,32,0.46875,8.046926712710404,7.319445562394499,15.166785769471108,0.84375,22.047123523562043,22.00490148728431,25.393539295482572,1.0,60.69313121889498,66.79286584045693,60.69313121889498,2.906194886028606,,,,
rolling_origin,Z12_ngboost,conformalized,profile,P-V01,ELIGIBLE_SUPPORT,distribution_free_conformal,37,0.5945945945945946,8.294664670210244,6.9044268135813525,12.977561466207685,0.918918918918919,20.81038311940666,21.15335619442392,22.617776073271983,1.0,55.53606895113454,49.8731035191073,55.53606895113454,2.5120680702690175,,,,
rolling_origin,Z12_ngboost,conformalized,profile,P-V02,ELIGIBLE_SUPPORT,distribution_free_conformal,39,0.5641025641025641,8.434885963453759,7.934007494271029,13.271117794411566,0.9487179487179487,22.01246726882391,22.56175923221069,22.196393606749258,1.0,59.315667680715706,65.39338034021732,59.315667680715706,2.59175417449394,,,,
rolling_origin,Z12_ngboost,conformalized,profile,P-V03,ELIGIBLE_SUPPORT,distribution_free_conformal,42,0.6904761904761905,8.623545716418596,8.099061050603838,11.82517381173037,0.9761904761904762,21.878673124282496,20.125142971532757,22.194584037373172,1.0,58.38470201038261,53.93351466741261,58.38470201038261,2.3688487464779358,,,,
rolling_origin,Z12_ngboost,conformalized,profile,P-V04,ELIGIBLE_SUPPORT,distribution_free_conformal,37,0.6486486486486487,8.345411440060891,8.79433097470178,10.009503564341477,1.0,21.93421075381902,21.261240057832445,21.93421075381902,1.0,60.17186367372686,64.53558338378227,60.17186367372686,2.165533612813503,,,,
rolling_origin,Z12_ngboost,conformalized,profile,P-V05,ELIGIBLE_SUPPORT,distribution_free_conformal,35,0.7714285714285715,8.479206337625172,8.740049608021977,10.36997318753594,1.0,22.054350620108394,19.841951124540742,22.054350620108394,1.0,59.17247594276007,43.33424056131645,59.17247594276007,2.170151435798798,,,,
rolling_origin,Z12_ngboost,conformalized,profile,P-V06,ELIGIBLE_SUPPORT,distribution_free_conformal,43,0.5813953488372093,8.50675983018614,6.810587616585728,14.79798017997223,0.8604651162790697,21.2235577023559,21.69247005203392,27.768079449849296,0.9302325581395349,55.754387567835884,56.439795554351676,68.77295339584717,2.906411225633612,,,,
rolling_origin,Z12_ngboost,conformalized,zone,GEO_NE,ELIGIBLE_SUPPORT,distribution_free_conformal,213,0.6619718309859155,8.718445764313817,8.746709250782265,12.704107435183763,0.9295774647887324,22.28603705326531,21.474034951390003,24.262825518561677,0.9859154929577465,59.67393341203437,62.45456190548609,62.302094588581255,2.536249345088563,,,,
rolling_origin,Z12_ngboost,conformalized,zone,GEO_NW,ELIGIBLE_SUPPORT,distribution_free_conformal,48,0.75,8.546615897714343,8.012610885756825,10.886665645943056,0.9583333333333334,21.857328984813194,21.19266637288974,22.00676913437754,1.0,58.39942000851062,60.881790985205754,58.39942000851062,2.2482464584890813,,,,
rolling_origin,Z12_ngboost,conformalized,zone,GEO_SE,ELIGIBLE_SUPPORT,distribution_free_conformal,54,0.46296296296296297,7.339993589283887,6.172365429859742,22.269955347011642,0.7592592592592593,18.610321412220536,16.62092578131592,42.18387713026876,0.9259259259259259,49.52972313677453,44.23171145905826,93.18824012943463,4.344913032512418,,,,
rolling_origin,Z12_ngboost,conformalized,zone,GEO_SW,ELIGIBLE_SUPPORT,distribution_free_conformal,280,0.40714285714285714,7.4146069041620555,6.687401127843257,29.63319475535696,0.6928571428571428,18.682556591041717,19.518751420245785,52.839734298340495,0.8964285714285715,49.640563988571465,44.775989908397165,109.96239719272637,5.606396934741547,,,,
rolling_origin,Z12_ngboost,conformalized,gap,gap,ELIGIBLE_SUPPORT,distribution_free_conformal,437,0.5812356979405034,8.352540686982174,8.145736624933384,19.29648670809145,0.8604118993135011,21.36929812032652,20.935373395645414,36.35175299504526,0.9519450800915332,57.318250363033,57.055199283729976,86.49299269978012,3.7941741009905585,,,,
rolling_origin,Z12_ngboost,conformalized,gap,no_gap,ELIGIBLE_SUPPORT,distribution_free_conformal,158,0.3924050632911392,6.896555808003967,5.756921408314987,27.188875085455827,0.6518987341772152,17.049162068262316,16.428422108589473,46.909149769866005,0.9050632911392406,44.55447806779901,44.45346166118328,89.2260549299067,5.028476606720059,,,,
rolling_origin,Z12_ngboost,native,overall,all,ELIGIBLE_SUPPORT,normal,595,0.37815126050420167,4276.381809091185,5.237297229435839,4290.580814835473,0.6352941176470588,8125.258835607282,9.95102810925546,8147.631726494873,0.8168067226890756,12426.511044125355,15.218784189146717,12483.030997455939,629.2762497470154,744.3933543500934,478.49265518874654,0.0,VALID
rolling_origin,Z12_ngboost,native,transition,accelerating,ELIGIBLE_SUPPORT,normal,67,0.22388059701492538,10.33456094046959,8.239912466380332,53.67543230478122,0.4626865671641791,19.635988165312565,15.65609072364748,96.01738190839228,0.6417910447761194,30.03065240571309,23.943924522460264,242.2481976595974,10.521063248175343,12.367319086259897,7.414829107057657,0.0,VALID
rolling_origin,Z12_ngboost,native,transition,decelerating,ELIGIBLE_SUPPORT,normal,54,0.35185185185185186,6.285442422665317,5.838091235854195,24.97698460967713,0.6296296296296297,11.942536672448284,11.092555462742178,44.506444013709135,0.7962962962962963,18.264533703800343,16.964599621279206,114.7252554070553,4.938364713085684,5.820403304182873,6.664620908413917,0.0,VALID
rolling_origin,Z12_ngboost,native,transition,stable,ELIGIBLE_SUPPORT,normal,413,0.4092009685230024,6157.475222826981,4.889672363925005,6166.193309690254,0.6634382566585957,11699.395000920285,9.290530020903294,11711.407595512082,0.8547215496368039,17892.680606236336,14.208639533377323,17917.99256945576,903.6368182018448,1068.9418821514787,686.6865699238782,0.0,VALID
rolling_origin,Z12_ngboost,native,transition,volatile_or_gap,ELIGIBLE_SUPPORT,normal,61,0.36065573770491804,6.198031276665369,5.431065540141481,21.520275273585604,0.639344262295082,11.7764527683271,10.319193944044727,35.95127464518217,0.7704918032786885,18.010530291654383,15.781845244140985,79.45441419474888,4.029176229145886,4.887481189176426,4.014645565823056,0.0,VALID
rolling_origin,Z12_ngboost,native,profile,P-D01,ELIGIBLE_SUPPORT,normal,52,0.3076923076923077,7.838514972362753,6.5332071651302925,35.47589098932553,0.5576923076923077,14.893422963738074,12.413297411956094,64.07847934484086,0.6923076923076923,22.77752483806124,18.984500125423537,155.62766467178426,6.915858914595376,8.135221368277033,5.673578878274092,0.0,VALID
rolling_origin,Z12_ngboost,native,profile,P-H01,ELIGIBLE_SUPPORT,normal,47,0.2765957446808511,7.2964554541642475,6.032213733083864,33.35895163460261,0.5531914893617021,13.863492970044772,11.461394262975674,60.27526665504851,0.7446808510638298,21.202382839480308,17.528689888104637,149.84698610876947,6.533915743526226,7.674310054014104,9.28280425745987,0.0,VALID
rolling_origin,Z12_ngboost,native,profile,P-H02,ELIGIBLE_SUPPORT,normal,51,0.23529411764705882,7.509192415169334,6.100334915361117,28.09130376808195,0.5490196078431373,14.267699832114968,11.590826634288629,46.208871178570746,0.7647058823529411,21.82056388912451,17.726639617969155,107.26869130428379,5.298494574388405,6.4296356516457305,5.057888758603513,0.0,VALID
rolling_origin,Z12_ngboost,native,profile,P-H03,ELIGIBLE_SUPPORT,normal,49,0.3877551020408163,6.2570330491274335,6.259375918059305,23.09660547409251,0.5714285714285714,11.888557976518458,11.893009500572958,39.942659042712805,0.7551020408163265,18.18198041230642,18.18878843085027,91.46344406970286,4.382128494281257,5.23513338701608,5759.9430613809745,0.0,VALID
rolling_origin,Z12_ngboost,native,profile,P-H04,ELIGIBLE_SUPPORT,normal,60,0.3,7.645584624755845,6.675386076517331,36.85984474241668,0.5666666666666667,14.526849284975986,12.683441778749682,65.30504740456134,0.7666666666666667,22.21689877558304,19.397650281669343,174.97849386098693,7.280269071004832,8.528107834187287,7.274050059753207,0.0,VALID
rolling_origin,Z12_ngboost,native,profile,P-H05,ELIGIBLE_SUPPORT,normal,34,0.35294117647058826,4.710297417396044,4.87214308608821,15.384956858008005,0.5882352941176471,8.949712027039276,9.257223846201477,24.15582795302097,0.7941176470588235,13.687403391800133,14.157702134810279,43.638072645395596,2.7624138969593317,3.461257177896644,3.8036281913624084,0.0,VALID
rolling_origin,Z12_ngboost,native,profile,P-H06,ELIGIBLE_SUPPORT,normal,37,0.6216216216216216,5.597904619877208,3.7252440935217095,7.083684209582838,0.918918918918919,10.636193399955188,7.078079983721981,11.234168898092777,1.0,16.266654075410496,10.824989193387339,16.266654075410496,1.2255818399813658,1.5442551709375487,2.4456015166294147,0.0,VALID
rolling_origin,Z12_ngboost,native,profile,P-H07,ELIGIBLE_SUPPORT,normal,32,0.21875,4.846337691495361,4.830648283498601,14.505494860497311,0.5625,9.20819279149628,9.178382426883815,20.43600624662451,0.8125,14.082715607596004,14.037124589195104,29.523502147877416,2.4946758120558363,3.262994435610626,3.38064803326768,0.0,VALID
rolling_origin,Z12_ngboost,native,profile,P-V01,ELIGIBLE_SUPPORT,normal,37,0.40540540540540543,4.980091647277761,4.951420841444275,12.422323500747922,0.7297297297297297,9.462329479831254,9.407854054384615,18.449368643448384,0.8378378378378378,14.47138413228012,14.38807115854695,26.848655499974313,2.148400764375787,2.7728194530205372,3.1229347337977056,0.0,VALID
rolling_origin,Z12_ngboost,native,profile,P-V02,ELIGIBLE_SUPPORT,normal,39,0.358974358974359,5.395093702751258,5.241189607102299,13.317420334520007,0.5897435897435898,10.250846330890406,9.958423748241355,18.39318471385836,0.8461538461538461,15.677316590114629,15.230094842923545,23.557143456466978,2.23098035738874,2.9414711555969366,3.1236284244300765,0.0,VALID
rolling_origin,Z12_ngboost,native,profile,P-V03,ELIGIBLE_SUPPORT,normal,42,0.42857142857142855,4.631576190528364,4.777364275472053,10.484396542563045,0.6666666666666666,8.800139240344537,9.077141149481065,15.044482684114852,0.8809523809523809,13.458651554674951,13.882289416898397,21.855869623297693,1.8078701001079966,2.351503513587466,2.956132583945247,0.0,VALID
rolling_origin,Z12_ngboost,native,profile,P-V04,ELIGIBLE_SUPPORT,normal,37,0.5405405405405406,68676.85267103514,3.6993891888417867,68680.3111526606,0.7567567567567568,130488.16239483941,7.028954858306911,130492.23582368626,0.918918918918919,199564.4229844283,10.749858797437462,199569.16443074975,10059.97421582544,11898.548961572264,3.0711414876161864,0.0,VALID
rolling_origin,Z12_ngboost,native,profile,P-V05,ELIGIBLE_SUPPORT,normal,35,0.5428571428571428,4.418988252124976,4.671319295459561,8.875429530050061,0.7428571428571429,8.39621552586621,8.875652379468399,13.348080288588804,0.8571428571428571,12.840903541903623,13.574138934989172,18.81251180287001,1.526362278364318,1.9622893346001198,2.8273193088374584,0.0,VALID
rolling_origin,Z12_ngboost,native,profile,P-V06,ELIGIBLE_SUPPORT,normal,43,0.4418604651162791,5.548247966102712,5.242715289254704,12.933105583024762,0.6744186046511628,10.541844208783777,9.961322591923377,19.55956362463279,0.8837209302325582,16.122359439409752,15.234528241755342,28.81313874092821,2.2532496261674715,2.881390134175371,3.211608670354673,0.0,VALID
rolling_origin,Z12_ngboost,native,zone,GEO_NE,ELIGIBLE_SUPPORT,normal,213,0.45539906103286387,11933.971728276025,4.789073882655728,11940.118341035073,0.7089201877934272,22674.91855449397,9.099389768401942,22682.438858059133,0.8779342723004695,34678.29536792878,13.916315743238336,34689.76283852457,1749.209872274354,2069.0567811160154,3.125534877384876,0.0,VALID
rolling_origin,Z12_ngboost,native,zone,GEO_NW,ELIGIBLE_SUPPORT,normal,48,0.5416666666666666,5.125878730556651,4.828138490569641,9.765307392450929,0.75,9.739329485773423,9.17361374202779,14.537119552799936,0.8958333333333334,14.89501908381897,14.02983151506316,19.065810570365343,1.6737765277792456,2.17582111588365,2.785493199316278,0.0,VALID
rolling_origin,Z12_ngboost,native,zone,GEO_SE,ELIGIBLE_SUPPORT,normal,54,0.4074074074074074,6.106666028447207,5.690518381326697,21.743776560853167,0.5925925925925926,11.60285594664625,10.812162435721945,37.214771266143714,0.7777777777777778,17.745036863631057,16.53577549180121,84.2411798120093,4.101446806544488,4.917678633691592,5226.854629891617,0.0,VALID
rolling_origin,Z12_ngboost,native,zone,GEO_SW,ELIGIBLE_SUPPORT,normal,280,0.2857142857142857,6.9121290780700635,5.790924908726245,28.59814106254424,0.5678571428571428,13.133260866709769,11.002937969882957,49.19293253909388,0.7642857142857142,20.085589211060586,16.82754149337297,117.92777236901738,5.485165729107099,6.553419288616203,5.905490073952305,0.0,VALID
rolling_origin,Z12_ngboost,native,gap,gap,ELIGIBLE_SUPPORT,normal,437,0.38672768878718533,5819.797896871882,4.8808636547849815,5832.435463824104,0.6384439359267735,11057.79754802961,9.273793198756557,11077.973281608822,0.816933638443936,16911.441977961586,14.183042772774627,16961.54354429622,855.0293629382165,1011.3864799658812,649.6711755494727,0.0,VALID
rolling_origin,Z12_ngboost,native,gap,no_gap,ELIGIBLE_SUPPORT,normal,158,0.35443037974683544,7.566427064822752,6.520930870526186,26.084095797296133,0.6265822784810127,14.3764474518459,12.389972069259017,42.82628608477706,0.8164556962025317,21.98687902134981,18.94882709217037,96.25895334706856,4.883145540971553,5.937684134276479,5.043203304965923,0.0,VALID
rolling_origin,Z13_residual_mlp,conformalized,overall,all,ELIGIBLE_SUPPORT,distribution_free_conformal,595,0.3815126050420168,7.260790803149796,7.3638985340255,24.86020703563548,0.6789915966386555,16.75426818504131,15.241416693995212,41.36478559688202,0.934453781512605,49.54301750173637,50.42562886459912,83.74278066792743,4.593964117277062,,,,
rolling_origin,Z13_residual_mlp,conformalized,transition,accelerating,ELIGIBLE_SUPPORT,distribution_free_conformal,67,0.19402985074626866,6.548329843085043,6.152736123696897,48.41482835383955,0.31343283582089554,15.281092252985367,13.538031877113212,91.02603737526975,0.7611940298507462,48.19020226318669,44.29596269671251,175.32471162573358,9.204969649877262,,,,
rolling_origin,Z13_residual_mlp,conformalized,transition,decelerating,ELIGIBLE_SUPPORT,distribution_free_conformal,54,0.3888888888888889,7.093084984981314,7.2419514762166415,29.771915710579854,0.6666666666666666,16.7816065868259,15.271329542754657,54.54239775127557,0.9444444444444444,48.80985570766225,42.70052738906891,114.47764606149141,5.686152419437117,,,,
rolling_origin,Z13_residual_mlp,conformalized,transition,stable,ELIGIBLE_SUPPORT,distribution_free_conformal,413,0.41646489104116224,7.409935629014044,7.42729128854328,19.770958326974352,0.7433414043583535,17.106846884664694,16.248788376673645,30.55149033786283,0.9588377723970944,50.41923280782925,51.73259985572872,65.80943986808646,3.6090200688645564,,,,
rolling_origin,Z13_residual_mlp,conformalized,transition,volatile_or_gap,ELIGIBLE_SUPPORT,distribution_free_conformal,61,0.3442622950819672,7.182006957633441,7.389603941687646,29.097384411215394,0.6557377049180327,15.961014263843325,14.912565942777334,48.364720293368876,0.9508196721311475,45.74551645987527,50.25798971026849,77.36241419102348,5.231117445039496,,,,
rolling_origin,Z13_residual_mlp,conformalized,profile,P-D01,ELIGIBLE_SUPPORT,distribution_free_conformal,52,0.34615384615384615,6.38958332063839,6.217466452305082,27.58392440721108,0.5961538461538461,14.439432132394748,13.294394486516477,48.847284610708655,0.8846153846153846,41.833161597089365,42.82508322045294,100.12200903274912,5.19902863319679,,,,
rolling_origin,Z13_residual_mlp,conformalized,profile,P-H01,ELIGIBLE_SUPPORT,distribution_free_conformal,47,0.2765957446808511,7.61509987473129,7.465233714772296,42.564137271667576,0.5106382978723404,17.634824320574822,17.43934006301452,75.35494595265205,0.8936170212765957,51.96018925344055,57.72840577869471,143.88678047617424,7.955911925990395,,,,
rolling_origin,Z13_residual_mlp,conformalized,profile,P-H02,ELIGIBLE_SUPPORT,distribution_free_conformal,51,0.3333333333333333,6.381724110407759,5.662943984839295,29.420177319536705,0.5490196078431373,14.793206821221224,13.712707373541107,49.99868550987354,0.8627450980392157,42.960285055773035,44.05334242313937,67.47510747157602,5.201256220786385,,,,
rolling_origin,Z13_residual_mlp,conformalized,profile,P-H03,ELIGIBLE_SUPPORT,distribution_free_conformal,49,0.2857142857142857,6.585300547746543,7.18220329214472,32.41825146695652,0.46938775510204084,15.348033079769957,13.148489103419237,57.49163997522455,0.9387755102040817,44.877937394345565,42.376987427950105,104.9429662847452,5.995692956628637,,,,
rolling_origin,Z13_residual_mlp,conformalized,profile,P-H04,ELIGIBLE_SUPPORT,distribution_free_conformal,60,0.26666666666666666,6.073647636836378,5.756205542504929,42.0485396174194,0.43333333333333335,13.64386937924838,11.571318731797534,80.19696357076441,0.7666666666666667,38.61707642642821,23.660738666075357,172.0901192567232,8.172819854545814,,,,
rolling_origin,Z13_residual_mlp,conformalized,profile,P-H05,ELIGIBLE_SUPPORT,distribution_free_conformal,34,0.4117647058823529,8.404991904203007,7.692040086318998,23.872100489441383,0.7352941176470589,19.385325849426117,17.04237577376483,33.84561481249781,1.0,55.421887498273854,61.316417222214284,55.421887498273854,4.0883392591335275,,,,
rolling_origin,Z13_residual_mlp,conformalized,profile,P-H06,ELIGIBLE_SUPPORT,distribution_free_conformal,37,0.6486486486486487,8.411735727516593,7.725525720825781,15.68481964697367,0.8648648648648649,19.449451355892773,17.872948031478142,25.03807227406092,1.0,58.4781044545157,56.05614977330804,58.4781044545157,2.89514197075617,,,,
rolling_origin,Z13_residual_mlp,conformalized,profile,P-H07,ELIGIBLE_SUPPORT,distribution_free_conformal,32,0.5625,7.625905799239623,7.366269077641206,16.432615841204537,0.78125,17.48710658859216,15.067216525525977,26.015330541987375,1.0,53.42465243115298,56.796976056066306,53.42465243115298,3.012950408887014,,,,
rolling_origin,Z13_residual_mlp,conformalized,profile,P-V01,ELIGIBLE_SUPPORT,distribution_free_conformal,37,0.2972972972972973,7.489378700301214,7.513285251120834,18.883233351591315,0.7027027027027027,17.231026562874057,15.241416693995212,24.29824037772627,1.0,51.02680611221044,56.06669516217075,51.02680611221044,3.2738651915770354,,,,
rolling_origin,Z13_residual_mlp,conformalized,profile,P-V02,ELIGIBLE_SUPPORT,distribution_free_conformal,39,0.41025641025641024,7.6407772763043615,7.455759148523782,13.834808349259038,0.8974358974358975,17.729844263373113,15.056916122109804,20.560719861825618,1.0,53.66759004537739,55.6069306305895,53.66759004537739,2.599695512029532,,,,
rolling_origin,Z13_residual_mlp,conformalized,profile,P-V03,ELIGIBLE_SUPPORT,distribution_free_conformal,42,0.3333333333333333,7.830595059622841,7.464084993770964,19.55806456675928,0.7142857142857143,18.094942532052777,16.07419769226666,26.660060030899444,1.0,53.83539537612662,52.78851904324462,53.83539537612662,3.400589494029507,,,,
rolling_origin,Z13_residual_mlp,conformalized,profile,P-V04,ELIGIBLE_SUPPORT,distribution_free_conformal,37,0.4864864864864865,7.514583102263815,7.513778601495661,14.998953995392265,0.8918918918918919,17.547865520762585,17.61095819501013,22.76267447072404,1.0,54.85185967134011,54.87750732193881,54.85185967134011,2.7842770159146006,,,,
rolling_origin,Z13_residual_mlp,conformalized,profile,P-V05,ELIGIBLE_SUPPORT,distribution_free_conformal,35,0.4857142857142857,7.63348145047356,7.556832401129327,12.225774877674928,0.9714285714285714,17.980613128144384,17.94080972019647,18.454814779180037,1.0,54.252691469418004,50.42562886459912,54.252691469418004,2.378663620479072,,,,
rolling_origin,Z13_residual_mlp,conformalized,profile,P-V06,ELIGIBLE_SUPPORT,distribution_free_conformal,43,0.3953488372093023,7.609518847204854,6.404519991295992,18.249678664134116,0.7441860465116279,17.629136174913434,14.907718953414488,26.3500446254925,0.9069767441860465,51.75636486689339,54.95707764092538,70.25553466009468,3.3849654418409507,,,,
rolling_origin,Z13_residual_mlp,conformalized,zone,GEO_NE,ELIGIBLE_SUPPORT,distribution_free_conformal,213,0.49765258215962443,7.867912933097044,7.541158452574184,17.06538265195429,0.8262910798122066,18.250687186996377,17.05640457919332,25.555269428944865,0.9812206572769953,54.65293019038282,55.41719510531014,58.387504373986836,3.116016219578064,,,,
rolling_origin,Z13_residual_mlp,conformalized,zone,GEO_NW,ELIGIBLE_SUPPORT,distribution_free_conformal,48,0.4166666666666667,7.742779219922748,7.497930315485051,14.58758429114546,0.8541666666666666,17.871495782047514,15.9112683878729,20.418774783998856,1.0,53.22131665775016,52.73355813913612,53.22131665775016,2.676767576008808,,,,
rolling_origin,Z13_residual_mlp,conformalized,zone,GEO_SE,ELIGIBLE_SUPPORT,distribution_free_conformal,54,0.2962962962962963,6.671628524198861,7.208643643229525,30.35186793737198,0.5185185185185185,15.548532948824361,13.169471502297668,53.78995402062575,0.9444444444444444,45.73063736800577,42.4966003635334,100.23408950929432,5.637790578191611,,,,
rolling_origin,Z13_residual_mlp,conformalized,zone,GEO_SW,ELIGIBLE_SUPPORT,distribution_free_conformal,280,0.30357142857142855,6.829941893790813,6.799365605839642,31.4917563097992,0.5678571428571428,15.656930794623415,14.124768505337505,54.58577262512076,0.8857142857142857,45.76051309120459,43.79155713540073,105.08268583101331,5.845613071924839,,,,
rolling_origin,Z13_residual_mlp,conformalized,gap,gap,ELIGIBLE_SUPPORT,distribution_free_conformal,437,0.41418764302059496,7.626879733383703,7.472243021606772,22.87859688318038,0.7254004576659039,17.598915834455937,16.420153280879717,36.877271156007566,0.9588100686498856,52.26696553139868,54.63638152915713,77.3762100052034,4.21022229280344,,,,
rolling_origin,Z13_residual_mlp,conformalized,gap,no_gap,ELIGIBLE_SUPPORT,distribution_free_conformal,158,0.2911392405063291,6.24825369864209,5.963649009139246,30.340989545906854,0.5506329113924051,14.418122471154026,11.758851467185014,53.776455284617086,0.8670886075949367,42.009059976657724,42.22249159319348,101.35158686799329,5.655325998890813,,,,
rolling_origin,Z14_enfs_replica,conformalized,overall,all,ELIGIBLE_SUPPORT,distribution_free_conformal,595,0.3899159663865546,7.740450097749927,7.205513044082572,24.160222907181097,0.6941176470588235,17.29351046280285,15.900977073336676,40.63596860458061,0.9193277310924369,42.61347856773444,42.124738672843606,78.63722379173304,4.468911713574817,,,,
rolling_origin,Z14_enfs_replica,conformalized,transition,accelerating,ELIGIBLE_SUPPORT,distribution_free_conformal,67,0.1791044776119403,7.433064123294331,6.064659644942402,51.22705048172712,0.40298507462686567,16.531460077169328,14.819665726398142,97.023952086744,0.7014925373134329,40.995392718322485,39.34586723764255,191.17184074934286,9.850381002529307,,,,
rolling_origin,Z14_enfs_replica,conformalized,transition,decelerating,ELIGIBLE_SUPPORT,distribution_free_conformal,54,0.37037037037037035,7.654931485692053,6.42530435170298,32.1329481823918,0.6296296296296297,16.96742826795661,15.172934733587105,58.07603472654629,0.8888888888888888,40.47895612726934,39.34006276088745,125.52211655128657,6.151521315919992,,,,
rolling_origin,Z14_enfs_replica,conformalized,transition,stable,ELIGIBLE_SUPPORT,distribution_free_conformal,413,0.43341404358353514,7.879153939468576,7.324754137230485,18.35973341211629,0.7627118644067796,17.627300544155315,16.047025664435395,28.665857427093158,0.9636803874092009,43.54927919981715,42.76959361607031,56.78541554790029,3.33931176611944,,,,
rolling_origin,Z14_enfs_replica,conformalized,transition,volatile_or_gap,ELIGIBLE_SUPPORT,distribution_free_conformal,61,0.3442622950819672,7.2146825356162845,6.210575638571825,26.64542863022704,0.6065573770491803,16.15925654084509,16.100081229136023,44.30641864410888,0.8852459016393442,39.944467135694325,41.716400813747086,61.476457554473605,4.716541507222039,,,,
rolling_origin,Z14_enfs_replica,conformalized,profile,P-D01,ELIGIBLE_SUPPORT,distribution_free_conformal,52,0.34615384615384615,6.687316237135847,6.127147540949283,31.7199911899887,0.5769230769230769,14.718644901257072,14.569595002705935,57.39891045835123,0.8461538461538461,35.602799940724616,38.99137973186553,111.29102862588879,6.009640267660924,,,,
rolling_origin,Z14_enfs_replica,conformalized,profile,P-H01,ELIGIBLE_SUPPORT,distribution_free_conformal,47,0.2127659574468085,7.860507415786053,8.223755213589072,35.496117780266914,0.7021276595744681,18.044785961952027,16.752903007588984,62.268136729167104,0.9148936170212766,45.80454337419822,44.892109081266966,135.29182335744585,6.7584881303161195,,,,
rolling_origin,Z14_enfs_replica,conformalized,profile,P-H02,ELIGIBLE_SUPPORT,distribution_free_conformal,51,0.27450980392156865,6.688566208394015,6.162098998399571,29.759524109873965,0.6078431372549019,15.289536150581947,13.931318032288324,52.639057197435484,0.8431372549019608,38.11069862551095,37.406024215549465,87.86336121124721,5.486423193353109,,,,
rolling_origin,Z14_enfs_replica,conformalized,profile,P-H03,ELIGIBLE_SUPPORT,distribution_free_conformal,49,0.2653061224489796,7.135863778914532,6.005190319934542,24.811655118343428,0.5918367346938775,15.789763705645774,14.655176161104478,40.72326253110116,0.9183673469387755,38.33644208737847,36.1496477199547,74.11895402603037,4.52957725017121,,,,
rolling_origin,Z14_enfs_replica,conformalized,profile,P-H04,ELIGIBLE_SUPPORT,distribution_free_conformal,60,0.08333333333333333,6.417195521361479,5.080701979129694,47.77571347952371,0.3,13.950323268584993,11.054172324742346,89.22641646002941,0.7333333333333333,33.193316110350075,23.973940700475406,177.29124222894285,9.130821942313581,,,,
rolling_origin,Z14_enfs_replica,conformalized,profile,P-H05,ELIGIBLE_SUPPORT,distribution_free_conformal,34,0.5588235294117647,8.619861756015634,8.217392201281681,17.457496027400566,0.7647058823529411,19.370648907288462,18.87485246119741,23.014666617960675,1.0,47.7181856467634,51.927381562740436,47.7181856467634,3.0246100193589878,,,,
rolling_origin,Z14_enfs_replica,conformalized,profile,P-H06,ELIGIBLE_SUPPORT,distribution_free_conformal,37,0.6216216216216216,9.025211267576609,7.556399514843978,12.688750026838594,0.9459459459459459,20.15172068041201,16.75896778070663,21.77780751281088,1.0,50.02081922210861,42.58800819398589,50.02081922210861,2.449671464433283,,,,
rolling_origin,Z14_enfs_replica,conformalized,profile,P-H07,ELIGIBLE_SUPPORT,distribution_free_conformal,32,0.40625,8.495430176745284,7.893846273285398,21.192315166106447,0.65625,18.82002158338605,16.183864660406478,31.87249352273895,0.9375,46.04126133372894,47.66557472938857,49.95474900912839,3.6477335700303772,,,,
rolling_origin,Z14_enfs_replica,conformalized,profile,P-V01,ELIGIBLE_SUPPORT,distribution_free_conformal,37,0.35135135135135137,7.931601955374628,7.524845128938736,21.132964309693495,0.6486486486486487,17.638866165204465,16.40200196771768,28.851429994065974,1.0,43.440296254885766,44.01750478565002,43.440296254885766,3.575572611430332,,,,
rolling_origin,Z14_enfs_replica,conformalized,profile,P-V02,ELIGIBLE_SUPPORT,distribution_free_conformal,39,0.46153846153846156,8.344644795230648,7.93056430300485,17.778874737212828,0.8205128205128205,18.567425984399225,19.141086964002902,27.893012249076076,0.9487179487179487,46.09761342785564,50.99530434040812,48.35973512671842,3.2316904741473653,,,,
rolling_origin,Z14_enfs_replica,conformalized,profile,P-V03,ELIGIBLE_SUPPORT,distribution_free_conformal,42,0.5476190476190477,8.416712806420596,7.312827391764634,13.97178838343788,0.9047619047619048,18.66696318910105,15.309214687943058,21.202153540956417,0.9761904761904762,45.52302892133033,41.15495992682633,47.050841815763235,2.5481646353833245,,,,
rolling_origin,Z14_enfs_replica,conformalized,profile,P-V04,ELIGIBLE_SUPPORT,distribution_free_conformal,37,0.6216216216216216,8.208785436658347,7.913027332612206,15.571914234003804,0.8378378378378378,18.40421415665612,18.968773024880903,24.02663893319348,1.0,46.43296846063828,56.58311244859065,46.43296846063828,2.7797892275783647,,,,
rolling_origin,Z14_enfs_replica,conformalized,profile,P-V05,ELIGIBLE_SUPPORT,distribution_free_conformal,35,0.6571428571428571,8.153005253804963,7.784762485654959,11.976029258885493,0.9142857142857143,18.945348628888933,15.741912313028102,20.649331806529133,1.0,47.60164572383402,38.310285382729134,47.60164572383402,2.3356448050919307,,,,
rolling_origin,Z14_enfs_replica,conformalized,profile,P-V06,ELIGIBLE_SUPPORT,distribution_free_conformal,43,0.3953488372093023,8.191234829740312,7.448692028353179,15.32326639007987,0.7674418604651163,18.00931230172065,18.467668256603176,22.50484547074064,0.9302325581395349,43.94136824221534,44.18389174164908,45.760238475269354,2.769516055650753,,,,
rolling_origin,Z14_enfs_replica,conformalized,zone,GEO_NE,ELIGIBLE_SUPPORT,distribution_free_conformal,213,0.5446009389671361,8.443177531034607,7.8698515484767135,15.624936284079968,0.8169014084507042,18.915885856488693,16.855789449264826,23.871866784576017,0.9765258215962441,46.85650053252354,44.4735229401812,47.811632108270516,2.8214973819178946,,,,
rolling_origin,Z14_enfs_replica,conformalized,zone,GEO_NW,ELIGIBLE_SUPPORT,distribution_free_conformal,48,0.4375,8.355184189181195,7.3068133048043435,13.812075791538561,0.9166666666666666,18.503120480252573,17.60673794904659,20.459054669623274,1.0,45.491907196508954,50.45198360839416,45.491907196508954,2.5626178404539393,,,,
rolling_origin,Z14_enfs_replica,conformalized,zone,GEO_SE,ELIGIBLE_SUPPORT,distribution_free_conformal,54,0.2777777777777778,7.248624741398545,6.032761693303037,23.760642204118792,0.6111111111111112,16.10212421513582,14.800734380304851,38.85833673370561,0.9259259259259259,39.224375972859214,36.50386318755506,71.69369236163594,4.3492844811978975,,,,
rolling_origin,Z14_enfs_replica,conformalized,zone,GEO_SW,ELIGIBLE_SUPPORT,distribution_free_conformal,280,0.2857142857142857,7.195344346195057,6.368651122156841,32.504167443740904,0.5785714285714286,16.08175195452196,15.041520561857872,57.190388881602686,0.8607142857142858,39.5459188800273,39.12493100418637,109.10785565735276,6.071987531792961,,,,
rolling_origin,Z14_enfs_replica,conformalized,gap,gap,ELIGIBLE_SUPPORT,distribution_free_conformal,437,0.43478260869565216,8.11882077200143,7.443270793450466,21.08693459647652,0.7551487414187643,18.244422253429683,16.32530919995051,34.21698765339814,0.9565217391304348,45.237670476590395,43.56135242955299,68.89324312383725,3.8817860169212945,,,,
rolling_origin,Z14_enfs_replica,conformalized,gap,no_gap,ELIGIBLE_SUPPORT,distribution_free_conformal,158,0.26582278481012656,6.693943865801152,5.52763528606625,32.660393741218435,0.5253164556962026,14.663456965942567,11.912999416353518,58.38973237462327,0.8164556962025317,35.35542879450624,34.43924574729672,105.58734753774858,6.092797342926647,,,,
spatiotemporal_leave_profile_out,B1_persistence_last_rate,conformalized,overall,all,ELIGIBLE_SUPPORT,distribution_free_conformal,266,0.5300751879699248,9.787385173707225,9.670206767750194,23.06556883819292,0.8458646616541353,24.53676483694535,23.280209149979072,42.501615826944104,0.9849624060150376,70.3841244559033,68.80780187478669,94.70334312073412,4.494898662552953,,,,
spatiotemporal_leave_profile_out,B1_persistence_last_rate,conformalized,transition,accelerating,ELIGIBLE_SUPPORT,distribution_free_conformal,43,0.3488372093023256,8.767669975129806,8.673757456080068,40.28486021911587,0.5116279069767442,21.157623727089053,21.498230422441168,70.5886270916533,0.9767441860465116,59.835274669582326,60.41818269453563,79.43556106559743,7.072974464502284,,,,
spatiotemporal_leave_profile_out,B1_persistence_last_rate,conformalized,transition,decelerating,DESCRIPTIVE_LOW_SUPPORT,distribution_free_conformal,22,0.18181818181818182,9.50253250182979,9.797084434282345,49.97481805316459,0.6818181818181818,24.09678271063601,24.489500778729653,97.94934267853031,0.9090909090909091,63.30385124251855,62.29821883539441,258.3292707650158,10.292456074505132,,,,
spatiotemporal_leave_profile_out,B1_persistence_last_rate,conformalized,transition,stable,ELIGIBLE_SUPPORT,distribution_free_conformal,179,0.6033519553072626,10.130096097441994,9.80084899037479,14.527533425334619,0.9553072625698324,25.57976175286007,23.033825610701953,26.5696472374764,1.0,73.78917119936031,71.61506702545329,73.78917119936031,2.9491148127823656,,,,
spatiotemporal_leave_profile_out,B1_persistence_last_rate,conformalized,transition,volatile_or_gap,DESCRIPTIVE_LOW_SUPPORT,distribution_free_conformal,22,0.6363636363636364,9.276896854234899,9.630693594674923,31.968992783309833,0.7727272727272727,23.09522968030408,24.22276324982783,61.7848386631863,0.9545454545454546,70.37790556624246,72.14671566026855,131.08429739903397,6.235434415378672,,,,
spatiotemporal_leave_profile_out,B1_persistence_last_rate,conformalized,profile,P-D01,DESCRIPTIVE_LOW_SUPPORT,distribution_free_conformal,21,0.42857142857142855,8.881566262080609,9.586127423123045,29.0659926491269,0.6666666666666666,20.87211088644771,21.770691710533526,46.61189073878146,1.0,64.44316842509637,66.2963619678088,64.44316842509637,5.054107222778332,,,,
spatiotemporal_leave_profile_out,B1_persistence_last_rate,conformalized,profile,P-H01,DESCRIPTIVE_LOW_SUPPORT,distribution_free_conformal,20,0.35,9.16837394501557,9.244563181541011,25.05225932188587,0.85,23.02969548907307,23.332788577300718,39.55452790478993,1.0,65.8144100868009,69.48215827956636,65.8144100868009,4.471130956151304,,,,
spatiotemporal_leave_profile_out,B1_persistence_last_rate,conformalized,profile,P-H02,DESCRIPTIVE_LOW_SUPPORT,distribution_free_conformal,20,0.4,7.43391588241978,6.951402238198869,29.011827334918102,0.55,18.09745001117534,17.113600987635028,47.87293709803701,1.0,52.668732576317645,52.8028506235557,52.668732576317645,5.000669104186398,,,,
spatiotemporal_leave_profile_out,B1_persistence_last_rate,conformalized,profile,P-H03,DESCRIPTIVE_LOW_SUPPORT,distribution_free_conformal,19,0.5263157894736842,9.06012628981017,6.8731411913697436,13.919525406955332,0.8947368421052632,23.51282604747668,17.16056922296589,25.78522029964461,1.0,66.09107274218776,49.55752283014873,66.09107274218776,2.8782558075227485,,,,
spatiotemporal_leave_profile_out,B1_persistence_last_rate,conformalized,profile,P-H04,DESCRIPTIVE_LOW_SUPPORT,distribution_free_conformal,20,0.25,9.495986049342179,10.703469388303553,82.92831731513357,0.5,22.23466919088194,26.07085872371697,173.189045231863,0.8,58.425448237960985,61.552429320731214,381.871056480211,16.77615352188652,,,,
spatiotemporal_leave_profile_out,B1_persistence_last_rate,conformalized,profile,P-H05,DESCRIPTIVE_LOW_SUPPORT,distribution_free_conformal,13,0.3076923076923077,9.711698405245645,9.734214490376402,23.739023997686864,0.7692307692307693,25.665639479677456,23.843233903011182,30.39155893602851,1.0,77.31538479636264,74.06016738385142,77.31538479636264,4.187352126298503,,,,
spatiotemporal_leave_profile_out,B1_persistence_last_rate,conformalized,profile,P-H06,DESCRIPTIVE_LOW_SUPPORT,distribution_free_conformal,17,1.0,12.68013024069999,12.504493362516861,12.68013024069999,1.0,30.19909010944215,28.326032820769008,30.19909010944215,1.0,88.71160800099562,85.94591675338839,88.71160800099562,2.816435248837632,,,,
spatiotemporal_leave_profile_out,B1_persistence_last_rate,conformalized,profile,P-H07,DESCRIPTIVE_LOW_SUPPORT,distribution_free_conformal,19,0.5263157894736842,10.023100896005154,10.552172215684763,15.591937386232075,0.9473684210526315,25.634872903921607,24.225501782360908,27.603922199555708,1.0,74.70852422580948,72.52721789874417,74.70852422580948,3.0697077342992514,,,,
spatiotemporal_leave_profile_out,B1_persistence_last_rate,conformalized,profile,P-V01,DESCRIPTIVE_LOW_SUPPORT,distribution_free_conformal,18,0.7222222222222222,9.438917645933735,9.859975025988154,12.461293072000347,1.0,23.61752314822412,22.636366966326044,23.61752314822412,1.0,68.74420139596401,67.76960634920917,68.74420139596401,2.581448508260182,,,,
spatiotemporal_leave_profile_out,B1_persistence_last_rate,conformalized,profile,P-V02,DESCRIPTIVE_LOW_SUPPORT,distribution_free_conformal,21,0.19047619047619047,9.54121335319012,9.92343938889504,22.444402518083436,0.8095238095238095,24.99513894497053,26.056826136477262,30.623282211400404,1.0,72.6639346715637,74.67229746971049,72.6639346715637,4.09221016671701,,,,
spatiotemporal_leave_profile_out,B1_persistence_last_rate,conformalized,profile,P-V03,DESCRIPTIVE_LOW_SUPPORT,distribution_free_conformal,21,0.5714285714285714,10.214614960486326,9.58750486461959,14.61983053243642,0.9047619047619048,27.001242275073743,22.067131596580154,28.56341782905656,1.0,73.29392660417007,66.06540810109307,73.29392660417007,2.938084618336506,,,,
spatiotemporal_leave_profile_out,B1_persistence_last_rate,conformalized,profile,P-V04,DESCRIPTIVE_LOW_SUPPORT,distribution_free_conformal,21,0.6190476190476191,9.888570935174746,10.734198526714126,12.68606329218343,1.0,26.336205114827663,28.85441004186134,26.336205114827663,1.0,73.84550889381336,71.98798637563846,73.84550889381336,2.8872846205658,,,,
spatiotemporal_leave_profile_out,B1_persistence_last_rate,conformalized,profile,P-V05,DESCRIPTIVE_LOW_SUPPORT,distribution_free_conformal,17,0.8823529411764706,10.95878909864786,10.000499822542174,11.297115829870814,1.0,26.941637906164882,24.219818295173695,26.941637906164882,1.0,78.49674739904755,72.38374822950128,78.49674739904755,2.5362269897481333,,,,
spatiotemporal_leave_profile_out,B1_persistence_last_rate,conformalized,profile,P-V06,DESCRIPTIVE_LOW_SUPPORT,distribution_free_conformal,19,0.7368421052631579,11.149374776136739,9.749310791354205,12.589978902943832,1.0,26.96195394270605,22.38230585373505,26.96195394270605,1.0,76.55778763623287,67.00898863990332,76.55778763623287,2.7037019609005513,,,,
spatiotemporal_leave_profile_out,B1_persistence_last_rate,conformalized,zone,GEO_NE,ELIGIBLE_SUPPORT,distribution_free_conformal,103,0.6796116504854369,10.73168485278181,10.43466329469793,14.421330467862925,0.9611650485436893,26.969819406625845,24.245298845119137,27.929517363418192,1.0,78.0929849103943,73.54192038336153,78.0929849103943,2.993309410061142,,,,
spatiotemporal_leave_profile_out,B1_persistence_last_rate,conformalized,zone,GEO_NW,DESCRIPTIVE_LOW_SUPPORT,distribution_free_conformal,24,0.4166666666666667,9.850574723386183,9.831295122723448,15.832847068029366,0.9583333333333334,25.89677332641772,25.814875031722863,26.813452963191423,1.0,73.34480755203103,75.10965260068218,73.34480755203103,3.1711122034223878,,,,
spatiotemporal_leave_profile_out,B1_persistence_last_rate,conformalized,zone,GEO_SE,DESCRIPTIVE_LOW_SUPPORT,distribution_free_conformal,22,0.5909090909090909,9.310436141651788,6.89456404420703,13.50718992464079,0.9090909090909091,23.92263650081946,17.214056898954453,25.88515880950995,1.0,67.48229966514955,57.16768094382909,67.48229966514955,2.8242994565977817,,,,
spatiotemporal_leave_profile_out,B1_persistence_last_rate,conformalized,zone,GEO_SW,ELIGIBLE_SUPPORT,distribution_free_conformal,117,0.41025641025641024,9.0327993836922,9.371199180737015,33.95639115209089,0.7094017094017094,22.231346024726047,22.298018942998038,61.6725910821303,0.9658119658119658,63.536014406988315,66.05329890283608,118.8258619697661,6.402486274149568,,,,
spatiotemporal_leave_profile_out,B1_persistence_last_rate,conformalized,gap,gap,ELIGIBLE_SUPPORT,distribution_free_conformal,202,0.5742574257425742,10.219870703762966,9.859504668525634,18.915840159109532,0.900990099009901,25.84534815024072,23.94839231931689,34.3312598341999,0.995049504950495,74.64149148257172,72.0374821489579,81.25307871188564,3.711040661384103,,,,
spatiotemporal_leave_profile_out,B1_persistence_last_rate,conformalized,gap,no_gap,ELIGIBLE_SUPPORT,distribution_free_conformal,64,0.390625,8.422352719468787,8.378337146846057,36.163149981549864,0.671875,20.406548754356834,20.76602019964668,68.28930192904303,0.953125,56.946809777981116,52.8028506235557,137.15574016116216,6.968950478742134,,,,
spatiotemporal_leave_profile_out,B3_profile_robust_trend,conformalized,overall,all,ELIGIBLE_SUPPORT,distribution_free_conformal,266,0.5112781954887218,11.130620408557576,10.269638723295074,28.422553632612182,0.8383458646616542,26.70182287343278,24.283733117126904,50.559244551071544,0.9699248120300752,94.58792903326932,97.61115041254297,114.88864281774924,5.449875982278956,,,,
spatiotemporal_leave_profile_out,B3_profile_robust_trend,conformalized,transition,accelerating,ELIGIBLE_SUPPORT,distribution_free_conformal,43,0.16279069767441862,9.892709717845,9.455571771080443,60.80875608126704,0.4186046511627907,22.574547271475886,21.479127279130694,108.52056242958749,0.8837209302325582,78.87420568568857,76.84024895661568,99.54540549707646,10.59776278360796,,,,
spatiotemporal_leave_profile_out,B3_profile_robust_trend,conformalized,transition,decelerating,DESCRIPTIVE_LOW_SUPPORT,distribution_free_conformal,22,0.22727272727272727,11.198533171062781,11.216594655858398,56.017316062145596,0.7272727272727273,25.621000546212148,24.123819301107513,103.86212567371953,0.9090909090909091,88.62896274155429,88.50289962690269,268.8123568645858,11.08910208574531,,,,
spatiotemporal_leave_profile_out,B3_profile_robust_trend,conformalized,transition,stable,ELIGIBLE_SUPPORT,distribution_free_conformal,179,0.6201117318435754,11.514951652604287,10.266421119520885,16.959382506837013,0.9553072625698324,28.009526445522052,25.38217961317334,29.31797644585193,1.0,98.93572591254934,98.60573418615348,98.93572591254934,3.471344409057067,,,,
spatiotemporal_leave_profile_out,B3_profile_robust_trend,conformalized,transition,volatile_or_gap,DESCRIPTIVE_LOW_SUPPORT,distribution_free_conformal,22,0.5909090909090909,10.355201601337798,10.96702257866757,30.79601512224224,0.8181818181818182,25.209641177024594,25.706127571933475,56.795014431065674,0.9545454545454546,95.88482544111389,99.28367926075664,120.75271653544478,5.846923476520373,,,,
spatiotemporal_leave_profile_out,B3_profile_robust_trend,conformalized,profile,P-D01,DESCRIPTIVE_LOW_SUPPORT,distribution_free_conformal,21,0.2857142857142857,9.752725103279957,9.334167712066858,50.54946779325013,0.5238095238095238,21.986775235447844,22.579777338430603,86.32677758201528,0.8571428571428571,80.36080864333375,88.98764762093967,102.2185720747258,8.873015591530727,,,,
spatiotemporal_leave_profile_out,B3_profile_robust_trend,conformalized,profile,P-H01,DESCRIPTIVE_LOW_SUPPORT,distribution_free_conformal,20,0.25,10.359344221829934,10.22392976870589,36.60592189914261,0.7,23.366197279853445,22.351444794769197,58.48310901975193,0.95,90.80988782372842,94.74724504466079,95.72111909022502,6.540536618728974,,,,
spatiotemporal_leave_profile_out,B3_profile_robust_trend,conformalized,profile,P-H02,DESCRIPTIVE_LOW_SUPPORT,distribution_free_conformal,20,0.2,8.839705805553072,7.589420902687433,49.67798938843503,0.4,19.611439725832536,20.425904042422054,86.97556383599316,0.9,61.45271997786116,70.71437555351405,82.9451479693835,8.621416128549367,,,,
spatiotemporal_leave_profile_out,B3_profile_robust_trend,conformalized,profile,P-H03,DESCRIPTIVE_LOW_SUPPORT,distribution_free_conformal,19,0.5789473684210527,10.872234968342369,7.927593993645303,20.07325613414625,0.9473684210526315,24.164494385902504,18.781801910625532,37.35206648391043,1.0,89.54068991244912,72.95176457664232,89.54068991244912,3.8436575702617315,,,,
spatiotemporal_leave_profile_out,B3_profile_robust_trend,conformalized,profile,P-H04,DESCRIPTIVE_LOW_SUPPORT,distribution_free_conformal,20,0.25,10.421349781487777,11.557988966853321,78.8396272062723,0.55,23.8682121921074,26.91882041063043,156.36589719300622,0.9,91.20949672736225,105.12203948156511,311.8546791999643,15.352762066674,,,,
spatiotemporal_leave_profile_out,B3_profile_robust_trend,conformalized,profile,P-H05,DESCRIPTIVE_LOW_SUPPORT,distribution_free_conformal,13,0.46153846153846156,11.582660748980542,10.91726164823929,24.491354452696974,0.8461538461538461,28.11831715136262,25.20720902125558,29.83360847554948,1.0,101.41649922434762,108.92422629395003,101.41649922434762,4.351765823248411,,,,
spatiotemporal_leave_profile_out,B3_profile_robust_trend,conformalized,profile,P-H06,DESCRIPTIVE_LOW_SUPPORT,distribution_free_conformal,17,1.0,14.171352161579971,12.939602843258822,14.171352161579971,1.0,32.67955093287036,30.18128314117915,32.67955093287036,1.0,119.54295754484409,126.9500575933164,119.54295754484409,3.2171154162283413,,,,
spatiotemporal_leave_profile_out,B3_profile_robust_trend,conformalized,profile,P-H07,DESCRIPTIVE_LOW_SUPPORT,distribution_free_conformal,19,0.5789473684210527,11.641517124559137,10.919348241162872,17.563455897523447,0.9473684210526315,27.328277148447306,26.055050262944853,27.75420818080825,1.0,101.42093939234776,107.12939994284935,101.42093939234776,3.4842311256268883,,,,
spatiotemporal_leave_profile_out,B3_profile_robust_trend,conformalized,profile,P-V01,DESCRIPTIVE_LOW_SUPPORT,distribution_free_conformal,18,0.7777777777777778,10.767272914155354,10.203065184806302,14.163786160043909,1.0,25.59628639789806,24.34590145445529,25.59628639789806,1.0,92.59420021975819,99.942163697434,92.59420021975819,2.9289533223085082,,,,
spatiotemporal_leave_profile_out,B3_profile_robust_trend,conformalized,profile,P-V02,DESCRIPTIVE_LOW_SUPPORT,distribution_free_conformal,21,0.19047619047619047,10.888292111758174,10.834239732348706,23.435271431933057,0.9523809523809523,28.713111960595114,27.394425906597817,29.384311701099016,1.0,98.36293949645291,105.05387732462853,98.36293949645291,4.383444725960312,,,,
spatiotemporal_leave_profile_out,B3_profile_robust_trend,conformalized,profile,P-V03,DESCRIPTIVE_LOW_SUPPORT,distribution_free_conformal,21,0.5714285714285714,11.336946750233844,9.885685789888853,17.466780041422673,0.9523809523809523,30.523948345945055,23.733676522917477,30.53867018941264,1.0,98.94818928242434,97.58471001508123,98.94818928242434,3.550456069810109,,,,
spatiotemporal_leave_profile_out,B3_profile_robust_trend,conformalized,profile,P-V04,DESCRIPTIVE_LOW_SUPPORT,distribution_free_conformal,21,0.5714285714285714,11.327744723219354,12.206869841255926,14.965127556852984,1.0,29.66463991792105,31.033541047051564,29.66463991792105,1.0,100.30686584350849,99.5217699422388,100.30686584350849,3.4459777585611007,,,,
spatiotemporal_leave_profile_out,B3_profile_robust_trend,conformalized,profile,P-V05,DESCRIPTIVE_LOW_SUPPORT,distribution_free_conformal,17,0.8823529411764706,12.331069336082175,11.378725731391512,12.879939427883583,1.0,31.013179392562186,29.810902755524236,31.013179392562186,1.0,102.03689161203735,100.06890179235789,102.03689161203735,2.9703499048216027,,,,
spatiotemporal_leave_profile_out,B3_profile_robust_trend,conformalized,profile,P-V06,DESCRIPTIVE_LOW_SUPPORT,distribution_free_conformal,19,0.7368421052631579,12.433115401244896,10.21883605653817,14.467035195618438,1.0,28.931555942330622,24.07265324197708,28.931555942330622,1.0,103.85019354527383,98.97846562641074,103.85019354527383,3.176369829501731,,,,
spatiotemporal_leave_profile_out,B3_profile_robust_trend,conformalized,zone,GEO_NE,ELIGIBLE_SUPPORT,distribution_free_conformal,103,0.6990291262135923,12.233607993703753,11.234568136172427,16.162638692681064,0.970873786407767,29.606823512463322,29.10281419896895,29.901886394301055,1.0,104.74283838068315,100.06890179235789,104.74283838068315,3.4180802925301186,,,,
spatiotemporal_leave_profile_out,B3_profile_robust_trend,conformalized,zone,GEO_NW,DESCRIPTIVE_LOW_SUPPORT,distribution_free_conformal,24,0.4166666666666667,11.119248788752975,10.73363821401006,17.825282414712788,1.0,29.551460307475427,27.140054496300266,29.551460307475427,1.0,99.23434203254608,104.44570165154829,99.23434203254608,3.687739370497205,,,,
spatiotemporal_leave_profile_out,B3_profile_robust_trend,conformalized,zone,GEO_SE,DESCRIPTIVE_LOW_SUPPORT,distribution_free_conformal,22,0.6363636363636364,11.042147882813863,7.952303464140819,18.988484344189942,0.9545454545454546,24.992335320437107,18.895405269304092,36.38160213235304,1.0,91.11947223809815,74.00884387542813,91.11947223809815,3.7110927700761818,,,,
spatiotemporal_leave_profile_out,B3_profile_robust_trend,conformalized,zone,GEO_SW,ELIGIBLE_SUPPORT,distribution_free_conformal,117,0.3418803418803419,10.17858274335771,9.943593071202914,43.163196986353896,0.6666666666666666,23.881330240345047,22.75810826092308,75.71995262975082,0.9316239316239316,85.34721514205137,89.61833540325772,131.50097468625353,7.926965430102488,,,,
spatiotemporal_leave_profile_out,B3_profile_robust_trend,conformalized,gap,gap,ELIGIBLE_SUPPORT,distribution_free_conformal,202,0.5693069306930693,11.5610810046019,10.670929077528182,22.836211747987022,0.9158415841584159,28.450314894053765,26.14298156540787,40.10836890654898,0.9900990099009901,100.7954399384496,99.35503310952629,105.1324307628508,4.475082949673255,,,,
spatiotemporal_leave_profile_out,B3_profile_robust_trend,conformalized,gap,no_gap,ELIGIBLE_SUPPORT,distribution_free_conformal,64,0.328125,9.771979152292667,9.364343466101147,46.05444520596035,0.59375,21.183144933347776,20.74756769206504,83.5448208040959,0.90625,74.99547273879405,72.0989672663826,145.68168711602237,8.526566491440699,,,,
spatiotemporal_leave_profile_out,B5_fixed_kalman,conformalized,overall,all,ELIGIBLE_SUPPORT,distribution_free_conformal,266,0.5413533834586466,8.393403292536744,7.829737610635203,23.059682729142853,0.8383458646616542,21.931156415685685,19.708229680820672,44.942613922183384,0.9661654135338346,78.83626250550861,77.56980786561164,105.45252558286701,4.623029068354314,,,,
spatiotemporal_leave_profile_out,B5_fixed_kalman,conformalized,transition,accelerating,ELIGIBLE_SUPPORT,distribution_free_conformal,43,0.3023255813953488,7.466447931676208,6.894400075447493,53.27085727255548,0.4883720930232558,18.152408052996453,17.113374339789686,104.5692717753262,0.8372093023255814,67.15156834944746,68.02178714174424,131.23431408188353,9.812899397977827,,,,
spatiotemporal_leave_profile_out,B5_fixed_kalman,conformalized,transition,decelerating,DESCRIPTIVE_LOW_SUPPORT,distribution_free_conformal,22,0.4090909090909091,8.414369190899759,7.975464445891885,38.106864358511444,0.7272727272727273,22.22783599770351,21.864501391071926,77.85135291870048,0.9545454545454546,75.09386368728097,69.78067368370796,221.35814275173558,8.068209849477581,,,,
spatiotemporal_leave_profile_out,B5_fixed_kalman,conformalized,transition,stable,ELIGIBLE_SUPPORT,distribution_free_conformal,179,0.5977653631284916,8.657505165764608,7.839349772272854,13.09562227608227,0.9385474860335196,23.030743113767144,19.780220213730153,24.57785025647414,1.0,81.95619901585172,80.22219235246887,81.95619901585172,2.785253074183892,,,,
spatiotemporal_leave_profile_out,B5_fixed_kalman,conformalized,transition,volatile_or_gap,DESCRIPTIVE_LOW_SUPPORT,distribution_free_conformal,22,0.6818181818181818,8.035384903683516,8.05214914762776,30.034606360278826,0.8181818181818182,20.073575044534,20.228483162472767,61.185984401885044,0.9545454545454546,80.03198920370056,82.0916266874531,130.32988796118156,5.98682459553535,,,,
spatiotemporal_leave_profile_out,B5_fixed_kalman,conformalized,profile,P-D01,DESCRIPTIVE_LOW_SUPPORT,distribution_free_conformal,21,0.42857142857142855,7.498414143170555,7.0782377092346564,35.36862010764212,0.6190476190476191,18.521273584174473,17.367733678001983,64.68881557413677,0.9047619047619048,66.93288023418665,74.42609375095952,107.76601328495954,6.538445396144148,,,,
spatiotemporal_leave_profile_out,B5_fixed_kalman,conformalized,profile,P-H01,DESCRIPTIVE_LOW_SUPPORT,distribution_free_conformal,20,0.55,7.720430631670871,7.917943061863196,22.600647079410766,0.85,19.718759528925947,20.423880280673224,42.3739290133063,1.0,78.52355185688167,79.71740174022872,78.52355185688167,4.3456176276783784,,,,
spatiotemporal_leave_profile_out,B5_fixed_kalman,conformalized,profile,P-H02,DESCRIPTIVE_LOW_SUPPORT,distribution_free_conformal,20,0.25,6.402768771599239,6.135443270690467,48.15183956022243,0.5,16.02458823615414,16.029687347267245,94.61574314392561,0.8,55.31075457887373,61.46292357321681,132.82428997362575,9.001198930004088,,,,
spatiotemporal_leave_profile_out,B5_fixed_kalman,conformalized,profile,P-H03,DESCRIPTIVE_LOW_SUPPORT,distribution_free_conformal,19,0.42105263157894735,7.922607401863807,5.1637445970824984,19.6654636165018,0.8421052631578947,20.91711320416287,13.689973657712741,39.169511539228914,0.9473684210526315,74.6638215956987,58.906044665860804,92.96864078167128,4.07262114322204,,,,
spatiotemporal_leave_profile_out,B5_fixed_kalman,conformalized,profile,P-H04,DESCRIPTIVE_LOW_SUPPORT,distribution_free_conformal,20,0.4,8.29836838546908,8.410458905351033,69.45445139164029,0.5,19.06421737425738,20.091876476159385,146.14750621247603,0.9,75.6927213637839,79.74639105035769,291.911116967913,13.867448255717079,,,,
spatiotemporal_leave_profile_out,B5_fixed_kalman,conformalized,profile,P-H05,DESCRIPTIVE_LOW_SUPPORT,distribution_free_conformal,13,0.3076923076923077,8.759014450487923,7.766489534331342,21.265391868051008,0.9230769230769231,23.944503319577333,19.388680698005714,28.00936035029503,1.0,84.87572741252085,84.44439014381281,84.87572741252085,3.8728827963824566,,,,
spatiotemporal_leave_profile_out,B5_fixed_kalman,conformalized,profile,P-H06,DESCRIPTIVE_LOW_SUPPORT,distribution_free_conformal,17,0.8823529411764706,10.595662313918288,9.20955550383255,10.663406102410569,1.0,27.580481642877725,22.597306540675053,27.580481642877725,1.0,98.50495036160092,98.41906210340416,98.50495036160092,2.609077623895401,,,,
spatiotemporal_leave_profile_out,B5_fixed_kalman,conformalized,profile,P-H07,DESCRIPTIVE_LOW_SUPPORT,distribution_free_conformal,19,0.5789473684210527,8.820612676974534,8.190393323716805,12.834357345426767,0.8947368421052632,22.438219975106293,19.705126998381274,24.42069682067241,1.0,83.28907517288108,83.05293645357752,83.28907517288108,2.7147924280011284,,,,
spatiotemporal_leave_profile_out,B5_fixed_kalman,conformalized,profile,P-V01,DESCRIPTIVE_LOW_SUPPORT,distribution_free_conformal,18,0.6666666666666666,8.104565865185812,7.261868564818334,12.428398743163191,1.0,21.746600298698596,18.41251792679884,21.746600298698596,1.0,76.34496453681889,77.60486301105298,76.34496453681889,2.5742126990693013,,,,
spatiotemporal_leave_profile_out,B5_fixed_kalman,conformalized,profile,P-V02,DESCRIPTIVE_LOW_SUPPORT,distribution_free_conformal,21,0.3333333333333333,8.127416420303138,7.7049202323722525,18.245144329433344,0.8571428571428571,22.90765268682066,21.194734078444604,27.577555916032445,1.0,80.84885155354497,85.50932679167178,80.84885155354497,3.5300513220861673,,,,
spatiotemporal_leave_profile_out,B5_fixed_kalman,conformalized,profile,P-V03,DESCRIPTIVE_LOW_SUPPORT,distribution_free_conformal,21,0.7619047619047619,8.828631568195954,7.079254789220428,12.098086746461972,0.9047619047619048,23.863161372787395,17.949499436879236,25.408115014325837,1.0,81.63217973542181,75.65333815037673,81.63217973542181,2.6256840056168578,,,,
spatiotemporal_leave_profile_out,B5_fixed_kalman,conformalized,profile,P-V04,DESCRIPTIVE_LOW_SUPPORT,distribution_free_conformal,21,0.5238095238095238,8.475137187088782,8.514405033405986,10.920221885847184,1.0,23.100769571040978,23.470300819619784,23.100769571040978,1.0,82.24283559880618,82.43544742366892,82.24283559880618,2.613170694139532,,,,
spatiotemporal_leave_profile_out,B5_fixed_kalman,conformalized,profile,P-V05,DESCRIPTIVE_LOW_SUPPORT,distribution_free_conformal,17,0.8235294117647058,9.304413637788375,9.044873040527651,10.263747751470945,1.0,24.2732005508875,23.231504554018986,24.2732005508875,1.0,85.78487858542321,82.88864534097368,85.78487858542321,2.368930813336748,,,,
spatiotemporal_leave_profile_out,B5_fixed_kalman,conformalized,profile,P-V06,DESCRIPTIVE_LOW_SUPPORT,distribution_free_conformal,19,0.6842105263157895,9.290552012601783,7.180364390150558,13.002306600801214,0.9473684210526315,24.910790844376105,18.205863528721494,25.81180590830626,1.0,85.44671748344297,76.7338584956911,85.44671748344297,2.8271447323226213,,,,
spatiotemporal_leave_profile_out,B5_fixed_kalman,conformalized,zone,GEO_NE,ELIGIBLE_SUPPORT,distribution_free_conformal,103,0.6407766990291263,9.193686237746467,8.353606400527894,12.828909185506209,0.9611650485436893,24.33723847352086,22.20034897306886,25.38218495584862,1.0,86.57525787197157,82.90094721985703,86.57525787197157,2.7985029661424212,,,,
spatiotemporal_leave_profile_out,B5_fixed_kalman,conformalized,zone,GEO_NW,DESCRIPTIVE_LOW_SUPPORT,distribution_free_conformal,24,0.5416666666666666,8.43499359698201,7.633376063773097,12.82235405574918,0.9583333333333334,23.390294329029214,20.99793001265408,23.979975320998946,1.0,81.65084247398472,86.0101543285966,81.65084247398472,2.7680150449350873,,,,
spatiotemporal_leave_profile_out,B5_fixed_kalman,conformalized,zone,GEO_SE,DESCRIPTIVE_LOW_SUPPORT,distribution_free_conformal,22,0.45454545454545453,8.08356123698622,5.690745914990096,18.39541577218937,0.8636363636363636,21.28309523259028,13.73264385505769,37.04653015832914,0.9545454545454546,75.94328209147604,62.88692874351279,91.75198957027052,3.8309548462522383,,,,
spatiotemporal_leave_profile_out,B5_fixed_kalman,conformalized,zone,GEO_SW,ELIGIBLE_SUPPORT,distribution_free_conformal,117,0.4700854700854701,7.738610254577972,7.149590844689897,35.043267654006094,0.7008547008547008,19.635528929795356,18.137304194211296,67.94724086889877,0.9316239316239316,71.98993025866763,74.53645736814238,129.52954063511083,6.758688538235787,,,,
spatiotemporal_leave_profile_out,B5_fixed_kalman,conformalized,gap,gap,ELIGIBLE_SUPPORT,distribution_free_conformal,202,0.5742574257425742,8.760663375720904,8.08876381037999,18.129298468083675,0.8960396039603961,23.172018641092382,19.907551990808262,34.397084564667,0.995049504950495,83.3908892984406,82.27544080682797,88.86887827202762,3.6643116329508634,,,,
spatiotemporal_leave_profile_out,B5_fixed_kalman,conformalized,gap,no_gap,ELIGIBLE_SUPPORT,distribution_free_conformal,64,0.4375,7.234238654986742,6.6595830641827725,38.62120805311088,0.65625,18.014685016745783,16.53050833678032,78.22694095684447,0.875,64.46072169031709,61.46292357321681,157.7946624077038,7.648980973846456,,,,
spatiotemporal_leave_profile_out,B6_adaptive_kalman,conformalized,overall,all,ELIGIBLE_SUPPORT,distribution_free_conformal,266,0.5451127819548872,8.357875411888195,7.856496208014047,21.769698142646735,0.8383458646616542,21.798925375446505,19.540571225562985,42.03885664689774,0.9699248120300752,76.77012285251203,76.29911152967696,102.53124334224343,4.380825967016833,,,,
spatiotemporal_leave_profile_out,B6_adaptive_kalman,conformalized,transition,accelerating,ELIGIBLE_SUPPORT,distribution_free_conformal,43,0.3023255813953488,7.430379761657004,6.715557090247046,45.58474448096377,0.5581395348837209,18.336416808364095,16.55075298517859,87.56067374981284,0.8604651162790697,63.03291426708559,63.82844764410649,113.10050145995167,8.368241556955503,,,,
spatiotemporal_leave_profile_out,B6_adaptive_kalman,conformalized,transition,decelerating,DESCRIPTIVE_LOW_SUPPORT,distribution_free_conformal,22,0.36363636363636365,8.379241124438472,8.055248958339511,37.66623960728994,0.6818181818181818,22.261795867880373,22.252997207487862,76.08002149351272,0.9545454545454546,70.67518723054894,67.51114561496541,234.45759944396357,8.08789631666656,,,,
spatiotemporal_leave_profile_out,B6_adaptive_kalman,conformalized,transition,stable,ELIGIBLE_SUPPORT,distribution_free_conformal,179,0.6089385474860335,8.626667289621581,7.9060758153585144,13.04500887149873,0.9329608938547486,22.770206149608203,19.456294392977377,24.374011779406974,1.0,80.65317246981897,77.87679469236835,80.65317246981897,2.761628361491677,,,,
spatiotemporal_leave_profile_out,B6_adaptive_kalman,conformalized,transition,volatile_or_gap,DESCRIPTIVE_LOW_SUPPORT,distribution_free_conformal,22,0.6818181818181818,7.962353646868144,8.108829243720692,30.312810631997163,0.7727272727272727,20.200991692539866,21.283619727408272,62.75083252098718,0.9545454545454546,78.12115336881142,78.19993510408565,127.95473210881984,6.054551118350756,,,,
spatiotemporal_leave_profile_out,B6_adaptive_kalman,conformalized,profile,P-D01,DESCRIPTIVE_LOW_SUPPORT,distribution_free_conformal,21,0.42857142857142855,7.495294447532696,7.097575228655771,31.618274493528755,0.6190476190476191,18.622611782633065,17.341752564569717,55.99055561148772,0.9047619047619048,62.36129975579556,62.36365121274878,80.17367990517896,5.686713415827301,,,,
spatiotemporal_leave_profile_out,B6_adaptive_kalman,conformalized,profile,P-H01,DESCRIPTIVE_LOW_SUPPORT,distribution_free_conformal,20,0.55,7.655305207347763,7.950186762157749,20.936443098063656,0.85,20.007978095587212,21.41491986764214,38.2941254480906,1.0,77.72971751867776,79.57236078062041,77.72971751867776,4.061010796755239,,,,
spatiotemporal_leave_profile_out,B6_adaptive_kalman,conformalized,profile,P-H02,DESCRIPTIVE_LOW_SUPPORT,distribution_free_conformal,20,0.25,6.46354973072839,6.184867208472989,41.87803135997259,0.55,16.19106847582409,15.546334972750175,78.81954469972361,0.85,51.47803916371034,60.81377860754111,118.85580483054022,7.778564430799891,,,,
spatiotemporal_leave_profile_out,B6_adaptive_kalman,conformalized,profile,P-H03,DESCRIPTIVE_LOW_SUPPORT,distribution_free_conformal,19,0.42105263157894735,7.87430934166891,5.174978262241694,18.82666810272279,0.8421052631578947,20.77425763092729,13.44895358998484,37.36946185598843,0.9473684210526315,70.59165387196389,49.133854349295774,93.29117770457407,3.93697986445207,,,,
spatiotemporal_leave_profile_out,B6_adaptive_kalman,conformalized,profile,P-H04,DESCRIPTIVE_LOW_SUPPORT,distribution_free_conformal,20,0.35,8.292401221039018,8.544791155974286,65.69232318304711,0.55,19.580483609618547,21.283619727408272,139.01931115485422,0.9,66.6715119804686,72.23391859321961,301.6491020292339,13.341232473643066,,,,
spatiotemporal_leave_profile_out,B6_adaptive_kalman,conformalized,profile,P-H05,DESCRIPTIVE_LOW_SUPPORT,distribution_free_conformal,13,0.3076923076923077,8.649307174019112,7.504796739375735,21.531965890157114,0.7692307692307693,23.51960838260052,19.363366414263908,28.60005145213364,1.0,83.8354293757236,84.53901816696245,83.8354293757236,3.909956865695599,,,,
spatiotemporal_leave_profile_out,B6_adaptive_kalman,conformalized,profile,P-H06,DESCRIPTIVE_LOW_SUPPORT,distribution_free_conformal,17,0.9411764705882353,10.660107772892854,9.129831113035603,10.675585906484372,1.0,27.166644027688207,22.568857480612888,27.166644027688207,1.0,97.87060904966567,98.58647474731477,97.87060904966567,2.5919444147681956,,,,
spatiotemporal_leave_profile_out,B6_adaptive_kalman,conformalized,profile,P-H07,DESCRIPTIVE_LOW_SUPPORT,distribution_free_conformal,19,0.5263157894736842,8.741360035742389,8.006537799952525,13.0768987405247,0.8947368421052632,22.231664588884342,19.453988243605636,24.415704645921103,1.0,82.85305404838321,83.0702900657835,82.85305404838321,2.7309670800718253,,,,
spatiotemporal_leave_profile_out,B6_adaptive_kalman,conformalized,profile,P-V01,DESCRIPTIVE_LOW_SUPPORT,distribution_free_conformal,18,0.6666666666666666,7.935548987468639,7.252502992739181,12.360395102165075,1.0,21.442951017284926,18.444385026525634,21.442951017284926,1.0,75.6624661847669,77.3962029590983,75.6624661847669,2.5485603409781104,,,,
spatiotemporal_leave_profile_out,B6_adaptive_kalman,conformalized,profile,P-V02,DESCRIPTIVE_LOW_SUPPORT,distribution_free_conformal,21,0.3333333333333333,8.09221915759105,7.740132903309453,18.604300224002873,0.8095238095238095,22.593098831998798,21.19363636451228,28.91262656109235,1.0,80.0518253316631,86.6034555525061,80.0518253316631,3.6061113677659913,,,,
spatiotemporal_leave_profile_out,B6_adaptive_kalman,conformalized,profile,P-V03,DESCRIPTIVE_LOW_SUPPORT,distribution_free_conformal,21,0.7619047619047619,8.641056905229023,7.01569502787919,11.926887917723588,0.9047619047619048,23.637063493449336,17.652026787569127,25.373463102618558,1.0,81.3609981956922,75.80185806803448,81.3609981956922,2.605060577777549,,,,
spatiotemporal_leave_profile_out,B6_adaptive_kalman,conformalized,profile,P-V04,DESCRIPTIVE_LOW_SUPPORT,distribution_free_conformal,21,0.6190476190476191,8.667797019060353,8.317385676041086,10.47941749575053,1.0,22.819243161199402,23.082602880904236,22.819243161199402,1.0,81.80567647386127,84.19774837709303,81.80567647386127,2.541025953659928,,,,
spatiotemporal_leave_profile_out,B6_adaptive_kalman,conformalized,profile,P-V05,DESCRIPTIVE_LOW_SUPPORT,distribution_free_conformal,17,0.8235294117647058,9.393623364618337,8.724109869398092,10.521909480758323,1.0,23.86518889352896,22.19923215889709,23.86518889352896,1.0,84.51100163244712,84.62523166241444,84.51100163244712,2.365623276209432,,,,
spatiotemporal_leave_profile_out,B6_adaptive_kalman,conformalized,profile,P-V06,DESCRIPTIVE_LOW_SUPPORT,distribution_free_conformal,19,0.6842105263157895,9.065999774583787,7.126809594731981,11.919442650284312,1.0,24.49628813006482,17.947106616178715,24.49628813006482,1.0,85.17735291163636,76.79908130474732,85.17735291163636,2.673328815928698,,,,
spatiotemporal_leave_profile_out,B6_adaptive_kalman,conformalized,zone,GEO_NE,ELIGIBLE_SUPPORT,distribution_free_conformal,103,0.6601941747572816,9.186028731447857,8.268597195056469,12.655611623771275,0.9514563106796117,23.986586567669,21.671941107534472,25.03068871317996,1.0,85.93700990524603,83.96362209893263,85.93700990524603,2.759917451628209,,,,
spatiotemporal_leave_profile_out,B6_adaptive_kalman,conformalized,zone,GEO_NW,DESCRIPTIVE_LOW_SUPPORT,distribution_free_conformal,24,0.5833333333333334,8.342921810404512,7.66826176685205,12.775052750411865,0.9583333333333334,23.10866160272163,20.996842491563253,24.00633612864117,1.0,81.04831752705805,86.9128404933164,81.04831752705805,2.7579972906987464,,,,
spatiotemporal_leave_profile_out,B6_adaptive_kalman,conformalized,zone,GEO_SE,DESCRIPTIVE_LOW_SUPPORT,distribution_free_conformal,22,0.45454545454545453,8.053132479499249,5.606236708946177,17.702269486117817,0.8636363636363636,21.110170690792355,13.490872553316414,35.442392521526976,0.9545454545454546,72.29883204539796,56.57143745863081,91.90296626447038,3.7128353162915775,,,,
spatiotemporal_leave_profile_out,B6_adaptive_kalman,conformalized,zone,GEO_SW,ELIGIBLE_SUPPORT,distribution_free_conformal,117,0.452991452991453,7.689186856619135,7.1536305705227505,32.40308131616336,0.7094017094017094,19.733881194325743,18.16869497323619,61.95119853039556,0.9401709401709402,68.6633054092283,67.48500495190251,123.54507547289462,6.266272630543484,,,,
spatiotemporal_leave_profile_out,B6_adaptive_kalman,conformalized,gap,gap,ELIGIBLE_SUPPORT,distribution_free_conformal,202,0.5792079207920792,8.72256830157569,8.067093135060782,17.592134396381546,0.8861386138613861,22.973151662971873,19.667524658458937,33.06466643187761,0.995049504950495,82.12096099348123,82.50439426300679,87.54838046021483,3.5572516439725845,,,,
spatiotemporal_leave_profile_out,B6_adaptive_kalman,conformalized,gap,no_gap,ELIGIBLE_SUPPORT,distribution_free_conformal,64,0.4375,7.206813478812041,6.486831308793587,34.95513371679624,0.6875,18.092773655444553,15.987049355039627,70.363644513055,0.890625,59.88153997007798,60.72116819769212,149.82090431364617,6.980232424125246,,,,
spatiotemporal_leave_profile_out,B6_adaptive_kalman,native,overall,all,ELIGIBLE_SUPPORT,native_state_space_scale,266,0.3533834586466165,5.518122785630424,5.351259514413769,21.33148513982688,0.631578947368421,10.48460542615535,10.167560005676485,37.806389189987755,0.8007518796992481,16.03482027556584,15.549941147555206,95.21486881047777,4.176337578533947,4.92993763501654,5.306087868715473,0.0,VALID
spatiotemporal_leave_profile_out,B6_adaptive_kalman,native,transition,accelerating,ELIGIBLE_SUPPORT,native_state_space_scale,43,0.2558139534883721,6.382580158470214,6.481342007910712,45.44737079383511,0.4418604651162791,12.127101400612105,12.314751995346455,90.61229944369038,0.5581395348837209,18.546801097281143,18.833787916419055,267.3600523853175,9.547472391452573,10.693399448440015,8.416533056463471,0.0,VALID
spatiotemporal_leave_profile_out,B6_adaptive_kalman,native,transition,decelerating,DESCRIPTIVE_LOW_SUPPORT,native_state_space_scale,22,0.22727272727272727,6.444125648467548,6.48749613420312,38.35760570584708,0.5454545454545454,12.244039751469716,12.326445027275142,74.28538207235412,0.6818181818181818,18.725642871778938,18.851670865546083,220.7268743178375,7.987927589343781,9.030642358237957,12.041604316258862,0.0,VALID
spatiotemporal_leave_profile_out,B6_adaptive_kalman,native,transition,stable,ELIGIBLE_SUPPORT,native_state_space_scale,179,0.3743016759776536,5.17897857550627,4.844694110657159,12.43801322095759,0.6703910614525139,9.840220847585186,9.205069936633494,17.650823571229836,0.8770949720670391,15.049319106399977,14.077939613227493,26.15098809357311,2.1368791206747777,2.7747865748500615,3.1299895009559493,0.0,VALID
spatiotemporal_leave_profile_out,B6_adaptive_kalman,native,transition,volatile_or_gap,DESCRIPTIVE_LOW_SUPPORT,native_state_space_scale,22,0.5,5.661899312798418,5.550048702572002,29.530291408136144,0.7727272727272727,10.757785312769109,10.545265664247966,62.1088556189148,0.7727272727272727,16.45261285875867,16.12759210398979,195.16612487620117,6.460396067782768,7.099377538731033,10.19659254643529,0.0,VALID
spatiotemporal_leave_profile_out,B6_adaptive_kalman,native,profile,P-D01,DESCRIPTIVE_LOW_SUPPORT,native_state_space_scale,21,0.2857142857142857,5.254368936861784,4.891194670762337,31.517333045980248,0.47619047619047616,9.983464885903102,9.293422451381375,60.282446317145684,0.5714285714285714,15.26839195813021,14.213063124060081,168.19744940018353,6.430869971842668,7.320712908182617,6.805396845150016,0.0,VALID
spatiotemporal_leave_profile_out,B6_adaptive_kalman,native,profile,P-H01,DESCRIPTIVE_LOW_SUPPORT,native_state_space_scale,20,0.35,6.379926003604704,6.267926881995883,20.89388123336152,0.75,12.122058423573382,11.90925659879299,36.92838477806335,0.85,18.539088529455938,18.213636223339247,87.8907698313387,4.0915284466518855,4.891827235181593,3.9160934207444464,0.0,VALID
spatiotemporal_leave_profile_out,B6_adaptive_kalman,native,profile,P-H02,DESCRIPTIVE_LOW_SUPPORT,native_state_space_scale,20,0.15,6.201853756689155,6.284190375779879,41.61356696273135,0.4,11.78371559961153,11.940157744309342,80.39740369204904,0.6,18.021637833579327,18.26089544717494,229.10117082710758,8.59222270218172,9.778652486011215,7.4514756953112995,0.0,VALID
spatiotemporal_leave_profile_out,B6_adaptive_kalman,native,profile,P-H03,DESCRIPTIVE_LOW_SUPPORT,native_state_space_scale,19,0.3684210526315789,6.280751057373654,6.209403864759537,19.542682539942025,0.6842105263157895,11.93362293205071,11.798061040464873,31.683274190231355,0.8947368421052632,18.250901314268383,18.04357729210041,69.94450463039966,3.6588992975591395,4.493945247048134,4.101381270469283,0.0,VALID
spatiotemporal_leave_profile_out,B6_adaptive_kalman,native,profile,P-H04,DESCRIPTIVE_LOW_SUPPORT,native_state_space_scale,20,0.3,6.667167598365117,6.84979080147179,65.81400015499601,0.55,12.667826413891573,13.014816196580021,142.6741954322377,0.6,19.373768641983357,19.90444372003512,486.7383805625824,14.776415226231439,15.832837741351739,22.31072183599772,0.0,VALID
spatiotemporal_leave_profile_out,B6_adaptive_kalman,native,profile,P-H05,DESCRIPTIVE_LOW_SUPPORT,native_state_space_scale,13,0.23076923076923078,5.2853640092952014,5.311624641013687,22.483101989015363,0.3076923076923077,10.042356490393265,10.092252509837941,35.84895027205643,0.46153846153846156,15.358458894877653,15.434768271505753,56.03007085795096,3.986396849627748,5.017746388605671,4.1830803521831434,0.0,VALID
spatiotemporal_leave_profile_out,B6_adaptive_kalman,native,profile,P-H06,DESCRIPTIVE_LOW_SUPPORT,native_state_space_scale,17,0.7058823529411765,6.103586054291172,6.189669658336754,7.65123404517461,1.0,11.597003899672432,11.760565432668695,11.597003899672432,1.0,17.736086930118518,17.986232708523154,17.736086930118518,1.3586829773059959,1.7319566546426985,2.625744512180439,0.0,VALID
spatiotemporal_leave_profile_out,B6_adaptive_kalman,native,profile,P-H07,DESCRIPTIVE_LOW_SUPPORT,native_state_space_scale,19,0.3684210526315789,5.064997741717439,4.982491090921821,11.902374961331185,0.6842105263157895,9.623653707844824,9.46688849760371,16.009652620381427,0.8947368421052632,14.718108247985876,14.478356548278917,21.10418701536861,1.9658362734496222,2.5715212234597913,2.9653207225559455,0.0,VALID
spatiotemporal_leave_profile_out,B6_adaptive_kalman,native,profile,P-V01,DESCRIPTIVE_LOW_SUPPORT,native_state_space_scale,18,0.3888888888888889,4.460727279283827,4.485771477579981,11.695087211293448,0.6111111111111112,8.475520979483823,8.523105737480396,17.276952483597256,0.8333333333333334,12.962190766738845,13.03496537401475,21.82696445150356,1.9974705211443227,2.589499776992221,3.014292228626468,0.0,VALID
spatiotemporal_leave_profile_out,B6_adaptive_kalman,native,profile,P-V02,DESCRIPTIVE_LOW_SUPPORT,native_state_space_scale,21,0.19047619047619047,5.07870721734354,4.931642898115754,20.18280848447956,0.3333333333333333,9.64970213919062,9.370275345103199,30.367538609197844,0.7142857142857143,14.757945885942977,14.330599482215469,52.69243123731543,3.565006629929144,4.513420606251858,4.086180515205932,0.0,VALID
spatiotemporal_leave_profile_out,B6_adaptive_kalman,native,profile,P-V03,DESCRIPTIVE_LOW_SUPPORT,native_state_space_scale,21,0.42857142857142855,4.822146754090423,4.532827888089078,9.993839957171117,0.8095238095238095,9.162229255809823,8.61251438533503,14.733473146740819,0.9047619047619048,14.012420445879828,13.17170410104915,25.496138466011573,1.7639512980724323,2.255664750988283,2.883864407677971,0.0,VALID
spatiotemporal_leave_profile_out,B6_adaptive_kalman,native,profile,P-V04,DESCRIPTIVE_LOW_SUPPORT,native_state_space_scale,21,0.23809523809523808,4.974451366602881,4.484666987442536,11.724225803869286,0.6666666666666666,9.451612770604909,8.521007171765556,13.710152380068822,0.9523809523809523,14.454994339874458,13.031755894715705,16.050263367863003,1.8999995740218343,2.5884686474019216,2.9579362147226607,0.0,VALID
spatiotemporal_leave_profile_out,B6_adaptive_kalman,native,profile,P-V05,DESCRIPTIVE_LOW_SUPPORT,native_state_space_scale,17,0.7058823529411765,5.630817502568678,4.582836207701348,8.026645784092198,0.8823529411764706,10.698728903760218,8.707531752568162,12.49736753434107,0.9411764705882353,16.36229387525019,13.31702062415263,16.746606980735663,1.3785638686728297,1.770368300147795,2.629827573896018,0.0,VALID
spatiotemporal_leave_profile_out,B6_adaptive_kalman,native,profile,P-V06,DESCRIPTIVE_LOW_SUPPORT,native_state_space_scale,19,0.3157894736842105,5.055875959702497,4.651398185491388,10.483777987813658,0.6842105263157895,9.606322037469694,8.837801649105677,13.828558155377284,0.9473684210526315,14.691601745523963,13.516251238314283,15.998922538585706,1.771857409525074,2.390966857124604,2.8528025460485025,0.0,VALID
spatiotemporal_leave_profile_out,B6_adaptive_kalman,native,zone,GEO_NE,ELIGIBLE_SUPPORT,native_state_space_scale,103,0.4174757281553398,5.329629822828223,5.102729489643039,11.689161727041029,0.7184466019417476,10.1264629169429,9.695345205915363,16.437453914568014,0.883495145631068,15.487088574195779,14.827750932676654,22.428248958170638,1.9917303151365966,2.6035593074795944,2.9947624944106437,0.0,VALID
spatiotemporal_leave_profile_out,B6_adaptive_kalman,native,zone,GEO_NW,DESCRIPTIVE_LOW_SUPPORT,native_state_space_scale,24,0.3333333333333333,4.964552094134594,4.741930324342508,12.805669844424996,0.5833333333333334,9.432803844115222,9.009815537000971,16.903472673791054,0.9166666666666666,14.426228569148734,13.779323778022992,21.0408253142954,2.1286203257556613,2.8314917632927816,3.076886273220046,0.0,VALID
spatiotemporal_leave_profile_out,B6_adaptive_kalman,native,zone,GEO_SE,DESCRIPTIVE_LOW_SUPPORT,native_state_space_scale,22,0.4090909090909091,6.1516849978130415,6.188565779105687,18.07623823833706,0.6818181818181818,11.688393392772326,11.75846802769503,29.063833138623373,0.9090909090909091,17.875855098530096,17.983025004424547,62.520330689734394,3.347426847833306,4.11971333788056,3.9023399940436843,0.0,VALID
spatiotemporal_leave_profile_out,B6_adaptive_kalman,native,zone,GEO_SW,ELIGIBLE_SUPPORT,native_state_space_scale,117,0.2905982905982906,5.678482641156144,5.455409368657698,32.18100916067614,0.5555555555555556,10.789294153952547,10.365447977611922,62.55003502662853,0.6837606837606838,16.500801472915516,15.852584684026795,180.65485793314758,6.67544696547429,7.560746209329932,8.06206910878442,0.0,VALID
spatiotemporal_leave_profile_out,B6_adaptive_kalman,native,gap,gap,ELIGIBLE_SUPPORT,native_state_space_scale,202,0.3613861386138614,5.255554123397293,4.885558656577799,17.118190590637823,0.6237623762376238,9.985716777291525,9.282713848619768,28.24612968551601,0.8118811881188119,15.27183592881158,14.196685729422372,60.75768190818764,3.1943639040089358,3.896868122480967,4.280272674065189,0.0,VALID
spatiotemporal_leave_profile_out,B6_adaptive_kalman,native,gap,no_gap,ELIGIBLE_SUPPORT,native_state_space_scale,64,0.328125,6.346855125803744,6.431910985371373,34.629696060704845,0.65625,12.05922272413179,12.220831510560263,67.9809582509767,0.765625,18.44298962000896,18.69014893025523,203.970364970831,7.275691988753515,8.190563283956937,8.543817076830429,0.0,VALID
spatiotemporal_leave_profile_out,B7_two_regime_imm,conformalized,overall,all,ELIGIBLE_SUPPORT,distribution_free_conformal,266,0.5263157894736842,7.8164328859342005,7.0966719198475126,20.381157665358273,0.849624060150376,21.67427049875237,20.31952106102952,37.991819002976435,0.981203007518797,68.54284021059902,69.12043734546197,90.99990843517837,4.011655113362084,,,,
spatiotemporal_leave_profile_out,B7_two_regime_imm,conformalized,transition,accelerating,ELIGIBLE_SUPPORT,distribution_free_conformal,43,0.3488372093023256,6.894000153466427,6.005264490037405,32.925780549253275,0.5581395348837209,18.200711079978323,17.953261124382955,55.42161544209637,0.9534883720930233,57.7844206913677,56.551460022584024,70.83679634360487,5.747668000482318,,,,
spatiotemporal_leave_profile_out,B7_two_regime_imm,conformalized,transition,decelerating,DESCRIPTIVE_LOW_SUPPORT,distribution_free_conformal,22,0.18181818181818182,7.849372904528161,7.880673112905605,43.241395321064665,0.7272727272727273,20.54181716047472,20.881901615945672,80.2139800660392,0.9545454545454546,64.10097262987259,61.602008680228806,223.43770245764028,8.735375626627302,,,,
spatiotemporal_leave_profile_out,B7_two_regime_imm,conformalized,transition,stable,ELIGIBLE_SUPPORT,distribution_free_conformal,179,0.6033519553072626,8.093727631896204,7.073313968239326,12.693107493882234,0.9385474860335196,22.759194770641034,20.775579039443382,24.032798136757776,1.0,71.63411868489605,70.21320544238897,71.63411868489605,2.626424986703751,,,,
spatiotemporal_leave_profile_out,B7_two_regime_imm,conformalized,transition,volatile_or_gap,DESCRIPTIVE_LOW_SUPPORT,distribution_free_conformal,22,0.5909090909090909,7.330258684109141,7.572235634668083,35.554656222684905,0.8181818181818182,20.76861521608523,21.298307826171033,75.27799831132198,0.9090909090909091,68.86076199258824,74.82875505182886,155.53894101445277,7.165554533081944,,,,
spatiotemporal_leave_profile_out,B7_two_regime_imm,conformalized,profile,P-D01,DESCRIPTIVE_LOW_SUPPORT,distribution_free_conformal,21,0.2857142857142857,6.955419271346172,6.005264490037405,24.144174814678983,0.6666666666666666,18.1726943517555,19.008760359058954,33.811003931314225,1.0,61.84438211605342,68.33560539839023,61.84438211605342,4.154732827883147,,,,
spatiotemporal_leave_profile_out,B7_two_regime_imm,conformalized,profile,P-H01,DESCRIPTIVE_LOW_SUPPORT,distribution_free_conformal,20,0.4,7.120644544997461,7.433242215261622,22.929493389689213,0.85,20.284741018413833,19.933038728055394,42.05863435638111,0.95,61.478389648979416,56.39815495393095,88.72713399873496,4.407067952222851,,,,
spatiotemporal_leave_profile_out,B7_two_regime_imm,conformalized,profile,P-H02,DESCRIPTIVE_LOW_SUPPORT,distribution_free_conformal,20,0.3,6.010146933495088,5.754277874070841,32.47754648852491,0.55,15.479943023515144,16.942568609778654,58.22819149782633,0.95,49.5206975258484,55.027744228933315,74.90604199388733,5.85691323536655,,,,
spatiotemporal_leave_profile_out,B7_two_regime_imm,conformalized,profile,P-H03,DESCRIPTIVE_LOW_SUPPORT,distribution_free_conformal,19,0.5789473684210527,7.3641291728267175,4.716883392924881,15.627472489591504,0.8947368421052632,19.83742360283902,15.17444595184459,28.290571615083188,0.9473684210526315,62.59155310732434,45.03233566065393,65.40972488024117,3.0681647969984205,,,,
spatiotemporal_leave_profile_out,B7_two_regime_imm,conformalized,profile,P-H04,DESCRIPTIVE_LOW_SUPPORT,distribution_free_conformal,20,0.3,7.531633978865054,7.830549856430368,67.80278405828663,0.5,19.524367523168912,22.781990609481852,139.23894826459264,0.9,64.76788339011871,74.25938991101256,308.13553877495866,13.56640026607199,,,,
spatiotemporal_leave_profile_out,B7_two_regime_imm,conformalized,profile,P-H05,DESCRIPTIVE_LOW_SUPPORT,distribution_free_conformal,13,0.3076923076923077,8.04350222039367,7.125368732788033,22.288774466405627,0.6923076923076923,23.03747117718929,21.22556811927716,28.090208243796535,1.0,73.62327835538872,76.59189402570216,73.62327835538872,3.9019820626731185,,,,
spatiotemporal_leave_profile_out,B7_two_regime_imm,conformalized,profile,P-H06,DESCRIPTIVE_LOW_SUPPORT,distribution_free_conformal,17,1.0,10.018902453793798,8.428329592990595,10.018902453793798,1.0,27.07749808098171,24.738785334454654,27.07749808098171,1.0,86.5250772178752,89.27040318570197,86.5250772178752,2.424814367687269,,,,
spatiotemporal_leave_profile_out,B7_two_regime_imm,conformalized,profile,P-H07,DESCRIPTIVE_LOW_SUPPORT,distribution_free_conformal,19,0.5263157894736842,8.134550227128829,7.120029871455699,13.182751933550742,0.9473684210526315,22.591515820186288,21.801604641665918,23.255765666457325,1.0,73.3858573940655,75.27046218301976,73.3858573940655,2.644274327797352,,,,
spatiotemporal_leave_profile_out,B7_two_regime_imm,conformalized,profile,P-V01,DESCRIPTIVE_LOW_SUPPORT,distribution_free_conformal,18,0.5555555555555556,7.58262798300141,6.690140657904177,12.595894643411091,1.0,21.361300489577268,20.37169470128207,21.361300489577268,1.0,66.63579535288437,70.18758235145015,66.63579535288437,2.5008983264494917,,,,
spatiotemporal_leave_profile_out,B7_two_regime_imm,conformalized,profile,P-V02,DESCRIPTIVE_LOW_SUPPORT,distribution_free_conformal,21,0.3333333333333333,7.263001403971947,6.900383248245447,18.411090984825393,0.9047619047619048,21.767230155561144,22.47495737182527,25.739394042885383,1.0,70.6725889851513,77.50754491849449,70.6725889851513,3.382778723199073,,,,
spatiotemporal_leave_profile_out,B7_two_regime_imm,conformalized,profile,P-V03,DESCRIPTIVE_LOW_SUPPORT,distribution_free_conformal,21,0.7142857142857143,8.38575874435969,6.629812450991025,11.549038361544428,0.9047619047619048,23.920156904190556,19.858475897044283,24.158126764539674,1.0,71.94112975174619,68.62256528984605,71.94112975174619,2.450337772765859,,,,
spatiotemporal_leave_profile_out,B7_two_regime_imm,conformalized,profile,P-V04,DESCRIPTIVE_LOW_SUPPORT,distribution_free_conformal,21,0.6190476190476191,8.097462059927253,7.778200543193878,9.585425390107606,1.0,23.49981587813659,25.96644006550298,23.49981587813659,1.0,72.46528689488922,74.76976318121478,72.46528689488922,2.317378160255875,,,,
spatiotemporal_leave_profile_out,B7_two_regime_imm,conformalized,profile,P-V05,DESCRIPTIVE_LOW_SUPPORT,distribution_free_conformal,17,0.8235294117647058,8.74249814589092,8.159820904262219,10.023521792181555,1.0,24.35975252545099,23.7916769926354,24.35975252545099,1.0,74.03520982089606,75.06854253092752,74.03520982089606,2.2835229186900836,,,,
spatiotemporal_leave_profile_out,B7_two_regime_imm,conformalized,profile,P-V06,DESCRIPTIVE_LOW_SUPPORT,distribution_free_conformal,19,0.6842105263157895,8.774558741405292,6.570363884859489,11.321657463949725,1.0,24.233864990577175,20.14274609189593,24.233864990577175,1.0,75.36959620306727,69.56468129175062,75.36959620306727,2.513833683396187,,,,
spatiotemporal_leave_profile_out,B7_two_regime_imm,conformalized,zone,GEO_NE,ELIGIBLE_SUPPORT,distribution_free_conformal,103,0.6699029126213593,8.633398855844456,7.631305486088891,12.284187130893669,0.9514563106796117,24.13119157719438,23.226561123521936,24.891447198020046,1.0,75.87585293219281,75.02423658101894,75.87585293219281,2.624384600020647,,,,
spatiotemporal_leave_profile_out,B7_two_regime_imm,conformalized,zone,GEO_NW,DESCRIPTIVE_LOW_SUPPORT,distribution_free_conformal,24,0.5416666666666666,7.723656834503626,6.836309621572836,11.654848416368347,1.0,22.70278746304254,22.266265770747705,22.70278746304254,1.0,71.60654072249534,77.96150607420785,71.60654072249534,2.4914691209587825,,,,
spatiotemporal_leave_profile_out,B7_two_regime_imm,conformalized,zone,GEO_SE,DESCRIPTIVE_LOW_SUPPORT,distribution_free_conformal,22,0.5909090909090909,7.523067493277591,4.957424178391534,14.954713400446076,0.9090909090909091,20.386230475505073,15.22174309204039,27.68667648607958,0.9545454545454546,64.035399929121,48.91978394770752,66.46927555118553,2.9736368910027027,,,,
spatiotemporal_leave_profile_out,B7_two_regime_imm,conformalized,zone,GEO_SW,ELIGIBLE_SUPPORT,distribution_free_conformal,117,0.38461538461538464,7.171417236122431,6.629812450991025,30.31962912564614,0.717948717948718,19.542557697803236,19.05656242807936,54.59855565460596,0.9658119658119658,62.306383489084865,60.53983655726114,112.90497224167193,5.739943383308696,,,,
spatiotemporal_leave_profile_out,B7_two_regime_imm,conformalized,gap,gap,ELIGIBLE_SUPPORT,distribution_free_conformal,202,0.5792079207920792,8.154817172047625,7.184528597061311,17.140677325493286,0.905940594059406,23.041926317514065,21.730082353783043,32.00530838943552,0.9900990099009901,73.06424743878468,74.31364728360862,82.50444515403724,3.418909489631479,,,,
spatiotemporal_leave_profile_out,B7_two_regime_imm,conformalized,gap,no_gap,ELIGIBLE_SUPPORT,distribution_free_conformal,64,0.359375,6.748407482888701,5.9357588725883055,30.60892373805715,0.671875,17.357606820785797,17.60727836748461,56.88674312696496,0.953125,54.27214864663808,52.45937713924375,117.81371441628008,5.8825084882618075,,,,
spatiotemporal_leave_profile_out,B7_two_regime_imm,native,overall,all,ELIGIBLE_SUPPORT,native_state_space_scale,266,0.3233082706766917,4.834611301629308,4.6806472879525245,19.785430076920242,0.5639097744360902,9.18591228495536,8.893375856184349,35.50882595003537,0.7744360902255639,14.048640513349639,13.601244653540055,88.59020018078401,3.880948282286807,4.571828640346602,6.0101591362394755,0.0,VALID
spatiotemporal_leave_profile_out,B7_two_regime_imm,native,transition,accelerating,ELIGIBLE_SUPPORT,native_state_space_scale,43,0.3488372093023256,5.806131679819483,5.791951336450239,32.86735282445289,0.4186046511627907,11.031831309323264,11.004888214577164,62.43898216863957,0.5581395348837209,16.871730042799,16.830524135245895,159.87257123803144,6.579960604429429,7.576507685883969,6.410606405078594,0.0,VALID
spatiotemporal_leave_profile_out,B7_two_regime_imm,native,transition,decelerating,DESCRIPTIVE_LOW_SUPPORT,native_state_space_scale,22,0.13636363636363635,6.221703260391058,6.359667013780573,43.52847635890583,0.5,11.821430275834645,12.083565710944441,87.31650030396942,0.7272727272727273,18.079317453403668,18.480219005631568,273.9993293808288,9.319965042722451,10.374434942423992,18.033036166161747,0.0,VALID
spatiotemporal_leave_profile_out,B7_two_regime_imm,native,transition,stable,ELIGIBLE_SUPPORT,native_state_space_scale,179,0.3240223463687151,4.38451589955692,4.1370838157366565,11.86122826553464,0.5921787709497207,8.330716980649246,7.8605883029434125,17.721888866051096,0.8324022346368715,12.740732161276838,12.021732394762331,28.3627533493491,2.0776121674048253,2.6601582588734254,3.217032993686716,0.0,VALID
spatiotemporal_leave_profile_out,B7_two_regime_imm,native,transition,volatile_or_gap,DESCRIPTIVE_LOW_SUPPORT,native_state_space_scale,22,0.45454545454545453,5.210778465993905,4.940930383256553,34.94735861739461,0.6818181818181818,9.900641631484019,9.38792185658644,75.785925261247,0.7727272727272727,15.141724721236919,14.357587492600551,253.8888449518852,7.839187645112154,8.450485943977943,15.930479695265468,0.0,VALID
spatiotemporal_leave_profile_out,B7_two_regime_imm,native,profile,P-D01,DESCRIPTIVE_LOW_SUPPORT,native_state_space_scale,21,0.19047619047619047,4.72811383475074,4.178775749407578,24.60592845228813,0.3333333333333333,8.983563775782189,7.939804277464923,43.1986392067143,0.5714285714285714,13.739175173859957,12.142882773129216,95.06041540176255,4.693190761907439,5.620713329201895,5.106618703707359,0.0,VALID
spatiotemporal_leave_profile_out,B7_two_regime_imm,native,profile,P-H01,DESCRIPTIVE_LOW_SUPPORT,native_state_space_scale,20,0.4,6.372422298197764,6.31607807426228,23.12586454421338,0.7,12.107801149228054,12.000745366137329,42.04828422059252,0.8,18.517283909972935,18.3535562186058,107.65116228160085,4.555970375686803,5.3206220069486685,4.786603417718775,0.0,VALID
spatiotemporal_leave_profile_out,B7_two_regime_imm,native,profile,P-H02,DESCRIPTIVE_LOW_SUPPORT,native_state_space_scale,20,0.2,5.567409030480197,5.4741430155569955,32.72559225135202,0.45,10.57825082881518,10.40104249110184,61.477106326785076,0.6,16.17803855992182,15.90702179476281,161.3328952621127,6.584791594026062,7.621452142310116,6.568240420609612,0.0,VALID
spatiotemporal_leave_profile_out,B7_two_regime_imm,native,profile,P-H03,DESCRIPTIVE_LOW_SUPPORT,native_state_space_scale,19,0.3684210526315789,6.094804547749173,6.169155647319769,15.219340740680286,0.7894736842105263,11.580318763310514,11.72158817181814,24.235648510048236,0.8947368421052632,17.710569216102378,17.92662213214292,56.058189583538116,2.85636090267017,3.5153533168278117,3.640973427048904,0.0,VALID
spatiotemporal_leave_profile_out,B7_two_regime_imm,native,profile,P-H04,DESCRIPTIVE_LOW_SUPPORT,native_state_space_scale,20,0.4,5.705561487123175,5.853904354374341,67.49744583240324,0.45,10.840744805992994,11.12260088120812,150.99824137710252,0.55,16.579488454923556,17.01055012352736,520.2026022360135,15.395334935016702,16.310542129234136,33.328452146968274,0.0,VALID
spatiotemporal_leave_profile_out,B7_two_regime_imm,native,profile,P-H05,DESCRIPTIVE_LOW_SUPPORT,native_state_space_scale,13,0.23076923076923078,4.866527958324779,4.58904737459442,23.163264043415673,0.23076923076923078,9.246554928291514,8.71933316341741,37.9333500004733,0.6153846153846154,14.14138543291568,13.335069324535155,67.9804713179727,4.205372460954487,5.218162846591165,4.50884007405216,0.0,VALID
spatiotemporal_leave_profile_out,B7_two_regime_imm,native,profile,P-H06,DESCRIPTIVE_LOW_SUPPORT,native_state_space_scale,17,0.5294117647058824,5.194947560104815,5.246595424169151,6.59725358345021,1.0,9.870562416462212,9.968694969298548,9.870562416462212,1.0,15.095722531616927,15.245803319968552,15.095722531616927,1.1785744673460392,1.5288782549719302,2.488236714798375,0.0,VALID
spatiotemporal_leave_profile_out,B7_two_regime_imm,native,profile,P-H07,DESCRIPTIVE_LOW_SUPPORT,native_state_space_scale,19,0.3684210526315789,4.176736667706026,3.9712716705557085,11.757992486180926,0.47368421052631576,7.935929958624435,7.545540054721435,16.489892776378884,0.8421052631578947,12.136957513782548,11.539907678138372,18.066379879043446,1.9540560167328231,2.5798043655201774,2.963324433804583,0.0,VALID
spatiotemporal_leave_profile_out,B7_two_regime_imm,native,profile,P-V01,DESCRIPTIVE_LOW_SUPPORT,native_state_space_scale,18,0.3333333333333333,3.795507715509086,3.5886760797755066,12.005974518912009,0.5555555555555556,7.2115830573158775,6.818596497473472,18.93394457925764,0.6666666666666666,11.029164525152662,10.428143446947285,32.166154128060356,2.1431964256559675,2.6976282580484536,3.3095253096509647,0.0,VALID
spatiotemporal_leave_profile_out,B7_two_regime_imm,native,profile,P-V02,DESCRIPTIVE_LOW_SUPPORT,native_state_space_scale,21,0.19047619047619047,4.528373664973773,4.1370838157366565,19.644276151684636,0.2857142857142857,8.60405122247,7.8605883029434125,30.826011398582708,0.7142857142857143,13.158760810387482,12.021732394762331,54.177235200503716,3.4983713468186024,4.376637115651756,4.3241969167331336,0.0,VALID
spatiotemporal_leave_profile_out,B7_two_regime_imm,native,profile,P-V03,DESCRIPTIVE_LOW_SUPPORT,native_state_space_scale,21,0.38095238095238093,3.755784187650156,3.6181200310958395,9.302403813303835,0.7142857142857143,7.136107115240009,6.8745409234627814,14.21359779351471,0.8571428571428571,10.913734032814201,10.513703063136598,23.84876863400571,1.6622176121641001,2.1120896485543907,2.8934510139430527,0.0,VALID
spatiotemporal_leave_profile_out,B7_two_regime_imm,native,profile,P-V04,DESCRIPTIVE_LOW_SUPPORT,native_state_space_scale,21,0.2857142857142857,3.8795525639538972,3.483059086102111,10.140493906674925,0.38095238095238093,7.371270891073312,6.617920914855793,12.8118133410111,0.9047619047619048,11.273385991809594,10.121236627836883,16.160535081288174,1.6494776117099472,2.194239805852645,2.9242294222631973,0.0,VALID
spatiotemporal_leave_profile_out,B7_two_regime_imm,native,profile,P-V05,DESCRIPTIVE_LOW_SUPPORT,native_state_space_scale,17,0.47058823529411764,4.8357312578397735,3.5945488828487626,7.765528389122004,0.8235294117647058,9.18804023669139,6.829755006510091,12.51464076228187,0.9411764705882353,14.051894934689829,10.445208913855474,17.761432568093056,1.3818503591466906,1.7713999214749032,2.625223945050513,0.0,VALID
spatiotemporal_leave_profile_out,B7_two_regime_imm,native,profile,P-V06,DESCRIPTIVE_LOW_SUPPORT,native_state_space_scale,19,0.21052631578947367,4.268716594914766,4.0905665131818125,9.706557913132594,0.7368421052631579,8.110694689561818,7.772203977018904,12.87081456684069,0.8947368421052632,12.404237104876913,11.886560232933425,19.86308704749442,1.6773357808341147,2.230034961215696,2.853743486007519,0.0,VALID
spatiotemporal_leave_profile_out,B7_two_regime_imm,native,zone,GEO_NE,ELIGIBLE_SUPPORT,native_state_space_scale,103,0.33980582524271846,4.466416431199302,4.412186454413046,11.043969946485495,0.6116504854368932,8.486330545591807,8.383291898036866,16.059671770433663,0.8737864077669902,12.978722571490017,12.821138558756536,23.852291124910757,1.9118643474370096,2.476980060023747,2.998942200030661,0.0,VALID
spatiotemporal_leave_profile_out,B7_two_regime_imm,native,zone,GEO_NW,DESCRIPTIVE_LOW_SUPPORT,native_state_space_scale,24,0.3333333333333333,3.9646142311089174,3.623098606481654,11.384994725793556,0.5,7.532890712098997,6.884000371998535,15.42743665324062,0.875,11.520562178015993,10.528170041245126,14.9733822401759,1.8598041307639601,2.4777835227454674,2.9410328663311684,0.0,VALID
spatiotemporal_leave_profile_out,B7_two_regime_imm,native,zone,GEO_SE,DESCRIPTIVE_LOW_SUPPORT,native_state_space_scale,22,0.4090909090909091,5.976409690446051,6.068314211271122,14.441142059553675,0.7727272727272727,11.355364841201045,11.52998629765721,23.041575139248053,0.9090909090909091,17.36653188091468,17.633592352598917,50.48493128915464,2.6900621548721237,3.3213452715204954,3.5347413197653306,0.0,VALID
spatiotemporal_leave_profile_out,B7_two_regime_imm,native,zone,GEO_SW,ELIGIBLE_SUPPORT,native_state_space_scale,117,0.2905982905982906,5.122512470798635,4.8592879656061285,30.208978608919246,0.49572649572649574,9.732933487225392,9.232798716280257,59.09425963772231,0.6410256410256411,14.885237248162605,14.120347122144082,167.84767179570184,6.252936314160313,7.080692919918018,9.756087058203052,0.0,VALID
spatiotemporal_leave_profile_out,B7_two_regime_imm,native,gap,gap,ELIGIBLE_SUPPORT,native_state_space_scale,202,0.3217821782178218,4.537664394265841,4.2213251177348035,16.3629635027395,0.5693069306930693,8.621703897941847,8.020649404580396,28.123460628134637,0.801980198019802,13.18575824777963,12.266524725378366,64.77268113606303,3.1257931089835105,3.7569706893170127,4.9731539780561915,0.0,VALID
spatiotemporal_leave_profile_out,B7_two_regime_imm,native,gap,no_gap,ELIGIBLE_SUPPORT,native_state_space_scale,64,0.328125,5.771849977995249,5.8697728130225,30.587590201678207,0.546875,10.966695006466756,11.15275144764361,58.81888524728457,0.6875,16.772112664054983,17.05666143571785,163.76424466568463,6.264406798025332,7.143724048283745,9.283206666755463,0.0,VALID
spatiotemporal_leave_profile_out,B8_student_t_robust_imm,conformalized,overall,all,ELIGIBLE_SUPPORT,distribution_free_conformal,266,0.5150375939849624,7.761726897682308,7.042549993065813,20.922601594967972,0.8533834586466166,22.502245672175697,20.682309248403314,39.825578124456,0.981203007518797,79.20217546681047,83.95570135706933,99.60652057435853,4.183674133368561,,,,
spatiotemporal_leave_profile_out,B8_student_t_robust_imm,conformalized,transition,accelerating,ELIGIBLE_SUPPORT,distribution_free_conformal,43,0.23255813953488372,6.8163377315085345,6.026425937340271,38.65344362857564,0.5116279069767442,18.58549868084622,19.433274158083947,66.15485566567769,0.9534883720930233,69.30049897434515,70.4563920611593,80.7353452859943,6.76749555991258,,,,
spatiotemporal_leave_profile_out,B8_student_t_robust_imm,conformalized,transition,decelerating,DESCRIPTIVE_LOW_SUPPORT,distribution_free_conformal,22,0.2727272727272727,7.78768148367175,7.5703289769472875,39.28903511629987,0.8181818181818182,22.343064192738957,22.1203177994168,73.87677392322907,0.9545454545454546,70.95162228512324,63.33696203972662,228.67561457922827,8.121457269005019,,,,
spatiotemporal_leave_profile_out,B8_student_t_robust_imm,conformalized,transition,stable,ELIGIBLE_SUPPORT,distribution_free_conformal,179,0.6089385474860335,8.057792785379325,7.067751983716437,12.59853992333136,0.9441340782122905,23.633001383176776,20.88574987153596,24.791445296830187,1.0,82.75651242274161,85.7585753217008,82.75651242274161,2.7155133371096194,,,,
spatiotemporal_leave_profile_out,B8_student_t_robust_imm,conformalized,transition,volatile_or_gap,DESCRIPTIVE_LOW_SUPPORT,distribution_free_conformal,22,0.5454545454545454,7.174678686588591,7.210157274664695,35.62802406353714,0.8181818181818182,21.116647531520304,22.094269857730453,76.63578422897768,0.9090909090909091,77.88662746960398,80.79564046263542,144.51979004853834,7.141184688139282,,,,
spatiotemporal_leave_profile_out,B8_student_t_robust_imm,conformalized,profile,P-D01,DESCRIPTIVE_LOW_SUPPORT,distribution_free_conformal,21,0.2857142857142857,6.695671773271518,5.894731642094939,27.588078705339484,0.6190476190476191,18.349182322555766,19.174637879608042,42.00300979098387,1.0,70.95427140784216,85.22298753033148,70.95427140784216,4.811361268424705,,,,
spatiotemporal_leave_profile_out,B8_student_t_robust_imm,conformalized,profile,P-H01,DESCRIPTIVE_LOW_SUPPORT,distribution_free_conformal,20,0.4,7.001375274279542,7.291155091747107,23.488046679764487,0.9,21.29245140437598,21.518397993212695,42.90948661901647,0.95,68.57187297098258,73.51902789379972,94.52067971572728,4.530028226081074,,,,
spatiotemporal_leave_profile_out,B8_student_t_robust_imm,conformalized,profile,P-H02,DESCRIPTIVE_LOW_SUPPORT,distribution_free_conformal,20,0.25,5.987117810332229,5.65653706389843,35.052180518007745,0.55,15.48885439219506,16.413389697634532,63.24641713824536,0.95,61.82543476236149,58.14289683743819,74.24331647657809,6.277025343631176,,,,
spatiotemporal_leave_profile_out,B8_student_t_robust_imm,conformalized,profile,P-H03,DESCRIPTIVE_LOW_SUPPORT,distribution_free_conformal,19,0.42105263157894735,7.203948689414244,4.675777125734953,13.018415434899989,0.9473684210526315,21.52822617780586,15.392672889280565,23.03963749216908,1.0,71.6633783154635,56.352643968363594,71.6633783154635,2.6797705273540258,,,,
spatiotemporal_leave_profile_out,B8_student_t_robust_imm,conformalized,profile,P-H04,DESCRIPTIVE_LOW_SUPPORT,distribution_free_conformal,20,0.3,7.501942596690348,7.210157274664695,72.5622370170554,0.5,19.589646300152612,22.450615454646005,146.83033148076169,0.85,72.89503200428994,78.27160242819139,305.90613347571764,14.292034883938195,,,,
spatiotemporal_leave_profile_out,B8_student_t_robust_imm,conformalized,profile,P-H05,DESCRIPTIVE_LOW_SUPPORT,distribution_free_conformal,13,0.3076923076923077,7.90470496853484,6.635853263641337,21.75488013548475,0.7692307692307693,23.982839627052883,21.29143002200193,28.177356996837997,1.0,83.8546788806855,95.30566988310915,83.8546788806855,3.91804201145844,,,,
spatiotemporal_leave_profile_out,B8_student_t_robust_imm,conformalized,profile,P-H06,DESCRIPTIVE_LOW_SUPPORT,distribution_free_conformal,17,1.0,9.850888008325242,8.293431733970513,9.850888008325242,1.0,28.336865588576984,24.814831934874938,28.336865588576984,1.0,100.46812206099479,111.07996120950004,100.46812206099479,2.5478778758490526,,,,
spatiotemporal_leave_profile_out,B8_student_t_robust_imm,conformalized,profile,P-H07,DESCRIPTIVE_LOW_SUPPORT,distribution_free_conformal,19,0.5263157894736842,8.04210464580147,6.99921923878054,13.031547900610883,0.9473684210526315,24.13749036373681,21.79925571718084,24.29228287283672,1.0,85.57943981642683,93.69762427748415,85.57943981642683,2.74425802300863,,,,
spatiotemporal_leave_profile_out,B8_student_t_robust_imm,conformalized,profile,P-V01,DESCRIPTIVE_LOW_SUPPORT,distribution_free_conformal,18,0.6111111111111112,7.50464615010409,6.422658417976611,12.596133448476419,1.0,22.233962515468985,20.369515969125278,22.233962515468985,1.0,76.97548299658168,86.47889485955564,76.97548299658168,2.6000793214784723,,,,
spatiotemporal_leave_profile_out,B8_student_t_robust_imm,conformalized,profile,P-V02,DESCRIPTIVE_LOW_SUPPORT,distribution_free_conformal,21,0.3333333333333333,7.416970748189814,6.9010052427548985,17.382747336289704,0.8571428571428571,23.23460483014541,22.850378243843004,27.35650496844325,1.0,81.86536682223341,89.28572292671385,81.86536682223341,3.397520072435512,,,,
spatiotemporal_leave_profile_out,B8_student_t_robust_imm,conformalized,profile,P-V03,DESCRIPTIVE_LOW_SUPPORT,distribution_free_conformal,21,0.7142857142857143,8.368875824846365,7.022660525944332,11.512303883148844,0.9047619047619048,24.482106729850475,19.856286007029297,24.778482505389064,1.0,83.47445394633057,85.38668918816978,83.47445394633057,2.5455905017033045,,,,
spatiotemporal_leave_profile_out,B8_student_t_robust_imm,conformalized,profile,P-V04,DESCRIPTIVE_LOW_SUPPORT,distribution_free_conformal,21,0.6190476190476191,8.137524394652042,7.759027754935241,9.599803938354539,1.0,23.932652475992217,25.96357738067669,23.932652475992217,1.0,84.64174105968698,86.7787893830438,84.64174105968698,2.4169155855434914,,,,
spatiotemporal_leave_profile_out,B8_student_t_robust_imm,conformalized,profile,P-V05,DESCRIPTIVE_LOW_SUPPORT,distribution_free_conformal,17,0.8235294117647058,8.877214968007594,8.152584880489087,10.014937733123526,1.0,24.78263157737243,23.568803634638343,24.78263157737243,1.0,83.81942053651244,85.17082310478135,83.81942053651244,2.365072086100847,,,,
spatiotemporal_leave_profile_out,B8_student_t_robust_imm,conformalized,profile,P-V06,DESCRIPTIVE_LOW_SUPPORT,distribution_free_conformal,19,0.6842105263157895,8.732272859879668,6.4663819083642124,11.232049685575292,1.0,25.55476456811899,20.14056982336568,25.55476456811899,1.0,87.68989965315937,86.58179157435012,87.68989965315937,2.62967098248264,,,,
spatiotemporal_leave_profile_out,B8_student_t_robust_imm,conformalized,zone,GEO_NE,ELIGIBLE_SUPPORT,distribution_free_conformal,103,0.6699029126213593,8.588716032587923,7.6124947851550075,12.148864199074398,0.9611650485436893,25.13327698671231,23.00898160300619,25.69123604962595,1.0,87.7714218186461,86.91081753765909,87.7714218186461,2.7178783214767637,,,,
spatiotemporal_leave_profile_out,B8_student_t_robust_imm,conformalized,zone,GEO_NW,DESCRIPTIVE_LOW_SUPPORT,distribution_free_conformal,24,0.5416666666666666,7.8138287755594105,7.0162616611859985,11.566335495719755,0.9583333333333334,23.834878509162746,22.63820066583729,23.871365793031504,1.0,83.03540830051078,88.76883191783074,83.03540830051078,2.5983801493069225,,,,
spatiotemporal_leave_profile_out,B8_student_t_robust_imm,conformalized,zone,GEO_SE,DESCRIPTIVE_LOW_SUPPORT,distribution_free_conformal,22,0.45454545454545453,7.408062446661816,4.869441454712771,12.68879986215229,0.9545454545454546,21.902530928221246,15.440650219717716,23.20784069971676,1.0,73.35185465706166,56.528289188665774,73.35185465706166,2.649488491385242,,,,
spatiotemporal_leave_profile_out,B8_student_t_robust_imm,conformalized,zone,GEO_SW,ELIGIBLE_SUPPORT,distribution_free_conformal,117,0.38461538461538464,7.089507170828647,6.452710578453903,32.11396036659993,0.717948717948718,20.025444910483703,19.942766435063778,58.66599310741279,0.9572649572649573,71.97206517250788,73.71887201330634,118.36143097257438,6.087743435641787,,,,
spatiotemporal_leave_profile_out,B8_student_t_robust_imm,conformalized,gap,gap,ELIGIBLE_SUPPORT,distribution_free_conformal,202,0.5792079207920792,8.10704585632004,7.092202442522067,16.966716793823096,0.900990099009901,23.8782109641099,21.622462600042212,32.591478989607154,0.9900990099009901,84.32880341685068,86.22302417408176,91.58588052940789,3.4806237186694937,,,,
spatiotemporal_leave_profile_out,B8_student_t_robust_imm,conformalized,gap,no_gap,ELIGIBLE_SUPPORT,distribution_free_conformal,64,0.3125,6.671813934481964,5.968282375358296,33.40836299858149,0.703125,18.15935521950836,19.083497062054107,62.65820351882264,0.953125,63.021255999496034,57.03960327338129,124.92166571623395,6.402677004762493,,,,
spatiotemporal_leave_profile_out,B8_student_t_robust_imm,native,overall,all,ELIGIBLE_SUPPORT,native_state_space_scale,266,0.3157894736842105,4.88799202472436,4.6761552676599045,20.22777931953278,0.5639097744360902,9.287337324005222,8.88484087750338,36.37444694513703,0.7744360902255639,14.203756724833351,13.588191530065924,90.58493220687737,3.9710003059463554,4.679065855298147,6.009973830789164,0.0,VALID
spatiotemporal_leave_profile_out,B8_student_t_robust_imm,native,transition,accelerating,ELIGIBLE_SUPPORT,native_state_space_scale,43,0.2558139534883721,6.071962975496603,5.913437658171844,38.24426060268105,0.37209302325581395,11.536919063505923,11.235716015517525,73.16115562519366,0.5581395348837209,17.644195103000897,17.183544792890217,192.579201914625,7.737332889967926,8.889634992087629,7.262510335859863,0.0,VALID
spatiotemporal_leave_profile_out,B8_student_t_robust_imm,native,transition,decelerating,DESCRIPTIVE_LOW_SUPPORT,native_state_space_scale,22,0.18181818181818182,6.288814235885877,6.556159379864301,39.16662400403958,0.5454545454545454,11.948943222748385,12.456907335926811,77.64359324213882,0.7272727272727273,18.274331676968906,19.051195748642417,235.62637015059306,8.269985281322166,9.269004241598592,16.497625769342417,0.0,VALID
spatiotemporal_leave_profile_out,B8_student_t_robust_imm,native,transition,stable,ELIGIBLE_SUPPORT,native_state_space_scale,179,0.329608938547486,4.382680420512631,4.095854520584638,11.761815039185223,0.5977653631284916,8.327229513208781,7.782251356039453,17.591652532461595,0.8324022346368715,12.735398540091131,11.90192637312532,28.141973861264454,2.059935062392384,2.635952703268755,3.205645497594777,0.0,VALID
spatiotemporal_leave_profile_out,B8_student_t_robust_imm,native,transition,volatile_or_gap,DESCRIPTIVE_LOW_SUPPORT,native_state_space_scale,22,0.45454545454545453,5.2844437349580025,4.904254959661062,34.95706695351861,0.6818181818181818,10.040607940445359,9.318237407694287,76.02765185842928,0.7727272727272727,15.3557847185002,14.251014324744364,254.24967364641452,7.859668852535686,8.482890256784676,15.891217434224783,0.0,VALID
spatiotemporal_leave_profile_out,B8_student_t_robust_imm,native,profile,P-D01,DESCRIPTIVE_LOW_SUPPORT,native_state_space_scale,21,0.19047619047619047,4.857894972725991,4.095854520584638,27.68508596938131,0.3333333333333333,9.230151986354691,7.782251356039453,49.755942275078766,0.5238095238095238,14.116299298029633,11.90192637312532,112.40654400187705,5.3358903767877965,6.3324923837899485,5.36752136738811,0.0,VALID
spatiotemporal_leave_profile_out,B8_student_t_robust_imm,native,profile,P-H01,DESCRIPTIVE_LOW_SUPPORT,native_state_space_scale,20,0.4,6.555540224646256,6.388526723404155,23.330342125023247,0.7,12.45573092169847,12.138400059484923,42.32862041196717,0.8,19.04939657833945,18.564080904867296,106.62995198807832,4.588662239629226,5.381471815335509,4.696732910581092,0.0,VALID
spatiotemporal_leave_profile_out,B8_student_t_robust_imm,native,profile,P-H02,DESCRIPTIVE_LOW_SUPPORT,native_state_space_scale,20,0.15,5.83021492076304,5.468058074552804,34.78877740188725,0.45,11.077590218373597,10.389480913378973,65.69159916656943,0.65,16.94171225508118,15.889339887494685,175.92646149886986,7.054381357733914,8.151828897839907,6.906779173154223,0.0,VALID
spatiotemporal_leave_profile_out,B8_student_t_robust_imm,native,profile,P-H03,DESCRIPTIVE_LOW_SUPPORT,native_state_space_scale,19,0.3684210526315789,6.125874205435463,6.097983827339746,12.075537859208124,0.7894736842105263,11.639352082107752,11.5863594937077,16.9818793268071,0.9473684210526315,17.800852886179513,17.719807716009143,25.858959814302327,2.112168906500255,2.7884657631621037,3.07122893761734,0.0,VALID
spatiotemporal_leave_profile_out,B8_student_t_robust_imm,native,profile,P-H04,DESCRIPTIVE_LOW_SUPPORT,native_state_space_scale,20,0.35,5.819244692205013,6.051595939360258,72.40479782595517,0.4,11.056746441905776,11.498221059513359,161.30339735597545,0.5,16.909834449866715,17.585011613129545,550.5972608546779,16.44209916228686,17.465762166744863,33.52142720622085,0.0,VALID
spatiotemporal_leave_profile_out,B8_student_t_robust_imm,native,profile,P-H05,DESCRIPTIVE_LOW_SUPPORT,native_state_space_scale,13,0.23076923076923078,4.843987690923975,4.589141377349932,22.6135278392823,0.23076923076923078,9.203727717104245,8.719511771585225,36.66843835347128,0.6153846153846154,14.07588686559922,13.335342482155717,67.5521411999786,4.105529617057024,5.089531308316286,4.4765768718325045,0.0,VALID
spatiotemporal_leave_profile_out,B8_student_t_robust_imm,native,profile,P-H06,DESCRIPTIVE_LOW_SUPPORT,native_state_space_scale,17,0.5294117647058824,5.195057267342058,5.248536950189296,6.602439726944072,1.0,9.870770863635205,9.972383929301184,9.870770863635205,1.0,15.096041324057849,15.251445097435777,15.096041324057849,1.1784425726310825,1.5285706007218924,2.4881422633217447,0.0,VALID
spatiotemporal_leave_profile_out,B8_student_t_robust_imm,native,profile,P-H07,DESCRIPTIVE_LOW_SUPPORT,native_state_space_scale,19,0.3684210526315789,4.16062915299297,3.9747593259576064,11.60633910587847,0.47368421052631576,7.9053251782085,7.55216670877968,16.22991924240572,0.8421052631578947,12.090151541254633,11.550042270956455,17.062034915130983,1.9226941132204582,2.546865885174101,2.9438617760796877,0.0,VALID
spatiotemporal_leave_profile_out,B8_student_t_robust_imm,native,profile,P-V01,DESCRIPTIVE_LOW_SUPPORT,native_state_space_scale,18,0.3333333333333333,3.8191158814779302,3.588391120282582,12.053519491698548,0.5555555555555556,7.2564393090946675,6.8180550655478385,18.89523241683516,0.6666666666666666,11.097766242267754,10.427315398273429,32.21690266817089,2.1462247479732945,2.7025458068546726,3.311492115181269,0.0,VALID
spatiotemporal_leave_profile_out,B8_student_t_robust_imm,native,profile,P-V02,DESCRIPTIVE_LOW_SUPPORT,native_state_space_scale,21,0.19047619047619047,4.530733291619809,4.135337878502746,18.643417059448737,0.3333333333333333,8.608534586704144,7.857270967735854,28.83106360655927,0.7142857142857143,13.165617524283945,12.016658968373363,48.82526881032477,3.293697456522266,4.143111772546326,4.203939490062111,0.0,VALID
spatiotemporal_leave_profile_out,B8_student_t_robust_imm,native,profile,P-V03,DESCRIPTIVE_LOW_SUPPORT,native_state_space_scale,21,0.38095238095238093,3.744931488008161,3.6026543688769213,9.322182413661224,0.7142857142857143,7.115486647378875,6.845155682807789,14.224282292213445,0.8571428571428571,10.882197748642126,10.468762215722196,23.78025864181562,1.661217567045493,2.108122604409921,2.890995021368296,0.0,VALID
spatiotemporal_leave_profile_out,B8_student_t_robust_imm,native,profile,P-V04,DESCRIPTIVE_LOW_SUPPORT,native_state_space_scale,21,0.2857142857142857,3.8807338034415273,3.483158268611648,10.112628707570726,0.38095238095238093,7.373515282947641,6.6181093647178315,12.771079746858058,0.9047619047619048,11.27681849297392,10.12152483702988,16.13229678050458,1.6452906748037968,2.1892033517632137,2.9204622151932127,0.0,VALID
spatiotemporal_leave_profile_out,B8_student_t_robust_imm,native,profile,P-V05,DESCRIPTIVE_LOW_SUPPORT,native_state_space_scale,17,0.47058823529411764,4.839631033156447,3.6069554545714695,7.775600123031008,0.8235294117647058,9.195449931443463,6.853327879796375,12.50524145408125,0.9411764705882353,14.063227084905986,10.481260512476567,17.70553434421239,1.3820947804837755,1.7726012186125646,2.62439794592317,0.0,VALID
spatiotemporal_leave_profile_out,B8_student_t_robust_imm,native,profile,P-V06,DESCRIPTIVE_LOW_SUPPORT,native_state_space_scale,19,0.21052631578947367,4.266132967655754,4.131686234683244,9.671568538928375,0.7368421052631579,8.105785717175493,7.850332730568674,12.825292529838237,0.8947368421052632,12.396729479482055,12.006047850311875,19.856788285540492,1.669986618288275,2.2167249352439127,2.8479320364239746,0.0,VALID
spatiotemporal_leave_profile_out,B8_student_t_robust_imm,native,zone,GEO_NE,ELIGIBLE_SUPPORT,native_state_space_scale,103,0.33980582524271846,4.46102515593727,4.386567166826829,10.9369933013165,0.6116504854368932,8.476086954417394,8.33461445244972,15.833848566735677,0.8737864077669902,12.963056350704228,12.74669283002016,23.596866789656126,1.8912867933472626,2.4513342337017363,2.989288076169798,0.0,VALID
spatiotemporal_leave_profile_out,B8_student_t_robust_imm,native,zone,GEO_NW,DESCRIPTIVE_LOW_SUPPORT,native_state_space_scale,24,0.3333333333333333,3.9676375210722106,3.6229128780402924,11.317804518437951,0.5,7.538635057338385,6.8836474821662925,15.256137114204572,0.875,11.529347395939844,10.527630342819954,14.905378177275983,1.8478354735114895,2.4622403650112568,2.9322229181470374,0.0,VALID
spatiotemporal_leave_profile_out,B8_student_t_robust_imm,native,zone,GEO_SE,DESCRIPTIVE_LOW_SUPPORT,native_state_space_scale,22,0.4090909090909091,6.003247731673599,5.987468633010586,11.72604076181437,0.7727272727272727,11.40635795672476,11.376377177048587,16.77695050856913,0.9545454545454546,17.444519121204543,17.398667475454523,24.403793286401516,2.047351254680742,2.6935794245712903,3.0426886280387944,0.0,VALID
spatiotemporal_leave_profile_out,B8_student_t_robust_imm,native,zone,GEO_SW,ELIGIBLE_SUPPORT,native_state_space_scale,117,0.27350427350427353,5.242953306945206,4.789171854195132,31.833151997929004,0.49572649572649574,9.961774832960101,9.09957591738295,62.47415626583971,0.6324786324786325,15.235219884735725,13.916600433537464,177.52565947982345,6.599091988886411,7.468304062711023,9.858494592239706,0.0,VALID
spatiotemporal_leave_profile_out,B8_student_t_robust_imm,native,gap,gap,ELIGIBLE_SUPPORT,native_state_space_scale,202,0.31683168316831684,4.552484122485074,4.23601811342398,16.141280243238047,0.5742574257425742,8.649861843848043,8.048566554726161,27.445889029756,0.7920792079207921,13.228822109850068,12.309220322112665,61.52017068367069,3.0598920387338335,3.69696283741081,4.788916043806253,0.0,VALID
spatiotemporal_leave_profile_out,B8_student_t_robust_imm,native,gap,no_gap,ELIGIBLE_SUPPORT,native_state_space_scale,64,0.3125,5.9469388411671105,6.002281898013354,33.125792029088046,0.53125,11.299369308251316,11.404522842641887,64.55520786555842,0.71875,17.280894103374337,17.441712556407108,182.32058576449845,6.846685774335875,7.778828505505052,9.863937470953974,0.0,VALID
spatiotemporal_leave_profile_out,M1_ridge,conformalized,overall,all,ELIGIBLE_SUPPORT,distribution_free_conformal,266,0.4699248120300752,9.66992144028678,7.608454983578323,27.89287861569224,0.7631578947368421,24.205431848736875,21.11317168237599,47.79828416857496,0.9736842105263158,74.30553451863996,74.39043593519678,99.95343038382318,5.175514658288017,,,,
spatiotemporal_leave_profile_out,M1_ridge,conformalized,transition,accelerating,ELIGIBLE_SUPPORT,distribution_free_conformal,43,0.20930232558139536,8.026729065349892,6.595116806227665,54.28398563187101,0.37209302325581395,20.129648379415155,17.290699259428294,97.4953356639185,0.8837209302325582,63.5660730918267,66.19390768353077,109.31623123940257,9.588468751366788,,,,
spatiotemporal_leave_profile_out,M1_ridge,conformalized,transition,decelerating,DESCRIPTIVE_LOW_SUPPORT,distribution_free_conformal,22,0.5454545454545454,10.664424482402906,9.18616233493874,41.787585424617056,0.8181818181818182,24.258874628200864,21.8216288201809,88.38832393810112,0.9545454545454546,67.59825581065529,65.40274625156037,230.80290743601287,8.777686741320714,,,,
spatiotemporal_leave_profile_out,M1_ridge,conformalized,transition,stable,ELIGIBLE_SUPPORT,distribution_free_conformal,179,0.5307262569832403,10.087568132097386,7.894290518580664,19.359619111888207,0.8379888268156425,25.346811315098773,22.46715647127944,29.52742135935395,1.0,77.67394223430293,76.34361583332944,77.67394223430293,3.5456586060253628,,,,
spatiotemporal_leave_profile_out,M1_ridge,conformalized,transition,volatile_or_gap,DESCRIPTIVE_LOW_SUPPORT,distribution_free_conformal,22,0.4090909090909091,8.488987229451924,7.88154634723617,31.845255874278074,0.8636363636363636,22.831614737548115,21.419640361309057,58.73148206044825,0.9545454545454546,74.59698869250207,76.02137053952923,132.07795069409778,6.209124727647481,,,,
spatiotemporal_leave_profile_out,M1_ridge,conformalized,profile,P-D01,DESCRIPTIVE_LOW_SUPPORT,distribution_free_conformal,21,0.19047619047619047,7.54160263383561,5.810410727353428,55.162589920585376,0.42857142857142855,20.378546736472373,17.427258017438106,95.19152009314467,0.8571428571428571,67.42493075365907,75.71198431952209,128.4611345761408,9.752092696860728,,,,
spatiotemporal_leave_profile_out,M1_ridge,conformalized,profile,P-H01,DESCRIPTIVE_LOW_SUPPORT,distribution_free_conformal,20,0.3,7.597738138905325,8.369674608549946,30.388102522191883,0.65,20.52943890609784,21.8216288201809,48.43861264940582,1.0,72.18997682263607,69.01447950815528,72.18997682263607,5.330176288916277,,,,
spatiotemporal_leave_profile_out,M1_ridge,conformalized,profile,P-H02,DESCRIPTIVE_LOW_SUPPORT,distribution_free_conformal,20,0.1,7.203316116111589,6.833502074615112,42.15759129016883,0.4,17.854761776183892,20.106999421896518,67.35531915423078,0.95,57.14208810611152,63.3376664144382,66.48953394645905,7.147795385739357,,,,
spatiotemporal_leave_profile_out,M1_ridge,conformalized,profile,P-H03,DESCRIPTIVE_LOW_SUPPORT,distribution_free_conformal,19,0.42105263157894735,9.984015233617978,5.419129804356743,20.0179322625489,0.7368421052631579,23.941236452991294,15.079806257812393,30.034566894644538,1.0,69.79564309741829,50.29193058263732,69.79564309741829,3.7072511685916765,,,,
spatiotemporal_leave_profile_out,M1_ridge,conformalized,profile,P-H04,DESCRIPTIVE_LOW_SUPPORT,distribution_free_conformal,20,0.5,9.12637602786408,7.492475332514556,74.74254690476657,0.55,21.533886959767077,19.697380257307216,160.4320749244069,0.85,63.39435916811175,71.80122749969115,331.0759143210952,15.097518621495968,,,,
spatiotemporal_leave_profile_out,M1_ridge,conformalized,profile,P-H05,DESCRIPTIVE_LOW_SUPPORT,distribution_free_conformal,13,0.38461538461538464,10.536939816185859,8.243345291080715,26.09495888513445,0.7692307692307693,26.877784957662435,24.464584804346774,31.206119609601686,1.0,82.8395889425348,77.01671098428977,82.8395889425348,4.438115332647566,,,,
spatiotemporal_leave_profile_out,M1_ridge,conformalized,profile,P-H06,DESCRIPTIVE_LOW_SUPPORT,distribution_free_conformal,17,0.6470588235294118,12.753600230006715,8.883938520274576,17.702767162950323,0.9411764705882353,29.346375686992374,24.277220796923068,29.889472064336275,1.0,92.36825668891132,86.1330405967372,92.36825668891132,3.4103946470404782,,,,
spatiotemporal_leave_profile_out,M1_ridge,conformalized,profile,P-H07,DESCRIPTIVE_LOW_SUPPORT,distribution_free_conformal,19,0.5789473684210527,10.086218672566432,6.808308246567364,17.116095423206797,0.8421052631578947,24.890428923096835,20.93708384734113,27.30018431290441,1.0,77.11189954430215,75.8173120513271,77.11189954430215,3.2105191292721345,,,,
spatiotemporal_leave_profile_out,M1_ridge,conformalized,profile,P-V01,DESCRIPTIVE_LOW_SUPPORT,distribution_free_conformal,18,0.5555555555555556,9.168541087938385,7.2480786481971045,15.780725666956386,0.8888888888888888,23.276146734229982,20.528523020938806,24.673522206175367,1.0,74.36570716934108,71.88502529811998,74.36570716934108,2.9980548643893847,,,,
spatiotemporal_leave_profile_out,M1_ridge,conformalized,profile,P-V02,DESCRIPTIVE_LOW_SUPPORT,distribution_free_conformal,21,0.6190476190476191,9.704289707659537,7.427256371958904,15.083653203408474,0.9523809523809523,24.822089214065606,22.6825441151473,26.151350210853945,1.0,75.9553075961268,80.79985174207258,75.9553075961268,2.9270225507348213,,,,
spatiotemporal_leave_profile_out,M1_ridge,conformalized,profile,P-V03,DESCRIPTIVE_LOW_SUPPORT,distribution_free_conformal,21,0.5714285714285714,10.0659155862782,6.7890844425877965,18.397267960682147,0.7619047619047619,25.868518840280174,18.872618885517007,28.158136645996414,1.0,74.95875814012055,67.00393081474255,74.95875814012055,3.3744366355687134,,,,
spatiotemporal_leave_profile_out,M1_ridge,conformalized,profile,P-V04,DESCRIPTIVE_LOW_SUPPORT,distribution_free_conformal,21,0.3333333333333333,10.141631930312352,8.484037747974208,21.73870216989834,0.9047619047619048,25.358846879641824,23.82477918707871,27.246294848836566,1.0,76.69600319622445,78.05466297071872,76.69600319622445,3.7922080764356396,,,,
spatiotemporal_leave_profile_out,M1_ridge,conformalized,profile,P-V05,DESCRIPTIVE_LOW_SUPPORT,distribution_free_conformal,17,0.6470588235294118,11.233007743285704,10.927658416540925,15.823890776688526,0.9411764705882353,29.954711114357526,32.41017952398947,30.579573142498862,1.0,81.1895214739129,78.16984436527125,81.1895214739129,3.260625804573808,,,,
spatiotemporal_leave_profile_out,M1_ridge,conformalized,profile,P-V06,DESCRIPTIVE_LOW_SUPPORT,distribution_free_conformal,19,0.7894736842105263,11.368817025372735,7.557284262362174,13.522483187913057,1.0,26.89437475836834,19.824467755015988,26.89437475836834,1.0,81.9887253868687,71.01347615891692,81.9887253868687,2.732140200510509,,,,
spatiotemporal_leave_profile_out,M1_ridge,conformalized,zone,GEO_NE,ELIGIBLE_SUPPORT,distribution_free_conformal,103,0.5728155339805825,11.001762127532858,8.445763113541872,18.418635975797578,0.9029126213592233,27.069091954414585,23.738803284828045,28.63749392653005,1.0,81.77525831134865,78.09329046314531,81.77525831134865,3.430285033779804,,,,
spatiotemporal_leave_profile_out,M1_ridge,conformalized,zone,GEO_NW,DESCRIPTIVE_LOW_SUPPORT,distribution_free_conformal,24,0.75,9.885132109143186,7.358290455884653,12.840600106161247,0.9583333333333334,25.347502751251238,22.47192496381415,25.60798017656688,1.0,76.04884834834404,80.5437977116868,76.04884834834404,2.6146976390968617,,,,
spatiotemporal_leave_profile_out,M1_ridge,conformalized,zone,GEO_SE,DESCRIPTIVE_LOW_SUPPORT,distribution_free_conformal,22,0.4090909090909091,10.085786011665816,6.049553720594808,19.5933907791377,0.7727272727272727,24.579261627045888,16.74864341101685,29.84168337211005,1.0,71.09956539163456,57.35371789881354,71.09956539163456,3.671279890763724,,,,
spatiotemporal_leave_profile_out,M1_ridge,conformalized,zone,GEO_SW,ELIGIBLE_SUPPORT,distribution_free_conformal,117,0.3333333333333333,8.37510377012235,6.900065317952574,40.881685526308424,0.5982905982905983,21.37986819345527,20.104952441537137,72.59464235884032,0.9401709401709402,67.97485279412909,67.52037613357948,126.28545365001574,7.520056749488597,,,,
spatiotemporal_leave_profile_out,M1_ridge,conformalized,gap,gap,ELIGIBLE_SUPPORT,distribution_free_conformal,202,0.5247524752475248,10.166570630589264,7.919709794792986,23.337905462538743,0.8415841584158416,25.623905261087675,22.801571397078547,38.856141932698335,0.9900990099009901,78.7517224884677,76.896510575236,88.36106452824184,4.325527514596681,,,,
spatiotemporal_leave_profile_out,M1_ridge,conformalized,gap,no_gap,ELIGIBLE_SUPPORT,distribution_free_conformal,64,0.296875,8.10237243339457,5.481349026151953,42.269512630332976,0.515625,19.728375141004655,15.06510390522746,76.02192060056056,0.921875,60.272253738871164,59.91213057847874,136.54183511550175,7.85828658056379,,,,
spatiotemporal_leave_profile_out,M2_extra_trees,conformalized,overall,all,ELIGIBLE_SUPPORT,distribution_free_conformal,266,0.48120300751879697,8.70657111360865,7.685671707369938,27.599371688740447,0.8045112781954887,22.192375593315788,20.935227465418574,51.59632462309066,0.9699248120300752,86.86278228494946,87.57270944405026,118.17634430279514,5.3864275282343,,,,
spatiotemporal_leave_profile_out,M2_extra_trees,conformalized,transition,accelerating,ELIGIBLE_SUPPORT,distribution_free_conformal,43,0.13953488372093023,7.555616868633928,6.307385772755794,67.42019131713174,0.3488372093023256,17.867044694965667,16.60843418537212,132.74991868099647,0.8837209302325582,78.88131006381079,72.73025878878647,156.02659879736697,12.344807695907788,,,,
spatiotemporal_leave_profile_out,M2_extra_trees,conformalized,transition,decelerating,DESCRIPTIVE_LOW_SUPPORT,distribution_free_conformal,22,0.5,8.657101306296148,8.157084010881565,42.01409876972363,0.8636363636363636,21.999647805818647,20.964471698470323,92.57735773909495,0.9090909090909091,78.36874228293249,80.18014592529791,273.148655821595,9.17173678816877,,,,
spatiotemporal_leave_profile_out,M2_extra_trees,conformalized,transition,stable,ELIGIBLE_SUPPORT,distribution_free_conformal,179,0.547486033519553,9.0766146376515,7.857667793392082,16.421369170873966,0.8994413407821229,23.401357415780588,21.140139786976043,27.304666282748272,1.0,89.6414119107699,88.77897988088621,89.6414119107699,3.2752761949019757,,,,
spatiotemporal_leave_profile_out,M2_extra_trees,conformalized,transition,volatile_or_gap,DESCRIPTIVE_LOW_SUPPORT,distribution_free_conformal,22,0.5909090909090909,7.994824635932187,7.965337415748327,26.301335820360695,0.8636363636363636,21.00244349026093,21.43367142583083,49.64266870851084,0.9545454545454546,88.34903149092587,90.4593082665392,121.39457618881016,5.177742879960099,,,,
spatiotemporal_leave_profile_out,M2_extra_trees,conformalized,profile,P-D01,DESCRIPTIVE_LOW_SUPPORT,distribution_free_conformal,21,0.23809523809523808,7.648183343569731,6.501951281917627,70.71527291596124,0.5238095238095238,18.096111769782116,18.007521801128576,143.94113150301195,0.8095238095238095,81.90092336849024,92.89734593079575,229.49385290188357,13.506745130231495,,,,
spatiotemporal_leave_profile_out,M2_extra_trees,conformalized,profile,P-H01,DESCRIPTIVE_LOW_SUPPORT,distribution_free_conformal,20,0.25,7.264298171199664,7.400787186836917,39.91883936849526,0.7,18.440293247819703,20.005613375356926,73.75557493068047,0.9,89.29160815864287,94.64539109758765,145.70567118881928,7.608154348182254,,,,
spatiotemporal_leave_profile_out,M2_extra_trees,conformalized,profile,P-H02,DESCRIPTIVE_LOW_SUPPORT,distribution_free_conformal,20,0.1,6.297856138378757,5.792906621998831,47.02382423529586,0.3,15.494742068921166,17.02960329661167,82.17838706856386,1.0,68.96603468683412,68.16349561973037,68.96603468683412,8.080374114284991,,,,
spatiotemporal_leave_profile_out,M2_extra_trees,conformalized,profile,P-H03,DESCRIPTIVE_LOW_SUPPORT,distribution_free_conformal,19,0.5789473684210527,7.922888963600411,5.011570120972564,17.592774694191043,0.8947368421052632,21.974947082587153,16.781720883498238,35.165851576406375,1.0,77.34468439626377,62.808707509819826,77.34468439626377,3.516166026195353,,,,
spatiotemporal_leave_profile_out,M2_extra_trees,conformalized,profile,P-H04,DESCRIPTIVE_LOW_SUPPORT,distribution_free_conformal,20,0.35,8.573843769421652,8.301045220525822,63.207073679761606,0.6,19.99291059868991,23.140492837625835,129.58883607757286,0.9,80.947717549052,91.45905428718108,286.03145334616,12.65696136330956,,,,
spatiotemporal_leave_profile_out,M2_extra_trees,conformalized,profile,P-H05,DESCRIPTIVE_LOW_SUPPORT,distribution_free_conformal,13,0.3076923076923077,8.890108884390981,7.142652910680731,19.095573993547212,0.8461538461538461,23.76481343602634,21.31583448923412,27.65619368717531,1.0,90.86660352822231,96.98835409959284,90.86660352822231,3.691855058921153,,,,
spatiotemporal_leave_profile_out,M2_extra_trees,conformalized,profile,P-H06,DESCRIPTIVE_LOW_SUPPORT,distribution_free_conformal,17,1.0,11.282681350192602,9.717193146743684,11.282681350192602,1.0,27.1224039989596,24.69585900964993,27.1224039989596,1.0,110.18869412196247,119.90765223774065,110.18869412196247,2.712139803552635,,,,
spatiotemporal_leave_profile_out,M2_extra_trees,conformalized,profile,P-H07,DESCRIPTIVE_LOW_SUPPORT,distribution_free_conformal,19,0.42105263157894735,9.677160612337165,8.881820278192038,22.28916395047832,0.7894736842105263,23.164612395277494,21.36211696870528,32.530544364760516,1.0,89.40568349303345,95.1157744093976,89.40568349303345,4.140996164026748,,,,
spatiotemporal_leave_profile_out,M2_extra_trees,conformalized,profile,P-V01,DESCRIPTIVE_LOW_SUPPORT,distribution_free_conformal,18,0.6666666666666666,8.524329004705594,7.644055236723322,13.731703532845303,0.9444444444444444,22.041393150409615,21.132425059798894,23.53233486022153,1.0,82.14884923098963,83.16953915779362,82.14884923098963,2.8117700842005866,,,,
spatiotemporal_leave_profile_out,M2_extra_trees,conformalized,profile,P-V02,DESCRIPTIVE_LOW_SUPPORT,distribution_free_conformal,21,0.38095238095238093,8.504560182000903,8.335502341367253,16.931110559205905,0.8095238095238095,23.47643489015432,24.255315397689237,25.315148512222933,1.0,86.07597303939822,87.42733229206033,86.07597303939822,3.2813151327059766,,,,
spatiotemporal_leave_profile_out,M2_extra_trees,conformalized,profile,P-V03,DESCRIPTIVE_LOW_SUPPORT,distribution_free_conformal,21,0.5714285714285714,9.28441705880753,7.478023690245227,13.123813992885186,0.9523809523809523,24.455954158083305,20.938484030922808,24.56024993840842,1.0,86.8925787743673,82.54147055530046,86.8925787743673,2.8220184631579577,,,,
spatiotemporal_leave_profile_out,M2_extra_trees,conformalized,profile,P-V04,DESCRIPTIVE_LOW_SUPPORT,distribution_free_conformal,21,0.5714285714285714,9.46141217290797,9.87437702752553,13.376011668013307,1.0,24.625077267971122,27.536230918116246,24.625077267971122,1.0,88.9680225928367,83.09714034860882,88.9680225928367,2.831010876212175,,,,
spatiotemporal_leave_profile_out,M2_extra_trees,conformalized,profile,P-V05,DESCRIPTIVE_LOW_SUPPORT,distribution_free_conformal,17,0.7647058823529411,9.327117907965725,8.489058055496926,12.683564681563745,1.0,24.95054308286846,23.931733802718018,24.95054308286846,1.0,94.16759585687633,93.22986724456429,94.16759585687633,2.71123650220703,,,,
spatiotemporal_leave_profile_out,M2_extra_trees,conformalized,profile,P-V06,DESCRIPTIVE_LOW_SUPPORT,distribution_free_conformal,19,0.631578947368421,9.820055780189568,7.334743919704906,14.777452072664286,1.0,24.858340413755474,20.195484166295472,24.858340413755474,1.0,94.66033552986464,91.68019230711003,94.66033552986464,3.0698730659267532,,,,
spatiotemporal_leave_profile_out,M2_extra_trees,conformalized,zone,GEO_NE,ELIGIBLE_SUPPORT,distribution_free_conformal,103,0.6213592233009708,9.784068799215513,8.782912385489354,15.557504423034052,0.941747572815534,24.758046231869127,23.363291210314756,26.976887500656645,1.0,94.57300289779882,93.2005299370382,94.57300289779882,3.186922077870527,,,,
spatiotemporal_leave_profile_out,M2_extra_trees,conformalized,zone,GEO_NW,DESCRIPTIVE_LOW_SUPPORT,distribution_free_conformal,24,0.625,8.845093001781203,8.258102891809836,13.576215535252258,0.9166666666666666,23.98344679024879,24.030092251712077,25.046673175751824,1.0,86.94283219807012,86.92119983872851,86.94283219807012,2.861689513967059,,,,
spatiotemporal_leave_profile_out,M2_extra_trees,conformalized,zone,GEO_SE,DESCRIPTIVE_LOW_SUPPORT,distribution_free_conformal,22,0.5909090909090909,8.08411699836634,5.409335120496593,16.939561706412874,0.9090909090909091,22.326846988412537,16.834027729354254,33.71899177852914,1.0,79.5197871112508,67.02028192550164,79.5197871112508,3.4183380550231317,,,,
spatiotemporal_leave_profile_out,M2_extra_trees,conformalized,zone,GEO_SW,ELIGIBLE_SUPPORT,distribution_free_conformal,117,0.3076923076923077,7.8466326828538,7.478023690245227,43.08128532688303,0.6410256410256411,19.54102383955925,19.755456583441983,82.07747830622904,0.9316239316239316,81.43946581300924,83.02497288959586,152.63098287922244,8.210707375589243,,,,
spatiotemporal_leave_profile_out,M2_extra_trees,conformalized,gap,gap,ELIGIBLE_SUPPORT,distribution_free_conformal,202,0.5495049504950495,9.144740121210003,8.234061848582952,22.071679487226614,0.8712871287128713,23.66775251349305,21.48400241518584,39.978822400355625,0.9851485148514851,91.0386821729034,90.5636892937091,105.89378967498088,4.356149704662846,,,,
spatiotemporal_leave_profile_out,M2_extra_trees,conformalized,gap,no_gap,ELIGIBLE_SUPPORT,distribution_free_conformal,64,0.265625,7.323600183366878,6.092561936041342,45.04615019976848,0.59375,17.535717189006284,16.514408788176794,88.2640660135981,0.921875,73.68259826359484,68.3983389701412,156.94315734683386,8.638241908881701,,,,
spatiotemporal_leave_profile_out,Z01_elastic_net,conformalized,overall,all,ELIGIBLE_SUPPORT,distribution_free_conformal,266,0.44360902255639095,9.292962161964965,7.873370700479633,26.356576653724066,0.7857142857142857,22.98158186322057,21.04655469720118,44.39720712959658,0.9586466165413534,64.3019836383632,66.02024696900031,92.43987131003175,4.875318022237933,,,,
spatiotemporal_leave_profile_out,Z01_elastic_net,conformalized,transition,accelerating,ELIGIBLE_SUPPORT,distribution_free_conformal,43,0.20930232558139536,7.894880338729378,6.189215999762865,49.22316430020406,0.4186046511627907,19.85837419042309,16.95050048703169,84.99304696796862,0.8372093023255814,55.921309123332705,56.232656960922185,102.43708328680714,8.638768427112375,,,,
spatiotemporal_leave_profile_out,Z01_elastic_net,conformalized,transition,decelerating,DESCRIPTIVE_LOW_SUPPORT,distribution_free_conformal,22,0.36363636363636365,9.67428084186041,8.626160362099096,40.44395312543999,0.8636363636363636,23.414424523219633,22.47064380200326,80.73470012657768,0.9090909090909091,58.864862206559266,55.96397186235016,223.2318636839291,8.414566382156071,,,,
spatiotemporal_leave_profile_out,Z01_elastic_net,conformalized,transition,stable,ELIGIBLE_SUPPORT,distribution_free_conformal,179,0.5195530726256983,9.672430130616853,7.919453430953254,18.291290948600587,0.8547486033519553,23.762909068445715,21.65065695648926,27.666974568299196,1.0,67.37877099462862,69.38450156015048,67.37877099462862,3.3186678896428914,,,,
spatiotemporal_leave_profile_out,Z01_elastic_net,conformalized,transition,volatile_or_gap,DESCRIPTIVE_LOW_SUPPORT,distribution_free_conformal,22,0.36363636363636365,8.556768573453281,8.087505624390612,33.19751256466556,0.8636363636363636,22.296028302993765,21.525443112304334,64.83655574271701,0.9090909090909091,61.08565358720346,59.26571584676964,146.01409900230772,6.645706313452135,,,,
spatiotemporal_leave_profile_out,Z01_elastic_net,conformalized,profile,P-D01,DESCRIPTIVE_LOW_SUPPORT,distribution_free_conformal,21,0.14285714285714285,7.359507783963768,5.708937594981876,51.15324996472861,0.38095238095238093,18.977966976121724,16.95050048703169,87.23671588785503,0.8571428571428571,60.97436632057112,66.02560319609094,115.43588166114407,8.971982695831027,,,,
spatiotemporal_leave_profile_out,Z01_elastic_net,conformalized,profile,P-H01,DESCRIPTIVE_LOW_SUPPORT,distribution_free_conformal,20,0.45,7.671757024322446,8.350276145345052,26.82701663626911,0.7,21.072512016237717,22.47064380200326,42.42211052699441,0.95,59.585469554222,58.17785423012892,82.3789181781545,4.834355688573864,,,,
spatiotemporal_leave_profile_out,Z01_elastic_net,conformalized,profile,P-H02,DESCRIPTIVE_LOW_SUPPORT,distribution_free_conformal,20,0.2,7.284996848379339,7.144279751911176,37.7234906418162,0.45,17.320424907294615,18.297642216827267,61.94237389016588,0.95,49.37403014478518,48.75987836499525,59.19681215121386,6.459558274868084,,,,
spatiotemporal_leave_profile_out,Z01_elastic_net,conformalized,profile,P-H03,DESCRIPTIVE_LOW_SUPPORT,distribution_free_conformal,19,0.15789473684210525,8.844913400088974,5.411346802028135,20.828947276881568,0.7894736842105263,21.836823864317818,14.668493853708824,27.041515100297364,1.0,62.00360280000999,48.91745816021401,62.00360280000999,3.706841449504146,,,,
spatiotemporal_leave_profile_out,Z01_elastic_net,conformalized,profile,P-H04,DESCRIPTIVE_LOW_SUPPORT,distribution_free_conformal,20,0.4,8.908698704215961,7.795231222669981,72.03507366940772,0.6,22.7528111069411,20.668928517645373,150.95547024989838,0.7,52.114582270398294,61.58731127536538,336.5476665656271,14.626072628905774,,,,
spatiotemporal_leave_profile_out,Z01_elastic_net,conformalized,profile,P-H05,DESCRIPTIVE_LOW_SUPPORT,distribution_free_conformal,13,0.3076923076923077,9.926205643479951,8.24762681731768,23.150631862522875,0.8461538461538461,25.325216320439413,21.947052870604878,27.957962534359176,1.0,68.6788017188362,74.61182453091098,68.6788017188362,4.000895817232103,,,,
spatiotemporal_leave_profile_out,Z01_elastic_net,conformalized,profile,P-H06,DESCRIPTIVE_LOW_SUPPORT,distribution_free_conformal,17,0.6470588235294118,11.749638528799109,9.320021798302408,16.75916886222926,0.9411764705882353,28.34098184591221,23.684254575090478,28.84688941720521,1.0,80.35672337734863,84.13113478786863,80.35672337734863,3.195538861356628,,,,
spatiotemporal_leave_profile_out,Z01_elastic_net,conformalized,profile,P-H07,DESCRIPTIVE_LOW_SUPPORT,distribution_free_conformal,19,0.631578947368421,9.376578386090275,7.188179110701654,16.902537734243566,0.8947368421052632,23.553191971467577,20.633724453084213,28.159431880264307,1.0,68.20924831817446,74.32025388830495,68.20924831817446,3.1734133411387493,,,,
spatiotemporal_leave_profile_out,Z01_elastic_net,conformalized,profile,P-V01,DESCRIPTIVE_LOW_SUPPORT,distribution_free_conformal,18,0.5555555555555556,8.830739591361224,7.16699320442744,15.35728203612572,0.9444444444444444,22.027181541887717,19.420628954505197,22.504930020609482,1.0,63.932782343009066,70.00419148152277,63.932782343009066,2.8212818603154357,,,,
spatiotemporal_leave_profile_out,Z01_elastic_net,conformalized,profile,P-V02,DESCRIPTIVE_LOW_SUPPORT,distribution_free_conformal,21,0.5238095238095238,9.707058677699864,7.690868079993496,15.693692797001203,0.9047619047619048,23.757989518090934,22.069594710239883,25.379977690787367,1.0,65.44226202533108,73.35189008771421,65.44226202533108,2.940641516931371,,,,
spatiotemporal_leave_profile_out,Z01_elastic_net,conformalized,profile,P-V03,DESCRIPTIVE_LOW_SUPPORT,distribution_free_conformal,21,0.47619047619047616,9.642287668492271,7.095534010689363,18.21233964404916,0.8095238095238095,24.27070431958871,18.727715900741643,27.37235504771471,1.0,65.87197175120743,65.06236543384998,65.87197175120743,3.2924041149220176,,,,
spatiotemporal_leave_profile_out,Z01_elastic_net,conformalized,profile,P-V04,DESCRIPTIVE_LOW_SUPPORT,distribution_free_conformal,21,0.38095238095238093,10.25281382647328,9.49437935930283,20.120513870981455,0.9047619047619048,23.94977877825923,24.196604426739707,25.68405442034644,1.0,67.55972715003405,72.67029410991984,67.55972715003405,3.49334757815897,,,,
spatiotemporal_leave_profile_out,Z01_elastic_net,conformalized,profile,P-V05,DESCRIPTIVE_LOW_SUPPORT,distribution_free_conformal,17,0.5294117647058824,10.796670268445716,10.703953174233433,14.854115684591063,0.9411764705882353,25.798318750843418,27.106978745282788,26.16237532238078,1.0,68.69338865545434,68.64625449534319,68.69338865545434,2.9058667395746487,,,,
spatiotemporal_leave_profile_out,Z01_elastic_net,conformalized,profile,P-V06,DESCRIPTIVE_LOW_SUPPORT,distribution_free_conformal,19,0.8421052631578947,10.575488260779172,7.820418286617006,12.560458197809917,1.0,24.82132066470898,18.95150211831616,24.82132066470898,1.0,72.34318715285767,69.50556131663406,72.34318715285767,2.5539743525201537,,,,
spatiotemporal_leave_profile_out,Z01_elastic_net,conformalized,zone,GEO_NE,ELIGIBLE_SUPPORT,distribution_free_conformal,103,0.5728155339805825,10.443156339559891,9.018866569157012,17.209777514532295,0.9223300970873787,25.211827582474186,23.601278026325527,26.890987174319257,1.0,70.96875911005375,72.03579326304714,70.96875911005375,3.1899044795053646,,,,
spatiotemporal_leave_profile_out,Z01_elastic_net,conformalized,zone,GEO_NW,DESCRIPTIVE_LOW_SUPPORT,distribution_free_conformal,24,0.6666666666666666,9.729425838850078,7.6194543928955945,13.418616605831234,0.9166666666666666,24.079372599936594,21.864667111089606,24.69892797425617,1.0,66.04321746673659,73.47621736173589,66.04321746673659,2.635390171307087,,,,
spatiotemporal_leave_profile_out,Z01_elastic_net,conformalized,zone,GEO_SE,DESCRIPTIVE_LOW_SUPPORT,distribution_free_conformal,22,0.18181818181818182,9.051569599630987,6.179447004307367,20.17521271692241,0.8181818181818182,22.2608376894797,16.251068210358767,26.755798302371126,1.0,62.91877890306814,49.06992869416088,62.91877890306814,3.626637832374219,,,,
spatiotemporal_leave_profile_out,Z01_elastic_net,conformalized,zone,GEO_SW,ELIGIBLE_SUPPORT,distribution_free_conformal,117,0.3333333333333333,8.236257100715633,7.201625848047229,38.22513527847463,0.6324786324786325,20.928539855169213,19.05873457004879,67.16652635455978,0.905982905982906,58.33585559316152,58.304672911556395,122.30746346208315,7.053325094894316,,,,
spatiotemporal_leave_profile_out,Z01_elastic_net,conformalized,gap,gap,ELIGIBLE_SUPPORT,distribution_free_conformal,202,0.504950495049505,9.774375926587657,8.092658077515047,22.07402792956572,0.8514851485148515,24.09690098248792,21.976602078841218,36.436586309009165,0.9801980198019802,67.73745905759503,69.82134307850089,78.9686009039455,4.070263929698885,,,,
spatiotemporal_leave_profile_out,Z01_elastic_net,conformalized,gap,no_gap,ELIGIBLE_SUPPORT,distribution_free_conformal,64,0.25,7.7734999673745975,5.8763502111266686,39.87337106434883,0.578125,19.461355893032984,16.22862782410384,69.52291659457559,0.890625,53.45876434641272,53.781662331504336,134.95856852924143,7.416270001814306,,,,
spatiotemporal_leave_profile_out,Z08_xgboost,conformalized,overall,all,ELIGIBLE_SUPPORT,distribution_free_conformal,266,0.44360902255639095,7.415717244383911,6.467346333181196,27.04551943613663,0.7857142857142857,22.615883157390222,21.068617072122287,50.008287984713704,0.9624060150375939,66.38524725520622,64.54620601060347,114.4039183952622,5.263597906486519,,,,
spatiotemporal_leave_profile_out,Z08_xgboost,conformalized,transition,accelerating,ELIGIBLE_SUPPORT,distribution_free_conformal,43,0.13953488372093023,6.395825299773305,5.2256654931332776,61.71119009315747,0.3953488372093023,18.861700570741355,17.57980362489595,115.33240679420612,0.8604651162790697,55.7086134805757,56.16307628941883,186.58502384840313,11.428876339056183,,,,
spatiotemporal_leave_profile_out,Z08_xgboost,conformalized,transition,decelerating,DESCRIPTIVE_LOW_SUPPORT,distribution_free_conformal,22,0.5,7.56882390166522,6.908761838667829,38.44918837037802,0.8636363636363636,21.621551062404464,19.3726172864367,86.36754759034507,0.9090909090909091,58.59097381803318,57.91120320868712,258.84326869393783,8.507459318891764,,,,
spatiotemporal_leave_profile_out,Z08_xgboost,conformalized,transition,stable,ELIGIBLE_SUPPORT,distribution_free_conformal,179,0.4972067039106145,7.729527547786111,6.564555408401823,17.233247003131364,0.8659217877094972,23.805167646849227,21.646831554303517,29.60185354034018,0.994413407821229,69.84842364930522,67.2927530104747,77.84707029219722,3.356161847007049,,,,
spatiotemporal_leave_profile_out,Z08_xgboost,conformalized,transition,volatile_or_gap,DESCRIPTIVE_LOW_SUPPORT,distribution_free_conformal,22,0.5454545454545454,6.7027610102508905,6.61889500519664,27.722438104442844,0.8181818181818182,21.271484689318676,20.465366812035022,52.00424004884083,0.9545454545454546,66.86982422716976,63.69769987007309,126.32312609493074,5.489012950732631,,,,
spatiotemporal_leave_profile_out,Z08_xgboost,conformalized,profile,P-D01,DESCRIPTIVE_LOW_SUPPORT,distribution_free_conformal,21,0.14285714285714285,6.576675622574025,5.6726179609497365,80.50282882057016,0.47619047619047616,20.210205825401893,22.001878247481187,158.99143378369942,0.7142857142857143,57.80205753745922,60.64397137092746,369.41231785228337,15.973795637701429,,,,
spatiotemporal_leave_profile_out,Z08_xgboost,conformalized,profile,P-H01,DESCRIPTIVE_LOW_SUPPORT,distribution_free_conformal,20,0.15,6.195599936035548,6.622699897426475,36.95928535190655,0.6,18.624923598289918,18.905967426325958,63.095757496595056,0.95,60.80211547587523,56.974126995965214,104.56901089837842,6.680774815196912,,,,
spatiotemporal_leave_profile_out,Z08_xgboost,conformalized,profile,P-H02,DESCRIPTIVE_LOW_SUPPORT,distribution_free_conformal,20,0.25,5.840600071691999,5.797312344855936,37.917732316117466,0.45,16.894611476962496,17.60512027978693,66.0896701244889,1.0,56.77914690742765,56.611508544254335,56.77914690742765,6.507647267043235,,,,
spatiotemporal_leave_profile_out,Z08_xgboost,conformalized,profile,P-H03,DESCRIPTIVE_LOW_SUPPORT,distribution_free_conformal,19,0.3157894736842105,7.349708854205025,4.9091225992002165,23.84241912622802,0.7368421052631579,21.480227932060007,17.630861738471268,39.09096159912113,1.0,63.68270095310041,56.63953291293888,63.68270095310041,4.197240853443738,,,,
spatiotemporal_leave_profile_out,Z08_xgboost,conformalized,profile,P-H04,DESCRIPTIVE_LOW_SUPPORT,distribution_free_conformal,20,0.25,6.681504429157376,6.153642538267622,58.41975331864986,0.65,20.197049117622687,23.26390215440373,116.5405756687483,0.85,48.12194379116571,43.67016613702873,315.81260120084164,12.014283602760395,,,,
spatiotemporal_leave_profile_out,Z08_xgboost,conformalized,profile,P-H05,DESCRIPTIVE_LOW_SUPPORT,distribution_free_conformal,13,0.3076923076923077,7.912304455842311,6.364396103893739,18.40573059099878,0.7692307692307693,24.092536676308782,20.450376774759306,25.315332430094486,1.0,70.49821346374766,77.97573266102097,70.49821346374766,3.404291941887093,,,,
spatiotemporal_leave_profile_out,Z08_xgboost,conformalized,profile,P-H06,DESCRIPTIVE_LOW_SUPPORT,distribution_free_conformal,17,0.8823529411764706,9.767451224313177,7.990155776170905,10.007895996060114,1.0,27.254992160092353,24.124244980650747,27.254992160092353,1.0,80.06458347046426,85.94020323411898,80.06458347046426,2.44774335261324,,,,
spatiotemporal_leave_profile_out,Z08_xgboost,conformalized,profile,P-H07,DESCRIPTIVE_LOW_SUPPORT,distribution_free_conformal,19,0.5263157894736842,7.738732299226994,7.0744696466422,12.58899158804517,0.9473684210526315,23.453929212537247,20.901222377372523,23.64607563862314,1.0,71.939487676166,79.80335154875026,71.939487676166,2.6454549747417375,,,,
spatiotemporal_leave_profile_out,Z08_xgboost,conformalized,profile,P-V01,DESCRIPTIVE_LOW_SUPPORT,distribution_free_conformal,18,0.5,7.291770338056561,6.416259823667971,16.162677559016903,0.8333333333333334,22.843597074047295,24.533426282850023,24.898388094486304,1.0,71.28977594367431,68.0636906504068,71.28977594367431,3.0741521923861908,,,,
spatiotemporal_leave_profile_out,Z08_xgboost,conformalized,profile,P-V02,DESCRIPTIVE_LOW_SUPPORT,distribution_free_conformal,21,0.6190476190476191,7.093571102184311,6.074832852269594,17.379757115990962,0.8095238095238095,23.984447379644593,21.637662156208904,30.5734804268443,1.0,67.6535235662888,71.39867327713398,67.6535235662888,3.286145840299766,,,,
spatiotemporal_leave_profile_out,Z08_xgboost,conformalized,profile,P-V03,DESCRIPTIVE_LOW_SUPPORT,distribution_free_conformal,21,0.47619047619047616,8.046378382473698,6.043665230015161,15.667764938048116,0.8571428571428571,24.219531119830762,18.450044385095183,25.760024321944652,1.0,71.20114961337742,69.26528961809288,71.20114961337742,3.0466036664526546,,,,
spatiotemporal_leave_profile_out,Z08_xgboost,conformalized,profile,P-V04,DESCRIPTIVE_LOW_SUPPORT,distribution_free_conformal,21,0.5714285714285714,8.253277400106708,8.166724566142896,12.642597400701973,1.0,23.88739252404714,27.338931029296717,23.88739252404714,1.0,66.4771538616496,64.41373426832425,66.4771538616496,2.5823454334847233,,,,
spatiotemporal_leave_profile_out,Z08_xgboost,conformalized,profile,P-V05,DESCRIPTIVE_LOW_SUPPORT,distribution_free_conformal,17,0.6470588235294118,8.021645306263437,7.7219748828613035,13.321519061277039,1.0,25.83913577780153,26.25620786860128,25.83913577780153,1.0,71.66794926050294,71.26716110935175,71.66794926050294,2.772498389197641,,,,
spatiotemporal_leave_profile_out,Z08_xgboost,conformalized,profile,P-V06,DESCRIPTIVE_LOW_SUPPORT,distribution_free_conformal,19,0.631578947368421,7.665889403596286,5.559511028158898,13.637962274006318,0.9473684210526315,25.390696703393406,18.849493677786594,25.91323137877028,1.0,76.98066778125514,67.2927530104747,76.98066778125514,2.8973874860474034,,,,
spatiotemporal_leave_profile_out,Z08_xgboost,conformalized,zone,GEO_NE,ELIGIBLE_SUPPORT,distribution_free_conformal,103,0.6116504854368932,8.230137165762137,7.730098815265844,13.205066170930877,0.9514563106796117,24.952316470675918,23.70046431499408,25.238484293268215,1.0,72.937573944153,71.26716110935175,72.937573944153,2.7584851074779713,,,,
spatiotemporal_leave_profile_out,Z08_xgboost,conformalized,zone,GEO_NW,DESCRIPTIVE_LOW_SUPPORT,distribution_free_conformal,24,0.7083333333333334,7.486650824012567,6.070873760856562,12.313455696548246,0.9583333333333334,24.20043685584169,21.436745274176662,26.52036542400532,1.0,69.39273111869932,71.04036961826243,69.39273111869932,2.599206600468796,,,,
spatiotemporal_leave_profile_out,Z08_xgboost,conformalized,zone,GEO_SE,DESCRIPTIVE_LOW_SUPPORT,distribution_free_conformal,22,0.3181818181818182,7.419162584455964,4.924423814186888,22.389335011085777,0.7727272727272727,21.97827369879104,17.685815266399963,37.18754368398018,1.0,64.49246445917969,56.81607233568347,64.49246445917969,4.007580720849544,,,,
spatiotemporal_leave_profile_out,Z08_xgboost,conformalized,zone,GEO_SW,ELIGIBLE_SUPPORT,distribution_free_conformal,117,0.26495726495726496,6.6835509598144265,6.043665230015161,43.127333738849714,0.6068376068376068,20.35387878181688,20.442942463768006,79.04295718379082,0.9145299145299145,60.35594776655009,58.9967013265088,169.52660181146368,8.25166959645506,,,,
spatiotemporal_leave_profile_out,Z08_xgboost,conformalized,gap,gap,ELIGIBLE_SUPPORT,distribution_free_conformal,202,0.5396039603960396,7.754379111131512,6.570048587160317,20.628388421682583,0.8712871287128713,24.104609033220225,22.105074511691726,38.14247491480293,0.9801980198019802,70.62603954905677,68.58254668769462,99.11244687675247,4.11069057357812,,,,
spatiotemporal_leave_profile_out,Z08_xgboost,conformalized,gap,no_gap,ELIGIBLE_SUPPORT,distribution_free_conformal,64,0.140625,6.346815727461794,5.122525780966768,47.29958920050723,0.515625,17.917092111801765,17.350023877661194,87.45976048661959,0.90625,53.00024657774041,55.935118793358356,162.66762537555854,8.902461675978655,,,,
spatiotemporal_leave_profile_out,Z09_lightgbm,conformalized,overall,all,ELIGIBLE_SUPPORT,distribution_free_conformal,266,0.45864661654135336,7.367163738550448,6.5410015870895215,26.391442170060746,0.8270676691729323,23.387604942735972,22.807934794406158,49.62799099993918,0.9511278195488722,69.97842375883766,69.119434232266,112.10623474311552,5.159667283034162,,,,
spatiotemporal_leave_profile_out,Z09_lightgbm,conformalized,transition,accelerating,ELIGIBLE_SUPPORT,distribution_free_conformal,43,0.11627906976744186,6.255825734570396,5.489170942207252,62.79417657170913,0.37209302325581395,18.763784721353,18.031851084163264,114.80539759121507,0.7906976744186046,60.52487048135296,59.220575973563,162.42521329806894,11.367157103035225,,,,
spatiotemporal_leave_profile_out,Z09_lightgbm,conformalized,transition,decelerating,DESCRIPTIVE_LOW_SUPPORT,distribution_free_conformal,22,0.5,7.185984440202009,6.689560841510335,41.608277277705,0.8181818181818182,21.139415255910276,21.184590089814378,91.79879815959488,0.9090909090909091,61.23316789168312,57.70099174013832,271.98921227719836,9.133299522362112,,,,
spatiotemporal_leave_profile_out,Z09_lightgbm,conformalized,transition,stable,ELIGIBLE_SUPPORT,distribution_free_conformal,179,0.547486033519553,7.736925780880153,6.667731459734391,15.813268200490148,0.9273743016759777,24.85947298586456,23.859566962267447,28.615016116980836,0.994413407821229,73.1407499290171,72.27745583399346,79.38120378348698,3.171962030070277,,,,
spatiotemporal_leave_profile_out,Z09_lightgbm,conformalized,transition,volatile_or_gap,DESCRIPTIVE_LOW_SUPPORT,distribution_free_conformal,22,0.36363636363636365,6.711985245722766,6.466860460264918,26.091678029791908,0.9090909090909091,22.697607802264066,23.07389714653263,51.03418477776896,0.9545454545454546,71.47124355643417,68.13211649377726,120.13527829587397,5.225906771910297,,,,
spatiotemporal_leave_profile_out,Z09_lightgbm,conformalized,profile,P-D01,DESCRIPTIVE_LOW_SUPPORT,distribution_free_conformal,21,0.19047619047619047,5.918943245535159,5.210267407068756,69.84076699732529,0.5238095238095238,19.85552425474686,22.38389235624976,136.41161400146498,0.7619047619047619,60.587628374199745,59.31517908507678,281.2543656331973,13.570533739717378,,,,
spatiotemporal_leave_profile_out,Z09_lightgbm,conformalized,profile,P-H01,DESCRIPTIVE_LOW_SUPPORT,distribution_free_conformal,20,0.2,6.749169224075483,6.689560841510335,37.66396277515247,0.75,19.997365845616365,18.83764874244001,65.85778395967111,0.9,64.63343377069035,56.82307159154753,125.01544718141906,6.981389278633216,,,,
spatiotemporal_leave_profile_out,Z09_lightgbm,conformalized,profile,P-H02,DESCRIPTIVE_LOW_SUPPORT,distribution_free_conformal,20,0.25,5.861973671780587,5.784816144161093,41.39953707578078,0.4,15.511286772265413,17.224187455063653,73.45760449514019,0.95,59.49002984014728,60.419887156883064,70.63777512375982,7.191662499597837,,,,
spatiotemporal_leave_profile_out,Z09_lightgbm,conformalized,profile,P-H03,DESCRIPTIVE_LOW_SUPPORT,distribution_free_conformal,19,0.42105263157894735,6.7007867986456295,4.343913021916311,17.429452290979075,0.8947368421052632,20.593279690839854,17.686778898630493,30.094221143045736,0.9473684210526315,63.899107446168834,49.12492209562866,74.11953633433129,3.3454426153204557,,,,
spatiotemporal_leave_profile_out,Z09_lightgbm,conformalized,profile,P-H04,DESCRIPTIVE_LOW_SUPPORT,distribution_free_conformal,20,0.15,6.383677975040241,5.961426901461808,64.90143151193566,0.55,20.637731721999508,24.49017344844336,126.63190010586591,0.8,56.471662416814034,52.085897871949136,303.8323082476664,12.946159742078823,,,,
spatiotemporal_leave_profile_out,Z09_lightgbm,conformalized,profile,P-H05,DESCRIPTIVE_LOW_SUPPORT,distribution_free_conformal,13,0.46153846153846156,7.682837734476187,6.477884847082294,18.1837027667045,0.8461538461538461,24.38530146385833,23.652535949542642,29.47968174020556,1.0,70.74600600855449,70.16105728419292,70.74600600855449,3.4447755661191795,,,,
spatiotemporal_leave_profile_out,Z09_lightgbm,conformalized,profile,P-H06,DESCRIPTIVE_LOW_SUPPORT,distribution_free_conformal,17,0.8823529411764706,10.027616748575939,8.043189435074309,10.192543075000813,1.0,28.60469071452836,24.435221931885106,28.60469071452836,1.0,91.6601149485565,94.6630311105995,91.6601149485565,2.532640474007413,,,,
spatiotemporal_leave_profile_out,Z09_lightgbm,conformalized,profile,P-H07,DESCRIPTIVE_LOW_SUPPORT,distribution_free_conformal,19,0.5789473684210527,7.840951674865805,5.969385210454277,13.635028225021065,0.9473684210526315,24.140047014732975,22.510434597717207,25.570216335676967,1.0,76.02421102978629,75.91056251967092,76.02421102978629,2.7862066898815647,,,,
spatiotemporal_leave_profile_out,Z09_lightgbm,conformalized,profile,P-V01,DESCRIPTIVE_LOW_SUPPORT,distribution_free_conformal,18,0.5555555555555556,7.239377690331805,6.611232160721414,15.520407769492753,0.8888888888888888,24.0653521672081,21.830695570011933,25.031279946785723,1.0,70.6485879711754,68.05061955343972,70.6485879711754,2.9729222316135253,,,,
spatiotemporal_leave_profile_out,Z09_lightgbm,conformalized,profile,P-V02,DESCRIPTIVE_LOW_SUPPORT,distribution_free_conformal,21,0.5714285714285714,7.203033804645556,6.833125913292662,14.581925433802496,0.9523809523809523,25.237432259159867,25.498524744293213,26.274855277114778,1.0,72.01670571289303,73.4751818122646,72.01670571289303,2.900329413293503,,,,
spatiotemporal_leave_profile_out,Z09_lightgbm,conformalized,profile,P-V03,DESCRIPTIVE_LOW_SUPPORT,distribution_free_conformal,21,0.5238095238095238,7.947760066371457,6.27280919658595,14.981600241749211,0.9523809523809523,24.27493424051551,19.767202956037437,24.76041810055703,1.0,75.24818800140088,70.48567506846445,75.24818800140088,2.979047574560413,,,,
spatiotemporal_leave_profile_out,Z09_lightgbm,conformalized,profile,P-V04,DESCRIPTIVE_LOW_SUPPORT,distribution_free_conformal,21,0.47619047619047616,8.180169447968426,9.253281131414592,13.798058391195081,1.0,27.64442205954757,30.10427314203882,27.64442205954757,1.0,69.44933311918055,72.78696515044598,69.44933311918055,2.872163156146628,,,,
spatiotemporal_leave_profile_out,Z09_lightgbm,conformalized,profile,P-V05,DESCRIPTIVE_LOW_SUPPORT,distribution_free_conformal,17,0.7058823529411765,7.702034683147929,7.905061580874133,11.576035576429454,1.0,27.41741778770225,27.118225727378203,27.41741778770225,1.0,80.66017869076968,75.4858095491583,80.66017869076968,2.6259338801613956,,,,
spatiotemporal_leave_profile_out,Z09_lightgbm,conformalized,profile,P-V06,DESCRIPTIVE_LOW_SUPPORT,distribution_free_conformal,19,0.5789473684210527,8.296752887967088,6.632668898182313,15.133114470364353,0.9473684210526315,26.75907099437212,26.552172438209734,27.441225171549405,1.0,73.66623870697732,62.252618861806305,73.66623870697732,3.096417472342757,,,,
spatiotemporal_leave_profile_out,Z09_lightgbm,conformalized,zone,GEO_NE,ELIGIBLE_SUPPORT,distribution_free_conformal,103,0.6116504854368932,8.32297142749363,7.869951956616761,13.64827694150983,0.9611650485436893,26.55452768165794,26.47409544158599,27.58715962395714,1.0,76.84790892401315,75.4858095491583,76.84790892401315,2.8777601464961866,,,,
spatiotemporal_leave_profile_out,Z09_lightgbm,conformalized,zone,GEO_NW,DESCRIPTIVE_LOW_SUPPORT,distribution_free_conformal,24,0.75,7.521799012274861,6.769676805754095,11.485806128009967,0.9583333333333334,25.024528124652605,25.26175775666487,25.932273265363154,1.0,73.67528531367815,73.1849363233252,73.67528531367815,2.521133861085048,,,,
spatiotemporal_leave_profile_out,Z09_lightgbm,conformalized,zone,GEO_SE,DESCRIPTIVE_LOW_SUPPORT,distribution_free_conformal,22,0.45454545454545453,6.80590009686732,4.715788463978001,16.73613541009013,0.9090909090909091,21.50712872303477,17.741906714422598,29.71248724993985,0.9545454545454546,65.92936512658666,56.668649124747446,74.75609916636331,3.259874833806447,,,,
spatiotemporal_leave_profile_out,Z09_lightgbm,conformalized,zone,GEO_SW,ELIGIBLE_SUPPORT,distribution_free_conformal,117,0.26495726495726496,6.599542897409381,6.27280919658595,42.48287834330278,0.6666666666666666,20.617444928705776,20.230582903618398,77.63691356281062,0.8974358974358975,63.93395914841266,62.98228452363308,158.05198968638547,8.06698925801878,,,,
spatiotemporal_leave_profile_out,Z09_lightgbm,conformalized,gap,gap,ELIGIBLE_SUPPORT,distribution_free_conformal,202,0.5346534653465347,7.774940734448119,6.668849490288874,20.218813616712662,0.905940594059406,25.234797796028385,24.214823827754625,38.007873109909944,0.9801980198019802,74.42584294760078,72.9288380103681,98.10697496412945,4.051009100595765,,,,
spatiotemporal_leave_profile_out,Z09_lightgbm,conformalized,gap,no_gap,ELIGIBLE_SUPPORT,distribution_free_conformal,64,0.21875,6.080117595248429,5.407182397876461,45.87380104156565,0.578125,17.55740249953182,17.760630706024898,86.30398809034394,0.859375,55.94125694430403,55.63157549505098,156.29139842054028,8.658869671355355,,,,
spatiotemporal_leave_zone_out,B1_persistence_last_rate,conformalized,overall,all,ELIGIBLE_SUPPORT,distribution_free_conformal,266,0.5037593984962406,10.052010835716391,8.48580477016478,23.67777386813814,0.793233082706767,23.798042042244425,19.009645424760684,45.94354960553525,0.9022556390977443,59.1936261721807,63.36506393674019,114.79817422762424,4.7805030662722885,,,,
spatiotemporal_leave_zone_out,B1_persistence_last_rate,conformalized,transition,accelerating,ELIGIBLE_SUPPORT,distribution_free_conformal,43,0.32558139534883723,7.200110552479992,7.07050106714297,39.244945513101285,0.5116279069767442,13.978965077168276,13.585135186580565,75.71509744537549,0.6046511627906976,27.58414219153568,25.218153742159444,174.00668227279883,7.7815475070836575,,,,
spatiotemporal_leave_zone_out,B1_persistence_last_rate,conformalized,transition,decelerating,DESCRIPTIVE_LOW_SUPPORT,distribution_free_conformal,20,0.2,8.005804281225902,6.522935706780868,53.61398022251145,0.5,18.57532884374322,14.293364421056307,108.9548862441909,0.8,40.380219713513355,27.772806294466733,320.5939082815241,11.375810871374307,,,,
spatiotemporal_leave_zone_out,B1_persistence_last_rate,conformalized,transition,stable,ELIGIBLE_SUPPORT,distribution_free_conformal,182,0.5824175824175825,11.12709602870051,9.04533528625727,15.756565720750569,0.8956043956043956,27.178257060024706,25.576975297381907,29.573677075115103,0.9945054945054945,69.75471457325372,73.84921170707725,70.52027848464232,3.1203710217931406,,,,
spatiotemporal_leave_zone_out,B1_persistence_last_rate,conformalized,transition,volatile_or_gap,DESCRIPTIVE_LOW_SUPPORT,distribution_free_conformal,21,0.47619047619047616,8.522979318852851,8.859582683043826,31.941934582597998,0.7619047619047619,19.582586815210487,17.585563485158254,66.84419296983164,0.8095238095238095,50.305904807694624,36.57641350773184,181.30753128487228,6.742072829999694,,,,
spatiotemporal_leave_zone_out,B1_persistence_last_rate,conformalized,profile,P-D01,DESCRIPTIVE_LOW_SUPPORT,distribution_free_conformal,21,0.38095238095238093,6.80903059150805,7.194282525277146,28.60003720370806,0.47619047619047616,13.125800063065071,13.284740767167932,51.301811556863186,0.7619047619047619,24.165072550514623,23.642037380362282,100.92820280956292,5.4154298170826545,,,,
spatiotemporal_leave_zone_out,B1_persistence_last_rate,conformalized,profile,P-H01,DESCRIPTIVE_LOW_SUPPORT,distribution_free_conformal,20,0.35,7.548110551643646,8.427585872844048,26.042193045746142,0.6,14.52744734572131,13.890696400196479,43.70463203345879,0.85,26.956549976352466,24.720419411143606,70.9441916952335,4.697056208734953,,,,
spatiotemporal_leave_zone_out,B1_persistence_last_rate,conformalized,profile,P-H02,DESCRIPTIVE_LOW_SUPPORT,distribution_free_conformal,20,0.25,6.20461051364381,6.2703530013931665,28.732846399334942,0.55,12.012020767363342,12.19300008911911,52.70994560013607,0.6,22.21222749003581,22.08940741606529,102.25353046246522,5.473119265177202,,,,
spatiotemporal_leave_zone_out,B1_persistence_last_rate,conformalized,profile,P-H03,DESCRIPTIVE_LOW_SUPPORT,distribution_free_conformal,19,0.47368421052631576,9.208236635965761,6.888611628587579,14.188257513941547,0.8947368421052632,23.51282604747668,17.16056922296589,25.785220299644617,1.0,66.09107274218776,49.55752283014873,66.09107274218776,2.897450958021765,,,,
spatiotemporal_leave_zone_out,B1_persistence_last_rate,conformalized,profile,P-H04,DESCRIPTIVE_LOW_SUPPORT,distribution_free_conformal,20,0.2,7.80754294927479,8.532572540329411,83.24457301115882,0.45,15.104258652007454,16.179509358127405,179.41203111495852,0.55,27.757896814446564,28.793679285494633,557.4450393277992,18.230642688602398,,,,
spatiotemporal_leave_zone_out,B1_persistence_last_rate,conformalized,profile,P-H05,DESCRIPTIVE_LOW_SUPPORT,distribution_free_conformal,13,0.38461538461538464,13.113105628583948,11.35952588821975,23.65366811146904,0.9230769230769231,33.713100636619146,28.624866625015088,34.58252159575845,1.0,89.60342651597082,90.17445720934705,89.60342651597082,4.388768794129572,,,,
spatiotemporal_leave_zone_out,B1_persistence_last_rate,conformalized,profile,P-H06,DESCRIPTIVE_LOW_SUPPORT,distribution_free_conformal,17,1.0,15.326970953902473,13.239409769600208,15.326970953902473,1.0,38.87473450062134,33.36198557738578,38.87473450062134,1.0,105.01391698863814,105.09739592071345,105.01391698863814,3.369815918011805,,,,
spatiotemporal_leave_zone_out,B1_persistence_last_rate,conformalized,profile,P-H07,DESCRIPTIVE_LOW_SUPPORT,distribution_free_conformal,19,0.5789473684210527,13.170013886163714,11.172346441609175,17.263212913263157,0.9473684210526315,33.16028664947193,28.153193181343607,33.21679802016733,1.0,89.2844938555653,88.68858489698593,89.2844938555653,3.453566507031488,,,,
spatiotemporal_leave_zone_out,B1_persistence_last_rate,conformalized,profile,P-V01,DESCRIPTIVE_LOW_SUPPORT,distribution_free_conformal,18,0.5,7.2345222740970945,7.242086732913343,11.708864566166277,0.7777777777777778,13.988860859166392,13.522588139264187,15.567794053638416,1.0,25.828855101188655,25.679171970800798,25.828855101188655,1.9911731673211892,,,,
spatiotemporal_leave_zone_out,B1_persistence_last_rate,conformalized,profile,P-V02,DESCRIPTIVE_LOW_SUPPORT,distribution_free_conformal,21,0.19047619047619047,9.054666495695301,9.049921623032702,23.053790514250508,0.7619047619047619,23.072155637084137,17.837215234342864,34.74334527182891,0.9523809523809523,60.043967222726785,65.2537097526167,65.01836261390329,4.1988427391864676,,,,
spatiotemporal_leave_zone_out,B1_persistence_last_rate,conformalized,profile,P-V03,DESCRIPTIVE_LOW_SUPPORT,distribution_free_conformal,21,0.5238095238095238,8.587077823118735,8.159671173642337,13.544394102334465,0.8571428571428571,20.190578345303564,17.298092193755377,23.823134138780873,1.0,47.12748359885914,34.71136708735304,47.12748359885914,2.538927889283411,,,,
spatiotemporal_leave_zone_out,B1_persistence_last_rate,conformalized,profile,P-V04,DESCRIPTIVE_LOW_SUPPORT,distribution_free_conformal,21,0.7142857142857143,12.73130052081323,13.30711199512271,13.892838902882195,1.0,32.22119486176516,33.53258839962223,32.22119486176516,1.0,87.80379730692162,94.51014404990528,87.80379730692162,3.2413275027646993,,,,
spatiotemporal_leave_zone_out,B1_persistence_last_rate,conformalized,profile,P-V05,DESCRIPTIVE_LOW_SUPPORT,distribution_free_conformal,17,0.8823529411764706,12.503813609359085,11.265717747883844,12.84347238755575,1.0,32.402038822215125,32.9913772760282,32.402038822215125,1.0,87.62185986629261,91.46982598320116,87.62185986629261,2.8678718590931,,,,
spatiotemporal_leave_zone_out,B1_persistence_last_rate,conformalized,profile,P-V06,DESCRIPTIVE_LOW_SUPPORT,distribution_free_conformal,19,0.7368421052631579,13.831797176538313,10.322299096486049,14.85529484481569,1.0,34.63348681117427,26.011159075472037,34.63348681117427,1.0,92.01665439493443,81.9407189470332,92.01665439493443,3.1951173726955013,,,,
spatiotemporal_leave_zone_out,B1_persistence_last_rate,conformalized,zone,GEO_NE,ELIGIBLE_SUPPORT,distribution_free_conformal,103,0.7281553398058253,13.54360680898354,11.28174029582307,16.09894605740947,0.9805825242718447,34.3733300697016,32.386387851282876,34.49348723972125,1.0,92.26256531751582,90.91855328726446,92.26256531751582,3.4018923801168497,,,,
spatiotemporal_leave_zone_out,B1_persistence_last_rate,conformalized,zone,GEO_NW,DESCRIPTIVE_LOW_SUPPORT,distribution_free_conformal,24,0.375,9.729231526466682,10.201930151779942,15.649620686458983,0.9583333333333334,26.771937799862048,25.814875031722863,27.56465123412346,1.0,73.34480755203104,75.10965260068218,73.34480755203104,3.179487412479704,,,,
spatiotemporal_leave_zone_out,B1_persistence_last_rate,conformalized,zone,GEO_SE,DESCRIPTIVE_LOW_SUPPORT,distribution_free_conformal,22,0.5,9.270473937886312,6.910082701138476,13.626451612255714,0.9090909090909091,23.68149728801853,17.214056898954453,25.64401959670902,1.0,67.31547572016966,56.087739378996105,67.31547572016966,2.824736857168965,,,,
spatiotemporal_leave_zone_out,B1_persistence_last_rate,conformalized,zone,GEO_SW,ELIGIBLE_SUPPORT,distribution_free_conformal,117,0.3333333333333333,7.191379467577402,7.194282525277146,33.886526265529305,0.5726495726495726,13.900057594227828,13.284740767167932,63.61055511653444,0.7777777777777778,25.651662282080856,25.089750242238566,152.06883991240554,6.6903161685398524,,,,
spatiotemporal_leave_zone_out,B1_persistence_last_rate,conformalized,gap,gap,ELIGIBLE_SUPPORT,distribution_free_conformal,202,0.5594059405940595,11.003346758699335,9.134830941193453,19.663060670237368,0.8613861386138614,26.57989265188036,23.866762150104638,37.74393455392157,0.9504950495049505,67.62884922241861,68.45866027428147,91.16944635261493,3.932749744461919,,,,
spatiotemporal_leave_zone_out,B1_persistence_last_rate,conformalized,gap,no_gap,ELIGIBLE_SUPPORT,distribution_free_conformal,64,0.328125,7.049356828801477,6.68695259260479,36.34921239901246,0.578125,15.017826055581004,12.515474615159796,71.82358461219096,0.75,32.5699534198673,24.823662511140498,189.37634658312243,7.456224488236262,,,,
spatiotemporal_leave_zone_out,B3_profile_robust_trend,conformalized,overall,all,ELIGIBLE_SUPPORT,distribution_free_conformal,266,0.5037593984962406,11.285034100749819,9.216409397009045,29.229707360936793,0.7481203007518797,27.15505518391768,20.883433380494854,58.2481975819953,0.8609022556390977,70.71073413627715,75.07794605578795,161.2771901160046,6.059856130735202,,,,
spatiotemporal_leave_zone_out,B3_profile_robust_trend,conformalized,transition,accelerating,ELIGIBLE_SUPPORT,distribution_free_conformal,43,0.16279069767441862,8.078011605336886,8.3725591509982,61.94659814828184,0.3023255813953488,14.91520603869128,14.628727387924272,124.79801457441823,0.4883720930232558,26.999535772481455,23.746519592450515,345.92125031746366,12.898358340510358,,,,
spatiotemporal_leave_zone_out,B3_profile_robust_trend,conformalized,transition,decelerating,DESCRIPTIVE_LOW_SUPPORT,distribution_free_conformal,20,0.2,9.430892891099601,7.546466595077758,58.25464758173697,0.4,19.16227616687982,15.316671708750839,117.6304686009986,0.7,47.71134242883606,25.053071592812124,379.1279983558265,12.437152201709846,,,,
spatiotemporal_leave_zone_out,B3_profile_robust_trend,conformalized,transition,stable,ELIGIBLE_SUPPORT,distribution_free_conformal,182,0.6098901098901099,12.400644316441754,10.105070358738818,18.01958775960132,0.8956043956043956,31.51029919881458,28.67577756938745,35.1768551375458,0.967032967032967,85.05373402637944,97.29436208151698,90.5847500677293,3.672181764303768,,,,
spatiotemporal_leave_zone_out,B3_profile_robust_trend,conformalized,transition,volatile_or_gap,DESCRIPTIVE_LOW_SUPPORT,distribution_free_conformal,21,0.5714285714285714,9.949021350265443,10.273788580019968,31.749548273851776,0.7142857142857143,22.084325796977527,19.02767287748202,65.37661538368847,0.8571428571428571,57.812800031201796,34.938563457090964,188.38734894109663,6.676771285530263,,,,
spatiotemporal_leave_zone_out,B3_profile_robust_trend,conformalized,profile,P-D01,DESCRIPTIVE_LOW_SUPPORT,distribution_free_conformal,21,0.2857142857142857,7.673340108082668,8.427576958499372,52.19567768529566,0.2857142857142857,13.956291191645144,14.02871027103086,103.05228597151174,0.5238095238095238,22.163088598259616,21.61259277312628,290.68017202613856,10.832160303736279,,,,
spatiotemporal_leave_zone_out,B3_profile_robust_trend,conformalized,profile,P-H01,DESCRIPTIVE_LOW_SUPPORT,distribution_free_conformal,20,0.2,8.4879542566537,9.027252405560144,37.660344637490915,0.55,15.50324628260473,14.668600515172145,67.20580151051244,0.75,24.903359829339347,22.59840593762508,169.8927566253583,7.3971741805915245,,,,
spatiotemporal_leave_zone_out,B3_profile_robust_trend,conformalized,profile,P-H02,DESCRIPTIVE_LOW_SUPPORT,distribution_free_conformal,20,0.2,6.999467145337204,7.061918050506534,51.28695276280716,0.3,12.795290029489976,12.81276238239877,102.84138798398598,0.4,20.440238691118374,19.66965269186716,288.5238997336521,10.6947458552759,,,,
spatiotemporal_leave_zone_out,B3_profile_robust_trend,conformalized,profile,P-H03,DESCRIPTIVE_LOW_SUPPORT,distribution_free_conformal,19,0.5789473684210527,10.914831771855019,7.960568255859442,20.09664528987242,0.9473684210526315,24.1644943859025,18.781801910625532,37.345656195668745,1.0,89.53821679138248,72.95176457664232,89.53821679138248,3.8449160876159225,,,,
spatiotemporal_leave_zone_out,B3_profile_robust_trend,conformalized,profile,P-H04,DESCRIPTIVE_LOW_SUPPORT,distribution_free_conformal,20,0.2,8.815116017697417,9.799714797565102,78.52070484723613,0.3,16.044322482472104,17.085591137281142,165.066206482808,0.55,25.404187144197856,26.322015096478182,527.504656208858,17.08946495414963,,,,
spatiotemporal_leave_zone_out,B3_profile_robust_trend,conformalized,profile,P-H05,DESCRIPTIVE_LOW_SUPPORT,distribution_free_conformal,13,0.46153846153846156,14.257631519174323,14.89860496687643,25.05174864205105,1.0,40.169061776128466,34.394093887729795,40.169061776128466,1.0,109.6777821539287,117.03829614178176,109.6777821539287,4.746101809144394,,,,
spatiotemporal_leave_zone_out,B3_profile_robust_trend,conformalized,profile,P-H06,DESCRIPTIVE_LOW_SUPPORT,distribution_free_conformal,17,1.0,17.080600248434653,17.364169780750466,17.080600248434653,1.0,46.571992161454574,40.0859601989181,46.571992161454574,1.0,129.27655268849236,136.4069219617498,129.27655268849236,3.8913714228464262,,,,
spatiotemporal_leave_zone_out,B3_profile_robust_trend,conformalized,profile,P-H07,DESCRIPTIVE_LOW_SUPPORT,distribution_free_conformal,19,0.5789473684210527,14.683248912949042,14.653109454087325,18.542847152748575,1.0,39.84289486336243,33.82735654992823,39.84289486336243,1.0,109.7407731844162,115.1097681627415,109.7407731844162,3.9590060761592913,,,,
spatiotemporal_leave_zone_out,B3_profile_robust_trend,conformalized,profile,P-V01,DESCRIPTIVE_LOW_SUPPORT,distribution_free_conformal,18,0.6666666666666666,8.159293469710043,8.5757429313956,12.522724275638312,0.7777777777777778,14.89161343776989,14.378700894801087,17.35996575893932,1.0,23.740467973340266,24.316275024409215,23.740467973340266,2.0845987962634442,,,,
spatiotemporal_leave_zone_out,B3_profile_robust_trend,conformalized,profile,P-V02,DESCRIPTIVE_LOW_SUPPORT,distribution_free_conformal,21,0.14285714285714285,10.329952166870218,9.557388658032792,23.938720776203507,0.7619047619047619,25.43945011315315,21.24731447731628,35.132356388924464,0.9523809523809523,78.0391527327861,75.87269432404162,85.10334323553806,4.487035194197152,,,,
spatiotemporal_leave_zone_out,B3_profile_robust_trend,conformalized,profile,P-V03,DESCRIPTIVE_LOW_SUPPORT,distribution_free_conformal,21,0.5238095238095238,9.799655016515041,8.617218134770205,16.8661398206794,0.7619047619047619,22.026379225723694,20.134016729439878,26.118083792335614,1.0,56.819956612594964,30.90895659661661,56.819956612594964,3.0722162503195536,,,,
spatiotemporal_leave_zone_out,B3_profile_robust_trend,conformalized,profile,P-V04,DESCRIPTIVE_LOW_SUPPORT,distribution_free_conformal,21,0.6666666666666666,14.334625933769335,17.30203676356837,16.55070914135468,1.0,38.635362654837,40.29094733693272,38.635362654837,1.0,108.44013176230803,109.11055519221743,108.44013176230803,3.873634706500246,,,,
spatiotemporal_leave_zone_out,B3_profile_robust_trend,conformalized,profile,P-V05,DESCRIPTIVE_LOW_SUPPORT,distribution_free_conformal,17,0.9411764705882353,13.651894006604554,13.314354123053086,13.758428106424992,1.0,37.921633475096755,37.327108241455576,37.921633475096755,1.0,108.52873719531823,109.54770878673641,108.52873719531823,3.2768538240989824,,,,
spatiotemporal_leave_zone_out,B3_profile_robust_trend,conformalized,profile,P-V06,DESCRIPTIVE_LOW_SUPPORT,distribution_free_conformal,19,0.7894736842105263,15.255097743405898,13.538228452648251,16.614226811249342,1.0,41.705341032173344,31.253604046093567,41.705341032173344,1.0,112.48738494976497,106.35164798307548,112.48738494976497,3.7564001717886675,,,,
spatiotemporal_leave_zone_out,B3_profile_robust_trend,conformalized,zone,GEO_NE,ELIGIBLE_SUPPORT,distribution_free_conformal,103,0.7378640776699029,14.987032012537629,14.744342790712835,17.78148025039058,1.0,41.16826755412099,36.64261103015505,41.16826755412099,1.0,113.30337209352436,109.7104024413619,113.30337209352436,3.9167551063102337,,,,
spatiotemporal_leave_zone_out,B3_profile_robust_trend,conformalized,zone,GEO_NW,DESCRIPTIVE_LOW_SUPPORT,distribution_free_conformal,24,0.4166666666666667,11.16265807492003,11.016408965838089,17.73594945848284,1.0,29.74540689042831,27.764455511626146,29.74540689042831,1.0,99.2622539877727,104.41286494489486,99.2622539877727,3.687099147102481,,,,
spatiotemporal_leave_zone_out,B3_profile_robust_trend,conformalized,zone,GEO_SE,DESCRIPTIVE_LOW_SUPPORT,distribution_free_conformal,22,0.6363636363636364,10.971584069941002,7.985380503636421,18.901332108228758,0.9545454545454546,24.46101690615834,18.895405269304092,35.844747560047374,1.0,90.8662573175919,74.01432182169994,90.8662573175919,3.687537726327906,,,,
spatiotemporal_leave_zone_out,B3_profile_robust_trend,conformalized,zone,GEO_SW,ELIGIBLE_SUPPORT,distribution_free_conformal,117,0.2905982905982906,8.110052394626436,8.472139168448393,43.60784272507979,0.4358974358974359,14.793854560186979,14.274664430092116,83.34371612858942,0.6837606837606838,23.56800169165082,23.74382971593607,229.47122639769793,8.87931406252937,,,,
spatiotemporal_leave_zone_out,B3_profile_robust_trend,conformalized,gap,gap,ELIGIBLE_SUPPORT,distribution_free_conformal,202,0.5693069306930693,12.292973685901677,10.31139757822664,23.699930752391335,0.8316831683168316,30.756963934621265,27.003335044073754,47.1121481454476,0.9356435643564357,81.57249448279516,92.21859014769427,128.19751882424913,4.9026054650590085,,,,
spatiotemporal_leave_zone_out,B3_profile_robust_trend,conformalized,gap,no_gap,ELIGIBLE_SUPPORT,distribution_free_conformal,64,0.296875,8.103724785114267,7.115564277105051,46.68306478165837,0.484375,15.78653068950948,14.371261099163585,93.396353616099,0.625,36.428303042579685,22.797933794777556,265.6849026306079,9.712428544275687,,,,
spatiotemporal_leave_zone_out,B5_fixed_kalman,conformalized,overall,all,ELIGIBLE_SUPPORT,distribution_free_conformal,266,0.5112781954887218,8.42878072977262,7.140727445745348,23.388894611875486,0.8045112781954887,22.93498632775383,17.88179571864554,49.175713792235456,0.8984962406015038,62.52031054600552,66.3409945356646,134.54178838558295,4.9752703619989616,,,,
spatiotemporal_leave_zone_out,B5_fixed_kalman,conformalized,transition,accelerating,ELIGIBLE_SUPPORT,distribution_free_conformal,43,0.32558139534883723,6.0534108576126995,6.111953870960576,52.080650861979194,0.46511627906976744,12.376349582414615,12.210959801904792,109.06267083568832,0.5581395348837209,25.45806706074063,22.19115116900537,297.56439462892615,10.984295433683299,,,,
spatiotemporal_leave_zone_out,B5_fixed_kalman,conformalized,transition,decelerating,DESCRIPTIVE_LOW_SUPPORT,distribution_free_conformal,20,0.3,6.955884944776381,5.3430966290534165,40.21262111783938,0.65,17.056775660509334,12.924221832936638,83.20630761965283,0.85,42.25016728808415,24.667148984875368,260.68743339903114,8.717035263675818,,,,
spatiotemporal_leave_zone_out,B5_fixed_kalman,conformalized,transition,stable,ELIGIBLE_SUPPORT,distribution_free_conformal,182,0.5769230769230769,9.278212465049366,8.09481839296328,13.893024509839567,0.9010989010989011,26.567293464163352,23.068497853070546,29.37242697599177,0.989010989010989,74.80775867589874,77.71581262272349,76.33460597086261,2.9543440468305007,,,,
spatiotemporal_leave_zone_out,B5_fixed_kalman,conformalized,transition,volatile_or_gap,DESCRIPTIVE_LOW_SUPPORT,distribution_free_conformal,21,0.5238095238095238,7.333649509888514,7.5983640173451334,30.91405221648502,0.8095238095238095,18.67335273575109,15.50116022869478,65.76843622745106,0.8571428571428571,51.22334746906493,37.21421621810045,185.0571327068387,6.622185278413062,,,,
spatiotemporal_leave_zone_out,B5_fixed_kalman,conformalized,profile,P-D01,DESCRIPTIVE_LOW_SUPPORT,distribution_free_conformal,21,0.2857142857142857,5.727817889196219,6.218954287905859,34.76179313353968,0.5238095238095238,11.836198433191823,11.710110705428477,68.97383492125323,0.7142857142857143,21.86028960527146,20.04588502878812,177.14750750194702,7.113111838032926,,,,
spatiotemporal_leave_zone_out,B5_fixed_kalman,conformalized,profile,P-H01,DESCRIPTIVE_LOW_SUPPORT,distribution_free_conformal,20,0.5,6.343995286438552,6.929856436741726,22.837084520477134,0.75,13.162546742113514,12.244242885326102,41.96687243578822,0.85,24.810503879397817,20.96023610007562,85.96166542033195,4.404005210992962,,,,
spatiotemporal_leave_zone_out,B5_fixed_kalman,conformalized,profile,P-H02,DESCRIPTIVE_LOW_SUPPORT,distribution_free_conformal,20,0.15,5.223362713735318,5.3172458525741035,48.72062045911436,0.45,10.861417084126746,10.901826322169,100.4850402844659,0.55,20.283110261932272,19.123864973178716,292.2429393716394,10.348224979640475,,,,
spatiotemporal_leave_zone_out,B5_fixed_kalman,conformalized,profile,P-H03,DESCRIPTIVE_LOW_SUPPORT,distribution_free_conformal,19,0.42105263157894735,8.112679704393582,5.4228246613666045,19.575612686362863,0.8421052631578947,20.91711320416287,13.689973657712741,39.169511539228914,0.9473684210526315,74.6638215956987,58.906044665860804,92.96864078167128,4.0662032196406885,,,,
spatiotemporal_leave_zone_out,B5_fixed_kalman,conformalized,profile,P-H04,DESCRIPTIVE_LOW_SUPPORT,distribution_free_conformal,20,0.3,6.5741695381428285,7.336088281680861,69.613967248593,0.45,13.606135252522368,14.261764611277254,150.31472742877145,0.6,25.004890078074027,25.491238760398385,469.33839767562904,15.265243428162972,,,,
spatiotemporal_leave_zone_out,B5_fixed_kalman,conformalized,profile,P-H05,DESCRIPTIVE_LOW_SUPPORT,distribution_free_conformal,13,0.38461538461538464,10.893866614709626,9.474915735031288,21.134223446761233,0.9230769230769231,33.87287778693293,30.631104381087454,35.207797437511154,1.0,96.52617610473884,98.20524397765817,96.52617610473884,4.152400745155204,,,,
spatiotemporal_leave_zone_out,B5_fixed_kalman,conformalized,profile,P-H06,DESCRIPTIVE_LOW_SUPPORT,distribution_free_conformal,17,1.0,12.661212613949056,11.04291615538288,12.661212613949056,1.0,39.47032428239421,35.70023490304033,39.47032428239421,1.0,113.56257553499769,114.45719472254683,113.56257553499769,3.199042344230026,,,,
spatiotemporal_leave_zone_out,B5_fixed_kalman,conformalized,profile,P-H07,DESCRIPTIVE_LOW_SUPPORT,distribution_free_conformal,19,0.5789473684210527,10.83610560684115,9.318790426509011,13.904485575732371,1.0,33.73454834653914,30.126372649891806,33.73454834653914,1.0,96.70481148064505,96.58704235525967,96.70481148064505,3.1531668902460352,,,,
spatiotemporal_leave_zone_out,B5_fixed_kalman,conformalized,profile,P-V01,DESCRIPTIVE_LOW_SUPPORT,distribution_free_conformal,18,0.5,6.08916882479268,6.2602776833959055,11.49612786450884,0.7777777777777778,12.637166740457033,12.29831931147423,15.798059643905411,1.0,23.510156534268262,24.29370501577027,23.510156534268262,1.9602721318673955,,,,
spatiotemporal_leave_zone_out,B5_fixed_kalman,conformalized,profile,P-V02,DESCRIPTIVE_LOW_SUPPORT,distribution_free_conformal,21,0.2857142857142857,7.760324428562116,7.336820588900025,18.676641221897842,0.7619047619047619,20.922858555006798,19.32493161369561,29.618765703576866,1.0,65.27324716814643,67.58251740314526,65.27324716814643,3.5079384912963385,,,,
spatiotemporal_leave_zone_out,B5_fixed_kalman,conformalized,profile,P-V03,DESCRIPTIVE_LOW_SUPPORT,distribution_free_conformal,21,0.6666666666666666,7.3427168852185325,6.615089716696517,11.004257105377505,0.9047619047619048,18.315159547388777,17.131165552053655,21.827191532710124,1.0,49.212673949550336,30.051303989721177,49.212673949550336,2.2136733190227225,,,,
spatiotemporal_leave_zone_out,B5_fixed_kalman,conformalized,profile,P-V04,DESCRIPTIVE_LOW_SUPPORT,distribution_free_conformal,21,0.6666666666666666,10.512618497763347,11.099386195436665,11.721339511110695,1.0,32.83219467333464,35.88279480538293,32.83219467333464,1.0,95.03232806739345,103.7331266297394,95.03232806739345,3.0397876164995106,,,,
spatiotemporal_leave_zone_out,B5_fixed_kalman,conformalized,profile,P-V05,DESCRIPTIVE_LOW_SUPPORT,distribution_free_conformal,17,0.8235294117647058,10.536499372166988,10.093862436689651,11.321609605274254,1.0,31.802698702597475,31.887924766475294,31.802698702597475,1.0,94.69189236858941,95.92129410036836,94.69189236858941,2.723242419965599,,,,
spatiotemporal_leave_zone_out,B5_fixed_kalman,conformalized,profile,P-V06,DESCRIPTIVE_LOW_SUPPORT,distribution_free_conformal,19,0.6842105263157895,11.336776953826993,8.609770785629365,14.371727405741458,1.0,35.17001965543959,27.834209296108266,35.17001965543959,1.0,99.74369034009699,89.23822271772985,99.74369034009699,3.2944592744268335,,,,
spatiotemporal_leave_zone_out,B5_fixed_kalman,conformalized,zone,GEO_NE,ELIGIBLE_SUPPORT,distribution_free_conformal,103,0.6990291262135923,11.186029895959491,9.85410624609463,13.932196931647715,0.9902912621359223,34.82233810265594,31.521386987279612,34.990823107097846,1.0,99.7324622503516,97.18841356431739,99.7324622503516,3.245821783605222,,,,
spatiotemporal_leave_zone_out,B5_fixed_kalman,conformalized,zone,GEO_NW,DESCRIPTIVE_LOW_SUPPORT,distribution_free_conformal,24,0.5416666666666666,8.405963641054749,8.016364711667212,12.708964469744904,0.9583333333333334,24.33056641015811,20.997930012654077,24.340473017719955,1.0,81.65084247398475,86.0101543285966,81.65084247398475,2.7702157229839535,,,,
spatiotemporal_leave_zone_out,B5_fixed_kalman,conformalized,zone,GEO_SE,DESCRIPTIVE_LOW_SUPPORT,distribution_free_conformal,22,0.45454545454545453,8.182316452753316,5.715751317434965,18.307700727145424,0.8636363636363636,20.97163674809743,13.732643855057688,36.735071673836295,0.9545454545454546,75.88798483018208,62.88692874351278,91.69669230897657,3.8153956916114904,,,,
spatiotemporal_leave_zone_out,B5_fixed_kalman,conformalized,zone,GEO_SW,ELIGIBLE_SUPPORT,distribution_free_conformal,117,0.3504273504273504,6.052482952904294,6.218954287905859,34.86021469682126,0.5982905982905983,12.552956720572817,12.09229856299067,69.0969415337938,0.7777777777777778,23.323103485569316,23.079640468802722,184.0916636632967,7.168191367635197,,,,
spatiotemporal_leave_zone_out,B5_fixed_kalman,conformalized,gap,gap,ELIGIBLE_SUPPORT,distribution_free_conformal,202,0.5643564356435643,9.197694132589167,8.024250880018993,18.533861322336783,0.8663366336633663,25.950675229572997,22.683681429388592,39.22060419509387,0.9455445544554455,71.95160516556942,75.29444564978299,103.61369897774154,3.9363439741648105,,,,
spatiotemporal_leave_zone_out,B5_fixed_kalman,conformalized,gap,no_gap,ELIGIBLE_SUPPORT,distribution_free_conformal,64,0.34375,6.001897802132906,5.3873161145484545,38.71259343198201,0.609375,13.416718231387092,11.381258580533729,80.59652845821358,0.75,32.75278690300691,21.145300082287527,232.15857057908224,8.2543817736005,,,,
spatiotemporal_leave_zone_out,B6_adaptive_kalman,conformalized,overall,all,ELIGIBLE_SUPPORT,distribution_free_conformal,266,0.5225563909774437,8.370647215703844,7.182291706030268,22.141099523556473,0.8082706766917294,22.324582353004555,16.88581393442353,45.668784229961716,0.8984962406015038,59.006075069966236,63.006697971282094,119.57741001066452,4.629792896960909,,,,
spatiotemporal_leave_zone_out,B6_adaptive_kalman,conformalized,transition,accelerating,ELIGIBLE_SUPPORT,distribution_free_conformal,43,0.32558139534883723,5.7450003380201595,5.8991481402091495,44.11986958562871,0.5116279069767442,12.150198517844045,12.127567073341368,90.04459587119669,0.5813953488372093,25.284719409519656,22.793503300316857,228.5260027616255,9.089416589976857,,,,
spatiotemporal_leave_zone_out,B6_adaptive_kalman,conformalized,transition,decelerating,DESCRIPTIVE_LOW_SUPPORT,distribution_free_conformal,20,0.25,6.73521360615579,5.206472873018454,40.11022380856288,0.6,16.891398750951858,12.836186513109766,82.28261757680858,0.85,42.124879410644496,24.936376393769066,253.73075975728403,8.646627126766582,,,,
spatiotemporal_leave_zone_out,B6_adaptive_kalman,conformalized,transition,stable,ELIGIBLE_SUPPORT,distribution_free_conformal,182,0.5934065934065934,9.307458869259817,8.046042828287632,13.977689570849929,0.9010989010989011,25.79307798666634,22.3327091598642,28.69690068732492,0.989010989010989,70.0229828325063,75.53736005032957,71.33815502440758,2.9008156386571,,,,
spatiotemporal_leave_zone_out,B6_adaptive_kalman,conformalized,transition,volatile_or_gap,DESCRIPTIVE_LOW_SUPPORT,distribution_free_conformal,21,0.5714285714285714,7.1854932625691825,7.285861570634651,30.77305252466868,0.8095238095238095,18.272009573314605,15.311827551140311,67.0233669561454,0.8095238095238095,48.652027155839946,37.958245743355704,186.80064449995265,6.657095640555861,,,,
spatiotemporal_leave_zone_out,B6_adaptive_kalman,conformalized,profile,P-D01,DESCRIPTIVE_LOW_SUPPORT,distribution_free_conformal,21,0.2857142857142857,5.42725098800931,5.96931035275955,31.048846785905912,0.5238095238095238,11.652583951280613,11.567082275194338,59.61672733616181,0.7142857142857143,22.271761843974314,20.59000648869599,137.69902332972802,6.151020076816828,,,,
spatiotemporal_leave_zone_out,B6_adaptive_kalman,conformalized,profile,P-H01,DESCRIPTIVE_LOW_SUPPORT,distribution_free_conformal,20,0.4,6.007149104685883,6.397226336026566,21.20548709940207,0.75,13.010476154802458,12.094690512735664,37.99587762173313,0.85,25.299366388359058,21.529176521035243,68.81996424274111,4.00870302377923,,,,
spatiotemporal_leave_zone_out,B6_adaptive_kalman,conformalized,profile,P-H02,DESCRIPTIVE_LOW_SUPPORT,distribution_free_conformal,20,0.15,4.951721669907306,5.004478229470596,41.883142175470056,0.45,10.711237346470218,10.535155726235192,83.10450030057106,0.55,20.668930951327678,19.332590700579104,221.13248636606187,8.60625803704308,,,,
spatiotemporal_leave_zone_out,B6_adaptive_kalman,conformalized,profile,P-H03,DESCRIPTIVE_LOW_SUPPORT,distribution_free_conformal,19,0.42105263157894735,7.951244922919463,5.370401167654563,18.775073516421333,0.8421052631578947,20.772348387752146,13.445368638099524,37.36941996871745,0.9473684210526315,70.60666230008766,49.153980700929274,93.28613062290907,3.9333058365313067,,,,
spatiotemporal_leave_zone_out,B6_adaptive_kalman,conformalized,profile,P-H04,DESCRIPTIVE_LOW_SUPPORT,distribution_free_conformal,20,0.3,6.233442907760991,6.924425838582902,65.72743921490357,0.5,13.378299976230176,14.087570032247866,141.34475320073167,0.65,25.465690393563214,26.000889001637177,441.5652858964801,14.410367711692254,,,,
spatiotemporal_leave_zone_out,B6_adaptive_kalman,conformalized,profile,P-H05,DESCRIPTIVE_LOW_SUPPORT,distribution_free_conformal,13,0.38461538461538464,11.16313884489931,9.549608720679288,21.231937584883404,0.9230769230769231,32.71810486323899,30.081686363589426,34.44000291738804,1.0,88.79257273129971,87.59483501220025,88.79257273129971,4.08651951461008,,,,
spatiotemporal_leave_zone_out,B6_adaptive_kalman,conformalized,profile,P-H06,DESCRIPTIVE_LOW_SUPPORT,distribution_free_conformal,17,1.0,12.953246017958405,11.129970056543863,12.953246017958405,1.0,38.24220399690891,35.05989389409021,38.24220399690891,1.0,103.71778650421861,102.09087296765601,103.71778650421861,3.112296901846266,,,,
spatiotemporal_leave_zone_out,B6_adaptive_kalman,conformalized,profile,P-H07,DESCRIPTIVE_LOW_SUPPORT,distribution_free_conformal,19,0.6842105263157895,11.08841503899536,9.39225263968844,14.208862849981932,1.0,32.70708821594085,29.58600780604603,32.70708821594085,1.0,88.14272874430394,86.1514690737915,88.14272874430394,3.081559916748103,,,,
spatiotemporal_leave_zone_out,B6_adaptive_kalman,conformalized,profile,P-V01,DESCRIPTIVE_LOW_SUPPORT,distribution_free_conformal,18,0.5,5.771760791548826,6.042307620916901,11.449061403910015,0.7777777777777778,12.454838448257846,12.360799903706553,15.804045858592083,1.0,23.955436899927136,24.558856503598633,23.955436899927136,1.9528015988747112,,,,
spatiotemporal_leave_zone_out,B6_adaptive_kalman,conformalized,profile,P-V02,DESCRIPTIVE_LOW_SUPPORT,distribution_free_conformal,21,0.3333333333333333,7.5884979936632435,6.772911145051268,19.2835182124778,0.7619047619047619,20.14349907005388,16.080724399848336,30.942591792952218,0.9523809523809523,64.94745413190269,64.42564973279298,67.58639362955257,3.6280602054772904,,,,
spatiotemporal_leave_zone_out,B6_adaptive_kalman,conformalized,profile,P-V03,DESCRIPTIVE_LOW_SUPPORT,distribution_free_conformal,21,0.6666666666666666,7.121064865231496,6.106652646721599,11.015556542080827,0.9047619047619048,17.777281599813676,15.594690626111955,21.139787312588936,1.0,49.2570255773682,30.37929628068234,49.2570255773682,2.1910023851870766,,,,
spatiotemporal_leave_zone_out,B6_adaptive_kalman,conformalized,profile,P-V04,DESCRIPTIVE_LOW_SUPPORT,distribution_free_conformal,21,0.7619047619047619,10.746333165018072,11.18688526318374,11.389735546621855,1.0,31.842056883281572,35.239179291590546,31.842056883281572,1.0,86.61556536224563,93.98314652545149,86.61556536224563,2.893700116430257,,,,
spatiotemporal_leave_zone_out,B6_adaptive_kalman,conformalized,profile,P-V05,DESCRIPTIVE_LOW_SUPPORT,distribution_free_conformal,17,0.8235294117647058,10.739216235716261,10.26024775548245,11.595006836288508,1.0,30.77720799940451,30.38587925072578,30.77720799940451,1.0,87.62542456654012,91.43367213630023,87.62542456654012,2.6623326677481063,,,,
spatiotemporal_leave_zone_out,B6_adaptive_kalman,conformalized,profile,P-V06,DESCRIPTIVE_LOW_SUPPORT,distribution_free_conformal,19,0.6842105263157895,11.613784297860699,8.677643630487054,13.663522172840505,1.0,34.08700158199401,27.33495808074774,34.08700158199401,1.0,90.91757584046267,79.59663943729791,90.91757584046267,3.1132927481095405,,,,
spatiotemporal_leave_zone_out,B6_adaptive_kalman,conformalized,zone,GEO_NE,ELIGIBLE_SUPPORT,distribution_free_conformal,103,0.7378640776699029,11.450708547168945,10.072097338620516,13.897324783726956,0.9902912621359223,33.71857955820278,30.30331874182957,33.93590649707596,1.0,91.19524760391056,90.14074902931887,91.19524760391056,3.138248563035979,,,,
spatiotemporal_leave_zone_out,B6_adaptive_kalman,conformalized,zone,GEO_NW,DESCRIPTIVE_LOW_SUPPORT,distribution_free_conformal,24,0.625,8.308736600223478,7.703337742261203,12.704952439534622,0.9583333333333334,23.334561695291523,20.929243690927457,24.174941828798097,1.0,81.06141562062685,87.1926778939148,81.06141562062685,2.7570639745866914,,,,
spatiotemporal_leave_zone_out,B6_adaptive_kalman,conformalized,zone,GEO_SE,DESCRIPTIVE_LOW_SUPPORT,distribution_free_conformal,22,0.45454545454545453,8.02536910631243,5.697170279895744,17.608963323931633,0.8636363636363636,20.822599670068826,13.48727642751591,35.15643421726614,0.9545454545454546,71.66485336029065,55.68165770934161,91.25166691181822,3.6934803796252256,,,,
spatiotemporal_leave_zone_out,B6_adaptive_kalman,conformalized,zone,GEO_SW,ELIGIBLE_SUPPORT,distribution_free_conformal,117,0.3247863247863248,5.736763933970803,5.972262084374229,32.18625614416084,0.6068376068376068,12.369218273297552,12.127567073341368,62.383402387179345,0.7777777777777778,23.764142876810187,23.706109574457003,157.79034113400792,6.503070126983423,,,,
spatiotemporal_leave_zone_out,B6_adaptive_kalman,conformalized,gap,gap,ELIGIBLE_SUPPORT,distribution_free_conformal,202,0.5841584158415841,9.198332282169387,7.848183997314649,18.12471366714527,0.8663366336633663,25.21104744674136,21.720082912633153,37.51759425397459,0.9405940594059405,67.59591697887197,73.23590186477682,93.65392792611412,3.763931926331749,,,,
spatiotemporal_leave_zone_out,B6_adaptive_kalman,conformalized,gap,no_gap,ELIGIBLE_SUPPORT,distribution_free_conformal,64,0.328125,5.758266224671971,5.0424950077998645,34.81781738285433,0.625,13.214176900897762,11.124237896103384,71.39597759167108,0.765625,31.894386544982513,21.71926384265236,201.39840034002674,7.362666585509196,,,,
spatiotemporal_leave_zone_out,B6_adaptive_kalman,native,overall,all,ELIGIBLE_SUPPORT,native_state_space_scale,266,0.3533834586466165,5.538210731806401,5.356646189411828,21.23178537264571,0.6353383458646616,10.522773150517231,10.177794856205852,37.52513998503308,0.8007518796992481,16.093192772726614,15.565594000677953,93.94785028322492,4.149098052559039,4.905153588453924,5.230581544424415,0.0,VALID
spatiotemporal_leave_zone_out,B6_adaptive_kalman,native,transition,accelerating,ELIGIBLE_SUPPORT,native_state_space_scale,43,0.3023255813953488,6.501596222211964,6.532104195394922,43.49585969895659,0.5348837209302325,12.353235634333004,12.411201735052614,87.13090276795647,0.5813953488372093,18.892643563304883,18.981295064180205,257.40886796152563,9.16790226083556,10.264458272962306,7.958312615388666,0.0,VALID
spatiotemporal_leave_zone_out,B6_adaptive_kalman,native,transition,decelerating,DESCRIPTIVE_LOW_SUPPORT,native_state_space_scale,20,0.25,6.589459021339948,6.627726584994129,40.243958753473514,0.55,12.520177693486408,12.5928872581556,78.32956994291267,0.7,19.14795941031614,19.259159093508472,236.52469268339837,8.420334925621132,9.47992537749997,12.779269313051238,0.0,VALID
spatiotemporal_leave_zone_out,B6_adaptive_kalman,native,transition,stable,ELIGIBLE_SUPPORT,native_state_space_scale,182,0.36813186813186816,5.18142416664312,4.859622773025443,12.861520670673514,0.6538461538461539,9.844867547033475,9.233434860821003,18.367875861200474,0.8626373626373627,15.056425619950025,14.121320021262884,27.565335248999958,2.2133112952166036,2.866131989631625,3.171896771474481,0.0,VALID
spatiotemporal_leave_zone_out,B6_adaptive_kalman,native,transition,volatile_or_gap,DESCRIPTIVE_LOW_SUPPORT,native_state_space_scale,21,0.42857142857142855,5.656525635692452,5.557095201785726,30.078904996979812,0.7619047619047619,10.747575158640183,10.558654232563994,63.119695780949044,0.8095238095238095,16.43699777552104,16.148068152249945,198.76961828601253,6.581472882044333,7.245934244209967,10.29793569932389,0.0,VALID
spatiotemporal_leave_zone_out,B6_adaptive_kalman,native,profile,P-D01,DESCRIPTIVE_LOW_SUPPORT,native_state_space_scale,21,0.2857142857142857,5.333527417702034,5.021096085141059,31.291255738517016,0.47619047619047616,10.133868468785519,9.540239190872393,59.518483945236184,0.5714285714285714,15.498414388378695,14.590536753050133,164.21410187723936,6.354921466173398,7.253694687116574,6.548594151257432,0.0,VALID
spatiotemporal_leave_zone_out,B6_adaptive_kalman,native,profile,P-H01,DESCRIPTIVE_LOW_SUPPORT,native_state_space_scale,20,0.35,6.493831100564923,6.520723895888821,20.74508131479295,0.75,12.338481660976827,12.38957881099163,36.69853621225646,0.85,18.87007930823748,18.94822565555132,86.27231588775943,4.0634096535008055,4.876194293861118,3.8894467311308603,0.0,VALID
spatiotemporal_leave_zone_out,B6_adaptive_kalman,native,profile,P-H02,DESCRIPTIVE_LOW_SUPPORT,native_state_space_scale,20,0.15,6.302209051605002,6.402537399183828,40.80776452976049,0.45,11.974393790455352,12.16502078051824,78.31516671401543,0.6,18.3132549613945,18.60479378437254,220.9619150844041,8.39138887929325,9.576608298672676,7.174569472692004,0.0,VALID
spatiotemporal_leave_zone_out,B6_adaptive_kalman,native,profile,P-H03,DESCRIPTIVE_LOW_SUPPORT,native_state_space_scale,19,0.3684210526315789,6.27859364339084,6.2072299089794996,19.543397775061568,0.6842105263157895,11.929523778184544,11.79393045666798,31.686011026406117,0.8947368421052632,18.24463219942293,18.037260109323938,69.95169124789665,3.659128461118053,4.494201481727771,4.101571709879724,0.0,VALID
spatiotemporal_leave_zone_out,B6_adaptive_kalman,native,profile,P-H04,DESCRIPTIVE_LOW_SUPPORT,native_state_space_scale,20,0.3,6.7432316462931,6.952477326967298,65.70377166431174,0.55,12.8123504777123,13.209923798246095,142.09117916312505,0.6,19.594799123786576,20.20283504712385,483.8809205314084,14.732258161539278,15.80336614131493,21.884490557989906,0.0,VALID
spatiotemporal_leave_zone_out,B6_adaptive_kalman,native,profile,P-H05,DESCRIPTIVE_LOW_SUPPORT,native_state_space_scale,13,0.23076923076923078,5.235936435913882,5.232793988951897,22.36900017238734,0.3076923076923077,9.948442559114865,9.942471811860955,35.74976767585564,0.46153846153846156,15.214829931439091,15.205698461513819,56.40842122115478,3.9738447531726853,4.996979065472355,4.189241714502373,0.0,VALID
spatiotemporal_leave_zone_out,B6_adaptive_kalman,native,profile,P-H06,DESCRIPTIVE_LOW_SUPPORT,native_state_space_scale,17,0.7058823529411765,6.079575437650633,6.169968851304821,7.626701179304407,1.0,11.551382979063293,11.723133284756996,11.551382979063293,1.0,17.66631575294589,17.92898517846397,17.66631575294589,1.3545811646377282,1.7274391280698556,2.6226659825375727,0.0,VALID
spatiotemporal_leave_zone_out,B6_adaptive_kalman,native,profile,P-H07,DESCRIPTIVE_LOW_SUPPORT,native_state_space_scale,19,0.3684210526315789,4.99887830269267,4.919145961096373,11.80388014794119,0.6842105263157895,9.498024711154379,9.346530774934344,15.89779066061685,0.8947368421052632,14.525975277649614,14.294285295872491,21.05689250249712,1.9503252490087437,2.5513757273913726,2.9594582672772125,0.0,VALID
spatiotemporal_leave_zone_out,B6_adaptive_kalman,native,profile,P-V01,DESCRIPTIVE_LOW_SUPPORT,native_state_space_scale,18,0.3888888888888889,4.507040444427158,4.548137553983077,11.693942600108329,0.6111111111111112,8.563517437958561,8.641603228106497,17.156426445533253,0.8333333333333334,13.096769736492796,13.216191647018318,21.395577340226108,1.9906478470893312,2.5859367819037575,3.0054656605286167,0.0,VALID
spatiotemporal_leave_zone_out,B6_adaptive_kalman,native,profile,P-V02,DESCRIPTIVE_LOW_SUPPORT,native_state_space_scale,21,0.19047619047619047,5.096383856079474,4.917342943690606,20.295200097473312,0.3333333333333333,9.683288304197601,9.343104985619693,30.54517213803124,0.7142857142857143,14.809311492729565,14.289046003240134,52.83879293252314,3.583628345000445,4.536976880062244,4.087212243117145,0.0,VALID
spatiotemporal_leave_zone_out,B6_adaptive_kalman,native,profile,P-V03,DESCRIPTIVE_LOW_SUPPORT,native_state_space_scale,21,0.42857142857142855,4.87763574141055,4.583425834988297,10.080195755183977,0.8095238095238095,9.267660062652949,8.708652062806312,14.796340397607894,0.9047619047619048,14.173662950535283,13.318733990807011,25.547777719228314,1.7735977895654151,2.268504897021306,2.8877240443152976,0.0,VALID
spatiotemporal_leave_zone_out,B6_adaptive_kalman,native,profile,P-V04,DESCRIPTIVE_LOW_SUPPORT,native_state_space_scale,21,0.23809523809523808,4.931967504274092,4.477018409731848,11.657295900453486,0.6666666666666666,9.370892106929865,8.506474635523942,13.669861482690486,0.9523809523809523,14.331542738031168,13.00953029849049,16.000039120307846,1.8892093713875007,2.5722425706853564,2.954994566406755,0.0,VALID
spatiotemporal_leave_zone_out,B6_adaptive_kalman,native,profile,P-V05,DESCRIPTIVE_LOW_SUPPORT,native_state_space_scale,17,0.7058823529411765,5.605615185492282,4.49541729509798,8.036627147760278,0.8823529411764706,10.6508437151488,8.541433091658213,12.469353610278942,0.9411764705882353,16.28905979899872,13.062994643445798,16.808847404302483,1.3792484420050903,1.7717780999462505,2.6292630964115533,0.0,VALID
spatiotemporal_leave_zone_out,B6_adaptive_kalman,native,profile,P-V06,DESCRIPTIVE_LOW_SUPPORT,native_state_space_scale,19,0.3157894736842105,5.012352870887768,4.584654088918498,10.502991078007112,0.6842105263157895,9.523626811053518,8.710985783588104,13.918693006210566,0.9473684210526315,14.56513031056441,13.322303108745974,15.975761457964879,1.7760044650097866,2.3961805444330717,2.858665388812999,0.0,VALID
spatiotemporal_leave_zone_out,B6_adaptive_kalman,native,zone,GEO_NE,ELIGIBLE_SUPPORT,native_state_space_scale,103,0.4174757281553398,5.285723015638688,5.055013246259676,11.643643451892585,0.7184466019417476,10.043038613644812,9.604682855016662,16.400304623934968,0.883495145631068,15.359502112366506,14.689094832295964,22.449608123599408,1.9852138466701295,2.5942667466418627,2.9942561397519643,0.0,VALID
spatiotemporal_leave_zone_out,B6_adaptive_kalman,native,zone,GEO_NW,DESCRIPTIVE_LOW_SUPPORT,native_state_space_scale,24,0.3333333333333333,4.960401368066666,4.729028635070524,12.794416563184592,0.5833333333333334,9.424917335107555,8.98530192492625,16.90003097532805,0.9166666666666666,14.414167194457024,13.741833443580589,21.063849912046326,2.1270456325441125,2.8285078735897464,3.0770449608866173,0.0,VALID
spatiotemporal_leave_zone_out,B6_adaptive_kalman,native,zone,GEO_SE,DESCRIPTIVE_LOW_SUPPORT,native_state_space_scale,22,0.4090909090909091,6.152906034624331,6.186127535813952,18.07893787204134,0.6818181818181818,11.690713400803046,11.753835289381676,29.067391629435303,0.9090909090909091,17.879403244626054,17.975939842587835,62.535499695580626,3.347961864721914,4.120383505690323,3.9028932765538333,0.0,VALID
spatiotemporal_leave_zone_out,B6_adaptive_kalman,native,zone,GEO_SW,ELIGIBLE_SUPPORT,native_state_space_scale,117,0.2905982905982906,5.763427508157116,5.597946321015861,31.996213699807555,0.5641025641025641,10.95069205104205,10.636272633419464,61.9433547051115,0.6837606837606838,16.74763825575032,16.26677525253714,177.74790724286495,6.619476919390943,7.5130662695153045,7.890714335700676,0.0,VALID
spatiotemporal_leave_zone_out,B6_adaptive_kalman,native,gap,gap,ELIGIBLE_SUPPORT,native_state_space_scale,202,0.3613861386138614,5.256106746112695,4.905886428352392,17.071207001585037,0.6237623762376238,9.98676677768942,9.321337249100184,28.089246401070863,0.8118811881188119,15.273441765844558,14.255755123067818,60.05475145476662,3.179305965342001,3.8830150744662535,4.232440919967996,0.0,VALID
spatiotemporal_leave_zone_out,B6_adaptive_kalman,native,gap,no_gap,ELIGIBLE_SUPPORT,native_state_space_scale,64,0.328125,6.428601436652158,6.501341211741323,34.363610856305975,0.671875,12.214543264755017,12.352751106483936,67.3071791094138,0.765625,18.680531888198104,18.89190254190612,200.92294346054643,7.210004327837816,8.131278273227508,8.38096289036499,0.0,VALID
spatiotemporal_leave_zone_out,B7_two_regime_imm,conformalized,overall,all,ELIGIBLE_SUPPORT,distribution_free_conformal,266,0.5263157894736842,7.838768036397603,6.530932266091245,20.696212440628674,0.8007518796992481,21.877051561060536,18.137137224575767,42.78272407883503,0.8834586466165414,55.34477461084094,52.84562432621603,108.8957308190704,4.300284489146278,,,,
spatiotemporal_leave_zone_out,B7_two_regime_imm,conformalized,transition,accelerating,ELIGIBLE_SUPPORT,distribution_free_conformal,43,0.37209302325581395,5.378793000128508,5.40841139768537,32.068846759120056,0.5116279069767442,11.723178653711772,11.434705140297282,61.42986688856843,0.5813953488372093,22.916061428941006,20.23824799702076,130.74764744065172,6.234403378398765,,,,
spatiotemporal_leave_zone_out,B7_two_regime_imm,conformalized,transition,decelerating,DESCRIPTIVE_LOW_SUPPORT,distribution_free_conformal,20,0.1,6.566617501182028,5.161564584416483,46.54868484408553,0.55,15.679909864054064,12.438428289990487,94.05845820740788,0.8,38.10829755338547,23.429400724799496,284.70911112493286,9.911301511411693,,,,
spatiotemporal_leave_zone_out,B7_two_regime_imm,conformalized,transition,stable,ELIGIBLE_SUPPORT,distribution_free_conformal,182,0.6098901098901099,8.655513914791829,7.453798292551696,13.38983690821388,0.9010989010989011,25.455105656015284,23.58447141743413,28.445153590791662,0.9725274725274725,66.04159284289598,68.50702295812809,68.35947657240983,2.8000779022785953,,,,
spatiotemporal_leave_zone_out,B7_two_regime_imm,conformalized,transition,volatile_or_gap,DESCRIPTIVE_LOW_SUPPORT,distribution_free_conformal,21,0.5238095238095238,7.008967436213494,6.511286163353326,36.109908780401305,0.7619047619047619,17.560552688411082,14.263192260184738,80.02539100425876,0.8095238095238095,45.456359836402335,34.520809260101444,248.02421901178326,7.997910495182125,,,,
spatiotemporal_leave_zone_out,B7_two_regime_imm,conformalized,profile,P-D01,DESCRIPTIVE_LOW_SUPPORT,distribution_free_conformal,21,0.23809523809523808,5.180617828823788,5.403899850076391,23.921240359457197,0.5238095238095238,11.209638200066022,10.774907033758055,41.18334224234512,0.6190476190476191,20.35294487179105,18.51886938791094,69.70824519808123,4.3909723649879675,,,,
spatiotemporal_leave_zone_out,B7_two_regime_imm,conformalized,profile,P-H01,DESCRIPTIVE_LOW_SUPPORT,distribution_free_conformal,20,0.4,5.780788792847246,5.686580731826061,24.049416480891033,0.65,12.680704995422886,11.26638185640575,44.06706786586734,0.85,23.045977637920135,19.115657995332867,98.41413022430618,4.637108344705533,,,,
spatiotemporal_leave_zone_out,B7_two_regime_imm,conformalized,profile,P-H02,DESCRIPTIVE_LOW_SUPPORT,distribution_free_conformal,20,0.15,4.753637759105677,4.561655450041399,32.905825484370496,0.5,10.373464377419712,9.725590167814815,63.88759407520875,0.55,18.873908936465067,18.164267631346004,157.1049484467474,6.632535576576204,,,,
spatiotemporal_leave_zone_out,B7_two_regime_imm,conformalized,profile,P-H03,DESCRIPTIVE_LOW_SUPPORT,distribution_free_conformal,19,0.5789473684210527,7.568999206055161,5.03607446762139,15.645209282017486,0.8947368421052632,19.83654129958579,15.15614003172,28.300799573227735,0.9473684210526315,62.604474419516954,45.07050908278438,65.40979720179354,3.0699121620283742,,,,
spatiotemporal_leave_zone_out,B7_two_regime_imm,conformalized,profile,P-H04,DESCRIPTIVE_LOW_SUPPORT,distribution_free_conformal,20,0.25,5.943377282591777,6.340257785428776,67.76999351558511,0.45,12.825674439073643,13.094350368463951,146.83322601003312,0.6,23.304433990627366,23.565843520047544,463.8506619826074,14.902732150679025,,,,
spatiotemporal_leave_zone_out,B7_two_regime_imm,conformalized,profile,P-H05,DESCRIPTIVE_LOW_SUPPORT,distribution_free_conformal,13,0.46153846153846156,10.1390235188864,10.41247118462232,21.863858958748907,0.9230769230769231,32.32088438616061,26.88442414259704,34.160429993616965,1.0,84.93822966232128,88.19245843846826,84.93822966232128,4.122676088311548,,,,
spatiotemporal_leave_zone_out,B7_two_regime_imm,conformalized,profile,P-H06,DESCRIPTIVE_LOW_SUPPORT,distribution_free_conformal,17,1.0,12.03498503395299,12.13562732141225,12.03498503395299,1.0,37.37252208646742,31.33351789027495,37.37252208646742,1.0,100.34116220993,102.7873968812535,100.34116220993,2.961870396426278,,,,
spatiotemporal_leave_zone_out,B7_two_regime_imm,conformalized,profile,P-H07,DESCRIPTIVE_LOW_SUPPORT,distribution_free_conformal,19,0.631578947368421,10.299922172129968,10.240897070230147,13.77944419986699,1.0,31.986202747034298,26.44142927793689,31.986202747034298,1.0,85.52137363656853,86.7392450096527,85.52137363656853,3.025008426041596,,,,
spatiotemporal_leave_zone_out,B7_two_regime_imm,conformalized,profile,P-V01,DESCRIPTIVE_LOW_SUPPORT,distribution_free_conformal,18,0.4444444444444444,5.5304200278956195,5.535884374815918,11.50641707230274,0.7222222222222222,12.034197427770161,12.354752502830324,15.842759084380425,1.0,21.88171422276167,23.074695428058973,21.88171422276167,1.9465782550326358,,,,
spatiotemporal_leave_zone_out,B7_two_regime_imm,conformalized,profile,P-V02,DESCRIPTIVE_LOW_SUPPORT,distribution_free_conformal,21,0.38095238095238093,7.145731789044871,6.020532023217527,18.983785678570342,0.7619047619047619,20.55498303380856,18.179504065331685,32.73697405070738,0.9047619047619048,57.54941759259153,53.978278272908085,60.97244187357794,3.559501894694263,,,,
spatiotemporal_leave_zone_out,B7_two_regime_imm,conformalized,profile,P-V03,DESCRIPTIVE_LOW_SUPPORT,distribution_free_conformal,21,0.6666666666666666,6.7308344847253485,5.479891162844741,10.192695516530478,0.9047619047619048,17.685151434302767,15.282824210605522,19.7894038526982,1.0,43.93903946968129,28.54338958708409,43.93903946968129,2.0284242853601993,,,,
spatiotemporal_leave_zone_out,B7_two_regime_imm,conformalized,profile,P-V04,DESCRIPTIVE_LOW_SUPPORT,distribution_free_conformal,21,0.6666666666666666,10.083758644650764,11.69541138815067,10.84513225820596,1.0,30.960459728597254,31.493747759395827,30.960459728597254,1.0,84.07826060309083,91.54156506050647,84.07826060309083,2.7034579391536817,,,,
spatiotemporal_leave_zone_out,B7_two_regime_imm,conformalized,profile,P-V05,DESCRIPTIVE_LOW_SUPPORT,distribution_free_conformal,17,0.8823529411764706,9.732089912728409,9.305255690473764,10.62631460092383,1.0,30.524956453983464,29.873963119316542,30.524956453983464,1.0,82.32384073704553,83.01095222398547,82.32384073704553,2.5611346730439593,,,,
spatiotemporal_leave_zone_out,B7_two_regime_imm,conformalized,profile,P-V06,DESCRIPTIVE_LOW_SUPPORT,distribution_free_conformal,19,0.7368421052631579,10.667988251156991,9.461718997680649,12.22272030570287,1.0,33.54777030937439,24.429634631535478,33.54777030937439,1.0,88.16561669047884,80.1396944744278,88.16561669047884,2.935310074348171,,,,
spatiotemporal_leave_zone_out,B7_two_regime_imm,conformalized,zone,GEO_NE,ELIGIBLE_SUPPORT,distribution_free_conformal,103,0.7378640776699029,10.566329513364698,10.304659045985735,13.210092209318187,0.9902912621359223,33.069303610487985,29.32614022574032,33.3014792696815,1.0,88.05005041226838,87.27930176439158,88.05005041226838,3.017675695394468,,,,
spatiotemporal_leave_zone_out,B7_two_regime_imm,conformalized,zone,GEO_NW,DESCRIPTIVE_LOW_SUPPORT,distribution_free_conformal,24,0.5833333333333334,7.774178862682437,7.659220354893341,11.535969991669106,1.0,23.97720044701867,23.232070119426155,23.97720044701867,1.0,71.54274504014575,77.84065314316288,71.54274504014575,2.519046893123115,,,,
spatiotemporal_leave_zone_out,B7_two_regime_imm,conformalized,zone,GEO_SE,DESCRIPTIVE_LOW_SUPPORT,distribution_free_conformal,22,0.5909090909090909,7.612538838986796,5.0517713781305105,14.903665549243318,0.9090909090909091,20.022717608724022,15.2033801143024,27.332758845051156,0.9545454545454546,63.43309754976119,48.93912027094411,65.85587631627278,2.955103545981182,,,,
spatiotemporal_leave_zone_out,B7_two_regime_imm,conformalized,zone,GEO_SW,ELIGIBLE_SUPPORT,distribution_free_conformal,117,0.3162393162393162,5.49336932173599,5.417606885282616,30.254778544991815,0.5726495726495726,11.941921754200546,12.062033220141814,57.89212593908845,0.7435897435897436,21.709408777451323,21.048546960560458,143.0021713289537,6.047740803767001,,,,
spatiotemporal_leave_zone_out,B7_two_regime_imm,conformalized,gap,gap,ELIGIBLE_SUPPORT,distribution_free_conformal,202,0.599009900990099,8.581059023522945,7.433559395647563,17.40287299880126,0.8663366336633663,24.78706443318037,21.611549171904194,37.20115428154916,0.9356435643564357,63.73260892718774,66.48953070281306,94.2967479888782,3.670461233840626,,,,
spatiotemporal_leave_zone_out,B7_two_regime_imm,conformalized,gap,no_gap,ELIGIBLE_SUPPORT,distribution_free_conformal,64,0.296875,5.495912108283248,4.7690967189267575,31.09081505389644,0.59375,12.692323433432325,10.856268179615554,60.39955375151855,0.71875,28.870672549871337,19.284435664359428,154.9737703768645,6.28816413870474,,,,
spatiotemporal_leave_zone_out,B7_two_regime_imm,native,overall,all,ELIGIBLE_SUPPORT,native_state_space_scale,266,0.3233082706766917,4.819069838633478,4.725285502526244,19.792696236893747,0.5601503759398496,9.156383020459693,8.978189856328065,35.491827920606944,0.7706766917293233,14.003479400478716,13.730956473287097,88.23620789428438,3.879868277753081,4.574451324890459,6.013739863792084,0.0,VALID
spatiotemporal_leave_zone_out,B7_two_regime_imm,native,transition,accelerating,ELIGIBLE_SUPPORT,native_state_space_scale,43,0.3953488372093023,5.704021279960161,5.783572403404165,31.640179401126712,0.46511627906976744,10.837818364337732,10.988967980415453,60.73778459660853,0.5581395348837209,16.57501284863397,16.806176238195672,156.75460541835773,6.369774487184004,7.308180746431773,6.324853336312096,0.0,VALID
spatiotemporal_leave_zone_out,B7_two_regime_imm,native,transition,decelerating,DESCRIPTIVE_LOW_SUPPORT,native_state_space_scale,20,0.15,6.362079854863678,6.4971760292072105,46.27006122667133,0.45,12.088150184268997,12.344837129739574,92.88318829960554,0.75,18.48723035253777,18.87979915893623,293.3175899830347,9.919309818931339,11.03542680719615,19.36098484501695,0.0,VALID
spatiotemporal_leave_zone_out,B7_two_regime_imm,native,transition,stable,ELIGIBLE_SUPPORT,native_state_space_scale,182,0.3076923076923077,4.398316898138043,4.150991871152887,12.3220488215278,0.5769230769230769,8.356939308464568,7.887014042084987,18.52467669506474,0.8186813186813187,12.7808357509338,12.062147075197235,29.764842238759194,2.164689168111316,2.7680207107413004,3.270139035056049,0.0,VALID
spatiotemporal_leave_zone_out,B7_two_regime_imm,native,transition,volatile_or_gap,DESCRIPTIVE_LOW_SUPPORT,native_state_space_scale,21,0.47619047619047616,5.184018546658139,4.8859352795806,35.06263689113342,0.7142857142857143,9.849796949991632,9.283429444073551,76.18793165397084,0.8095238095238095,15.06396449120814,14.197780138226996,259.3728657035901,7.89452542659624,8.479236896450308,16.44290995365401,0.0,VALID
spatiotemporal_leave_zone_out,B7_two_regime_imm,native,profile,P-D01,DESCRIPTIVE_LOW_SUPPORT,native_state_space_scale,21,0.19047619047619047,4.64992611983431,4.046401492903897,24.4978289566631,0.3333333333333333,8.83500467843731,7.688289060798127,43.310963970441996,0.5238095238095238,13.511973640812002,11.758223443388374,93.42383962654955,4.662343560080217,5.576045999746855,5.170801019720293,0.0,VALID
spatiotemporal_leave_zone_out,B7_two_regime_imm,native,profile,P-H01,DESCRIPTIVE_LOW_SUPPORT,native_state_space_scale,20,0.4,6.309417855818852,6.272512117302271,23.52982289771319,0.65,11.988090743334585,11.917968688907887,42.08800920876929,0.8,18.334202643144497,18.226960215376955,107.90852036267465,4.611267056692662,5.403169288922816,4.900319210827506,0.0,VALID
spatiotemporal_leave_zone_out,B7_two_regime_imm,native,profile,P-H02,DESCRIPTIVE_LOW_SUPPORT,native_state_space_scale,20,0.15,5.526068359989439,5.467085530025912,32.27994399251538,0.45,10.499702265293354,10.387633048440122,60.50993875181912,0.6,16.057908898596246,15.88651382194585,157.35892260137763,6.493139419022779,7.547153469057579,6.511590374622097,0.0,VALID
spatiotemporal_leave_zone_out,B7_two_regime_imm,native,profile,P-H03,DESCRIPTIVE_LOW_SUPPORT,native_state_space_scale,19,0.3684210526315789,6.095499453448764,6.1702688881414325,15.218831134773591,0.7894736842105263,11.581639105816768,11.723703364105969,24.24699334435905,0.8947368421052632,17.71258850571124,17.929857039591028,56.0832324428983,2.857015225265453,3.515679320710723,3.641358487840529,0.0,VALID
spatiotemporal_leave_zone_out,B7_two_regime_imm,native,profile,P-H04,DESCRIPTIVE_LOW_SUPPORT,native_state_space_scale,20,0.4,5.706293731365688,5.848321366140571,67.6537471694673,0.45,10.842136092895544,11.111993029407085,151.1757097512826,0.55,16.58161624462354,16.994326814187044,521.3977164080178,15.42955019303067,16.360142847715764,33.253798136836465,0.0,VALID
spatiotemporal_leave_zone_out,B7_two_regime_imm,native,profile,P-H05,DESCRIPTIVE_LOW_SUPPORT,native_state_space_scale,13,0.23076923076923078,4.871080694394355,4.595310056861926,23.08578354987867,0.23076923076923078,9.255205268842692,8.73123245508507,37.72496612715219,0.6153846153846154,14.15461498714522,13.353267720711472,67.72048339867405,4.18881640389577,5.19834772319909,4.499096156450696,0.0,VALID
spatiotemporal_leave_zone_out,B7_two_regime_imm,native,profile,P-H06,DESCRIPTIVE_LOW_SUPPORT,native_state_space_scale,17,0.5294117647058824,5.1996408314823634,5.253513658934758,6.610463831688772,1.0,9.879479778482427,9.981839831162041,9.879479778482427,1.0,15.109360459942737,15.26590665137313,15.109360459942737,1.18009051782221,1.5309334558189904,2.489376791969266,0.0,VALID
spatiotemporal_leave_zone_out,B7_two_regime_imm,native,profile,P-H07,DESCRIPTIVE_LOW_SUPPORT,native_state_space_scale,19,0.42105263157894735,4.165277140745451,3.984764179485161,11.819650426859312,0.47368421052631576,7.914156499928502,7.571176242575497,16.79728479490541,0.8421052631578947,12.10365788229658,11.579114844081417,18.456656598430257,1.9720203790649484,2.5973547802779935,2.9776405461409405,0.0,VALID
spatiotemporal_leave_zone_out,B7_two_regime_imm,native,profile,P-V01,DESCRIPTIVE_LOW_SUPPORT,native_state_space_scale,18,0.3333333333333333,3.7526800460388636,3.5945069472907214,12.02759255665634,0.5555555555555556,7.130209149347323,6.829675327641668,19.041219010696878,0.6666666666666666,10.904713872375481,10.445087055541975,32.95718187842736,2.154300127921689,2.706092278672323,3.339706849406804,0.0,VALID
spatiotemporal_leave_zone_out,B7_two_regime_imm,native,profile,P-V02,DESCRIPTIVE_LOW_SUPPORT,native_state_space_scale,21,0.19047619047619047,4.52724254045277,4.136606174751796,19.76750661094593,0.2857142857142857,8.601902050595559,7.8596807701725435,31.07599017269019,0.7142857142857143,13.155473935646166,12.020344443162479,53.001188136867576,3.511087752372669,4.401838350950763,4.304701919444268,0.0,VALID
spatiotemporal_leave_zone_out,B7_two_regime_imm,native,profile,P-V03,DESCRIPTIVE_LOW_SUPPORT,native_state_space_scale,21,0.38095238095238093,3.757260119401043,3.617734165741644,9.262106109489672,0.7142857142857143,7.138911431607214,6.873807767253046,14.180606765107436,0.8571428571428571,10.918022864593397,10.512581797473354,23.863132702671454,1.658302934018907,2.1064812229774525,2.888185786030335,0.0,VALID
spatiotemporal_leave_zone_out,B7_two_regime_imm,native,profile,P-V04,DESCRIPTIVE_LOW_SUPPORT,native_state_space_scale,21,0.2857142857142857,3.8816956117590617,3.4849638141287826,10.139915076419799,0.38095238095238093,7.375342748753799,6.621539957522943,12.798870018882775,0.9047619047619048,11.279613360741518,10.126771475966946,16.135876645999325,1.6488799776264598,2.193938188385707,2.923033962713492,0.0,VALID
spatiotemporal_leave_zone_out,B7_two_regime_imm,native,profile,P-V05,DESCRIPTIVE_LOW_SUPPORT,native_state_space_scale,17,0.47058823529411764,4.834902969411652,3.606206540163427,7.756331689214071,0.8235294117647058,9.18646646284016,6.851904919059315,12.49111577163383,0.9411764705882353,14.049488055285865,10.479084281826907,17.66378743329778,1.3790257791136453,1.7680584842947178,2.6221885585877622,0.0,VALID
spatiotemporal_leave_zone_out,B7_two_regime_imm,native,profile,P-V06,DESCRIPTIVE_LOW_SUPPORT,native_state_space_scale,19,0.21052631578947367,4.288635586943176,4.137077305516172,9.683889489543192,0.7368421052631579,8.148541395772934,7.860575933321401,12.807900648996496,0.8947368421052632,12.462118647143006,12.021713477057972,19.769808901031787,1.6728558272584892,2.2227194202765346,2.8452056288735603,0.0,VALID
spatiotemporal_leave_zone_out,B7_two_regime_imm,native,zone,GEO_NE,ELIGIBLE_SUPPORT,native_state_space_scale,103,0.34951456310679613,4.47038683249559,4.366060034814389,11.042649645752462,0.6116504854368932,8.493874431908269,8.295650261922397,16.074467401164334,0.8737864077669902,12.990259949993746,12.687102242974326,23.857580320837606,1.9121403868147762,2.4764363633161137,2.998356813988705,0.0,VALID
spatiotemporal_leave_zone_out,B7_two_regime_imm,native,zone,GEO_NW,DESCRIPTIVE_LOW_SUPPORT,native_state_space_scale,24,0.3333333333333333,3.9656494585057906,3.6226310050014052,11.387114261879573,0.5,7.534857676446156,6.883111914599602,15.426644454646711,0.875,11.523570390391484,10.526811262909149,14.974812968196737,1.8600560835564561,2.478185335363705,2.9408416001998634,0.0,VALID
spatiotemporal_leave_zone_out,B7_two_regime_imm,native,zone,GEO_SE,DESCRIPTIVE_LOW_SUPPORT,native_state_space_scale,22,0.4090909090909091,5.973449508355902,6.069753509731987,14.437321048564963,0.7727272727272727,11.349740402889227,11.532721009630633,23.046464048114757,0.9090909090909091,17.357930044811628,17.637774733643973,50.49621344510954,2.689615781226236,3.320020764640962,3.534441407441859,0.0,VALID
spatiotemporal_leave_zone_out,B7_two_regime_imm,native,zone,GEO_SW,ELIGIBLE_SUPPORT,native_state_space_scale,117,0.28205128205128205,5.0840278388161595,4.918969118306798,30.226944274766623,0.48717948717948717,9.659811485961155,9.346194768117677,59.0418325520639,0.6324786324786325,14.773406797630184,14.293771417791469,167.0357976051644,6.250270161094574,7.087300872892929,9.764838825293507,0.0,VALID
spatiotemporal_leave_zone_out,B7_two_regime_imm,native,gap,gap,ELIGIBLE_SUPPORT,native_state_space_scale,202,0.3217821782178218,4.525690388308223,4.203530244778662,16.381083762123918,0.5693069306930693,8.598952913102769,7.986838590866803,28.22236387322939,0.7970297029702971,13.150963619068403,12.214815548043413,64.83000416966992,3.1304626779887634,3.7608837247940885,4.981424653337348,0.0,VALID
spatiotemporal_leave_zone_out,B7_two_regime_imm,native,gap,no_gap,ELIGIBLE_SUPPORT,native_state_space_scale,64,0.328125,5.745048728722567,5.859121016920902,30.56059811038602,0.53125,10.915771796804979,11.132512702776246,58.43607382014236,0.6875,16.694232335555014,17.02570894648619,162.11203840009873,6.245179702009206,7.142274062694631,9.271984746789842,0.0,VALID
spatiotemporal_leave_zone_out,B8_student_t_robust_imm,conformalized,overall,all,ELIGIBLE_SUPPORT,distribution_free_conformal,266,0.5112781954887218,7.90211908004172,6.539247407927599,21.32069670347692,0.793233082706767,21.954778823239412,17.356515013270787,44.32350742633728,0.8796992481203008,59.60801092314893,56.534643059980226,119.792072239501,4.485612360470372,,,,
spatiotemporal_leave_zone_out,B8_student_t_robust_imm,conformalized,transition,accelerating,ELIGIBLE_SUPPORT,distribution_free_conformal,43,0.2558139534883721,5.464623357828287,5.510322744995449,38.56661069009145,0.4418604651162791,11.681730168501378,11.602765363322462,75.39422529836874,0.5581395348837209,23.231415075491828,20.081009976570048,187.56018718296178,7.754168434102712,,,,
spatiotemporal_leave_zone_out,B8_student_t_robust_imm,conformalized,transition,decelerating,DESCRIPTIVE_LOW_SUPPORT,distribution_free_conformal,20,0.25,6.549531343970043,4.969790297166048,41.722493981411546,0.55,16.364664312322006,12.333440582284375,84.23142689010758,0.8,41.06213272298246,22.67635107808248,254.04495175484527,8.85866935550104,,,,
spatiotemporal_leave_zone_out,B8_student_t_robust_imm,conformalized,transition,stable,ELIGIBLE_SUPPORT,distribution_free_conformal,182,0.5989010989010989,8.734021642157458,7.382169206827854,13.36248097303124,0.9010989010989011,25.499397746465107,23.259967793278985,28.493013129445526,0.9725274725274725,71.58542208817667,72.11353643069398,73.83038304639854,2.831938927596949,,,,
spatiotemporal_leave_zone_out,B8_student_t_robust_imm,conformalized,transition,volatile_or_gap,DESCRIPTIVE_LOW_SUPPORT,distribution_free_conformal,21,0.5238095238095238,6.971538340591554,6.649363102714688,35.54855460623866,0.8095238095238095,17.593956839668326,15.147666003043653,79.89258858164882,0.8095238095238095,47.95193251446024,34.513416867023395,251.50354368087946,7.959874918382708,,,,
spatiotemporal_leave_zone_out,B8_student_t_robust_imm,conformalized,profile,P-D01,DESCRIPTIVE_LOW_SUPPORT,distribution_free_conformal,21,0.19047619047619047,5.2411173128046675,5.510322744995449,27.723762177206098,0.47619047619047616,11.114718585644502,10.712609659058899,50.705258803729556,0.5714285714285714,20.059845584793447,18.51490369982855,101.0203806894906,5.290773551915161,,,,
spatiotemporal_leave_zone_out,B8_student_t_robust_imm,conformalized,profile,P-H01,DESCRIPTIVE_LOW_SUPPORT,distribution_free_conformal,20,0.45,5.794803338175543,5.8071691444965206,23.826472798177143,0.7,12.576895287895349,11.201242917404869,44.7523886662059,0.8,22.791457792624715,18.96714176886696,103.72488658282425,4.674136866437472,,,,
spatiotemporal_leave_zone_out,B8_student_t_robust_imm,conformalized,profile,P-H02,DESCRIPTIVE_LOW_SUPPORT,distribution_free_conformal,20,0.1,4.7881412815873095,4.776152871862418,35.55106125114807,0.45,10.286241834584906,9.617777397181811,70.03687098184268,0.55,18.627744594628926,17.58044581348022,177.99520347640058,7.242145095498462,,,,
spatiotemporal_leave_zone_out,B8_student_t_robust_imm,conformalized,profile,P-H03,DESCRIPTIVE_LOW_SUPPORT,distribution_free_conformal,19,0.42105263157894735,7.309043875236757,4.698505073106816,13.114435067855819,0.9473684210526315,21.528461907724523,15.377985907843438,23.050896884328182,1.0,71.69156417940573,56.35897809687063,71.69156417940573,2.6873499780708614,,,,
spatiotemporal_leave_zone_out,B8_student_t_robust_imm,conformalized,profile,P-H04,DESCRIPTIVE_LOW_SUPPORT,distribution_free_conformal,20,0.3,6.02827053794411,6.587588973606703,72.72525828980739,0.4,12.715429215696824,12.983403391521371,157.70273388249927,0.6,22.942746820820965,23.471384588876234,495.4074921987005,15.971327133337772,,,,
spatiotemporal_leave_zone_out,B8_student_t_robust_imm,conformalized,profile,P-H05,DESCRIPTIVE_LOW_SUPPORT,distribution_free_conformal,13,0.46153846153846156,10.317461195070196,10.104844234594083,21.402943922061752,0.9230769230769231,32.13357873402934,27.376355358466853,34.23238292180007,1.0,90.33565598147464,100.77446805360881,90.33565598147464,4.109122379420619,,,,
spatiotemporal_leave_zone_out,B8_student_t_robust_imm,conformalized,profile,P-H06,DESCRIPTIVE_LOW_SUPPORT,distribution_free_conformal,17,1.0,12.190091592050933,11.77709129731465,12.190091592050933,1.0,37.32223211341562,31.906858627330898,37.32223211341562,1.0,108.333493379402,117.45159877304577,108.333493379402,3.0280818984443294,,,,
spatiotemporal_leave_zone_out,B8_student_t_robust_imm,conformalized,profile,P-H07,DESCRIPTIVE_LOW_SUPPORT,distribution_free_conformal,19,0.631578947368421,10.444272900900499,9.93833912068974,13.788630905021932,1.0,31.97902848585449,26.925254573395655,31.97902848585449,1.0,92.62736842356645,99.11393139491678,92.62736842356645,3.0700076227571738,,,,
spatiotemporal_leave_zone_out,B8_student_t_robust_imm,conformalized,profile,P-V01,DESCRIPTIVE_LOW_SUPPORT,distribution_free_conformal,18,0.4444444444444444,5.579110795618602,5.653277152825741,11.61275658458855,0.7222222222222222,11.932710516025821,12.217794223195716,15.851959675699797,1.0,21.585679749924722,22.333046444190177,21.585679749924722,1.95257231832132,,,,
spatiotemporal_leave_zone_out,B8_student_t_robust_imm,conformalized,profile,P-V02,DESCRIPTIVE_LOW_SUPPORT,distribution_free_conformal,21,0.3333333333333333,7.159675389823299,6.196625372322384,17.924048808264427,0.7142857142857143,20.58007076041725,16.919458197024852,30.521181497962864,0.9047619047619048,65.74336733995108,56.815396707799536,68.28986314728402,3.4343953521643575,,,,
spatiotemporal_leave_zone_out,B8_student_t_robust_imm,conformalized,profile,P-V03,DESCRIPTIVE_LOW_SUPPORT,distribution_free_conformal,21,0.6666666666666666,6.794966248899641,5.617239351446003,10.338687397108432,0.9047619047619048,17.701708085269356,15.113406870083065,19.83939335373386,1.0,48.516920727581756,27.625970072298617,48.516920727581756,2.0709587279781627,,,,
spatiotemporal_leave_zone_out,B8_student_t_robust_imm,conformalized,profile,P-V04,DESCRIPTIVE_LOW_SUPPORT,distribution_free_conformal,21,0.6666666666666666,10.187834522805082,11.837315680794394,10.877974501496785,1.0,30.96154937619181,32.07002038273348,30.96154937619181,1.0,91.20530591629687,98.37703071493077,91.20530591629687,2.7559014992268955,,,,
spatiotemporal_leave_zone_out,B8_student_t_robust_imm,conformalized,profile,P-V05,DESCRIPTIVE_LOW_SUPPORT,distribution_free_conformal,17,0.8823529411764706,9.83661215777999,9.267622410945222,10.81402352773426,1.0,30.597504090496265,29.03964059920237,30.597504090496265,1.0,87.9238561919707,84.24282268257724,87.9238561919707,2.6168505088870164,,,,
spatiotemporal_leave_zone_out,B8_student_t_robust_imm,conformalized,profile,P-V06,DESCRIPTIVE_LOW_SUPPORT,distribution_free_conformal,19,0.7368421052631579,10.861365096062661,9.182181152564752,12.399970828747186,1.0,33.53040586762165,24.876648106840122,33.53040586762165,1.0,95.32196131723241,91.57285354817304,95.32196131723241,2.9952398010553374,,,,
spatiotemporal_leave_zone_out,B8_student_t_robust_imm,conformalized,zone,GEO_NE,ELIGIBLE_SUPPORT,distribution_free_conformal,103,0.7378640776699029,10.72276593475168,10.000217307114081,13.248343542970053,0.9902912621359223,32.997932921053504,28.50711734884119,33.26283053698574,1.0,94.78505847709354,97.85298088337811,94.78505847709354,3.062748129914365,,,,
spatiotemporal_leave_zone_out,B8_student_t_robust_imm,conformalized,zone,GEO_NW,DESCRIPTIVE_LOW_SUPPORT,distribution_free_conformal,24,0.5416666666666666,7.793034582833122,7.132884844287379,11.497352366127261,0.9583333333333334,24.09489377165274,23.229575574998165,24.111279757577453,1.0,82.97082772377054,89.38308154434127,82.97082772377054,2.6000334044142126,,,,
spatiotemporal_leave_zone_out,B8_student_t_robust_imm,conformalized,zone,GEO_SE,DESCRIPTIVE_LOW_SUPPORT,distribution_free_conformal,22,0.45454545454545453,7.3527067524690946,4.838834207311564,12.723818493615534,0.9545454545454546,21.704432454691517,15.425917460515635,23.01926266175831,1.0,72.56208436627229,56.534643059980226,72.56208436627229,2.6405757543395567,,,,
spatiotemporal_leave_zone_out,B8_student_t_robust_imm,conformalized,zone,GEO_SW,ELIGIBLE_SUPPORT,distribution_free_conformal,117,0.3162393162393162,5.544670132216742,5.511114529505846,32.058679269678194,0.5555555555555556,11.84110351786576,11.928319872314887,62.212708866287585,0.7264957264957265,21.412001375970046,20.885013444322823,158.24072197553963,6.4719347196797266,,,,
spatiotemporal_leave_zone_out,B8_student_t_robust_imm,conformalized,gap,gap,ELIGIBLE_SUPPORT,distribution_free_conformal,202,0.5841584158415841,8.663233670161791,7.327216197010223,17.297009774664676,0.8564356435643564,24.805931111525933,21.182161513313993,36.807419263564775,0.9356435643564357,68.7333346176477,66.86261250013709,97.32717571185373,3.6647540151421363,,,,
spatiotemporal_leave_zone_out,B8_student_t_robust_imm,conformalized,gap,no_gap,ELIGIBLE_SUPPORT,distribution_free_conformal,64,0.28125,5.499851154975239,4.716600648716508,34.02045857254057,0.59375,12.955829413335094,11.30014192837595,68.04616069008802,0.703125,30.806208012387234,19.134608145207615,190.69690190488762,7.076446512912616,,,,
spatiotemporal_leave_zone_out,B8_student_t_robust_imm,native,overall,all,ELIGIBLE_SUPPORT,native_state_space_scale,266,0.3157894736842105,4.861348924384445,4.673965248307994,20.270717335730595,0.5639097744360902,9.236714602249029,8.880679772418823,36.4144801163734,0.7706766917293233,14.126335952927565,13.581827669008064,90.88306733028779,3.978148733137999,4.686064047272737,6.019369706466358,0.0,VALID
spatiotemporal_leave_zone_out,B8_student_t_robust_imm,native,transition,accelerating,ELIGIBLE_SUPPORT,native_state_space_scale,43,0.3023255813953488,5.892815329902841,5.846197223633737,37.700554764463654,0.4186046511627907,11.196532948509262,11.107957092383174,72.66718486264259,0.5581395348837209,17.123619463153375,16.988154381158665,194.1798678505614,7.661675288877119,8.763106637048981,7.251532849872098,0.0,VALID
spatiotemporal_leave_zone_out,B8_student_t_robust_imm,native,transition,decelerating,DESCRIPTIVE_LOW_SUPPORT,native_state_space_scale,20,0.15,6.469392328306124,6.676908864715589,41.35937379215473,0.55,12.29204723133702,12.686335123828533,81.70800754311952,0.75,18.79906397636669,19.402075271113283,250.90943155661571,8.738237930652826,9.78582164824878,17.66971220950351,0.0,VALID
spatiotemporal_leave_zone_out,B8_student_t_robust_imm,native,transition,stable,ELIGIBLE_SUPPORT,native_state_space_scale,182,0.3131868131868132,4.395632360481772,4.149115500045417,12.168751226852692,0.5824175824175825,8.351838603175633,7.88344887844889,18.265085078708225,0.8186813186813187,12.77303489536868,12.056694627934393,29.460985969329148,2.1375217365840626,2.7329350505328813,3.254736876682325,0.0,VALID
spatiotemporal_leave_zone_out,B8_student_t_robust_imm,native,transition,volatile_or_gap,DESCRIPTIVE_LOW_SUPPORT,native_state_space_scale,21,0.5238095238095238,5.2540389774588245,4.985648628130299,34.71365510962456,0.7142857142857143,9.98283795274466,9.472887916796683,76.340815555924,0.8095238095238095,15.267433146604942,14.487531868150963,259.2892149872471,7.854371948649329,8.40803995330865,16.36095588710942,0.0,VALID
spatiotemporal_leave_zone_out,B8_student_t_robust_imm,native,profile,P-D01,DESCRIPTIVE_LOW_SUPPORT,native_state_space_scale,21,0.19047619047619047,4.769455747808034,4.053191661424982,27.840633926645026,0.3333333333333333,9.062114700219194,7.7011905928021065,50.59012680824234,0.47619047619047616,13.859308445893719,11.777954633886713,116.43104047358048,5.405908189747521,6.390272396809276,5.479958200486787,0.0,VALID
spatiotemporal_leave_zone_out,B8_student_t_robust_imm,native,profile,P-H01,DESCRIPTIVE_LOW_SUPPORT,native_state_space_scale,20,0.45,6.4889997057052,6.426786689285848,23.642662492708194,0.7,12.329301860031823,12.211095188149393,43.04281110819736,0.8,18.856040014212034,18.675258510095624,109.47147422005199,4.653209540369643,5.427917590748632,4.776649039700425,0.0,VALID
spatiotemporal_leave_zone_out,B8_student_t_robust_imm,native,profile,P-H02,DESCRIPTIVE_LOW_SUPPORT,native_state_space_scale,20,0.1,5.618902526748232,5.467825386419033,34.81674619768437,0.45,10.676090078023165,10.389038798666288,64.9129878481044,0.65,16.327670779083128,15.88866373139048,173.90455647355282,7.014078452123904,8.1248129673192,6.914424069832037,0.0,VALID
spatiotemporal_leave_zone_out,B8_student_t_robust_imm,native,profile,P-H03,DESCRIPTIVE_LOW_SUPPORT,native_state_space_scale,19,0.3684210526315789,6.126578726379712,6.099305427156619,12.077512205618067,0.7894736842105263,11.640690693878804,11.58887057458601,16.991525107870874,0.9473684210526315,17.802900116217753,17.72364808280834,25.861971868664895,2.1128049206498067,2.7892094077915712,3.0715151163796706,0.0,VALID
spatiotemporal_leave_zone_out,B8_student_t_robust_imm,native,profile,P-H04,DESCRIPTIVE_LOW_SUPPORT,native_state_space_scale,20,0.3,5.8166868302045796,6.074180187310358,72.429606467716,0.4,11.05188642431448,11.541131835116218,161.2672791403912,0.5,16.902401694369956,17.650637981191103,550.7716864633695,16.447511826732935,17.473057950228643,33.45336687276011,0.0,VALID
spatiotemporal_leave_zone_out,B8_student_t_robust_imm,native,profile,P-H05,DESCRIPTIVE_LOW_SUPPORT,native_state_space_scale,13,0.23076923076923078,4.845798069451364,4.595381518403499,22.54325512910575,0.23076923076923078,9.207167492779607,8.731368234243247,36.491808732571265,0.6153846153846154,14.081147548524406,13.353475377014213,67.37516143290154,4.091124670598843,5.072188272191132,4.469607387242731,0.0,VALID
spatiotemporal_leave_zone_out,B8_student_t_robust_imm,native,profile,P-H06,DESCRIPTIVE_LOW_SUPPORT,native_state_space_scale,17,0.5294117647058824,5.19959086849979,5.255433642510245,6.6151511115835255,1.0,9.879384847256981,9.985487859847828,9.879384847256981,1.0,15.109215275162128,15.271485829793216,15.109215275162128,1.1799028129189824,1.5305626746921182,2.4892449982024445,0.0,VALID
spatiotemporal_leave_zone_out,B8_student_t_robust_imm,native,profile,P-H07,DESCRIPTIVE_LOW_SUPPORT,native_state_space_scale,19,0.42105263157894735,4.152959090194204,3.987430522508035,11.669877806355226,0.47368421052631576,7.890751819629327,7.576242377493408,16.479432177286185,0.8421052631578947,12.06786351265172,11.586862828826533,17.344372801866715,1.938086823881173,2.562443252568543,2.95569949676284,0.0,VALID
spatiotemporal_leave_zone_out,B8_student_t_robust_imm,native,profile,P-V01,DESCRIPTIVE_LOW_SUPPORT,native_state_space_scale,18,0.3333333333333333,3.7865232028988567,3.5930952699186456,12.076425800755471,0.5555555555555556,7.194512203091701,6.826993096598567,18.97623922480397,0.6666666666666666,11.00305690657198,10.440984937153583,32.863041096446246,2.1555092590685163,2.709792313867984,3.3361003128783446,0.0,VALID
spatiotemporal_leave_zone_out,B8_student_t_robust_imm,native,profile,P-V02,DESCRIPTIVE_LOW_SUPPORT,native_state_space_scale,21,0.19047619047619047,4.560711726759427,4.1351802274554785,18.70414583252587,0.3333333333333333,8.665494548622897,7.856971425828249,28.521985987460887,0.7142857142857143,13.252730268650247,12.016200858558232,47.09966278266342,3.2816381224213997,4.150569209630974,4.178673957026523,0.0,VALID
spatiotemporal_leave_zone_out,B8_student_t_robust_imm,native,profile,P-V03,DESCRIPTIVE_LOW_SUPPORT,native_state_space_scale,21,0.38095238095238093,3.746991215308275,3.6023184575816822,9.284659720837098,0.7142857142857143,7.119400193500646,6.844517440868348,14.194312592436255,0.8571428571428571,10.88818300093843,10.467786108908893,23.795159237491255,1.6577990044210607,2.102805731064655,2.8859289272541,0.0,VALID
spatiotemporal_leave_zone_out,B8_student_t_robust_imm,native,profile,P-V04,DESCRIPTIVE_LOW_SUPPORT,native_state_space_scale,21,0.2857142857142857,3.882778812646213,3.485059811142552,10.111946242008486,0.38095238095238093,7.37740086422898,6.621722354843657,12.758139845096608,0.9047619047619048,11.282760976737492,10.127050428596778,16.107752806711368,1.6446766861636863,2.188873569383677,2.9192747150364355,0.0,VALID
spatiotemporal_leave_zone_out,B8_student_t_robust_imm,native,profile,P-V05,DESCRIPTIVE_LOW_SUPPORT,native_state_space_scale,17,0.47058823529411764,4.8388589253863685,3.6201440908239206,7.767566756907219,0.8235294117647058,9.193982902595026,6.878386700085073,12.479664306852689,0.9411764705882353,14.06098345789594,10.519584670927443,17.599292892116136,1.379275579296307,1.7693416273439868,2.6211943330899117,0.0,VALID
spatiotemporal_leave_zone_out,B8_student_t_robust_imm,native,profile,P-V06,DESCRIPTIVE_LOW_SUPPORT,native_state_space_scale,19,0.21052631578947367,4.281615132322369,4.147796626330802,9.648253310316425,0.7368421052631579,8.13520231299589,7.880942977249902,12.758759763987294,0.8947368421052632,12.441718280483794,12.052862182771136,19.7609799715844,1.6654916514518159,2.2105181312838926,2.8407232910882088,0.0,VALID
spatiotemporal_leave_zone_out,B8_student_t_robust_imm,native,zone,GEO_NE,ELIGIBLE_SUPPORT,native_state_space_scale,103,0.34951456310679613,4.464492736597136,4.362864061150454,10.936898785676584,0.6116504854368932,8.482675465839565,8.289577812265051,15.840919729114521,0.8737864077669902,12.97313260939437,12.677815232645344,23.59078229807489,1.8913455086040913,2.4509404426676977,2.9888085471367227,0.0,VALID
spatiotemporal_leave_zone_out,B8_student_t_robust_imm,native,zone,GEO_NW,DESCRIPTIVE_LOW_SUPPORT,native_state_space_scale,24,0.3333333333333333,3.9689313195641382,3.6233137497747165,11.321210962077084,0.5,7.541093314832064,6.8844091509665795,15.257869120047351,0.875,11.533106976343689,10.52879521472745,14.92102385323382,1.8484272582630774,2.4629684215332683,2.9321539953565403,0.0,VALID
spatiotemporal_leave_zone_out,B8_student_t_robust_imm,native,zone,GEO_SE,DESCRIPTIVE_LOW_SUPPORT,native_state_space_scale,22,0.4090909090909091,6.000296846546697,5.988721791553713,11.724365441986913,0.7727272727272727,11.400751182933133,11.378758217371818,16.780371714784863,0.9545454545454546,17.435944300653812,17.402308962387046,24.3960517232218,2.04688913328791,2.692615685300862,3.0423033412359946,0.0,VALID
spatiotemporal_leave_zone_out,B8_student_t_robust_imm,native,zone,GEO_SW,ELIGIBLE_SUPPORT,native_state_space_scale,117,0.26495726495726496,5.179616920711033,4.858696640972255,31.930471227060576,0.49572649572649574,9.841433723386904,9.231675181029985,62.557948224360025,0.6239316239316239,15.05117403986735,14.118628823259282,178.20707369885767,6.61525778203281,7.484593023815021,9.880364890335215,0.0,VALID
spatiotemporal_leave_zone_out,B8_student_t_robust_imm,native,gap,gap,ELIGIBLE_SUPPORT,native_state_space_scale,202,0.31683168316831684,4.544268542013475,4.220572477019566,16.09884352607822,0.5742574257425742,8.634251984673497,8.019219363743423,27.340958644167877,0.7871287128712872,13.204948890380471,12.2643376666503,61.172288567263195,3.050451214370402,3.6877226495967466,4.789620702258148,0.0,VALID
spatiotemporal_leave_zone_out,B8_student_t_robust_imm,native,gap,no_gap,ELIGIBLE_SUPPORT,native_state_space_scale,64,0.3125,5.862133881242819,5.935340106584677,33.4381940474459,0.53125,11.138237238971799,11.277331350731389,65.05278226302204,0.71875,17.03446386909183,17.247189955844753,184.65771280108413,6.90619402674823,7.83707908368758,9.900765000998524,0.0,VALID
spatiotemporal_leave_zone_out,M1_ridge,conformalized,overall,all,ELIGIBLE_SUPPORT,distribution_free_conformal,266,0.39097744360902253,9.456299555473054,7.183953575080551,35.368210474078026,0.7255639097744361,24.208025107810055,18.803451672392157,66.34052536591129,0.8984962406015038,56.71952120876298,57.490993823873495,177.29682096072952,7.11151296541035,,,,
spatiotemporal_leave_zone_out,M1_ridge,conformalized,transition,accelerating,ELIGIBLE_SUPPORT,distribution_free_conformal,43,0.18604651162790697,5.064354619780675,5.012977869779803,81.50148643833626,0.3488372093023256,11.815002572335402,11.495197481039156,180.30147064484245,0.5348837209302325,26.21398371411652,23.68773489959156,572.6289489497744,18.11214471219299,,,,
spatiotemporal_leave_zone_out,M1_ridge,conformalized,transition,decelerating,DESCRIPTIVE_LOW_SUPPORT,distribution_free_conformal,20,0.35,7.653710265121317,4.892223595191481,41.16309131508313,0.75,17.19931095883585,12.737973400614386,89.81412731899403,0.9,41.02627563805818,26.434781687212173,294.94919202648686,9.252436546821766,,,,
spatiotemporal_leave_zone_out,M1_ridge,conformalized,transition,stable,ELIGIBLE_SUPPORT,distribution_free_conformal,182,0.45054945054945056,10.944433997814887,9.07440637131695,23.755296331551616,0.8076923076923077,28.429121660236678,29.54642463849001,36.48407374585728,0.989010989010989,66.4849276631599,68.02704875050469,69.42032208142203,4.248750509483624,,,,
spatiotemporal_leave_zone_out,M1_ridge,conformalized,transition,volatile_or_gap,DESCRIPTIVE_LOW_SUPPORT,distribution_free_conformal,21,0.3333333333333333,7.268916200025101,6.770661915349205,36.031157648201884,0.7619047619047619,19.676343177488544,15.95704962547697,69.3920257846796,0.8571428571428571,49.49566639846095,32.129691375417224,190.6870053031051,7.358042976780941,,,,
spatiotemporal_leave_zone_out,M1_ridge,conformalized,profile,P-D01,DESCRIPTIVE_LOW_SUPPORT,distribution_free_conformal,21,0.14285714285714285,4.749988700201785,5.012977869779803,59.36251163098068,0.38095238095238093,10.918471747043288,10.963938127794037,126.04936875555971,0.7142857142857143,22.467142918335128,22.592988093948893,382.88579564944797,12.844251025338846,,,,
spatiotemporal_leave_zone_out,M1_ridge,conformalized,profile,P-H01,DESCRIPTIVE_LOW_SUPPORT,distribution_free_conformal,20,0.3,5.297964070819161,5.715956072164669,40.63152494017499,0.65,12.130406229740299,11.464035207981887,83.18640083769873,0.75,24.864129782018686,23.6235199381464,242.7210457773719,8.613195728028948,,,,
spatiotemporal_leave_zone_out,M1_ridge,conformalized,profile,P-H02,DESCRIPTIVE_LOW_SUPPORT,distribution_free_conformal,20,0.15,4.346026747773882,4.471528162551401,71.17439032440558,0.25,10.011080471687453,10.023060826942046,154.78408242980137,0.55,20.563444446943723,20.94441858897531,483.89348220250565,15.625126094271318,,,,
spatiotemporal_leave_zone_out,M1_ridge,conformalized,profile,P-H03,DESCRIPTIVE_LOW_SUPPORT,distribution_free_conformal,19,0.42105263157894735,10.26876291077385,5.511865891615258,20.205812406376737,0.7368421052631579,24.018781461266105,15.128124992588639,30.0841695716106,1.0,69.82328607184056,50.326000261353784,69.82328607184056,3.7267844124409164,,,,
spatiotemporal_leave_zone_out,M1_ridge,conformalized,profile,P-H04,DESCRIPTIVE_LOW_SUPPORT,distribution_free_conformal,20,0.1,5.441027826277671,5.945498688253753,80.22679095833381,0.45,12.551695499884639,13.352999704667177,176.0704911113541,0.7,25.857047184992467,27.516040297716287,567.4636658680733,17.838363556123305,,,,
spatiotemporal_leave_zone_out,M1_ridge,conformalized,profile,P-H05,DESCRIPTIVE_LOW_SUPPORT,distribution_free_conformal,13,0.6923076923076923,13.722003623386994,10.5852141653708,19.763944317131475,1.0,38.2186399267018,34.06616086496241,38.2186399267018,1.0,82.5215483090842,93.96892345938595,82.5215483090842,3.901095122295354,,,,
spatiotemporal_leave_zone_out,M1_ridge,conformalized,profile,P-H06,DESCRIPTIVE_LOW_SUPPORT,distribution_free_conformal,17,0.5294117647058824,15.797593467109497,12.336957476337378,22.361304568861048,1.0,43.171687097761506,37.0781930524864,43.171687097761506,1.0,99.15727709631078,112.45363382920037,99.15727709631078,4.55453038264774,,,,
spatiotemporal_leave_zone_out,M1_ridge,conformalized,profile,P-H07,DESCRIPTIVE_LOW_SUPPORT,distribution_free_conformal,19,0.3157894736842105,13.555249870736155,10.410793635040093,35.88068328334643,0.7894736842105263,36.55016683885625,30.29346478187233,48.31759194033743,1.0,84.36670580913608,95.53491746244535,84.36670580913608,6.216895945358891,,,,
spatiotemporal_leave_zone_out,M1_ridge,conformalized,profile,P-V01,DESCRIPTIVE_LOW_SUPPORT,distribution_free_conformal,18,0.5,5.060515670559207,5.04628785366223,10.985526335745913,0.8333333333333334,11.650900541132598,11.25050783959333,17.378689048094735,1.0,23.94672914555951,22.99748848579909,23.94672914555951,1.931182771805611,,,,
spatiotemporal_leave_zone_out,M1_ridge,conformalized,profile,P-V02,DESCRIPTIVE_LOW_SUPPORT,distribution_free_conformal,21,0.6190476190476191,8.998732178422806,7.466298248299356,14.035402614296558,0.9047619047619048,21.35979331255736,20.761907368444504,25.381965744602976,1.0,61.58921756943647,66.14600966860709,61.58921756943647,2.7027295407473564,,,,
spatiotemporal_leave_zone_out,M1_ridge,conformalized,profile,P-V03,DESCRIPTIVE_LOW_SUPPORT,distribution_free_conformal,21,0.42857142857142855,7.807376865864086,6.242256181656899,15.414064362232912,0.8095238095238095,18.192716437396193,15.750270577644429,24.26070418944256,0.9523809523809523,47.35904045030873,32.912127898205185,49.687544164109006,2.7739636944168997,,,,
spatiotemporal_leave_zone_out,M1_ridge,conformalized,profile,P-V04,DESCRIPTIVE_LOW_SUPPORT,distribution_free_conformal,21,0.19047619047619047,13.044870237276003,12.400044841398195,51.323813245967585,0.6666666666666666,35.59140139255086,34.96392970805971,60.80711400848947,1.0,83.75436440535495,79.70289180685099,83.75436440535495,8.228469705486924,,,,
spatiotemporal_leave_zone_out,M1_ridge,conformalized,profile,P-V05,DESCRIPTIVE_LOW_SUPPORT,distribution_free_conformal,17,0.5882352941176471,13.20878256448801,12.241800803971387,19.5629928588759,0.9411764705882353,36.66054184791078,41.97279013830742,36.72094443354795,1.0,81.74563377922571,81.63366368089349,81.74563377922571,3.9075925387377652,,,,
spatiotemporal_leave_zone_out,M1_ridge,conformalized,profile,P-V06,DESCRIPTIVE_LOW_SUPPORT,distribution_free_conformal,19,0.6842105263157895,14.306053509548166,9.618688991996464,20.60057937794903,0.9473684210526315,38.08655554760323,29.75939544656377,39.04269086438041,1.0,86.01866093573013,89.04481323828264,86.01866093573013,3.9120792105684656,,,,
spatiotemporal_leave_zone_out,M1_ridge,conformalized,zone,GEO_NE,ELIGIBLE_SUPPORT,distribution_free_conformal,103,0.47572815533980584,14.013565007624885,11.9510253406448,29.974677584687647,0.8737864077669902,38.27921596726768,34.96392970805971,45.77731748996138,1.0,86.50670769691193,87.61531634314728,86.50670769691193,5.364007222094625,,,,
spatiotemporal_leave_zone_out,M1_ridge,conformalized,zone,GEO_NW,DESCRIPTIVE_LOW_SUPPORT,distribution_free_conformal,24,0.7083333333333334,10.71629052413453,7.555815386477754,13.19302897919498,1.0,25.386570254245413,20.915322183492673,25.386570254245413,1.0,76.35448956474853,79.47611420720898,76.35448956474853,2.6875756881860347,,,,
spatiotemporal_leave_zone_out,M1_ridge,conformalized,zone,GEO_SE,DESCRIPTIVE_LOW_SUPPORT,distribution_free_conformal,22,0.45454545454545453,10.295944471305743,5.5629164432673335,18.959411164659127,0.7727272727272727,24.232044038424316,16.799929760645988,29.47033377008547,1.0,70.94294437046221,56.9640205504181,70.94294437046221,3.5515853632667866,,,,
spatiotemporal_leave_zone_out,M1_ridge,conformalized,zone,GEO_SW,ELIGIBLE_SUPPORT,distribution_free_conformal,117,0.23931623931623933,5.028006282243704,5.012977869779803,47.750533792809804,0.5299145299145299,11.5742972572793,11.156160087626624,99.77684629762915,0.7692307692307693,23.794437803802477,22.66753301908372,297.9274440775042,10.226777866795492,,,,
spatiotemporal_leave_zone_out,M1_ridge,conformalized,gap,gap,ELIGIBLE_SUPPORT,distribution_free_conformal,202,0.4504950495049505,10.66320662946021,8.669966537460159,29.211689009901622,0.806930693069307,27.64537512197024,29.119179612506784,50.8960343936493,0.9554455445544554,64.50854518485275,66.20096118156893,121.93066760846163,5.6215572202946635,,,,
spatiotemporal_leave_zone_out,M1_ridge,conformalized,gap,no_gap,ELIGIBLE_SUPPORT,distribution_free_conformal,64,0.203125,5.6469991032010824,4.480768846896929,54.79973134538483,0.46875,13.358889125616987,11.277963474711422,115.08719999711317,0.71875,32.13541428422965,22.865053604212118,352.04624247882504,11.814185785931738,,,,
spatiotemporal_leave_zone_out,M2_extra_trees,conformalized,overall,all,ELIGIBLE_SUPPORT,distribution_free_conformal,266,0.44360902255639095,8.886054824139396,7.450435764791564,35.876138501172676,0.7481203007518797,22.75235772494593,18.731457980066697,74.59283681006407,0.8646616541353384,63.59250361935798,70.49531721050991,226.65849104490982,7.7266735950539935,,,,
spatiotemporal_leave_zone_out,M2_extra_trees,conformalized,transition,accelerating,ELIGIBLE_SUPPORT,distribution_free_conformal,43,0.18604651162790697,5.490724226448148,5.576951649905823,99.5531990056503,0.32558139534883723,11.439477606107172,11.013465039256317,225.54064714601353,0.4418604651162791,25.931392406789698,22.131238746958445,731.3141155541563,22.475764222995526,,,,
spatiotemporal_leave_zone_out,M2_extra_trees,conformalized,transition,decelerating,DESCRIPTIVE_LOW_SUPPORT,distribution_free_conformal,20,0.45,6.800613502065249,4.981027837854343,52.22337417345572,0.65,15.997853059169291,11.68706941517727,118.49791526290691,0.8,42.52228849542133,24.67076281652587,389.50361228593454,11.852201090510501,,,,
spatiotemporal_leave_zone_out,M2_extra_trees,conformalized,transition,stable,ELIGIBLE_SUPPORT,distribution_free_conformal,182,0.5164835164835165,10.079005768965247,9.263416752588789,19.03408030651691,0.8626373626373627,26.668131306096047,26.27220257025232,34.695907281503494,0.978021978021978,76.03988651243534,86.88563799418887,92.55331845259083,3.8260143518411787,,,,
spatiotemporal_leave_zone_out,M2_extra_trees,conformalized,transition,volatile_or_gap,DESCRIPTIVE_LOW_SUPPORT,distribution_free_conformal,21,0.3333333333333333,7.485624832896635,6.729764887217726,35.88548499113227,0.7142857142857143,18.412983756197388,14.908426432942036,69.46825398603286,0.8095238095238095,52.89766543264793,32.56197971809158,200.47025928700336,7.402794326202395,,,,
spatiotemporal_leave_zone_out,M2_extra_trees,conformalized,profile,P-D01,DESCRIPTIVE_LOW_SUPPORT,distribution_free_conformal,21,0.19047619047619047,5.1610296814774745,5.576951649905823,94.71638857198484,0.38095238095238093,10.567387098215093,10.504469319661737,215.46438961643747,0.6666666666666666,21.52012208086504,20.100478886021907,739.3809115794771,21.7384411725746,,,,
spatiotemporal_leave_zone_out,M2_extra_trees,conformalized,profile,P-H01,DESCRIPTIVE_LOW_SUPPORT,distribution_free_conformal,20,0.3,5.658626976094612,5.877387412760122,60.56003213115245,0.55,11.702129001664524,10.983608692253476,130.83234051314173,0.7,23.913006761722727,21.017320141792464,417.47099289233694,13.325043917381512,,,,
spatiotemporal_leave_zone_out,M2_extra_trees,conformalized,profile,P-H02,DESCRIPTIVE_LOW_SUPPORT,distribution_free_conformal,20,0.0,4.693706663439673,4.709210344184967,81.12419562599979,0.1,9.6776451612372,9.881333671840611,177.39938149543826,0.35,19.76974341131308,20.426179640780852,531.1746133796632,17.722168621918655,,,,
spatiotemporal_leave_zone_out,M2_extra_trees,conformalized,profile,P-H03,DESCRIPTIVE_LOW_SUPPORT,distribution_free_conformal,19,0.47368421052631576,8.145698417220654,5.28353796295842,19.831383481876518,0.8947368421052632,22.09241513926883,16.59093650416017,38.203046670213006,0.9473684210526315,77.45289616338502,63.44139822524461,80.00683695384852,3.88289735992531,,,,
spatiotemporal_leave_zone_out,M2_extra_trees,conformalized,profile,P-H04,DESCRIPTIVE_LOW_SUPPORT,distribution_free_conformal,20,0.2,5.947952079123949,6.643149124074935,75.70868291758829,0.5,12.161866000552418,12.793411827776383,168.4173057717768,0.55,24.766266653564116,24.480408909669976,532.4009705899564,16.875184471004577,,,,
spatiotemporal_leave_zone_out,M2_extra_trees,conformalized,profile,P-H05,DESCRIPTIVE_LOW_SUPPORT,distribution_free_conformal,13,0.6153846153846154,12.471799097282638,11.467140049139843,19.46182886820097,1.0,34.890601510003854,30.42155655379227,34.890601510003854,1.0,97.6046940632304,103.14041723167404,97.6046940632304,3.936375233663353,,,,
spatiotemporal_leave_zone_out,M2_extra_trees,conformalized,profile,P-H06,DESCRIPTIVE_LOW_SUPPORT,distribution_free_conformal,17,0.7647058823529411,14.589140700213632,13.364832959568934,16.65262777042817,1.0,40.232352791255856,35.456009080660955,40.232352791255856,1.0,114.88453547121438,120.20908803542233,114.88453547121438,3.941936508996962,,,,
spatiotemporal_leave_zone_out,M2_extra_trees,conformalized,profile,P-H07,DESCRIPTIVE_LOW_SUPPORT,distribution_free_conformal,19,0.3157894736842105,12.484008861503433,11.278187363110064,25.540081651712047,0.8947368421052632,34.247898679822015,29.920277699656594,35.8912542822106,1.0,97.52166721792403,101.44089504997541,97.52166721792403,4.739526019980858,,,,
spatiotemporal_leave_zone_out,M2_extra_trees,conformalized,profile,P-V01,DESCRIPTIVE_LOW_SUPPORT,distribution_free_conformal,18,0.5555555555555556,5.4775998217153745,5.721634612684101,10.77548927288046,0.7777777777777778,11.267773307758986,10.76041255949508,16.058236822897744,1.0,22.994930192021688,22.860761805250412,22.994930192021688,1.899110096071781,,,,
spatiotemporal_leave_zone_out,M2_extra_trees,conformalized,profile,P-V02,DESCRIPTIVE_LOW_SUPPORT,distribution_free_conformal,21,0.42857142857142855,8.157558052106467,6.23563970747076,17.815294070451586,0.7619047619047619,20.854333603991005,19.22641926096516,28.102425464635157,1.0,70.5163472263537,71.85726414099466,70.5163472263537,3.3397642223512776,,,,
spatiotemporal_leave_zone_out,M2_extra_trees,conformalized,profile,P-V03,DESCRIPTIVE_LOW_SUPPORT,distribution_free_conformal,21,0.6190476190476191,7.335779085166342,6.047169870955745,11.924994263924445,0.8095238095238095,17.532757335905494,15.527560062404703,19.857452742636703,1.0,51.9179253024727,32.0977655194001,51.9179253024727,2.258121497668646,,,,
spatiotemporal_leave_zone_out,M2_extra_trees,conformalized,profile,P-V04,DESCRIPTIVE_LOW_SUPPORT,distribution_free_conformal,21,0.42857142857142855,12.148494787191277,13.433176560291743,21.531777302982313,1.0,33.38138716803252,35.63732008807599,33.38138716803252,1.0,96.31102832244471,97.6384348983444,96.31102832244471,4.192439641279115,,,,
spatiotemporal_leave_zone_out,M2_extra_trees,conformalized,profile,P-V05,DESCRIPTIVE_LOW_SUPPORT,distribution_free_conformal,17,0.8235294117647058,11.811334970169572,11.473692119153181,13.98570649915982,1.0,33.1832262638102,35.26137010986197,33.1832262638102,1.0,96.48301181080484,98.17521290741387,96.48301181080484,3.0310867983171454,,,,
spatiotemporal_leave_zone_out,M2_extra_trees,conformalized,profile,P-V06,DESCRIPTIVE_LOW_SUPPORT,distribution_free_conformal,19,0.6842105263157895,13.016950809227327,10.420087117479639,15.76657826848819,1.0,35.64803350362889,27.643795068468464,35.64803350362889,1.0,100.0272089644622,93.72277030556177,100.0272089644622,3.527307297760452,,,,
spatiotemporal_leave_zone_out,M2_extra_trees,conformalized,zone,GEO_NE,ELIGIBLE_SUPPORT,distribution_free_conformal,103,0.5922330097087378,12.86347943938162,11.473692119153181,19.20456406506972,0.9805825242718447,35.539846760177475,34.61475400044607,35.84299002663751,1.0,100.73074262340958,98.17521290741387,100.73074262340958,3.955435144525358,,,,
spatiotemporal_leave_zone_out,M2_extra_trees,conformalized,zone,GEO_NW,DESCRIPTIVE_LOW_SUPPORT,distribution_free_conformal,24,0.6666666666666666,9.211732179466313,9.458333868442644,13.84329802481939,0.9166666666666666,24.65975768363529,24.621165571726134,25.22358349611306,1.0,88.90448607619017,89.0493162529321,88.90448607619017,2.8902658847080875,,,,
spatiotemporal_leave_zone_out,M2_extra_trees,conformalized,zone,GEO_SE,DESCRIPTIVE_LOW_SUPPORT,distribution_free_conformal,22,0.5,8.200363027589798,5.487728296734652,18.617068507705177,0.9090909090909091,22.26482622401141,16.64264869532068,36.17855345528138,0.9545454545454546,78.83673207936951,67.38266279636423,81.04240821658799,3.6904804417444876,,,,
spatiotemporal_leave_zone_out,M2_extra_trees,conformalized,zone,GEO_SW,ELIGIBLE_SUPPORT,distribution_free_conformal,117,0.2564102564102564,5.446689248295776,5.5777530083989575,58.317675921748474,0.47863247863247865,11.19540664275078,10.68863578029763,126.05617469068785,0.7008547008547008,22.83951881165252,22.128731840668053,393.15599556531043,12.797678679033142,,,,
spatiotemporal_leave_zone_out,M2_extra_trees,conformalized,gap,gap,ELIGIBLE_SUPPORT,distribution_free_conformal,202,0.5099009900990099,9.91539822663496,8.30034704220528,26.484517284762067,0.8465346534653465,25.900903874887316,25.290853341273454,52.49934023431607,0.9405940594059405,73.15018094260601,81.56449885755231,156.6279300935065,5.58961421912605,,,,
spatiotemporal_leave_zone_out,M2_extra_trees,conformalized,gap,no_gap,ELIGIBLE_SUPPORT,distribution_free_conformal,64,0.234375,5.637189710012789,4.798635325621671,65.51844296546868,0.4375,12.81475893919346,10.786597705927493,144.32543537726872,0.625,33.4260845678564,21.202888135506456,447.6924490477766,14.471767250326572,,,,
spatiotemporal_leave_zone_out,Z01_elastic_net,conformalized,overall,all,ELIGIBLE_SUPPORT,distribution_free_conformal,266,0.35714285714285715,8.983813442304669,7.046982101975653,36.55014556734962,0.7030075187969925,21.902787417245563,18.975781478471195,67.03565397678318,0.868421052631579,52.867973162270026,48.58077500567229,180.327129426383,7.313399367674933,,,,
spatiotemporal_leave_zone_out,Z01_elastic_net,conformalized,transition,accelerating,ELIGIBLE_SUPPORT,distribution_free_conformal,43,0.2558139534883721,5.215762486742065,5.252396403496917,82.03058220557448,0.4186046511627907,12.18215913208446,12.443705603295513,181.50273948807308,0.4883720930232558,24.696968876742872,23.36675583839954,587.5959913673736,18.312823739418064,,,,
spatiotemporal_leave_zone_out,Z01_elastic_net,conformalized,transition,decelerating,DESCRIPTIVE_LOW_SUPPORT,distribution_free_conformal,20,0.25,7.120155072947154,5.115722129479744,41.22479621992164,0.75,16.2122383847768,13.452515336754873,86.62598597827716,0.9,37.47489233294239,25.887558780071544,288.8314274456694,9.156446415510022,,,,
spatiotemporal_leave_zone_out,Z01_elastic_net,conformalized,transition,stable,ELIGIBLE_SUPPORT,distribution_free_conformal,182,0.3901098901098901,10.28803345267654,8.55094901496147,25.088486446871965,0.7582417582417582,25.285435731280714,23.937503920705037,37.363533591539124,0.9560439560439561,62.157229067720365,64.21301233852945,70.06324886612866,4.461991965368902,,,,
spatiotemporal_leave_zone_out,Z01_elastic_net,conformalized,transition,volatile_or_gap,DESCRIPTIVE_LOW_SUPPORT,distribution_free_conformal,21,0.38095238095238093,7.171018994145697,6.818950885030532,38.305868016484055,0.7619047619047619,17.91021616757437,15.71097262481051,71.15158698150078,0.8571428571428571,44.704650594282356,29.502020781534867,198.67852171771477,7.7476830952007045,,,,
spatiotemporal_leave_zone_out,Z01_elastic_net,conformalized,profile,P-D01,DESCRIPTIVE_LOW_SUPPORT,distribution_free_conformal,21,0.19047619047619047,4.932217175167391,5.202933918117367,60.025916656345565,0.47619047619047616,11.146950531795918,11.775608632869933,130.09270606460777,0.5714285714285714,21.26994387231738,22.112205201957693,417.6602822996776,13.269970899389307,,,,
spatiotemporal_leave_zone_out,Z01_elastic_net,conformalized,profile,P-H01,DESCRIPTIVE_LOW_SUPPORT,distribution_free_conformal,20,0.45,5.497769837136856,5.48322098512046,39.77534507174691,0.65,12.238538536742613,12.409972024338401,81.5697996732247,0.75,23.265559066061762,23.303411017477586,238.72453154175315,8.412588384710496,,,,
spatiotemporal_leave_zone_out,Z01_elastic_net,conformalized,profile,P-H02,DESCRIPTIVE_LOW_SUPPORT,distribution_free_conformal,20,0.35,4.5219486090168814,4.3363541452627175,71.20073743400005,0.35,10.150417535707883,10.240237934412125,158.5894929445443,0.45,19.344899879217962,19.581623123557108,507.5674062771316,15.885729683574752,,,,
spatiotemporal_leave_zone_out,Z01_elastic_net,conformalized,profile,P-H03,DESCRIPTIVE_LOW_SUPPORT,distribution_free_conformal,19,0.10526315789473684,9.096467279291796,5.22884296561385,20.916731068284854,0.7894736842105263,21.921655073005535,14.879303032164884,26.957029254882784,1.0,62.01280777958181,48.9548834386051,62.01280777958181,3.721451285530387,,,,
spatiotemporal_leave_zone_out,Z01_elastic_net,conformalized,profile,P-H04,DESCRIPTIVE_LOW_SUPPORT,distribution_free_conformal,20,0.2,5.658955103024948,6.067428021618898,80.38109260779954,0.45,12.84649105880742,14.22990470403943,175.44253633023365,0.7,24.546535191114913,27.143186041286924,573.6120359498489,17.88572415569705,,,,
spatiotemporal_leave_zone_out,Z01_elastic_net,conformalized,profile,P-H05,DESCRIPTIVE_LOW_SUPPORT,distribution_free_conformal,13,0.6153846153846154,12.861283401835651,9.759305817411345,19.53643734080672,1.0,32.374929841438146,27.23551149800552,32.374929841438146,1.0,78.28533357583039,91.16057198993931,78.28533357583039,3.7327219340585875,,,,
spatiotemporal_leave_zone_out,Z01_elastic_net,conformalized,profile,P-H06,DESCRIPTIVE_LOW_SUPPORT,distribution_free_conformal,17,0.4117647058823529,14.748295271117724,11.374369850905914,24.948504314349663,1.0,36.826099013020695,30.02083909571259,36.826099013020695,1.0,94.20868300617995,106.24670248408502,94.20868300617995,4.740578195617661,,,,
spatiotemporal_leave_zone_out,Z01_elastic_net,conformalized,profile,P-H07,DESCRIPTIVE_LOW_SUPPORT,distribution_free_conformal,19,0.05263157894736842,12.636645302100614,9.598494399735827,42.347950969244195,0.5789473684210527,31.297998284084837,25.14664825890567,54.13295561398098,1.0,80.39523466284264,89.65845072311106,80.39523466284264,7.0941921167602855,,,,
spatiotemporal_leave_zone_out,Z01_elastic_net,conformalized,profile,P-V01,DESCRIPTIVE_LOW_SUPPORT,distribution_free_conformal,18,0.4444444444444444,5.262304895821319,5.337913731762615,15.696340072340478,0.7222222222222222,11.840783257833595,12.08110347171256,24.535975233853843,0.8888888888888888,22.576790838436626,22.685862562289046,42.02621899010948,2.780730160594846,,,,
spatiotemporal_leave_zone_out,Z01_elastic_net,conformalized,profile,P-V02,DESCRIPTIVE_LOW_SUPPORT,distribution_free_conformal,21,0.5238095238095238,8.254706337269486,7.285366563025324,13.384512401837767,0.9047619047619048,21.159210949688408,19.8099377185192,23.907545341806497,1.0,53.834411269742404,46.94986547825636,53.834411269742404,2.6025308378838474,,,,
spatiotemporal_leave_zone_out,Z01_elastic_net,conformalized,profile,P-V03,DESCRIPTIVE_LOW_SUPPORT,distribution_free_conformal,21,0.5714285714285714,7.370353712182438,6.51768720574065,14.619291149231458,0.8095238095238095,18.0924541783621,16.38882661547478,24.967363911520795,0.9523809523809523,42.013006212823036,32.00288758132065,50.01434414965714,2.735762744556257,,,,
spatiotemporal_leave_zone_out,Z01_elastic_net,conformalized,profile,P-V04,DESCRIPTIVE_LOW_SUPPORT,distribution_free_conformal,21,0.14285714285714285,12.166116755481175,11.432534842111988,54.00246413883517,0.5238095238095238,30.395554737534273,29.951565361145214,71.08541113512578,0.9523809523809523,79.50538999253314,80.57298383961871,79.83305967010838,8.781400208379356,,,,
spatiotemporal_leave_zone_out,Z01_elastic_net,conformalized,profile,P-V05,DESCRIPTIVE_LOW_SUPPORT,distribution_free_conformal,17,0.5294117647058824,12.357717237299939,11.799579861848585,19.103945971610127,0.9411764705882353,31.29801616105511,33.760239529189704,31.767510775151155,1.0,76.17788913501649,74.58955121544007,76.17788913501649,3.6317964313627082,,,,
spatiotemporal_leave_zone_out,Z01_elastic_net,conformalized,profile,P-V06,DESCRIPTIVE_LOW_SUPPORT,distribution_free_conformal,19,0.5263157894736842,13.330531949955503,8.868193497922803,22.37320668767552,0.8421052631578947,32.70859861544529,23.792301106996923,36.79005801550487,1.0,82.32879451348109,82.83679258680499,82.32879451348109,4.2154898679917965,,,,
spatiotemporal_leave_zone_out,Z01_elastic_net,conformalized,zone,GEO_NE,ELIGIBLE_SUPPORT,distribution_free_conformal,103,0.3592233009708738,13.0895431080944,11.174560985148325,32.38873613065327,0.7864077669902912,32.64121337639636,29.753291596419174,45.97985716919455,0.9902912621359223,82.26843007099966,81.50695726569613,82.33523651011694,5.661346786453309,,,,
spatiotemporal_leave_zone_out,Z01_elastic_net,conformalized,zone,GEO_NW,DESCRIPTIVE_LOW_SUPPORT,distribution_free_conformal,24,0.625,9.515690575297278,7.603344661271561,12.931482363862719,1.0,24.952035335287352,22.238470519691646,24.952035335287352,1.0,65.93098586566104,71.1500467789362,65.93098586566104,2.6420267400080593,,,,
spatiotemporal_leave_zone_out,Z01_elastic_net,conformalized,zone,GEO_SE,DESCRIPTIVE_LOW_SUPPORT,distribution_free_conformal,22,0.13636363636363635,9.157893395179812,5.8158735649649,19.45441597858832,0.8181818181818182,22.176477504343474,16.428352412506406,26.525209752328372,1.0,62.73844807175314,49.10747062317924,62.73844807175314,3.533544150366842,,,,
spatiotemporal_leave_zone_out,Z01_elastic_net,conformalized,zone,GEO_SW,ELIGIBLE_SUPPORT,distribution_free_conformal,117,0.3418803418803419,5.2275316839164825,5.203681533579413,48.27304419825696,0.5470085470085471,11.772351470735398,11.777300683399005,101.8218393743518,0.7094017094017094,22.449940559798517,22.115382529744096,312.170064517277,10.436742732722882,,,,
spatiotemporal_leave_zone_out,Z01_elastic_net,conformalized,gap,gap,ELIGIBLE_SUPPORT,distribution_free_conformal,202,0.400990099009901,10.054903156050306,8.356773990729211,30.319001266982553,0.7623762376237624,24.67975455088058,23.63255684878858,50.98463628509873,0.9356435643564357,60.17220603731844,59.788235128994145,121.21594431079008,5.780263237716975,,,,
spatiotemporal_leave_zone_out,Z01_elastic_net,conformalized,gap,no_gap,ELIGIBLE_SUPPORT,distribution_free_conformal,64,0.21875,5.603186533294997,4.98936906117023,56.217194765383155,0.515625,13.137984901710025,11.222002024397367,117.69667856616216,0.65625,29.813988150398476,21.467564469151732,366.8968074474733,12.152360277854736,,,,
spatiotemporal_leave_zone_out,Z08_xgboost,conformalized,overall,all,ELIGIBLE_SUPPORT,distribution_free_conformal,266,0.3458646616541353,7.66019664961774,6.477803031447554,36.39194522669307,0.7180451127819549,22.542780506451386,18.327918448432577,73.83792846539559,0.8721804511278195,56.32839530418319,50.52462634161856,219.7268122684974,7.740027527695101,,,,
spatiotemporal_leave_zone_out,Z08_xgboost,conformalized,transition,accelerating,ELIGIBLE_SUPPORT,distribution_free_conformal,43,0.20930232558139536,4.754507055895008,4.443577681572833,97.59630624295727,0.37209302325581395,10.227609143501125,9.970503396100383,222.7891624725032,0.46511627906976744,23.870368911610164,20.501647074593862,739.8997986912028,22.24785287620356,,,,
spatiotemporal_leave_zone_out,Z08_xgboost,conformalized,transition,decelerating,DESCRIPTIVE_LOW_SUPPORT,distribution_free_conformal,20,0.4,6.164338835234451,4.808049035938993,48.050485820579965,0.65,14.535837935688111,10.833100909009874,108.44774681817974,0.85,36.680308143234036,23.783720932314193,364.4264462310006,10.91946008187725,,,,
spatiotemporal_leave_zone_out,Z08_xgboost,conformalized,transition,stable,ELIGIBLE_SUPPORT,distribution_free_conformal,182,0.38461538461538464,8.628929420699604,7.209792620633229,20.99854444351047,0.8076923076923077,26.7669417999352,27.589278911587304,35.993620208807805,0.9725274725274725,67.17925802528889,71.06800089256137,85.09975063013744,4.061306565226368,,,,
spatiotemporal_leave_zone_out,Z08_xgboost,conformalized,transition,volatile_or_gap,DESCRIPTIVE_LOW_SUPPORT,distribution_free_conformal,21,0.23809523809523808,6.63888448203889,5.5503007249881335,33.37483127250903,0.7142857142857143,18.77582167826437,14.409042718969118,63.864817671951165,0.8571428571428571,47.46172210696335,29.424787611859415,183.56938954255023,6.8877453419714145,,,,
spatiotemporal_leave_zone_out,Z08_xgboost,conformalized,profile,P-D01,DESCRIPTIVE_LOW_SUPPORT,distribution_free_conformal,21,0.2857142857142857,4.628070007031179,4.165857291711973,94.11778894527114,0.2857142857142857,9.445309855588473,9.395191730318416,216.0836615831933,0.6666666666666666,20.399457354592048,18.5197089158723,744.4027471567556,21.700844360915493,,,,
spatiotemporal_leave_zone_out,Z08_xgboost,conformalized,profile,P-H01,DESCRIPTIVE_LOW_SUPPORT,distribution_free_conformal,20,0.3,5.159662976445043,4.41993882221859,54.5790887916321,0.65,10.566325023414063,9.823733728400889,119.25078280173527,0.75,22.41818837206773,20.077625521318776,387.76820624360624,12.162968084654274,,,,
spatiotemporal_leave_zone_out,Z08_xgboost,conformalized,profile,P-H02,DESCRIPTIVE_LOW_SUPPORT,distribution_free_conformal,20,0.1,4.2617076080467555,4.405399005098285,76.21507407384027,0.3,8.689323656040695,8.460586863978975,170.39876028788836,0.5,18.660997817266946,20.42642712304604,554.9336698633904,17.130159027650244,,,,
spatiotemporal_leave_zone_out,Z08_xgboost,conformalized,profile,P-H03,DESCRIPTIVE_LOW_SUPPORT,distribution_free_conformal,19,0.3157894736842105,6.8486171631996235,4.9258388582126855,21.513521464450772,0.7368421052631579,20.08791448966041,15.114137351873566,33.9534266707645,0.9473684210526315,62.123970990512674,49.54935339119558,65.26506072539252,3.806770203664323,,,,
spatiotemporal_leave_zone_out,Z08_xgboost,conformalized,profile,P-H04,DESCRIPTIVE_LOW_SUPPORT,distribution_free_conformal,20,0.2,5.323902445882543,5.079250301559481,73.08108511686606,0.45,10.83751514600043,11.404207311085703,163.1797561492861,0.6,23.563385041702414,22.55518635746998,522.3534835459227,16.36299331532232,,,,
spatiotemporal_leave_zone_out,Z08_xgboost,conformalized,profile,P-H05,DESCRIPTIVE_LOW_SUPPORT,distribution_free_conformal,13,0.5384615384615384,10.59905405082501,10.06510192900511,21.41500451450686,1.0,36.00543683669093,34.09311251226842,36.00543683669093,1.0,89.70339166529743,91.5385477622927,89.70339166529743,4.177008165373531,,,,
spatiotemporal_leave_zone_out,Z08_xgboost,conformalized,profile,P-H06,DESCRIPTIVE_LOW_SUPPORT,distribution_free_conformal,17,0.17647058823529413,12.423120740855566,11.730772051770543,30.061780043935446,1.0,41.72440156780692,39.73516952314848,41.72440156780692,1.0,105.25261664459931,106.68722933198428,105.25261664459931,5.588772807572734,,,,
spatiotemporal_leave_zone_out,Z08_xgboost,conformalized,profile,P-H07,DESCRIPTIVE_LOW_SUPPORT,distribution_free_conformal,19,0.3684210526315789,10.616101531734373,9.899251678942832,18.87989071149179,1.0,35.39622114285776,33.53133467082729,35.39622114285776,1.0,89.44459855364323,90.03019830455247,89.44459855364323,3.85427345815823,,,,
spatiotemporal_leave_zone_out,Z08_xgboost,conformalized,profile,P-V01,DESCRIPTIVE_LOW_SUPPORT,distribution_free_conformal,18,0.4444444444444444,4.953081034040465,5.084050081999884,13.837069188282893,0.6111111111111112,10.100867567526052,10.116144543171425,20.225640814439913,0.8888888888888888,21.73876291893791,20.63300649856651,29.750182829354724,2.3446392721496747,,,,
spatiotemporal_leave_zone_out,Z08_xgboost,conformalized,profile,P-V02,DESCRIPTIVE_LOW_SUPPORT,distribution_free_conformal,21,0.6190476190476191,6.837166048848313,5.715605840637792,16.734292812880867,0.6666666666666666,20.394372568527817,18.947913064321707,30.031391882157077,0.9523809523809523,52.336421940419186,50.825827515827676,54.61107883919436,3.0718156332843796,,,,
spatiotemporal_leave_zone_out,Z08_xgboost,conformalized,profile,P-V03,DESCRIPTIVE_LOW_SUPPORT,distribution_free_conformal,21,0.2857142857142857,6.399297666321187,5.160955701842923,15.746618287266017,0.6666666666666666,16.887410619772158,13.294993880027018,25.429397836613266,1.0,41.0272161137471,32.16167913317227,41.0272161137471,2.85254210071433,,,,
spatiotemporal_leave_zone_out,Z08_xgboost,conformalized,profile,P-V04,DESCRIPTIVE_LOW_SUPPORT,distribution_free_conformal,21,0.19047619047619047,10.36088157712418,11.790759573028906,26.185507116544127,0.9047619047619048,34.75530186790102,37.875869643333985,35.84727689195144,1.0,88.06833916742764,93.20044631702504,88.06833916742764,4.7388296476119605,,,,
spatiotemporal_leave_zone_out,Z08_xgboost,conformalized,profile,P-V05,DESCRIPTIVE_LOW_SUPPORT,distribution_free_conformal,17,0.5294117647058824,10.021352737507968,9.966202660137213,17.14914480684743,1.0,33.862005328611545,37.81257755553689,33.862005328611545,1.0,86.84974593142186,91.63953104368204,86.84974593142186,3.5636369410464437,,,,
spatiotemporal_leave_zone_out,Z08_xgboost,conformalized,profile,P-V06,DESCRIPTIVE_LOW_SUPPORT,distribution_free_conformal,19,0.5789473684210527,11.0339084892437,9.146067676605444,15.619013808867509,1.0,36.54380293210399,30.980104974868595,36.54380293210399,1.0,92.05562057215833,83.18025577460429,92.05562057215833,3.6013073090318897,,,,
spatiotemporal_leave_zone_out,Z08_xgboost,conformalized,zone,GEO_NE,ELIGIBLE_SUPPORT,distribution_free_conformal,103,0.3786407766990291,10.940237735220217,10.021481330751158,21.93743178782474,0.9805825242718447,36.744193203481295,37.12026521461965,36.96682888799643,1.0,92.41979643189181,91.63953104368204,92.41979643189181,4.316922489830145,,,,
spatiotemporal_leave_zone_out,Z08_xgboost,conformalized,zone,GEO_NW,DESCRIPTIVE_LOW_SUPPORT,distribution_free_conformal,24,0.7083333333333334,7.657285132448237,6.0206210798370545,12.773764757190891,0.9166666666666666,24.641209778286168,21.5330053087893,26.68830910517424,1.0,64.39862818622002,68.40956863794554,64.39862818622002,2.62335454544667,,,,
spatiotemporal_leave_zone_out,Z08_xgboost,conformalized,zone,GEO_SE,DESCRIPTIVE_LOW_SUPPORT,distribution_free_conformal,22,0.36363636363636365,6.888713394736692,4.9411921760074975,19.79804773476219,0.7727272727272727,20.30817582323931,15.222632368109231,32.28293634328375,0.9545454545454546,63.22454353101465,53.59686977945336,65.93730284750178,3.579506657725571,,,,
spatiotemporal_leave_zone_out,Z08_xgboost,conformalized,zone,GEO_SW,ELIGIBLE_SUPPORT,distribution_free_conformal,117,0.23931623931623933,4.918301574424545,4.796320461729465,57.08183377621417,0.4358974358974359,10.03041719630224,9.914169254777448,123.78257759192454,0.717948717948718,21.603479352788625,20.405402581576457,392.58038710958226,12.585424361997514,,,,
spatiotemporal_leave_zone_out,Z08_xgboost,conformalized,gap,gap,ELIGIBLE_SUPPORT,distribution_free_conformal,202,0.3811881188118812,8.506366923438152,7.164989513459579,28.16184236651801,0.7920792079207921,26.05210712753664,27.15489713520921,53.45068988462023,0.9405940594059405,64.89957724421342,66.72636873126748,150.6437231000028,5.797141680677341,,,,
spatiotemporal_leave_zone_out,Z08_xgboost,conformalized,gap,no_gap,ELIGIBLE_SUPPORT,distribution_free_conformal,64,0.234375,4.989471722872063,4.405399005098285,62.3682073791206,0.484375,11.46646835865105,9.823733728400889,138.1851502359678,0.65625,29.275602305962746,20.426766127774833,437.7703124565583,13.872260982344901,,,,
spatiotemporal_leave_zone_out,Z09_lightgbm,conformalized,overall,all,ELIGIBLE_SUPPORT,distribution_free_conformal,266,0.41729323308270677,7.8338521915667885,6.597464903584452,33.25791934100849,0.7443609022556391,21.544539511621064,20.76182036887863,69.43090332730435,0.8759398496240601,58.27873948629343,58.48622849628725,206.30615876458396,7.151696088398409,,,,
spatiotemporal_leave_zone_out,Z09_lightgbm,conformalized,transition,accelerating,ELIGIBLE_SUPPORT,distribution_free_conformal,43,0.23255813953488372,4.631428126495688,4.298772736261526,87.41017863343016,0.4186046511627907,10.336214337873837,9.660947966982604,199.58691092858342,0.5116279069767442,24.112592007112166,21.25053251503732,644.4452694762338,19.797320775175713,,,,
spatiotemporal_leave_zone_out,Z09_lightgbm,conformalized,transition,decelerating,DESCRIPTIVE_LOW_SUPPORT,distribution_free_conformal,20,0.4,6.150054180933533,4.611869145872191,46.55772322755365,0.75,14.275479745508951,10.738317217234929,107.12859525113625,0.85,39.36443162742727,27.26894664004058,361.89654034553325,10.731116244763559,,,,
spatiotemporal_leave_zone_out,Z09_lightgbm,conformalized,transition,stable,ELIGIBLE_SUPPORT,distribution_free_conformal,182,0.4725274725274725,8.943336250534175,7.812868091111305,18.846007491514293,0.8296703296703297,25.4704929387856,26.40048469800478,34.539661862323015,0.967032967032967,69.52901013951512,71.80721142663583,86.6327072378509,3.7607438344551865,,,,
spatiotemporal_leave_zone_out,Z09_lightgbm,conformalized,transition,volatile_or_gap,DESCRIPTIVE_LOW_SUPPORT,distribution_free_conformal,21,0.3333333333333333,6.379285347693365,5.362116579994698,34.61147787924216,0.6666666666666666,17.392903990165184,12.795281622132393,69.40917862706472,0.8571428571428571,48.749274719425365,38.49333022474785,198.15276760484517,7.237555400728855,,,,
spatiotemporal_leave_zone_out,Z09_lightgbm,conformalized,profile,P-D01,DESCRIPTIVE_LOW_SUPPORT,distribution_free_conformal,21,0.38095238095238093,4.511439739003814,4.050727677204236,82.39153778480592,0.5238095238095238,9.075072244981877,9.142256005444153,192.7446571993474,0.6666666666666666,21.77868872056967,20.64994911813185,671.1122026812943,19.239962126838645,,,,
spatiotemporal_leave_zone_out,Z09_lightgbm,conformalized,profile,P-H01,DESCRIPTIVE_LOW_SUPPORT,distribution_free_conformal,20,0.2,5.059711502791774,4.235493138336356,50.81395235478406,0.6,10.027285774938708,9.634758151710983,111.24732492004964,0.8,24.566655145610635,20.787200949646614,349.39811793345154,11.272311275234175,,,,
spatiotemporal_leave_zone_out,Z09_lightgbm,conformalized,profile,P-H02,DESCRIPTIVE_LOW_SUPPORT,distribution_free_conformal,20,0.2,4.165662455004709,4.195114599793513,69.8083924377612,0.3,8.298068599130803,8.475026803596872,157.03371147312225,0.5,20.23764590649113,21.19018393151485,495.08411830566286,15.622803691853557,,,,
spatiotemporal_leave_zone_out,Z09_lightgbm,conformalized,profile,P-H03,DESCRIPTIVE_LOW_SUPPORT,distribution_free_conformal,19,0.42105263157894735,7.2573922154128505,4.679403308213097,17.346179625044755,0.8947368421052632,22.559069030290054,20.71679739811417,32.19679358608283,0.9473684210526315,62.420152492683584,48.06643999736394,78.52383776187463,3.4416361148973835,,,,
spatiotemporal_leave_zone_out,Z09_lightgbm,conformalized,profile,P-H04,DESCRIPTIVE_LOW_SUPPORT,distribution_free_conformal,20,0.25,5.1806731570617774,5.024824178006977,68.9116378393321,0.5,10.447600258356541,11.222307016709195,155.52688636805698,0.65,25.024968517218106,21.48901197754888,478.32730131665795,15.367656245642161,,,,
spatiotemporal_leave_zone_out,Z09_lightgbm,conformalized,profile,P-H05,DESCRIPTIVE_LOW_SUPPORT,distribution_free_conformal,13,0.3076923076923077,11.57675855798539,9.389919542188622,22.740962642585238,1.0,33.126035318826645,30.432927979654764,33.126035318826645,1.0,89.50660050813454,93.93868838523804,89.50660050813454,4.330727479147162,,,,
spatiotemporal_leave_zone_out,Z09_lightgbm,conformalized,profile,P-H06,DESCRIPTIVE_LOW_SUPPORT,distribution_free_conformal,17,0.5294117647058824,13.012565081927127,10.220149282823169,18.777780449103922,1.0,38.49255087664044,35.46926235972732,38.49255087664044,1.0,106.26823569102412,109.4845683692403,106.26823569102412,4.142993095287127,,,,
spatiotemporal_leave_zone_out,Z09_lightgbm,conformalized,profile,P-H07,DESCRIPTIVE_LOW_SUPPORT,distribution_free_conformal,19,0.5263157894736842,11.090981547759796,8.350022125577127,19.049515223046324,0.9473684210526315,32.796449282063996,29.931461749987662,32.90492639195063,1.0,90.7831263546182,92.39079000635348,90.7831263546182,3.672225997540553,,,,
spatiotemporal_leave_zone_out,Z09_lightgbm,conformalized,profile,P-V01,DESCRIPTIVE_LOW_SUPPORT,distribution_free_conformal,18,0.5,4.836818162309566,5.118366364287759,14.833555159569723,0.6111111111111112,9.666510202416438,9.379433726962958,22.37362324032116,0.8888888888888888,23.451187313552364,26.609299580007388,41.83119406083333,2.612626909347881,,,,
spatiotemporal_leave_zone_out,Z09_lightgbm,conformalized,profile,P-V02,DESCRIPTIVE_LOW_SUPPORT,distribution_free_conformal,21,0.38095238095238093,6.364210991251585,5.442780887945862,17.58931299466089,0.7142857142857143,20.919930166053053,20.79466320091042,33.565234031795065,1.0,60.13970465570097,62.65915023591948,60.13970465570097,3.3974486342143018,,,,
spatiotemporal_leave_zone_out,Z09_lightgbm,conformalized,profile,P-V03,DESCRIPTIVE_LOW_SUPPORT,distribution_free_conformal,21,0.38095238095238093,5.984256393249951,4.963879941211566,15.644370606817033,0.6666666666666666,16.766273105308528,13.317684848388225,28.302574266449614,0.9047619047619048,45.944102460643364,33.29832436158493,47.985732629944316,2.9433638257464834,,,,
spatiotemporal_leave_zone_out,Z09_lightgbm,conformalized,profile,P-V04,DESCRIPTIVE_LOW_SUPPORT,distribution_free_conformal,21,0.42857142857142855,10.666823465046653,9.118788976288776,22.113960186565706,0.9047619047619048,32.03088107000791,35.65064114029115,34.35424536104007,1.0,89.12938341345529,99.39741902140484,89.12938341345529,4.124510983884665,,,,
spatiotemporal_leave_zone_out,Z09_lightgbm,conformalized,profile,P-V05,DESCRIPTIVE_LOW_SUPPORT,distribution_free_conformal,17,0.8235294117647058,11.039257766203166,11.639433793168223,13.882479000156483,1.0,31.931061316166453,32.867275693145615,31.931061316166453,1.0,86.15852970029971,84.48569343372051,86.15852970029971,2.9995975462259956,,,,
spatiotemporal_leave_zone_out,Z09_lightgbm,conformalized,profile,P-V06,DESCRIPTIVE_LOW_SUPPORT,distribution_free_conformal,19,0.5789473684210527,11.713774747691096,8.202812461759226,18.632892582307857,0.9473684210526315,34.0611174278219,27.654128180964634,34.56121776190671,1.0,93.73186103731415,85.36124199070697,93.73186103731415,3.861609243989163,,,,
spatiotemporal_leave_zone_out,Z09_lightgbm,conformalized,zone,GEO_NE,ELIGIBLE_SUPPORT,distribution_free_conformal,103,0.5242718446601942,11.59121176756245,9.168436499563924,19.499399390466067,0.9611650485436893,33.938685613079905,32.26456201895809,34.52464310382876,1.0,93.21451055127798,92.96603446707067,93.21451055127798,3.897940524957402,,,,
spatiotemporal_leave_zone_out,Z09_lightgbm,conformalized,zone,GEO_NW,DESCRIPTIVE_LOW_SUPPORT,distribution_free_conformal,24,0.5833333333333334,6.978942126164102,6.9286974899461065,12.284720895106416,0.9583333333333334,25.313680775730976,26.81733367588683,28.874626513228993,1.0,74.25139729495466,73.2420639994175,74.25139729495466,2.7615720412718683,,,,
spatiotemporal_leave_zone_out,Z09_lightgbm,conformalized,zone,GEO_SE,DESCRIPTIVE_LOW_SUPPORT,distribution_free_conformal,22,0.5,7.3030978220674365,4.840798085784726,16.01614149402226,0.9090909090909091,22.8963559003974,20.781369460518036,31.219845289491165,0.9545454545454546,63.51049731667663,49.392353473572726,77.41822550370526,3.2447413862598466,,,,
spatiotemporal_leave_zone_out,Z09_lightgbm,conformalized,zone,GEO_SW,ELIGIBLE_SUPPORT,distribution_free_conformal,117,0.27350427350427353,4.801257331490693,4.663767067038492,52.914358915719724,0.47863247863247865,9.606108748014407,9.143569666554441,115.66456762976318,0.7264957264957265,23.263125132706183,21.283085763360603,357.1889670806604,11.651292700471135,,,,
spatiotemporal_leave_zone_out,Z09_lightgbm,conformalized,gap,gap,ELIGIBLE_SUPPORT,distribution_free_conformal,202,0.45544554455445546,8.745806253984629,7.630810353155329,25.646722628033867,0.7970297029702971,24.5924765515395,24.405838309335486,50.58648752927782,0.9356435643564357,67.26732885553602,67.18476053715327,142.0291621050318,5.344631041022697,,,,
spatiotemporal_leave_zone_out,Z09_lightgbm,conformalized,gap,no_gap,ELIGIBLE_SUPPORT,distribution_free_conformal,64,0.296875,4.9554971820604745,4.215987626879031,57.280758966334616,0.578125,11.924488229378493,9.183631234438632,128.90859068982562,0.6875,29.90850428962151,21.229583907710314,409.1804294712954,12.855245144178001,,,,
