tuning_context,candidate_key,q_base,acceleration_gain,inner_fold_id,train_rows,validation_rows,train_target_date_max,validation_target_date_min,validation_target_date_max,train_sample_ids_sha256,validation_sample_ids_sha256,n,mae,rmse,bias,r2,candidate_aggregate_mae,candidate_aggregate_rmse,selected
calibration::rolling_01,q=25|gain=0,25.0,0.0,rolling_01,503,14,2021-11-02,2022-03-01,2022-03-01,39aa646abc71af790b5651b8d371ac3c5da9fc850975ea1f0e8eec1efe1ac7db,9400eab919178645d0c73e6bb3aa0c337b1fad589dd35096e9a2f2224f92f670,14,5.0035900793387045,7.268976835392935,-0.5717776955161891,0.9349750598500239,5.1840309328583025,8.299469322492502,True
calibration::rolling_01,q=25|gain=0,25.0,0.0,rolling_02,517,89,2022-03-01,2022-05-17,2022-05-17,a011adf1e06a16e2d6f28273ea336ab37be80c12dec3b0e8852a9d4368e43686,9f0b166aa2b85e719b5d3dd47396baf087815cb3ef5bd38d5cb403d89810b02a,89,4.2828020568462275,7.03333500643675,-1.373064070293969,0.8538174638747632,5.1840309328583025,8.299469322492502,True
calibration::rolling_01,q=25|gain=0,25.0,0.0,rolling_03,606,13,2022-05-17,2022-07-19,2022-07-19,86c954c2318fe1b55fc3de1f47a295a62ccefb2a6e9db4874af601f6ac0eeffd,1f4f2c9b9b1a9898627a6b744dae606625335b963d8397027c1dc5a4a578b4ac,13,11.548303387808224,14.80086147169041,4.0373942892530525,0.4956148469219702,5.1840309328583025,8.299469322492502,True
calibration::rolling_01,q=10|gain=0,10.0,0.0,rolling_01,503,14,2021-11-02,2022-03-01,2022-03-01,39aa646abc71af790b5651b8d371ac3c5da9fc850975ea1f0e8eec1efe1ac7db,9400eab919178645d0c73e6bb3aa0c337b1fad589dd35096e9a2f2224f92f670,14,5.310812592028056,8.085363202517739,-1.3906885437742025,0.919548812543244,5.245877583467494,8.616145467897251,False
calibration::rolling_01,q=10|gain=0,10.0,0.0,rolling_02,517,89,2022-03-01,2022-05-17,2022-05-17,a011adf1e06a16e2d6f28273ea336ab37be80c12dec3b0e8852a9d4368e43686,9f0b166aa2b85e719b5d3dd47396baf087815cb3ef5bd38d5cb403d89810b02a,89,4.342405471979373,7.353906702289217,-1.1863115424767843,0.84018809960524,5.245877583467494,8.616145467897251,False
calibration::rolling_01,q=10|gain=0,10.0,0.0,rolling_03,606,13,2022-05-17,2022-07-19,2022-07-19,86c954c2318fe1b55fc3de1f47a295a62ccefb2a6e9db4874af601f6ac0eeffd,1f4f2c9b9b1a9898627a6b744dae606625335b963d8397027c1dc5a4a578b4ac,13,11.36125664520556,14.892603495580758,3.215544494454131,0.4893426815241997,5.245877583467494,8.616145467897251,False
calibration::rolling_01,q=10|gain=0.25,10.0,0.25,rolling_01,503,14,2021-11-02,2022-03-01,2022-03-01,39aa646abc71af790b5651b8d371ac3c5da9fc850975ea1f0e8eec1efe1ac7db,9400eab919178645d0c73e6bb3aa0c337b1fad589dd35096e9a2f2224f92f670,14,4.4664026550282925,6.6148259270682,-0.7397716929602094,0.9461519189355446,5.340842185279992,8.265820726228357,False
calibration::rolling_01,q=10|gain=0.25,10.0,0.25,rolling_02,517,89,2022-03-01,2022-05-17,2022-05-17,a011adf1e06a16e2d6f28273ea336ab37be80c12dec3b0e8852a9d4368e43686,9f0b166aa2b85e719b5d3dd47396baf087815cb3ef5bd38d5cb403d89810b02a,89,4.555229048941137,7.007068529792181,-1.6118665226095297,0.8549072826746285,5.340842185279992,8.265820726228357,False
calibration::rolling_01,q=10|gain=0.25,10.0,0.25,rolling_03,606,13,2022-05-17,2022-07-19,2022-07-19,86c954c2318fe1b55fc3de1f47a295a62ccefb2a6e9db4874af601f6ac0eeffd,1f4f2c9b9b1a9898627a6b744dae606625335b963d8397027c1dc5a4a578b4ac,13,11.660974689717056,15.046505243876469,4.097498821882515,0.47873377244093573,5.340842185279992,8.265820726228357,False
calibration::rolling_01,q=100|gain=0,100.0,0.0,rolling_01,503,14,2021-11-02,2022-03-01,2022-03-01,39aa646abc71af790b5651b8d371ac3c5da9fc850975ea1f0e8eec1efe1ac7db,9400eab919178645d0c73e6bb3aa0c337b1fad589dd35096e9a2f2224f92f670,14,5.439541943304581,7.494748069359571,0.1671596477833942,0.9308730382549641,5.455143144906131,8.445964372624175,False
calibration::rolling_01,q=100|gain=0,100.0,0.0,rolling_02,517,89,2022-03-01,2022-05-17,2022-05-17,a011adf1e06a16e2d6f28273ea336ab37be80c12dec3b0e8852a9d4368e43686,9f0b166aa2b85e719b5d3dd47396baf087815cb3ef5bd38d5cb403d89810b02a,89,4.529709527437221,7.1309893319482995,-1.6605447799251354,0.8497299406625098,5.455143144906131,8.445964372624175,False
calibration::rolling_01,q=100|gain=0,100.0,0.0,rolling_03,606,13,2022-05-17,2022-07-19,2022-07-19,86c954c2318fe1b55fc3de1f47a295a62ccefb2a6e9db4874af601f6ac0eeffd,1f4f2c9b9b1a9898627a6b744dae606625335b963d8397027c1dc5a4a578b4ac,13,11.807605358533404,15.09621240504597,5.350632591948481,0.475284006160656,5.455143144906131,8.445964372624175,False
calibration::rolling_01,q=400|gain=0,400.0,0.0,rolling_01,503,14,2021-11-02,2022-03-01,2022-03-01,39aa646abc71af790b5651b8d371ac3c5da9fc850975ea1f0e8eec1efe1ac7db,9400eab919178645d0c73e6bb3aa0c337b1fad589dd35096e9a2f2224f92f670,14,5.8050359073705,7.968137939443057,0.20040558196736125,0.9218647369025212,5.576427978582607,8.714231864826216,False
calibration::rolling_01,q=400|gain=0,400.0,0.0,rolling_02,517,89,2022-03-01,2022-05-17,2022-05-17,a011adf1e06a16e2d6f28273ea336ab37be80c12dec3b0e8852a9d4368e43686,9f0b166aa2b85e719b5d3dd47396baf087815cb3ef5bd38d5cb403d89810b02a,89,4.569325570195115,7.247673797772452,-1.7076184094353095,0.8447719644843152,5.576427978582607,8.714231864826216,False
calibration::rolling_01,q=400|gain=0,400.0,0.0,rolling_03,606,13,2022-05-17,2022-07-19,2022-07-19,86c954c2318fe1b55fc3de1f47a295a62ccefb2a6e9db4874af601f6ac0eeffd,1f4f2c9b9b1a9898627a6b744dae606625335b963d8397027c1dc5a4a578b4ac,13,12.225012851156164,15.79885819283974,6.308033257193503,0.42530196985437607,5.576427978582607,8.714231864826216,False
calibration::rolling_01,q=25|gain=0.25,25.0,0.25,rolling_01,503,14,2021-11-02,2022-03-01,2022-03-01,39aa646abc71af790b5651b8d371ac3c5da9fc850975ea1f0e8eec1efe1ac7db,9400eab919178645d0c73e6bb3aa0c337b1fad589dd35096e9a2f2224f92f670,14,4.313463272291361,6.044838555693358,0.0791391552978043,0.9550320795476457,5.613456983320774,8.285971941131898,False
calibration::rolling_01,q=25|gain=0.25,25.0,0.25,rolling_02,517,89,2022-03-01,2022-05-17,2022-05-17,a011adf1e06a16e2d6f28273ea336ab37be80c12dec3b0e8852a9d4368e43686,9f0b166aa2b85e719b5d3dd47396baf087815cb3ef5bd38d5cb403d89810b02a,89,4.907283658797465,7.0913434217085065,-1.7986190504267143,0.8513961981470992,5.613456983320774,8.285971941131898,False
calibration::rolling_01,q=25|gain=0.25,25.0,0.25,rolling_03,606,13,2022-05-17,2022-07-19,2022-07-19,86c954c2318fe1b55fc3de1f47a295a62ccefb2a6e9db4874af601f6ac0eeffd,1f4f2c9b9b1a9898627a6b744dae606625335b963d8397027c1dc5a4a578b4ac,13,11.848021432319722,15.13308369378012,4.919348616681435,0.4727177225014392,5.613456983320774,8.285971941131898,False
calibration::rolling_01,q=2|gain=0.25,2.0,0.25,rolling_01,503,14,2021-11-02,2022-03-01,2022-03-01,39aa646abc71af790b5651b8d371ac3c5da9fc850975ea1f0e8eec1efe1ac7db,9400eab919178645d0c73e6bb3aa0c337b1fad589dd35096e9a2f2224f92f670,14,6.12867078694386,9.95132790867984,-2.0001767046152916,0.8781303776171578,5.9107830586884385,9.612370647739889,False
calibration::rolling_01,q=2|gain=0.25,2.0,0.25,rolling_02,517,89,2022-03-01,2022-05-17,2022-05-17,a011adf1e06a16e2d6f28273ea336ab37be80c12dec3b0e8852a9d4368e43686,9f0b166aa2b85e719b5d3dd47396baf087815cb3ef5bd38d5cb403d89810b02a,89,5.069452441510895,8.323876768301455,-1.1445353701336667,0.79524987834117,5.9107830586884385,9.612370647739889,False
calibration::rolling_01,q=2|gain=0.25,2.0,0.25,rolling_03,606,13,2022-05-17,2022-07-19,2022-07-19,86c954c2318fe1b55fc3de1f47a295a62ccefb2a6e9db4874af601f6ac0eeffd,1f4f2c9b9b1a9898627a6b744dae606625335b963d8397027c1dc5a4a578b4ac,13,11.436013576628863,15.60371849672709,3.1625750547550058,0.4394110667427088,5.9107830586884385,9.612370647739889,False
calibration::rolling_01,q=10|gain=0.5,10.0,0.5,rolling_01,503,14,2021-11-02,2022-03-01,2022-03-01,39aa646abc71af790b5651b8d371ac3c5da9fc850975ea1f0e8eec1efe1ac7db,9400eab919178645d0c73e6bb3aa0c337b1fad589dd35096e9a2f2224f92f670,14,3.7827117987510044,5.604382345213161,-0.08885484214621436,0.9613464929287775,5.9274923902065595,8.50151975963745,False
calibration::rolling_01,q=10|gain=0.5,10.0,0.5,rolling_02,517,89,2022-03-01,2022-05-17,2022-05-17,a011adf1e06a16e2d6f28273ea336ab37be80c12dec3b0e8852a9d4368e43686,9f0b166aa2b85e719b5d3dd47396baf087815cb3ef5bd38d5cb403d89810b02a,89,5.383619624005343,7.3991498366909045,-2.0374215027422737,0.8382156424610339,5.9274923902065595,8.50151975963745,False
calibration::rolling_01,q=10|gain=0.5,10.0,0.5,rolling_03,606,13,2022-05-17,2022-07-19,2022-07-19,86c954c2318fe1b55fc3de1f47a295a62ccefb2a6e9db4874af601f6ac0eeffd,1f4f2c9b9b1a9898627a6b744dae606625335b963d8397027c1dc5a4a578b4ac,13,11.960692734228555,15.371676211364822,4.979453149310899,0.4559600870873315,5.9274923902065595,8.50151975963745,False
calibration::rolling_01,q=2|gain=0.5,2.0,0.5,rolling_01,503,14,2021-11-02,2022-03-01,2022-03-01,39aa646abc71af790b5651b8d371ac3c5da9fc850975ea1f0e8eec1efe1ac7db,9400eab919178645d0c73e6bb3aa0c337b1fad589dd35096e9a2f2224f92f670,14,5.4126661894386014,8.268408592313957,-1.3492598538012963,0.9158648931431408,5.933727668695208,9.057863036268758,False
calibration::rolling_01,q=2|gain=0.5,2.0,0.5,rolling_02,517,89,2022-03-01,2022-05-17,2022-05-17,a011adf1e06a16e2d6f28273ea336ab37be80c12dec3b0e8852a9d4368e43686,9f0b166aa2b85e719b5d3dd47396baf087815cb3ef5bd38d5cb403d89810b02a,89,5.141621066614626,7.777649073361432,-1.570090350266411,0.8212403184593973,5.933727668695208,9.057863036268758,False
calibration::rolling_01,q=2|gain=0.5,2.0,0.5,rolling_03,606,13,2022-05-17,2022-07-19,2022-07-19,86c954c2318fe1b55fc3de1f47a295a62ccefb2a6e9db4874af601f6ac0eeffd,1f4f2c9b9b1a9898627a6b744dae606625335b963d8397027c1dc5a4a578b4ac,13,11.917754460600161,15.631087956586086,4.04452938218339,0.4374427574068257,5.933727668695208,9.057863036268758,False
calibration::rolling_01,q=100|gain=0.25,100.0,0.25,rolling_01,503,14,2021-11-02,2022-03-01,2022-03-01,39aa646abc71af790b5651b8d371ac3c5da9fc850975ea1f0e8eec1efe1ac7db,9400eab919178645d0c73e6bb3aa0c337b1fad589dd35096e9a2f2224f92f670,14,4.985029841277548,6.396153952711619,0.8180764985973877,0.9496532769751282,6.0548449779837625,8.639350815100446,False
calibration::rolling_01,q=100|gain=0.25,100.0,0.25,rolling_02,517,89,2022-03-01,2022-05-17,2022-05-17,a011adf1e06a16e2d6f28273ea336ab37be80c12dec3b0e8852a9d4368e43686,9f0b166aa2b85e719b5d3dd47396baf087815cb3ef5bd38d5cb403d89810b02a,89,5.339060622793788,7.417053457678548,-2.086099760057881,0.837431760467849,6.0548449779837625,8.639350815100446,False
calibration::rolling_01,q=100|gain=0.25,100.0,0.25,rolling_03,606,13,2022-05-17,2022-07-19,2022-07-19,86c954c2318fe1b55fc3de1f47a295a62ccefb2a6e9db4874af601f6ac0eeffd,1f4f2c9b9b1a9898627a6b744dae606625335b963d8397027c1dc5a4a578b4ac,13,12.107323403044902,15.662725663800598,6.232586919376865,0.43516319334846565,6.0548449779837625,8.639350815100446,False
calibration::rolling_01,q=400|gain=0.25,400.0,0.25,rolling_01,503,14,2021-11-02,2022-03-01,2022-03-01,39aa646abc71af790b5651b8d371ac3c5da9fc850975ea1f0e8eec1efe1ac7db,9400eab919178645d0c73e6bb3aa0c337b1fad589dd35096e9a2f2224f92f670,14,5.35212166725077,6.792646130567186,0.8513224327813548,0.9432179102519339,6.210357177391143,8.879432625453383,False
calibration::rolling_01,q=400|gain=0.25,400.0,0.25,rolling_02,517,89,2022-03-01,2022-05-17,2022-05-17,a011adf1e06a16e2d6f28273ea336ab37be80c12dec3b0e8852a9d4368e43686,9f0b166aa2b85e719b5d3dd47396baf087815cb3ef5bd38d5cb403d89810b02a,89,5.395797762424463,7.4710005282435,-2.133173389568055,0.8350583181254553,6.210357177391143,8.879432625453383,False
calibration::rolling_01,q=400|gain=0.25,400.0,0.25,rolling_03,606,13,2022-05-17,2022-07-19,2022-07-19,86c954c2318fe1b55fc3de1f47a295a62ccefb2a6e9db4874af601f6ac0eeffd,1f4f2c9b9b1a9898627a6b744dae606625335b963d8397027c1dc5a4a578b4ac,13,12.71120987539111,16.483955889909385,7.189987584621887,0.37437917878334703,6.210357177391143,8.879432625453383,False
calibration::rolling_01,q=25|gain=0.5,25.0,0.5,rolling_01,503,14,2021-11-02,2022-03-01,2022-03-01,39aa646abc71af790b5651b8d371ac3c5da9fc850975ea1f0e8eec1efe1ac7db,9400eab919178645d0c73e6bb3aa0c337b1fad589dd35096e9a2f2224f92f670,14,3.772144736246319,5.4325387796547195,0.7300560061117993,0.9636805668461996,6.265774875997265,8.848711057246463,False
calibration::rolling_01,q=25|gain=0.5,25.0,0.5,rolling_02,517,89,2022-03-01,2022-05-17,2022-05-17,a011adf1e06a16e2d6f28273ea336ab37be80c12dec3b0e8852a9d4368e43686,9f0b166aa2b85e719b5d3dd47396baf087815cb3ef5bd38d5cb403d89810b02a,89,5.798867933813802,7.857216114236502,-2.224174030559458,0.8175641091364523,6.265774875997265,8.848711057246463,False
calibration::rolling_01,q=25|gain=0.5,25.0,0.5,rolling_03,606,13,2022-05-17,2022-07-19,2022-07-19,86c954c2318fe1b55fc3de1f47a295a62ccefb2a6e9db4874af601f6ac0eeffd,1f4f2c9b9b1a9898627a6b744dae606625335b963d8397027c1dc5a4a578b4ac,13,12.147739476831221,15.628127596655883,5.801302944109819,0.4376558218105676,6.265774875997265,8.848711057246463,False
calibration::rolling_01,q=2|gain=0,2.0,0.0,rolling_01,503,14,2021-11-02,2022-03-01,2022-03-01,39aa646abc71af790b5651b8d371ac3c5da9fc850975ea1f0e8eec1efe1ac7db,9400eab919178645d0c73e6bb3aa0c337b1fad589dd35096e9a2f2224f92f670,14,7.048717852223772,11.788198723292151,-2.651093555429285,0.8289873296921074,6.327188415434169,10.612100289124609,False
calibration::rolling_01,q=2|gain=0,2.0,0.0,rolling_02,517,89,2022-03-01,2022-05-17,2022-05-17,a011adf1e06a16e2d6f28273ea336ab37be80c12dec3b0e8852a9d4368e43686,9f0b166aa2b85e719b5d3dd47396baf087815cb3ef5bd38d5cb403d89810b02a,89,5.4740354823648785,9.418671197613113,-0.7189803900009212,0.7378486149399598,6.327188415434169,10.612100289124609,False
calibration::rolling_01,q=2|gain=0,2.0,0.0,rolling_03,606,13,2022-05-17,2022-07-19,2022-07-19,86c954c2318fe1b55fc3de1f47a295a62ccefb2a6e9db4874af601f6ac0eeffd,1f4f2c9b9b1a9898627a6b744dae606625335b963d8397027c1dc5a4a578b4ac,13,11.390972948365905,15.744985851352647,2.2806207273266224,0.42921459980825116,6.327188415434169,10.612100289124609,False
calibration::rolling_01,q=100|gain=0.5,100.0,0.5,rolling_01,503,14,2021-11-02,2022-03-01,2022-03-01,39aa646abc71af790b5651b8d371ac3c5da9fc850975ea1f0e8eec1efe1ac7db,9400eab919178645d0c73e6bb3aa0c337b1fad589dd35096e9a2f2224f92f670,14,4.6109712765484865,5.909372018035879,1.4689933494113823,0.9570249832962248,6.778965268637014,9.370627898934865,False
calibration::rolling_01,q=100|gain=0.5,100.0,0.5,rolling_02,517,89,2022-03-01,2022-05-17,2022-05-17,a011adf1e06a16e2d6f28273ea336ab37be80c12dec3b0e8852a9d4368e43686,9f0b166aa2b85e719b5d3dd47396baf087815cb3ef5bd38d5cb403d89810b02a,89,6.276061109290652,8.354860768746033,-2.511654740190625,0.7937227569902052,6.778965268637014,9.370627898934865,False
calibration::rolling_01,q=100|gain=0.5,100.0,0.5,rolling_03,606,13,2022-05-17,2022-07-19,2022-07-19,86c954c2318fe1b55fc3de1f47a295a62ccefb2a6e9db4874af601f6ac0eeffd,1f4f2c9b9b1a9898627a6b744dae606625335b963d8397027c1dc5a4a578b4ac,13,12.556687274103588,16.371614146940768,7.114541246805249,0.382877604265935,6.778965268637014,9.370627898934865,False
calibration::rolling_01,q=0.5|gain=0.5,0.5,0.5,rolling_01,503,14,2021-11-02,2022-03-01,2022-03-01,39aa646abc71af790b5651b8d371ac3c5da9fc850975ea1f0e8eec1efe1ac7db,9400eab919178645d0c73e6bb3aa0c337b1fad589dd35096e9a2f2224f92f670,14,7.582750226089991,12.63527323834903,-1.9321609251497018,0.8035270946201201,6.9404435528345525,10.7659523927406,False
calibration::rolling_01,q=0.5|gain=0.5,0.5,0.5,rolling_02,517,89,2022-03-01,2022-05-17,2022-05-17,a011adf1e06a16e2d6f28273ea336ab37be80c12dec3b0e8852a9d4368e43686,9f0b166aa2b85e719b5d3dd47396baf087815cb3ef5bd38d5cb403d89810b02a,89,6.077583272256605,9.286987792790873,-0.7210640896486582,0.7451277025141103,6.9404435528345525,10.7659523927406,False
calibration::rolling_01,q=0.5|gain=0.5,0.5,0.5,rolling_03,606,13,2022-05-17,2022-07-19,2022-07-19,86c954c2318fe1b55fc3de1f47a295a62ccefb2a6e9db4874af601f6ac0eeffd,1f4f2c9b9b1a9898627a6b744dae606625335b963d8397027c1dc5a4a578b4ac,13,12.15600290251619,16.487473819387183,4.584028085014076,0.3741121160957922,6.9404435528345525,10.7659523927406,False
calibration::rolling_01,q=400|gain=0.5,400.0,0.5,rolling_01,503,14,2021-11-02,2022-03-01,2022-03-01,39aa646abc71af790b5651b8d371ac3c5da9fc850975ea1f0e8eec1efe1ac7db,9400eab919178645d0c73e6bb3aa0c337b1fad589dd35096e9a2f2224f92f670,14,4.978063102521708,6.169215200117792,1.502239283595349,0.953162551202279,6.94605332906876,9.571678374097152,False
calibration::rolling_01,q=400|gain=0.5,400.0,0.5,rolling_02,517,89,2022-03-01,2022-05-17,2022-05-17,a011adf1e06a16e2d6f28273ea336ab37be80c12dec3b0e8852a9d4368e43686,9f0b166aa2b85e719b5d3dd47396baf087815cb3ef5bd38d5cb403d89810b02a,89,6.339722739398195,8.3505847481767,-2.5587283697007988,0.7939338484836125,6.94605332906876,9.571678374097152,False
calibration::rolling_01,q=400|gain=0.5,400.0,0.5,rolling_03,606,13,2022-05-17,2022-07-19,2022-07-19,86c954c2318fe1b55fc3de1f47a295a62ccefb2a6e9db4874af601f6ac0eeffd,1f4f2c9b9b1a9898627a6b744dae606625335b963d8397027c1dc5a4a578b4ac,13,13.216459917710223,17.295118145855973,8.07194191205027,0.3112916114419777,6.94605332906876,9.571678374097152,False
calibration::rolling_01,q=0.5|gain=0.25,0.5,0.25,rolling_01,503,14,2021-11-02,2022-03-01,2022-03-01,39aa646abc71af790b5651b8d371ac3c5da9fc850975ea1f0e8eec1efe1ac7db,9400eab919178645d0c73e6bb3aa0c337b1fad589dd35096e9a2f2224f92f670,14,8.26524935320743,14.528429704198661,-2.5830777759636963,0.7402409159590598,7.241997227214888,11.759326747947352,False
calibration::rolling_01,q=0.5|gain=0.25,0.5,0.25,rolling_02,517,89,2022-03-01,2022-05-17,2022-05-17,a011adf1e06a16e2d6f28273ea336ab37be80c12dec3b0e8852a9d4368e43686,9f0b166aa2b85e719b5d3dd47396baf087815cb3ef5bd38d5cb403d89810b02a,89,6.410700468304888,10.330615067042341,-0.2955091095159142,0.6846264670434877,7.241997227214888,11.759326747947352,False
calibration::rolling_01,q=0.5|gain=0.25,0.5,0.25,rolling_03,606,13,2022-05-17,2022-07-19,2022-07-19,86c954c2318fe1b55fc3de1f47a295a62ccefb2a6e9db4874af601f6ac0eeffd,1f4f2c9b9b1a9898627a6b744dae606625335b963d8397027c1dc5a4a578b4ac,13,11.83121890252986,16.61187700254123,3.7020737575856923,0.3646314407360811,7.241997227214888,11.759326747947352,False
calibration::rolling_01,q=0.5|gain=0,0.5,0.0,rolling_01,503,14,2021-11-02,2022-03-01,2022-03-01,39aa646abc71af790b5651b8d371ac3c5da9fc850975ea1f0e8eec1efe1ac7db,9400eab919178645d0c73e6bb3aa0c337b1fad589dd35096e9a2f2224f92f670,14,9.041619176492455,16.48547133172365,-3.2339946267776885,0.665546204898932,7.734963312139405,13.058484467900659,False
calibration::rolling_01,q=0.5|gain=0,0.5,0.0,rolling_02,517,89,2022-03-01,2022-05-17,2022-05-17,a011adf1e06a16e2d6f28273ea336ab37be80c12dec3b0e8852a9d4368e43686,9f0b166aa2b85e719b5d3dd47396baf087815cb3ef5bd38d5cb403d89810b02a,89,6.909685643955318,11.739864411173034,0.1300458706168311,0.5927144082898823,7.734963312139405,13.058484467900659,False
calibration::rolling_01,q=0.5|gain=0,0.5,0.0,rolling_03,606,13,2022-05-17,2022-07-19,2022-07-19,86c954c2318fe1b55fc3de1f47a295a62ccefb2a6e9db4874af601f6ac0eeffd,1f4f2c9b9b1a9898627a6b744dae606625335b963d8397027c1dc5a4a578b4ac,13,11.977773340404081,16.892470229831932,2.820119430157308,0.3429859891060293,7.734963312139405,13.058484467900659,False
calibration::rolling_02,q=10|gain=0,10.0,0.0,rolling_01,517,89,2022-03-01,2022-05-17,2022-05-17,a011adf1e06a16e2d6f28273ea336ab37be80c12dec3b0e8852a9d4368e43686,9f0b166aa2b85e719b5d3dd47396baf087815cb3ef5bd38d5cb403d89810b02a,89,4.342405471979373,7.353906702289217,-1.1863115424767843,0.84018809960524,5.989133628521391,11.5008816998669,True
calibration::rolling_02,q=10|gain=0,10.0,0.0,rolling_02,606,13,2022-05-17,2022-07-19,2022-07-19,86c954c2318fe1b55fc3de1f47a295a62ccefb2a6e9db4874af601f6ac0eeffd,1f4f2c9b9b1a9898627a6b744dae606625335b963d8397027c1dc5a4a578b4ac,13,11.36125664520556,14.892603495580758,3.215544494454131,0.4893426815241997,5.989133628521391,11.5008816998669,True
calibration::rolling_02,q=10|gain=0,10.0,0.0,rolling_03,619,90,2022-07-19,2022-10-18,2022-10-18,d50af3f34275fcdfbd05eac237c948a1c8d7ac77d3c16b48e7bc8f1c89d8b1a0,7819b4047c7d5d1243174c76640cf00c14059f4e509ab69102327145b42080a5,90,6.8415914809141185,14.023596556251064,-1.522289334802474,0.72486471096104,5.989133628521391,11.5008816998669,True
calibration::rolling_02,q=25|gain=0,25.0,0.0,rolling_01,517,89,2022-03-01,2022-05-17,2022-05-17,a011adf1e06a16e2d6f28273ea336ab37be80c12dec3b0e8852a9d4368e43686,9f0b166aa2b85e719b5d3dd47396baf087815cb3ef5bd38d5cb403d89810b02a,89,4.2828020568462275,7.03333500643675,-1.373064070293969,0.8538174638747632,6.0197988669048375,11.436292365809246,False
calibration::rolling_02,q=25|gain=0,25.0,0.0,rolling_02,606,13,2022-05-17,2022-07-19,2022-07-19,86c954c2318fe1b55fc3de1f47a295a62ccefb2a6e9db4874af601f6ac0eeffd,1f4f2c9b9b1a9898627a6b744dae606625335b963d8397027c1dc5a4a578b4ac,13,11.548303387808224,14.80086147169041,4.0373942892530525,0.4956148469219702,6.0197988669048375,11.436292365809246,False
calibration::rolling_02,q=25|gain=0,25.0,0.0,rolling_03,619,90,2022-07-19,2022-10-18,2022-10-18,d50af3f34275fcdfbd05eac237c948a1c8d7ac77d3c16b48e7bc8f1c89d8b1a0,7819b4047c7d5d1243174c76640cf00c14059f4e509ab69102327145b42080a5,90,6.938933948276751,14.08740987542999,-1.476074178704952,0.7223550491175371,6.0197988669048375,11.436292365809246,False
calibration::rolling_02,q=10|gain=0.25,10.0,0.25,rolling_01,517,89,2022-03-01,2022-05-17,2022-05-17,a011adf1e06a16e2d6f28273ea336ab37be80c12dec3b0e8852a9d4368e43686,9f0b166aa2b85e719b5d3dd47396baf087815cb3ef5bd38d5cb403d89810b02a,89,4.555229048941137,7.007068529792181,-1.6118665226095297,0.8549072826746285,6.275386959806661,11.630191014863605,False
calibration::rolling_02,q=10|gain=0.25,10.0,0.25,rolling_02,606,13,2022-05-17,2022-07-19,2022-07-19,86c954c2318fe1b55fc3de1f47a295a62ccefb2a6e9db4874af601f6ac0eeffd,1f4f2c9b9b1a9898627a6b744dae606625335b963d8397027c1dc5a4a578b4ac,13,11.660974689717056,15.046505243876469,4.097498821882515,0.47873377244093573,6.275386959806661,11.630191014863605,False
calibration::rolling_02,q=10|gain=0.25,10.0,0.25,rolling_03,619,90,2022-07-19,2022-10-18,2022-10-18,d50af3f34275fcdfbd05eac237c948a1c8d7ac77d3c16b48e7bc8f1c89d8b1a0,7819b4047c7d5d1243174c76640cf00c14059f4e509ab69102327145b42080a5,90,7.198513777342178,14.397994022500319,-1.5154999319708293,0.7099776571324751,6.275386959806661,11.630191014863605,False
calibration::rolling_02,q=100|gain=0,100.0,0.0,rolling_01,517,89,2022-03-01,2022-05-17,2022-05-17,a011adf1e06a16e2d6f28273ea336ab37be80c12dec3b0e8852a9d4368e43686,9f0b166aa2b85e719b5d3dd47396baf087815cb3ef5bd38d5cb403d89810b02a,89,4.529709527437221,7.1309893319482995,-1.6605447799251354,0.8497299406625098,6.331237891269818,11.82274538776923,False
calibration::rolling_02,q=100|gain=0,100.0,0.0,rolling_02,606,13,2022-05-17,2022-07-19,2022-07-19,86c954c2318fe1b55fc3de1f47a295a62ccefb2a6e9db4874af601f6ac0eeffd,1f4f2c9b9b1a9898627a6b744dae606625335b963d8397027c1dc5a4a578b4ac,13,11.807605358533404,15.09621240504597,5.350632591948481,0.475284006160656,6.331237891269818,11.82274538776923,False
calibration::rolling_02,q=100|gain=0,100.0,0.0,rolling_03,619,90,2022-07-19,2022-10-18,2022-10-18,d50af3f34275fcdfbd05eac237c948a1c8d7ac77d3c16b48e7bc8f1c89d8b1a0,7819b4047c7d5d1243174c76640cf00c14059f4e509ab69102327145b42080a5,90,7.321718416899532,14.662446464122803,-1.5853004379326439,0.6992259542920167,6.331237891269818,11.82274538776923,False
calibration::rolling_02,q=25|gain=0.25,25.0,0.25,rolling_01,517,89,2022-03-01,2022-05-17,2022-05-17,a011adf1e06a16e2d6f28273ea336ab37be80c12dec3b0e8852a9d4368e43686,9f0b166aa2b85e719b5d3dd47396baf087815cb3ef5bd38d5cb403d89810b02a,89,4.907283658797465,7.0913434217085065,-1.7986190504267143,0.8513961981470992,6.52639875769726,11.783074248874941,False
calibration::rolling_02,q=25|gain=0.25,25.0,0.25,rolling_02,606,13,2022-05-17,2022-07-19,2022-07-19,86c954c2318fe1b55fc3de1f47a295a62ccefb2a6e9db4874af601f6ac0eeffd,1f4f2c9b9b1a9898627a6b744dae606625335b963d8397027c1dc5a4a578b4ac,13,11.848021432319722,15.13308369378012,4.919348616681435,0.4727177225014392,6.52639875769726,11.783074248874941,False
calibration::rolling_02,q=25|gain=0.25,25.0,0.25,rolling_03,619,90,2022-07-19,2022-10-18,2022-10-18,d50af3f34275fcdfbd05eac237c948a1c8d7ac77d3c16b48e7bc8f1c89d8b1a0,7819b4047c7d5d1243174c76640cf00c14059f4e509ab69102327145b42080a5,90,7.358844858052702,14.607742113191359,-1.4692847758733074,0.7014660927845273,6.52639875769726,11.783074248874941,False
calibration::rolling_02,q=400|gain=0,400.0,0.0,rolling_01,517,89,2022-03-01,2022-05-17,2022-05-17,a011adf1e06a16e2d6f28273ea336ab37be80c12dec3b0e8852a9d4368e43686,9f0b166aa2b85e719b5d3dd47396baf087815cb3ef5bd38d5cb403d89810b02a,89,4.569325570195115,7.247673797772452,-1.7076184094353095,0.8447719644843152,6.561244236227019,12.35616079374637,False
calibration::rolling_02,q=400|gain=0,400.0,0.0,rolling_02,606,13,2022-05-17,2022-07-19,2022-07-19,86c954c2318fe1b55fc3de1f47a295a62ccefb2a6e9db4874af601f6ac0eeffd,1f4f2c9b9b1a9898627a6b744dae606625335b963d8397027c1dc5a4a578b4ac,13,12.225012851156164,15.79885819283974,6.308033257193503,0.42530196985437607,6.561244236227019,12.35616079374637,False
calibration::rolling_02,q=400|gain=0,400.0,0.0,rolling_03,619,90,2022-07-19,2022-10-18,2022-10-18,d50af3f34275fcdfbd05eac237c948a1c8d7ac77d3c16b48e7bc8f1c89d8b1a0,7819b4047c7d5d1243174c76640cf00c14059f4e509ab69102327145b42080a5,90,7.712930561591025,15.417750324258312,-1.786588086268192,0.667440395109244,6.561244236227019,12.35616079374637,False
calibration::rolling_02,q=2|gain=0.25,2.0,0.25,rolling_01,517,89,2022-03-01,2022-05-17,2022-05-17,a011adf1e06a16e2d6f28273ea336ab37be80c12dec3b0e8852a9d4368e43686,9f0b166aa2b85e719b5d3dd47396baf087815cb3ef5bd38d5cb403d89810b02a,89,5.069452441510895,8.323876768301455,-1.1445353701336667,0.79524987834117,6.6364646052265375,12.340452717282433,False
calibration::rolling_02,q=2|gain=0.25,2.0,0.25,rolling_02,606,13,2022-05-17,2022-07-19,2022-07-19,86c954c2318fe1b55fc3de1f47a295a62ccefb2a6e9db4874af601f6ac0eeffd,1f4f2c9b9b1a9898627a6b744dae606625335b963d8397027c1dc5a4a578b4ac,13,11.436013576628863,15.60371849672709,3.1625750547550058,0.4394110667427088,6.6364646052265375,12.340452717282433,False
calibration::rolling_02,q=2|gain=0.25,2.0,0.25,rolling_03,619,90,2022-07-19,2022-10-18,2022-10-18,d50af3f34275fcdfbd05eac237c948a1c8d7ac77d3c16b48e7bc8f1c89d8b1a0,7819b4047c7d5d1243174c76640cf00c14059f4e509ab69102327145b42080a5,90,7.492797337920561,14.872545843838184,-1.7408038308981284,0.6905445674054416,6.6364646052265375,12.340452717282433,False
calibration::rolling_02,q=2|gain=0,2.0,0.0,rolling_01,517,89,2022-03-01,2022-05-17,2022-05-17,a011adf1e06a16e2d6f28273ea336ab37be80c12dec3b0e8852a9d4368e43686,9f0b166aa2b85e719b5d3dd47396baf087815cb3ef5bd38d5cb403d89810b02a,89,5.4740354823648785,9.418671197613113,-0.7189803900009212,0.7378486149399598,6.71153057617698,12.663143773613806,False
calibration::rolling_02,q=2|gain=0,2.0,0.0,rolling_02,606,13,2022-05-17,2022-07-19,2022-07-19,86c954c2318fe1b55fc3de1f47a295a62ccefb2a6e9db4874af601f6ac0eeffd,1f4f2c9b9b1a9898627a6b744dae606625335b963d8397027c1dc5a4a578b4ac,13,11.390972948365905,15.744985851352647,2.2806207273266224,0.42921459980825116,6.71153057617698,12.663143773613806,False
calibration::rolling_02,q=2|gain=0,2.0,0.0,rolling_03,619,90,2022-07-19,2022-10-18,2022-10-18,d50af3f34275fcdfbd05eac237c948a1c8d7ac77d3c16b48e7bc8f1c89d8b1a0,7819b4047c7d5d1243174c76640cf00c14059f4e509ab69102327145b42080a5,90,7.259356270741657,14.783673110324484,-1.747593233729773,0.6942318956189988,6.71153057617698,12.663143773613806,False
calibration::rolling_02,q=2|gain=0.5,2.0,0.5,rolling_01,517,89,2022-03-01,2022-05-17,2022-05-17,a011adf1e06a16e2d6f28273ea336ab37be80c12dec3b0e8852a9d4368e43686,9f0b166aa2b85e719b5d3dd47396baf087815cb3ef5bd38d5cb403d89810b02a,89,5.141621066614626,7.777649073361432,-1.570090350266411,0.8212403184593973,6.913446378720092,12.38603964347281,False
calibration::rolling_02,q=2|gain=0.5,2.0,0.5,rolling_02,606,13,2022-05-17,2022-07-19,2022-07-19,86c954c2318fe1b55fc3de1f47a295a62ccefb2a6e9db4874af601f6ac0eeffd,1f4f2c9b9b1a9898627a6b744dae606625335b963d8397027c1dc5a4a578b4ac,13,11.917754460600161,15.631087956586086,4.04452938218339,0.4374427574068257,6.913446378720092,12.38603964347281,False
calibration::rolling_02,q=2|gain=0.5,2.0,0.5,rolling_03,619,90,2022-07-19,2022-10-18,2022-10-18,d50af3f34275fcdfbd05eac237c948a1c8d7ac77d3c16b48e7bc8f1c89d8b1a0,7819b4047c7d5d1243174c76640cf00c14059f4e509ab69102327145b42080a5,90,7.942740242197268,15.237165641836864,-1.7340144280664824,0.6751851649942904,6.913446378720092,12.38603964347281,False
calibration::rolling_02,q=10|gain=0.5,10.0,0.5,rolling_01,517,89,2022-03-01,2022-05-17,2022-05-17,a011adf1e06a16e2d6f28273ea336ab37be80c12dec3b0e8852a9d4368e43686,9f0b166aa2b85e719b5d3dd47396baf087815cb3ef5bd38d5cb403d89810b02a,89,5.383619624005343,7.3991498366909045,-2.0374215027422737,0.8382156424610339,6.927678092435123,12.142818781321834,False
calibration::rolling_02,q=10|gain=0.5,10.0,0.5,rolling_02,606,13,2022-05-17,2022-07-19,2022-07-19,86c954c2318fe1b55fc3de1f47a295a62ccefb2a6e9db4874af601f6ac0eeffd,1f4f2c9b9b1a9898627a6b744dae606625335b963d8397027c1dc5a4a578b4ac,13,11.960692734228555,15.371676211364822,4.979453149310899,0.4559600870873315,6.927678092435123,12.142818781321834,False
calibration::rolling_02,q=10|gain=0.5,10.0,0.5,rolling_03,619,90,2022-07-19,2022-10-18,2022-10-18,d50af3f34275fcdfbd05eac237c948a1c8d7ac77d3c16b48e7bc8f1c89d8b1a0,7819b4047c7d5d1243174c76640cf00c14059f4e509ab69102327145b42080a5,90,7.72758935184552,15.042811274724587,-1.5087105291391842,0.6834185291063162,6.927678092435123,12.142818781321834,False
calibration::rolling_02,q=100|gain=0.25,100.0,0.25,rolling_01,517,89,2022-03-01,2022-05-17,2022-05-17,a011adf1e06a16e2d6f28273ea336ab37be80c12dec3b0e8852a9d4368e43686,9f0b166aa2b85e719b5d3dd47396baf087815cb3ef5bd38d5cb403d89810b02a,89,5.339060622793788,7.417053457678548,-2.086099760057881,0.837431760467849,6.991205445270417,12.354845202982572,False
calibration::rolling_02,q=100|gain=0.25,100.0,0.25,rolling_02,606,13,2022-05-17,2022-07-19,2022-07-19,86c954c2318fe1b55fc3de1f47a295a62ccefb2a6e9db4874af601f6ac0eeffd,1f4f2c9b9b1a9898627a6b744dae606625335b963d8397027c1dc5a4a578b4ac,13,12.107323403044902,15.662725663800598,6.232586919376865,0.43516319334846565,6.991205445270417,12.354845202982572,False
calibration::rolling_02,q=100|gain=0.25,100.0,0.25,rolling_03,619,90,2022-07-19,2022-10-18,2022-10-18,d50af3f34275fcdfbd05eac237c948a1c8d7ac77d3c16b48e7bc8f1c89d8b1a0,7819b4047c7d5d1243174c76640cf00c14059f4e509ab69102327145b42080a5,90,7.885998286929882,15.355781040481984,-1.5785110351009992,0.6701083672558199,6.991205445270417,12.354845202982572,False
calibration::rolling_02,q=25|gain=0.5,25.0,0.5,rolling_01,517,89,2022-03-01,2022-05-17,2022-05-17,a011adf1e06a16e2d6f28273ea336ab37be80c12dec3b0e8852a9d4368e43686,9f0b166aa2b85e719b5d3dd47396baf087815cb3ef5bd38d5cb403d89810b02a,89,5.798867933813802,7.857216114236502,-2.224174030559458,0.8175641091364523,7.23755657356036,12.493539777767545,False
calibration::rolling_02,q=25|gain=0.5,25.0,0.5,rolling_02,606,13,2022-05-17,2022-07-19,2022-07-19,86c954c2318fe1b55fc3de1f47a295a62ccefb2a6e9db4874af601f6ac0eeffd,1f4f2c9b9b1a9898627a6b744dae606625335b963d8397027c1dc5a4a578b4ac,13,12.147739476831221,15.628127596655883,5.801302944109819,0.4376558218105676,7.23755657356036,12.493539777767545,False
calibration::rolling_02,q=25|gain=0.5,25.0,0.5,rolling_03,619,90,2022-07-19,2022-10-18,2022-10-18,d50af3f34275fcdfbd05eac237c948a1c8d7ac77d3c16b48e7bc8f1c89d8b1a0,7819b4047c7d5d1243174c76640cf00c14059f4e509ab69102327145b42080a5,90,7.951011142392833,15.383761242564,-1.4624953730416619,0.6689050622539237,7.23755657356036,12.493539777767545,False
calibration::rolling_02,q=400|gain=0.25,400.0,0.25,rolling_01,517,89,2022-03-01,2022-05-17,2022-05-17,a011adf1e06a16e2d6f28273ea336ab37be80c12dec3b0e8852a9d4368e43686,9f0b166aa2b85e719b5d3dd47396baf087815cb3ef5bd38d5cb403d89810b02a,89,5.395797762424463,7.4710005282435,-2.133173389568055,0.8350583181254553,7.251388446856556,12.934409455915457,False
calibration::rolling_02,q=400|gain=0.25,400.0,0.25,rolling_02,606,13,2022-05-17,2022-07-19,2022-07-19,86c954c2318fe1b55fc3de1f47a295a62ccefb2a6e9db4874af601f6ac0eeffd,1f4f2c9b9b1a9898627a6b744dae606625335b963d8397027c1dc5a4a578b4ac,13,12.71120987539111,16.483955889909385,7.189987584621887,0.37437917878334703,7.251388446856556,12.934409455915457,False
calibration::rolling_02,q=400|gain=0.25,400.0,0.25,rolling_03,619,90,2022-07-19,2022-10-18,2022-10-18,d50af3f34275fcdfbd05eac237c948a1c8d7ac77d3c16b48e7bc8f1c89d8b1a0,7819b4047c7d5d1243174c76640cf00c14059f4e509ab69102327145b42080a5,90,8.297720584006635,16.200623114300374,-1.7797986834365471,0.6328099397655216,7.251388446856556,12.934409455915457,False
calibration::rolling_02,q=100|gain=0.5,100.0,0.5,rolling_01,517,89,2022-03-01,2022-05-17,2022-05-17,a011adf1e06a16e2d6f28273ea336ab37be80c12dec3b0e8852a9d4368e43686,9f0b166aa2b85e719b5d3dd47396baf087815cb3ef5bd38d5cb403d89810b02a,89,6.276061109290652,8.354860768746033,-2.511654740190625,0.7937227569902052,7.746696641300424,13.217516151729557,False
calibration::rolling_02,q=100|gain=0.5,100.0,0.5,rolling_02,606,13,2022-05-17,2022-07-19,2022-07-19,86c954c2318fe1b55fc3de1f47a295a62ccefb2a6e9db4874af601f6ac0eeffd,1f4f2c9b9b1a9898627a6b744dae606625335b963d8397027c1dc5a4a578b4ac,13,12.556687274103588,16.371614146940768,7.114541246805249,0.382877604265935,7.746696641300424,13.217516151729557,False
calibration::rolling_02,q=100|gain=0.5,100.0,0.5,rolling_03,619,90,2022-07-19,2022-10-18,2022-10-18,d50af3f34275fcdfbd05eac237c948a1c8d7ac77d3c16b48e7bc8f1c89d8b1a0,7819b4047c7d5d1243174c76640cf00c14059f4e509ab69102327145b42080a5,90,8.506215353771852,16.277458465274997,-1.571721632269354,0.6293187060220293,7.746696641300424,13.217516151729557,False
calibration::rolling_02,q=0.5|gain=0.25,0.5,0.25,rolling_01,517,89,2022-03-01,2022-05-17,2022-05-17,a011adf1e06a16e2d6f28273ea336ab37be80c12dec3b0e8852a9d4368e43686,9f0b166aa2b85e719b5d3dd47396baf087815cb3ef5bd38d5cb403d89810b02a,89,6.410700468304888,10.330615067042341,-0.2955091095159142,0.6846264670434877,7.81843428518874,14.04324495205939,False
calibration::rolling_02,q=0.5|gain=0.25,0.5,0.25,rolling_02,606,13,2022-05-17,2022-07-19,2022-07-19,86c954c2318fe1b55fc3de1f47a295a62ccefb2a6e9db4874af601f6ac0eeffd,1f4f2c9b9b1a9898627a6b744dae606625335b963d8397027c1dc5a4a578b4ac,13,11.83121890252986,16.61187700254123,3.7020737575856923,0.3646314407360811,7.81843428518874,14.04324495205939,False
calibration::rolling_02,q=0.5|gain=0.25,0.5,0.25,rolling_03,619,90,2022-07-19,2022-10-18,2022-10-18,d50af3f34275fcdfbd05eac237c948a1c8d7ac77d3c16b48e7bc8f1c89d8b1a0,7819b4047c7d5d1243174c76640cf00c14059f4e509ab69102327145b42080a5,90,8.630902170491279,16.592907754110865,-1.6066994576872957,0.6148122417047734,7.81843428518874,14.04324495205939,False
calibration::rolling_02,q=0.5|gain=0.5,0.5,0.5,rolling_01,517,89,2022-03-01,2022-05-17,2022-05-17,a011adf1e06a16e2d6f28273ea336ab37be80c12dec3b0e8852a9d4368e43686,9f0b166aa2b85e719b5d3dd47396baf087815cb3ef5bd38d5cb403d89810b02a,89,6.077583272256605,9.286987792790873,-0.7210640896486582,0.7451277025141103,7.880280599216054,13.750759387211374,False
calibration::rolling_02,q=0.5|gain=0.5,0.5,0.5,rolling_02,606,13,2022-05-17,2022-07-19,2022-07-19,86c954c2318fe1b55fc3de1f47a295a62ccefb2a6e9db4874af601f6ac0eeffd,1f4f2c9b9b1a9898627a6b744dae606625335b963d8397027c1dc5a4a578b4ac,13,12.15600290251619,16.487473819387183,4.584028085014076,0.3741121160957922,7.880280599216054,13.750759387211374,False
calibration::rolling_02,q=0.5|gain=0.5,0.5,0.5,rolling_03,619,90,2022-07-19,2022-10-18,2022-10-18,d50af3f34275fcdfbd05eac237c948a1c8d7ac77d3c16b48e7bc8f1c89d8b1a0,7819b4047c7d5d1243174c76640cf00c14059f4e509ab69102327145b42080a5,90,9.045343623177047,16.697986141203785,-1.5999100548556502,0.609918215017826,7.880280599216054,13.750759387211374,False
calibration::rolling_02,q=0.5|gain=0,0.5,0.0,rolling_01,517,89,2022-03-01,2022-05-17,2022-05-17,a011adf1e06a16e2d6f28273ea336ab37be80c12dec3b0e8852a9d4368e43686,9f0b166aa2b85e719b5d3dd47396baf087815cb3ef5bd38d5cb403d89810b02a,89,6.909685643955318,11.739864411173034,0.1300458706168311,0.5927144082898823,7.989133396547645,14.647106048227709,False
calibration::rolling_02,q=0.5|gain=0,0.5,0.0,rolling_02,606,13,2022-05-17,2022-07-19,2022-07-19,86c954c2318fe1b55fc3de1f47a295a62ccefb2a6e9db4874af601f6ac0eeffd,1f4f2c9b9b1a9898627a6b744dae606625335b963d8397027c1dc5a4a578b4ac,13,11.977773340404081,16.892470229831932,2.820119430157308,0.3429859891060293,7.989133396547645,14.647106048227709,False
calibration::rolling_02,q=0.5|gain=0,0.5,0.0,rolling_03,619,90,2022-07-19,2022-10-18,2022-10-18,d50af3f34275fcdfbd05eac237c948a1c8d7ac77d3c16b48e7bc8f1c89d8b1a0,7819b4047c7d5d1243174c76640cf00c14059f4e509ab69102327145b42080a5,90,8.480450404443015,16.738261617521676,-1.61348886051894,0.608034194194127,7.989133396547645,14.647106048227709,False
calibration::rolling_02,q=400|gain=0.5,400.0,0.5,rolling_01,517,89,2022-03-01,2022-05-17,2022-05-17,a011adf1e06a16e2d6f28273ea336ab37be80c12dec3b0e8852a9d4368e43686,9f0b166aa2b85e719b5d3dd47396baf087815cb3ef5bd38d5cb403d89810b02a,89,6.339722739398195,8.3505847481767,-2.5587283697007988,0.7939338484836125,8.029428829292346,13.824573343563364,False
calibration::rolling_02,q=400|gain=0.5,400.0,0.5,rolling_02,606,13,2022-05-17,2022-07-19,2022-07-19,86c954c2318fe1b55fc3de1f47a295a62ccefb2a6e9db4874af601f6ac0eeffd,1f4f2c9b9b1a9898627a6b744dae606625335b963d8397027c1dc5a4a578b4ac,13,13.216459917710223,17.295118145855973,8.07194191205027,0.3112916114419777,8.029428829292346,13.824573343563364,False
calibration::rolling_02,q=400|gain=0.5,400.0,0.5,rolling_03,619,90,2022-07-19,2022-10-18,2022-10-18,d50af3f34275fcdfbd05eac237c948a1c8d7ac77d3c16b48e7bc8f1c89d8b1a0,7819b4047c7d5d1243174c76640cf00c14059f4e509ab69102327145b42080a5,90,8.951122583193987,17.19175154536639,-1.7730092806049014,0.5865074102242054,8.029428829292346,13.824573343563364,False
calibration::rolling_03,q=10|gain=0,10.0,0.0,rolling_01,606,13,2022-05-17,2022-07-19,2022-07-19,86c954c2318fe1b55fc3de1f47a295a62ccefb2a6e9db4874af601f6ac0eeffd,1f4f2c9b9b1a9898627a6b744dae606625335b963d8397027c1dc5a4a578b4ac,13,11.36125664520556,14.892603495580758,3.215544494454131,0.4893426815241997,7.6468071342472905,13.975417713842274,True
calibration::rolling_03,q=10|gain=0,10.0,0.0,rolling_02,619,90,2022-07-19,2022-10-18,2022-10-18,d50af3f34275fcdfbd05eac237c948a1c8d7ac77d3c16b48e7bc8f1c89d8b1a0,7819b4047c7d5d1243174c76640cf00c14059f4e509ab69102327145b42080a5,90,6.8415914809141185,14.023596556251064,-1.522289334802474,0.72486471096104,7.6468071342472905,13.975417713842274,True
calibration::rolling_03,q=10|gain=0,10.0,0.0,rolling_03,709,12,2022-10-18,2023-01-17,2023-01-17,d27cbcf98d3b2380e2a1a7fe21c155a171ac9021d84e9ae493842e6d79d10e22,aff7095772902fce7e606e6e54e560a29dda519ce480d851f43130d8cb45dafb,12,9.66193756404128,12.510448276217605,-1.6320957511851402,0.87211387712727,7.6468071342472905,13.975417713842274,True
calibration::rolling_03,q=25|gain=0,25.0,0.0,rolling_01,606,13,2022-05-17,2022-07-19,2022-07-19,86c954c2318fe1b55fc3de1f47a295a62ccefb2a6e9db4874af601f6ac0eeffd,1f4f2c9b9b1a9898627a6b744dae606625335b963d8397027c1dc5a4a578b4ac,13,11.548303387808224,14.80086147169041,4.0373942892530525,0.4956148469219702,7.665909354328817,13.893725408294726,False
calibration::rolling_03,q=25|gain=0,25.0,0.0,rolling_02,619,90,2022-07-19,2022-10-18,2022-10-18,d50af3f34275fcdfbd05eac237c948a1c8d7ac77d3c16b48e7bc8f1c89d8b1a0,7819b4047c7d5d1243174c76640cf00c14059f4e509ab69102327145b42080a5,90,6.938933948276751,14.08740987542999,-1.476074178704952,0.7223550491175371,7.665909354328817,13.893725408294726,False
calibration::rolling_03,q=25|gain=0,25.0,0.0,rolling_03,709,12,2022-10-18,2023-01-17,2023-01-17,d27cbcf98d3b2380e2a1a7fe21c155a171ac9021d84e9ae493842e6d79d10e22,aff7095772902fce7e606e6e54e560a29dda519ce480d851f43130d8cb45dafb,12,8.912298030116615,11.144066523338152,-1.5767526301861705,0.8985235958403971,7.665909354328817,13.893725408294726,False
calibration::rolling_03,q=10|gain=0.25,10.0,0.25,rolling_01,606,13,2022-05-17,2022-07-19,2022-07-19,86c954c2318fe1b55fc3de1f47a295a62ccefb2a6e9db4874af601f6ac0eeffd,1f4f2c9b9b1a9898627a6b744dae606625335b963d8397027c1dc5a4a578b4ac,13,11.660974689717056,15.046505243876469,4.097498821882515,0.47873377244093573,7.905296647310364,14.189414164201603,False
calibration::rolling_03,q=10|gain=0.25,10.0,0.25,rolling_02,619,90,2022-07-19,2022-10-18,2022-10-18,d50af3f34275fcdfbd05eac237c948a1c8d7ac77d3c16b48e7bc8f1c89d8b1a0,7819b4047c7d5d1243174c76640cf00c14059f4e509ab69102327145b42080a5,90,7.198513777342178,14.397994022500319,-1.5154999319708293,0.7099776571324751,7.905296647310364,14.189414164201603,False
calibration::rolling_03,q=10|gain=0.25,10.0,0.25,rolling_03,709,12,2022-10-18,2023-01-17,2023-01-17,d27cbcf98d3b2380e2a1a7fe21c155a171ac9021d84e9ae493842e6d79d10e22,aff7095772902fce7e606e6e54e560a29dda519ce480d851f43130d8cb45dafb,12,9.137516959464524,11.378611214303262,-1.3060386891292977,0.894207179703679,7.905296647310364,14.189414164201603,False
calibration::rolling_03,q=100|gain=0,100.0,0.0,rolling_01,606,13,2022-05-17,2022-07-19,2022-07-19,86c954c2318fe1b55fc3de1f47a295a62ccefb2a6e9db4874af601f6ac0eeffd,1f4f2c9b9b1a9898627a6b744dae606625335b963d8397027c1dc5a4a578b4ac,13,11.807605358533404,15.09621240504597,5.350632591948481,0.475284006160656,7.934359423343451,14.334392364883842,False
calibration::rolling_03,q=100|gain=0,100.0,0.0,rolling_02,619,90,2022-07-19,2022-10-18,2022-10-18,d50af3f34275fcdfbd05eac237c948a1c8d7ac77d3c16b48e7bc8f1c89d8b1a0,7819b4047c7d5d1243174c76640cf00c14059f4e509ab69102327145b42080a5,90,7.321718416899532,14.662446464122803,-1.5853004379326439,0.6992259542920167,7.934359423343451,14.334392364883842,False
calibration::rolling_03,q=100|gain=0,100.0,0.0,rolling_03,709,12,2022-10-18,2023-01-17,2023-01-17,d27cbcf98d3b2380e2a1a7fe21c155a171ac9021d84e9ae493842e6d79d10e22,aff7095772902fce7e606e6e54e560a29dda519ce480d851f43130d8cb45dafb,12,8.333150541883713,10.480533817468183,-1.9246279282343648,0.9102479276731142,7.934359423343451,14.334392364883842,False
calibration::rolling_03,q=25|gain=0.25,25.0,0.25,rolling_01,606,13,2022-05-17,2022-07-19,2022-07-19,86c954c2318fe1b55fc3de1f47a295a62ccefb2a6e9db4874af601f6ac0eeffd,1f4f2c9b9b1a9898627a6b744dae606625335b963d8397027c1dc5a4a578b4ac,13,11.848021432319722,15.13308369378012,4.919348616681435,0.4727177225014392,7.9803647476981086,14.280428771970241,False
calibration::rolling_03,q=25|gain=0.25,25.0,0.25,rolling_02,619,90,2022-07-19,2022-10-18,2022-10-18,d50af3f34275fcdfbd05eac237c948a1c8d7ac77d3c16b48e7bc8f1c89d8b1a0,7819b4047c7d5d1243174c76640cf00c14059f4e509ab69102327145b42080a5,90,7.358844858052702,14.607742113191359,-1.4692847758733074,0.7014660927845273,7.9803647476981086,14.280428771970241,False
calibration::rolling_03,q=25|gain=0.25,25.0,0.25,rolling_03,709,12,2022-10-18,2023-01-17,2023-01-17,d27cbcf98d3b2380e2a1a7fe21c155a171ac9021d84e9ae493842e6d79d10e22,aff7095772902fce7e606e6e54e560a29dda519ce480d851f43130d8cb45dafb,12,8.45180251169858,10.288098806499224,-1.250695568130329,0.9135135779284432,7.9803647476981086,14.280428771970241,False
calibration::rolling_03,q=2|gain=0,2.0,0.0,rolling_01,606,13,2022-05-17,2022-07-19,2022-07-19,86c954c2318fe1b55fc3de1f47a295a62ccefb2a6e9db4874af601f6ac0eeffd,1f4f2c9b9b1a9898627a6b744dae606625335b963d8397027c1dc5a4a578b4ac,13,11.390972948365905,15.744985851352647,2.2806207273266224,0.42921459980825116,8.144652245799739,15.000718974060483,False
calibration::rolling_03,q=2|gain=0,2.0,0.0,rolling_02,619,90,2022-07-19,2022-10-18,2022-10-18,d50af3f34275fcdfbd05eac237c948a1c8d7ac77d3c16b48e7bc8f1c89d8b1a0,7819b4047c7d5d1243174c76640cf00c14059f4e509ab69102327145b42080a5,90,7.259356270741657,14.783673110324484,-1.747593233729773,0.6942318956189988,8.144652245799739,15.000718974060483,False
calibration::rolling_03,q=2|gain=0,2.0,0.0,rolling_03,709,12,2022-10-18,2023-01-17,2023-01-17,d27cbcf98d3b2380e2a1a7fe21c155a171ac9021d84e9ae493842e6d79d10e22,aff7095772902fce7e606e6e54e560a29dda519ce480d851f43130d8cb45dafb,12,11.267524630955348,15.77073193720002,-2.675308308095007,0.7967730134586922,8.144652245799739,15.000718974060483,False
calibration::rolling_03,q=2|gain=0.25,2.0,0.25,rolling_01,606,13,2022-05-17,2022-07-19,2022-07-19,86c954c2318fe1b55fc3de1f47a295a62ccefb2a6e9db4874af601f6ac0eeffd,1f4f2c9b9b1a9898627a6b744dae606625335b963d8397027c1dc5a4a578b4ac,13,11.436013576628863,15.60371849672709,3.1625750547550058,0.4394110667427088,8.206793206050513,14.893390796145715,False
calibration::rolling_03,q=2|gain=0.25,2.0,0.25,rolling_02,619,90,2022-07-19,2022-10-18,2022-10-18,d50af3f34275fcdfbd05eac237c948a1c8d7ac77d3c16b48e7bc8f1c89d8b1a0,7819b4047c7d5d1243174c76640cf00c14059f4e509ab69102327145b42080a5,90,7.492797337920561,14.872545843838184,-1.7408038308981284,0.6905445674054416,8.206793206050513,14.893390796145715,False
calibration::rolling_03,q=2|gain=0.25,2.0,0.25,rolling_03,709,12,2022-10-18,2023-01-17,2023-01-17,d27cbcf98d3b2380e2a1a7fe21c155a171ac9021d84e9ae493842e6d79d10e22,aff7095772902fce7e606e6e54e560a29dda519ce480d851f43130d8cb45dafb,12,10.063440148898604,14.247751550127894,-2.3492512460391666,0.834129045259238,8.206793206050513,14.893390796145715,False
calibration::rolling_03,q=400|gain=0,400.0,0.0,rolling_01,606,13,2022-05-17,2022-07-19,2022-07-19,86c954c2318fe1b55fc3de1f47a295a62ccefb2a6e9db4874af601f6ac0eeffd,1f4f2c9b9b1a9898627a6b744dae606625335b963d8397027c1dc5a4a578b4ac,13,12.225012851156164,15.79885819283974,6.308033257193503,0.42530196985437607,8.274581567659078,15.034541005672768,False
calibration::rolling_03,q=400|gain=0,400.0,0.0,rolling_02,619,90,2022-07-19,2022-10-18,2022-10-18,d50af3f34275fcdfbd05eac237c948a1c8d7ac77d3c16b48e7bc8f1c89d8b1a0,7819b4047c7d5d1243174c76640cf00c14059f4e509ab69102327145b42080a5,90,7.712930561591025,15.417750324258312,-1.786588086268192,0.667440395109244,8.274581567659078,15.034541005672768,False
calibration::rolling_03,q=400|gain=0,400.0,0.0,rolling_03,709,12,2022-10-18,2023-01-17,2023-01-17,d27cbcf98d3b2380e2a1a7fe21c155a171ac9021d84e9ae493842e6d79d10e22,aff7095772902fce7e606e6e54e560a29dda519ce480d851f43130d8cb45dafb,12,8.207330222714308,10.62944203545983,-2.372198923027564,0.9076794009966916,8.274581567659078,15.034541005672768,False
calibration::rolling_03,q=10|gain=0.5,10.0,0.5,rolling_01,606,13,2022-05-17,2022-07-19,2022-07-19,86c954c2318fe1b55fc3de1f47a295a62ccefb2a6e9db4874af601f6ac0eeffd,1f4f2c9b9b1a9898627a6b744dae606625335b963d8397027c1dc5a4a578b4ac,13,11.960692734228555,15.371676211364822,4.979453149310899,0.4559600870873315,8.305185256553267,14.674558337376848,False
calibration::rolling_03,q=10|gain=0.5,10.0,0.5,rolling_02,619,90,2022-07-19,2022-10-18,2022-10-18,d50af3f34275fcdfbd05eac237c948a1c8d7ac77d3c16b48e7bc8f1c89d8b1a0,7819b4047c7d5d1243174c76640cf00c14059f4e509ab69102327145b42080a5,90,7.72758935184552,15.042811274724587,-1.5087105291391842,0.6834185291063162,8.305185256553267,14.674558337376848,False
calibration::rolling_03,q=10|gain=0.5,10.0,0.5,rolling_03,709,12,2022-10-18,2023-01-17,2023-01-17,d27cbcf98d3b2380e2a1a7fe21c155a171ac9021d84e9ae493842e6d79d10e22,aff7095772902fce7e606e6e54e560a29dda519ce480d851f43130d8cb45dafb,12,8.677021441046488,10.515469546197048,-0.979981627073458,0.9096485726933139,8.305185256553267,14.674558337376848,False
calibration::rolling_03,q=100|gain=0.25,100.0,0.25,rolling_01,606,13,2022-05-17,2022-07-19,2022-07-19,86c954c2318fe1b55fc3de1f47a295a62ccefb2a6e9db4874af601f6ac0eeffd,1f4f2c9b9b1a9898627a6b744dae606625335b963d8397027c1dc5a4a578b4ac,13,12.107323403044902,15.662725663800598,6.232586919376865,0.43516319334846565,8.40376275121523,14.914421684203035,False
calibration::rolling_03,q=100|gain=0.25,100.0,0.25,rolling_02,619,90,2022-07-19,2022-10-18,2022-10-18,d50af3f34275fcdfbd05eac237c948a1c8d7ac77d3c16b48e7bc8f1c89d8b1a0,7819b4047c7d5d1243174c76640cf00c14059f4e509ab69102327145b42080a5,90,7.885998286929882,15.355781040481984,-1.5785110351009992,0.6701083672558199,8.40376275121523,14.914421684203035,False
calibration::rolling_03,q=100|gain=0.25,100.0,0.25,rolling_03,709,12,2022-10-18,2023-01-17,2023-01-17,d27cbcf98d3b2380e2a1a7fe21c155a171ac9021d84e9ae493842e6d79d10e22,aff7095772902fce7e606e6e54e560a29dda519ce480d851f43130d8cb45dafb,12,8.274805527206544,9.871775125293668,-1.5985708661785238,0.9203715640934957,8.40376275121523,14.914421684203035,False
calibration::rolling_03,q=25|gain=0.5,25.0,0.5,rolling_01,606,13,2022-05-17,2022-07-19,2022-07-19,86c954c2318fe1b55fc3de1f47a295a62ccefb2a6e9db4874af601f6ac0eeffd,1f4f2c9b9b1a9898627a6b744dae606625335b963d8397027c1dc5a4a578b4ac,13,12.147739476831221,15.628127596655883,5.801302944109819,0.4376558218105676,8.42962869507415,14.926543475583996,False
calibration::rolling_03,q=25|gain=0.5,25.0,0.5,rolling_02,619,90,2022-07-19,2022-10-18,2022-10-18,d50af3f34275fcdfbd05eac237c948a1c8d7ac77d3c16b48e7bc8f1c89d8b1a0,7819b4047c7d5d1243174c76640cf00c14059f4e509ab69102327145b42080a5,90,7.951011142392833,15.383761242564,-1.4624953730416619,0.6689050622539237,8.42962869507415,14.926543475583996,False
calibration::rolling_03,q=25|gain=0.5,25.0,0.5,rolling_03,709,12,2022-10-18,2023-01-17,2023-01-17,d27cbcf98d3b2380e2a1a7fe21c155a171ac9021d84e9ae493842e6d79d10e22,aff7095772902fce7e606e6e54e560a29dda519ce480d851f43130d8cb45dafb,12,7.991306993280544,9.779599426580473,-0.9246385060744886,0.9218516504297153,8.42962869507415,14.926543475583996,False
calibration::rolling_03,q=2|gain=0.5,2.0,0.5,rolling_01,606,13,2022-05-17,2022-07-19,2022-07-19,86c954c2318fe1b55fc3de1f47a295a62ccefb2a6e9db4874af601f6ac0eeffd,1f4f2c9b9b1a9898627a6b744dae606625335b963d8397027c1dc5a4a578b4ac,13,11.917754460600161,15.631087956586086,4.04452938218339,0.4374427574068257,8.558547711679966,15.052595228121307,False
calibration::rolling_03,q=2|gain=0.5,2.0,0.5,rolling_02,619,90,2022-07-19,2022-10-18,2022-10-18,d50af3f34275fcdfbd05eac237c948a1c8d7ac77d3c16b48e7bc8f1c89d8b1a0,7819b4047c7d5d1243174c76640cf00c14059f4e509ab69102327145b42080a5,90,7.942740242197268,15.237165641836864,-1.7340144280664824,0.6751851649942904,8.558547711679966,15.052595228121307,False
calibration::rolling_03,q=2|gain=0.5,2.0,0.5,rolling_03,709,12,2022-10-18,2023-01-17,2023-01-17,d27cbcf98d3b2380e2a1a7fe21c155a171ac9021d84e9ae493842e6d79d10e22,aff7095772902fce7e606e6e54e560a29dda519ce480d851f43130d8cb45dafb,12,9.537963088136655,12.861636449134325,-2.0231941839833247,0.8648331674730096,8.558547711679966,15.052595228121307,False
calibration::rolling_03,q=400|gain=0.25,400.0,0.25,rolling_01,606,13,2022-05-17,2022-07-19,2022-07-19,86c954c2318fe1b55fc3de1f47a295a62ccefb2a6e9db4874af601f6ac0eeffd,1f4f2c9b9b1a9898627a6b744dae606625335b963d8397027c1dc5a4a578b4ac,13,12.71120987539111,16.483955889909385,7.189987584621887,0.37437917878334703,8.798003544660334,15.700362768332264,False
calibration::rolling_03,q=400|gain=0.25,400.0,0.25,rolling_02,619,90,2022-07-19,2022-10-18,2022-10-18,d50af3f34275fcdfbd05eac237c948a1c8d7ac77d3c16b48e7bc8f1c89d8b1a0,7819b4047c7d5d1243174c76640cf00c14059f4e509ab69102327145b42080a5,90,8.297720584006635,16.200623114300374,-1.7797986834365471,0.6328099397655216,8.798003544660334,15.700362768332264,False
calibration::rolling_03,q=400|gain=0.25,400.0,0.25,rolling_03,709,12,2022-10-18,2023-01-17,2023-01-17,d27cbcf98d3b2380e2a1a7fe21c155a171ac9021d84e9ae493842e6d79d10e22,aff7095772902fce7e606e6e54e560a29dda519ce480d851f43130d8cb45dafb,12,8.310818891271433,9.974436125212668,-2.0461418609717232,0.9187067690373236,8.798003544660334,15.700362768332264,False
calibration::rolling_03,q=100|gain=0.5,100.0,0.5,rolling_01,606,13,2022-05-17,2022-07-19,2022-07-19,86c954c2318fe1b55fc3de1f47a295a62ccefb2a6e9db4874af601f6ac0eeffd,1f4f2c9b9b1a9898627a6b744dae606625335b963d8397027c1dc5a4a578b4ac,13,12.556687274103588,16.371614146940768,7.114541246805249,0.382877604265935,8.953762996102196,15.728355219315649,False
calibration::rolling_03,q=100|gain=0.5,100.0,0.5,rolling_02,619,90,2022-07-19,2022-10-18,2022-10-18,d50af3f34275fcdfbd05eac237c948a1c8d7ac77d3c16b48e7bc8f1c89d8b1a0,7819b4047c7d5d1243174c76640cf00c14059f4e509ab69102327145b42080a5,90,8.506215353771852,16.277458465274997,-1.571721632269354,0.6293187060220293,8.953762996102196,15.728355219315649,False
calibration::rolling_03,q=100|gain=0.5,100.0,0.5,rolling_03,709,12,2022-10-18,2023-01-17,2023-01-17,d27cbcf98d3b2380e2a1a7fe21c155a171ac9021d84e9ae493842e6d79d10e22,aff7095772902fce7e606e6e54e560a29dda519ce480d851f43130d8cb45dafb,12,8.407202345744933,9.654176747191716,-1.2725138041226824,0.9238432909271029,8.953762996102196,15.728355219315649,False
calibration::rolling_03,q=400|gain=0.5,400.0,0.5,rolling_01,606,13,2022-05-17,2022-07-19,2022-07-19,86c954c2318fe1b55fc3de1f47a295a62ccefb2a6e9db4874af601f6ac0eeffd,1f4f2c9b9b1a9898627a6b744dae606625335b963d8397027c1dc5a4a578b4ac,13,13.216459917710223,17.295118145855973,8.07194191205027,0.3112916114419777,9.380292173351386,16.581356183683365,False
calibration::rolling_03,q=400|gain=0.5,400.0,0.5,rolling_02,619,90,2022-07-19,2022-10-18,2022-10-18,d50af3f34275fcdfbd05eac237c948a1c8d7ac77d3c16b48e7bc8f1c89d8b1a0,7819b4047c7d5d1243174c76640cf00c14059f4e509ab69102327145b42080a5,90,8.951122583193987,17.19175154536639,-1.7730092806049014,0.5865074102242054,9.380292173351386,16.581356183683365,False
calibration::rolling_03,q=400|gain=0.5,400.0,0.5,rolling_03,709,12,2022-10-18,2023-01-17,2023-01-17,d27cbcf98d3b2380e2a1a7fe21c155a171ac9021d84e9ae493842e6d79d10e22,aff7095772902fce7e606e6e54e560a29dda519ce480d851f43130d8cb45dafb,12,8.44321570980982,9.702295788269508,-1.7200847989158832,0.9230822274911815,9.380292173351386,16.581356183683365,False
calibration::rolling_03,q=0.5|gain=0.25,0.5,0.25,rolling_01,606,13,2022-05-17,2022-07-19,2022-07-19,86c954c2318fe1b55fc3de1f47a295a62ccefb2a6e9db4874af601f6ac0eeffd,1f4f2c9b9b1a9898627a6b744dae606625335b963d8397027c1dc5a4a578b4ac,13,11.83121890252986,16.61187700254123,3.7020737575856923,0.3646314407360811,9.441535469445117,16.751323870479194,False
calibration::rolling_03,q=0.5|gain=0.25,0.5,0.25,rolling_02,619,90,2022-07-19,2022-10-18,2022-10-18,d50af3f34275fcdfbd05eac237c948a1c8d7ac77d3c16b48e7bc8f1c89d8b1a0,7819b4047c7d5d1243174c76640cf00c14059f4e509ab69102327145b42080a5,90,8.630902170491279,16.592907754110865,-1.6066994576872957,0.6148122417047734,9.441535469445117,16.751323870479194,False
calibration::rolling_03,q=0.5|gain=0.25,0.5,0.25,rolling_03,709,12,2022-10-18,2023-01-17,2023-01-17,d27cbcf98d3b2380e2a1a7fe21c155a171ac9021d84e9ae493842e6d79d10e22,aff7095772902fce7e606e6e54e560a29dda519ce480d851f43130d8cb45dafb,12,12.932461492423782,18.035074780772558,-4.357437851995329,0.7342253392057834,9.441535469445117,16.751323870479194,False
calibration::rolling_03,q=0.5|gain=0,0.5,0.0,rolling_01,606,13,2022-05-17,2022-07-19,2022-07-19,86c954c2318fe1b55fc3de1f47a295a62ccefb2a6e9db4874af601f6ac0eeffd,1f4f2c9b9b1a9898627a6b744dae606625335b963d8397027c1dc5a4a578b4ac,13,11.977773340404081,16.892470229831932,2.820119430157308,0.3429859891060293,9.477323467228794,17.08957344415527,False
calibration::rolling_03,q=0.5|gain=0,0.5,0.0,rolling_02,619,90,2022-07-19,2022-10-18,2022-10-18,d50af3f34275fcdfbd05eac237c948a1c8d7ac77d3c16b48e7bc8f1c89d8b1a0,7819b4047c7d5d1243174c76640cf00c14059f4e509ab69102327145b42080a5,90,8.480450404443015,16.738261617521676,-1.61348886051894,0.608034194194127,9.477323467228794,17.08957344415527,False
calibration::rolling_03,q=0.5|gain=0,0.5,0.0,rolling_03,709,12,2022-10-18,2023-01-17,2023-01-17,d27cbcf98d3b2380e2a1a7fe21c155a171ac9021d84e9ae493842e6d79d10e22,aff7095772902fce7e606e6e54e560a29dda519ce480d851f43130d8cb45dafb,12,14.245050742182222,19.708895039035404,-4.68349491405117,0.6826034286722733,9.477323467228794,17.08957344415527,False
calibration::rolling_03,q=0.5|gain=0.5,0.5,0.5,rolling_01,606,13,2022-05-17,2022-07-19,2022-07-19,86c954c2318fe1b55fc3de1f47a295a62ccefb2a6e9db4874af601f6ac0eeffd,1f4f2c9b9b1a9898627a6b744dae606625335b963d8397027c1dc5a4a578b4ac,13,12.15600290251619,16.487473819387183,4.584028085014076,0.3741121160957922,9.671097311962074,16.647408097092992,False
calibration::rolling_03,q=0.5|gain=0.5,0.5,0.5,rolling_02,619,90,2022-07-19,2022-10-18,2022-10-18,d50af3f34275fcdfbd05eac237c948a1c8d7ac77d3c16b48e7bc8f1c89d8b1a0,7819b4047c7d5d1243174c76640cf00c14059f4e509ab69102327145b42080a5,90,9.045343623177047,16.697986141203785,-1.5999100548556502,0.609918215017826,9.671097311962074,16.647408097092992,False
calibration::rolling_03,q=0.5|gain=0.5,0.5,0.5,rolling_03,709,12,2022-10-18,2023-01-17,2023-01-17,d27cbcf98d3b2380e2a1a7fe21c155a171ac9021d84e9ae493842e6d79d10e22,aff7095772902fce7e606e6e54e560a29dda519ce480d851f43130d8cb45dafb,12,11.672268921416183,16.43861705110196,-4.031380789939488,0.7791953401525191,9.671097311962074,16.647408097092992,False
calibration::rolling_04,q=10|gain=0,10.0,0.0,rolling_01,619,90,2022-07-19,2022-10-18,2022-10-18,d50af3f34275fcdfbd05eac237c948a1c8d7ac77d3c16b48e7bc8f1c89d8b1a0,7819b4047c7d5d1243174c76640cf00c14059f4e509ab69102327145b42080a5,90,6.8415914809141185,14.023596556251064,-1.522289334802474,0.72486471096104,6.219091305466763,11.633318415677248,True
calibration::rolling_04,q=10|gain=0,10.0,0.0,rolling_02,709,12,2022-10-18,2023-01-17,2023-01-17,d27cbcf98d3b2380e2a1a7fe21c155a171ac9021d84e9ae493842e6d79d10e22,aff7095772902fce7e606e6e54e560a29dda519ce480d851f43130d8cb45dafb,12,9.66193756404128,12.510448276217605,-1.6320957511851402,0.87211387712727,6.219091305466763,11.633318415677248,True
calibration::rolling_04,q=10|gain=0,10.0,0.0,rolling_03,721,88,2023-01-17,2023-05-16,2023-05-16,317ddbb17001d9a049381c41451a61291c15ec01597ef87e0a5866202da72df5,e20bc153999f0d7f03d220c1a626e6675962d4f0a98451d9d6010bc3073bbd79,88,5.11296436349908,8.350169617298771,-1.8493870715007654,0.913911041385816,6.219091305466763,11.633318415677248,True
calibration::rolling_04,q=25|gain=0,25.0,0.0,rolling_01,619,90,2022-07-19,2022-10-18,2022-10-18,d50af3f34275fcdfbd05eac237c948a1c8d7ac77d3c16b48e7bc8f1c89d8b1a0,7819b4047c7d5d1243174c76640cf00c14059f4e509ab69102327145b42080a5,90,6.938933948276751,14.08740987542999,-1.476074178704952,0.7223550491175371,6.446236798275576,11.617690450359564,False
calibration::rolling_04,q=25|gain=0,25.0,0.0,rolling_02,709,12,2022-10-18,2023-01-17,2023-01-17,d27cbcf98d3b2380e2a1a7fe21c155a171ac9021d84e9ae493842e6d79d10e22,aff7095772902fce7e606e6e54e560a29dda519ce480d851f43130d8cb45dafb,12,8.912298030116615,11.144066523338152,-1.5767526301861705,0.8985235958403971,6.446236798275576,11.617690450359564,False
calibration::rolling_04,q=25|gain=0,25.0,0.0,rolling_03,721,88,2023-01-17,2023-05-16,2023-05-16,317ddbb17001d9a049381c41451a61291c15ec01597ef87e0a5866202da72df5,e20bc153999f0d7f03d220c1a626e6675962d4f0a98451d9d6010bc3073bbd79,88,5.6060609087051425,8.45657074551268,-1.6494084666194815,0.9117031048629309,6.446236798275576,11.617690450359564,False
calibration::rolling_04,q=10|gain=0.25,10.0,0.25,rolling_01,619,90,2022-07-19,2022-10-18,2022-10-18,d50af3f34275fcdfbd05eac237c948a1c8d7ac77d3c16b48e7bc8f1c89d8b1a0,7819b4047c7d5d1243174c76640cf00c14059f4e509ab69102327145b42080a5,90,7.198513777342178,14.397994022500319,-1.5154999319708293,0.7099776571324751,6.626896219673116,11.676799563735353,False
calibration::rolling_04,q=10|gain=0.25,10.0,0.25,rolling_02,709,12,2022-10-18,2023-01-17,2023-01-17,d27cbcf98d3b2380e2a1a7fe21c155a171ac9021d84e9ae493842e6d79d10e22,aff7095772902fce7e606e6e54e560a29dda519ce480d851f43130d8cb45dafb,12,9.137516959464524,11.378611214303262,-1.3060386891292977,0.894207179703679,6.626896219673116,11.676799563735353,False
calibration::rolling_04,q=10|gain=0.25,10.0,0.25,rolling_03,721,88,2023-01-17,2023-05-16,2023-05-16,317ddbb17001d9a049381c41451a61291c15ec01597ef87e0a5866202da72df5,e20bc153999f0d7f03d220c1a626e6675962d4f0a98451d9d6010bc3073bbd79,88,5.699929980267293,8.044746128079757,-1.4860586690912327,0.9200936034246832,6.626896219673116,11.676799563735353,False
calibration::rolling_04,q=2|gain=0,2.0,0.0,rolling_01,619,90,2022-07-19,2022-10-18,2022-10-18,d50af3f34275fcdfbd05eac237c948a1c8d7ac77d3c16b48e7bc8f1c89d8b1a0,7819b4047c7d5d1243174c76640cf00c14059f4e509ab69102327145b42080a5,90,7.259356270741657,14.783673110324484,-1.747593233729773,0.6942318956189988,6.722637557471829,13.031952564237253,False
calibration::rolling_04,q=2|gain=0,2.0,0.0,rolling_02,709,12,2022-10-18,2023-01-17,2023-01-17,d27cbcf98d3b2380e2a1a7fe21c155a171ac9021d84e9ae493842e6d79d10e22,aff7095772902fce7e606e6e54e560a29dda519ce480d851f43130d8cb45dafb,12,11.267524630955348,15.77073193720002,-2.675308308095007,0.7967730134586922,6.722637557471829,13.031952564237253,False
calibration::rolling_04,q=2|gain=0,2.0,0.0,rolling_03,721,88,2023-01-17,2023-05-16,2023-05-16,317ddbb17001d9a049381c41451a61291c15ec01597ef87e0a5866202da72df5,e20bc153999f0d7f03d220c1a626e6675962d4f0a98451d9d6010bc3073bbd79,88,5.553963363425391,10.451902101768923,-2.1421544317864987,0.865120009716114,6.722637557471829,13.031952564237253,False
calibration::rolling_04,q=2|gain=0.25,2.0,0.25,rolling_01,619,90,2022-07-19,2022-10-18,2022-10-18,d50af3f34275fcdfbd05eac237c948a1c8d7ac77d3c16b48e7bc8f1c89d8b1a0,7819b4047c7d5d1243174c76640cf00c14059f4e509ab69102327145b42080a5,90,7.492797337920561,14.872545843838184,-1.7408038308981284,0.6905445674054416,6.846556111584629,12.516397959865197,False
calibration::rolling_04,q=2|gain=0.25,2.0,0.25,rolling_02,709,12,2022-10-18,2023-01-17,2023-01-17,d27cbcf98d3b2380e2a1a7fe21c155a171ac9021d84e9ae493842e6d79d10e22,aff7095772902fce7e606e6e54e560a29dda519ce480d851f43130d8cb45dafb,12,10.063440148898604,14.247751550127894,-2.3492512460391666,0.834129045259238,6.846556111584629,12.516397959865197,False
calibration::rolling_04,q=2|gain=0.25,2.0,0.25,rolling_03,721,88,2023-01-17,2023-05-16,2023-05-16,317ddbb17001d9a049381c41451a61291c15ec01597ef87e0a5866202da72df5,e20bc153999f0d7f03d220c1a626e6675962d4f0a98451d9d6010bc3073bbd79,88,5.746961579561887,9.18380771156257,-1.7788260293769655,0.8958636327325317,6.846556111584629,12.516397959865197,False
calibration::rolling_04,q=100|gain=0,100.0,0.0,rolling_01,619,90,2022-07-19,2022-10-18,2022-10-18,d50af3f34275fcdfbd05eac237c948a1c8d7ac77d3c16b48e7bc8f1c89d8b1a0,7819b4047c7d5d1243174c76640cf00c14059f4e509ab69102327145b42080a5,90,7.321718416899532,14.662446464122803,-1.5853004379326439,0.6992259542920167,6.950283935898552,12.331756418137607,False
calibration::rolling_04,q=100|gain=0,100.0,0.0,rolling_02,709,12,2022-10-18,2023-01-17,2023-01-17,d27cbcf98d3b2380e2a1a7fe21c155a171ac9021d84e9ae493842e6d79d10e22,aff7095772902fce7e606e6e54e560a29dda519ce480d851f43130d8cb45dafb,12,8.333150541883713,10.480533817468183,-1.9246279282343648,0.9102479276731142,6.950283935898552,12.331756418137607,False
calibration::rolling_04,q=100|gain=0,100.0,0.0,rolling_03,721,88,2023-01-17,2023-05-16,2023-05-16,317ddbb17001d9a049381c41451a61291c15ec01597ef87e0a5866202da72df5,e20bc153999f0d7f03d220c1a626e6675962d4f0a98451d9d6010bc3073bbd79,88,6.381835043149573,9.668812192201484,-1.292681146871991,0.8845741427663741,6.950283935898552,12.331756418137607,False
calibration::rolling_04,q=25|gain=0.25,25.0,0.25,rolling_01,619,90,2022-07-19,2022-10-18,2022-10-18,d50af3f34275fcdfbd05eac237c948a1c8d7ac77d3c16b48e7bc8f1c89d8b1a0,7819b4047c7d5d1243174c76640cf00c14059f4e509ab69102327145b42080a5,90,7.358844858052702,14.607742113191359,-1.4692847758733074,0.7014660927845273,6.9532263097454905,11.99872720983121,False
calibration::rolling_04,q=25|gain=0.25,25.0,0.25,rolling_02,709,12,2022-10-18,2023-01-17,2023-01-17,d27cbcf98d3b2380e2a1a7fe21c155a171ac9021d84e9ae493842e6d79d10e22,aff7095772902fce7e606e6e54e560a29dda519ce480d851f43130d8cb45dafb,12,8.45180251169858,10.288098806499224,-1.250695568130329,0.9135135779284432,6.9532263097454905,11.99872720983121,False
calibration::rolling_04,q=25|gain=0.25,25.0,0.25,rolling_03,721,88,2023-01-17,2023-05-16,2023-05-16,317ddbb17001d9a049381c41451a61291c15ec01597ef87e0a5866202da72df5,e20bc153999f0d7f03d220c1a626e6675962d4f0a98451d9d6010bc3073bbd79,88,6.33403785780133,8.84160168536071,-1.286080064209949,0.9034796803369113,6.9532263097454905,11.99872720983121,False
calibration::rolling_04,q=400|gain=0,400.0,0.0,rolling_01,619,90,2022-07-19,2022-10-18,2022-10-18,d50af3f34275fcdfbd05eac237c948a1c8d7ac77d3c16b48e7bc8f1c89d8b1a0,7819b4047c7d5d1243174c76640cf00c14059f4e509ab69102327145b42080a5,90,7.712930561591025,15.417750324258312,-1.786588086268192,0.667440395109244,7.210300932831869,12.994511201214678,False
calibration::rolling_04,q=400|gain=0,400.0,0.0,rolling_02,709,12,2022-10-18,2023-01-17,2023-01-17,d27cbcf98d3b2380e2a1a7fe21c155a171ac9021d84e9ae493842e6d79d10e22,aff7095772902fce7e606e6e54e560a29dda519ce480d851f43130d8cb45dafb,12,8.207330222714308,10.62944203545983,-2.372198923027564,0.9076794009966916,7.210300932831869,12.994511201214678,False
calibration::rolling_04,q=400|gain=0,400.0,0.0,rolling_03,721,88,2023-01-17,2023-05-16,2023-05-16,317ddbb17001d9a049381c41451a61291c15ec01597ef87e0a5866202da72df5,e20bc153999f0d7f03d220c1a626e6675962d4f0a98451d9d6010bc3073bbd79,88,6.560289363889674,10.298630947621117,-1.0784253212589898,0.8690468799032134,7.210300932831869,12.994511201214678,False
calibration::rolling_04,q=2|gain=0.5,2.0,0.5,rolling_01,619,90,2022-07-19,2022-10-18,2022-10-18,d50af3f34275fcdfbd05eac237c948a1c8d7ac77d3c16b48e7bc8f1c89d8b1a0,7819b4047c7d5d1243174c76640cf00c14059f4e509ab69102327145b42080a5,90,7.942740242197268,15.237165641836864,-1.7340144280664824,0.6751851649942904,7.431493935814818,12.626235803115799,False
calibration::rolling_04,q=2|gain=0.5,2.0,0.5,rolling_02,709,12,2022-10-18,2023-01-17,2023-01-17,d27cbcf98d3b2380e2a1a7fe21c155a171ac9021d84e9ae493842e6d79d10e22,aff7095772902fce7e606e6e54e560a29dda519ce480d851f43130d8cb45dafb,12,9.537963088136655,12.861636449134325,-2.0231941839833247,0.8648331674730096,7.431493935814818,12.626235803115799,False
calibration::rolling_04,q=2|gain=0.5,2.0,0.5,rolling_03,721,88,2023-01-17,2023-05-16,2023-05-16,317ddbb17001d9a049381c41451a61291c15ec01597ef87e0a5866202da72df5,e20bc153999f0d7f03d220c1a626e6675962d4f0a98451d9d6010bc3073bbd79,88,6.621382601697972,9.176104087712982,-1.4154976269674329,0.896038264206265,7.431493935814818,12.626235803115799,False
calibration::rolling_04,q=10|gain=0.5,10.0,0.5,rolling_01,619,90,2022-07-19,2022-10-18,2022-10-18,d50af3f34275fcdfbd05eac237c948a1c8d7ac77d3c16b48e7bc8f1c89d8b1a0,7819b4047c7d5d1243174c76640cf00c14059f4e509ab69102327145b42080a5,90,7.72758935184552,15.042811274724587,-1.5087105291391842,0.6834185291063162,7.462267449679937,12.381210811376352,False
calibration::rolling_04,q=10|gain=0.5,10.0,0.5,rolling_02,709,12,2022-10-18,2023-01-17,2023-01-17,d27cbcf98d3b2380e2a1a7fe21c155a171ac9021d84e9ae493842e6d79d10e22,aff7095772902fce7e606e6e54e560a29dda519ce480d851f43130d8cb45dafb,12,8.677021441046488,10.515469546197048,-0.979981627073458,0.9096485726933139,7.462267449679937,12.381210811376352,False
calibration::rolling_04,q=10|gain=0.5,10.0,0.5,rolling_03,721,88,2023-01-17,2023-05-16,2023-05-16,317ddbb17001d9a049381c41451a61291c15ec01597ef87e0a5866202da72df5,e20bc153999f0d7f03d220c1a626e6675962d4f0a98451d9d6010bc3073bbd79,88,7.0252672327333325,9.190704189584235,-1.1227302666816996,0.895707173920866,7.462267449679937,12.381210811376352,False
calibration::rolling_04,q=100|gain=0.25,100.0,0.25,rolling_01,619,90,2022-07-19,2022-10-18,2022-10-18,d50af3f34275fcdfbd05eac237c948a1c8d7ac77d3c16b48e7bc8f1c89d8b1a0,7819b4047c7d5d1243174c76640cf00c14059f4e509ab69102327145b42080a5,90,7.885998286929882,15.355781040481984,-1.5785110351009992,0.6701083672558199,7.688841305255279,13.097994483028362,False
calibration::rolling_04,q=100|gain=0.25,100.0,0.25,rolling_02,709,12,2022-10-18,2023-01-17,2023-01-17,d27cbcf98d3b2380e2a1a7fe21c155a171ac9021d84e9ae493842e6d79d10e22,aff7095772902fce7e606e6e54e560a29dda519ce480d851f43130d8cb45dafb,12,8.274805527206544,9.871775125293668,-1.5985708661785238,0.9203715640934957,7.688841305255279,13.097994483028362,False
calibration::rolling_04,q=100|gain=0.25,100.0,0.25,rolling_03,721,88,2023-01-17,2023-05-16,2023-05-16,317ddbb17001d9a049381c41451a61291c15ec01597ef87e0a5866202da72df5,e20bc153999f0d7f03d220c1a626e6675962d4f0a98451d9d6010bc3073bbd79,88,7.407299271003808,10.76847933286772,-0.9293527444624585,0.8568255190675875,7.688841305255279,13.097994483028362,False
calibration::rolling_04,q=25|gain=0.5,25.0,0.5,rolling_01,619,90,2022-07-19,2022-10-18,2022-10-18,d50af3f34275fcdfbd05eac237c948a1c8d7ac77d3c16b48e7bc8f1c89d8b1a0,7819b4047c7d5d1243174c76640cf00c14059f4e509ab69102327145b42080a5,90,7.951011142392833,15.383761242564,-1.4624953730416619,0.6689050622539237,7.853170690116819,12.996205612581297,False
calibration::rolling_04,q=25|gain=0.5,25.0,0.5,rolling_02,709,12,2022-10-18,2023-01-17,2023-01-17,d27cbcf98d3b2380e2a1a7fe21c155a171ac9021d84e9ae493842e6d79d10e22,aff7095772902fce7e606e6e54e560a29dda519ce480d851f43130d8cb45dafb,12,7.991306993280544,9.779599426580473,-0.9246385060744886,0.9218516504297153,7.853170690116819,12.996205612581297,False
calibration::rolling_04,q=25|gain=0.5,25.0,0.5,rolling_03,721,88,2023-01-17,2023-05-16,2023-05-16,317ddbb17001d9a049381c41451a61291c15ec01597ef87e0a5866202da72df5,e20bc153999f0d7f03d220c1a626e6675962d4f0a98451d9d6010bc3073bbd79,88,7.734269822584935,10.468655479997327,-0.9227516618004163,0.8646872642682072,7.853170690116819,12.996205612581297,False
calibration::rolling_04,q=0.5|gain=0.25,0.5,0.25,rolling_01,619,90,2022-07-19,2022-10-18,2022-10-18,d50af3f34275fcdfbd05eac237c948a1c8d7ac77d3c16b48e7bc8f1c89d8b1a0,7819b4047c7d5d1243174c76640cf00c14059f4e509ab69102327145b42080a5,90,8.630902170491279,16.592907754110865,-1.6066994576872957,0.6148122417047734,8.069495248059601,14.685987767785624,False
calibration::rolling_04,q=0.5|gain=0.25,0.5,0.25,rolling_02,709,12,2022-10-18,2023-01-17,2023-01-17,d27cbcf98d3b2380e2a1a7fe21c155a171ac9021d84e9ae493842e6d79d10e22,aff7095772902fce7e606e6e54e560a29dda519ce480d851f43130d8cb45dafb,12,12.932461492423782,18.035074780772558,-4.357437851995329,0.7342253392057834,8.069495248059601,14.685987767785624,False
calibration::rolling_04,q=0.5|gain=0.25,0.5,0.25,rolling_03,721,88,2023-01-17,2023-05-16,2023-05-16,317ddbb17001d9a049381c41451a61291c15ec01597ef87e0a5866202da72df5,e20bc153999f0d7f03d220c1a626e6675962d4f0a98451d9d6010bc3073bbd79,88,6.832197316795728,11.820862245266877,-1.7628308502523016,0.8274737541890378,8.069495248059601,14.685987767785624,False
calibration::rolling_04,q=400|gain=0.25,400.0,0.25,rolling_01,619,90,2022-07-19,2022-10-18,2022-10-18,d50af3f34275fcdfbd05eac237c948a1c8d7ac77d3c16b48e7bc8f1c89d8b1a0,7819b4047c7d5d1243174c76640cf00c14059f4e509ab69102327145b42080a5,90,8.297720584006635,16.200623114300374,-1.7797986834365471,0.6328099397655216,8.07192615085027,13.911845114590637,False
calibration::rolling_04,q=400|gain=0.25,400.0,0.25,rolling_02,709,12,2022-10-18,2023-01-17,2023-01-17,d27cbcf98d3b2380e2a1a7fe21c155a171ac9021d84e9ae493842e6d79d10e22,aff7095772902fce7e606e6e54e560a29dda519ce480d851f43130d8cb45dafb,12,8.310818891271433,9.974436125212668,-2.0461418609717232,0.9187067690373236,8.07192615085027,13.911845114590637,False
calibration::rolling_04,q=400|gain=0.25,400.0,0.25,rolling_03,721,88,2023-01-17,2023-05-16,2023-05-16,317ddbb17001d9a049381c41451a61291c15ec01597ef87e0a5866202da72df5,e20bc153999f0d7f03d220c1a626e6675962d4f0a98451d9d6010bc3073bbd79,88,7.808423743246559,11.656642178443992,-0.7150969188494573,0.8322340617711041,8.07192615085027,13.911845114590637,False
calibration::rolling_04,q=0.5|gain=0,0.5,0.0,rolling_01,619,90,2022-07-19,2022-10-18,2022-10-18,d50af3f34275fcdfbd05eac237c948a1c8d7ac77d3c16b48e7bc8f1c89d8b1a0,7819b4047c7d5d1243174c76640cf00c14059f4e509ab69102327145b42080a5,90,8.480450404443015,16.738261617521676,-1.61348886051894,0.608034194194127,8.145380177771942,15.520720135222485,False
calibration::rolling_04,q=0.5|gain=0,0.5,0.0,rolling_02,709,12,2022-10-18,2023-01-17,2023-01-17,d27cbcf98d3b2380e2a1a7fe21c155a171ac9021d84e9ae493842e6d79d10e22,aff7095772902fce7e606e6e54e560a29dda519ce480d851f43130d8cb45dafb,12,14.245050742182222,19.708895039035404,-4.68349491405117,0.6826034286722733,8.145380177771942,15.520720135222485,False
calibration::rolling_04,q=0.5|gain=0,0.5,0.0,rolling_03,721,88,2023-01-17,2023-05-16,2023-05-16,317ddbb17001d9a049381c41451a61291c15ec01597ef87e0a5866202da72df5,e20bc153999f0d7f03d220c1a626e6675962d4f0a98451d9d6010bc3073bbd79,88,6.970921459893306,13.438872748575061,-2.126159252661834,0.7770114605998999,8.145380177771942,15.520720135222485,False
calibration::rolling_04,q=0.5|gain=0.5,0.5,0.5,rolling_01,619,90,2022-07-19,2022-10-18,2022-10-18,d50af3f34275fcdfbd05eac237c948a1c8d7ac77d3c16b48e7bc8f1c89d8b1a0,7819b4047c7d5d1243174c76640cf00c14059f4e509ab69102327145b42080a5,90,9.045343623177047,16.697986141203785,-1.5999100548556502,0.609918215017826,8.43342609314108,14.366520188555578,False
calibration::rolling_04,q=0.5|gain=0.5,0.5,0.5,rolling_02,709,12,2022-10-18,2023-01-17,2023-01-17,d27cbcf98d3b2380e2a1a7fe21c155a171ac9021d84e9ae493842e6d79d10e22,aff7095772902fce7e606e6e54e560a29dda519ce480d851f43130d8cb45dafb,12,11.672268921416183,16.43861705110196,-4.031380789939488,0.7791953401525191,8.43342609314108,14.366520188555578,False
calibration::rolling_04,q=0.5|gain=0.5,0.5,0.5,rolling_03,721,88,2023-01-17,2023-05-16,2023-05-16,317ddbb17001d9a049381c41451a61291c15ec01597ef87e0a5866202da72df5,e20bc153999f0d7f03d220c1a626e6675962d4f0a98451d9d6010bc3073bbd79,88,7.365940960839514,11.118487455510781,-1.399502447842769,0.8473670562354914,8.43342609314108,14.366520188555578,False
calibration::rolling_04,q=100|gain=0.5,100.0,0.5,rolling_01,619,90,2022-07-19,2022-10-18,2022-10-18,d50af3f34275fcdfbd05eac237c948a1c8d7ac77d3c16b48e7bc8f1c89d8b1a0,7819b4047c7d5d1243174c76640cf00c14059f4e509ab69102327145b42080a5,90,8.506215353771852,16.277458465274997,-1.571721632269354,0.6293187060220293,8.670594693729889,14.386656491748962,False
calibration::rolling_04,q=100|gain=0.5,100.0,0.5,rolling_02,709,12,2022-10-18,2023-01-17,2023-01-17,d27cbcf98d3b2380e2a1a7fe21c155a171ac9021d84e9ae493842e6d79d10e22,aff7095772902fce7e606e6e54e560a29dda519ce480d851f43130d8cb45dafb,12,8.407202345744933,9.654176747191716,-1.2725138041226824,0.9238432909271029,8.670594693729889,14.386656491748962,False
calibration::rolling_04,q=100|gain=0.5,100.0,0.5,rolling_03,721,88,2023-01-17,2023-05-16,2023-05-16,317ddbb17001d9a049381c41451a61291c15ec01597ef87e0a5866202da72df5,e20bc153999f0d7f03d220c1a626e6675962d4f0a98451d9d6010bc3073bbd79,88,8.874627066139466,12.77469610927503,-0.566024342052926,0.7985079038261168,8.670594693729889,14.386656491748962,False
calibration::rolling_04,q=400|gain=0.5,400.0,0.5,rolling_01,619,90,2022-07-19,2022-10-18,2022-10-18,d50af3f34275fcdfbd05eac237c948a1c8d7ac77d3c16b48e7bc8f1c89d8b1a0,7819b4047c7d5d1243174c76640cf00c14059f4e509ab69102327145b42080a5,90,8.951122583193987,17.19175154536639,-1.7730092806049014,0.5865074102242054,9.117730613435741,15.302115214544777,False
calibration::rolling_04,q=400|gain=0.5,400.0,0.5,rolling_02,709,12,2022-10-18,2023-01-17,2023-01-17,d27cbcf98d3b2380e2a1a7fe21c155a171ac9021d84e9ae493842e6d79d10e22,aff7095772902fce7e606e6e54e560a29dda519ce480d851f43130d8cb45dafb,12,8.44321570980982,9.702295788269508,-1.7200847989158832,0.9230822274911815,9.117730613435741,15.302115214544777,False
calibration::rolling_04,q=400|gain=0.5,400.0,0.5,rolling_03,721,88,2023-01-17,2023-05-16,2023-05-16,317ddbb17001d9a049381c41451a61291c15ec01597ef87e0a5866202da72df5,e20bc153999f0d7f03d220c1a626e6675962d4f0a98451d9d6010bc3073bbd79,88,9.38010449485925,13.800409775251309,-0.35176851643992424,0.7648522520963104,9.117730613435741,15.302115214544777,False
calibration::rolling_05,q=10|gain=0,10.0,0.0,rolling_01,709,12,2022-10-18,2023-01-17,2023-01-17,d27cbcf98d3b2380e2a1a7fe21c155a171ac9021d84e9ae493842e6d79d10e22,aff7095772902fce7e606e6e54e560a29dda519ce480d851f43130d8cb45dafb,12,9.66193756404128,12.510448276217605,-1.6320957511851402,0.87211387712727,6.679386615136003,11.178580969596588,True
calibration::rolling_05,q=10|gain=0,10.0,0.0,rolling_02,721,88,2023-01-17,2023-05-16,2023-05-16,317ddbb17001d9a049381c41451a61291c15ec01597ef87e0a5866202da72df5,e20bc153999f0d7f03d220c1a626e6675962d4f0a98451d9d6010bc3073bbd79,88,5.11296436349908,8.350169617298771,-1.8493870715007654,0.913911041385816,6.679386615136003,11.178580969596588,True
calibration::rolling_05,q=10|gain=0,10.0,0.0,rolling_03,809,14,2023-05-16,2023-07-25,2023-07-25,026154aa5493e35de4c3ee4e2497a4234fe85d361e80edbbb53d6880276513c5,eee99ecbe76acf0c2c4a815bd89561498ad4893f0703a5e098d5d541405fbae9,14,13.968997097792142,21.097649834111937,-12.787220198660432,0.7087651165746536,6.679386615136003,11.178580969596588,True
calibration::rolling_05,q=25|gain=0,25.0,0.0,rolling_01,709,12,2022-10-18,2023-01-17,2023-01-17,d27cbcf98d3b2380e2a1a7fe21c155a171ac9021d84e9ae493842e6d79d10e22,aff7095772902fce7e606e6e54e560a29dda519ce480d851f43130d8cb45dafb,12,8.912298030116615,11.144066523338152,-1.5767526301861705,0.8985235958403971,6.901796918937281,10.83161748660028,False
calibration::rolling_05,q=25|gain=0,25.0,0.0,rolling_02,721,88,2023-01-17,2023-05-16,2023-05-16,317ddbb17001d9a049381c41451a61291c15ec01597ef87e0a5866202da72df5,e20bc153999f0d7f03d220c1a626e6675962d4f0a98451d9d6010bc3073bbd79,88,5.6060609087051425,8.45657074551268,-1.6494084666194815,0.9117031048629309,6.901796918937281,10.83161748660028,False
calibration::rolling_05,q=25|gain=0,25.0,0.0,rolling_03,809,14,2023-05-16,2023-07-25,2023-07-25,026154aa5493e35de4c3ee4e2497a4234fe85d361e80edbbb53d6880276513c5,eee99ecbe76acf0c2c4a815bd89561498ad4893f0703a5e098d5d541405fbae9,14,13.323136602242727,19.984727069597167,-12.404799526277916,0.7386805859428535,6.901796918937281,10.83161748660028,False
calibration::rolling_05,q=10|gain=0.25,10.0,0.25,rolling_01,709,12,2022-10-18,2023-01-17,2023-01-17,d27cbcf98d3b2380e2a1a7fe21c155a171ac9021d84e9ae493842e6d79d10e22,aff7095772902fce7e606e6e54e560a29dda519ce480d851f43130d8cb45dafb,12,9.137516959464524,11.378611214303262,-1.3060386891292977,0.894207179703679,7.018976596186708,10.62497721185609,False
calibration::rolling_05,q=10|gain=0.25,10.0,0.25,rolling_02,721,88,2023-01-17,2023-05-16,2023-05-16,317ddbb17001d9a049381c41451a61291c15ec01597ef87e0a5866202da72df5,e20bc153999f0d7f03d220c1a626e6675962d4f0a98451d9d6010bc3073bbd79,88,5.699929980267293,8.044746128079757,-1.4860586690912327,0.9200936034246832,7.018976596186708,10.62497721185609,False
calibration::rolling_05,q=10|gain=0.25,10.0,0.25,rolling_03,809,14,2023-05-16,2023-07-25,2023-07-25,026154aa5493e35de4c3ee4e2497a4234fe85d361e80edbbb53d6880276513c5,eee99ecbe76acf0c2c4a815bd89561498ad4893f0703a5e098d5d541405fbae9,14,13.494235013442035,20.03679434091725,-12.436925312469125,0.7373171534327334,7.018976596186708,10.62497721185609,False
calibration::rolling_05,q=25|gain=0.25,25.0,0.25,rolling_01,709,12,2022-10-18,2023-01-17,2023-01-17,d27cbcf98d3b2380e2a1a7fe21c155a171ac9021d84e9ae493842e6d79d10e22,aff7095772902fce7e606e6e54e560a29dda519ce480d851f43130d8cb45dafb,12,8.45180251169858,10.288098806499224,-1.250695568130329,0.9135135779284432,7.365881796652129,10.750785804244343,False
calibration::rolling_05,q=25|gain=0.25,25.0,0.25,rolling_02,721,88,2023-01-17,2023-05-16,2023-05-16,317ddbb17001d9a049381c41451a61291c15ec01597ef87e0a5866202da72df5,e20bc153999f0d7f03d220c1a626e6675962d4f0a98451d9d6010bc3073bbd79,88,6.33403785780133,8.84160168536071,-1.286080064209949,0.9034796803369113,7.365881796652129,10.750785804244343,False
calibration::rolling_05,q=25|gain=0.25,25.0,0.25,rolling_03,809,14,2023-05-16,2023-07-25,2023-07-25,026154aa5493e35de4c3ee4e2497a4234fe85d361e80edbbb53d6880276513c5,eee99ecbe76acf0c2c4a815bd89561498ad4893f0703a5e098d5d541405fbae9,14,12.92096879938877,18.94843823202966,-12.05450464008661,0.7650788741831391,7.365881796652129,10.750785804244343,False
calibration::rolling_05,q=100|gain=0,100.0,0.0,rolling_01,709,12,2022-10-18,2023-01-17,2023-01-17,d27cbcf98d3b2380e2a1a7fe21c155a171ac9021d84e9ae493842e6d79d10e22,aff7095772902fce7e606e6e54e560a29dda519ce480d851f43130d8cb45dafb,12,8.333150541883713,10.480533817468183,-1.9246279282343648,0.9102479276731142,7.4281689016746455,11.405191871811569,False
calibration::rolling_05,q=100|gain=0,100.0,0.0,rolling_02,721,88,2023-01-17,2023-05-16,2023-05-16,317ddbb17001d9a049381c41451a61291c15ec01597ef87e0a5866202da72df5,e20bc153999f0d7f03d220c1a626e6675962d4f0a98451d9d6010bc3073bbd79,88,6.381835043149573,9.668812192201484,-1.292681146871991,0.8845741427663741,7.4281689016746455,11.405191871811569,False
calibration::rolling_05,q=100|gain=0,100.0,0.0,rolling_03,809,14,2023-05-16,2023-07-25,2023-07-25,026154aa5493e35de4c3ee4e2497a4234fe85d361e80edbbb53d6880276513c5,eee99ecbe76acf0c2c4a815bd89561498ad4893f0703a5e098d5d541405fbae9,14,13.229426035081618,19.42766243317688,-12.34292245411929,0.7530458491694559,7.4281689016746455,11.405191871811569,False
calibration::rolling_05,q=2|gain=0.25,2.0,0.25,rolling_01,709,12,2022-10-18,2023-01-17,2023-01-17,d27cbcf98d3b2380e2a1a7fe21c155a171ac9021d84e9ae493842e6d79d10e22,aff7095772902fce7e606e6e54e560a29dda519ce480d851f43130d8cb45dafb,12,10.063440148898604,14.247751550127894,-2.3492512460391666,0.834129045259238,7.430525364821845,12.480804476892528,False
calibration::rolling_05,q=2|gain=0.25,2.0,0.25,rolling_02,721,88,2023-01-17,2023-05-16,2023-05-16,317ddbb17001d9a049381c41451a61291c15ec01597ef87e0a5866202da72df5,e20bc153999f0d7f03d220c1a626e6675962d4f0a98451d9d6010bc3073bbd79,88,5.746961579561887,9.18380771156257,-1.7788260293769655,0.8958636327325317,7.430525364821845,12.480804476892528,False
calibration::rolling_05,q=2|gain=0.25,2.0,0.25,rolling_03,809,14,2023-05-16,2023-07-25,2023-07-25,026154aa5493e35de4c3ee4e2497a4234fe85d361e80edbbb53d6880276513c5,eee99ecbe76acf0c2c4a815bd89561498ad4893f0703a5e098d5d541405fbae9,14,15.756142200104364,23.754291573761307,-14.083966052114608,0.6308019499310301,7.430525364821845,12.480804476892528,False
calibration::rolling_05,q=2|gain=0,2.0,0.0,rolling_01,709,12,2022-10-18,2023-01-17,2023-01-17,d27cbcf98d3b2380e2a1a7fe21c155a171ac9021d84e9ae493842e6d79d10e22,aff7095772902fce7e606e6e54e560a29dda519ce480d851f43130d8cb45dafb,12,11.267524630955348,15.77073193720002,-2.675308308095007,0.7967730134586922,7.46659413627422,13.650371653382305,False
calibration::rolling_05,q=2|gain=0,2.0,0.0,rolling_02,721,88,2023-01-17,2023-05-16,2023-05-16,317ddbb17001d9a049381c41451a61291c15ec01597ef87e0a5866202da72df5,e20bc153999f0d7f03d220c1a626e6675962d4f0a98451d9d6010bc3073bbd79,88,5.553963363425391,10.451902101768923,-2.1421544317864987,0.865120009716114,7.46659413627422,13.650371653382305,False
calibration::rolling_05,q=2|gain=0,2.0,0.0,rolling_03,809,14,2023-05-16,2023-07-25,2023-07-25,026154aa5493e35de4c3ee4e2497a4234fe85d361e80edbbb53d6880276513c5,eee99ecbe76acf0c2c4a815bd89561498ad4893f0703a5e098d5d541405fbae9,14,16.23090428445447,24.848126088336155,-14.434260938305918,0.596017532932732,7.46659413627422,13.650371653382305,False
calibration::rolling_05,q=400|gain=0,400.0,0.0,rolling_01,709,12,2022-10-18,2023-01-17,2023-01-17,d27cbcf98d3b2380e2a1a7fe21c155a171ac9021d84e9ae493842e6d79d10e22,aff7095772902fce7e606e6e54e560a29dda519ce480d851f43130d8cb45dafb,12,8.207330222714308,10.62944203545983,-2.372198923027564,0.9076794009966916,7.572598580395579,11.860017430822381,False
calibration::rolling_05,q=400|gain=0,400.0,0.0,rolling_02,721,88,2023-01-17,2023-05-16,2023-05-16,317ddbb17001d9a049381c41451a61291c15ec01597ef87e0a5866202da72df5,e20bc153999f0d7f03d220c1a626e6675962d4f0a98451d9d6010bc3073bbd79,88,6.560289363889674,10.298630947621117,-1.0784253212589898,0.8690468799032134,7.572598580395579,11.860017430822381,False
calibration::rolling_05,q=400|gain=0,400.0,0.0,rolling_03,809,14,2023-05-16,2023-07-25,2023-07-25,026154aa5493e35de4c3ee4e2497a4234fe85d361e80edbbb53d6880276513c5,eee99ecbe76acf0c2c4a815bd89561498ad4893f0703a5e098d5d541405fbae9,14,13.391629390730927,19.541133780098814,-12.430893391004977,0.7501526493258426,7.572598580395579,11.860017430822381,False
calibration::rolling_05,q=10|gain=0.5,10.0,0.5,rolling_01,709,12,2022-10-18,2023-01-17,2023-01-17,d27cbcf98d3b2380e2a1a7fe21c155a171ac9021d84e9ae493842e6d79d10e22,aff7095772902fce7e606e6e54e560a29dda519ce480d851f43130d8cb45dafb,12,8.677021441046488,10.515469546197048,-0.979981627073458,0.9096485726933139,7.936632770741758,11.006592338772101,False
calibration::rolling_05,q=10|gain=0.5,10.0,0.5,rolling_02,721,88,2023-01-17,2023-05-16,2023-05-16,317ddbb17001d9a049381c41451a61291c15ec01597ef87e0a5866202da72df5,e20bc153999f0d7f03d220c1a626e6675962d4f0a98451d9d6010bc3073bbd79,88,7.0252672327333325,9.190704189584235,-1.1227302666816996,0.895707173920866,7.936632770741758,11.006592338772101,False
calibration::rolling_05,q=10|gain=0.5,10.0,0.5,rolling_03,809,14,2023-05-16,2023-07-25,2023-07-25,026154aa5493e35de4c3ee4e2497a4234fe85d361e80edbbb53d6880276513c5,eee99ecbe76acf0c2c4a815bd89561498ad4893f0703a5e098d5d541405fbae9,14,13.030597292247817,18.993159510344974,-12.086630426277816,0.7639686643821074,7.936632770741758,11.006592338772101,False
calibration::rolling_05,q=2|gain=0.5,2.0,0.5,rolling_01,709,12,2022-10-18,2023-01-17,2023-01-17,d27cbcf98d3b2380e2a1a7fe21c155a171ac9021d84e9ae493842e6d79d10e22,aff7095772902fce7e606e6e54e560a29dda519ce480d851f43130d8cb45dafb,12,9.537963088136655,12.861636449134325,-2.0231941839833247,0.8648331674730096,7.991899540593167,12.063738243438447,False
calibration::rolling_05,q=2|gain=0.5,2.0,0.5,rolling_02,721,88,2023-01-17,2023-05-16,2023-05-16,317ddbb17001d9a049381c41451a61291c15ec01597ef87e0a5866202da72df5,e20bc153999f0d7f03d220c1a626e6675962d4f0a98451d9d6010bc3073bbd79,88,6.621382601697972,9.176104087712982,-1.4154976269674329,0.896038264206265,7.991899540593167,12.063738243438447,False
calibration::rolling_05,q=2|gain=0.5,2.0,0.5,rolling_03,809,14,2023-05-16,2023-07-25,2023-07-25,026154aa5493e35de4c3ee4e2497a4234fe85d361e80edbbb53d6880276513c5,eee99ecbe76acf0c2c4a815bd89561498ad4893f0703a5e098d5d541405fbae9,14,15.281380115754262,22.6717455884735,-13.733671165923303,0.6636858410206224,7.991899540593167,12.063738243438447,False
calibration::rolling_05,q=100|gain=0.25,100.0,0.25,rolling_01,709,12,2022-10-18,2023-01-17,2023-01-17,d27cbcf98d3b2380e2a1a7fe21c155a171ac9021d84e9ae493842e6d79d10e22,aff7095772902fce7e606e6e54e560a29dda519ce480d851f43130d8cb45dafb,12,8.274805527206544,9.871775125293668,-1.5985708661785238,0.9203715640934957,8.169372731963268,11.892534818999083,False
calibration::rolling_05,q=100|gain=0.25,100.0,0.25,rolling_02,721,88,2023-01-17,2023-05-16,2023-05-16,317ddbb17001d9a049381c41451a61291c15ec01597ef87e0a5866202da72df5,e20bc153999f0d7f03d220c1a626e6675962d4f0a98451d9d6010bc3073bbd79,88,7.407299271003808,10.76847933286772,-0.9293527444624585,0.8568255190675875,8.169372731963268,11.892534818999083,False
calibration::rolling_05,q=100|gain=0.25,100.0,0.25,rolling_03,809,14,2023-05-16,2023-07-25,2023-07-25,026154aa5493e35de4c3ee4e2497a4234fe85d361e80edbbb53d6880276513c5,eee99ecbe76acf0c2c4a815bd89561498ad4893f0703a5e098d5d541405fbae9,14,12.869177804928507,18.41849913612185,-11.99262756792798,0.7780354039548503,8.169372731963268,11.892534818999083,False
calibration::rolling_05,q=25|gain=0.5,25.0,0.5,rolling_01,709,12,2022-10-18,2023-01-17,2023-01-17,d27cbcf98d3b2380e2a1a7fe21c155a171ac9021d84e9ae493842e6d79d10e22,aff7095772902fce7e606e6e54e560a29dda519ce480d851f43130d8cb45dafb,12,7.991306993280544,9.779599426580473,-0.9246385060744886,0.9218516504297153,8.350837375819825,11.58275957370607,False
calibration::rolling_05,q=25|gain=0.5,25.0,0.5,rolling_02,721,88,2023-01-17,2023-05-16,2023-05-16,317ddbb17001d9a049381c41451a61291c15ec01597ef87e0a5866202da72df5,e20bc153999f0d7f03d220c1a626e6675962d4f0a98451d9d6010bc3073bbd79,88,7.734269822584935,10.468655479997327,-0.9227516618004163,0.8646872642682072,8.350837375819825,11.58275957370607,False
calibration::rolling_05,q=25|gain=0.5,25.0,0.5,rolling_03,809,14,2023-05-16,2023-07-25,2023-07-25,026154aa5493e35de4c3ee4e2497a4234fe85d361e80edbbb53d6880276513c5,eee99ecbe76acf0c2c4a815bd89561498ad4893f0703a5e098d5d541405fbae9,14,12.534573752615671,17.9332648619146,-11.704209753895299,0.7895766365147191,8.350837375819825,11.58275957370607,False
calibration::rolling_05,q=400|gain=0.25,400.0,0.25,rolling_01,709,12,2022-10-18,2023-01-17,2023-01-17,d27cbcf98d3b2380e2a1a7fe21c155a171ac9021d84e9ae493842e6d79d10e22,aff7095772902fce7e606e6e54e560a29dda519ce480d851f43130d8cb45dafb,12,8.310818891271433,9.974436125212668,-2.0461418609717232,0.9187067690373236,8.500873671645977,12.551780898775895,False
calibration::rolling_05,q=400|gain=0.25,400.0,0.25,rolling_02,721,88,2023-01-17,2023-05-16,2023-05-16,317ddbb17001d9a049381c41451a61291c15ec01597ef87e0a5866202da72df5,e20bc153999f0d7f03d220c1a626e6675962d4f0a98451d9d6010bc3073bbd79,88,7.808423743246559,11.656642178443992,-0.7150969188494573,0.8322340617711041,8.500873671645977,12.551780898775895,False
calibration::rolling_05,q=400|gain=0.25,400.0,0.25,rolling_03,809,14,2023-05-16,2023-07-25,2023-07-25,026154aa5493e35de4c3ee4e2497a4234fe85d361e80edbbb53d6880276513c5,eee99ecbe76acf0c2c4a815bd89561498ad4893f0703a5e098d5d541405fbae9,14,13.016320176191929,18.534342078607622,-12.080598504813668,0.7752345359085443,8.500873671645977,12.551780898775895,False
calibration::rolling_05,q=0.5|gain=0.25,0.5,0.25,rolling_01,709,12,2022-10-18,2023-01-17,2023-01-17,d27cbcf98d3b2380e2a1a7fe21c155a171ac9021d84e9ae493842e6d79d10e22,aff7095772902fce7e606e6e54e560a29dda519ce480d851f43130d8cb45dafb,12,12.932461492423782,18.035074780772558,-4.357437851995329,0.7342253392057834,8.954794745241818,15.580842309527325,False
calibration::rolling_05,q=0.5|gain=0.25,0.5,0.25,rolling_02,721,88,2023-01-17,2023-05-16,2023-05-16,317ddbb17001d9a049381c41451a61291c15ec01597ef87e0a5866202da72df5,e20bc153999f0d7f03d220c1a626e6675962d4f0a98451d9d6010bc3073bbd79,88,6.832197316795728,11.820862245266877,-1.7628308502523016,0.8274737541890378,8.954794745241818,15.580842309527325,False
calibration::rolling_05,q=0.5|gain=0.25,0.5,0.25,rolling_03,809,14,2023-05-16,2023-07-25,2023-07-25,026154aa5493e35de4c3ee4e2497a4234fe85d361e80edbbb53d6880276513c5,eee99ecbe76acf0c2c4a815bd89561498ad4893f0703a5e098d5d541405fbae9,14,18.887407083604142,28.62976683553737,-15.920418035267137,0.4636962238148289,8.954794745241818,15.580842309527325,False
calibration::rolling_05,q=0.5|gain=0.5,0.5,0.5,rolling_01,709,12,2022-10-18,2023-01-17,2023-01-17,d27cbcf98d3b2380e2a1a7fe21c155a171ac9021d84e9ae493842e6d79d10e22,aff7095772902fce7e606e6e54e560a29dda519ce480d851f43130d8cb45dafb,12,11.672268921416183,16.43861705110196,-4.031380789939488,0.7791953401525191,9.167551240091175,14.730128839898766,False
calibration::rolling_05,q=0.5|gain=0.5,0.5,0.5,rolling_02,721,88,2023-01-17,2023-05-16,2023-05-16,317ddbb17001d9a049381c41451a61291c15ec01597ef87e0a5866202da72df5,e20bc153999f0d7f03d220c1a626e6675962d4f0a98451d9d6010bc3073bbd79,88,7.365940960839514,11.118487455510781,-1.399502447842769,0.8473670562354914,9.167551240091175,14.730128839898766,False
calibration::rolling_05,q=0.5|gain=0.5,0.5,0.5,rolling_03,809,14,2023-05-16,2023-07-25,2023-07-25,026154aa5493e35de4c3ee4e2497a4234fe85d361e80edbbb53d6880276513c5,eee99ecbe76acf0c2c4a815bd89561498ad4893f0703a5e098d5d541405fbae9,14,18.34505783996588,27.534366274678018,-15.57012314907583,0.5039500578463788,9.167551240091175,14.730128839898766,False
calibration::rolling_05,q=0.5|gain=0,0.5,0.0,rolling_01,709,12,2022-10-18,2023-01-17,2023-01-17,d27cbcf98d3b2380e2a1a7fe21c155a171ac9021d84e9ae493842e6d79d10e22,aff7095772902fce7e606e6e54e560a29dda519ce480d851f43130d8cb45dafb,12,14.245050742182222,19.708895039035404,-4.68349491405117,0.6826034286722733,9.266651631212204,16.996295608441198,False
calibration::rolling_05,q=0.5|gain=0,0.5,0.0,rolling_02,721,88,2023-01-17,2023-05-16,2023-05-16,317ddbb17001d9a049381c41451a61291c15ec01597ef87e0a5866202da72df5,e20bc153999f0d7f03d220c1a626e6675962d4f0a98451d9d6010bc3073bbd79,88,6.970921459893306,13.438872748575061,-2.126159252661834,0.7770114605998999,9.266651631212204,16.996295608441198,False
calibration::rolling_05,q=0.5|gain=0,0.5,0.0,rolling_03,809,14,2023-05-16,2023-07-25,2023-07-25,026154aa5493e35de4c3ee4e2497a4234fe85d361e80edbbb53d6880276513c5,eee99ecbe76acf0c2c4a815bd89561498ad4893f0703a5e098d5d541405fbae9,14,19.429756327242405,29.733658600214827,-16.270712921458443,0.42154186387457315,9.266651631212204,16.996295608441198,False
calibration::rolling_05,q=100|gain=0.5,100.0,0.5,rolling_01,709,12,2022-10-18,2023-01-17,2023-01-17,d27cbcf98d3b2380e2a1a7fe21c155a171ac9021d84e9ae493842e6d79d10e22,aff7095772902fce7e606e6e54e560a29dda519ce480d851f43130d8cb45dafb,12,8.407202345744933,9.654176747191716,-1.2725138041226824,0.9238432909271029,9.276107055282909,13.157197008109124,False
calibration::rolling_05,q=100|gain=0.5,100.0,0.5,rolling_02,721,88,2023-01-17,2023-05-16,2023-05-16,317ddbb17001d9a049381c41451a61291c15ec01597ef87e0a5866202da72df5,e20bc153999f0d7f03d220c1a626e6675962d4f0a98451d9d6010bc3073bbd79,88,8.874627066139466,12.77469610927503,-0.566024342052926,0.7985079038261168,9.276107055282909,13.157197008109124,False
calibration::rolling_05,q=100|gain=0.5,100.0,0.5,rolling_03,809,14,2023-05-16,2023-07-25,2023-07-25,026154aa5493e35de4c3ee4e2497a4234fe85d361e80edbbb53d6880276513c5,eee99ecbe76acf0c2c4a815bd89561498ad4893f0703a5e098d5d541405fbae9,14,12.544471023788535,17.43424317327697,-11.642332681736672,0.8011244328315389,9.276107055282909,13.157197008109124,False
calibration::rolling_05,q=400|gain=0.5,400.0,0.5,rolling_01,709,12,2022-10-18,2023-01-17,2023-01-17,d27cbcf98d3b2380e2a1a7fe21c155a171ac9021d84e9ae493842e6d79d10e22,aff7095772902fce7e606e6e54e560a29dda519ce480d851f43130d8cb45dafb,12,8.44321570980982,9.702295788269508,-1.7200847989158832,0.9230822274911815,9.688161154351397,13.955639000173422,False
calibration::rolling_05,q=400|gain=0.5,400.0,0.5,rolling_02,721,88,2023-01-17,2023-05-16,2023-05-16,317ddbb17001d9a049381c41451a61291c15ec01597ef87e0a5866202da72df5,e20bc153999f0d7f03d220c1a626e6675962d4f0a98451d9d6010bc3073bbd79,88,9.38010449485925,13.800409775251309,-0.35176851643992424,0.7648522520963104,9.688161154351397,13.955639000173422,False
calibration::rolling_05,q=400|gain=0.5,400.0,0.5,rolling_03,809,14,2023-05-16,2023-07-25,2023-07-25,026154aa5493e35de4c3ee4e2497a4234fe85d361e80edbbb53d6880276513c5,eee99ecbe76acf0c2c4a815bd89561498ad4893f0703a5e098d5d541405fbae9,14,12.691613395051956,17.552562347126283,-11.730303618622358,0.7984158965825404,9.688161154351397,13.955639000173422,False
outer::leave_profile_out_P-D01,q=10|gain=0,10.0,0.0,rolling_01,657,81,2023-01-17,2023-05-16,2023-05-16,d8486c0b166567c3c7c2d047ff9ddfb54ebf79d8fd079b11809e65a64f959332,7872a3f8e264cb7672796bd87a6e04efb6c5ddcca11a270a9a9b01eb41f1df3c,81,4.894556161006315,7.321525768166921,-1.3872479358969465,0.9049116362648074,6.329916444220767,11.304593419584371,True
outer::leave_profile_out_P-D01,q=10|gain=0,10.0,0.0,rolling_02,738,14,2023-05-16,2023-07-25,2023-07-25,3dd93485f6c6225249ce572d5c814abb10ed516850902cbbe0e41e787fcb2043,eee99ecbe76acf0c2c4a815bd89561498ad4893f0703a5e098d5d541405fbae9,14,13.948197605941413,21.062601696565565,-12.770142656202271,0.709731931553996,6.329916444220767,11.304593419584371,True
outer::leave_profile_out_P-D01,q=10|gain=0,10.0,0.0,rolling_03,752,81,2023-07-25,2023-11-07,2023-11-07,060bb5c4fc52bde407bb6ed8bacb87cf75814d5bcaef6b9e35257e9509bb753b,3781b5f027bb5d9d0d9643809ffb45298245133ce0effa656d12d5bccf5c1e3b,81,6.448536773557574,12.140568625489877,-0.9838130908039993,0.8537002835998609,6.329916444220767,11.304593419584371,True
outer::leave_profile_out_P-D01,q=25|gain=0,25.0,0.0,rolling_01,657,81,2023-01-17,2023-05-16,2023-05-16,d8486c0b166567c3c7c2d047ff9ddfb54ebf79d8fd079b11809e65a64f959332,7872a3f8e264cb7672796bd87a6e04efb6c5ddcca11a270a9a9b01eb41f1df3c,81,5.513853693823238,7.759258429025797,-1.2896380384289068,0.8932016317844886,6.396439462523711,10.785876954606682,False
outer::leave_profile_out_P-D01,q=25|gain=0,25.0,0.0,rolling_02,738,14,2023-05-16,2023-07-25,2023-07-25,3dd93485f6c6225249ce572d5c814abb10ed516850902cbbe0e41e787fcb2043,eee99ecbe76acf0c2c4a815bd89561498ad4893f0703a5e098d5d541405fbae9,14,13.311532856961207,19.963360037775146,-12.396260015573954,0.7392390759639816,6.396439462523711,10.785876954606682,False
outer::leave_profile_out_P-D01,q=25|gain=0,25.0,0.0,rolling_03,752,81,2023-07-25,2023-11-07,2023-11-07,060bb5c4fc52bde407bb6ed8bacb87cf75814d5bcaef6b9e35257e9509bb753b,3781b5f027bb5d9d0d9643809ffb45298245133ce0effa656d12d5bccf5c1e3b,81,6.083823903790542,11.121545721936117,-0.4549650801826877,0.8772290175729596,6.396439462523711,10.785876954606682,False
outer::leave_profile_out_P-D01,q=10|gain=0.25,10.0,0.25,rolling_01,657,81,2023-01-17,2023-05-16,2023-05-16,d8486c0b166567c3c7c2d047ff9ddfb54ebf79d8fd079b11809e65a64f959332,7872a3f8e264cb7672796bd87a6e04efb6c5ddcca11a270a9a9b01eb41f1df3c,81,5.548327402580465,7.523492430941199,-1.3245383755519196,0.899593192059375,6.527920989133769,10.807598091259816,False
outer::leave_profile_out_P-D01,q=10|gain=0.25,10.0,0.25,rolling_02,738,14,2023-05-16,2023-07-25,2023-07-25,3dd93485f6c6225249ce572d5c814abb10ed516850902cbbe0e41e787fcb2043,eee99ecbe76acf0c2c4a815bd89561498ad4893f0703a5e098d5d541405fbae9,14,13.47343552159131,20.00220723023005,-12.41984777001096,0.7382232463918232,6.527920989133769,10.807598091259816,False
outer::leave_profile_out_P-D01,q=10|gain=0.25,10.0,0.25,rolling_03,752,81,2023-07-25,2023-11-07,2023-11-07,060bb5c4fc52bde407bb6ed8bacb87cf75814d5bcaef6b9e35257e9509bb753b,3781b5f027bb5d9d0d9643809ffb45298245133ce0effa656d12d5bccf5c1e3b,81,6.307055273780827,11.31559665492883,-0.13064517917373536,0.8729073763761547,6.527920989133769,10.807598091259816,False
outer::leave_profile_out_P-D01,q=100|gain=0,100.0,0.0,rolling_01,657,81,2023-01-17,2023-05-16,2023-05-16,d8486c0b166567c3c7c2d047ff9ddfb54ebf79d8fd079b11809e65a64f959332,7872a3f8e264cb7672796bd87a6e04efb6c5ddcca11a270a9a9b01eb41f1df3c,81,6.334700964127392,9.31710558568723,-1.0278354098047335,0.8460122341404583,6.603958050015994,10.895054119232137,False
outer::leave_profile_out_P-D01,q=100|gain=0,100.0,0.0,rolling_02,738,14,2023-05-16,2023-07-25,2023-07-25,3dd93485f6c6225249ce572d5c814abb10ed516850902cbbe0e41e787fcb2043,eee99ecbe76acf0c2c4a815bd89561498ad4893f0703a5e098d5d541405fbae9,14,13.229527379679492,19.423759210191644,-12.34234049804553,0.7531450706059578,6.603958050015994,10.895054119232137,False
outer::leave_profile_out_P-D01,q=100|gain=0,100.0,0.0,rolling_03,752,81,2023-07-25,2023-11-07,2023-11-07,060bb5c4fc52bde407bb6ed8bacb87cf75814d5bcaef6b9e35257e9509bb753b,3781b5f027bb5d9d0d9643809ffb45298245133ce0effa656d12d5bccf5c1e3b,81,5.728055004851643,10.290921966084964,0.40201594712771893,0.8948827482302903,6.603958050015994,10.895054119232137,False
outer::leave_profile_out_P-D01,q=400|gain=0,400.0,0.0,rolling_01,657,81,2023-01-17,2023-05-16,2023-05-16,d8486c0b166567c3c7c2d047ff9ddfb54ebf79d8fd079b11809e65a64f959332,7872a3f8e264cb7672796bd87a6e04efb6c5ddcca11a270a9a9b01eb41f1df3c,81,6.500880744497174,10.033985583694152,-0.8332613710092333,0.8214042461646734,6.671009084418769,11.195226537686866,False
outer::leave_profile_out_P-D01,q=400|gain=0,400.0,0.0,rolling_02,738,14,2023-05-16,2023-07-25,2023-07-25,3dd93485f6c6225249ce572d5c814abb10ed516850902cbbe0e41e787fcb2043,eee99ecbe76acf0c2c4a815bd89561498ad4893f0703a5e098d5d541405fbae9,14,13.393659279651429,19.544415497557807,-12.432391849300597,0.7500687240765735,6.671009084418769,11.195226537686866,False
outer::leave_profile_out_P-D01,q=400|gain=0,400.0,0.0,rolling_03,752,81,2023-07-25,2023-11-07,2023-11-07,060bb5c4fc52bde407bb6ed8bacb87cf75814d5bcaef6b9e35257e9509bb753b,3781b5f027bb5d9d0d9643809ffb45298245133ce0effa656d12d5bccf5c1e3b,81,5.679197884423606,10.277445298123586,0.8897463470704101,0.8951578844555035,6.671009084418769,11.195226537686866,False
outer::leave_profile_out_P-D01,q=25|gain=0.25,25.0,0.25,rolling_01,657,81,2023-01-17,2023-05-16,2023-05-16,d8486c0b166567c3c7c2d047ff9ddfb54ebf79d8fd079b11809e65a64f959332,7872a3f8e264cb7672796bd87a6e04efb6c5ddcca11a270a9a9b01eb41f1df3c,81,6.248860566180975,8.588188072201264,-1.2269284780838794,0.8691639944148825,6.6994836772789075,10.686486398805457,False
outer::leave_profile_out_P-D01,q=25|gain=0.25,25.0,0.25,rolling_02,738,14,2023-05-16,2023-07-25,2023-07-25,3dd93485f6c6225249ce572d5c814abb10ed516850902cbbe0e41e787fcb2043,eee99ecbe76acf0c2c4a815bd89561498ad4893f0703a5e098d5d541405fbae9,14,12.911729134423313,18.92758545905559,-12.045965129382646,0.7655956514816555,6.6994836772789075,10.686486398805457,False
outer::leave_profile_out_P-D01,q=25|gain=0.25,25.0,0.25,rolling_03,752,81,2023-07-25,2023-11-07,2023-11-07,060bb5c4fc52bde407bb6ed8bacb87cf75814d5bcaef6b9e35257e9509bb753b,3781b5f027bb5d9d0d9643809ffb45298245133ce0effa656d12d5bccf5c1e3b,81,6.0763853513395345,10.60486186622855,0.3982028314475754,0.8883714046740857,6.6994836772789075,10.686486398805457,False
outer::leave_profile_out_P-D01,q=2|gain=0,2.0,0.0,rolling_01,657,81,2023-01-17,2023-05-16,2023-05-16,d8486c0b166567c3c7c2d047ff9ddfb54ebf79d8fd079b11809e65a64f959332,7872a3f8e264cb7672796bd87a6e04efb6c5ddcca11a270a9a9b01eb41f1df3c,81,5.098949979957326,8.848773315348051,-1.4210396095479394,0.8611038131685794,6.909293377551865,13.314914592749739,False
outer::leave_profile_out_P-D01,q=2|gain=0,2.0,0.0,rolling_02,738,14,2023-05-16,2023-07-25,2023-07-25,3dd93485f6c6225249ce572d5c814abb10ed516850902cbbe0e41e787fcb2043,eee99ecbe76acf0c2c4a815bd89561498ad4893f0703a5e098d5d541405fbae9,14,16.19482038712446,24.79098639095152,-14.403478575019893,0.5978733585985883,6.909293377551865,13.314914592749739,False
outer::leave_profile_out_P-D01,q=2|gain=0,2.0,0.0,rolling_03,752,81,2023-07-25,2023-11-07,2023-11-07,060bb5c4fc52bde407bb6ed8bacb87cf75814d5bcaef6b9e35257e9509bb753b,3781b5f027bb5d9d0d9643809ffb45298245133ce0effa656d12d5bccf5c1e3b,81,7.1147308722573115,14.166486838223452,-1.7782101635866976,0.8007998079438678,6.909293377551865,13.314914592749739,False
outer::leave_profile_out_P-D01,q=2|gain=0.25,2.0,0.25,rolling_01,657,81,2023-01-17,2023-05-16,2023-05-16,d8486c0b166567c3c7c2d047ff9ddfb54ebf79d8fd079b11809e65a64f959332,7872a3f8e264cb7672796bd87a6e04efb6c5ddcca11a270a9a9b01eb41f1df3c,81,5.50246372680628,8.052843280707078,-1.3583300492029122,0.884966938529474,6.977524653338152,12.378100620671445,False
outer::leave_profile_out_P-D01,q=2|gain=0.25,2.0,0.25,rolling_02,738,14,2023-05-16,2023-07-25,2023-07-25,3dd93485f6c6225249ce572d5c814abb10ed516850902cbbe0e41e787fcb2043,eee99ecbe76acf0c2c4a815bd89561498ad4893f0703a5e098d5d541405fbae9,14,15.720058302774357,23.697307734944108,-14.053183688828584,0.6325711534320189,6.977524653338152,12.378100620671445,False
outer::leave_profile_out_P-D01,q=2|gain=0.25,2.0,0.25,rolling_03,752,81,2023-07-25,2023-11-07,2023-11-07,060bb5c4fc52bde407bb6ed8bacb87cf75814d5bcaef6b9e35257e9509bb753b,3781b5f027bb5d9d0d9643809ffb45298245133ce0effa656d12d5bccf5c1e3b,81,6.9415303812020355,13.07701470638096,-0.9250422519564342,0.830260604108221,6.977524653338152,12.378100620671445,False
outer::leave_profile_out_P-D01,q=100|gain=0.25,100.0,0.25,rolling_01,657,81,2023-01-17,2023-05-16,2023-05-16,d8486c0b166567c3c7c2d047ff9ddfb54ebf79d8fd079b11809e65a64f959332,7872a3f8e264cb7672796bd87a6e04efb6c5ddcca11a270a9a9b01eb41f1df3c,81,7.379276386676834,10.734257247389948,-0.9651258494597067,0.7956059817325667,7.196685356183815,11.355768739486594,False
outer::leave_profile_out_P-D01,q=100|gain=0.25,100.0,0.25,rolling_02,738,14,2023-05-16,2023-07-25,2023-07-25,3dd93485f6c6225249ce572d5c814abb10ed516850902cbbe0e41e787fcb2043,eee99ecbe76acf0c2c4a815bd89561498ad4893f0703a5e098d5d541405fbae9,14,12.86958328556693,18.414812703872126,-11.992045611854223,0.7781242467593232,7.196685356183815,11.355768739486594,False
outer::leave_profile_out_P-D01,q=100|gain=0.25,100.0,0.25,rolling_03,752,81,2023-07-25,2023-11-07,2023-11-07,060bb5c4fc52bde407bb6ed8bacb87cf75814d5bcaef6b9e35257e9509bb753b,3781b5f027bb5d9d0d9643809ffb45298245133ce0effa656d12d5bccf5c1e3b,81,6.033593449007295,10.313105636370006,1.2551838587579824,0.894429066853099,7.196685356183815,11.355768739486594,False
outer::leave_profile_out_P-D01,q=10|gain=0.5,10.0,0.5,rolling_01,657,81,2023-01-17,2023-05-16,2023-05-16,d8486c0b166567c3c7c2d047ff9ddfb54ebf79d8fd079b11809e65a64f959332,7872a3f8e264cb7672796bd87a6e04efb6c5ddcca11a270a9a9b01eb41f1df3c,81,6.912636576082125,9.00806443543995,-1.261828815206893,0.8560581262136439,7.273355259272997,11.061900703328599,False
outer::leave_profile_out_P-D01,q=10|gain=0.5,10.0,0.5,rolling_02,738,14,2023-05-16,2023-07-25,2023-07-25,3dd93485f6c6225249ce572d5c814abb10ed516850902cbbe0e41e787fcb2043,eee99ecbe76acf0c2c4a815bd89561498ad4893f0703a5e098d5d541405fbae9,14,13.012048296542758,18.95911600580976,-12.06955288381965,0.7648140353209449,7.273355259272997,11.061900703328599,False
outer::leave_profile_out_P-D01,q=10|gain=0.5,10.0,0.5,rolling_03,752,81,2023-07-25,2023-11-07,2023-11-07,060bb5c4fc52bde407bb6ed8bacb87cf75814d5bcaef6b9e35257e9509bb753b,3781b5f027bb5d9d0d9643809ffb45298245133ce0effa656d12d5bccf5c1e3b,81,6.642201071824648,11.072888462506846,0.7225227324565275,0.8783009246783514,7.273355259272997,11.061900703328599,False
outer::leave_profile_out_P-D01,q=2|gain=0.5,2.0,0.5,rolling_01,657,81,2023-01-17,2023-05-16,2023-05-16,d8486c0b166567c3c7c2d047ff9ddfb54ebf79d8fd079b11809e65a64f959332,7872a3f8e264cb7672796bd87a6e04efb6c5ddcca11a270a9a9b01eb41f1df3c,81,6.4139249210450116,8.540484081769241,-1.2956204888578857,0.8706134422500696,7.508585472403818,12.070581008664004,False
outer::leave_profile_out_P-D01,q=2|gain=0.5,2.0,0.5,rolling_02,738,14,2023-05-16,2023-07-25,2023-07-25,3dd93485f6c6225249ce572d5c814abb10ed516850902cbbe0e41e787fcb2043,eee99ecbe76acf0c2c4a815bd89561498ad4893f0703a5e098d5d541405fbae9,14,15.245296218424253,22.614961050612585,-13.702888802637277,0.6653684223567438,7.508585472403818,12.070581008664004,False
outer::leave_profile_out_P-D01,q=2|gain=0.5,2.0,0.5,rolling_03,752,81,2023-07-25,2023-11-07,2023-11-07,060bb5c4fc52bde407bb6ed8bacb87cf75814d5bcaef6b9e35257e9509bb753b,3781b5f027bb5d9d0d9643809ffb45298245133ce0effa656d12d5bccf5c1e3b,81,7.266036759018351,12.459698554279822,-0.07187434032617157,0.8459078557984772,7.508585472403818,12.070581008664004,False
outer::leave_profile_out_P-D01,q=400|gain=0.25,400.0,0.25,rolling_01,657,81,2023-01-17,2023-05-16,2023-05-16,d8486c0b166567c3c7c2d047ff9ddfb54ebf79d8fd079b11809e65a64f959332,7872a3f8e264cb7672796bd87a6e04efb6c5ddcca11a270a9a9b01eb41f1df3c,81,7.782154414007386,11.671409624520205,-0.7705518106642062,0.758358898495403,7.574902008877366,11.88632420214582,False
outer::leave_profile_out_P-D01,q=400|gain=0.25,400.0,0.25,rolling_02,738,14,2023-05-16,2023-07-25,2023-07-25,3dd93485f6c6225249ce572d5c814abb10ed516850902cbbe0e41e787fcb2043,eee99ecbe76acf0c2c4a815bd89561498ad4893f0703a5e098d5d541405fbae9,14,13.01803176340401,18.537537009054656,-12.08209696310929,0.7751570395598584,7.574902008877366,11.88632420214582,False
outer::leave_profile_out_P-D01,q=400|gain=0.25,400.0,0.25,rolling_03,752,81,2023-07-25,2023-11-07,2023-11-07,060bb5c4fc52bde407bb6ed8bacb87cf75814d5bcaef6b9e35257e9509bb753b,3781b5f027bb5d9d0d9643809ffb45298245133ce0effa656d12d5bccf5c1e3b,81,6.42686174494027,10.553320128919061,1.742914258700674,0.8894538421739395,7.574902008877366,11.88632420214582,False
outer::leave_profile_out_P-D01,q=25|gain=0.5,25.0,0.5,rolling_01,657,81,2023-01-17,2023-05-16,2023-05-16,d8486c0b166567c3c7c2d047ff9ddfb54ebf79d8fd079b11809e65a64f959332,7872a3f8e264cb7672796bd87a6e04efb6c5ddcca11a270a9a9b01eb41f1df3c,81,7.694537953640848,10.433213555214111,-1.1642189177388527,0.8069097354049775,7.585095430687414,11.3409861992597,False
outer::leave_profile_out_P-D01,q=25|gain=0.5,25.0,0.5,rolling_02,738,14,2023-05-16,2023-07-25,2023-07-25,3dd93485f6c6225249ce572d5c814abb10ed516850902cbbe0e41e787fcb2043,eee99ecbe76acf0c2c4a815bd89561498ad4893f0703a5e098d5d541405fbae9,14,12.52533408765021,17.91300980878567,-11.695670243191335,0.7900517010906238,7.585095430687414,11.3409861992597,False
outer::leave_profile_out_P-D01,q=25|gain=0.5,25.0,0.5,rolling_03,752,81,2023-07-25,2023-11-07,2023-11-07,060bb5c4fc52bde407bb6ed8bacb87cf75814d5bcaef6b9e35257e9509bb753b,3781b5f027bb5d9d0d9643809ffb45298245133ce0effa656d12d5bccf5c1e3b,81,6.621784497888558,10.73099349071346,1.251370743077838,0.8857002473011149,7.585095430687414,11.3409861992597,False
outer::leave_profile_out_P-D01,q=0.5|gain=0,0.5,0.0,rolling_01,657,81,2023-01-17,2023-05-16,2023-05-16,d8486c0b166567c3c7c2d047ff9ddfb54ebf79d8fd079b11809e65a64f959332,7872a3f8e264cb7672796bd87a6e04efb6c5ddcca11a270a9a9b01eb41f1df3c,81,6.25279399009437,11.205280920205203,-1.0658604436136287,0.7772746338355908,8.22600679057186,15.92786860673694,False
outer::leave_profile_out_P-D01,q=0.5|gain=0,0.5,0.0,rolling_02,738,14,2023-05-16,2023-07-25,2023-07-25,3dd93485f6c6225249ce572d5c814abb10ed516850902cbbe0e41e787fcb2043,eee99ecbe76acf0c2c4a815bd89561498ad4893f0703a5e098d5d541405fbae9,14,19.38219733205989,29.66050363183309,-16.241451815023826,0.4243847719723868,8.22600679057186,15.92786860673694,False
outer::leave_profile_out_P-D01,q=0.5|gain=0,0.5,0.0,rolling_03,752,81,2023-07-25,2023-11-07,2023-11-07,060bb5c4fc52bde407bb6ed8bacb87cf75814d5bcaef6b9e35257e9509bb753b,3781b5f027bb5d9d0d9643809ffb45298245133ce0effa656d12d5bccf5c1e3b,81,8.270989127088459,16.54175826635264,-2.3451162686628204,0.7284006240119438,8.22600679057186,15.92786860673694,False
outer::leave_profile_out_P-D01,q=0.5|gain=0.25,0.5,0.25,rolling_01,657,81,2023-01-17,2023-05-16,2023-05-16,d8486c0b166567c3c7c2d047ff9ddfb54ebf79d8fd079b11809e65a64f959332,7872a3f8e264cb7672796bd87a6e04efb6c5ddcca11a270a9a9b01eb41f1df3c,81,6.314619133303839,10.045160579964783,-1.003150883268602,0.821006215243453,8.246729242583381,14.849537148211905,False
outer::leave_profile_out_P-D01,q=0.5|gain=0.25,0.5,0.25,rolling_02,738,14,2023-05-16,2023-07-25,2023-07-25,3dd93485f6c6225249ce572d5c814abb10ed516850902cbbe0e41e787fcb2043,eee99ecbe76acf0c2c4a815bd89561498ad4893f0703a5e098d5d541405fbae9,14,18.839848088421626,28.556393800258277,-15.891156928832514,0.4664416050304142,8.246729242583381,14.849537148211905,False
outer::leave_profile_out_P-D01,q=0.5|gain=0.25,0.5,0.25,rolling_03,752,81,2023-07-25,2023-11-07,2023-11-07,060bb5c4fc52bde407bb6ed8bacb87cf75814d5bcaef6b9e35257e9509bb753b,3781b5f027bb5d9d0d9643809ffb45298245133ce0effa656d12d5bccf5c1e3b,81,8.34792992171804,15.403891004885784,-1.4919483570325567,0.7644808084799843,8.246729242583381,14.849537148211905,False
outer::leave_profile_out_P-D01,q=100|gain=0.5,100.0,0.5,rolling_01,657,81,2023-01-17,2023-05-16,2023-05-16,d8486c0b166567c3c7c2d047ff9ddfb54ebf79d8fd079b11809e65a64f959332,7872a3f8e264cb7672796bd87a6e04efb6c5ddcca11a270a9a9b01eb41f1df3c,81,8.900591928340756,12.852400108211475,-0.9024162891146797,0.7069831076843763,8.345313901295366,12.480219934616985,False
outer::leave_profile_out_P-D01,q=100|gain=0.5,100.0,0.5,rolling_02,738,14,2023-05-16,2023-07-25,2023-07-25,3dd93485f6c6225249ce572d5c814abb10ed516850902cbbe0e41e787fcb2043,eee99ecbe76acf0c2c4a815bd89561498ad4893f0703a5e098d5d541405fbae9,14,12.544876504426954,17.430803589325993,-11.641750725662913,0.801202897003983,8.345313901295366,12.480219934616985,False
outer::leave_profile_out_P-D01,q=100|gain=0.5,100.0,0.5,rolling_03,752,81,2023-07-25,2023-11-07,2023-11-07,060bb5c4fc52bde407bb6ed8bacb87cf75814d5bcaef6b9e35257e9509bb753b,3781b5f027bb5d9d0d9643809ffb45298245133ce0effa656d12d5bccf5c1e3b,81,7.06418554778279,10.987903847462299,2.108351770388246,0.8801618410018105,8.345313901295366,12.480219934616985,False
outer::leave_profile_out_P-D01,q=0.5|gain=0.5,0.5,0.5,rolling_01,657,81,2023-01-17,2023-05-16,2023-05-16,d8486c0b166567c3c7c2d047ff9ddfb54ebf79d8fd079b11809e65a64f959332,7872a3f8e264cb7672796bd87a6e04efb6c5ddcca11a270a9a9b01eb41f1df3c,81,7.0170274252366305,9.88919963313277,-0.9404413229235745,0.8265211750110164,8.59297722747278,14.278362484079922,False
outer::leave_profile_out_P-D01,q=0.5|gain=0.5,0.5,0.5,rolling_02,738,14,2023-05-16,2023-07-25,2023-07-25,3dd93485f6c6225249ce572d5c814abb10ed516850902cbbe0e41e787fcb2043,eee99ecbe76acf0c2c4a815bd89561498ad4893f0703a5e098d5d541405fbae9,14,18.297498844783362,27.46078039394837,-15.540862042641207,0.5065979121797357,8.59297722747278,14.278362484079922,False
outer::leave_profile_out_P-D01,q=0.5|gain=0.5,0.5,0.5,rolling_03,752,81,2023-07-25,2023-11-07,2023-11-07,060bb5c4fc52bde407bb6ed8bacb87cf75814d5bcaef6b9e35257e9509bb753b,3781b5f027bb5d9d0d9643809ffb45298245133ce0effa656d12d5bccf5c1e3b,81,8.491602305729314,14.657651918968115,-0.6387804454022938,0.7867474484739279,8.59297722747278,14.278362484079922,False
outer::leave_profile_out_P-D01,q=400|gain=0.5,400.0,0.5,rolling_01,657,81,2023-01-17,2023-05-16,2023-05-16,d8486c0b166567c3c7c2d047ff9ddfb54ebf79d8fd079b11809e65a64f959332,7872a3f8e264cb7672796bd87a6e04efb6c5ddcca11a270a9a9b01eb41f1df3c,81,9.41768422595742,13.903482523562754,-0.7078422503191788,0.657096929185834,8.79540356273351,13.182846255453072,False
outer::leave_profile_out_P-D01,q=400|gain=0.5,400.0,0.5,rolling_02,738,14,2023-05-16,2023-07-25,2023-07-25,3dd93485f6c6225249ce572d5c814abb10ed516850902cbbe0e41e787fcb2043,eee99ecbe76acf0c2c4a815bd89561498ad4893f0703a5e098d5d541405fbae9,14,12.693324982264038,17.55565610766936,-11.73180207691798,0.7983448291344376,8.79540356273351,13.182846255453072,False
outer::leave_profile_out_P-D01,q=400|gain=0.5,400.0,0.5,rolling_03,752,81,2023-07-25,2023-11-07,2023-11-07,060bb5c4fc52bde407bb6ed8bacb87cf75814d5bcaef6b9e35257e9509bb753b,3781b5f027bb5d9d0d9643809ffb45298245133ce0effa656d12d5bccf5c1e3b,81,7.499408086257407,11.447098312246954,2.596082170330937,0.8699362554182787,8.79540356273351,13.182846255453072,False
outer::leave_profile_out_P-H01,q=25|gain=0,25.0,0.0,rolling_01,670,81,2023-01-17,2023-05-16,2023-05-16,c9525895a91106a8c998690f582a6b91497961a2b78ebf568d7c0b489720f03d,2964a5e07e5fa284ac3e3c000c499f27ab6b91243844798da0ab5a7ef25c6c1c,81,5.490517756065743,8.452693045878359,-1.1899859465946134,0.8980577446515297,6.6783245560132265,11.231225515788056,True
outer::leave_profile_out_P-H01,q=25|gain=0,25.0,0.0,rolling_02,751,14,2023-05-16,2023-07-25,2023-07-25,a57d32ed4b0363793a37eb8bd493f00115110d0aa1281def0bf2ac8da08e39aa,eee99ecbe76acf0c2c4a815bd89561498ad4893f0703a5e098d5d541405fbae9,14,13.317790898396414,19.975043004943142,-12.401301734572325,0.7389337813909017,6.6783245560132265,11.231225515788056,True
outer::leave_profile_out_P-H01,q=25|gain=0,25.0,0.0,rolling_03,765,81,2023-07-25,2023-11-07,2023-11-07,926757ff3157b5555a6c9ecebb1aab6df12033b656e51d94ca6f41a861c29c17,d2cf4b4b0ef1d791e5497a9c41e123c0521da859cd120707105f0525ec21f206,81,6.71856927209201,11.56163978639385,-0.018021568222925555,0.8881721340233871,6.6783245560132265,11.231225515788056,True
outer::leave_profile_out_P-H01,q=10|gain=0,10.0,0.0,rolling_01,670,81,2023-01-17,2023-05-16,2023-05-16,c9525895a91106a8c998690f582a6b91497961a2b78ebf568d7c0b489720f03d,2964a5e07e5fa284ac3e3c000c499f27ab6b91243844798da0ab5a7ef25c6c1c,81,5.0849933401154,8.429541980733879,-1.5379195259664413,0.8986153988295881,6.716125889240091,11.858216724935533,False
outer::leave_profile_out_P-H01,q=10|gain=0,10.0,0.0,rolling_02,751,14,2023-05-16,2023-07-25,2023-07-25,a57d32ed4b0363793a37eb8bd493f00115110d0aa1281def0bf2ac8da08e39aa,eee99ecbe76acf0c2c4a815bd89561498ad4893f0703a5e098d5d541405fbae9,14,13.959091823080513,21.081249303172974,-12.779258554210323,0.7092177309893302,6.716125889240091,11.858216724935533,False
outer::leave_profile_out_P-H01,q=10|gain=0,10.0,0.0,rolling_03,765,81,2023-07-25,2023-11-07,2023-11-07,926757ff3157b5555a6c9ecebb1aab6df12033b656e51d94ca6f41a861c29c17,d2cf4b4b0ef1d791e5497a9c41e123c0521da859cd120707105f0525ec21f206,81,7.0953877831331065,12.556611094597457,-0.49836599208474,0.8680965802371365,6.716125889240091,11.858216724935533,False
outer::leave_profile_out_P-H01,q=10|gain=0.25,10.0,0.25,rolling_01,670,81,2023-01-17,2023-05-16,2023-05-16,c9525895a91106a8c998690f582a6b91497961a2b78ebf568d7c0b489720f03d,2964a5e07e5fa284ac3e3c000c499f27ab6b91243844798da0ab5a7ef25c6c1c,81,5.583568549752148,7.982557266400491,-1.0022192972450699,0.9090823656522645,6.735984585038218,11.088979503841482,False
outer::leave_profile_out_P-H01,q=10|gain=0.25,10.0,0.25,rolling_02,751,14,2023-05-16,2023-07-25,2023-07-25,a57d32ed4b0363793a37eb8bd493f00115110d0aa1281def0bf2ac8da08e39aa,eee99ecbe76acf0c2c4a815bd89561498ad4893f0703a5e098d5d541405fbae9,14,13.484329738730409,20.020657950271993,-12.428963668019012,0.7377400799889093,6.735984585038218,11.088979503841482,False
outer::leave_profile_out_P-H01,q=10|gain=0.25,10.0,0.25,rolling_03,765,81,2023-07-25,2023-11-07,2023-11-07,926757ff3157b5555a6c9ecebb1aab6df12033b656e51d94ca6f41a861c29c17,d2cf4b4b0ef1d791e5497a9c41e123c0521da859cd120707105f0525ec21f206,81,6.722019976476253,11.583794984010762,0.14794514068019976,0.8877431391129933,6.735984585038218,11.088979503841482,False
outer::leave_profile_out_P-H01,q=100|gain=0,100.0,0.0,rolling_01,670,81,2023-01-17,2023-05-16,2023-05-16,c9525895a91106a8c998690f582a6b91497961a2b78ebf568d7c0b489720f03d,2964a5e07e5fa284ac3e3c000c499f27ab6b91243844798da0ab5a7ef25c6c1c,81,6.175903874467569,9.610533602622237,-0.645966331932656,0.8682171048439923,6.7998512409961975,11.214348386388757,False
outer::leave_profile_out_P-H01,q=100|gain=0,100.0,0.0,rolling_02,751,14,2023-05-16,2023-07-25,2023-07-25,a57d32ed4b0363793a37eb8bd493f00115110d0aa1281def0bf2ac8da08e39aa,eee99ecbe76acf0c2c4a815bd89561498ad4893f0703a5e098d5d541405fbae9,14,13.229604653268265,19.42605440568208,-12.342997157917727,0.7530867282645606,6.7998512409961975,11.214348386388757,False
outer::leave_profile_out_P-H01,q=100|gain=0,100.0,0.0,rolling_03,765,81,2023-07-25,2023-11-07,2023-11-07,926757ff3157b5555a6c9ecebb1aab6df12033b656e51d94ca6f41a861c29c17,d2cf4b4b0ef1d791e5497a9c41e123c0521da859cd120707105f0525ec21f206,81,6.312483202934591,10.755125226466987,0.6709512047601103,0.903229694670532,6.7998512409961975,11.214348386388757,False
outer::leave_profile_out_P-H01,q=25|gain=0.25,25.0,0.25,rolling_01,670,81,2023-01-17,2023-05-16,2023-05-16,c9525895a91106a8c998690f582a6b91497961a2b78ebf568d7c0b489720f03d,2964a5e07e5fa284ac3e3c000c499f27ab6b91243844798da0ab5a7ef25c6c1c,81,6.1428507354659105,8.738193771589605,-0.6542857178732421,0.8910549798714111,6.811850150577463,10.861333244116832,False
outer::leave_profile_out_P-H01,q=25|gain=0.25,25.0,0.25,rolling_02,751,14,2023-05-16,2023-07-25,2023-07-25,a57d32ed4b0363793a37eb8bd493f00115110d0aa1281def0bf2ac8da08e39aa,eee99ecbe76acf0c2c4a815bd89561498ad4893f0703a5e098d5d541405fbae9,14,12.916857910388977,18.939019884542255,-12.051006848381013,0.7653123518859235,6.811850150577463,10.861333244116832,False
outer::leave_profile_out_P-H01,q=25|gain=0.25,25.0,0.25,rolling_03,765,81,2023-07-25,2023-11-07,2023-11-07,926757ff3157b5555a6c9ecebb1aab6df12033b656e51d94ca6f41a861c29c17,d2cf4b4b0ef1d791e5497a9c41e123c0521da859cd120707105f0525ec21f206,81,6.425663039301838,10.861653826509075,0.6282895645420142,0.9013031975162737,6.811850150577463,10.861333244116832,False
outer::leave_profile_out_P-H01,q=400|gain=0,400.0,0.0,rolling_01,670,81,2023-01-17,2023-05-16,2023-05-16,c9525895a91106a8c998690f582a6b91497961a2b78ebf568d7c0b489720f03d,2964a5e07e5fa284ac3e3c000c499f27ab6b91243844798da0ab5a7ef25c6c1c,81,6.294148737964983,10.208099632955609,-0.33880945842834126,0.8513195586147092,6.825595801898094,11.461737065547931,False
outer::leave_profile_out_P-H01,q=400|gain=0,400.0,0.0,rolling_02,751,14,2023-05-16,2023-07-25,2023-07-25,a57d32ed4b0363793a37eb8bd493f00115110d0aa1281def0bf2ac8da08e39aa,eee99ecbe76acf0c2c4a815bd89561498ad4893f0703a5e098d5d541405fbae9,14,13.392566503286925,19.542632163202654,-12.431591030272688,0.7501143320607404,6.825595801898094,11.461737065547931,False
outer::leave_profile_out_P-H01,q=400|gain=0,400.0,0.0,rolling_03,765,81,2023-07-25,2023-11-07,2023-11-07,926757ff3157b5555a6c9ecebb1aab6df12033b656e51d94ca6f41a861c29c17,d2cf4b4b0ef1d791e5497a9c41e123c0521da859cd120707105f0525ec21f206,81,6.2220108927516495,10.734700603601128,1.0668059659533864,0.9035968908131494,6.825595801898094,11.461737065547931,False
outer::leave_profile_out_P-H01,q=100|gain=0.25,100.0,0.25,rolling_01,670,81,2023-01-17,2023-05-16,2023-05-16,c9525895a91106a8c998690f582a6b91497961a2b78ebf568d7c0b489720f03d,2964a5e07e5fa284ac3e3c000c499f27ab6b91243844798da0ab5a7ef25c6c1c,81,7.151460887042792,10.667429507167302,-0.1102661032112853,0.8376382945264014,7.204667420614341,11.410326641640069,False
outer::leave_profile_out_P-H01,q=100|gain=0.25,100.0,0.25,rolling_02,751,14,2023-05-16,2023-07-25,2023-07-25,a57d32ed4b0363793a37eb8bd493f00115110d0aa1281def0bf2ac8da08e39aa,eee99ecbe76acf0c2c4a815bd89561498ad4893f0703a5e098d5d541405fbae9,14,12.8695809509578,18.416985664597632,-11.99270227172642,0.7780718806830382,7.204667420614341,11.410326641640069,False
outer::leave_profile_out_P-H01,q=100|gain=0.25,100.0,0.25,rolling_03,765,81,2023-07-25,2023-11-07,2023-11-07,926757ff3157b5555a6c9ecebb1aab6df12033b656e51d94ca6f41a861c29c17,d2cf4b4b0ef1d791e5497a9c41e123c0521da859cd120707105f0525ec21f206,81,6.278753097089489,10.510725989555619,1.3172623375250498,0.9075777372172538,7.204667420614341,11.410326641640069,False
outer::leave_profile_out_P-H01,q=10|gain=0.5,10.0,0.5,rolling_01,670,81,2023-01-17,2023-05-16,2023-05-16,c9525895a91106a8c998690f582a6b91497961a2b78ebf568d7c0b489720f03d,2964a5e07e5fa284ac3e3c000c499f27ab6b91243844798da0ab5a7ef25c6c1c,81,6.88460990608559,9.092294742517948,-0.46651906852369895,0.88204644008619,7.280413067053761,11.111824170166969,False
outer::leave_profile_out_P-H01,q=10|gain=0.5,10.0,0.5,rolling_02,751,14,2023-05-16,2023-07-25,2023-07-25,a57d32ed4b0363793a37eb8bd493f00115110d0aa1281def0bf2ac8da08e39aa,eee99ecbe76acf0c2c4a815bd89561498ad4893f0703a5e098d5d541405fbae9,14,13.021821956688685,18.97733119089277,-12.078668781827703,0.7643619030797828,7.280413067053761,11.111824170166969,False
outer::leave_profile_out_P-H01,q=10|gain=0.5,10.0,0.5,rolling_03,765,81,2023-07-25,2023-11-07,2023-11-07,926757ff3157b5555a6c9ecebb1aab6df12033b656e51d94ca6f41a861c29c17,d2cf4b4b0ef1d791e5497a9c41e123c0521da859cd120707105f0525ec21f206,81,6.683873950801081,11.107210925561747,0.7942562734451397,0.8967901357456995,7.280413067053761,11.111824170166969,False
outer::leave_profile_out_P-H01,q=2|gain=0.25,2.0,0.25,rolling_01,670,81,2023-01-17,2023-05-16,2023-05-16,c9525895a91106a8c998690f582a6b91497961a2b78ebf568d7c0b489720f03d,2964a5e07e5fa284ac3e3c000c499f27ab6b91243844798da0ab5a7ef25c6c1c,81,5.6643988154821034,9.175960968193822,-1.493674708733583,0.8798656628708282,7.281933299515091,12.88286828150919,False
outer::leave_profile_out_P-H01,q=2|gain=0.25,2.0,0.25,rolling_02,751,14,2023-05-16,2023-07-25,2023-07-25,a57d32ed4b0363793a37eb8bd493f00115110d0aa1281def0bf2ac8da08e39aa,eee99ecbe76acf0c2c4a815bd89561498ad4893f0703a5e098d5d541405fbae9,14,15.739119826075367,23.728350579216446,-14.069757618875114,0.6316078788359865,7.281933299515091,12.88286828150919,False
outer::leave_profile_out_P-H01,q=2|gain=0.25,2.0,0.25,rolling_03,765,81,2023-07-25,2023-11-07,2023-11-07,926757ff3157b5555a6c9ecebb1aab6df12033b656e51d94ca6f41a861c29c17,d2cf4b4b0ef1d791e5497a9c41e123c0521da859cd120707105f0525ec21f206,81,7.437731840685808,13.383182839482243,-0.8027736393473195,0.8501592317501105,7.281933299515091,12.88286828150919,False
outer::leave_profile_out_P-H01,q=2|gain=0,2.0,0.0,rolling_01,670,81,2023-01-17,2023-05-16,2023-05-16,c9525895a91106a8c998690f582a6b91497961a2b78ebf568d7c0b489720f03d,2964a5e07e5fa284ac3e3c000c499f27ab6b91243844798da0ab5a7ef25c6c1c,81,5.52938744734476,10.614329611341319,-2.029374937454955,0.8392506664741137,7.433669349130822,14.121473897041604,False
outer::leave_profile_out_P-H01,q=2|gain=0,2.0,0.0,rolling_02,751,14,2023-05-16,2023-07-25,2023-07-25,a57d32ed4b0363793a37eb8bd493f00115110d0aa1281def0bf2ac8da08e39aa,eee99ecbe76acf0c2c4a815bd89561498ad4893f0703a5e098d5d541405fbae9,14,16.21388191042547,24.822103234838114,-14.42005250506642,0.5968632523747581,7.433669349130822,14.121473897041604,False
outer::leave_profile_out_P-H01,q=2|gain=0,2.0,0.0,rolling_03,765,81,2023-07-25,2023-11-07,2023-11-07,926757ff3157b5555a6c9ecebb1aab6df12033b656e51d94ca6f41a861c29c17,d2cf4b4b0ef1d791e5497a9c41e123c0521da859cd120707105f0525ec21f206,81,7.820383647730153,14.633599777124703,-1.449084772112259,0.8208513603833847,7.433669349130822,14.121473897041604,False
outer::leave_profile_out_P-H01,q=25|gain=0.5,25.0,0.5,rolling_01,670,81,2023-01-17,2023-05-16,2023-05-16,c9525895a91106a8c998690f582a6b91497961a2b78ebf568d7c0b489720f03d,2964a5e07e5fa284ac3e3c000c499f27ab6b91243844798da0ab5a7ef25c6c1c,81,7.524473711502343,10.370564194820947,-0.11858548915187092,0.8465493227025417,7.496569580646672,11.31175054993881,False
outer::leave_profile_out_P-H01,q=25|gain=0.5,25.0,0.5,rolling_02,751,14,2023-05-16,2023-07-25,2023-07-25,a57d32ed4b0363793a37eb8bd493f00115110d0aa1281def0bf2ac8da08e39aa,eee99ecbe76acf0c2c4a815bd89561498ad4893f0703a5e098d5d541405fbae9,14,12.530462863615877,17.924153734908383,-11.700711962189708,0.7897903964722395,7.496569580646672,11.31175054993881,False
outer::leave_profile_out_P-H01,q=25|gain=0.5,25.0,0.5,rolling_03,765,81,2023-07-25,2023-11-07,2023-11-07,926757ff3157b5555a6c9ecebb1aab6df12033b656e51d94ca6f41a861c29c17,d2cf4b4b0ef1d791e5497a9c41e123c0521da859cd120707105f0525ec21f206,81,6.598609820635828,10.721452206031309,1.2746006973069537,0.90383469876601,7.496569580646672,11.31175054993881,False
outer::leave_profile_out_P-H01,q=400|gain=0.25,400.0,0.25,rolling_01,670,81,2023-01-17,2023-05-16,2023-05-16,c9525895a91106a8c998690f582a6b91497961a2b78ebf568d7c0b489720f03d,2964a5e07e5fa284ac3e3c000c499f27ab6b91243844798da0ab5a7ef25c6c1c,81,7.510902471498495,11.542656292392266,0.19689077029302943,0.8099028661602096,7.5346333668166725,11.8927885208668,False
outer::leave_profile_out_P-H01,q=400|gain=0.25,400.0,0.25,rolling_02,751,14,2023-05-16,2023-07-25,2023-07-25,a57d32ed4b0363793a37eb8bd493f00115110d0aa1281def0bf2ac8da08e39aa,eee99ecbe76acf0c2c4a815bd89561498ad4893f0703a5e098d5d541405fbae9,14,13.017095518666473,18.535795574452386,-12.08129614408138,0.7751992815168056,7.5346333668166725,11.8927885208668,False
outer::leave_profile_out_P-H01,q=400|gain=0.25,400.0,0.25,rolling_03,765,81,2023-07-25,2023-11-07,2023-11-07,926757ff3157b5555a6c9ecebb1aab6df12033b656e51d94ca6f41a861c29c17,d2cf4b4b0ef1d791e5497a9c41e123c0521da859cd120707105f0525ec21f206,81,6.610778211197846,10.710117292555374,1.7131170987183264,0.9040379266777996,7.5346333668166725,11.8927885208668,False
outer::leave_profile_out_P-H01,q=2|gain=0.5,2.0,0.5,rolling_01,670,81,2023-01-17,2023-05-16,2023-05-16,c9525895a91106a8c998690f582a6b91497961a2b78ebf568d7c0b489720f03d,2964a5e07e5fa284ac3e3c000c499f27ab6b91243844798da0ab5a7ef25c6c1c,81,6.498276977083671,9.056328557891643,-0.9579744800122122,0.8829777668787917,7.592655947869824,12.275160801538135,False
outer::leave_profile_out_P-H01,q=2|gain=0.5,2.0,0.5,rolling_02,751,14,2023-05-16,2023-07-25,2023-07-25,a57d32ed4b0363793a37eb8bd493f00115110d0aa1281def0bf2ac8da08e39aa,eee99ecbe76acf0c2c4a815bd89561498ad4893f0703a5e098d5d541405fbae9,14,15.26435774172526,22.645907250698233,-13.719462732683802,0.6644519793885086,7.592655947869824,12.275160801538135,False
outer::leave_profile_out_P-H01,q=2|gain=0.5,2.0,0.5,rolling_03,765,81,2023-07-25,2023-11-07,2023-11-07,926757ff3157b5555a6c9ecebb1aab6df12033b656e51d94ca6f41a861c29c17,d2cf4b4b0ef1d791e5497a9c41e123c0521da859cd120707105f0525ec21f206,81,7.361061769100717,12.519861327333471,-0.1564625065823798,0.868867540873686,7.592655947869824,12.275160801538135,False
outer::leave_profile_out_P-H01,q=100|gain=0.5,100.0,0.5,rolling_01,670,81,2023-01-17,2023-05-16,2023-05-16,c9525895a91106a8c998690f582a6b91497961a2b78ebf568d7c0b489720f03d,2964a5e07e5fa284ac3e3c000c499f27ab6b91243844798da0ab5a7ef25c6c1c,81,8.6061229746732,12.708670627594532,0.42543412551008686,0.7695565918200596,8.14500847682511,12.360764774784641,False
outer::leave_profile_out_P-H01,q=100|gain=0.5,100.0,0.5,rolling_02,751,14,2023-05-16,2023-07-25,2023-07-25,a57d32ed4b0363793a37eb8bd493f00115110d0aa1281def0bf2ac8da08e39aa,eee99ecbe76acf0c2c4a815bd89561498ad4893f0703a5e098d5d541405fbae9,14,12.544874169817824,17.43283723193828,-11.642407385535112,0.8011565071928102,8.14500847682511,12.360764774784641,False
outer::leave_profile_out_P-H01,q=100|gain=0.5,100.0,0.5,rolling_03,765,81,2023-07-25,2023-11-07,2023-11-07,926757ff3157b5555a6c9ecebb1aab6df12033b656e51d94ca6f41a861c29c17,d2cf4b4b0ef1d791e5497a9c41e123c0521da859cd120707105f0525ec21f206,81,6.923423365373343,10.860387068643258,1.9635734702899899,0.9013262175208249,8.14500847682511,12.360764774784641,False
outer::leave_profile_out_P-H01,q=400|gain=0.5,400.0,0.5,rolling_01,670,81,2023-01-17,2023-05-16,2023-05-16,c9525895a91106a8c998690f582a6b91497961a2b78ebf568d7c0b489720f03d,2964a5e07e5fa284ac3e3c000c499f27ab6b91243844798da0ab5a7ef25c6c1c,81,9.07899221425477,13.731172241265677,0.7325909990144011,0.7309832813169588,8.549671098907355,13.02552987234614,False
outer::leave_profile_out_P-H01,q=400|gain=0.5,400.0,0.5,rolling_02,751,14,2023-05-16,2023-07-25,2023-07-25,a57d32ed4b0363793a37eb8bd493f00115110d0aa1281def0bf2ac8da08e39aa,eee99ecbe76acf0c2c4a815bd89561498ad4893f0703a5e098d5d541405fbae9,14,12.692388737526498,17.553963799590075,-11.731001257890073,0.7983837050641651,8.549671098907355,13.02552987234614,False
outer::leave_profile_out_P-H01,q=400|gain=0.5,400.0,0.5,rolling_03,765,81,2023-07-25,2023-11-07,2023-11-07,926757ff3157b5555a6c9ecebb1aab6df12033b656e51d94ca6f41a861c29c17,d2cf4b4b0ef1d791e5497a9c41e123c0521da859cd120707105f0525ec21f206,81,7.304324712687496,11.262745316055641,2.3594282314832666,0.8938794002992994,8.549671098907355,13.02552987234614,False
outer::leave_profile_out_P-H01,q=0.5|gain=0.25,0.5,0.25,rolling_01,670,81,2023-01-17,2023-05-16,2023-05-16,c9525895a91106a8c998690f582a6b91497961a2b78ebf568d7c0b489720f03d,2964a5e07e5fa284ac3e3c000c499f27ab6b91243844798da0ab5a7ef25c6c1c,81,6.744097229059175,11.702316161652274,-1.4601911698565089,0.8046075871705552,8.667796397818023,15.660113785648795,False
outer::leave_profile_out_P-H01,q=0.5|gain=0.25,0.5,0.25,rolling_02,751,14,2023-05-16,2023-07-25,2023-07-25,a57d32ed4b0363793a37eb8bd493f00115110d0aa1281def0bf2ac8da08e39aa,eee99ecbe76acf0c2c4a815bd89561498ad4893f0703a5e098d5d541405fbae9,14,18.866338490362715,28.59912601956177,-15.909584514551351,0.46484356056181064,8.667796397818023,15.660113785648795,False
outer::leave_profile_out_P-H01,q=0.5|gain=0.25,0.5,0.25,rolling_03,765,81,2023-07-25,2023-11-07,2023-11-07,926757ff3157b5555a6c9ecebb1aab6df12033b656e51d94ca6f41a861c29c17,d2cf4b4b0ef1d791e5497a9c41e123c0521da859cd120707105f0525ec21f206,81,8.828784587618525,15.95474781718159,-1.6893606975432598,0.7870434234153867,8.667796397818023,15.660113785648795,False
outer::leave_profile_out_P-H01,q=0.5|gain=0,0.5,0.0,rolling_01,670,81,2023-01-17,2023-05-16,2023-05-16,c9525895a91106a8c998690f582a6b91497961a2b78ebf568d7c0b489720f03d,2964a5e07e5fa284ac3e3c000c499f27ab6b91243844798da0ab5a7ef25c6c1c,81,6.871016005116013,13.517482104212263,-1.9958913985778801,0.739291225666382,8.822218108396811,17.075628943582327,False
outer::leave_profile_out_P-H01,q=0.5|gain=0,0.5,0.0,rolling_02,751,14,2023-05-16,2023-07-25,2023-07-25,a57d32ed4b0363793a37eb8bd493f00115110d0aa1281def0bf2ac8da08e39aa,eee99ecbe76acf0c2c4a815bd89561498ad4893f0703a5e098d5d541405fbae9,14,19.40868773400097,29.703161118571344,-16.259879400742655,0.4227278914180984,8.822218108396811,17.075628943582327,False
outer::leave_profile_out_P-H01,q=0.5|gain=0,0.5,0.0,rolling_03,765,81,2023-07-25,2023-11-07,2023-11-07,926757ff3157b5555a6c9ecebb1aab6df12033b656e51d94ca6f41a861c29c17,d2cf4b4b0ef1d791e5497a9c41e123c0521da859cd120707105f0525ec21f206,81,8.943660029474417,17.272390452907402,-2.3356718303082,0.750416389861481,8.822218108396811,17.075628943582327,False
outer::leave_profile_out_P-H01,q=0.5|gain=0.5,0.5,0.5,rolling_01,670,81,2023-01-17,2023-05-16,2023-05-16,c9525895a91106a8c998690f582a6b91497961a2b78ebf568d7c0b489720f03d,2964a5e07e5fa284ac3e3c000c499f27ab6b91243844798da0ab5a7ef25c6c1c,81,7.270277375622681,10.837464893778671,-0.924490941135138,0.8324210562859775,8.84376791648223,14.73296409929255,False
outer::leave_profile_out_P-H01,q=0.5|gain=0.5,0.5,0.5,rolling_02,751,14,2023-05-16,2023-07-25,2023-07-25,a57d32ed4b0363793a37eb8bd493f00115110d0aa1281def0bf2ac8da08e39aa,eee99ecbe76acf0c2c4a815bd89561498ad4893f0703a5e098d5d541405fbae9,14,18.32398924672445,27.503580121822793,-15.559289628360037,0.505058703796817,8.84376791648223,14.73296409929255,False
outer::leave_profile_out_P-H01,q=0.5|gain=0.5,0.5,0.5,rolling_03,765,81,2023-07-25,2023-11-07,2023-11-07,926757ff3157b5555a6c9ecebb1aab6df12033b656e51d94ca6f41a861c29c17,d2cf4b4b0ef1d791e5497a9c41e123c0521da859cd120707105f0525ec21f206,81,8.778701684213495,14.947992779123723,-1.0430495647783204,0.813070894726142,8.84376791648223,14.73296409929255,False
outer::leave_profile_out_P-H02,q=10|gain=0,10.0,0.0,rolling_01,670,81,2023-01-17,2023-05-16,2023-05-16,8ea6fc4a05e6df7513a5867548bccb7b0d6f5134dab9cc3c2d7a18d0b576c115,940f5b20042bf707144c69265250e69d222ec3de5a98a4aa15598f559c2048d2,81,4.642827616331983,7.629480070178169,-1.2566531208514635,0.9204686641834219,5.548289873206143,10.202160732324208,True
outer::leave_profile_out_P-H02,q=10|gain=0,10.0,0.0,rolling_02,751,7,2023-05-16,2023-07-25,2023-07-25,2d1cd811122e8771881bd46b212e899add432ef56ef13b787d40671be2a116dc,5899575d8da1a6773e508ab7edb9ea8adb4b3a934101060537c6635a0ed7568a,7,9.669137685240035,18.905505649787575,-7.30621094235091,0.6901875542331855,5.548289873206143,10.202160732324208,True
outer::leave_profile_out_P-H02,q=10|gain=0,10.0,0.0,rolling_03,758,81,2023-07-25,2023-11-07,2023-11-07,fb89f5b5fb5d36eca41082fe2878f8e87ca112ab9f8e787ce8204320f9b04e64,f750803f8774b0a53d14798fdd369aee4890809b7de7918893e2f69ed575b77d,81,6.097629479657623,11.316630865171163,0.3651035246882013,0.8807143732292757,5.548289873206143,10.202160732324208,True
outer::leave_profile_out_P-H02,q=2|gain=0,2.0,0.0,rolling_01,670,81,2023-01-17,2023-05-16,2023-05-16,8ea6fc4a05e6df7513a5867548bccb7b0d6f5134dab9cc3c2d7a18d0b576c115,940f5b20042bf707144c69265250e69d222ec3de5a98a4aa15598f559c2048d2,81,4.835920201688638,9.264810896176549,-1.2724788006293355,0.8827206609019672,5.778393646856818,11.454169196094231,False
outer::leave_profile_out_P-H02,q=2|gain=0,2.0,0.0,rolling_02,751,7,2023-05-16,2023-07-25,2023-07-25,2d1cd811122e8771881bd46b212e899add432ef56ef13b787d40671be2a116dc,5899575d8da1a6773e508ab7edb9ea8adb4b3a934101060537c6635a0ed7568a,7,10.06254311684808,19.88335466162883,-6.470156509729344,0.6573098801691467,5.778393646856818,11.454169196094231,False
outer::leave_profile_out_P-H02,q=2|gain=0,2.0,0.0,rolling_03,758,81,2023-07-25,2023-11-07,2023-11-07,fb89f5b5fb5d36eca41082fe2878f8e87ca112ab9f8e787ce8204320f9b04e64,f750803f8774b0a53d14798fdd369aee4890809b7de7918893e2f69ed575b77d,81,6.3506319526430355,12.398850852218219,-0.05526734900600039,0.8568086813257179,5.778393646856818,11.454169196094231,False
outer::leave_profile_out_P-H02,q=25|gain=0,25.0,0.0,rolling_01,670,81,2023-01-17,2023-05-16,2023-05-16,8ea6fc4a05e6df7513a5867548bccb7b0d6f5134dab9cc3c2d7a18d0b576c115,940f5b20042bf707144c69265250e69d222ec3de5a98a4aa15598f559c2048d2,81,5.330060849630474,8.102522232241201,-1.2005529493450844,0.9103007413068118,5.8053367836836065,10.078919968754718,False
outer::leave_profile_out_P-H02,q=25|gain=0,25.0,0.0,rolling_02,751,7,2023-05-16,2023-07-25,2023-07-25,2d1cd811122e8771881bd46b212e899add432ef56ef13b787d40671be2a116dc,5899575d8da1a6773e508ab7edb9ea8adb4b3a934101060537c6635a0ed7568a,7,9.734548788077252,18.9082475039631,-7.898410767115094,0.6900976838893639,5.8053367836836065,10.078919968754718,False
outer::leave_profile_out_P-H02,q=25|gain=0,25.0,0.0,rolling_03,758,81,2023-07-25,2023-11-07,2023-11-07,fb89f5b5fb5d36eca41082fe2878f8e87ca112ab9f8e787ce8204320f9b04e64,f750803f8774b0a53d14798fdd369aee4890809b7de7918893e2f69ed575b77d,81,5.941051186492843,10.742455942235305,0.6298987254371546,0.8925117532007766,5.8053367836836065,10.078919968754718,False
outer::leave_profile_out_P-H02,q=2|gain=0.25,2.0,0.25,rolling_01,670,81,2023-01-17,2023-05-16,2023-05-16,8ea6fc4a05e6df7513a5867548bccb7b0d6f5134dab9cc3c2d7a18d0b576c115,940f5b20042bf707144c69265250e69d222ec3de5a98a4aa15598f559c2048d2,81,5.2823425990517245,8.387779280408777,-1.1227524054760158,0.9038736662536917,5.926176541795989,10.656724148804784,False
outer::leave_profile_out_P-H02,q=2|gain=0.25,2.0,0.25,rolling_02,751,7,2023-05-16,2023-07-25,2023-07-25,2d1cd811122e8771881bd46b212e899add432ef56ef13b787d40671be2a116dc,5899575d8da1a6773e508ab7edb9ea8adb4b3a934101060537c6635a0ed7568a,7,9.79113358489736,18.970500206516824,-6.447681374096216,0.6880537064979658,5.926176541795989,10.656724148804784,False
outer::leave_profile_out_P-H02,q=2|gain=0.25,2.0,0.25,rolling_03,758,81,2023-07-25,2023-11-07,2023-11-07,fb89f5b5fb5d36eca41082fe2878f8e87ca112ab9f8e787ce8204320f9b04e64,f750803f8774b0a53d14798fdd369aee4890809b7de7918893e2f69ed575b77d,81,6.236001851185815,11.640029788284979,0.49793698968291145,0.8737992312574085,5.926176541795989,10.656724148804784,False
outer::leave_profile_out_P-H02,q=10|gain=0.25,10.0,0.25,rolling_01,670,81,2023-01-17,2023-05-16,2023-05-16,8ea6fc4a05e6df7513a5867548bccb7b0d6f5134dab9cc3c2d7a18d0b576c115,940f5b20042bf707144c69265250e69d222ec3de5a98a4aa15598f559c2048d2,81,5.542085354325032,7.763947134073077,-1.1069267256981439,0.9176405324457243,5.928232517682223,9.887326498473369,False
outer::leave_profile_out_P-H02,q=10|gain=0.25,10.0,0.25,rolling_02,751,7,2023-05-16,2023-07-25,2023-07-25,2d1cd811122e8771881bd46b212e899add432ef56ef13b787d40671be2a116dc,5899575d8da1a6773e508ab7edb9ea8adb4b3a934101060537c6635a0ed7568a,7,9.397728153289314,18.0221934419842,-7.2837358067177815,0.7184616513896713,5.928232517682223,9.887326498473369,False
outer::leave_profile_out_P-H02,q=10|gain=0.25,10.0,0.25,rolling_03,758,81,2023-07-25,2023-11-07,2023-11-07,fb89f5b5fb5d36eca41082fe2878f8e87ca112ab9f8e787ce8204320f9b04e64,f750803f8774b0a53d14798fdd369aee4890809b7de7918893e2f69ed575b77d,81,6.014546724875839,10.75261897192965,0.9183078633771131,0.8923082758969039,5.928232517682223,9.887326498473369,False
outer::leave_profile_out_P-H02,q=100|gain=0,100.0,0.0,rolling_01,670,81,2023-01-17,2023-05-16,2023-05-16,8ea6fc4a05e6df7513a5867548bccb7b0d6f5134dab9cc3c2d7a18d0b576c115,940f5b20042bf707144c69265250e69d222ec3de5a98a4aa15598f559c2048d2,81,6.363089590757305,9.709234670741864,-1.0044014806370227,0.871199251370793,6.271970578414556,10.570095146009583,False
outer::leave_profile_out_P-H02,q=100|gain=0,100.0,0.0,rolling_02,751,7,2023-05-16,2023-07-25,2023-07-25,2d1cd811122e8771881bd46b212e899add432ef56ef13b787d40671be2a116dc,5899575d8da1a6773e508ab7edb9ea8adb4b3a934101060537c6635a0ed7568a,7,10.182625230977393,19.048326743456744,-8.409521363769025,0.6854889349695881,6.271970578414556,10.570095146009583,False
outer::leave_profile_out_P-H02,q=100|gain=0,100.0,0.0,rolling_03,758,81,2023-07-25,2023-11-07,2023-11-07,fb89f5b5fb5d36eca41082fe2878f8e87ca112ab9f8e787ce8204320f9b04e64,f750803f8774b0a53d14798fdd369aee4890809b7de7918893e2f69ed575b77d,81,5.842893756591068,10.36742791928054,1.0562897222100482,0.8998857574128938,6.271970578414556,10.570095146009583,False
outer::leave_profile_out_P-H02,q=25|gain=0.25,25.0,0.25,rolling_01,670,81,2023-01-17,2023-05-16,2023-05-16,8ea6fc4a05e6df7513a5867548bccb7b0d6f5134dab9cc3c2d7a18d0b576c115,940f5b20042bf707144c69265250e69d222ec3de5a98a4aa15598f559c2048d2,81,6.362045435137636,8.860069799473798,-1.0508265541917643,0.8927437329435925,6.3183198290886615,10.146662016772527,False
outer::leave_profile_out_P-H02,q=25|gain=0.25,25.0,0.25,rolling_02,751,7,2023-05-16,2023-07-25,2023-07-25,2d1cd811122e8771881bd46b212e899add432ef56ef13b787d40671be2a116dc,5899575d8da1a6773e508ab7edb9ea8adb4b3a934101060537c6635a0ed7568a,7,9.608727521768317,18.045610855602416,-7.8759356314819655,0.7177295337067818,6.3183198290886615,10.146662016772527,False
outer::leave_profile_out_P-H02,q=25|gain=0.25,25.0,0.25,rolling_03,758,81,2023-07-25,2023-11-07,2023-11-07,fb89f5b5fb5d36eca41082fe2878f8e87ca112ab9f8e787ce8204320f9b04e64,f750803f8774b0a53d14798fdd369aee4890809b7de7918893e2f69ed575b77d,81,5.990238002684654,10.40018784310632,1.1831030641260663,0.8992520579483408,6.3183198290886615,10.146662016772527,False
outer::leave_profile_out_P-H02,q=400|gain=0,400.0,0.0,rolling_01,670,81,2023-01-17,2023-05-16,2023-05-16,8ea6fc4a05e6df7513a5867548bccb7b0d6f5134dab9cc3c2d7a18d0b576c115,940f5b20042bf707144c69265250e69d222ec3de5a98a4aa15598f559c2048d2,81,6.640686885259085,10.458659522319847,-0.8462879869783123,0.8505484439830934,6.445782344314237,10.960248201547913,False
outer::leave_profile_out_P-H02,q=400|gain=0,400.0,0.0,rolling_02,751,7,2023-05-16,2023-07-25,2023-07-25,2d1cd811122e8771881bd46b212e899add432ef56ef13b787d40671be2a116dc,5899575d8da1a6773e508ab7edb9ea8adb4b3a934101060537c6635a0ed7568a,7,10.228438768154092,19.08131925029724,-8.306879515347978,0.684398498535998,6.445782344314237,10.960248201547913,False
outer::leave_profile_out_P-H02,q=400|gain=0,400.0,0.0,rolling_03,758,81,2023-07-25,2023-11-07,2023-11-07,fb89f5b5fb5d36eca41082fe2878f8e87ca112ab9f8e787ce8204320f9b04e64,f750803f8774b0a53d14798fdd369aee4890809b7de7918893e2f69ed575b77d,81,5.923981569210389,10.477915857727021,1.236083586034329,0.8977405082110788,6.445782344314237,10.960248201547913,False
outer::leave_profile_out_P-H02,q=2|gain=0.5,2.0,0.5,rolling_01,670,81,2023-01-17,2023-05-16,2023-05-16,8ea6fc4a05e6df7513a5867548bccb7b0d6f5134dab9cc3c2d7a18d0b576c115,940f5b20042bf707144c69265250e69d222ec3de5a98a4aa15598f559c2048d2,81,6.468889624511585,8.889531332729304,-0.973026010322696,0.8920292492291345,6.668728702830656,10.635762009601658,False
outer::leave_profile_out_P-H02,q=2|gain=0.5,2.0,0.5,rolling_02,751,7,2023-05-16,2023-07-25,2023-07-25,2d1cd811122e8771881bd46b212e899add432ef56ef13b787d40671be2a116dc,5899575d8da1a6773e508ab7edb9ea8adb4b3a934101060537c6635a0ed7568a,7,9.51972405294664,18.071322276371376,-6.425206238463086,0.716924601683057,6.668728702830656,10.635762009601658,False
outer::leave_profile_out_P-H02,q=2|gain=0.5,2.0,0.5,rolling_03,758,81,2023-07-25,2023-11-07,2023-11-07,fb89f5b5fb5d36eca41082fe2878f8e87ca112ab9f8e787ce8204320f9b04e64,f750803f8774b0a53d14798fdd369aee4890809b7de7918893e2f69ed575b77d,81,6.62218546694217,11.347621870524414,1.0511413283718223,0.8800601425793169,6.668728702830656,10.635762009601658,False
outer::leave_profile_out_P-H02,q=10|gain=0.5,10.0,0.5,rolling_01,670,81,2023-01-17,2023-05-16,2023-05-16,8ea6fc4a05e6df7513a5867548bccb7b0d6f5134dab9cc3c2d7a18d0b576c115,940f5b20042bf707144c69265250e69d222ec3de5a98a4aa15598f559c2048d2,81,7.14839834894306,9.300515566563792,-0.9572003305448242,0.881814978331745,6.850284657520406,10.422104072443869,False
outer::leave_profile_out_P-H02,q=10|gain=0.5,10.0,0.5,rolling_02,751,7,2023-05-16,2023-07-25,2023-07-25,2d1cd811122e8771881bd46b212e899add432ef56ef13b787d40671be2a116dc,5899575d8da1a6773e508ab7edb9ea8adb4b3a934101060537c6635a0ed7568a,7,9.148942968642185,17.156383485225852,-7.261260671084652,0.7448628174024292,6.850284657520406,10.422104072443869,False
outer::leave_profile_out_P-H02,q=10|gain=0.5,10.0,0.5,rolling_03,758,81,2023-07-25,2023-11-07,2023-11-07,fb89f5b5fb5d36eca41082fe2878f8e87ca112ab9f8e787ce8204320f9b04e64,f750803f8774b0a53d14798fdd369aee4890809b7de7918893e2f69ed575b77d,81,6.353521482420562,10.709385276480216,1.4715122020660243,0.8931725399547499,6.850284657520406,10.422104072443869,False
outer::leave_profile_out_P-H02,q=0.5|gain=0,0.5,0.0,rolling_01,670,81,2023-01-17,2023-05-16,2023-05-16,8ea6fc4a05e6df7513a5867548bccb7b0d6f5134dab9cc3c2d7a18d0b576c115,940f5b20042bf707144c69265250e69d222ec3de5a98a4aa15598f559c2048d2,81,6.087492226280532,12.028124183531542,-1.0312763984409559,0.802328436313676,6.855291382870606,13.72097528811605,False
outer::leave_profile_out_P-H02,q=0.5|gain=0,0.5,0.0,rolling_02,751,7,2023-05-16,2023-07-25,2023-07-25,2d1cd811122e8771881bd46b212e899add432ef56ef13b787d40671be2a116dc,5899575d8da1a6773e508ab7edb9ea8adb4b3a934101060537c6635a0ed7568a,7,12.132609651449975,23.005409242731854,-5.817675212228886,0.5412435411599981,6.855291382870606,13.72097528811605,False
outer::leave_profile_out_P-H02,q=0.5|gain=0,0.5,0.0,rolling_03,758,81,2023-07-25,2023-11-07,2023-11-07,fb89f5b5fb5d36eca41082fe2878f8e87ca112ab9f8e787ce8204320f9b04e64,f750803f8774b0a53d14798fdd369aee4890809b7de7918893e2f69ed575b77d,81,7.1670259977315975,14.22627245303148,-0.4593797747827344,0.8114892763842367,6.855291382870606,13.72097528811605,False
outer::leave_profile_out_P-H02,q=0.5|gain=0.25,0.5,0.25,rolling_01,670,81,2023-01-17,2023-05-16,2023-05-16,8ea6fc4a05e6df7513a5867548bccb7b0d6f5134dab9cc3c2d7a18d0b576c115,940f5b20042bf707144c69265250e69d222ec3de5a98a4aa15598f559c2048d2,81,6.172807913101058,10.748818222289591,-0.8815500032876366,0.8421408252752534,6.950891549248004,12.718620758050827,False
outer::leave_profile_out_P-H02,q=0.5|gain=0.25,0.5,0.25,rolling_02,751,7,2023-05-16,2023-07-25,2023-07-25,2d1cd811122e8771881bd46b212e899add432ef56ef13b787d40671be2a116dc,5899575d8da1a6773e508ab7edb9ea8adb4b3a934101060537c6635a0ed7568a,7,11.726025800922937,22.064899237592503,-5.795200076595756,0.5779866767650875,6.950891549248004,12.718620758050827,False
outer::leave_profile_out_P-H02,q=0.5|gain=0.25,0.5,0.25,rolling_03,758,81,2023-07-25,2023-11-07,2023-11-07,fb89f5b5fb5d36eca41082fe2878f8e87ca112ab9f8e787ce8204320f9b04e64,f750803f8774b0a53d14798fdd369aee4890809b7de7918893e2f69ed575b77d,81,7.316309262410696,13.412485922363691,0.093824563906178,0.8324392192789473,6.950891549248004,12.718620758050827,False
outer::leave_profile_out_P-H02,q=100|gain=0.25,100.0,0.25,rolling_01,670,81,2023-01-17,2023-05-16,2023-05-16,8ea6fc4a05e6df7513a5867548bccb7b0d6f5134dab9cc3c2d7a18d0b576c115,940f5b20042bf707144c69265250e69d222ec3de5a98a4aa15598f559c2048d2,81,7.616473877281711,11.061405606763778,-0.8546750854837033,0.8328258874513446,7.008791722213044,11.1304824894112,False
outer::leave_profile_out_P-H02,q=100|gain=0.25,100.0,0.25,rolling_02,751,7,2023-05-16,2023-07-25,2023-07-25,2d1cd811122e8771881bd46b212e899add432ef56ef13b787d40671be2a116dc,5899575d8da1a6773e508ab7edb9ea8adb4b3a934101060537c6635a0ed7568a,7,10.140300471616804,18.20828282914035,-8.387046228135898,0.7126175476864164,7.008791722213044,11.1304824894112,False
outer::leave_profile_out_P-H02,q=100|gain=0.25,100.0,0.25,rolling_03,758,81,2023-07-25,2023-11-07,2023-11-07,fb89f5b5fb5d36eca41082fe2878f8e87ca112ab9f8e787ce8204320f9b04e64,f750803f8774b0a53d14798fdd369aee4890809b7de7918893e2f69ed575b77d,81,6.130485354232939,10.36702397661669,1.60949406089896,0.8998935586971316,7.008791722213044,11.1304824894112,False
outer::leave_profile_out_P-H02,q=25|gain=0.5,25.0,0.5,rolling_01,670,81,2023-01-17,2023-05-16,2023-05-16,8ea6fc4a05e6df7513a5867548bccb7b0d6f5134dab9cc3c2d7a18d0b576c115,940f5b20042bf707144c69265250e69d222ec3de5a98a4aa15598f559c2048d2,81,7.967916008871706,10.747167669805407,-0.9011001590384452,0.8421893022040916,7.326110947923773,11.023191858933957,False
outer::leave_profile_out_P-H02,q=25|gain=0.5,25.0,0.5,rolling_02,751,7,2023-05-16,2023-07-25,2023-07-25,2d1cd811122e8771881bd46b212e899add432ef56ef13b787d40671be2a116dc,5899575d8da1a6773e508ab7edb9ea8adb4b3a934101060537c6635a0ed7568a,7,9.514052064971601,17.202530159201242,-7.853460495848835,0.7434884523804719,7.326110947923773,11.023191858933957,False
outer::leave_profile_out_P-H02,q=25|gain=0.5,25.0,0.5,rolling_03,758,81,2023-07-25,2023-11-07,2023-11-07,fb89f5b5fb5d36eca41082fe2878f8e87ca112ab9f8e787ce8204320f9b04e64,f750803f8774b0a53d14798fdd369aee4890809b7de7918893e2f69ed575b77d,81,6.495224555872943,10.604097901309636,1.7363074028149779,0.8952627240861227,7.326110947923773,11.023191858933957,False
outer::leave_profile_out_P-H02,q=400|gain=0.25,400.0,0.25,rolling_01,670,81,2023-01-17,2023-05-16,2023-05-16,8ea6fc4a05e6df7513a5867548bccb7b0d6f5134dab9cc3c2d7a18d0b576c115,940f5b20042bf707144c69265250e69d222ec3de5a98a4aa15598f559c2048d2,81,8.084487621330176,12.03744090721129,-0.6965615918249929,0.8020220935187969,7.397978084401682,11.70044289009477,False
outer::leave_profile_out_P-H02,q=400|gain=0.25,400.0,0.25,rolling_02,751,7,2023-05-16,2023-07-25,2023-07-25,2d1cd811122e8771881bd46b212e899add432ef56ef13b787d40671be2a116dc,5899575d8da1a6773e508ab7edb9ea8adb4b3a934101060537c6635a0ed7568a,7,10.155881675885528,18.24082198168425,-8.28440437971485,0.7115894950065497,7.397978084401682,11.70044289009477,False
outer::leave_profile_out_P-H02,q=400|gain=0.25,400.0,0.25,rolling_03,758,81,2023-07-25,2023-11-07,2023-11-07,fb89f5b5fb5d36eca41082fe2878f8e87ca112ab9f8e787ce8204320f9b04e64,f750803f8774b0a53d14798fdd369aee4890809b7de7918893e2f69ed575b77d,81,6.473131200061004,10.581937621110534,1.7892879247232405,0.895700023364272,7.397978084401682,11.70044289009477,False
outer::leave_profile_out_P-H02,q=0.5|gain=0.5,0.5,0.5,rolling_01,670,81,2023-01-17,2023-05-16,2023-05-16,8ea6fc4a05e6df7513a5867548bccb7b0d6f5134dab9cc3c2d7a18d0b576c115,940f5b20042bf707144c69265250e69d222ec3de5a98a4aa15598f559c2048d2,81,6.989457691841139,10.514238951106803,-0.7318236081343168,0.848955791860549,7.4300250579025295,12.346957173625949,False
outer::leave_profile_out_P-H02,q=0.5|gain=0.5,0.5,0.5,rolling_02,751,7,2023-05-16,2023-07-25,2023-07-25,2d1cd811122e8771881bd46b212e899add432ef56ef13b787d40671be2a116dc,5899575d8da1a6773e508ab7edb9ea8adb4b3a934101060537c6635a0ed7568a,7,11.319441950395902,21.13365627501147,-5.772724940962627,0.6128568812264491,7.4300250579025295,12.346957173625949,False
outer::leave_profile_out_P-H02,q=0.5|gain=0.5,0.5,0.5,rolling_03,758,81,2023-07-25,2023-11-07,2023-11-07,fb89f5b5fb5d36eca41082fe2878f8e87ca112ab9f8e787ce8204320f9b04e64,f750803f8774b0a53d14798fdd369aee4890809b7de7918893e2f69ed575b77d,81,7.534469976464492,12.997006076591608,0.6470289025950894,0.8426595235638755,7.4300250579025295,12.346957173625949,False
outer::leave_profile_out_P-H02,q=100|gain=0.5,100.0,0.5,rolling_01,670,81,2023-01-17,2023-05-16,2023-05-16,8ea6fc4a05e6df7513a5867548bccb7b0d6f5134dab9cc3c2d7a18d0b576c115,940f5b20042bf707144c69265250e69d222ec3de5a98a4aa15598f559c2048d2,81,9.252636115183645,13.213287094698753,-0.7049486903303835,0.7614551011556144,8.195064599917973,12.378782485716643,False
outer::leave_profile_out_P-H02,q=100|gain=0.5,100.0,0.5,rolling_02,751,7,2023-05-16,2023-07-25,2023-07-25,2d1cd811122e8771881bd46b212e899add432ef56ef13b787d40671be2a116dc,5899575d8da1a6773e508ab7edb9ea8adb4b3a934101060537c6635a0ed7568a,7,10.169001546086346,17.389798753640857,-8.364571092502768,0.7378732292595167,8.195064599917973,12.378782485716643,False
outer::leave_profile_out_P-H02,q=100|gain=0.5,100.0,0.5,rolling_03,758,81,2023-07-25,2023-11-07,2023-11-07,fb89f5b5fb5d36eca41082fe2878f8e87ca112ab9f8e787ce8204320f9b04e64,f750803f8774b0a53d14798fdd369aee4890809b7de7918893e2f69ed575b77d,81,6.966905941156269,10.908081785064049,2.162698399587872,0.8891717213715872,8.195064599917973,12.378782485716643,False
outer::leave_profile_out_P-H02,q=400|gain=0.5,400.0,0.5,rolling_01,670,81,2023-01-17,2023-05-16,2023-05-16,8ea6fc4a05e6df7513a5867548bccb7b0d6f5134dab9cc3c2d7a18d0b576c115,940f5b20042bf707144c69265250e69d222ec3de5a98a4aa15598f559c2048d2,81,9.807601763045929,14.302699532926434,-0.546835196671673,0.720498320678219,8.633476265929774,13.071326380264782,False
outer::leave_profile_out_P-H02,q=400|gain=0.5,400.0,0.5,rolling_02,751,7,2023-05-16,2023-07-25,2023-07-25,2d1cd811122e8771881bd46b212e899add432ef56ef13b787d40671be2a116dc,5899575d8da1a6773e508ab7edb9ea8adb4b3a934101060537c6635a0ed7568a,7,10.184582750355066,17.42180111380308,-8.26192924408172,0.7369075603333735,8.633476265929774,13.071326380264782,False
outer::leave_profile_out_P-H02,q=400|gain=0.5,400.0,0.5,rolling_03,758,81,2023-07-25,2023-11-07,2023-11-07,fb89f5b5fb5d36eca41082fe2878f8e87ca112ab9f8e787ce8204320f9b04e64,f750803f8774b0a53d14798fdd369aee4890809b7de7918893e2f69ed575b77d,81,7.3253045294188395,11.211044756853601,2.342492263412152,0.882929899907683,8.633476265929774,13.071326380264782,False
outer::leave_profile_out_P-H03,q=10|gain=0,10.0,0.0,rolling_01,654,82,2023-01-17,2023-05-16,2023-05-16,b5a275167b875f1e49a8a9e3c75a93da8047297b829bcf9d723e1ee788bcffcd,c3a2f660d3544897aae1f5a68a49bc7a07910f53f6de5a028609e8710e0fcbc6,82,5.014871616662452,8.415750678712921,-2.4702492597009345,0.9182887837723629,6.33944942343234,11.101968026071347,True
outer::leave_profile_out_P-H03,q=10|gain=0,10.0,0.0,rolling_02,736,7,2023-05-16,2023-07-25,2023-07-25,10095997f7ebe70f71c1a9f37772c495fe70232db9a23f0ef30f1420c56385ab,9de6d9280117a3cc2876c10fc979a2202a1af06b93716e2823549516fdb3af41,7,18.162325804686688,22.922061684543742,-18.162325804686688,0.7094278810678134,6.33944942343234,11.101968026071347,True
outer::leave_profile_out_P-H03,q=10|gain=0,10.0,0.0,rolling_03,743,81,2023-07-25,2023-11-07,2023-11-07,45e818cac192e4f84a9a12b8a778c4789a2e211ac42a13072e5ba82cf44fee2e,85499f6ef828d4efa2f973d2003e979245191b515381c1759bbf368a7d4f792b,81,6.658649984992222,11.898512785924497,-0.11587864595938266,0.8846767880079046,6.33944942343234,11.101968026071347,True
outer::leave_profile_out_P-H03,q=25|gain=0,25.0,0.0,rolling_01,654,82,2023-01-17,2023-05-16,2023-05-16,b5a275167b875f1e49a8a9e3c75a93da8047297b829bcf9d723e1ee788bcffcd,c3a2f660d3544897aae1f5a68a49bc7a07910f53f6de5a028609e8710e0fcbc6,82,5.563064014343838,8.552997047674996,-2.248864069859478,0.91560191404804,6.441952049299922,10.633237652383501,False
outer::leave_profile_out_P-H03,q=25|gain=0,25.0,0.0,rolling_02,736,7,2023-05-16,2023-07-25,2023-07-25,10095997f7ebe70f71c1a9f37772c495fe70232db9a23f0ef30f1420c56385ab,9de6d9280117a3cc2876c10fc979a2202a1af06b93716e2823549516fdb3af41,7,16.847056064458766,20.898755541226038,-16.847056064458766,0.7584609029375518,6.441952049299922,10.633237652383501,False
outer::leave_profile_out_P-H03,q=25|gain=0,25.0,0.0,rolling_03,743,81,2023-07-25,2023-11-07,2023-11-07,45e818cac192e4f84a9a12b8a778c4789a2e211ac42a13072e5ba82cf44fee2e,85499f6ef828d4efa2f973d2003e979245191b515381c1759bbf368a7d4f792b,81,6.432484033994823,11.202547233625104,0.3243939740255242,0.8977731605103065,6.441952049299922,10.633237652383501,False
outer::leave_profile_out_P-H03,q=10|gain=0.25,10.0,0.25,rolling_01,654,82,2023-01-17,2023-05-16,2023-05-16,b5a275167b875f1e49a8a9e3c75a93da8047297b829bcf9d723e1ee788bcffcd,c3a2f660d3544897aae1f5a68a49bc7a07910f53f6de5a028609e8710e0fcbc6,82,5.838804338613566,8.23243155890339,-1.927600064372436,0.9218098203587292,6.631179180175641,10.573519271526386,False
outer::leave_profile_out_P-H03,q=10|gain=0.25,10.0,0.25,rolling_02,736,7,2023-05-16,2023-07-25,2023-07-25,10095997f7ebe70f71c1a9f37772c495fe70232db9a23f0ef30f1420c56385ab,9de6d9280117a3cc2876c10fc979a2202a1af06b93716e2823549516fdb3af41,7,17.484211167937197,21.707205542126804,-17.484211167937197,0.7394119934250994,6.631179180175641,10.573519271526386,False
outer::leave_profile_out_P-H03,q=10|gain=0.25,10.0,0.25,rolling_03,743,81,2023-07-25,2023-11-07,2023-11-07,45e818cac192e4f84a9a12b8a778c4789a2e211ac42a13072e5ba82cf44fee2e,85499f6ef828d4efa2f973d2003e979245191b515381c1759bbf368a7d4f792b,81,6.495420082567729,11.194180061870808,0.7021602346058442,0.8979258097384167,6.631179180175641,10.573519271526386,False
outer::leave_profile_out_P-H03,q=100|gain=0,100.0,0.0,rolling_01,654,82,2023-01-17,2023-05-16,2023-05-16,b5a275167b875f1e49a8a9e3c75a93da8047297b829bcf9d723e1ee788bcffcd,c3a2f660d3544897aae1f5a68a49bc7a07910f53f6de5a028609e8710e0fcbc6,82,6.40293073656301,9.852416328021148,-1.8081574129257676,0.8880094277523373,6.764368459605171,10.862380172485993,False
outer::leave_profile_out_P-H03,q=100|gain=0,100.0,0.0,rolling_02,736,7,2023-05-16,2023-07-25,2023-07-25,10095997f7ebe70f71c1a9f37772c495fe70232db9a23f0ef30f1420c56385ab,9de6d9280117a3cc2876c10fc979a2202a1af06b93716e2823549516fdb3af41,7,16.269562171727433,19.777800360313286,-16.269562171727433,0.7836770662831741,6.764368459605171,10.862380172485993,False
outer::leave_profile_out_P-H03,q=100|gain=0,100.0,0.0,rolling_03,743,81,2023-07-25,2023-11-07,2023-11-07,45e818cac192e4f84a9a12b8a778c4789a2e211ac42a13072e5ba82cf44fee2e,85499f6ef828d4efa2f973d2003e979245191b515381c1759bbf368a7d4f792b,81,6.30883188311877,10.750046217112288,0.9118609143363003,0.9058648043815959,6.764368459605171,10.862380172485993,False
outer::leave_profile_out_P-H03,q=25|gain=0.25,25.0,0.25,rolling_01,654,82,2023-01-17,2023-05-16,2023-05-16,b5a275167b875f1e49a8a9e3c75a93da8047297b829bcf9d723e1ee788bcffcd,c3a2f660d3544897aae1f5a68a49bc7a07910f53f6de5a028609e8710e0fcbc6,82,6.5084136025512525,9.044479588632433,-1.7062148745309804,0.9056236625631662,6.850421721222265,10.514031731980571,False
outer::leave_profile_out_P-H03,q=25|gain=0.25,25.0,0.25,rolling_02,736,7,2023-05-16,2023-07-25,2023-07-25,10095997f7ebe70f71c1a9f37772c495fe70232db9a23f0ef30f1420c56385ab,9de6d9280117a3cc2876c10fc979a2202a1af06b93716e2823549516fdb3af41,7,16.168941427709278,19.70394062564002,-16.168941427709278,0.7852897552875154,6.850421721222265,10.514031731980571,False
outer::leave_profile_out_P-H03,q=25|gain=0.25,25.0,0.25,rolling_03,743,81,2023-07-25,2023-11-07,2023-11-07,45e818cac192e4f84a9a12b8a778c4789a2e211ac42a13072e5ba82cf44fee2e,85499f6ef828d4efa2f973d2003e979245191b515381c1759bbf368a7d4f792b,81,6.3913479901804635,10.753750833862885,1.1424328545907514,0.9057999125839384,6.850421721222265,10.514031731980571,False
outer::leave_profile_out_P-H03,q=400|gain=0,400.0,0.0,rolling_01,654,82,2023-01-17,2023-05-16,2023-05-16,b5a275167b875f1e49a8a9e3c75a93da8047297b829bcf9d723e1ee788bcffcd,c3a2f660d3544897aae1f5a68a49bc7a07910f53f6de5a028609e8710e0fcbc6,82,6.632753674985858,10.548897775522217,-1.5006324819507346,0.8716162311250867,6.882172584374601,11.195502971158275,False
outer::leave_profile_out_P-H03,q=400|gain=0,400.0,0.0,rolling_02,736,7,2023-05-16,2023-07-25,2023-07-25,10095997f7ebe70f71c1a9f37772c495fe70232db9a23f0ef30f1420c56385ab,9de6d9280117a3cc2876c10fc979a2202a1af06b93716e2823549516fdb3af41,7,16.568513463403875,20.00765223577339,-16.568513463403875,0.778619763670302,6.882172584374601,11.195502971158275,False
outer::leave_profile_out_P-H03,q=400|gain=0,400.0,0.0,rolling_03,743,81,2023-07-25,2023-11-07,2023-11-07,45e818cac192e4f84a9a12b8a778c4789a2e211ac42a13072e5ba82cf44fee2e,85499f6ef828d4efa2f973d2003e979245191b515381c1759bbf368a7d4f792b,81,6.297579552481662,10.761521351316754,1.22469062113918,0.9056637279362778,6.882172584374601,11.195502971158275,False
outer::leave_profile_out_P-H03,q=2|gain=0,2.0,0.0,rolling_01,654,82,2023-01-17,2023-05-16,2023-05-16,b5a275167b875f1e49a8a9e3c75a93da8047297b829bcf9d723e1ee788bcffcd,c3a2f660d3544897aae1f5a68a49bc7a07910f53f6de5a028609e8710e0fcbc6,82,5.388961371089429,10.53248128762952,-2.8251515346772056,0.8720155089778222,6.946147275378042,13.291206198556718,False
outer::leave_profile_out_P-H03,q=2|gain=0,2.0,0.0,rolling_02,736,7,2023-05-16,2023-07-25,2023-07-25,10095997f7ebe70f71c1a9f37772c495fe70232db9a23f0ef30f1420c56385ab,9de6d9280117a3cc2876c10fc979a2202a1af06b93716e2823549516fdb3af41,7,22.23626370353633,28.759488016844312,-22.23626370353633,0.5425865956416445,6.946147275378042,13.291206198556718,False
outer::leave_profile_out_P-H03,q=2|gain=0,2.0,0.0,rolling_03,743,81,2023-07-25,2023-11-07,2023-11-07,45e818cac192e4f84a9a12b8a778c4789a2e211ac42a13072e5ba82cf44fee2e,85499f6ef828d4efa2f973d2003e979245191b515381c1759bbf368a7d4f792b,81,7.201189610619502,13.67401393700729,-0.9930134277724704,0.8476917588050262,6.946147275378042,13.291206198556718,False
outer::leave_profile_out_P-H03,q=2|gain=0.25,2.0,0.25,rolling_01,654,82,2023-01-17,2023-05-16,2023-05-16,b5a275167b875f1e49a8a9e3c75a93da8047297b829bcf9d723e1ee788bcffcd,c3a2f660d3544897aae1f5a68a49bc7a07910f53f6de5a028609e8710e0fcbc6,82,5.826834925779374,9.385022266250017,-2.282502339348707,0.8983829535229648,7.0363261255003415,12.260604173188948,False
outer::leave_profile_out_P-H03,q=2|gain=0.25,2.0,0.25,rolling_02,736,7,2023-05-16,2023-07-25,2023-07-25,10095997f7ebe70f71c1a9f37772c495fe70232db9a23f0ef30f1420c56385ab,9de6d9280117a3cc2876c10fc979a2202a1af06b93716e2823549516fdb3af41,7,21.558149066786847,27.5102117034114,-21.558149066786847,0.5814624270344995,7.0363261255003415,12.260604173188948,False
outer::leave_profile_out_P-H03,q=2|gain=0.25,2.0,0.25,rolling_03,743,81,2023-07-25,2023-11-07,2023-11-07,45e818cac192e4f84a9a12b8a778c4789a2e211ac42a13072e5ba82cf44fee2e,85499f6ef828d4efa2f973d2003e979245191b515381c1759bbf368a7d4f792b,81,7.005776962390635,12.68550234088709,-0.17497454720724348,0.8689168991838159,7.0363261255003415,12.260604173188948,False
outer::leave_profile_out_P-H03,q=10|gain=0.5,10.0,0.5,rolling_01,654,82,2023-01-17,2023-05-16,2023-05-16,b5a275167b875f1e49a8a9e3c75a93da8047297b829bcf9d723e1ee788bcffcd,c3a2f660d3544897aae1f5a68a49bc7a07910f53f6de5a028609e8710e0fcbc6,82,7.2677096969825445,9.360288934956088,-1.3849508690439374,0.8989178518292604,7.424981369364854,10.857308799496279,False
outer::leave_profile_out_P-H03,q=10|gain=0.5,10.0,0.5,rolling_02,736,7,2023-05-16,2023-07-25,2023-07-25,10095997f7ebe70f71c1a9f37772c495fe70232db9a23f0ef30f1420c56385ab,9de6d9280117a3cc2876c10fc979a2202a1af06b93716e2823549516fdb3af41,7,16.806096531187713,20.50934595144706,-16.806096531187713,0.7673783091039882,7.424981369364854,10.857308799496279,False
outer::leave_profile_out_P-H03,q=10|gain=0.5,10.0,0.5,rolling_03,743,81,2023-07-25,2023-11-07,2023-11-07,45e818cac192e4f84a9a12b8a778c4789a2e211ac42a13072e5ba82cf44fee2e,85499f6ef828d4efa2f973d2003e979245191b515381c1759bbf368a7d4f792b,81,6.773481011372133,11.06151855348788,1.5201991151710703,0.9003308232971821,7.424981369364854,10.857308799496279,False
outer::leave_profile_out_P-H03,q=100|gain=0.25,100.0,0.25,rolling_01,654,82,2023-01-17,2023-05-16,2023-05-16,b5a275167b875f1e49a8a9e3c75a93da8047297b829bcf9d723e1ee788bcffcd,c3a2f660d3544897aae1f5a68a49bc7a07910f53f6de5a028609e8710e0fcbc6,82,7.642630082861116,11.01020992571965,-1.2655082175972687,0.8601420519145028,7.459504135885993,11.266385553124525,False
outer::leave_profile_out_P-H03,q=100|gain=0.25,100.0,0.25,rolling_02,736,7,2023-05-16,2023-07-25,2023-07-25,10095997f7ebe70f71c1a9f37772c495fe70232db9a23f0ef30f1420c56385ab,9de6d9280117a3cc2876c10fc979a2202a1af06b93716e2823549516fdb3af41,7,15.591447534977943,18.605058278134724,-15.591447534977943,0.8085705920965482,7.459504135885993,11.266385553124525,False
outer::leave_profile_out_P-H03,q=100|gain=0.25,100.0,0.25,rolling_03,743,81,2023-07-25,2023-11-07,2023-11-07,45e818cac192e4f84a9a12b8a778c4789a2e211ac42a13072e5ba82cf44fee2e,85499f6ef828d4efa2f973d2003e979245191b515381c1759bbf368a7d4f792b,81,6.571356834088417,10.666018947209857,1.7298997949015273,0.9073306603497495,7.459504135885993,11.266385553124525,False
outer::leave_profile_out_P-H03,q=2|gain=0.5,2.0,0.5,rolling_01,654,82,2023-01-17,2023-05-16,2023-05-16,b5a275167b875f1e49a8a9e3c75a93da8047297b829bcf9d723e1ee788bcffcd,c3a2f660d3544897aae1f5a68a49bc7a07910f53f6de5a028609e8710e0fcbc6,82,6.835889421368172,9.387125944068961,-1.7398531440202083,0.8983373929522724,7.621618830204393,11.89642366509927,False
outer::leave_profile_out_P-H03,q=2|gain=0.5,2.0,0.5,rolling_02,736,7,2023-05-16,2023-07-25,2023-07-25,10095997f7ebe70f71c1a9f37772c495fe70232db9a23f0ef30f1420c56385ab,9de6d9280117a3cc2876c10fc979a2202a1af06b93716e2823549516fdb3af41,7,20.88003443003736,26.27097225593108,-20.88003443003736,0.618320461748957,7.621618830204393,11.89642366509927,False
outer::leave_profile_out_P-H03,q=2|gain=0.5,2.0,0.5,rolling_03,743,81,2023-07-25,2023-11-07,2023-11-07,45e818cac192e4f84a9a12b8a778c4789a2e211ac42a13072e5ba82cf44fee2e,85499f6ef828d4efa2f973d2003e979245191b515381c1759bbf368a7d4f792b,81,7.271259599657965,12.172828218726643,0.6430643333579824,0.8792980313908586,7.621618830204393,11.89642366509927,False
outer::leave_profile_out_P-H03,q=400|gain=0.25,400.0,0.25,rolling_01,654,82,2023-01-17,2023-05-16,2023-05-16,b5a275167b875f1e49a8a9e3c75a93da8047297b829bcf9d723e1ee788bcffcd,c3a2f660d3544897aae1f5a68a49bc7a07910f53f6de5a028609e8710e0fcbc6,82,8.102846803350754,11.917641265880151,-0.9579832866222368,0.8361386342451409,7.797895648686646,11.78892576921351,False
outer::leave_profile_out_P-H03,q=400|gain=0.25,400.0,0.25,rolling_02,736,7,2023-05-16,2023-07-25,2023-07-25,10095997f7ebe70f71c1a9f37772c495fe70232db9a23f0ef30f1420c56385ab,9de6d9280117a3cc2876c10fc979a2202a1af06b93716e2823549516fdb3af41,7,15.890398826654385,18.84044292242962,-15.890398826654385,0.8036961562153772,7.797895648686646,11.78892576921351,False
outer::leave_profile_out_P-H03,q=400|gain=0.25,400.0,0.25,rolling_03,743,81,2023-07-25,2023-11-07,2023-11-07,45e818cac192e4f84a9a12b8a778c4789a2e211ac42a13072e5ba82cf44fee2e,85499f6ef828d4efa2f973d2003e979245191b515381c1759bbf368a7d4f792b,81,6.789827538461573,10.827024256313003,2.042729501704406,0.9045118265177362,7.797895648686646,11.78892576921351,False
outer::leave_profile_out_P-H03,q=25|gain=0.5,25.0,0.5,rolling_01,654,82,2023-01-17,2023-05-16,2023-05-16,b5a275167b875f1e49a8a9e3c75a93da8047297b829bcf9d723e1ee788bcffcd,c3a2f660d3544897aae1f5a68a49bc7a07910f53f6de5a028609e8710e0fcbc6,82,8.049749923036646,10.646383106431104,-1.1635656792024807,0.8692324059624573,7.801626860406619,11.205365339825944,False
outer::leave_profile_out_P-H03,q=25|gain=0.5,25.0,0.5,rolling_02,736,7,2023-05-16,2023-07-25,2023-07-25,10095997f7ebe70f71c1a9f37772c495fe70232db9a23f0ef30f1420c56385ab,9de6d9280117a3cc2876c10fc979a2202a1af06b93716e2823549516fdb3af41,7,15.49082679095979,18.53054795507821,-15.49082679095979,0.8101008109590819,7.801626860406619,11.205365339825944,False
outer::leave_profile_out_P-H03,q=25|gain=0.5,25.0,0.5,rolling_03,743,81,2023-07-25,2023-11-07,2023-11-07,45e818cac192e4f84a9a12b8a778c4789a2e211ac42a13072e5ba82cf44fee2e,85499f6ef828d4efa2f973d2003e979245191b515381c1759bbf368a7d4f792b,81,6.885941790659277,10.913373180772544,1.9604717351559773,0.9029826564858234,7.801626860406619,11.205365339825944,False
outer::leave_profile_out_P-H03,q=0.5|gain=0,0.5,0.0,rolling_01,654,82,2023-01-17,2023-05-16,2023-05-16,b5a275167b875f1e49a8a9e3c75a93da8047297b829bcf9d723e1ee788bcffcd,c3a2f660d3544897aae1f5a68a49bc7a07910f53f6de5a028609e8710e0fcbc6,82,6.696036892026802,13.522445833866104,-2.992977184329802,0.7890369215608553,8.291714210774327,16.223336756388594,False
outer::leave_profile_out_P-H03,q=0.5|gain=0,0.5,0.0,rolling_02,736,7,2023-05-16,2023-07-25,2023-07-25,10095997f7ebe70f71c1a9f37772c495fe70232db9a23f0ef30f1420c56385ab,9de6d9280117a3cc2876c10fc979a2202a1af06b93716e2823549516fdb3af41,7,26.549544362940914,34.964316631464094,-26.549544362940914,0.32392219987303994,8.291714210774327,16.223336756388594,False
outer::leave_profile_out_P-H03,q=0.5|gain=0,0.5,0.0,rolling_03,743,81,2023-07-25,2023-11-07,2023-11-07,45e818cac192e4f84a9a12b8a778c4789a2e211ac42a13072e5ba82cf44fee2e,85499f6ef828d4efa2f973d2003e979245191b515381c1759bbf368a7d4f792b,81,8.32925407586236,16.17484366910471,-1.8762650516773778,0.7868862110865835,8.291714210774327,16.223336756388594,False
outer::leave_profile_out_P-H03,q=0.5|gain=0.25,0.5,0.25,rolling_01,654,82,2023-01-17,2023-05-16,2023-05-16,b5a275167b875f1e49a8a9e3c75a93da8047297b829bcf9d723e1ee788bcffcd,c3a2f660d3544897aae1f5a68a49bc7a07910f53f6de5a028609e8710e0fcbc6,82,6.785101650085788,12.02338412831771,-2.4503279890013037,0.8332179153315846,8.33751829121465,14.994108623933577,False
outer::leave_profile_out_P-H03,q=0.5|gain=0.25,0.5,0.25,rolling_02,736,7,2023-05-16,2023-07-25,2023-07-25,10095997f7ebe70f71c1a9f37772c495fe70232db9a23f0ef30f1420c56385ab,9de6d9280117a3cc2876c10fc979a2202a1af06b93716e2823549516fdb3af41,7,25.87142972619143,33.71246839375101,-25.87142972619143,0.3714675691856214,8.33751829121465,14.994108623933577,False
outer::leave_profile_out_P-H03,q=0.5|gain=0.25,0.5,0.25,rolling_03,743,81,2023-07-25,2023-11-07,2023-11-07,45e818cac192e4f84a9a12b8a778c4789a2e211ac42a13072e5ba82cf44fee2e,85499f6ef828d4efa2f973d2003e979245191b515381c1759bbf368a7d4f792b,81,8.393824273038472,15.076013735550832,-1.0582261711121508,0.8148582282165615,8.33751829121465,14.994108623933577,False
outer::leave_profile_out_P-H03,q=100|gain=0.5,100.0,0.5,rolling_01,654,82,2023-01-17,2023-05-16,2023-05-16,b5a275167b875f1e49a8a9e3c75a93da8047297b829bcf9d723e1ee788bcffcd,c3a2f660d3544897aae1f5a68a49bc7a07910f53f6de5a028609e8710e0fcbc6,82,9.274497292559472,12.97202171614875,-0.7228590222687705,0.805861670960833,8.587100218471818,12.385790757983088,False
outer::leave_profile_out_P-H03,q=100|gain=0.5,100.0,0.5,rolling_02,736,7,2023-05-16,2023-07-25,2023-07-25,10095997f7ebe70f71c1a9f37772c495fe70232db9a23f0ef30f1420c56385ab,9de6d9280117a3cc2876c10fc979a2202a1af06b93716e2823549516fdb3af41,7,14.91333289822846,17.458053680266172,-14.91333289822846,0.8314463212315251,8.587100218471818,12.385790757983088,False
outer::leave_profile_out_P-H03,q=100|gain=0.5,100.0,0.5,rolling_03,743,81,2023-07-25,2023-11-07,2023-11-07,45e818cac192e4f84a9a12b8a778c4789a2e211ac42a13072e5ba82cf44fee2e,85499f6ef828d4efa2f973d2003e979245191b515381c1759bbf368a7d4f792b,81,7.344505294601645,11.192715997702374,2.547938675466754,0.897952508146156,8.587100218471818,12.385790757983088,False
outer::leave_profile_out_P-H03,q=0.5|gain=0.5,0.5,0.5,rolling_01,654,82,2023-01-17,2023-05-16,2023-05-16,b5a275167b875f1e49a8a9e3c75a93da8047297b829bcf9d723e1ee788bcffcd,c3a2f660d3544897aae1f5a68a49bc7a07910f53f6de5a028609e8710e0fcbc6,82,7.536998102222829,11.364902118029132,-1.9076787936728046,0.8509859039864789,8.714665810741948,14.282372358620936,False
outer::leave_profile_out_P-H03,q=0.5|gain=0.5,0.5,0.5,rolling_02,736,7,2023-05-16,2023-07-25,2023-07-25,10095997f7ebe70f71c1a9f37772c495fe70232db9a23f0ef30f1420c56385ab,9de6d9280117a3cc2876c10fc979a2202a1af06b93716e2823549516fdb3af41,7,25.193315089441942,32.4685424869046,-25.193315089441942,0.4169951418198059,8.714665810741948,14.282372358620936,False
outer::leave_profile_out_P-H03,q=0.5|gain=0.5,0.5,0.5,rolling_03,743,81,2023-07-25,2023-11-07,2023-11-07,45e818cac192e4f84a9a12b8a778c4789a2e211ac42a13072e5ba82cf44fee2e,85499f6ef828d4efa2f973d2003e979245191b515381c1759bbf368a7d4f792b,81,8.482791824910684,14.361729606835366,-0.24018729054692528,0.8319862371747926,8.714665810741948,14.282372358620936,False
outer::leave_profile_out_P-H03,q=400|gain=0.5,400.0,0.5,rolling_01,654,82,2023-01-17,2023-05-16,2023-05-16,b5a275167b875f1e49a8a9e3c75a93da8047297b829bcf9d723e1ee788bcffcd,c3a2f660d3544897aae1f5a68a49bc7a07910f53f6de5a028609e8710e0fcbc6,82,9.758390964073188,13.988392048197062,-0.4153340912937377,0.7742480322493601,8.938308835123715,13.044327642913947,False
outer::leave_profile_out_P-H03,q=400|gain=0.5,400.0,0.5,rolling_02,736,7,2023-05-16,2023-07-25,2023-07-25,10095997f7ebe70f71c1a9f37772c495fe70232db9a23f0ef30f1420c56385ab,9de6d9280117a3cc2876c10fc979a2202a1af06b93716e2823549516fdb3af41,7,15.2122841899049,17.69935223020587,-15.2122841899049,0.8267547520820552,8.938308835123715,13.044327642913947,False
outer::leave_profile_out_P-H03,q=400|gain=0.5,400.0,0.5,rolling_03,743,81,2023-07-25,2023-11-07,2023-11-07,45e818cac192e4f84a9a12b8a778c4789a2e211ac42a13072e5ba82cf44fee2e,85499f6ef828d4efa2f973d2003e979245191b515381c1759bbf368a7d4f792b,81,7.5659068344159985,11.486994011033843,2.8607683822696326,0.8925159169274478,8.938308835123715,13.044327642913947,False
outer::leave_profile_out_P-H04,q=25|gain=0,25.0,0.0,rolling_01,653,81,2023-01-17,2023-05-16,2023-05-16,5a65fa081fcbef1d57c324e58f17c40c9869e8207fd4d02ef38c82d4886db1e1,aa9a899957437bf0d31de77469ddc61c70fa03e273cb197200d74557226ec930,81,4.988012761028199,7.374235456635115,-1.2070494209632867,0.9338360491445069,5.8181727992462555,9.034806655921681,True
outer::leave_profile_out_P-H04,q=25|gain=0,25.0,0.0,rolling_02,734,14,2023-05-16,2023-07-25,2023-07-25,7917abc9a08bf21bc5d86d23a2c8fe201b6289cc75946dd2fa01064383b0140a,eee99ecbe76acf0c2c4a815bd89561498ad4893f0703a5e098d5d541405fbae9,14,13.292762466774175,19.926545774536415,-12.382113257145672,0.7401999232260958,5.8181727992462555,9.034806655921681,True
outer::leave_profile_out_P-H04,q=25|gain=0,25.0,0.0,rolling_03,748,82,2023-07-25,2023-11-07,2023-11-07,4085e294470215b3ea837fabe0751d5181da24641acf5d4f553342d889df2b5f,387bc1640a344201d17de9af2b69370944398bcace44256a964a2911a692e91c,82,5.362059479127616,7.395153354024908,1.219506332839801,0.9540601637460702,5.8181727992462555,9.034806655921681,True
outer::leave_profile_out_P-H04,q=10|gain=0,10.0,0.0,rolling_01,653,81,2023-01-17,2023-05-16,2023-05-16,5a65fa081fcbef1d57c324e58f17c40c9869e8207fd4d02ef38c82d4886db1e1,aa9a899957437bf0d31de77469ddc61c70fa03e273cb197200d74557226ec930,81,4.79628057088033,7.662413272552492,-1.2955940530830614,0.9285637623117141,5.887320666801214,9.737251431055313,False
outer::leave_profile_out_P-H04,q=10|gain=0,10.0,0.0,rolling_02,734,14,2023-05-16,2023-07-25,2023-07-25,7917abc9a08bf21bc5d86d23a2c8fe201b6289cc75946dd2fa01064383b0140a,eee99ecbe76acf0c2c4a815bd89561498ad4893f0703a5e098d5d541405fbae9,14,13.916178476495718,21.00354660049592,-12.744395592170957,0.7113573506646318,5.887320666801214,9.737251431055313,False
outer::leave_profile_out_P-H04,q=10|gain=0,10.0,0.0,rolling_03,748,82,2023-07-25,2023-11-07,2023-11-07,4085e294470215b3ea837fabe0751d5181da24641acf5d4f553342d889df2b5f,387bc1640a344201d17de9af2b69370944398bcace44256a964a2911a692e91c,82,5.594274794043515,8.446593521977409,0.7346139768209907,0.9400680699427182,5.887320666801214,9.737251431055313,False
outer::leave_profile_out_P-H04,q=100|gain=0,100.0,0.0,rolling_01,653,81,2023-01-17,2023-05-16,2023-05-16,5a65fa081fcbef1d57c324e58f17c40c9869e8207fd4d02ef38c82d4886db1e1,aa9a899957437bf0d31de77469ddc61c70fa03e273cb197200d74557226ec930,81,5.469269973320496,7.463180229008867,-1.098994449284886,0.9322303428059265,5.917298668384925,8.633716697745278,False
outer::leave_profile_out_P-H04,q=100|gain=0,100.0,0.0,rolling_02,734,14,2023-05-16,2023-07-25,2023-07-25,7917abc9a08bf21bc5d86d23a2c8fe201b6289cc75946dd2fa01064383b0140a,eee99ecbe76acf0c2c4a815bd89561498ad4893f0703a5e098d5d541405fbae9,14,13.228952268805703,19.416610590731572,-12.340136150648505,0.7533267395818382,5.917298668384925,8.633716697745278,False
outer::leave_profile_out_P-H04,q=100|gain=0,100.0,0.0,rolling_03,748,82,2023-07-25,2023-11-07,2023-11-07,4085e294470215b3ea837fabe0751d5181da24641acf5d4f553342d889df2b5f,387bc1640a344201d17de9af2b69370944398bcace44256a964a2911a692e91c,82,5.111532496364532,6.443069452730494,2.0027935150724683,0.96512769136944,5.917298668384925,8.633716697745278,False
outer::leave_profile_out_P-H04,q=400|gain=0,400.0,0.0,rolling_01,653,81,2023-01-17,2023-05-16,2023-05-16,5a65fa081fcbef1d57c324e58f17c40c9869e8207fd4d02ef38c82d4886db1e1,aa9a899957437bf0d31de77469ddc61c70fa03e273cb197200d74557226ec930,81,5.601317305345529,7.51665772579299,-1.0886584174734653,0.9312556548146333,5.958233264052258,8.647399886766273,False
outer::leave_profile_out_P-H04,q=400|gain=0,400.0,0.0,rolling_02,734,14,2023-05-16,2023-07-25,2023-07-25,7917abc9a08bf21bc5d86d23a2c8fe201b6289cc75946dd2fa01064383b0140a,eee99ecbe76acf0c2c4a815bd89561498ad4893f0703a5e098d5d541405fbae9,14,13.39681862280987,19.550111123380045,-12.434602724998786,0.7499230331042132,5.958233264052258,8.647399886766273,False
outer::leave_profile_out_P-H04,q=400|gain=0,400.0,0.0,rolling_03,748,82,2023-07-25,2023-11-07,2023-11-07,4085e294470215b3ea837fabe0751d5181da24641acf5d4f553342d889df2b5f,387bc1640a344201d17de9af2b69370944398bcace44256a964a2911a692e91c,82,5.040794210791751,6.3516988778646635,2.4676680572698477,0.9661097419529932,5.958233264052258,8.647399886766273,False
outer::leave_profile_out_P-H04,q=10|gain=0.25,10.0,0.25,rolling_01,653,81,2023-01-17,2023-05-16,2023-05-16,5a65fa081fcbef1d57c324e58f17c40c9869e8207fd4d02ef38c82d4886db1e1,aa9a899957437bf0d31de77469ddc61c70fa03e273cb197200d74557226ec930,81,5.198223747465956,7.227354308000558,-1.2804983563944008,0.9364455271007417,6.040433923001086,9.115867042113509,False
outer::leave_profile_out_P-H04,q=10|gain=0.25,10.0,0.25,rolling_02,734,14,2023-05-16,2023-07-25,2023-07-25,7917abc9a08bf21bc5d86d23a2c8fe201b6289cc75946dd2fa01064383b0140a,eee99ecbe76acf0c2c4a815bd89561498ad4893f0703a5e098d5d541405fbae9,14,13.441416392145616,19.943896596734334,-12.39410070597965,0.7397472900878707,6.040433923001086,9.115867042113509,False
outer::leave_profile_out_P-H04,q=10|gain=0.25,10.0,0.25,rolling_03,748,82,2023-07-25,2023-11-07,2023-11-07,4085e294470215b3ea837fabe0751d5181da24641acf5d4f553342d889df2b5f,387bc1640a344201d17de9af2b69370944398bcace44256a964a2911a692e91c,82,5.608790869956233,7.737220633909681,1.6142631865396266,0.9497119220699467,6.040433923001086,9.115867042113509,False
outer::leave_profile_out_P-H04,q=25|gain=0.25,25.0,0.25,rolling_01,653,81,2023-01-17,2023-05-16,2023-05-16,5a65fa081fcbef1d57c324e58f17c40c9869e8207fd4d02ef38c82d4886db1e1,aa9a899957437bf0d31de77469ddc61c70fa03e273cb197200d74557226ec930,81,5.591842758458821,7.348551205711796,-1.1919537242746263,0.9342961407959502,6.11738998742679,8.700819365339202,False
outer::leave_profile_out_P-H04,q=25|gain=0.25,25.0,0.25,rolling_02,734,14,2023-05-16,2023-07-25,2023-07-25,7917abc9a08bf21bc5d86d23a2c8fe201b6289cc75946dd2fa01064383b0140a,eee99ecbe76acf0c2c4a815bd89561498ad4893f0703a5e098d5d541405fbae9,14,12.896901864369166,18.89163585400347,-12.031818370954367,0.7664852251902887,6.11738998742679,8.700819365339202,False
outer::leave_profile_out_P-H04,q=25|gain=0.25,25.0,0.25,rolling_03,748,82,2023-07-25,2023-11-07,2023-11-07,4085e294470215b3ea837fabe0751d5181da24641acf5d4f553342d889df2b5f,387bc1640a344201d17de9af2b69370944398bcace44256a964a2911a692e91c,82,5.479050466319622,7.009611290306794,2.099155542558437,0.9587253931967543,6.11738998742679,8.700819365339202,False
outer::leave_profile_out_P-H04,q=100|gain=0.25,100.0,0.25,rolling_01,653,81,2023-01-17,2023-05-16,2023-05-16,5a65fa081fcbef1d57c324e58f17c40c9869e8207fd4d02ef38c82d4886db1e1,aa9a899957437bf0d31de77469ddc61c70fa03e273cb197200d74557226ec930,81,6.316487635362554,7.91241674331885,-1.0838987525962254,0.9238261798413205,6.4181255764354965,8.736727247024598,False
outer::leave_profile_out_P-H04,q=100|gain=0.25,100.0,0.25,rolling_02,734,14,2023-05-16,2023-07-25,2023-07-25,7917abc9a08bf21bc5d86d23a2c8fe201b6289cc75946dd2fa01064383b0140a,eee99ecbe76acf0c2c4a815bd89561498ad4893f0703a5e098d5d541405fbae9,14,12.869363781665749,18.408046138305075,-11.989841264457198,0.7782872743199434,6.4181255764354965,8.736727247024598,False
outer::leave_profile_out_P-H04,q=100|gain=0.25,100.0,0.25,rolling_03,748,82,2023-07-25,2023-11-07,2023-11-07,4085e294470215b3ea837fabe0751d5181da24641acf5d4f553342d889df2b5f,387bc1640a344201d17de9af2b69370944398bcace44256a964a2911a692e91c,82,5.417093117334094,6.713093881526945,2.882442724791104,0.9621434950754572,6.4181255764354965,8.736727247024598,False
outer::leave_profile_out_P-H04,q=2|gain=0.25,2.0,0.25,rolling_01,653,81,2023-01-17,2023-05-16,2023-05-16,5a65fa081fcbef1d57c324e58f17c40c9869e8207fd4d02ef38c82d4886db1e1,aa9a899957437bf0d31de77469ddc61c70fa03e273cb197200d74557226ec930,81,5.212198601518203,8.470604222043603,-1.431892002307619,0.9126996046574819,6.472277702044828,10.960969541183468,False
outer::leave_profile_out_P-H04,q=2|gain=0.25,2.0,0.25,rolling_02,734,14,2023-05-16,2023-07-25,2023-07-25,7917abc9a08bf21bc5d86d23a2c8fe201b6289cc75946dd2fa01064383b0140a,eee99ecbe76acf0c2c4a815bd89561498ad4893f0703a5e098d5d541405fbae9,14,15.664722609128802,23.601418309502655,-14.00663216579986,0.6355386853077098,6.472277702044828,10.960969541183468,False
outer::leave_profile_out_P-H04,q=2|gain=0.25,2.0,0.25,rolling_03,748,82,2023-07-25,2023-11-07,2023-11-07,4085e294470215b3ea837fabe0751d5181da24641acf5d4f553342d889df2b5f,387bc1640a344201d17de9af2b69370944398bcace44256a964a2911a692e91c,82,6.147548170867766,9.66201121387547,0.858644740813431,0.9215794022344491,6.472277702044828,10.960969541183468,False
outer::leave_profile_out_P-H04,q=2|gain=0,2.0,0.0,rolling_01,653,81,2023-01-17,2023-05-16,2023-05-16,5a65fa081fcbef1d57c324e58f17c40c9869e8207fd4d02ef38c82d4886db1e1,aa9a899957437bf0d31de77469ddc61c70fa03e273cb197200d74557226ec930,81,5.115385587615613,9.486168857540568,-1.4469876989962795,0.8905113422481822,6.473111407752197,11.939521694353823,False
outer::leave_profile_out_P-H04,q=2|gain=0,2.0,0.0,rolling_02,734,14,2023-05-16,2023-07-25,2023-07-25,7917abc9a08bf21bc5d86d23a2c8fe201b6289cc75946dd2fa01064383b0140a,eee99ecbe76acf0c2c4a815bd89561498ad4893f0703a5e098d5d541405fbae9,14,16.139484693478906,24.694731414898744,-14.35692705199117,0.6009899387270533,6.473111407752197,11.939521694353823,False
outer::leave_profile_out_P-H04,q=2|gain=0,2.0,0.0,rolling_03,748,82,2023-07-25,2023-11-07,2023-11-07,4085e294470215b3ea837fabe0751d5181da24641acf5d4f553342d889df2b5f,387bc1640a344201d17de9af2b69370944398bcace44256a964a2911a692e91c,82,6.163923181299631,10.709660304711095,-0.021004468905204354,0.9036511654572996,6.473111407752197,11.939521694353823,False
outer::leave_profile_out_P-H04,q=10|gain=0.5,10.0,0.5,rolling_01,653,81,2023-01-17,2023-05-16,2023-05-16,5a65fa081fcbef1d57c324e58f17c40c9869e8207fd4d02ef38c82d4886db1e1,aa9a899957437bf0d31de77469ddc61c70fa03e273cb197200d74557226ec930,81,6.117066619793343,7.710685903734829,-1.2654026597057402,0.9276608411533631,6.5645911133562596,9.09712274909492,False
outer::leave_profile_out_P-H04,q=10|gain=0.5,10.0,0.5,rolling_02,734,14,2023-05-16,2023-07-25,2023-07-25,7917abc9a08bf21bc5d86d23a2c8fe201b6289cc75946dd2fa01064383b0140a,eee99ecbe76acf0c2c4a815bd89561498ad4893f0703a5e098d5d541405fbae9,14,12.983923592899261,18.90168603355381,-12.043805819788343,0.7662367036024038,6.5645911133562596,9.09712274909492,False
outer::leave_profile_out_P-H04,q=10|gain=0.5,10.0,0.5,rolling_03,748,82,2023-07-25,2023-11-07,2023-11-07,4085e294470215b3ea837fabe0751d5181da24641acf5d4f553342d889df2b5f,387bc1640a344201d17de9af2b69370944398bcace44256a964a2911a692e91c,82,5.910674397075699,7.675143245582043,2.493912396258262,0.9505156290966367,6.5645911133562596,9.09712274909492,False
outer::leave_profile_out_P-H04,q=400|gain=0.25,400.0,0.25,rolling_01,653,81,2023-01-17,2023-05-16,2023-05-16,5a65fa081fcbef1d57c324e58f17c40c9869e8207fd4d02ef38c82d4886db1e1,aa9a899957437bf0d31de77469ddc61c70fa03e273cb197200d74557226ec930,81,6.535761777896841,8.117998365404526,-1.073562720784805,0.9198164373140696,6.692214667130935,8.940023967884029,False
outer::leave_profile_out_P-H04,q=400|gain=0.25,400.0,0.25,rolling_02,734,14,2023-05-16,2023-07-25,2023-07-25,7917abc9a08bf21bc5d86d23a2c8fe201b6289cc75946dd2fa01064383b0140a,eee99ecbe76acf0c2c4a815bd89561498ad4893f0703a5e098d5d541405fbae9,14,13.020646819871416,18.54308250429456,-12.08430783880748,0.7750224961125974,6.692214667130935,8.940023967884029,False
outer::leave_profile_out_P-H04,q=400|gain=0.25,400.0,0.25,rolling_03,748,82,2023-07-25,2023-11-07,2023-11-07,4085e294470215b3ea837fabe0751d5181da24641acf5d4f553342d889df2b5f,387bc1640a344201d17de9af2b69370944398bcace44256a964a2911a692e91c,82,5.7662955682235575,6.97963643938367,3.3473172669884836,0.9590776395185556,6.692214667130935,8.940023967884029,False
outer::leave_profile_out_P-H04,q=25|gain=0.5,25.0,0.5,rolling_01,653,81,2023-01-17,2023-05-16,2023-05-16,5a65fa081fcbef1d57c324e58f17c40c9869e8207fd4d02ef38c82d4886db1e1,aa9a899957437bf0d31de77469ddc61c70fa03e273cb197200d74557226ec930,81,6.629558569393283,8.20493843698642,-1.1768580275859657,0.9180897817109875,6.755658147167535,9.008575238701349,False
outer::leave_profile_out_P-H04,q=25|gain=0.5,25.0,0.5,rolling_02,734,14,2023-05-16,2023-07-25,2023-07-25,7917abc9a08bf21bc5d86d23a2c8fe201b6289cc75946dd2fa01064383b0140a,eee99ecbe76acf0c2c4a815bd89561498ad4893f0703a5e098d5d541405fbae9,14,12.510506817596065,17.878066611455168,-11.681523484763058,0.7908700012457759,6.755658147167535,9.008575238701349,False
outer::leave_profile_out_P-H04,q=25|gain=0.5,25.0,0.5,rolling_03,748,82,2023-07-25,2023-11-07,2023-11-07,4085e294470215b3ea837fabe0751d5181da24641acf5d4f553342d889df2b5f,387bc1640a344201d17de9af2b69370944398bcace44256a964a2911a692e91c,82,5.897684786359181,7.3555834196184655,2.9788047522770724,0.9545504775468998,6.755658147167535,9.008575238701349,False
outer::leave_profile_out_P-H04,q=2|gain=0.5,2.0,0.5,rolling_01,653,81,2023-01-17,2023-05-16,2023-05-16,5a65fa081fcbef1d57c324e58f17c40c9869e8207fd4d02ef38c82d4886db1e1,aa9a899957437bf0d31de77469ddc61c70fa03e273cb197200d74557226ec930,81,5.970049490650935,8.19834287267424,-1.4167963056189585,0.9182214163303755,6.886093090354562,10.445437863501192,False
outer::leave_profile_out_P-H04,q=2|gain=0.5,2.0,0.5,rolling_02,734,14,2023-05-16,2023-07-25,2023-07-25,7917abc9a08bf21bc5d86d23a2c8fe201b6289cc75946dd2fa01064383b0140a,eee99ecbe76acf0c2c4a815bd89561498ad4893f0703a5e098d5d541405fbae9,14,15.189960524778698,22.51952074476834,-13.656337279608554,0.668186905979661,6.886093090354562,10.445437863501192,False
outer::leave_profile_out_P-H04,q=2|gain=0.5,2.0,0.5,rolling_03,748,82,2023-07-25,2023-11-07,2023-11-07,4085e294470215b3ea837fabe0751d5181da24641acf5d4f553342d889df2b5f,387bc1640a344201d17de9af2b69370944398bcace44256a964a2911a692e91c,82,6.373231962233291,9.084915918263917,1.7382939505320665,0.9306674939110601,6.886093090354562,10.445437863501192,False
outer::leave_profile_out_P-H04,q=100|gain=0.5,100.0,0.5,rolling_01,653,81,2023-01-17,2023-05-16,2023-05-16,5a65fa081fcbef1d57c324e58f17c40c9869e8207fd4d02ef38c82d4886db1e1,aa9a899957437bf0d31de77469ddc61c70fa03e273cb197200d74557226ec930,81,7.431658296261378,9.122037710288819,-1.068803055907565,0.8987555661403082,7.277835239552935,9.460094388830635,False
outer::leave_profile_out_P-H04,q=100|gain=0.5,100.0,0.5,rolling_02,734,14,2023-05-16,2023-07-25,2023-07-25,7917abc9a08bf21bc5d86d23a2c8fe201b6289cc75946dd2fa01064383b0140a,eee99ecbe76acf0c2c4a815bd89561498ad4893f0703a5e098d5d541405fbae9,14,12.544657000525772,17.424472451572573,-11.639546378265889,0.8013472831493429,7.277835239552935,9.460094388830635,False
outer::leave_profile_out_P-H04,q=100|gain=0.5,100.0,0.5,rolling_03,748,82,2023-07-25,2023-11-07,2023-11-07,4085e294470215b3ea837fabe0751d5181da24641acf5d4f553342d889df2b5f,387bc1640a344201d17de9af2b69370944398bcace44256a964a2911a692e91c,82,6.226674602394357,7.690365052570595,3.7620919345097406,0.9503191536809359,7.277835239552935,9.460094388830635,False
outer::leave_profile_out_P-H04,q=400|gain=0.5,400.0,0.5,rolling_01,653,81,2023-01-17,2023-05-16,2023-05-16,5a65fa081fcbef1d57c324e58f17c40c9869e8207fd4d02ef38c82d4886db1e1,aa9a899957437bf0d31de77469ddc61c70fa03e273cb197200d74557226ec930,81,7.7656200529854384,9.434066208872654,-1.0584670240961442,0.8917107690770996,7.621610629152096,9.82059958331175,False
outer::leave_profile_out_P-H04,q=400|gain=0.5,400.0,0.5,rolling_02,734,14,2023-05-16,2023-07-25,2023-07-25,7917abc9a08bf21bc5d86d23a2c8fe201b6289cc75946dd2fa01064383b0140a,eee99ecbe76acf0c2c4a815bd89561498ad4893f0703a5e098d5d541405fbae9,14,12.695940038731443,17.56102657515859,-11.734012952616172,0.7982214332122761,7.621610629152096,9.82059958331175,False
outer::leave_profile_out_P-H04,q=400|gain=0.5,400.0,0.5,rolling_03,748,82,2023-07-25,2023-11-07,2023-11-07,4085e294470215b3ea837fabe0751d5181da24641acf5d4f553342d889df2b5f,387bc1640a344201d17de9af2b69370944398bcace44256a964a2911a692e91c,82,6.613008494217808,8.222540404704402,4.22696647670712,0.9432053919835794,7.621610629152096,9.82059958331175,False
outer::leave_profile_out_P-H04,q=0.5|gain=0.25,0.5,0.25,rolling_01,653,81,2023-01-17,2023-05-16,2023-05-16,5a65fa081fcbef1d57c324e58f17c40c9869e8207fd4d02ef38c82d4886db1e1,aa9a899957437bf0d31de77469ddc61c70fa03e273cb197200d74557226ec930,81,6.193596535432323,10.997919896561703,-1.3555933401009528,0.8528336448063168,7.723741547981135,13.79309375100697,False
outer::leave_profile_out_P-H04,q=0.5|gain=0.25,0.5,0.25,rolling_02,734,14,2023-05-16,2023-07-25,2023-07-25,7917abc9a08bf21bc5d86d23a2c8fe201b6289cc75946dd2fa01064383b0140a,eee99ecbe76acf0c2c4a815bd89561498ad4893f0703a5e098d5d541405fbae9,14,18.76151076918357,28.428370234055116,-15.841815547930146,0.47121496193291335,7.723741547981135,13.79309375100697,False
outer::leave_profile_out_P-H04,q=0.5|gain=0.25,0.5,0.25,rolling_03,748,82,2023-07-25,2023-11-07,2023-11-07,4085e294470215b3ea837fabe0751d5181da24641acf5d4f553342d889df2b5f,387bc1640a344201d17de9af2b69370944398bcace44256a964a2911a692e91c,82,7.350729071391129,12.377421000043757,0.23676678767637838,0.8713068591760507,7.723741547981135,13.79309375100697,False
outer::leave_profile_out_P-H04,q=0.5|gain=0,0.5,0.0,rolling_01,653,81,2023-01-17,2023-05-16,2023-05-16,5a65fa081fcbef1d57c324e58f17c40c9869e8207fd4d02ef38c82d4886db1e1,aa9a899957437bf0d31de77469ddc61c70fa03e273cb197200d74557226ec930,81,6.375850451003091,12.288943968810369,-1.3706890367896134,0.816254565161544,7.85580351685618,14.974686801141784,False
outer::leave_profile_out_P-H04,q=0.5|gain=0,0.5,0.0,rolling_02,734,14,2023-05-16,2023-07-25,2023-07-25,7917abc9a08bf21bc5d86d23a2c8fe201b6289cc75946dd2fa01064383b0140a,eee99ecbe76acf0c2c4a815bd89561498ad4893f0703a5e098d5d541405fbae9,14,19.303860012821833,29.532579916945306,-16.192110434121457,0.4293392426197732,7.85580351685618,14.974686801141784,False
outer::leave_profile_out_P-H04,q=0.5|gain=0,0.5,0.0,rolling_03,748,82,2023-07-25,2023-11-07,2023-11-07,4085e294470215b3ea837fabe0751d5181da24641acf5d4f553342d889df2b5f,387bc1640a344201d17de9af2b69370944398bcace44256a964a2911a692e91c,82,7.363162143570585,13.636305917038674,-0.6428824220422575,0.8437972968377326,7.85580351685618,14.974686801141784,False
outer::leave_profile_out_P-H04,q=0.5|gain=0.5,0.5,0.5,rolling_01,653,81,2023-01-17,2023-05-16,2023-05-16,5a65fa081fcbef1d57c324e58f17c40c9869e8207fd4d02ef38c82d4886db1e1,aa9a899957437bf0d31de77469ddc61c70fa03e273cb197200d74557226ec930,81,6.579122280815165,10.226841834726395,-1.340497643412292,0.8727462737146835,7.880622802565177,12.947249497115264,False
outer::leave_profile_out_P-H04,q=0.5|gain=0.5,0.5,0.5,rolling_02,734,14,2023-05-16,2023-07-25,2023-07-25,7917abc9a08bf21bc5d86d23a2c8fe201b6289cc75946dd2fa01064383b0140a,eee99ecbe76acf0c2c4a815bd89561498ad4893f0703a5e098d5d541405fbae9,14,18.219161525545307,27.332688736493612,-15.491520661738836,0.511190155337348,7.880622802565177,12.947249497115264,False
outer::leave_profile_out_P-H04,q=0.5|gain=0.5,0.5,0.5,rolling_03,748,82,2023-07-25,2023-11-07,2023-11-07,4085e294470215b3ea837fabe0751d5181da24641acf5d4f553342d889df2b5f,387bc1640a344201d17de9af2b69370944398bcace44256a964a2911a692e91c,82,7.4011349993948015,11.444468613775976,1.1164159973950136,0.88997627641383,7.880622802565177,12.947249497115264,False
outer::leave_profile_out_P-H05,q=10|gain=0,10.0,0.0,rolling_01,675,84,2023-01-17,2023-05-16,2023-05-16,1b1915940635925104be2b351d669c5d8ff53cc0f737a682193049481a83153b,7fed271a31729b8ba756f3e17576fb8912297242320dce4eeac1234c86c472cf,84,5.084013564443935,8.431938790465399,-2.1710999102479684,0.9153145201499329,6.560751279495066,11.672454745379055,True
outer::leave_profile_out_P-H05,q=10|gain=0,10.0,0.0,rolling_02,759,14,2023-05-16,2023-07-25,2023-07-25,3ab6fb82af3938f8e95fe9dc653f6359afa27d9c6908c32e9835551ec9ece3ed,eee99ecbe76acf0c2c4a815bd89561498ad4893f0703a5e098d5d541405fbae9,14,13.978062789433837,21.112960402214075,-12.794726605052173,0.7083422647888223,6.560751279495066,11.672454745379055,True
outer::leave_profile_out_P-H05,q=10|gain=0,10.0,0.0,rolling_03,773,85,2023-07-25,2023-11-07,2023-11-07,c02579f2e6e9a5eb1d0294ea95a16165d9e4726929ee98955ef8b369dc0f7038,065e246be10a4cdae4c18b2e391d11ad719a2d4298e304a4da43047f4134fb69,85,6.798440772732148,12.233155282784601,-0.46709250169065564,0.8852361486570224,6.560751279495066,11.672454745379055,True
outer::leave_profile_out_P-H05,q=25|gain=0,25.0,0.0,rolling_01,675,84,2023-01-17,2023-05-16,2023-05-16,1b1915940635925104be2b351d669c5d8ff53cc0f737a682193049481a83153b,7fed271a31729b8ba756f3e17576fb8912297242320dce4eeac1234c86c472cf,84,5.581097942847936,8.502618641045974,-2.0128560827803232,0.913888835294644,6.565011734186223,11.064139086147279,False
outer::leave_profile_out_P-H05,q=25|gain=0,25.0,0.0,rolling_02,759,14,2023-05-16,2023-07-25,2023-07-25,3ab6fb82af3938f8e95fe9dc653f6359afa27d9c6908c32e9835551ec9ece3ed,eee99ecbe76acf0c2c4a815bd89561498ad4893f0703a5e098d5d541405fbae9,14,13.328268604473136,19.99419063730952,-12.408690277604103,0.7384330369524281,6.565011734186223,11.064139086147279,False
outer::leave_profile_out_P-H05,q=25|gain=0,25.0,0.0,rolling_03,773,85,2023-07-25,2023-11-07,2023-11-07,c02579f2e6e9a5eb1d0294ea95a16165d9e4726929ee98955ef8b369dc0f7038,065e246be10a4cdae4c18b2e391d11ad719a2d4298e304a4da43047f4134fb69,85,6.423401878755625,11.23675144887508,0.06175703659358556,0.9031700547294176,6.565011734186223,11.064139086147279,False
outer::leave_profile_out_P-H05,q=10|gain=0.25,10.0,0.25,rolling_01,675,84,2023-01-17,2023-05-16,2023-05-16,1b1915940635925104be2b351d669c5d8ff53cc0f737a682193049481a83153b,7fed271a31729b8ba756f3e17576fb8912297242320dce4eeac1234c86c472cf,84,5.637030510115181,8.036292144071634,-1.8794283493192443,0.923075356033489,6.651698653492493,10.929513612398141,False
outer::leave_profile_out_P-H05,q=10|gain=0.25,10.0,0.25,rolling_02,759,14,2023-05-16,2023-07-25,2023-07-25,3ab6fb82af3938f8e95fe9dc653f6359afa27d9c6908c32e9835551ec9ece3ed,eee99ecbe76acf0c2c4a815bd89561498ad4893f0703a5e098d5d541405fbae9,14,13.503300705083733,20.051916227707892,-12.444431718860864,0.7369205072283416,6.651698653492493,10.929513612398141,False
outer::leave_profile_out_P-H05,q=10|gain=0.25,10.0,0.25,rolling_03,773,85,2023-07-25,2023-11-07,2023-11-07,c02579f2e6e9a5eb1d0294ea95a16165d9e4726929ee98955ef8b369dc0f7038,065e246be10a4cdae4c18b2e391d11ad719a2d4298e304a4da43047f4134fb69,85,6.525930363156217,11.275237264610412,0.48029304538918116,0.9025056347311659,6.651698653492493,10.929513612398141,False
outer::leave_profile_out_P-H05,q=100|gain=0,100.0,0.0,rolling_01,675,84,2023-01-17,2023-05-16,2023-05-16,1b1915940635925104be2b351d669c5d8ff53cc0f737a682193049481a83153b,7fed271a31729b8ba756f3e17576fb8912297242320dce4eeac1234c86c472cf,84,6.321585814897293,9.705842023733638,-1.7173662610306573,0.8877928584909497,6.729113208873509,11.076508099630328,False
outer::leave_profile_out_P-H05,q=100|gain=0,100.0,0.0,rolling_02,759,14,2023-05-16,2023-07-25,2023-07-25,3ab6fb82af3938f8e95fe9dc653f6359afa27d9c6908c32e9835551ec9ece3ed,eee99ecbe76acf0c2c4a815bd89561498ad4893f0703a5e098d5d541405fbae9,14,13.229455719630069,19.429498216014384,-12.34329156265545,0.752999175966979,6.729113208873509,11.076508099630328,False
outer::leave_profile_out_P-H05,q=100|gain=0,100.0,0.0,rolling_03,773,85,2023-07-25,2023-11-07,2023-11-07,c02579f2e6e9a5eb1d0294ea95a16165d9e4726929ee98955ef8b369dc0f7038,065e246be10a4cdae4c18b2e391d11ad719a2d4298e304a4da43047f4134fb69,85,6.061201514090098,10.43406984831403,0.8796865741792689,0.9165097778676232,6.729113208873509,11.076508099630328,False
outer::leave_profile_out_P-H05,q=25|gain=0.25,25.0,0.25,rolling_01,675,84,2023-01-17,2023-05-16,2023-05-16,1b1915940635925104be2b351d669c5d8ff53cc0f737a682193049481a83153b,7fed271a31729b8ba756f3e17576fb8912297242320dce4eeac1234c86c472cf,84,6.244839654194355,8.832885305290567,-1.7211845218515989,0.9070692922739754,6.770182440005401,10.734592205036467,False
outer::leave_profile_out_P-H05,q=25|gain=0.25,25.0,0.25,rolling_02,759,14,2023-05-16,2023-07-25,2023-07-25,3ab6fb82af3938f8e95fe9dc653f6359afa27d9c6908c32e9835551ec9ece3ed,eee99ecbe76acf0c2c4a815bd89561498ad4893f0703a5e098d5d541405fbae9,14,12.925104002597529,18.95768390252186,-12.058395391412795,0.7648495641791946,6.770182440005401,10.734592205036467,False
outer::leave_profile_out_P-H05,q=25|gain=0.25,25.0,0.25,rolling_03,773,85,2023-07-25,2023-11-07,2023-11-07,c02579f2e6e9a5eb1d0294ea95a16165d9e4726929ee98955ef8b369dc0f7038,065e246be10a4cdae4c18b2e391d11ad719a2d4298e304a4da43047f4134fb69,85,6.2755929356740845,10.573094373201087,1.0091425836734222,0.9142700926310491,6.770182440005401,10.734592205036467,False
outer::leave_profile_out_P-H05,q=400|gain=0,400.0,0.0,rolling_01,675,84,2023-01-17,2023-05-16,2023-05-16,1b1915940635925104be2b351d669c5d8ff53cc0f737a682193049481a83153b,7fed271a31729b8ba756f3e17576fb8912297242320dce4eeac1234c86c472cf,84,6.487728133097224,10.344638763926651,-1.5164615200911324,0.8725368281254333,6.800015585855897,11.354552768612743,False
outer::leave_profile_out_P-H05,q=400|gain=0,400.0,0.0,rolling_02,759,14,2023-05-16,2023-07-25,2023-07-25,3ab6fb82af3938f8e95fe9dc653f6359afa27d9c6908c32e9835551ec9ece3ed,eee99ecbe76acf0c2c4a815bd89561498ad4893f0703a5e098d5d541405fbae9,14,13.390747388614505,19.539717490391617,-12.430244617833663,0.7501888645641017,6.800015585855897,11.354552768612743,False
outer::leave_profile_out_P-H05,q=400|gain=0,400.0,0.0,rolling_03,773,85,2023-07-25,2023-11-07,2023-11-07,c02579f2e6e9a5eb1d0294ea95a16165d9e4726929ee98955ef8b369dc0f7038,065e246be10a4cdae4c18b2e391d11ad719a2d4298e304a4da43047f4134fb69,85,6.023096771657169,10.437069578409679,1.3364234828209356,0.9164617651291993,6.800015585855897,11.354552768612743,False
outer::leave_profile_out_P-H05,q=2|gain=0.25,2.0,0.25,rolling_01,675,84,2023-01-17,2023-05-16,2023-05-16,1b1915940635925104be2b351d669c5d8ff53cc0f737a682193049481a83153b,7fed271a31729b8ba756f3e17576fb8912297242320dce4eeac1234c86c472cf,84,5.71684854707669,9.244397954085397,-2.1462606384638154,0.8982085436853682,7.1858236916810725,12.719999272546032,False
outer::leave_profile_out_P-H05,q=2|gain=0.25,2.0,0.25,rolling_02,759,14,2023-05-16,2023-07-25,2023-07-25,3ab6fb82af3938f8e95fe9dc653f6359afa27d9c6908c32e9835551ec9ece3ed,eee99ecbe76acf0c2c4a815bd89561498ad4893f0703a5e098d5d541405fbae9,14,15.771842197642744,23.77922776438725,-14.097440324363983,0.6300264079489852,7.1858236916810725,12.719999272546032,False
outer::leave_profile_out_P-H05,q=2|gain=0.25,2.0,0.25,rolling_03,773,85,2023-07-25,2023-11-07,2023-11-07,c02579f2e6e9a5eb1d0294ea95a16165d9e4726929ee98955ef8b369dc0f7038,065e246be10a4cdae4c18b2e391d11ad719a2d4298e304a4da43047f4134fb69,85,7.223349021837598,13.067351922892442,-0.434309140320925,0.869050660543467,7.1858236916810725,12.719999272546032,False
outer::leave_profile_out_P-H05,q=100|gain=0.25,100.0,0.25,rolling_01,675,84,2023-01-17,2023-05-16,2023-05-16,1b1915940635925104be2b351d669c5d8ff53cc0f737a682193049481a83153b,7fed271a31729b8ba756f3e17576fb8912297242320dce4eeac1234c86c472cf,84,7.295975338441289,10.792103686358688,-1.4256947001019324,0.8612713114774482,7.223592192482453,11.337036632872113,False
outer::leave_profile_out_P-H05,q=100|gain=0.25,100.0,0.25,rolling_02,759,14,2023-05-16,2023-07-25,2023-07-25,3ab6fb82af3938f8e95fe9dc653f6359afa27d9c6908c32e9835551ec9ece3ed,eee99ecbe76acf0c2c4a815bd89561498ad4893f0703a5e098d5d541405fbae9,14,12.869088898123742,18.420237125549633,-11.992996676464141,0.7779935123414942,7.223592192482453,11.337036632872113,False
outer::leave_profile_out_P-H05,q=100|gain=0.25,100.0,0.25,rolling_03,773,85,2023-07-25,2023-11-07,2023-11-07,c02579f2e6e9a5eb1d0294ea95a16165d9e4726929ee98955ef8b369dc0f7038,065e246be10a4cdae4c18b2e391d11ad719a2d4298e304a4da43047f4134fb69,85,6.222214096723391,10.282473416576916,1.8270721212591052,0.9189182099709686,7.223592192482453,11.337036632872113,False
outer::leave_profile_out_P-H05,q=2|gain=0,2.0,0.0,rolling_01,675,84,2023-01-17,2023-05-16,2023-05-16,1b1915940635925104be2b351d669c5d8ff53cc0f737a682193049481a83153b,7fed271a31729b8ba756f3e17576fb8912297242320dce4eeac1234c86c472cf,84,5.558498175208118,10.631222713374362,-2.4379321993925402,0.8653766185839111,7.289409776301236,13.940213550143158,False
outer::leave_profile_out_P-H05,q=2|gain=0,2.0,0.0,rolling_02,759,14,2023-05-16,2023-07-25,2023-07-25,3ab6fb82af3938f8e95fe9dc653f6359afa27d9c6908c32e9835551ec9ece3ed,eee99ecbe76acf0c2c4a815bd89561498ad4893f0703a5e098d5d541405fbae9,14,16.24660428199285,24.873125299170614,-14.447735210555294,0.5952042463970387,7.289409776301236,13.940213550143158,False
outer::leave_profile_out_P-H05,q=2|gain=0,2.0,0.0,rolling_03,773,85,2023-07-25,2023-11-07,2023-11-07,c02579f2e6e9a5eb1d0294ea95a16165d9e4726929ee98955ef8b369dc0f7038,065e246be10a4cdae4c18b2e391d11ad719a2d4298e304a4da43047f4134fb69,85,7.524655087032287,14.310412491941031,-1.3816946874007616,0.8429519885196175,7.289409776301236,13.940213550143158,False
outer::leave_profile_out_P-H05,q=10|gain=0.5,10.0,0.5,rolling_01,675,84,2023-01-17,2023-05-16,2023-05-16,1b1915940635925104be2b351d669c5d8ff53cc0f737a682193049481a83153b,7fed271a31729b8ba756f3e17576fb8912297242320dce4eeac1234c86c472cf,84,6.927033251562769,9.159764542080676,-1.5877567883905201,0.9000638344008743,7.291926932595025,11.026344131312621,False
outer::leave_profile_out_P-H05,q=10|gain=0.5,10.0,0.5,rolling_02,759,14,2023-05-16,2023-07-25,2023-07-25,3ab6fb82af3938f8e95fe9dc653f6359afa27d9c6908c32e9835551ec9ece3ed,eee99ecbe76acf0c2c4a815bd89561498ad4893f0703a5e098d5d541405fbae9,14,13.038712342485443,19.008058124078715,-12.094136832669555,0.763598223759155,7.291926932595025,11.026344131312621,False
outer::leave_profile_out_P-H05,q=10|gain=0.5,10.0,0.5,rolling_03,773,85,2023-07-25,2023-11-07,2023-11-07,c02579f2e6e9a5eb1d0294ea95a16165d9e4726929ee98955ef8b369dc0f7038,065e246be10a4cdae4c18b2e391d11ad719a2d4298e304a4da43047f4134fb69,85,6.705998385162596,10.923903947086234,1.4276785924690167,0.9084867703183779,7.291926932595025,11.026344131312621,False
outer::leave_profile_out_P-H05,q=25|gain=0.5,25.0,0.5,rolling_01,675,84,2023-01-17,2023-05-16,2023-05-16,1b1915940635925104be2b351d669c5d8ff53cc0f737a682193049481a83153b,7fed271a31729b8ba756f3e17576fb8912297242320dce4eeac1234c86c472cf,84,7.616194072117326,10.46805126375259,-1.4295129609228738,0.8694773917371359,7.546234426601512,11.267905527519707,False
outer::leave_profile_out_P-H05,q=25|gain=0.5,25.0,0.5,rolling_02,759,14,2023-05-16,2023-07-25,2023-07-25,3ab6fb82af3938f8e95fe9dc653f6359afa27d9c6908c32e9835551ec9ece3ed,eee99ecbe76acf0c2c4a815bd89561498ad4893f0703a5e098d5d541405fbae9,14,12.53870895582443,17.942256838050827,-11.708100505221488,0.7893655654972553,7.546234426601512,11.267905527519707,False
outer::leave_profile_out_P-H05,q=25|gain=0.5,25.0,0.5,rolling_03,773,85,2023-07-25,2023-11-07,2023-11-07,c02579f2e6e9a5eb1d0294ea95a16165d9e4726929ee98955ef8b369dc0f7038,065e246be10a4cdae4c18b2e391d11ad719a2d4298e304a4da43047f4134fb69,85,6.65480791327858,10.584700326263626,1.9565281307532572,0.9140817800457489,7.546234426601512,11.267905527519707,False
outer::leave_profile_out_P-H05,q=400|gain=0.25,400.0,0.25,rolling_01,675,84,2023-01-17,2023-05-16,2023-05-16,1b1915940635925104be2b351d669c5d8ff53cc0f737a682193049481a83153b,7fed271a31729b8ba756f3e17576fb8912297242320dce4eeac1234c86c472cf,84,7.698840548834799,11.706999421061946,-1.2247899591624076,0.8367529823217525,7.604211334651182,11.862529340185223,False
outer::leave_profile_out_P-H05,q=400|gain=0.25,400.0,0.25,rolling_02,759,14,2023-05-16,2023-07-25,2023-07-25,3ab6fb82af3938f8e95fe9dc653f6359afa27d9c6908c32e9835551ec9ece3ed,eee99ecbe76acf0c2c4a815bd89561498ad4893f0703a5e098d5d541405fbae9,14,13.015572467995177,18.532961939695596,-12.079949731642355,0.7752680084766159,7.604211334651182,11.862529340185223,False
outer::leave_profile_out_P-H05,q=400|gain=0.25,400.0,0.25,rolling_03,773,85,2023-07-25,2023-11-07,2023-11-07,c02579f2e6e9a5eb1d0294ea95a16165d9e4726929ee98955ef8b369dc0f7038,065e246be10a4cdae4c18b2e391d11ad719a2d4298e304a4da43047f4134fb69,85,6.619412395142479,10.53318317145044,2.283809029900771,0.9149160957083262,7.604211334651182,11.862529340185223,False
outer::leave_profile_out_P-H05,q=2|gain=0.5,2.0,0.5,rolling_01,675,84,2023-01-17,2023-05-16,2023-05-16,1b1915940635925104be2b351d669c5d8ff53cc0f737a682193049481a83153b,7fed271a31729b8ba756f3e17576fb8912297242320dce4eeac1234c86c472cf,84,6.534880006130518,9.150398137152736,-1.8545890775350908,0.9002681112706543,7.606718140628928,12.17313181730199,False
outer::leave_profile_out_P-H05,q=2|gain=0.5,2.0,0.5,rolling_02,759,14,2023-05-16,2023-07-25,2023-07-25,3ab6fb82af3938f8e95fe9dc653f6359afa27d9c6908c32e9835551ec9ece3ed,eee99ecbe76acf0c2c4a815bd89561498ad4893f0703a5e098d5d541405fbae9,14,15.297080113292642,22.696600313279387,-13.747145438172675,0.6629480435922261,7.606718140628928,12.17313181730199,False
outer::leave_profile_out_P-H05,q=2|gain=0.5,2.0,0.5,rolling_03,773,85,2023-07-25,2023-11-07,2023-11-07,c02579f2e6e9a5eb1d0294ea95a16165d9e4726929ee98955ef8b369dc0f7038,065e246be10a4cdae4c18b2e391d11ad719a2d4298e304a4da43047f4134fb69,85,7.399298560400389,12.306229387400027,0.5130764067589111,0.8838609820803851,7.606718140628928,12.17313181730199,False
outer::leave_profile_out_P-H05,q=100|gain=0.5,100.0,0.5,rolling_01,675,84,2023-01-17,2023-05-16,2023-05-16,1b1915940635925104be2b351d669c5d8ff53cc0f737a682193049481a83153b,7fed271a31729b8ba756f3e17576fb8912297242320dce4eeac1234c86c472cf,84,8.73635022377831,12.82850458733746,-1.1340231391732083,0.8039774069477759,8.266051122725564,12.380860092370565,False
outer::leave_profile_out_P-H05,q=100|gain=0.5,100.0,0.5,rolling_02,759,14,2023-05-16,2023-07-25,2023-07-25,3ab6fb82af3938f8e95fe9dc653f6359afa27d9c6908c32e9835551ec9ece3ed,eee99ecbe76acf0c2c4a815bd89561498ad4893f0703a5e098d5d541405fbae9,14,12.544382116983769,17.435869705427145,-11.642701790272834,0.8010873228073037,8.266051122725564,12.380860092370565,False
outer::leave_profile_out_P-H05,q=100|gain=0.5,100.0,0.5,rolling_03,773,85,2023-07-25,2023-11-07,2023-11-07,c02579f2e6e9a5eb1d0294ea95a16165d9e4726929ee98955ef8b369dc0f7038,065e246be10a4cdae4c18b2e391d11ad719a2d4298e304a4da43047f4134fb69,85,7.096618670866206,10.830905797628123,2.7744576683389424,0.9100382915873825,8.266051122725564,12.380860092370565,False
outer::leave_profile_out_P-H05,q=0.5|gain=0.25,0.5,0.25,rolling_01,675,84,2023-01-17,2023-05-16,2023-05-16,1b1915940635925104be2b351d669c5d8ff53cc0f737a682193049481a83153b,7fed271a31729b8ba756f3e17576fb8912297242320dce4eeac1234c86c472cf,84,6.8119395182937,11.93897608836573,-2.158509510313027,0.8302193362872368,8.639335900667787,15.573347672277519,False
outer::leave_profile_out_P-H05,q=0.5|gain=0.25,0.5,0.25,rolling_02,759,14,2023-05-16,2023-07-25,2023-07-25,3ab6fb82af3938f8e95fe9dc653f6359afa27d9c6908c32e9835551ec9ece3ed,eee99ecbe76acf0c2c4a815bd89561498ad4893f0703a5e098d5d541405fbae9,14,18.908298208404755,28.662414184368853,-15.933693732464661,0.4624724011053253,8.639335900667787,15.573347672277519,False
outer::leave_profile_out_P-H05,q=0.5|gain=0.25,0.5,0.25,rolling_03,773,85,2023-07-25,2023-11-07,2023-11-07,c02579f2e6e9a5eb1d0294ea95a16165d9e4726929ee98955ef8b369dc0f7038,065e246be10a4cdae4c18b2e391d11ad719a2d4298e304a4da43047f4134fb69,85,8.753875004327853,15.683663828984415,-1.3277001508835289,0.8113646045279126,8.639335900667787,15.573347672277519,False
outer::leave_profile_out_P-H05,q=400|gain=0.5,400.0,0.5,rolling_01,675,84,2023-01-17,2023-05-16,2023-05-16,1b1915940635925104be2b351d669c5d8ff53cc0f737a682193049481a83153b,7fed271a31729b8ba756f3e17576fb8912297242320dce4eeac1234c86c472cf,84,9.254749823870402,13.889960947250142,-0.9331183982336827,0.7701967790019009,8.723868561613298,13.093176283704457,False
outer::leave_profile_out_P-H05,q=400|gain=0.5,400.0,0.5,rolling_02,759,14,2023-05-16,2023-07-25,2023-07-25,3ab6fb82af3938f8e95fe9dc653f6359afa27d9c6908c32e9835551ec9ece3ed,eee99ecbe76acf0c2c4a815bd89561498ad4893f0703a5e098d5d541405fbae9,14,12.690865686855206,17.551224421671535,-11.729654845451046,0.7984466264804244,8.723868561613298,13.093176283704457,False
outer::leave_profile_out_P-H05,q=400|gain=0.5,400.0,0.5,rolling_03,773,85,2023-07-25,2023-11-07,2023-11-07,c02579f2e6e9a5eb1d0294ea95a16165d9e4726929ee98955ef8b369dc0f7038,065e246be10a4cdae4c18b2e391d11ad719a2d4298e304a4da43047f4134fb69,85,7.545845199460552,11.299703046251139,3.2311945769806085,0.9020820758005215,8.723868561613298,13.093176283704457,False
outer::leave_profile_out_P-H05,q=0.5|gain=0,0.5,0.0,rolling_01,675,84,2023-01-17,2023-05-16,2023-05-16,1b1915940635925104be2b351d669c5d8ff53cc0f737a682193049481a83153b,7fed271a31729b8ba756f3e17576fb8912297242320dce4eeac1234c86c472cf,84,7.00341627806017,13.678634976206443,-2.450181071241751,0.7771361735954692,8.792217551316106,16.976726807180512,False
outer::leave_profile_out_P-H05,q=0.5|gain=0,0.5,0.0,rolling_02,759,14,2023-05-16,2023-07-25,2023-07-25,3ab6fb82af3938f8e95fe9dc653f6359afa27d9c6908c32e9835551ec9ece3ed,eee99ecbe76acf0c2c4a815bd89561498ad4893f0703a5e098d5d541405fbae9,14,19.45064745204302,29.766215316634657,-16.283988618655968,0.4202744108420001,8.792217551316106,16.976726807180512,False
outer::leave_profile_out_P-H05,q=0.5|gain=0,0.5,0.0,rolling_03,773,85,2023-07-25,2023-11-07,2023-11-07,c02579f2e6e9a5eb1d0294ea95a16165d9e4726929ee98955ef8b369dc0f7038,065e246be10a4cdae4c18b2e391d11ad719a2d4298e304a4da43047f4134fb69,85,8.804468002414007,17.01939470499387,-2.2750856979633656,0.7778653244488068,8.792217551316106,16.976726807180512,False
outer::leave_profile_out_P-H05,q=0.5|gain=0.5,0.5,0.5,rolling_01,675,84,2023-01-17,2023-05-16,2023-05-16,1b1915940635925104be2b351d669c5d8ff53cc0f737a682193049481a83153b,7fed271a31729b8ba756f3e17576fb8912297242320dce4eeac1234c86c472cf,84,7.291374275405585,11.126910651551839,-1.866837949384302,0.8525301414628335,8.825647514745476,14.68900920537133,False
outer::leave_profile_out_P-H05,q=0.5|gain=0.5,0.5,0.5,rolling_02,759,14,2023-05-16,2023-07-25,2023-07-25,3ab6fb82af3938f8e95fe9dc653f6359afa27d9c6908c32e9835551ec9ece3ed,eee99ecbe76acf0c2c4a815bd89561498ad4893f0703a5e098d5d541405fbae9,14,18.365948964766496,27.56710143022197,-15.583398846273353,0.5027698654599448,8.825647514745476,14.68900920537133,False
outer::leave_profile_out_P-H05,q=0.5|gain=0.5,0.5,0.5,rolling_03,773,85,2023-07-25,2023-11-07,2023-11-07,c02579f2e6e9a5eb1d0294ea95a16165d9e4726929ee98955ef8b369dc0f7038,065e246be10a4cdae4c18b2e391d11ad719a2d4298e304a4da43047f4134fb69,85,8.770526712442608,14.731416800436513,-0.38031460380369264,0.833575534120087,8.825647514745476,14.68900920537133,False
outer::leave_profile_out_P-H06,q=10|gain=0,10.0,0.0,rolling_01,676,83,2023-01-17,2023-05-16,2023-05-16,631c1c8b4a4604d60b55148dcc44b0c9fe71ba4695b4bb5d1db82b60de84fd6e,61a2fb61d949fcf97ea24cd3439d91715d95b35de438e28a02f6f88ee1864ad2,83,5.247998651973298,8.572752500060371,-2.053389705126795,0.9078193199971527,6.756165685443235,11.85606468886164,True
outer::leave_profile_out_P-H06,q=10|gain=0,10.0,0.0,rolling_02,759,14,2023-05-16,2023-07-25,2023-07-25,0cb954ed393238afa241992e9ee50153d3ba243ff23100cf6547557ca62ec947,eee99ecbe76acf0c2c4a815bd89561498ad4893f0703a5e098d5d541405fbae9,14,13.984486029799696,21.123683474136833,-12.7999829933345,0.7080459291715282,6.756165685443235,11.85606468886164,True
outer::leave_profile_out_P-H06,q=10|gain=0,10.0,0.0,rolling_03,773,82,2023-07-25,2023-11-07,2023-11-07,5522707dd1d280f122f6a4b7c0e6078a7e7d9d65f5352efce3a8dd3f0741746b,cb371875408a6a7a7a72635ce18615b92a0319fb36e0b3b1b52f7d32c2c38799,82,7.048621526382433,12.50101418986943,-0.403176770162437,0.878025270474577,6.756165685443235,11.85606468886164,True
outer::leave_profile_out_P-H06,q=25|gain=0,25.0,0.0,rolling_01,676,83,2023-01-17,2023-05-16,2023-05-16,631c1c8b4a4604d60b55148dcc44b0c9fe71ba4695b4bb5d1db82b60de84fd6e,61a2fb61d949fcf97ea24cd3439d91715d95b35de438e28a02f6f88ee1864ad2,83,5.773819559193467,8.674821469098259,-1.8339497602021768,0.9056112080850315,6.769863691975273,11.257324308639365,False
outer::leave_profile_out_P-H06,q=25|gain=0,25.0,0.0,rolling_02,759,14,2023-05-16,2023-07-25,2023-07-25,0cb954ed393238afa241992e9ee50153d3ba243ff23100cf6547557ca62ec947,eee99ecbe76acf0c2c4a815bd89561498ad4893f0703a5e098d5d541405fbae9,14,13.331837916783371,20.000702473483322,-12.411227045993297,0.7382626315971408,6.769863691975273,11.257324308639365,False
outer::leave_profile_out_P-H06,q=25|gain=0,25.0,0.0,rolling_03,773,82,2023-07-25,2023-11-07,2023-11-07,5522707dd1d280f122f6a4b7c0e6078a7e7d9d65f5352efce3a8dd3f0741746b,cb371875408a6a7a7a72635ce18615b92a0319fb36e0b3b1b52f7d32c2c38799,82,6.657717641653032,11.496469542550747,0.1451695379733945,0.8968407078106587,6.769863691975273,11.257324308639365,False
outer::leave_profile_out_P-H06,q=10|gain=0.25,10.0,0.25,rolling_01,676,83,2023-01-17,2023-05-16,2023-05-16,631c1c8b4a4604d60b55148dcc44b0c9fe71ba4695b4bb5d1db82b60de84fd6e,61a2fb61d949fcf97ea24cd3439d91715d95b35de438e28a02f6f88ee1864ad2,83,5.846550339696204,8.23912353142675,-1.6673080345697513,0.9148545656770813,6.868006454629951,11.137099121120462,False
outer::leave_profile_out_P-H06,q=10|gain=0.25,10.0,0.25,rolling_02,759,14,2023-05-16,2023-07-25,2023-07-25,0cb954ed393238afa241992e9ee50153d3ba243ff23100cf6547557ca62ec947,eee99ecbe76acf0c2c4a815bd89561498ad4893f0703a5e098d5d541405fbae9,14,13.509723945449593,20.0624881274208,-12.449688107143196,0.7366430291901594,6.868006454629951,11.137099121120462,False
outer::leave_profile_out_P-H06,q=10|gain=0.25,10.0,0.25,rolling_03,773,82,2023-07-25,2023-11-07,2023-11-07,5522707dd1d280f122f6a4b7c0e6078a7e7d9d65f5352efce3a8dd3f0741746b,cb371875408a6a7a7a72635ce18615b92a0319fb36e0b3b1b52f7d32c2c38799,82,6.767967584727828,11.546782278086567,0.5563500077348147,0.8959358068188765,6.868006454629951,11.137099121120462,False
outer::leave_profile_out_P-H06,q=100|gain=0,100.0,0.0,rolling_01,676,83,2023-01-17,2023-05-16,2023-05-16,631c1c8b4a4604d60b55148dcc44b0c9fe71ba4695b4bb5d1db82b60de84fd6e,61a2fb61d949fcf97ea24cd3439d91715d95b35de438e28a02f6f88ee1864ad2,83,6.5948879868089305,9.922884819569926,-1.4626752129702993,0.8764976455946601,6.9663992858077926,11.292578316659528,False
outer::leave_profile_out_P-H06,q=100|gain=0,100.0,0.0,rolling_02,759,14,2023-05-16,2023-07-25,2023-07-25,0cb954ed393238afa241992e9ee50153d3ba243ff23100cf6547557ca62ec947,eee99ecbe76acf0c2c4a815bd89561498ad4893f0703a5e098d5d541405fbae9,14,13.229432297256274,19.430710582891546,-12.343417021051664,0.7529683501621008,6.9663992858077926,11.292578316659528,False
outer::leave_profile_out_P-H06,q=100|gain=0,100.0,0.0,rolling_03,773,82,2023-07-25,2023-11-07,2023-11-07,5522707dd1d280f122f6a4b7c0e6078a7e7d9d65f5352efce3a8dd3f0741746b,cb371875408a6a7a7a72635ce18615b92a0319fb36e0b3b1b52f7d32c2c38799,82,6.273142891376408,10.688652866573692,0.9853242905582936,0.9108286558694482,6.9663992858077926,11.292578316659528,False
outer::leave_profile_out_P-H06,q=25|gain=0.25,25.0,0.25,rolling_01,676,83,2023-01-17,2023-05-16,2023-05-16,631c1c8b4a4604d60b55148dcc44b0c9fe71ba4695b4bb5d1db82b60de84fd6e,61a2fb61d949fcf97ea24cd3439d91715d95b35de438e28a02f6f88ee1864ad2,83,6.519094578948971,9.072517364185432,-1.4478680896451328,0.8967583462640384,7.010583154416814,10.962944613363558,False
outer::leave_profile_out_P-H06,q=25|gain=0.25,25.0,0.25,rolling_02,759,14,2023-05-16,2023-07-25,2023-07-25,0cb954ed393238afa241992e9ee50153d3ba243ff23100cf6547557ca62ec947,eee99ecbe76acf0c2c4a815bd89561498ad4893f0703a5e098d5d541405fbae9,14,12.927925801108202,18.964033095809555,-12.06093215980199,0.7646920274682463,7.010583154416814,10.962944613363558,False
outer::leave_profile_out_P-H06,q=25|gain=0.25,25.0,0.25,rolling_03,773,82,2023-07-25,2023-11-07,2023-11-07,5522707dd1d280f122f6a4b7c0e6078a7e7d9d65f5352efce3a8dd3f0741746b,cb371875408a6a7a7a72635ce18615b92a0319fb36e0b3b1b52f7d32c2c38799,82,6.49778748015037,10.8462989839036,1.1046963158706462,0.9081788957982052,7.010583154416814,10.962944613363558,False
outer::leave_profile_out_P-H06,q=400|gain=0,400.0,0.0,rolling_01,676,83,2023-01-17,2023-05-16,2023-05-16,631c1c8b4a4604d60b55148dcc44b0c9fe71ba4695b4bb5d1db82b60de84fd6e,61a2fb61d949fcf97ea24cd3439d91715d95b35de438e28a02f6f88ee1864ad2,83,6.76555691519057,10.567224993903135,-1.2443289531041635,0.8599377027872817,7.031915884139391,11.57243722174531,False
outer::leave_profile_out_P-H06,q=400|gain=0,400.0,0.0,rolling_02,759,14,2023-05-16,2023-07-25,2023-07-25,0cb954ed393238afa241992e9ee50153d3ba243ff23100cf6547557ca62ec947,eee99ecbe76acf0c2c4a815bd89561498ad4893f0703a5e098d5d541405fbae9,14,13.39013659803032,19.538746002571497,-12.429792719773044,0.7502137044772126,7.031915884139391,11.57243722174531,False
outer::leave_profile_out_P-H06,q=400|gain=0,400.0,0.0,rolling_03,773,82,2023-07-25,2023-11-07,2023-11-07,5522707dd1d280f122f6a4b7c0e6078a7e7d9d65f5352efce3a8dd3f0741746b,cb371875408a6a7a7a72635ce18615b92a0319fb36e0b3b1b52f7d32c2c38799,82,6.215973255215966,10.68332338962097,1.4643579649253746,0.9109175572773767,7.031915884139391,11.57243722174531,False
outer::leave_profile_out_P-H06,q=2|gain=0.25,2.0,0.25,rolling_01,676,83,2023-01-17,2023-05-16,2023-05-16,631c1c8b4a4604d60b55148dcc44b0c9fe71ba4695b4bb5d1db82b60de84fd6e,61a2fb61d949fcf97ea24cd3439d91715d95b35de438e28a02f6f88ee1864ad2,83,5.903624932436606,9.421484195859648,-1.9935767796776034,0.8886633924223329,7.408553119276495,12.926988206080711,False
outer::leave_profile_out_P-H06,q=2|gain=0.25,2.0,0.25,rolling_02,759,14,2023-05-16,2023-07-25,2023-07-25,0cb954ed393238afa241992e9ee50153d3ba243ff23100cf6547557ca62ec947,eee99ecbe76acf0c2c4a815bd89561498ad4893f0703a5e098d5d541405fbae9,14,15.782887983664832,23.79638115844701,-14.106794960737773,0.6294924468073589,7.408553119276495,12.926988206080711,False
outer::leave_profile_out_P-H06,q=2|gain=0.25,2.0,0.25,rolling_03,773,82,2023-07-25,2023-11-07,2023-11-07,5522707dd1d280f122f6a4b7c0e6078a7e7d9d65f5352efce3a8dd3f0741746b,cb371875408a6a7a7a72635ce18615b92a0319fb36e0b3b1b52f7d32c2c38799,82,7.502069599840813,13.35124296462116,-0.41241398331086904,0.8608693654369085,7.408553119276495,12.926988206080711,False
outer::leave_profile_out_P-H06,q=100|gain=0.25,100.0,0.25,rolling_01,676,83,2023-01-17,2023-05-16,2023-05-16,631c1c8b4a4604d60b55148dcc44b0c9fe71ba4695b4bb5d1db82b60de84fd6e,61a2fb61d949fcf97ea24cd3439d91715d95b35de438e28a02f6f88ee1864ad2,83,7.649740154378999,11.07504469210781,-1.0765935424132564,0.8461525468278857,7.497730493774309,11.598819731576182,False
outer::leave_profile_out_P-H06,q=100|gain=0.25,100.0,0.25,rolling_02,759,14,2023-05-16,2023-07-25,2023-07-25,0cb954ed393238afa241992e9ee50153d3ba243ff23100cf6547557ca62ec947,eee99ecbe76acf0c2c4a815bd89561498ad4893f0703a5e098d5d541405fbae9,14,12.868948496216982,18.421383371999262,-11.993122134860354,0.7779658816368304,7.497730493774309,11.598819731576182,False
outer::leave_profile_out_P-H06,q=100|gain=0.25,100.0,0.25,rolling_03,773,82,2023-07-25,2023-11-07,2023-11-07,5522707dd1d280f122f6a4b7c0e6078a7e7d9d65f5352efce3a8dd3f0741746b,cb371875408a6a7a7a72635ce18615b92a0319fb36e0b3b1b52f7d32c2c38799,82,6.426829836891548,10.563383994780294,1.9448510684555456,0.9129065484580356,7.497730493774309,11.598819731576182,False
outer::leave_profile_out_P-H06,q=2|gain=0,2.0,0.0,rolling_01,676,83,2023-01-17,2023-05-16,2023-05-16,631c1c8b4a4604d60b55148dcc44b0c9fe71ba4695b4bb5d1db82b60de84fd6e,61a2fb61d949fcf97ea24cd3439d91715d95b35de438e28a02f6f88ee1864ad2,83,5.734963200128266,10.767335089575027,-2.379658450234647,0.8545827946112106,7.508481908613147,14.138634088809036,False
outer::leave_profile_out_P-H06,q=2|gain=0,2.0,0.0,rolling_02,759,14,2023-05-16,2023-07-25,2023-07-25,0cb954ed393238afa241992e9ee50153d3ba243ff23100cf6547557ca62ec947,eee99ecbe76acf0c2c4a815bd89561498ad4893f0703a5e098d5d541405fbae9,14,16.25849214035427,24.890325428055373,-14.457089846929078,0.5946442084927643,7.508481908613147,14.138634088809036,False
outer::leave_profile_out_P-H06,q=2|gain=0,2.0,0.0,rolling_03,773,82,2023-07-25,2023-11-07,2023-11-07,5522707dd1d280f122f6a4b7c0e6078a7e7d9d65f5352efce3a8dd3f0741746b,cb371875408a6a7a7a72635ce18615b92a0319fb36e0b3b1b52f7d32c2c38799,82,7.80972470812375,14.602969635973986,-1.371940761208121,0.8335584575561316,7.508481908613147,14.138634088809036,False
outer::leave_profile_out_P-H06,q=10|gain=0.5,10.0,0.5,rolling_01,676,83,2023-01-17,2023-05-16,2023-05-16,631c1c8b4a4604d60b55148dcc44b0c9fe71ba4695b4bb5d1db82b60de84fd6e,61a2fb61d949fcf97ea24cd3439d91715d95b35de438e28a02f6f88ee1864ad2,83,7.22755863375427,9.429820627915879,-1.2812263640127077,0.888466276835522,7.5508233861706895,11.27670987022133,False
outer::leave_profile_out_P-H06,q=10|gain=0.5,10.0,0.5,rolling_02,759,14,2023-05-16,2023-07-25,2023-07-25,0cb954ed393238afa241992e9ee50153d3ba243ff23100cf6547557ca62ec947,eee99ecbe76acf0c2c4a815bd89561498ad4893f0703a5e098d5d541405fbae9,14,13.044442582943118,19.01845256581259,-12.099393220951889,0.763339603300085,7.5508233861706895,11.27670987022133,False
outer::leave_profile_out_P-H06,q=10|gain=0.5,10.0,0.5,rolling_03,773,82,2023-07-25,2023-11-07,2023-11-07,5522707dd1d280f122f6a4b7c0e6078a7e7d9d65f5352efce3a8dd3f0741746b,cb371875408a6a7a7a72635ce18615b92a0319fb36e0b3b1b52f7d32c2c38799,82,6.940095406850553,11.217409028054163,1.5158767856320658,0.901788017053232,7.5508233861706895,11.27670987022133,False
outer::leave_profile_out_P-H06,q=25|gain=0.5,25.0,0.5,rolling_01,676,83,2023-01-17,2023-05-16,2023-05-16,631c1c8b4a4604d60b55148dcc44b0c9fe71ba4695b4bb5d1db82b60de84fd6e,61a2fb61d949fcf97ea24cd3439d91715d95b35de438e28a02f6f88ee1864ad2,83,7.98228199462067,10.77106793664878,-1.0617864190880888,0.8544819499215575,7.8321159920068055,11.545798384597148,False
outer::leave_profile_out_P-H06,q=25|gain=0.5,25.0,0.5,rolling_02,759,14,2023-05-16,2023-07-25,2023-07-25,0cb954ed393238afa241992e9ee50153d3ba243ff23100cf6547557ca62ec947,eee99ecbe76acf0c2c4a815bd89561498ad4893f0703a5e098d5d541405fbae9,14,12.541530754335103,17.948417336158148,-11.710637273610681,0.789220897430646,7.8321159920068055,11.545798384597148,False
outer::leave_profile_out_P-H06,q=25|gain=0.5,25.0,0.5,rolling_03,773,82,2023-07-25,2023-11-07,2023-11-07,5522707dd1d280f122f6a4b7c0e6078a7e7d9d65f5352efce3a8dd3f0741746b,cb371875408a6a7a7a72635ce18615b92a0319fb36e0b3b1b52f7d32c2c38799,82,6.876072273841599,10.888748802161775,2.0642230937678963,0.9074587576758074,7.8321159920068055,11.545798384597148,False
outer::leave_profile_out_P-H06,q=2|gain=0.5,2.0,0.5,rolling_01,676,83,2023-01-17,2023-05-16,2023-05-16,631c1c8b4a4604d60b55148dcc44b0c9fe71ba4695b4bb5d1db82b60de84fd6e,61a2fb61d949fcf97ea24cd3439d91715d95b35de438e28a02f6f88ee1864ad2,83,6.793413679174692,9.393642176717814,-1.6074951091205596,0.8893204557119675,7.86124871257733,12.408608946991658,False
outer::leave_profile_out_P-H06,q=2|gain=0.5,2.0,0.5,rolling_02,759,14,2023-05-16,2023-07-25,2023-07-25,0cb954ed393238afa241992e9ee50153d3ba243ff23100cf6547557ca62ec947,eee99ecbe76acf0c2c4a815bd89561498ad4893f0703a5e098d5d541405fbae9,14,15.308125899314724,22.713693982914084,-13.756500074546462,0.6624401592132481,7.86124871257733,12.408608946991658,False
outer::leave_profile_out_P-H06,q=2|gain=0.5,2.0,0.5,rolling_03,773,82,2023-07-25,2023-11-07,2023-11-07,5522707dd1d280f122f6a4b7c0e6078a7e7d9d65f5352efce3a8dd3f0741746b,cb371875408a6a7a7a72635ce18615b92a0319fb36e0b3b1b52f7d32c2c38799,82,7.670688068163861,12.598171071010018,0.5471127945863816,0.8761219472077413,7.86124871257733,12.408608946991658,False
outer::leave_profile_out_P-H06,q=400|gain=0.25,400.0,0.25,rolling_01,676,83,2023-01-17,2023-05-16,2023-05-16,631c1c8b4a4604d60b55148dcc44b0c9fe71ba4695b4bb5d1db82b60de84fd6e,61a2fb61d949fcf97ea24cd3439d91715d95b35de438e28a02f6f88ee1864ad2,83,8.05840847669346,11.993048019664178,-0.8582472825471195,0.8195908827484688,7.879636487895236,12.127417651724132,False
outer::leave_profile_out_P-H06,q=400|gain=0.25,400.0,0.25,rolling_02,759,14,2023-05-16,2023-07-25,2023-07-25,0cb954ed393238afa241992e9ee50153d3ba243ff23100cf6547557ca62ec947,eee99ecbe76acf0c2c4a815bd89561498ad4893f0703a5e098d5d541405fbae9,14,13.015060292449657,18.532017314215167,-12.079497833581733,0.775290917081943,7.879636487895236,12.127417651724132,False
outer::leave_profile_out_P-H06,q=400|gain=0.25,400.0,0.25,rolling_03,773,82,2023-07-25,2023-11-07,2023-11-07,5522707dd1d280f122f6a4b7c0e6078a7e7d9d65f5352efce3a8dd3f0741746b,cb371875408a6a7a7a72635ce18615b92a0319fb36e0b3b1b52f7d32c2c38799,82,6.821904678943842,10.80877994296083,2.4238847428226262,0.9088130441483387,7.879636487895236,12.127417651724132,False
outer::leave_profile_out_P-H06,q=100|gain=0.5,100.0,0.5,rolling_01,676,83,2023-01-17,2023-05-16,2023-05-16,631c1c8b4a4604d60b55148dcc44b0c9fe71ba4695b4bb5d1db82b60de84fd6e,61a2fb61d949fcf97ea24cd3439d91715d95b35de438e28a02f6f88ee1864ad2,83,9.174602220764765,13.171821289846692,-0.6905118718562124,0.7823839135396233,8.589004421216398,12.696590685282715,False
outer::leave_profile_out_P-H06,q=100|gain=0.5,100.0,0.5,rolling_02,759,14,2023-05-16,2023-07-25,2023-07-25,0cb954ed393238afa241992e9ee50153d3ba243ff23100cf6547557ca62ec947,eee99ecbe76acf0c2c4a815bd89561498ad4893f0703a5e098d5d541405fbae9,14,12.544241715077007,17.43694063498619,-11.642827248669047,0.8010628872028542,8.589004421216398,12.696590685282715,False
outer::leave_profile_out_P-H06,q=100|gain=0.5,100.0,0.5,rolling_03,773,82,2023-07-25,2023-11-07,2023-11-07,5522707dd1d280f122f6a4b7c0e6078a7e7d9d65f5352efce3a8dd3f0741746b,cb371875408a6a7a7a72635ce18615b92a0319fb36e0b3b1b52f7d32c2c38799,82,7.320980769063185,11.152224973661838,2.9043778463527956,0.9029261149366788,8.589004421216398,12.696590685282715,False
outer::leave_profile_out_P-H06,q=0.5|gain=0.25,0.5,0.25,rolling_01,676,83,2023-01-17,2023-05-16,2023-05-16,631c1c8b4a4604d60b55148dcc44b0c9fe71ba4695b4bb5d1db82b60de84fd6e,61a2fb61d949fcf97ea24cd3439d91715d95b35de438e28a02f6f88ee1864ad2,83,7.0777626498419055,12.159522223637804,-1.9783250889418973,0.8145476427363574,8.925768667385164,15.81682589909807,False
outer::leave_profile_out_P-H06,q=0.5|gain=0.25,0.5,0.25,rolling_02,759,14,2023-05-16,2023-07-25,2023-07-25,0cb954ed393238afa241992e9ee50153d3ba243ff23100cf6547557ca62ec947,eee99ecbe76acf0c2c4a815bd89561498ad4893f0703a5e098d5d541405fbae9,14,18.922427537461417,28.683765607009516,-15.941818727128986,0.46167126456252017,8.925768667385164,15.81682589909807,False
outer::leave_profile_out_P-H06,q=0.5|gain=0.25,0.5,0.25,rolling_03,773,82,2023-07-25,2023-11-07,2023-11-07,5522707dd1d280f122f6a4b7c0e6078a7e7d9d65f5352efce3a8dd3f0741746b,cb371875408a6a7a7a72635ce18615b92a0319fb36e0b3b1b52f7d32c2c38799,82,9.08956470732447,15.999346999724672,-1.3215689015461,0.800205337107745,8.925768667385164,15.81682589909807,False
outer::leave_profile_out_P-H06,q=400|gain=0.5,400.0,0.5,rolling_01,676,83,2023-01-17,2023-05-16,2023-05-16,631c1c8b4a4604d60b55148dcc44b0c9fe71ba4695b4bb5d1db82b60de84fd6e,61a2fb61d949fcf97ea24cd3439d91715d95b35de438e28a02f6f88ee1864ad2,83,9.700561653997354,14.235429284075337,-0.4721656119900763,0.7458205281881685,9.050944631475843,13.4122226451755,False
outer::leave_profile_out_P-H06,q=400|gain=0.5,400.0,0.5,rolling_02,759,14,2023-05-16,2023-07-25,2023-07-25,0cb954ed393238afa241992e9ee50153d3ba243ff23100cf6547557ca62ec947,eee99ecbe76acf0c2c4a815bd89561498ad4893f0703a5e098d5d541405fbae9,14,12.690353511309686,17.55031104862595,-11.729202947390426,0.7984676037779675,9.050944631475843,13.4122226451755,False
outer::leave_profile_out_P-H06,q=400|gain=0.5,400.0,0.5,rolling_03,773,82,2023-07-25,2023-11-07,2023-11-07,5522707dd1d280f122f6a4b7c0e6078a7e7d9d65f5352efce3a8dd3f0741746b,cb371875408a6a7a7a72635ce18615b92a0319fb36e0b3b1b52f7d32c2c38799,82,7.772042958464142,11.6178874235552,3.383411520719877,0.8946502049093568,9.050944631475843,13.4122226451755,False
outer::leave_profile_out_P-H06,q=0.5|gain=0,0.5,0.0,rolling_01,676,83,2023-01-17,2023-05-16,2023-05-16,631c1c8b4a4604d60b55148dcc44b0c9fe71ba4695b4bb5d1db82b60de84fd6e,61a2fb61d949fcf97ea24cd3439d91715d95b35de438e28a02f6f88ee1864ad2,83,7.26388582889696,13.862568679730112,-2.3644067594989413,0.7589613102363597,9.0782794181468,17.218257229435093,False
outer::leave_profile_out_P-H06,q=0.5|gain=0,0.5,0.0,rolling_02,759,14,2023-05-16,2023-07-25,2023-07-25,0cb954ed393238afa241992e9ee50153d3ba243ff23100cf6547557ca62ec947,eee99ecbe76acf0c2c4a815bd89561498ad4893f0703a5e098d5d541405fbae9,14,19.46477678109968,29.787485661716445,-16.292113613320296,0.4194455940822328,9.0782794181468,17.218257229435093,False
outer::leave_profile_out_P-H06,q=0.5|gain=0,0.5,0.0,rolling_03,773,82,2023-07-25,2023-11-07,2023-11-07,5522707dd1d280f122f6a4b7c0e6078a7e7d9d65f5352efce3a8dd3f0741746b,cb371875408a6a7a7a72635ce18615b92a0319fb36e0b3b1b52f7d32c2c38799,82,9.141495330663828,17.354110671230153,-2.2810956794433515,0.7649370983134309,9.0782794181468,17.218257229435093,False
outer::leave_profile_out_P-H06,q=0.5|gain=0.5,0.5,0.5,rolling_01,676,83,2023-01-17,2023-05-16,2023-05-16,631c1c8b4a4604d60b55148dcc44b0c9fe71ba4695b4bb5d1db82b60de84fd6e,61a2fb61d949fcf97ea24cd3439d91715d95b35de438e28a02f6f88ee1864ad2,83,7.604014476616944,11.409839630064404,-1.5922434183848544,0.8367104407148673,9.129141118442734,14.951123127111888,False
outer::leave_profile_out_P-H06,q=0.5|gain=0.5,0.5,0.5,rolling_02,759,14,2023-05-16,2023-07-25,2023-07-25,0cb954ed393238afa241992e9ee50153d3ba243ff23100cf6547557ca62ec947,eee99ecbe76acf0c2c4a815bd89561498ad4893f0703a5e098d5d541405fbae9,14,18.380078293823157,27.588533823611304,-15.591523840937677,0.5019964091341019,9.129141118442734,14.951123127111888,False
outer::leave_profile_out_P-H06,q=0.5|gain=0.5,0.5,0.5,rolling_03,773,82,2023-07-25,2023-11-07,2023-11-07,5522707dd1d280f122f6a4b7c0e6078a7e7d9d65f5352efce3a8dd3f0741746b,cb371875408a6a7a7a72635ce18615b92a0319fb36e0b3b1b52f7d32c2c38799,82,9.093438567420959,15.04135335562639,-0.36204212364884947,0.8234152497921149,9.129141118442734,14.951123127111888,False
outer::leave_profile_out_P-H07,q=10|gain=0,10.0,0.0,rolling_01,690,82,2023-01-17,2023-05-16,2023-05-16,2b3f514c3060caa8ca81e4cd7ae8f97b358bd3bb8138e7653c04ba70f69c30b8,b40fd5ee26323d18afdf7fa7fa6332f218a4a4e5378f18af2c66ae3d1e86b53e,82,5.360023605152681,8.631968231049616,-2.0029574679600777,0.9120867611691148,6.799419956858761,11.897596287103548,True
outer::leave_profile_out_P-H07,q=10|gain=0,10.0,0.0,rolling_02,772,14,2023-05-16,2023-07-25,2023-07-25,afd323eb14e3a0aeaa13aad032d7b6b9f0d48df54c4c7d0fac9521fb87c819e0,eee99ecbe76acf0c2c4a815bd89561498ad4893f0703a5e098d5d541405fbae9,14,13.970822855041689,21.100719744127353,-12.788721478961072,0.7086803554813569,6.799419956858761,11.897596287103548,True
outer::leave_profile_out_P-H07,q=10|gain=0,10.0,0.0,rolling_03,786,81,2023-07-25,2023-11-07,2023-11-07,9b9cf8da514186706081ca59ea865532be96e5d626d9e4d54534b626d986713d,ce4ee0c59b1fc628e18d3481854d61d18de74e75a5713e6a39495c7edc4a1681,81,7.0170848984061385,12.527297657818684,-0.8461300852734066,0.8816719900312385,6.799419956858761,11.897596287103548,True
outer::leave_profile_out_P-H07,q=25|gain=0,25.0,0.0,rolling_01,690,82,2023-01-17,2023-05-16,2023-05-16,2b3f514c3060caa8ca81e4cd7ae8f97b358bd3bb8138e7653c04ba70f69c30b8,b40fd5ee26323d18afdf7fa7fa6332f218a4a4e5378f18af2c66ae3d1e86b53e,82,5.865441203886799,8.731587534722824,-1.7366041671420929,0.9100458844028947,6.816490129668246,11.303671015704749,False
outer::leave_profile_out_P-H07,q=25|gain=0,25.0,0.0,rolling_02,772,14,2023-05-16,2023-07-25,2023-07-25,afd323eb14e3a0aeaa13aad032d7b6b9f0d48df54c4c7d0fac9521fb87c819e0,eee99ecbe76acf0c2c4a815bd89561498ad4893f0703a5e098d5d541405fbae9,14,13.324158403440284,19.98660418060323,-12.405550468912145,0.7386314935951441,6.816490129668246,11.303671015704749,False
outer::leave_profile_out_P-H07,q=25|gain=0,25.0,0.0,rolling_03,786,81,2023-07-25,2023-11-07,2023-11-07,9b9cf8da514186706081ca59ea865532be96e5d626d9e4d54534b626d986713d,ce4ee0c59b1fc628e18d3481854d61d18de74e75a5713e6a39495c7edc4a1681,81,6.654498229437013,11.53180540995181,-0.30132748787273433,0.8997308396829832,6.816490129668246,11.303671015704749,False
outer::leave_profile_out_P-H07,q=10|gain=0.25,10.0,0.25,rolling_01,690,82,2023-01-17,2023-05-16,2023-05-16,2b3f514c3060caa8ca81e4cd7ae8f97b358bd3bb8138e7653c04ba70f69c30b8,b40fd5ee26323d18afdf7fa7fa6332f218a4a4e5378f18af2c66ae3d1e86b53e,82,5.930727668415325,8.283141863375072,-1.446157014224858,0.9190485163735057,6.898599702147838,11.17816730250118,False
outer::leave_profile_out_P-H07,q=10|gain=0.25,10.0,0.25,rolling_02,772,14,2023-05-16,2023-07-25,2023-07-25,afd323eb14e3a0aeaa13aad032d7b6b9f0d48df54c4c7d0fac9521fb87c819e0,eee99ecbe76acf0c2c4a815bd89561498ad4893f0703a5e098d5d541405fbae9,14,13.496060770691585,20.03982375104221,-12.438426592769765,0.7372377161516013,6.898599702147838,11.17816730250118,False
outer::leave_profile_out_P-H07,q=10|gain=0.25,10.0,0.25,rolling_03,786,81,2023-07-25,2023-11-07,2023-11-07,9b9cf8da514186706081ca59ea865532be96e5d626d9e4d54534b626d986713d,ce4ee0c59b1fc628e18d3481854d61d18de74e75a5713e6a39495c7edc4a1681,81,6.7381188602522,11.583312059014851,0.06287468698332777,0.8988331377333456,6.898599702147838,11.17816730250118,False
outer::leave_profile_out_P-H07,q=100|gain=0,100.0,0.0,rolling_01,690,82,2023-01-17,2023-05-16,2023-05-16,2b3f514c3060caa8ca81e4cd7ae8f97b358bd3bb8138e7653c04ba70f69c30b8,b40fd5ee26323d18afdf7fa7fa6332f218a4a4e5378f18af2c66ae3d1e86b53e,82,6.6523132264388,9.967733694711974,-1.2423139704682538,0.8827730497158504,6.99917769609495,11.337628833386052,False
outer::leave_profile_out_P-H07,q=100|gain=0,100.0,0.0,rolling_02,772,14,2023-05-16,2023-07-25,2023-07-25,afd323eb14e3a0aeaa13aad032d7b6b9f0d48df54c4c7d0fac9521fb87c819e0,eee99ecbe76acf0c2c4a815bd89561498ad4893f0703a5e098d5d541405fbae9,14,13.22942221036474,19.428013680072237,-12.342975708444357,0.753036919359891,6.99917769609495,11.337628833386052,False
outer::leave_profile_out_P-H07,q=100|gain=0,100.0,0.0,rolling_03,786,81,2023-07-25,2023-11-07,2023-11-07,9b9cf8da514186706081ca59ea865532be96e5d626d9e4d54534b626d986713d,ce4ee0c59b1fc628e18d3481854d61d18de74e75a5713e6a39495c7edc4a1681,81,6.273492057971831,10.726951651432493,0.5091676191630292,0.9132388272799773,6.99917769609495,11.337628833386052,False
outer::leave_profile_out_P-H07,q=25|gain=0.25,25.0,0.25,rolling_01,690,82,2023-01-17,2023-05-16,2023-05-16,2b3f514c3060caa8ca81e4cd7ae8f97b358bd3bb8138e7653c04ba70f69c30b8,b40fd5ee26323d18afdf7fa7fa6332f218a4a4e5378f18af2c66ae3d1e86b53e,82,6.578542277134001,9.093870130532839,-1.179803713406873,0.9024264493131565,7.047690001762863,11.000702123238144,False
outer::leave_profile_out_P-H07,q=25|gain=0.25,25.0,0.25,rolling_02,772,14,2023-05-16,2023-07-25,2023-07-25,afd323eb14e3a0aeaa13aad032d7b6b9f0d48df54c4c7d0fac9521fb87c819e0,eee99ecbe76acf0c2c4a815bd89561498ad4893f0703a5e098d5d541405fbae9,14,12.921783564071621,18.950270243863297,-12.05525558272084,0.7650334457333052,7.047690001762863,11.000702123238144,False
outer::leave_profile_out_P-H07,q=25|gain=0.25,25.0,0.25,rolling_03,786,81,2023-07-25,2023-11-07,2023-11-07,9b9cf8da514186706081ca59ea865532be96e5d626d9e4d54534b626d986713d,ce4ee0c59b1fc628e18d3481854d61d18de74e75a5713e6a39495c7edc4a1681,81,6.507354243086862,10.892788926708777,0.6076772843840001,0.9105354578446045,7.047690001762863,11.000702123238144,False
outer::leave_profile_out_P-H07,q=400|gain=0,400.0,0.0,rolling_01,690,82,2023-01-17,2023-05-16,2023-05-16,2b3f514c3060caa8ca81e4cd7ae8f97b358bd3bb8138e7653c04ba70f69c30b8,b40fd5ee26323d18afdf7fa7fa6332f218a4a4e5378f18af2c66ae3d1e86b53e,82,6.8265121863805085,10.616212213516937,-0.9740962694725233,0.8670238373183241,7.0658682347638715,11.619675205447297,False
outer::leave_profile_out_P-H07,q=400|gain=0,400.0,0.0,rolling_02,772,14,2023-05-16,2023-07-25,2023-07-25,afd323eb14e3a0aeaa13aad032d7b6b9f0d48df54c4c7d0fac9521fb87c819e0,eee99ecbe76acf0c2c4a815bd89561498ad4893f0703a5e098d5d541405fbae9,14,13.39145274364143,19.540850152667435,-12.430763041386456,0.7501599020317333,7.0658682347638715,11.619675205447297,False
outer::leave_profile_out_P-H07,q=400|gain=0,400.0,0.0,rolling_03,786,81,2023-07-25,2023-11-07,2023-11-07,9b9cf8da514186706081ca59ea865532be96e5d626d9e4d54534b626d986713d,ce4ee0c59b1fc628e18d3481854d61d18de74e75a5713e6a39495c7edc4a1681,81,6.214868393321278,10.721174602021993,0.9664233037510368,0.9133322533771315,7.0658682347638715,11.619675205447297,False
outer::leave_profile_out_P-H07,q=2|gain=0.25,2.0,0.25,rolling_01,690,82,2023-01-17,2023-05-16,2023-05-16,2b3f514c3060caa8ca81e4cd7ae8f97b358bd3bb8138e7653c04ba70f69c30b8,b40fd5ee26323d18afdf7fa7fa6332f218a4a4e5378f18af2c66ae3d1e86b53e,82,5.96655148157849,9.474319482630927,-1.7876683539065383,0.8940915371986459,7.397983659467351,12.963991094694304,False
outer::leave_profile_out_P-H07,q=2|gain=0.25,2.0,0.25,rolling_02,772,14,2023-05-16,2023-07-25,2023-07-25,afd323eb14e3a0aeaa13aad032d7b6b9f0d48df54c4c7d0fac9521fb87c819e0,eee99ecbe76acf0c2c4a815bd89561498ad4893f0703a5e098d5d541405fbae9,14,15.75929947042058,23.75926091989909,-14.08665838574299,0.6306474629152182,7.397983659467351,12.963991094694304,False
outer::leave_profile_out_P-H07,q=2|gain=0.25,2.0,0.25,rolling_03,786,81,2023-07-25,2023-11-07,2023-11-07,9b9cf8da514186706081ca59ea865532be96e5d626d9e4d54534b626d986713d,ce4ee0c59b1fc628e18d3481854d61d18de74e75a5713e6a39495c7edc4a1681,81,7.401922143832059,13.37213704391184,-0.9022796242069704,0.865173765700238,7.397983659467351,12.963991094694304,False
outer::leave_profile_out_P-H07,q=100|gain=0.25,100.0,0.25,rolling_01,690,82,2023-01-17,2023-05-16,2023-05-16,2b3f514c3060caa8ca81e4cd7ae8f97b358bd3bb8138e7653c04ba70f69c30b8,b40fd5ee26323d18afdf7fa7fa6332f218a4a4e5378f18af2c66ae3d1e86b53e,82,7.640115602897358,11.062943070833514,-0.685513516733034,0.8555970821651122,7.506085502790574,11.620506335114175,False
outer::leave_profile_out_P-H07,q=100|gain=0.25,100.0,0.25,rolling_02,772,14,2023-05-16,2023-07-25,2023-07-25,afd323eb14e3a0aeaa13aad032d7b6b9f0d48df54c4c7d0fac9521fb87c819e0,eee99ecbe76acf0c2c4a815bd89561498ad4893f0703a5e098d5d541405fbae9,14,12.8691461142151,18.41883122871018,-11.992680822253051,0.7780273996694622,7.506085502790574,11.620506335114175,False
outer::leave_profile_out_P-H07,q=100|gain=0.25,100.0,0.25,rolling_03,786,81,2023-07-25,2023-11-07,2023-11-07,9b9cf8da514186706081ca59ea865532be96e5d626d9e4d54534b626d986713d,ce4ee0c59b1fc628e18d3481854d61d18de74e75a5713e6a39495c7edc4a1681,81,6.443451962436258,10.608627202727638,1.4181723914197635,0.9151423220464898,7.506085502790574,11.620506335114175,False
outer::leave_profile_out_P-H07,q=2|gain=0,2.0,0.0,rolling_01,690,82,2023-01-17,2023-05-16,2023-05-16,2b3f514c3060caa8ca81e4cd7ae8f97b358bd3bb8138e7653c04ba70f69c30b8,b40fd5ee26323d18afdf7fa7fa6332f218a4a4e5378f18af2c66ae3d1e86b53e,82,5.836206725238789,10.818228449199644,-2.344468807641759,0.8619148709597495,7.517029642525121,14.171796762904124,False
outer::leave_profile_out_P-H07,q=2|gain=0,2.0,0.0,rolling_02,772,14,2023-05-16,2023-07-25,2023-07-25,afd323eb14e3a0aeaa13aad032d7b6b9f0d48df54c4c7d0fac9521fb87c819e0,eee99ecbe76acf0c2c4a815bd89561498ad4893f0703a5e098d5d541405fbae9,14,16.23406155477068,24.853108706879382,-14.436953271934295,0.5958555012093154,7.517029642525121,14.171796762904124,False
outer::leave_profile_out_P-H07,q=2|gain=0,2.0,0.0,rolling_03,786,81,2023-07-25,2023-11-07,2023-11-07,9b9cf8da514186706081ca59ea865532be96e5d626d9e4d54534b626d986713d,ce4ee0c59b1fc628e18d3481854d61d18de74e75a5713e6a39495c7edc4a1681,81,7.711955969019459,14.616233621751924,-1.8112843964637053,0.8389192217057491,7.517029642525121,14.171796762904124,False
outer::leave_profile_out_P-H07,q=10|gain=0.5,10.0,0.5,rolling_01,690,82,2023-01-17,2023-05-16,2023-05-16,2b3f514c3060caa8ca81e4cd7ae8f97b358bd3bb8138e7653c04ba70f69c30b8,b40fd5ee26323d18afdf7fa7fa6332f218a4a4e5378f18af2c66ae3d1e86b53e,82,7.23259778533657,9.414889636074609,-0.8893565604896385,0.8954160403539471,7.554625284515801,11.298878517680953,False
outer::leave_profile_out_P-H07,q=10|gain=0.5,10.0,0.5,rolling_02,772,14,2023-05-16,2023-07-25,2023-07-25,afd323eb14e3a0aeaa13aad032d7b6b9f0d48df54c4c7d0fac9521fb87c819e0,eee99ecbe76acf0c2c4a815bd89561498ad4893f0703a5e098d5d541405fbae9,14,13.032227482933298,18.996141187442493,-12.088131706578457,0.7638945509131401,7.554625284515801,11.298878517680953,False
outer::leave_profile_out_P-H07,q=10|gain=0.5,10.0,0.5,rolling_03,786,81,2023-07-25,2023-11-07,2023-11-07,9b9cf8da514186706081ca59ea865532be96e5d626d9e4d54534b626d986713d,ce4ee0c59b1fc628e18d3481854d61d18de74e75a5713e6a39495c7edc4a1681,81,6.9338823728473065,11.263512985305953,0.9718794592400624,0.9043421764521723,7.554625284515801,11.298878517680953,False
outer::leave_profile_out_P-H07,q=25|gain=0.5,25.0,0.5,rolling_01,690,82,2023-01-17,2023-05-16,2023-05-16,2b3f514c3060caa8ca81e4cd7ae8f97b358bd3bb8138e7653c04ba70f69c30b8,b40fd5ee26323d18afdf7fa7fa6332f218a4a4e5378f18af2c66ae3d1e86b53e,82,7.941002680462205,10.727836276211029,-0.6230032596716532,0.8642127829994689,7.831215043288529,11.557357858089711,False
outer::leave_profile_out_P-H07,q=25|gain=0.5,25.0,0.5,rolling_02,772,14,2023-05-16,2023-07-25,2023-07-25,afd323eb14e3a0aeaa13aad032d7b6b9f0d48df54c4c7d0fac9521fb87c819e0,eee99ecbe76acf0c2c4a815bd89561498ad4893f0703a5e098d5d541405fbae9,14,12.53538851729852,17.9350444590076,-11.704960696529529,0.7895348719627607,7.831215043288529,11.557357858089711,False
outer::leave_profile_out_P-H07,q=25|gain=0.5,25.0,0.5,rolling_03,786,81,2023-07-25,2023-11-07,2023-11-07,9b9cf8da514186706081ca59ea865532be96e5d626d9e4d54534b626d986713d,ce4ee0c59b1fc628e18d3481854d61d18de74e75a5713e6a39495c7edc4a1681,81,6.907004982987523,10.94426059884232,1.5166820566407342,0.9096879670229455,7.831215043288529,11.557357858089711,False
outer::leave_profile_out_P-H07,q=2|gain=0.5,2.0,0.5,rolling_01,690,82,2023-01-17,2023-05-16,2023-05-16,2b3f514c3060caa8ca81e4cd7ae8f97b358bd3bb8138e7653c04ba70f69c30b8,b40fd5ee26323d18afdf7fa7fa6332f218a4a4e5378f18af2c66ae3d1e86b53e,82,6.801040202320165,9.40327265809989,-1.2308679001713188,0.8956739722135927,7.834343828747891,12.434022333917765,False
outer::leave_profile_out_P-H07,q=2|gain=0.5,2.0,0.5,rolling_02,772,14,2023-05-16,2023-07-25,2023-07-25,afd323eb14e3a0aeaa13aad032d7b6b9f0d48df54c4c7d0fac9521fb87c819e0,eee99ecbe76acf0c2c4a815bd89561498ad4893f0703a5e098d5d541405fbae9,14,15.284537386070472,22.67669791463273,-13.73636349955168,0.6635388987124156,7.834343828747891,12.434022333917765,False
outer::leave_profile_out_P-H07,q=2|gain=0.5,2.0,0.5,rolling_03,786,81,2023-07-25,2023-11-07,2023-11-07,9b9cf8da514186706081ca59ea865532be96e5d626d9e4d54534b626d986713d,ce4ee0c59b1fc628e18d3481854d61d18de74e75a5713e6a39495c7edc4a1681,81,7.592716514730082,12.627251792111961,0.006725148049763929,0.8797762007114464,7.834343828747891,12.434022333917765,False
outer::leave_profile_out_P-H07,q=400|gain=0.25,400.0,0.25,rolling_01,690,82,2023-01-17,2023-05-16,2023-05-16,2b3f514c3060caa8ca81e4cd7ae8f97b358bd3bb8138e7653c04ba70f69c30b8,b40fd5ee26323d18afdf7fa7fa6332f218a4a4e5378f18af2c66ae3d1e86b53e,82,8.03661169164564,11.981521943282702,-0.41729581573730334,0.8306213806062339,7.881154298463873,12.147069880480528,False
outer::leave_profile_out_P-H07,q=400|gain=0.25,400.0,0.25,rolling_02,772,14,2023-05-16,2023-07-25,2023-07-25,afd323eb14e3a0aeaa13aad032d7b6b9f0d48df54c4c7d0fac9521fb87c819e0,eee99ecbe76acf0c2c4a815bd89561498ad4893f0703a5e098d5d541405fbae9,14,13.016171233690896,18.534065975497434,-12.080468155195145,0.7752412324485346,7.881154298463873,12.147069880480528,False
outer::leave_profile_out_P-H07,q=400|gain=0.25,400.0,0.25,rolling_03,786,81,2023-07-25,2023-11-07,2023-11-07,9b9cf8da514186706081ca59ea865532be96e5d626d9e4d54534b626d986713d,ce4ee0c59b1fc628e18d3481854d61d18de74e75a5713e6a39495c7edc4a1681,81,6.83624388693198,10.85013266008953,1.8754280760077717,0.9112347739159994,7.881154298463873,12.147069880480528,False
outer::leave_profile_out_P-H07,q=100|gain=0.5,100.0,0.5,rolling_01,690,82,2023-01-17,2023-05-16,2023-05-16,2b3f514c3060caa8ca81e4cd7ae8f97b358bd3bb8138e7653c04ba70f69c30b8,b40fd5ee26323d18afdf7fa7fa6332f218a4a4e5378f18af2c66ae3d1e86b53e,82,9.054259224362092,13.090143158576673,-0.12871306299781488,0.7978268833904247,8.550636592002126,12.682472633048722,False
outer::leave_profile_out_P-H07,q=100|gain=0.5,100.0,0.5,rolling_02,772,14,2023-05-16,2023-07-25,2023-07-25,afd323eb14e3a0aeaa13aad032d7b6b9f0d48df54c4c7d0fac9521fb87c819e0,eee99ecbe76acf0c2c4a815bd89561498ad4893f0703a5e098d5d541405fbae9,14,12.544439333075125,17.43455344705246,-11.642385936061743,0.8011173540703276,8.550636592002126,12.682472633048722,False
outer::leave_profile_out_P-H07,q=100|gain=0.5,100.0,0.5,rolling_03,786,81,2023-07-25,2023-11-07,2023-11-07,9b9cf8da514186706081ca59ea865532be96e5d626d9e4d54534b626d986713d,ce4ee0c59b1fc628e18d3481854d61d18de74e75a5713e6a39495c7edc4a1681,81,7.350509502760904,11.201434077181498,2.327177163676498,0.905393707829722,8.550636592002126,12.682472633048722,False
outer::leave_profile_out_P-H07,q=0.5|gain=0.25,0.5,0.25,rolling_01,690,82,2023-01-17,2023-05-16,2023-05-16,2b3f514c3060caa8ca81e4cd7ae8f97b358bd3bb8138e7653c04ba70f69c30b8,b40fd5ee26323d18afdf7fa7fa6332f218a4a4e5378f18af2c66ae3d1e86b53e,82,7.074099365833853,12.199164225561109,-1.790592169379719,0.8244120253816367,8.873595422273695,15.848078228176439,False
outer::leave_profile_out_P-H07,q=0.5|gain=0.25,0.5,0.25,rolling_02,772,14,2023-05-16,2023-07-25,2023-07-25,afd323eb14e3a0aeaa13aad032d7b6b9f0d48df54c4c7d0fac9521fb87c819e0,eee99ecbe76acf0c2c4a815bd89561498ad4893f0703a5e098d5d541405fbae9,14,18.891542995892422,28.63613363573373,-15.922938584000304,0.46345766660432497,8.873595422273695,15.848078228176439,False
outer::leave_profile_out_P-H07,q=0.5|gain=0.25,0.5,0.25,rolling_03,786,81,2023-07-25,2023-11-07,2023-11-07,9b9cf8da514186706081ca59ea865532be96e5d626d9e4d54534b626d986713d,ce4ee0c59b1fc628e18d3481854d61d18de74e75a5713e6a39495c7edc4a1681,81,8.96381036792067,16.01388222990752,-1.8240417070380404,0.8066402714165183,8.873595422273695,15.848078228176439,False
outer::leave_profile_out_P-H07,q=400|gain=0.5,400.0,0.5,rolling_01,690,82,2023-01-17,2023-05-16,2023-05-16,2b3f514c3060caa8ca81e4cd7ae8f97b358bd3bb8138e7653c04ba70f69c30b8,b40fd5ee26323d18afdf7fa7fa6332f218a4a4e5378f18af2c66ae3d1e86b53e,82,9.562533532358678,14.154148456760836,0.1395046379979162,0.7636246926701942,9.000412077811461,13.39404218917004,False
outer::leave_profile_out_P-H07,q=400|gain=0.5,400.0,0.5,rolling_02,772,14,2023-05-16,2023-07-25,2023-07-25,afd323eb14e3a0aeaa13aad032d7b6b9f0d48df54c4c7d0fac9521fb87c819e0,eee99ecbe76acf0c2c4a815bd89561498ad4893f0703a5e098d5d541405fbae9,14,12.691464452550923,17.552295014241434,-11.73017326900384,0.7984220369566302,9.000412077811461,13.39404218917004,False
outer::leave_profile_out_P-H07,q=400|gain=0.5,400.0,0.5,rolling_03,786,81,2023-07-25,2023-11-07,2023-11-07,9b9cf8da514186706081ca59ea865532be96e5d626d9e4d54534b626d986713d,ce4ee0c59b1fc628e18d3481854d61d18de74e75a5713e6a39495c7edc4a1681,81,7.793391182512395,11.660225019301691,2.784432848264506,0.8974851854715867,9.000412077811461,13.39404218917004,False
outer::leave_profile_out_P-H07,q=0.5|gain=0,0.5,0.0,rolling_01,690,82,2023-01-17,2023-05-16,2023-05-16,2b3f514c3060caa8ca81e4cd7ae8f97b358bd3bb8138e7653c04ba70f69c30b8,b40fd5ee26323d18afdf7fa7fa6332f218a4a4e5378f18af2c66ae3d1e86b53e,82,7.308959212155376,13.899593723757587,-2.3473926231149393,0.7720504043036042,9.046547339907175,17.24490145106405,False
outer::leave_profile_out_P-H07,q=0.5|gain=0,0.5,0.0,rolling_02,772,14,2023-05-16,2023-07-25,2023-07-25,afd323eb14e3a0aeaa13aad032d7b6b9f0d48df54c4c7d0fac9521fb87c819e0,eee99ecbe76acf0c2c4a815bd89561498ad4893f0703a5e098d5d541405fbae9,14,19.43389223953068,29.740005332273277,-16.27323347019161,0.42129489052541436,9.046547339907175,17.24490145106405,False
outer::leave_profile_out_P-H07,q=0.5|gain=0,0.5,0.0,rolling_03,786,81,2023-07-25,2023-11-07,2023-11-07,9b9cf8da514186706081ca59ea865532be96e5d626d9e4d54534b626d986713d,ce4ee0c59b1fc628e18d3481854d61d18de74e75a5713e6a39495c7edc4a1681,81,9.010243610041972,17.36058687406532,-2.7330464792947744,0.7727512138895091,9.046547339907175,17.24490145106405,False
outer::leave_profile_out_P-H07,q=0.5|gain=0.5,0.5,0.5,rolling_01,690,82,2023-01-17,2023-05-16,2023-05-16,2b3f514c3060caa8ca81e4cd7ae8f97b358bd3bb8138e7653c04ba70f69c30b8,b40fd5ee26323d18afdf7fa7fa6332f218a4a4e5378f18af2c66ae3d1e86b53e,82,7.5433885692029525,11.41799693740633,-1.2337917156444995,0.8461794152357196,9.058673718347743,14.975017384921069,False
outer::leave_profile_out_P-H07,q=0.5|gain=0.5,0.5,0.5,rolling_02,772,14,2023-05-16,2023-07-25,2023-07-25,afd323eb14e3a0aeaa13aad032d7b6b9f0d48df54c4c7d0fac9521fb87c819e0,eee99ecbe76acf0c2c4a815bd89561498ad4893f0703a5e098d5d541405fbae9,14,18.349193752254163,27.540752782582793,-15.572643697808996,0.5037199167745303,9.058673718347743,14.975017384921069,False
outer::leave_profile_out_P-H07,q=0.5|gain=0.5,0.5,0.5,rolling_03,786,81,2023-07-25,2023-11-07,2023-11-07,9b9cf8da514186706081ca59ea865532be96e5d626d9e4d54534b626d986713d,ce4ee0c59b1fc628e18d3481854d61d18de74e75a5713e6a39495c7edc4a1681,81,8.986897196806794,15.064944287963167,-0.9150369347813055,0.8288772199602471,9.058673718347743,14.975017384921069,False
outer::leave_profile_out_P-V01,q=10|gain=0,10.0,0.0,rolling_01,662,82,2023-01-17,2023-05-16,2023-05-16,de8f683e0128b93ac40c5fc4f6f73b364b73817f66e13dc58d550fb9dd2e142d,41557db3762f90ce46dac971b3fb9235b7ac57eca77f7dd91d977ef2fab55eb8,82,5.281268099942294,8.604557142937542,-2.1931860967035317,0.9143839679314307,6.713979340533109,11.841894025777965,True
outer::leave_profile_out_P-V01,q=10|gain=0,10.0,0.0,rolling_02,744,14,2023-05-16,2023-07-25,2023-07-25,10d01af949c79a744ed1acd65d8930fa24d67bb9e12259b980f584fa01b0d4fc,eee99ecbe76acf0c2c4a815bd89561498ad4893f0703a5e098d5d541405fbae9,14,13.969803306630633,21.098906093336716,-12.787820113061263,0.7087304323890202,6.713979340533109,11.841894025777965,True
outer::leave_profile_out_P-V01,q=10|gain=0,10.0,0.0,rolling_03,758,82,2023-07-25,2023-11-07,2023-11-07,1443eadea48fb114d6a0b3fba43c1b3dade181b1391fb8fe1f05ba01fe9741b1,4dbb0c516bf80b264c73548fa4a6e4dd1b65344c939ba8ddca52b70621c5e5dd,82,6.907891367399959,12.424198457203415,-0.8740791889966002,0.8848373670534867,6.713979340533109,11.841894025777965,True
outer::leave_profile_out_P-V01,q=25|gain=0,25.0,0.0,rolling_01,662,82,2023-01-17,2023-05-16,2023-05-16,de8f683e0128b93ac40c5fc4f6f73b364b73817f66e13dc58d550fb9dd2e142d,41557db3762f90ce46dac971b3fb9235b7ac57eca77f7dd91d977ef2fab55eb8,82,5.787304833518827,8.711564836220568,-2.0048113257672657,0.9122412564889641,6.740432416394361,11.253569961253284,False
outer::leave_profile_out_P-V01,q=25|gain=0,25.0,0.0,rolling_02,744,14,2023-05-16,2023-07-25,2023-07-25,10d01af949c79a744ed1acd65d8930fa24d67bb9e12259b980f584fa01b0d4fc,eee99ecbe76acf0c2c4a815bd89561498ad4893f0703a5e098d5d541405fbae9,14,13.323518546456114,19.985374044439965,-12.40492341701436,0.738663666039681,6.740432416394361,11.253569961253284,False
outer::leave_profile_out_P-V01,q=25|gain=0,25.0,0.0,rolling_03,758,82,2023-07-25,2023-11-07,2023-11-07,1443eadea48fb114d6a0b3fba43c1b3dade181b1391fb8fe1f05ba01fe9741b1,4dbb0c516bf80b264c73548fa4a6e4dd1b65344c939ba8ddca52b70621c5e5dd,82,6.56961846486911,11.437806814848189,-0.3108764480891993,0.9023976353402278,6.740432416394361,11.253569961253284,False
outer::leave_profile_out_P-V01,q=10|gain=0.25,10.0,0.25,rolling_01,662,82,2023-01-17,2023-05-16,2023-05-16,de8f683e0128b93ac40c5fc4f6f73b364b73817f66e13dc58d550fb9dd2e142d,41557db3762f90ce46dac971b3fb9235b7ac57eca77f7dd91d977ef2fab55eb8,82,5.85800472508447,8.262961018597142,-1.8665658645157475,0.9210468506872568,6.853571695393487,11.142211082651139,False
outer::leave_profile_out_P-V01,q=10|gain=0.25,10.0,0.25,rolling_02,744,14,2023-05-16,2023-07-25,2023-07-25,10d01af949c79a744ed1acd65d8930fa24d67bb9e12259b980f584fa01b0d4fc,eee99ecbe76acf0c2c4a815bd89561498ad4893f0703a5e098d5d541405fbae9,14,13.495041222280527,20.03801655417477,-12.437525226869955,0.7372851059660532,6.853571695393487,11.142211082651139,False
outer::leave_profile_out_P-V01,q=10|gain=0.25,10.0,0.25,rolling_03,758,82,2023-07-25,2023-11-07,2023-11-07,1443eadea48fb114d6a0b3fba43c1b3dade181b1391fb8fe1f05ba01fe9741b1,4dbb0c516bf80b264c73548fa4a6e4dd1b65344c939ba8ddca52b70621c5e5dd,82,6.715229234282769,11.51802083963692,0.1117252926851709,0.9010238524946468,6.853571695393487,11.142211082651139,False
outer::leave_profile_out_P-V01,q=100|gain=0,100.0,0.0,rolling_01,662,82,2023-01-17,2023-05-16,2023-05-16,de8f683e0128b93ac40c5fc4f6f73b364b73817f66e13dc58d550fb9dd2e142d,41557db3762f90ce46dac971b3fb9235b7ac57eca77f7dd91d977ef2fab55eb8,82,6.5816617404913105,9.958056823016772,-1.6567003493443377,0.8853306764916008,6.943500748072783,11.298907101055098,False
outer::leave_profile_out_P-V01,q=100|gain=0,100.0,0.0,rolling_02,744,14,2023-05-16,2023-07-25,2023-07-25,10d01af949c79a744ed1acd65d8930fa24d67bb9e12259b980f584fa01b0d4fc,eee99ecbe76acf0c2c4a815bd89561498ad4893f0703a5e098d5d541405fbae9,14,13.229371185280375,19.427715866419668,-12.342814585538878,0.753044490737448,6.943500748072783,11.298907101055098,False
outer::leave_profile_out_P-V01,q=100|gain=0,100.0,0.0,rolling_03,758,82,2023-07-25,2023-11-07,2023-11-07,1443eadea48fb114d6a0b3fba43c1b3dade181b1391fb8fe1f05ba01fe9741b1,4dbb0c516bf80b264c73548fa4a6e4dd1b65344c939ba8ddca52b70621c5e5dd,82,6.232142363935887,10.654759751162082,0.5416398244935464,0.9153041465578077,6.943500748072783,11.298907101055098,False
outer::leave_profile_out_P-V01,q=25|gain=0.25,25.0,0.25,rolling_01,662,82,2023-01-17,2023-05-16,2023-05-16,de8f683e0128b93ac40c5fc4f6f73b364b73817f66e13dc58d550fb9dd2e142d,41557db3762f90ce46dac971b3fb9235b7ac57eca77f7dd91d977ef2fab55eb8,82,6.517100404786635,9.069699841613703,-1.6781910935794813,0.9048773634914196,7.003336552854936,10.964298820204272,False
outer::leave_profile_out_P-V01,q=25|gain=0.25,25.0,0.25,rolling_02,744,14,2023-05-16,2023-07-25,2023-07-25,10d01af949c79a744ed1acd65d8930fa24d67bb9e12259b980f584fa01b0d4fc,eee99ecbe76acf0c2c4a815bd89561498ad4893f0703a5e098d5d541405fbae9,14,12.921219780088222,18.949057617936052,-12.054628530823054,0.765063515744536,7.003336552854936,10.964298820204272,False
outer::leave_profile_out_P-V01,q=25|gain=0.25,25.0,0.25,rolling_03,758,82,2023-07-25,2023-11-07,2023-11-07,1443eadea48fb114d6a0b3fba43c1b3dade181b1391fb8fe1f05ba01fe9741b1,4dbb0c516bf80b264c73548fa4a6e4dd1b65344c939ba8ddca52b70621c5e5dd,82,6.47920239383463,10.83479644131782,0.6749280335925714,0.9124177015206569,7.003336552854936,10.964298820204272,False
outer::leave_profile_out_P-V01,q=400|gain=0,400.0,0.0,rolling_01,662,82,2023-01-17,2023-05-16,2023-05-16,de8f683e0128b93ac40c5fc4f6f73b364b73817f66e13dc58d550fb9dd2e142d,41557db3762f90ce46dac971b3fb9235b7ac57eca77f7dd91d977ef2fab55eb8,82,6.760769570489191,10.608092415881751,-1.4357904189033897,0.8698714353967669,7.019344972340329,11.58382435009712,False
outer::leave_profile_out_P-V01,q=400|gain=0,400.0,0.0,rolling_02,744,14,2023-05-16,2023-07-25,2023-07-25,10d01af949c79a744ed1acd65d8930fa24d67bb9e12259b980f584fa01b0d4fc,eee99ecbe76acf0c2c4a815bd89561498ad4893f0703a5e098d5d541405fbae9,14,13.391560659514028,19.541027700700354,-12.430840204925072,0.7501553619202117,7.019344972340329,11.58382435009712,False
outer::leave_profile_out_P-V01,q=400|gain=0,400.0,0.0,rolling_03,758,82,2023-07-25,2023-11-07,2023-11-07,1443eadea48fb114d6a0b3fba43c1b3dade181b1391fb8fe1f05ba01fe9741b1,4dbb0c516bf80b264c73548fa4a6e4dd1b65344c939ba8ddca52b70621c5e5dd,82,6.189981110527665,10.656161445690204,1.0082003454765698,0.9152818606450148,7.019344972340329,11.58382435009712,False
outer::leave_profile_out_P-V01,q=2|gain=0.25,2.0,0.25,rolling_01,662,82,2023-01-17,2023-05-16,2023-05-16,de8f683e0128b93ac40c5fc4f6f73b364b73817f66e13dc58d550fb9dd2e142d,41557db3762f90ce46dac971b3fb9235b7ac57eca77f7dd91d977ef2fab55eb8,82,5.929751856440208,9.464735238171738,-2.1579316313598405,0.8964106782379908,7.3614302012534925,12.928278242742154,False
outer::leave_profile_out_P-V01,q=2|gain=0.25,2.0,0.25,rolling_02,744,14,2023-05-16,2023-07-25,2023-07-25,10d01af949c79a744ed1acd65d8930fa24d67bb9e12259b980f584fa01b0d4fc,eee99ecbe76acf0c2c4a815bd89561498ad4893f0703a5e098d5d541405fbae9,14,15.757487234736969,23.756084236400405,-14.084999747018163,0.6307462233670516,7.3614302012534925,12.928278242742154,False
outer::leave_profile_out_P-V01,q=2|gain=0.25,2.0,0.25,rolling_03,758,82,2023-07-25,2023-11-07,2023-11-07,1443eadea48fb114d6a0b3fba43c1b3dade181b1391fb8fe1f05ba01fe9741b1,4dbb0c516bf80b264c73548fa4a6e4dd1b65344c939ba8ddca52b70621c5e5dd,82,7.359635394008625,13.29973699045991,-0.8619553824286565,0.8680343409816809,7.3614302012534925,12.928278242742154,False
outer::leave_profile_out_P-V01,q=2|gain=0,2.0,0.0,rolling_01,662,82,2023-01-17,2023-05-16,2023-05-16,de8f683e0128b93ac40c5fc4f6f73b364b73817f66e13dc58d550fb9dd2e142d,41557db3762f90ce46dac971b3fb9235b7ac57eca77f7dd91d977ef2fab55eb8,82,5.762902424817131,10.775689523920866,-2.4845518635476243,0.8657271554191681,7.424121964911301,14.105970994179543,False
outer::leave_profile_out_P-V01,q=2|gain=0,2.0,0.0,rolling_02,744,14,2023-05-16,2023-07-25,2023-07-25,10d01af949c79a744ed1acd65d8930fa24d67bb9e12259b980f584fa01b0d4fc,eee99ecbe76acf0c2c4a815bd89561498ad4893f0703a5e098d5d541405fbae9,14,16.23224931908707,24.849927611775016,-14.43529463320947,0.5959589522362729,7.424121964911301,14.105970994179543,False
outer::leave_profile_out_P-V01,q=2|gain=0,2.0,0.0,rolling_03,758,82,2023-07-25,2023-11-07,2023-11-07,1443eadea48fb114d6a0b3fba43c1b3dade181b1391fb8fe1f05ba01fe9741b1,4dbb0c516bf80b264c73548fa4a6e4dd1b65344c939ba8ddca52b70621c5e5dd,82,7.581514883560829,14.504593036019049,-1.8477598641104276,0.8430411089249851,7.424121964911301,14.105970994179543,False
outer::leave_profile_out_P-V01,q=100|gain=0.25,100.0,0.25,rolling_01,662,82,2023-01-17,2023-05-16,2023-05-16,de8f683e0128b93ac40c5fc4f6f73b364b73817f66e13dc58d550fb9dd2e142d,41557db3762f90ce46dac971b3fb9235b7ac57eca77f7dd91d977ef2fab55eb8,82,7.629012314833248,11.043193002672664,-1.3300801171565544,0.8589778359028586,7.494757519650985,11.589798953570241,False
outer::leave_profile_out_P-V01,q=100|gain=0.25,100.0,0.25,rolling_02,744,14,2023-05-16,2023-07-25,2023-07-25,10d01af949c79a744ed1acd65d8930fa24d67bb9e12259b980f584fa01b0d4fc,eee99ecbe76acf0c2c4a815bd89561498ad4893f0703a5e098d5d541405fbae9,14,12.869082688918311,18.418547385236415,-11.992519699347572,0.7780342410360725,7.494757519650985,11.589798953570241,False
outer::leave_profile_out_P-V01,q=100|gain=0.25,100.0,0.25,rolling_03,758,82,2023-07-25,2023-11-07,2023-11-07,1443eadea48fb114d6a0b3fba43c1b3dade181b1391fb8fe1f05ba01fe9741b1,4dbb0c516bf80b264c73548fa4a6e4dd1b65344c939ba8ddca52b70621c5e5dd,82,6.442935012642594,10.569225168142786,1.5274443061753171,0.9166585358031251,7.494757519650985,11.589798953570241,False
outer::leave_profile_out_P-V01,q=10|gain=0.5,10.0,0.5,rolling_01,662,82,2023-01-17,2023-05-16,2023-05-16,de8f683e0128b93ac40c5fc4f6f73b364b73817f66e13dc58d550fb9dd2e142d,41557db3762f90ce46dac971b3fb9235b7ac57eca77f7dd91d977ef2fab55eb8,82,7.227019706939072,9.387210285851825,-1.5399456323279648,0.8981007133752428,7.556160470316161,11.27345104925858,False
outer::leave_profile_out_P-V01,q=10|gain=0.5,10.0,0.5,rolling_02,744,14,2023-05-16,2023-07-25,2023-07-25,10d01af949c79a744ed1acd65d8930fa24d67bb9e12259b980f584fa01b0d4fc,eee99ecbe76acf0c2c4a815bd89561498ad4893f0703a5e098d5d541405fbae9,14,13.03129463927649,18.99434279734646,-12.087230340678648,0.7639392536343805,7.556160470316161,11.27345104925858,False
outer::leave_profile_out_P-V01,q=10|gain=0.5,10.0,0.5,rolling_03,758,82,2023-07-25,2023-11-07,2023-11-07,1443eadea48fb114d6a0b3fba43c1b3dade181b1391fb8fe1f05ba01fe9741b1,4dbb0c516bf80b264c73548fa4a6e4dd1b65344c939ba8ddca52b70621c5e5dd,82,6.950522229236613,11.232214525192731,1.0975297743669414,0.9058748666208408,7.556160470316161,11.27345104925858,False
outer::leave_profile_out_P-V01,q=25|gain=0.5,25.0,0.5,rolling_01,662,82,2023-01-17,2023-05-16,2023-05-16,de8f683e0128b93ac40c5fc4f6f73b364b73817f66e13dc58d550fb9dd2e142d,41557db3762f90ce46dac971b3fb9235b7ac57eca77f7dd91d977ef2fab55eb8,82,7.963775128889718,10.687966107984646,-1.3515708613916981,0.8679044504260349,7.8424169904052174,11.524420914810465,False
outer::leave_profile_out_P-V01,q=25|gain=0.5,25.0,0.5,rolling_02,744,14,2023-05-16,2023-07-25,2023-07-25,10d01af949c79a744ed1acd65d8930fa24d67bb9e12259b980f584fa01b0d4fc,eee99ecbe76acf0c2c4a815bd89561498ad4893f0703a5e098d5d541405fbae9,14,12.534824733315117,17.933852773660494,-11.704333644631744,0.7895628395406853,7.8424169904052174,11.524420914810465,False
outer::leave_profile_out_P-V01,q=25|gain=0.5,25.0,0.5,rolling_03,758,82,2023-07-25,2023-11-07,2023-11-07,1443eadea48fb114d6a0b3fba43c1b3dade181b1391fb8fe1f05ba01fe9741b1,4dbb0c516bf80b264c73548fa4a6e4dd1b65344c939ba8ddca52b70621c5e5dd,82,6.919916066545859,10.91585752174809,1.6607325152743417,0.9111022963861202,7.8424169904052174,11.524420914810465,False
outer::leave_profile_out_P-V01,q=2|gain=0.5,2.0,0.5,rolling_01,662,82,2023-01-17,2023-05-16,2023-05-16,de8f683e0128b93ac40c5fc4f6f73b364b73817f66e13dc58d550fb9dd2e142d,41557db3762f90ce46dac971b3fb9235b7ac57eca77f7dd91d977ef2fab55eb8,82,6.828018527008948,9.415519769434384,-1.831311399172057,0.8974851809889736,7.862330919419145,12.422791796209227,False
outer::leave_profile_out_P-V01,q=2|gain=0.5,2.0,0.5,rolling_02,744,14,2023-05-16,2023-07-25,2023-07-25,10d01af949c79a744ed1acd65d8930fa24d67bb9e12259b980f584fa01b0d4fc,eee99ecbe76acf0c2c4a815bd89561498ad4893f0703a5e098d5d541405fbae9,14,15.282725150386863,22.67352764726366,-13.734704860826856,0.6636329685891242,7.862330919419145,12.422791796209227,False
outer::leave_profile_out_P-V01,q=2|gain=0.5,2.0,0.5,rolling_03,758,82,2023-07-25,2023-11-07,2023-11-07,1443eadea48fb114d6a0b3fba43c1b3dade181b1391fb8fe1f05ba01fe9741b1,4dbb0c516bf80b264c73548fa4a6e4dd1b65344c939ba8ddca52b70621c5e5dd,82,7.629746735810465,12.592717387823344,0.12384909925311316,0.8816921017234107,7.862330919419145,12.422791796209227,False
outer::leave_profile_out_P-V01,q=400|gain=0.25,400.0,0.25,rolling_01,662,82,2023-01-17,2023-05-16,2023-05-16,de8f683e0128b93ac40c5fc4f6f73b364b73817f66e13dc58d550fb9dd2e142d,41557db3762f90ce46dac971b3fb9235b7ac57eca77f7dd91d977ef2fab55eb8,82,8.04449011261435,11.955422388675178,-1.1091701867156059,0.8347171095704925,7.8846657259369906,12.114057924147755,False
outer::leave_profile_out_P-V01,q=400|gain=0.25,400.0,0.25,rolling_02,744,14,2023-05-16,2023-07-25,2023-07-25,10d01af949c79a744ed1acd65d8930fa24d67bb9e12259b980f584fa01b0d4fc,eee99ecbe76acf0c2c4a815bd89561498ad4893f0703a5e098d5d541405fbae9,14,13.016267481355367,18.534240702512598,-12.080545318733764,0.775236994672134,7.8846657259369906,12.114057924147755,False
outer::leave_profile_out_P-V01,q=400|gain=0.25,400.0,0.25,rolling_03,758,82,2023-07-25,2023-11-07,2023-11-07,1443eadea48fb114d6a0b3fba43c1b3dade181b1391fb8fe1f05ba01fe9741b1,4dbb0c516bf80b264c73548fa4a6e4dd1b65344c939ba8ddca52b70621c5e5dd,82,6.848714210285762,10.815460808589142,1.9940048271583408,0.9127300189885152,7.8846657259369906,12.114057924147755,False
outer::leave_profile_out_P-V01,q=100|gain=0.5,100.0,0.5,rolling_01,662,82,2023-01-17,2023-05-16,2023-05-16,de8f683e0128b93ac40c5fc4f6f73b364b73817f66e13dc58d550fb9dd2e142d,41557db3762f90ce46dac971b3fb9235b7ac57eca77f7dd91d977ef2fab55eb8,82,9.149036537270563,13.051681833591177,-1.0034598849687706,0.8030159752462767,8.602230232946104,12.649308081755297,False
outer::leave_profile_out_P-V01,q=100|gain=0.5,100.0,0.5,rolling_02,744,14,2023-05-16,2023-07-25,2023-07-25,10d01af949c79a744ed1acd65d8930fa24d67bb9e12259b980f584fa01b0d4fc,eee99ecbe76acf0c2c4a815bd89561498ad4893f0703a5e098d5d541405fbae9,14,12.54437590777834,17.434285576582944,-11.642224813156263,0.8011234654259913,8.602230232946104,12.649308081755297,False
outer::leave_profile_out_P-V01,q=100|gain=0.5,100.0,0.5,rolling_03,758,82,2023-07-25,2023-11-07,2023-11-07,1443eadea48fb114d6a0b3fba43c1b3dade181b1391fb8fe1f05ba01fe9741b1,4dbb0c516bf80b264c73548fa4a6e4dd1b65344c939ba8ddca52b70621c5e5dd,82,7.382374667064923,11.184224527168963,2.5132487878570884,0.9066774537334765,8.602230232946104,12.649308081755297,False
outer::leave_profile_out_P-V01,q=0.5|gain=0.25,0.5,0.25,rolling_01,662,82,2023-01-17,2023-05-16,2023-05-16,de8f683e0128b93ac40c5fc4f6f73b364b73817f66e13dc58d550fb9dd2e142d,41557db3762f90ce46dac971b3fb9235b7ac57eca77f7dd91d977ef2fab55eb8,82,7.00595078917273,12.169377040542978,-2.2239063378419646,0.8287483581130547,8.795522709402455,15.794330284244918,False
outer::leave_profile_out_P-V01,q=0.5|gain=0.25,0.5,0.25,rolling_02,744,14,2023-05-16,2023-07-25,2023-07-25,10d01af949c79a744ed1acd65d8930fa24d67bb9e12259b980f584fa01b0d4fc,eee99ecbe76acf0c2c4a815bd89561498ad4893f0703a5e098d5d541405fbae9,14,18.88869521099763,28.631089645801378,-15.920449261322176,0.46364666389119735,8.795522709402455,15.794330284244918,False
outer::leave_profile_out_P-V01,q=0.5|gain=0.25,0.5,0.25,rolling_03,758,82,2023-07-25,2023-11-07,2023-11-07,1443eadea48fb114d6a0b3fba43c1b3dade181b1391fb8fe1f05ba01fe9741b1,4dbb0c516bf80b264c73548fa4a6e4dd1b65344c939ba8ddca52b70621c5e5dd,82,8.861870056189103,15.920533644447639,-1.8071735084624687,0.8109006363518798,8.795522709402455,15.794330284244918,False
outer::leave_profile_out_P-V01,q=0.5|gain=0,0.5,0.0,rolling_01,662,82,2023-01-17,2023-05-16,2023-05-16,de8f683e0128b93ac40c5fc4f6f73b364b73817f66e13dc58d550fb9dd2e142d,41557db3762f90ce46dac971b3fb9235b7ac57eca77f7dd91d977ef2fab55eb8,82,7.187805891231381,13.84012134143364,-2.5505265700297484,0.7784979012042244,8.904254462486946,17.161984773249216,False
outer::leave_profile_out_P-V01,q=0.5|gain=0,0.5,0.0,rolling_02,744,14,2023-05-16,2023-07-25,2023-07-25,10d01af949c79a744ed1acd65d8930fa24d67bb9e12259b980f584fa01b0d4fc,eee99ecbe76acf0c2c4a815bd89561498ad4893f0703a5e098d5d541405fbae9,14,19.43104445463589,29.734959026114367,-16.270744147513486,0.42149126408784054,8.904254462486946,17.161984773249216,False
outer::leave_profile_out_P-V01,q=0.5|gain=0,0.5,0.0,rolling_03,758,82,2023-07-25,2023-11-07,2023-11-07,1443eadea48fb114d6a0b3fba43c1b3dade181b1391fb8fe1f05ba01fe9741b1,4dbb0c516bf80b264c73548fa4a6e4dd1b65344c939ba8ddca52b70621c5e5dd,82,8.823446205814644,17.22931377130366,-2.792977990144239,0.7785321007902382,8.904254462486946,17.161984773249216,False
outer::leave_profile_out_P-V01,q=0.5|gain=0.5,0.5,0.5,rolling_01,662,82,2023-01-17,2023-05-16,2023-05-16,de8f683e0128b93ac40c5fc4f6f73b364b73817f66e13dc58d550fb9dd2e142d,41557db3762f90ce46dac971b3fb9235b7ac57eca77f7dd91d977ef2fab55eb8,82,7.538033693402028,11.412431263817107,-1.8972861056541805,0.8493897949540452,9.047255250287815,14.946954002587681,False
outer::leave_profile_out_P-V01,q=0.5|gain=0.5,0.5,0.5,rolling_02,744,14,2023-05-16,2023-07-25,2023-07-25,10d01af949c79a744ed1acd65d8930fa24d67bb9e12259b980f584fa01b0d4fc,eee99ecbe76acf0c2c4a815bd89561498ad4893f0703a5e098d5d541405fbae9,14,18.34634596735937,27.535712849223895,-15.570154375130869,0.5039015377858483,9.047255250287815,14.946954002587681,False
outer::leave_profile_out_P-V01,q=0.5|gain=0.5,0.5,0.5,rolling_03,758,82,2023-07-25,2023-11-07,2023-11-07,1443eadea48fb114d6a0b3fba43c1b3dade181b1391fb8fe1f05ba01fe9741b1,4dbb0c516bf80b264c73548fa4a6e4dd1b65344c939ba8ddca52b70621c5e5dd,82,8.968827172551634,15.009039687376736,-0.8213690267806986,0.8319337005985553,9.047255250287815,14.946954002587681,False
outer::leave_profile_out_P-V01,q=400|gain=0.5,400.0,0.5,rolling_01,662,82,2023-01-17,2023-05-16,2023-05-16,de8f683e0128b93ac40c5fc4f6f73b364b73817f66e13dc58d550fb9dd2e142d,41557db3762f90ce46dac971b3fb9235b7ac57eca77f7dd91d977ef2fab55eb8,82,9.676926556473713,14.10452747406135,-0.782549954527823,0.7699537636763781,9.065987924757788,13.354371166864748,False
outer::leave_profile_out_P-V01,q=400|gain=0.5,400.0,0.5,rolling_02,744,14,2023-05-16,2023-07-25,2023-07-25,10d01af949c79a744ed1acd65d8930fa24d67bb9e12259b980f584fa01b0d4fc,eee99ecbe76acf0c2c4a815bd89561498ad4893f0703a5e098d5d541405fbae9,14,12.691560700215394,17.552466351643996,-11.730250432542455,0.7984181015153508,9.065987924757788,13.354371166864748,False
outer::leave_profile_out_P-V01,q=400|gain=0.5,400.0,0.5,rolling_03,758,82,2023-07-25,2023-11-07,2023-11-07,1443eadea48fb114d6a0b3fba43c1b3dade181b1391fb8fe1f05ba01fe9741b1,4dbb0c516bf80b264c73548fa4a6e4dd1b65344c939ba8ddca52b70621c5e5dd,82,7.836049063085687,11.644241090210494,2.9798093088401107,0.8988427060170496,9.065987924757788,13.354371166864748,False
outer::leave_profile_out_P-V02,q=25|gain=0,25.0,0.0,rolling_01,661,81,2023-01-17,2023-05-16,2023-05-16,c091b20a75f839b3e69f3a52cec4ef0edb118468d8787bd77266163bd234f062,40d2e5dc2ae0a43124e2b3a8d22ff61ff44a0cb93c96228c037f9168161df309,81,5.501666436640707,8.548806865792097,-1.1915252598507473,0.9160247230308527,6.590676502021422,11.208211677626837,True
outer::leave_profile_out_P-V02,q=25|gain=0,25.0,0.0,rolling_02,742,14,2023-05-16,2023-07-25,2023-07-25,28a3ffd8be54fb824a3e9a419e89e7473c7a5299fcd2b0af0fa44fa9b4192fe4,eee99ecbe76acf0c2c4a815bd89561498ad4893f0703a5e098d5d541405fbae9,14,13.310675533315372,19.9618231137883,-12.395765503217135,0.7392792249460316,6.590676502021422,11.208211677626837,True
outer::leave_profile_out_P-V02,q=25|gain=0,25.0,0.0,rolling_03,756,81,2023-07-25,2023-11-07,2023-11-07,c6f58472f52284bb759f1fc7cbdd8a3b54aa593d0df1e0e6a9da113cb514aa3f,ba8a8b64516ed0f7da74dc8804415e39aa7dbd8837fb76a390903c90d3274885,81,6.518205253351329,11.445811262696127,-0.432417699066718,0.9029584576958194,6.590676502021422,11.208211677626837,True
outer::leave_profile_out_P-V02,q=10|gain=0.25,10.0,0.25,rolling_01,661,81,2023-01-17,2023-05-16,2023-05-16,c091b20a75f839b3e69f3a52cec4ef0edb118468d8787bd77266163bd234f062,40d2e5dc2ae0a43124e2b3a8d22ff61ff44a0cb93c96228c037f9168161df309,81,5.452725200091188,7.957779737596185,-0.9024359464468278,0.9272347104178271,6.612689543550323,11.036288443716566,False
outer::leave_profile_out_P-V02,q=10|gain=0.25,10.0,0.25,rolling_02,742,14,2023-05-16,2023-07-25,2023-07-25,28a3ffd8be54fb824a3e9a419e89e7473c7a5299fcd2b0af0fa44fa9b4192fe4,eee99ecbe76acf0c2c4a815bd89561498ad4893f0703a5e098d5d541405fbae9,14,13.471786303490934,19.999557478870766,-12.418552013585309,0.7382925984744442,6.612689543550323,11.036288443716566,False
outer::leave_profile_out_P-V02,q=10|gain=0.25,10.0,0.25,rolling_03,756,81,2023-07-25,2023-11-07,2023-11-07,c6f58472f52284bb759f1fc7cbdd8a3b54aa593d0df1e0e6a9da113cb514aa3f,ba8a8b64516ed0f7da74dc8804415e39aa7dbd8837fb76a390903c90d3274885,81,6.587130990229598,11.497483086054844,-0.09874372615114035,0.9020802968014663,6.612689543550323,11.036288443716566,False
outer::leave_profile_out_P-V02,q=10|gain=0,10.0,0.0,rolling_01,661,81,2023-01-17,2023-05-16,2023-05-16,c091b20a75f839b3e69f3a52cec4ef0edb118468d8787bd77266163bd234f062,40d2e5dc2ae0a43124e2b3a8d22ff61ff44a0cb93c96228c037f9168161df309,81,5.092029219312519,8.522700148803137,-1.5385461727480152,0.9165368345629507,6.6591240868005706,11.848987753623286,False
outer::leave_profile_out_P-V02,q=10|gain=0,10.0,0.0,rolling_02,742,14,2023-05-16,2023-07-25,2023-07-25,28a3ffd8be54fb824a3e9a419e89e7473c7a5299fcd2b0af0fa44fa9b4192fe4,eee99ecbe76acf0c2c4a815bd89561498ad4893f0703a5e098d5d541405fbae9,14,13.946548387841036,21.059901373887026,-12.76884689977662,0.7098063541932185,6.6591240868005706,11.848987753623286,False
outer::leave_profile_out_P-V02,q=10|gain=0,10.0,0.0,rolling_03,756,81,2023-07-25,2023-11-07,2023-11-07,c6f58472f52284bb759f1fc7cbdd8a3b54aa593d0df1e0e6a9da113cb514aa3f,ba8a8b64516ed0f7da74dc8804415e39aa7dbd8837fb76a390903c90d3274885,81,6.966664136824837,12.480758430985345,-0.892726708109544,0.8846157624970563,6.6591240868005706,11.848987753623286,False
outer::leave_profile_out_P-V02,q=25|gain=0.25,25.0,0.25,rolling_01,661,81,2023-01-17,2023-05-16,2023-05-16,c091b20a75f839b3e69f3a52cec4ef0edb118468d8787bd77266163bd234f062,40d2e5dc2ae0a43124e2b3a8d22ff61ff44a0cb93c96228c037f9168161df309,81,6.015423733037434,8.66203054270798,-0.5554150335495598,0.9137855910655657,6.682365321321479,10.776901587339761,False
outer::leave_profile_out_P-V02,q=25|gain=0.25,25.0,0.25,rolling_02,742,14,2023-05-16,2023-07-25,2023-07-25,28a3ffd8be54fb824a3e9a419e89e7473c7a5299fcd2b0af0fa44fa9b4192fe4,eee99ecbe76acf0c2c4a815bd89561498ad4893f0703a5e098d5d541405fbae9,14,12.911094588973299,18.92609584931761,-12.045470617025826,0.7656325454912981,6.682365321321479,10.776901587339761,False
outer::leave_profile_out_P-V02,q=25|gain=0.25,25.0,0.25,rolling_03,756,81,2023-07-25,2023-11-07,2023-11-07,c6f58472f52284bb759f1fc7cbdd8a3b54aa593d0df1e0e6a9da113cb514aa3f,ba8a8b64516ed0f7da74dc8804415e39aa7dbd8837fb76a390903c90d3274885,81,6.27273641890027,10.743169461621939,0.36156528289168577,0.9145072312417609,6.682365321321479,10.776901587339761,False
outer::leave_profile_out_P-V02,q=100|gain=0,100.0,0.0,rolling_01,661,81,2023-01-17,2023-05-16,2023-05-16,c091b20a75f839b3e69f3a52cec4ef0edb118468d8787bd77266163bd234f062,40d2e5dc2ae0a43124e2b3a8d22ff61ff44a0cb93c96228c037f9168161df309,81,6.219008348429175,9.749558359248866,-0.6831854584246475,0.8907779508721824,6.707359691622235,11.200141246751915,False
outer::leave_profile_out_P-V02,q=100|gain=0,100.0,0.0,rolling_02,742,14,2023-05-16,2023-07-25,2023-07-25,28a3ffd8be54fb824a3e9a419e89e7473c7a5299fcd2b0af0fa44fa9b4192fe4,eee99ecbe76acf0c2c4a815bd89561498ad4893f0703a5e098d5d541405fbae9,14,13.229585829805476,19.423544189600467,-12.342409277817517,0.753150535933085,6.707359691622235,11.200141246751915,False
outer::leave_profile_out_P-V02,q=100|gain=0,100.0,0.0,rolling_03,756,81,2023-07-25,2023-11-07,2023-11-07,c6f58472f52284bb759f1fc7cbdd8a3b54aa593d0df1e0e6a9da113cb514aa3f,ba8a8b64516ed0f7da74dc8804415e39aa7dbd8837fb76a390903c90d3274885,81,6.068412689944116,10.597457735014343,0.3048661741927622,0.9168106145386445,6.707359691622235,11.200141246751915,False
outer::leave_profile_out_P-V02,q=400|gain=0,400.0,0.0,rolling_01,661,81,2023-01-17,2023-05-16,2023-05-16,c091b20a75f839b3e69f3a52cec4ef0edb118468d8787bd77266163bd234f062,40d2e5dc2ae0a43124e2b3a8d22ff61ff44a0cb93c96228c037f9168161df309,81,6.4038055867919015,10.425434816457019,-0.4496996057461254,0.8751096771831632,6.78504429153942,11.49526995215969,False
outer::leave_profile_out_P-V02,q=400|gain=0,400.0,0.0,rolling_02,742,14,2023-05-16,2023-07-25,2023-07-25,28a3ffd8be54fb824a3e9a419e89e7473c7a5299fcd2b0af0fa44fa9b4192fe4,eee99ecbe76acf0c2c4a815bd89561498ad4893f0703a5e098d5d541405fbae9,14,13.393813828729865,19.544663371079604,-12.432507726353343,0.750062384491905,6.78504429153942,11.49526995215969,False
outer::leave_profile_out_P-V02,q=400|gain=0,400.0,0.0,rolling_03,756,81,2023-07-25,2023-11-07,2023-11-07,c6f58472f52284bb759f1fc7cbdd8a3b54aa593d0df1e0e6a9da113cb514aa3f,ba8a8b64516ed0f7da74dc8804415e39aa7dbd8837fb76a390903c90d3274885,81,6.024026533068837,10.602281140478393,0.7726561205316367,0.9167348704381694,6.78504429153942,11.49526995215969,False
outer::leave_profile_out_P-V02,q=100|gain=0.25,100.0,0.25,rolling_01,661,81,2023-01-17,2023-05-16,2023-05-16,c091b20a75f839b3e69f3a52cec4ef0edb118468d8787bd77266163bd234f062,40d2e5dc2ae0a43124e2b3a8d22ff61ff44a0cb93c96228c037f9168161df309,81,7.053612975361732,10.615468947285738,-0.04707523212346047,0.8705151964728985,7.094229080469811,11.336246076196343,False
outer::leave_profile_out_P-V02,q=100|gain=0.25,100.0,0.25,rolling_02,742,14,2023-05-16,2023-07-25,2023-07-25,28a3ffd8be54fb824a3e9a419e89e7473c7a5299fcd2b0af0fa44fa9b4192fe4,eee99ecbe76acf0c2c4a815bd89561498ad4893f0703a5e098d5d541405fbae9,14,12.869688922520696,18.41461185016107,-11.992114391626208,0.7781290868113088,7.094229080469811,11.336246076196343,False
outer::leave_profile_out_P-V02,q=100|gain=0.25,100.0,0.25,rolling_03,756,81,2023-07-25,2023-11-07,2023-11-07,c6f58472f52284bb759f1fc7cbdd8a3b54aa593d0df1e0e6a9da113cb514aa3f,ba8a8b64516ed0f7da74dc8804415e39aa7dbd8837fb76a390903c90d3274885,81,6.136617558556749,10.389174057102466,1.098849156151166,0.9200485076706157,7.094229080469811,11.336246076196343,False
outer::leave_profile_out_P-V02,q=10|gain=0.5,10.0,0.5,rolling_01,661,81,2023-01-17,2023-05-16,2023-05-16,c091b20a75f839b3e69f3a52cec4ef0edb118468d8787bd77266163bd234f062,40d2e5dc2ae0a43124e2b3a8d22ff61ff44a0cb93c96228c037f9168161df309,81,6.608982918678288,8.822146830674962,-0.2663257201456412,0.9105688126170057,7.152856463157877,11.008948026418528,False
outer::leave_profile_out_P-V02,q=10|gain=0.5,10.0,0.5,rolling_02,742,14,2023-05-16,2023-07-25,2023-07-25,28a3ffd8be54fb824a3e9a419e89e7473c7a5299fcd2b0af0fa44fa9b4192fe4,eee99ecbe76acf0c2c4a815bd89561498ad4893f0703a5e098d5d541405fbae9,14,13.010599373170704,18.956524855870782,-12.068257127394004,0.764878316846964,7.152856463157877,11.008948026418528,False
outer::leave_profile_out_P-V02,q=10|gain=0.5,10.0,0.5,rolling_03,756,81,2023-07-25,2023-11-07,2023-11-07,c6f58472f52284bb759f1fc7cbdd8a3b54aa593d0df1e0e6a9da113cb514aa3f,ba8a8b64516ed0f7da74dc8804415e39aa7dbd8837fb76a390903c90d3274885,81,6.684280615783396,11.10861689488159,0.6952392558072638,0.9085919364683085,7.152856463157877,11.008948026418528,False
outer::leave_profile_out_P-V02,q=2|gain=0.25,2.0,0.25,rolling_01,661,81,2023-01-17,2023-05-16,2023-05-16,c091b20a75f839b3e69f3a52cec4ef0edb118468d8787bd77266163bd234f062,40d2e5dc2ae0a43124e2b3a8d22ff61ff44a0cb93c96228c037f9168161df309,81,5.718841495497932,9.37704023450996,-1.4359823601256672,0.8989649658554161,7.255426097772222,12.921801141308771,False
outer::leave_profile_out_P-V02,q=2|gain=0.25,2.0,0.25,rolling_02,742,14,2023-05-16,2023-07-25,2023-07-25,28a3ffd8be54fb824a3e9a419e89e7473c7a5299fcd2b0af0fa44fa9b4192fe4,eee99ecbe76acf0c2c4a815bd89561498ad4893f0703a5e098d5d541405fbae9,14,15.717229472856122,23.693106394901413,-14.050866373762364,0.6327014261786983,7.255426097772222,12.921801141308771,False
outer::leave_profile_out_P-V02,q=2|gain=0.25,2.0,0.25,rolling_03,756,81,2023-07-25,2023-11-07,2023-11-07,c6f58472f52284bb759f1fc7cbdd8a3b54aa593d0df1e0e6a9da113cb514aa3f,ba8a8b64516ed0f7da74dc8804415e39aa7dbd8837fb76a390903c90d3274885,81,7.329476783365343,13.336070383960713,-0.981798541883675,0.8682592026844667,7.255426097772222,12.921801141308771,False
outer::leave_profile_out_P-V02,q=25|gain=0.5,25.0,0.5,rolling_01,661,81,2023-01-17,2023-05-16,2023-05-16,c091b20a75f839b3e69f3a52cec4ef0edb118468d8787bd77266163bd234f062,40d2e5dc2ae0a43124e2b3a8d22ff61ff44a0cb93c96228c037f9168161df309,81,7.251229353987669,10.039602743196674,0.080695192751627,0.8841826854445807,7.361900493240764,11.164915084495595,False
outer::leave_profile_out_P-V02,q=25|gain=0.5,25.0,0.5,rolling_02,742,14,2023-05-16,2023-07-25,2023-07-25,28a3ffd8be54fb824a3e9a419e89e7473c7a5299fcd2b0af0fa44fa9b4192fe4,eee99ecbe76acf0c2c4a815bd89561498ad4893f0703a5e098d5d541405fbae9,14,12.524699542200198,17.911574692268843,-11.695175730834517,0.7900853401278591,7.361900493240764,11.164915084495595,False
outer::leave_profile_out_P-V02,q=25|gain=0.5,25.0,0.5,rolling_03,756,81,2023-07-25,2023-11-07,2023-11-07,c6f58472f52284bb759f1fc7cbdd8a3b54aa593d0df1e0e6a9da113cb514aa3f,ba8a8b64516ed0f7da74dc8804415e39aa7dbd8837fb76a390903c90d3274885,81,6.580235994402103,10.705664407341423,1.1555482648500899,0.9151031101501347,7.361900493240764,11.164915084495595,False
outer::leave_profile_out_P-V02,q=400|gain=0.25,400.0,0.25,rolling_01,661,81,2023-01-17,2023-05-16,2023-05-16,c091b20a75f839b3e69f3a52cec4ef0edb118468d8787bd77266163bd234f062,40d2e5dc2ae0a43124e2b3a8d22ff61ff44a0cb93c96228c037f9168161df309,81,7.475146441349609,11.57250965391684,0.18641062055506194,0.8461152663612632,7.483027051016599,11.876418570362281,False
outer::leave_profile_out_P-V02,q=400|gain=0.25,400.0,0.25,rolling_02,742,14,2023-05-16,2023-07-25,2023-07-25,28a3ffd8be54fb824a3e9a419e89e7473c7a5299fcd2b0af0fa44fa9b4192fe4,eee99ecbe76acf0c2c4a815bd89561498ad4893f0703a5e098d5d541405fbae9,14,13.018157388001637,18.53777671159082,-12.082212840162038,0.7751512247877793,7.483027051016599,11.876418570362281,False
outer::leave_profile_out_P-V02,q=400|gain=0.25,400.0,0.25,rolling_03,756,81,2023-07-25,2023-11-07,2023-11-07,c6f58472f52284bb759f1fc7cbdd8a3b54aa593d0df1e0e6a9da113cb514aa3f,ba8a8b64516ed0f7da74dc8804415e39aa7dbd8837fb76a390903c90d3274885,81,6.5342184666367915,10.637593659289957,1.5666391024900408,0.9161792922608296,7.483027051016599,11.876418570362281,False
outer::leave_profile_out_P-V02,q=2|gain=0,2.0,0.0,rolling_01,661,81,2023-01-17,2023-05-16,2023-05-16,c091b20a75f839b3e69f3a52cec4ef0edb118468d8787bd77266163bd234f062,40d2e5dc2ae0a43124e2b3a8d22ff61ff44a0cb93c96228c037f9168161df309,81,5.73139508876124,10.791505331575896,-2.072092586426854,0.8661850941345725,7.48834772784482,14.15946720443614,False
outer::leave_profile_out_P-V02,q=2|gain=0,2.0,0.0,rolling_02,742,14,2023-05-16,2023-07-25,2023-07-25,28a3ffd8be54fb824a3e9a419e89e7473c7a5299fcd2b0af0fa44fa9b4192fe4,eee99ecbe76acf0c2c4a815bd89561498ad4893f0703a5e098d5d541405fbae9,14,16.19199155720623,24.786769428960106,-14.40116125995367,0.5980101509400862,7.48834772784482,14.15946720443614,False
outer::leave_profile_out_P-V02,q=2|gain=0,2.0,0.0,rolling_03,756,81,2023-07-25,2023-11-07,2023-11-07,c6f58472f52284bb759f1fc7cbdd8a3b54aa593d0df1e0e6a9da113cb514aa3f,ba8a8b64516ed0f7da74dc8804415e39aa7dbd8837fb76a390903c90d3274885,81,7.74096686555729,14.594084422746539,-1.7757815238420793,0.8422322477441132,7.48834772784482,14.15946720443614,False
outer::leave_profile_out_P-V02,q=2|gain=0.5,2.0,0.5,rolling_01,661,81,2023-01-17,2023-05-16,2023-05-16,c091b20a75f839b3e69f3a52cec4ef0edb118468d8787bd77266163bd234f062,40d2e5dc2ae0a43124e2b3a8d22ff61ff44a0cb93c96228c037f9168161df309,81,6.413372318884171,9.122245097672543,-0.79987213382448,0.9043810639205616,7.577092436968677,12.306563296291538,False
outer::leave_profile_out_P-V02,q=2|gain=0.5,2.0,0.5,rolling_02,742,14,2023-05-16,2023-07-25,2023-07-25,28a3ffd8be54fb824a3e9a419e89e7473c7a5299fcd2b0af0fa44fa9b4192fe4,eee99ecbe76acf0c2c4a815bd89561498ad4893f0703a5e098d5d541405fbae9,14,15.24246738850602,22.61077894154886,-13.700571487571056,0.6654921755086047,7.577092436968677,12.306563296291538,False
outer::leave_profile_out_P-V02,q=2|gain=0.5,2.0,0.5,rolling_03,756,81,2023-07-25,2023-11-07,2023-11-07,c6f58472f52284bb759f1fc7cbdd8a3b54aa593d0df1e0e6a9da113cb514aa3f,ba8a8b64516ed0f7da74dc8804415e39aa7dbd8837fb76a390903c90d3274885,81,7.4159329337998106,12.549928770127782,-0.18781555992527166,0.8833332629872522,7.577092436968677,12.306563296291538,False
outer::leave_profile_out_P-V02,q=100|gain=0.5,100.0,0.5,rolling_01,661,81,2023-01-17,2023-05-16,2023-05-16,c091b20a75f839b3e69f3a52cec4ef0edb118468d8787bd77266163bd234f062,40d2e5dc2ae0a43124e2b3a8d22ff61ff44a0cb93c96228c037f9168161df309,81,8.364765644936107,12.415178193057907,0.5890349941777264,0.8228886684179169,8.036915913920858,12.230041228918067,False
outer::leave_profile_out_P-V02,q=100|gain=0.5,100.0,0.5,rolling_02,742,14,2023-05-16,2023-07-25,2023-07-25,28a3ffd8be54fb824a3e9a419e89e7473c7a5299fcd2b0af0fa44fa9b4192fe4,eee99ecbe76acf0c2c4a815bd89561498ad4893f0703a5e098d5d541405fbae9,14,12.544982141380725,17.43061880962942,-11.6418195054349,0.8012071117808268,8.036915913920858,12.230041228918067,False
outer::leave_profile_out_P-V02,q=100|gain=0.5,100.0,0.5,rolling_03,756,81,2023-07-25,2023-11-07,2023-11-07,c6f58472f52284bb759f1fc7cbdd8a3b54aa593d0df1e0e6a9da113cb514aa3f,ba8a8b64516ed0f7da74dc8804415e39aa7dbd8837fb76a390903c90d3274885,81,6.929894242356988,10.8788892095541,1.8928321381095696,0.9123335061650191,8.036915913920858,12.230041228918067,False
outer::leave_profile_out_P-V02,q=400|gain=0.5,400.0,0.5,rolling_01,661,81,2023-01-17,2023-05-16,2023-05-16,c091b20a75f839b3e69f3a52cec4ef0edb118468d8787bd77266163bd234f062,40d2e5dc2ae0a43124e2b3a8d22ff61ff44a0cb93c96228c037f9168161df309,81,8.900433740672828,13.52665679656312,0.8225208468562493,0.7897570818836652,8.497641695261386,12.959688539928031,False
outer::leave_profile_out_P-V02,q=400|gain=0.5,400.0,0.5,rolling_02,742,14,2023-05-16,2023-07-25,2023-07-25,28a3ffd8be54fb824a3e9a419e89e7473c7a5299fcd2b0af0fa44fa9b4192fe4,eee99ecbe76acf0c2c4a815bd89561498ad4893f0703a5e098d5d541405fbae9,14,12.693450606861663,17.55588637228441,-11.731917953970727,0.7983395391749479,8.497641695261386,12.959688539928031,False
outer::leave_profile_out_P-V02,q=400|gain=0.5,400.0,0.5,rolling_03,756,81,2023-07-25,2023-11-07,2023-11-07,c6f58472f52284bb759f1fc7cbdd8a3b54aa593d0df1e0e6a9da113cb514aa3f,ba8a8b64516ed0f7da74dc8804415e39aa7dbd8837fb76a390903c90d3274885,81,7.369648109573354,11.344377375608326,2.360622084448444,0.9046708194459222,8.497641695261386,12.959688539928031,False
outer::leave_profile_out_P-V02,q=0.5|gain=0.25,0.5,0.25,rolling_01,661,81,2023-01-17,2023-05-16,2023-05-16,c091b20a75f839b3e69f3a52cec4ef0edb118468d8787bd77266163bd234f062,40d2e5dc2ae0a43124e2b3a8d22ff61ff44a0cb93c96228c037f9168161df309,81,7.0288681718553105,12.207651775158398,-1.6042062890615318,0.8287602052500843,8.797068186342045,15.827948951986357,False
outer::leave_profile_out_P-V02,q=0.5|gain=0.25,0.5,0.25,rolling_02,742,14,2023-05-16,2023-07-25,2023-07-25,28a3ffd8be54fb824a3e9a419e89e7473c7a5299fcd2b0af0fa44fa9b4192fe4,eee99ecbe76acf0c2c4a815bd89561498ad4893f0703a5e098d5d541405fbae9,14,18.83650893559537,28.551805647286916,-15.8897317543179,0.4666130448059418,8.797068186342045,15.827948951986357,False
outer::leave_profile_out_P-V02,q=0.5|gain=0.25,0.5,0.25,rolling_03,756,81,2023-07-25,2023-11-07,2023-11-07,c6f58472f52284bb759f1fc7cbdd8a3b54aa593d0df1e0e6a9da113cb514aa3f,ba8a8b64516ed0f7da74dc8804415e39aa7dbd8837fb76a390903c90d3274885,81,8.830056219476353,15.95060747388589,-1.9422930574408797,0.8115400875323117,8.797068186342045,15.827948951986357,False
outer::leave_profile_out_P-V02,q=0.5|gain=0.5,0.5,0.5,rolling_01,661,81,2023-01-17,2023-05-16,2023-05-16,c091b20a75f839b3e69f3a52cec4ef0edb118468d8787bd77266163bd234f062,40d2e5dc2ae0a43124e2b3a8d22ff61ff44a0cb93c96228c037f9168161df309,81,7.387316875858313,11.34953579632216,-0.9680960627603451,0.8519881007007654,8.881471527588797,14.910889896340587,False
outer::leave_profile_out_P-V02,q=0.5|gain=0.5,0.5,0.5,rolling_02,742,14,2023-05-16,2023-07-25,2023-07-25,28a3ffd8be54fb824a3e9a419e89e7473c7a5299fcd2b0af0fa44fa9b4192fe4,eee99ecbe76acf0c2c4a815bd89561498ad4893f0703a5e098d5d541405fbae9,14,18.29415969195711,27.456163321046528,-15.53943686812659,0.506763812920112,8.881471527588797,14.910889896340587,False
outer::leave_profile_out_P-V02,q=0.5|gain=0.5,0.5,0.5,rolling_03,756,81,2023-07-25,2023-11-07,2023-11-07,c6f58472f52284bb759f1fc7cbdd8a3b54aa593d0df1e0e6a9da113cb514aa3f,ba8a8b64516ed0f7da74dc8804415e39aa7dbd8837fb76a390903c90d3274885,81,8.748741805230926,14.96636333670174,-1.1483100754824767,0.8340806268065057,8.881471527588797,14.910889896340587,False
outer::leave_profile_out_P-V02,q=0.5|gain=0,0.5,0.0,rolling_01,661,81,2023-01-17,2023-05-16,2023-05-16,c091b20a75f839b3e69f3a52cec4ef0edb118468d8787bd77266163bd234f062,40d2e5dc2ae0a43124e2b3a8d22ff61ff44a0cb93c96228c037f9168161df309,81,7.2341238543623,13.894449854501703,-2.240316515362719,0.7781685361437053,9.0027216975863,17.225255317720418,False
outer::leave_profile_out_P-V02,q=0.5|gain=0,0.5,0.0,rolling_02,742,14,2023-05-16,2023-07-25,2023-07-25,28a3ffd8be54fb824a3e9a419e89e7473c7a5299fcd2b0af0fa44fa9b4192fe4,eee99ecbe76acf0c2c4a815bd89561498ad4893f0703a5e098d5d541405fbae9,14,19.37885817923363,29.65594356813982,-16.240026640509203,0.4245617507830658,9.0027216975863,17.225255317720418,False
outer::leave_profile_out_P-V02,q=0.5|gain=0,0.5,0.0,rolling_03,756,81,2023-07-25,2023-11-07,2023-11-07,c6f58472f52284bb759f1fc7cbdd8a3b54aa593d0df1e0e6a9da113cb514aa3f,ba8a8b64516ed0f7da74dc8804415e39aa7dbd8837fb76a390903c90d3274885,81,8.97791323534039,17.310060420097468,-2.736276039399284,0.7780466536205497,9.0027216975863,17.225255317720418,False
outer::leave_profile_out_P-V03,q=10|gain=0,10.0,0.0,rolling_01,672,81,2023-01-17,2023-05-16,2023-05-16,7799a4a00b29a0180cc16c515747b3043af390a492a56e66d46a00106c30059a,c0070a7045cb1c2b7f8cf7c615a2cc3a5b1eced676b8d1fd8fb234b2ce19bee6,81,5.347723717162504,8.672468893899559,-2.1316501797952343,0.9131764510774754,6.888425131116847,11.962763493741228,True
outer::leave_profile_out_P-V03,q=10|gain=0,10.0,0.0,rolling_02,753,14,2023-05-16,2023-07-25,2023-07-25,83d5ada789f8ded8219683e0ee637ca01c381f6b72abfaf5d620e3e4f8d2ece7,eee99ecbe76acf0c2c4a815bd89561498ad4893f0703a5e098d5d541405fbae9,14,13.986097998733635,21.126339959013265,-12.801283220290216,0.7079724930833464,6.888425131116847,11.962763493741228,True
outer::leave_profile_out_P-V03,q=10|gain=0,10.0,0.0,rolling_03,767,81,2023-07-25,2023-11-07,2023-11-07,cb21df7edf39a60b0392d774776b04a74312d4592d8ea40d548aa0d182922d2e,deaff7b4ace1a2bb735e7e9d3223317c539f6b32635339ca5f69aae218e3e4a1,81,7.202368271655941,12.593500487491214,-0.48419739110472937,0.8830279822981891,6.888425131116847,11.962763493741228,True
outer::leave_profile_out_P-V03,q=25|gain=0,25.0,0.0,rolling_01,672,81,2023-01-17,2023-05-16,2023-05-16,7799a4a00b29a0180cc16c515747b3043af390a492a56e66d46a00106c30059a,c0070a7045cb1c2b7f8cf7c615a2cc3a5b1eced676b8d1fd8fb234b2ce19bee6,81,5.859776414082975,8.753892515483322,-1.9943508740404265,0.911538468930241,6.902462480907448,11.354697213993703,False
outer::leave_profile_out_P-V03,q=25|gain=0,25.0,0.0,rolling_02,753,14,2023-05-16,2023-07-25,2023-07-25,83d5ada789f8ded8219683e0ee637ca01c381f6b72abfaf5d620e3e4f8d2ece7,eee99ecbe76acf0c2c4a815bd89561498ad4893f0703a5e098d5d541405fbae9,14,13.33271249295424,20.00227834941667,-12.411798159570536,0.7382213848589758,6.902462480907448,11.354697213993703,False
outer::leave_profile_out_P-V03,q=25|gain=0,25.0,0.0,rolling_03,767,81,2023-07-25,2023-11-07,2023-11-07,cb21df7edf39a60b0392d774776b04a74312d4592d8ea40d548aa0d182922d2e,deaff7b4ace1a2bb735e7e9d3223317c539f6b32635339ca5f69aae218e3e4a1,81,6.833747311081856,11.591382961754796,0.07765743547116744,0.9009032152762626,6.902462480907448,11.354697213993703,False
outer::leave_profile_out_P-V03,q=10|gain=0.25,10.0,0.25,rolling_01,672,81,2023-01-17,2023-05-16,2023-05-16,7799a4a00b29a0180cc16c515747b3043af390a492a56e66d46a00106c30059a,c0070a7045cb1c2b7f8cf7c615a2cc3a5b1eced676b8d1fd8fb234b2ce19bee6,81,5.895963630537162,8.291486408571373,-1.8973293648990712,0.9206372298450014,6.979260191744718,11.225641269201786,False
outer::leave_profile_out_P-V03,q=10|gain=0.25,10.0,0.25,rolling_02,753,14,2023-05-16,2023-07-25,2023-07-25,83d5ada789f8ded8219683e0ee637ca01c381f6b72abfaf5d620e3e4f8d2ece7,eee99ecbe76acf0c2c4a815bd89561498ad4893f0703a5e098d5d541405fbae9,14,13.511335914383531,20.06510151005354,-12.450988334098913,0.736574413836373,6.979260191744718,11.225641269201786,False
outer::leave_profile_out_P-V03,q=10|gain=0.25,10.0,0.25,rolling_03,767,81,2023-07-25,2023-11-07,2023-11-07,cb21df7edf39a60b0392d774776b04a74312d4592d8ea40d548aa0d182922d2e,deaff7b4ace1a2bb735e7e9d3223317c539f6b32635339ca5f69aae218e3e4a1,81,6.933556010767787,11.639375051515913,0.5351006627389465,0.9000809307896993,6.979260191744718,11.225641269201786,False
outer::leave_profile_out_P-V03,q=100|gain=0,100.0,0.0,rolling_01,672,81,2023-01-17,2023-05-16,2023-05-16,7799a4a00b29a0180cc16c515747b3043af390a492a56e66d46a00106c30059a,c0070a7045cb1c2b7f8cf7c615a2cc3a5b1eced676b8d1fd8fb234b2ce19bee6,81,6.596739964615735,9.978220298339696,-1.739693647180729,0.8850634364549703,7.061721705231788,11.37436307194215,False
outer::leave_profile_out_P-V03,q=100|gain=0,100.0,0.0,rolling_02,753,14,2023-05-16,2023-07-25,2023-07-25,83d5ada789f8ded8219683e0ee637ca01c381f6b72abfaf5d620e3e4f8d2ece7,eee99ecbe76acf0c2c4a815bd89561498ad4893f0703a5e098d5d541405fbae9,14,13.229411086996315,19.43098477750479,-12.343407019700376,0.752961378185928,7.061721705231788,11.37436307194215,False
outer::leave_profile_out_P-V03,q=100|gain=0,100.0,0.0,rolling_03,767,81,2023-07-25,2023-11-07,2023-11-07,cb21df7edf39a60b0392d774776b04a74312d4592d8ea40d548aa0d182922d2e,deaff7b4ace1a2bb735e7e9d3223317c539f6b32635339ca5f69aae218e3e4a1,81,6.460683058876195,10.78382426807741,0.9710350613993641,0.914230148381502,7.061721705231788,11.37436307194215,False
outer::leave_profile_out_P-V03,q=25|gain=0.25,25.0,0.25,rolling_01,672,81,2023-01-17,2023-05-16,2023-05-16,7799a4a00b29a0180cc16c515747b3043af390a492a56e66d46a00106c30059a,c0070a7045cb1c2b7f8cf7c615a2cc3a5b1eced676b8d1fd8fb234b2ce19bee6,81,6.497865205069482,9.096414713232516,-1.7600300591442637,0.9044803909975117,7.096875931854846,11.036379598931466,False
outer::leave_profile_out_P-V03,q=25|gain=0.25,25.0,0.25,rolling_02,753,14,2023-05-16,2023-07-25,2023-07-25,83d5ada789f8ded8219683e0ee637ca01c381f6b72abfaf5d620e3e4f8d2ece7,eee99ecbe76acf0c2c4a815bd89561498ad4893f0703a5e098d5d541405fbae9,14,12.92860049746021,18.965565663547064,-12.061503273379229,0.7646539933668365,7.096875931854846,11.036379598931466,False
outer::leave_profile_out_P-V03,q=25|gain=0.25,25.0,0.25,rolling_03,767,81,2023-07-25,2023-11-07,2023-11-07,cb21df7edf39a60b0392d774776b04a74312d4592d8ea40d548aa0d182922d2e,deaff7b4ace1a2bb735e7e9d3223317c539f6b32635339ca5f69aae218e3e4a1,81,6.687934264584961,10.94265162649217,1.0969554893148439,0.9116850553867352,7.096875931854846,11.036379598931466,False
outer::leave_profile_out_P-V03,q=400|gain=0,400.0,0.0,rolling_01,672,81,2023-01-17,2023-05-16,2023-05-16,7799a4a00b29a0180cc16c515747b3043af390a492a56e66d46a00106c30059a,c0070a7045cb1c2b7f8cf7c615a2cc3a5b1eced676b8d1fd8fb234b2ce19bee6,81,6.75125354412277,10.625722503172376,-1.549828087907642,0.8696626244602549,7.122444102205627,11.65409672615565,False
outer::leave_profile_out_P-V03,q=400|gain=0,400.0,0.0,rolling_02,753,14,2023-05-16,2023-07-25,2023-07-25,83d5ada789f8ded8219683e0ee637ca01c381f6b72abfaf5d620e3e4f8d2ece7,eee99ecbe76acf0c2c4a815bd89561498ad4893f0703a5e098d5d541405fbae9,14,13.38998691443338,19.53850993324338,-12.429681073762872,0.7502197403330171,7.122444102205627,11.65409672615565,False
outer::leave_profile_out_P-V03,q=400|gain=0,400.0,0.0,rolling_03,767,81,2023-07-25,2023-11-07,2023-11-07,cb21df7edf39a60b0392d774776b04a74312d4592d8ea40d548aa0d182922d2e,deaff7b4ace1a2bb735e7e9d3223317c539f6b32635339ca5f69aae218e3e4a1,81,6.4103556557059065,10.780659034590279,1.4734912385909198,0.9142804907753646,7.122444102205627,11.65409672615565,False
outer::leave_profile_out_P-V03,q=2|gain=0.25,2.0,0.25,rolling_01,672,81,2023-01-17,2023-05-16,2023-05-16,7799a4a00b29a0180cc16c515747b3043af390a492a56e66d46a00106c30059a,c0070a7045cb1c2b7f8cf7c615a2cc3a5b1eced676b8d1fd8fb234b2ce19bee6,81,6.000913301640927,9.524915580888019,-2.136685606160956,0.8952692285583231,7.531052541469292,13.035474385639917,False
outer::leave_profile_out_P-V03,q=2|gain=0.25,2.0,0.25,rolling_02,753,14,2023-05-16,2023-07-25,2023-07-25,83d5ada789f8ded8219683e0ee637ca01c381f6b72abfaf5d620e3e4f8d2ece7,eee99ecbe76acf0c2c4a815bd89561498ad4893f0703a5e098d5d541405fbae9,14,15.785640737864608,23.800546325247808,-14.109089097893866,0.6293627328976745,7.531052541469292,13.035474385639917,False
outer::leave_profile_out_P-V03,q=2|gain=0.25,2.0,0.25,rolling_03,767,81,2023-07-25,2023-11-07,2023-11-07,cb21df7edf39a60b0392d774776b04a74312d4592d8ea40d548aa0d182922d2e,deaff7b4ace1a2bb735e7e9d3223317c539f6b32635339ca5f69aae218e3e4a1,81,7.6344728337725405,13.438190848040186,-0.40474406847052197,0.8668102928872227,7.531052541469292,13.035474385639917,False
outer::leave_profile_out_P-V03,q=100|gain=0.25,100.0,0.25,rolling_01,672,81,2023-01-17,2023-05-16,2023-05-16,7799a4a00b29a0180cc16c515747b3043af390a492a56e66d46a00106c30059a,c0070a7045cb1c2b7f8cf7c615a2cc3a5b1eced676b8d1fd8fb234b2ce19bee6,81,7.537368058530178,11.075116395225786,-1.5053728322845659,0.8584047676540851,7.540328641795423,11.650373277008498,False
outer::leave_profile_out_P-V03,q=100|gain=0.25,100.0,0.25,rolling_02,753,14,2023-05-16,2023-07-25,2023-07-25,83d5ada789f8ded8219683e0ee637ca01c381f6b72abfaf5d620e3e4f8d2ece7,eee99ecbe76acf0c2c4a815bd89561498ad4893f0703a5e098d5d541405fbae9,14,12.868888592465817,18.42164195169249,-11.993112133509067,0.7779596482377411,7.540328641795423,11.650373277008498,False
outer::leave_profile_out_P-V03,q=100|gain=0.25,100.0,0.25,rolling_03,767,81,2023-07-25,2023-11-07,2023-11-07,cb21df7edf39a60b0392d774776b04a74312d4592d8ea40d548aa0d182922d2e,deaff7b4ace1a2bb735e7e9d3223317c539f6b32635339ca5f69aae218e3e4a1,81,6.622303554574426,10.658781698812879,1.9903331152430401,0.9162076848820321,7.540328641795423,11.650373277008498,False
outer::leave_profile_out_P-V03,q=10|gain=0.5,10.0,0.5,rolling_01,672,81,2023-01-17,2023-05-16,2023-05-16,7799a4a00b29a0180cc16c515747b3043af390a492a56e66d46a00106c30059a,c0070a7045cb1c2b7f8cf7c615a2cc3a5b1eced676b8d1fd8fb234b2ce19bee6,81,7.164240044298319,9.425116183368893,-1.6630085500029088,0.8974524103164037,7.613584913750675,11.336890299147775,False
outer::leave_profile_out_P-V03,q=10|gain=0.5,10.0,0.5,rolling_02,753,14,2023-05-16,2023-07-25,2023-07-25,83d5ada789f8ded8219683e0ee637ca01c381f6b72abfaf5d620e3e4f8d2ece7,eee99ecbe76acf0c2c4a815bd89561498ad4893f0703a5e098d5d541405fbae9,14,13.045874226247793,19.021015717923408,-12.100693447907606,0.7632758086806939,7.613584913750675,11.336890299147775,False
outer::leave_profile_out_P-V03,q=10|gain=0.5,10.0,0.5,rolling_03,767,81,2023-07-25,2023-11-07,2023-11-07,cb21df7edf39a60b0392d774776b04a74312d4592d8ea40d548aa0d182922d2e,deaff7b4ace1a2bb735e7e9d3223317c539f6b32635339ca5f69aae218e3e4a1,81,7.124015581043033,11.309217155021091,1.5543987165826232,0.9056690645395518,7.613584913750675,11.336890299147775,False
outer::leave_profile_out_P-V03,q=2|gain=0,2.0,0.0,rolling_01,672,81,2023-01-17,2023-05-16,2023-05-16,7799a4a00b29a0180cc16c515747b3043af390a492a56e66d46a00106c30059a,c0070a7045cb1c2b7f8cf7c615a2cc3a5b1eced676b8d1fd8fb234b2ce19bee6,81,5.8527342076883535,10.9024453488141,-2.371006421057119,0.8627855438018657,7.635573331472595,14.261207520923211,False
outer::leave_profile_out_P-V03,q=2|gain=0,2.0,0.0,rolling_02,753,14,2023-05-16,2023-07-25,2023-07-25,83d5ada789f8ded8219683e0ee637ca01c381f6b72abfaf5d620e3e4f8d2ece7,eee99ecbe76acf0c2c4a815bd89561498ad4893f0703a5e098d5d541405fbae9,14,16.26152277140359,24.894503047609696,-14.459383984085177,0.5945081263512206,7.635573331472595,14.261207520923211,False
outer::leave_profile_out_P-V03,q=2|gain=0,2.0,0.0,rolling_03,767,81,2023-07-25,2023-11-07,2023-11-07,cb21df7edf39a60b0392d774776b04a74312d4592d8ea40d548aa0d182922d2e,deaff7b4ace1a2bb735e7e9d3223317c539f6b32635339ca5f69aae218e3e4a1,81,7.92750761378728,14.694839357404076,-1.424042122314198,0.8407355888531765,7.635573331472595,14.261207520923211,False
outer::leave_profile_out_P-V03,q=25|gain=0.5,25.0,0.5,rolling_01,672,81,2023-01-17,2023-05-16,2023-05-16,7799a4a00b29a0180cc16c515747b3043af390a492a56e66d46a00106c30059a,c0070a7045cb1c2b7f8cf7c615a2cc3a5b1eced676b8d1fd8fb234b2ce19bee6,81,7.851421581568903,10.742714980683472,-1.5257092442481008,0.8667767147686583,7.863492143491905,11.58779309163014,False
outer::leave_profile_out_P-V03,q=25|gain=0.5,25.0,0.5,rolling_02,753,14,2023-05-16,2023-07-25,2023-07-25,83d5ada789f8ded8219683e0ee637ca01c381f6b72abfaf5d620e3e4f8d2ece7,eee99ecbe76acf0c2c4a815bd89561498ad4893f0703a5e098d5d541405fbae9,14,12.54220545068711,17.94989984643012,-11.71120838718792,0.7891860759659916,7.863492143491905,11.58779309163014,False
outer::leave_profile_out_P-V03,q=25|gain=0.5,25.0,0.5,rolling_03,767,81,2023-07-25,2023-11-07,2023-11-07,cb21df7edf39a60b0392d774776b04a74312d4592d8ea40d548aa0d182922d2e,deaff7b4ace1a2bb735e7e9d3223317c539f6b32635339ca5f69aae218e3e4a1,81,7.0668962078749935,10.984882078549902,2.1162535431585194,0.9110020807555499,7.863492143491905,11.58779309163014,False
outer::leave_profile_out_P-V03,q=400|gain=0.25,400.0,0.25,rolling_01,672,81,2023-01-17,2023-05-16,2023-05-16,7799a4a00b29a0180cc16c515747b3043af390a492a56e66d46a00106c30059a,c0070a7045cb1c2b7f8cf7c615a2cc3a5b1eced676b8d1fd8fb234b2ce19bee6,81,7.938407280231678,12.001631695706028,-1.315507273011479,0.8337228307928102,7.921208981943897,12.180139866043787,False
outer::leave_profile_out_P-V03,q=400|gain=0.25,400.0,0.25,rolling_02,753,14,2023-05-16,2023-07-25,2023-07-25,83d5ada789f8ded8219683e0ee637ca01c381f6b72abfaf5d620e3e4f8d2ece7,eee99ecbe76acf0c2c4a815bd89561498ad4893f0703a5e098d5d541405fbae9,14,13.014936440354804,18.531788392696058,-12.079386187571561,0.7752964686013518,7.921208981943897,12.180139866043787,False
outer::leave_profile_out_P-V03,q=400|gain=0.25,400.0,0.25,rolling_03,767,81,2023-07-25,2023-11-07,2023-11-07,cb21df7edf39a60b0392d774776b04a74312d4592d8ea40d548aa0d182922d2e,deaff7b4ace1a2bb735e7e9d3223317c539f6b32635339ca5f69aae218e3e4a1,81,7.023613345165341,10.906714034224182,2.492789292434595,0.912264186456005,7.921208981943897,12.180139866043787,False
outer::leave_profile_out_P-V03,q=2|gain=0.5,2.0,0.5,rolling_01,672,81,2023-01-17,2023-05-16,2023-05-16,7799a4a00b29a0180cc16c515747b3043af390a492a56e66d46a00106c30059a,c0070a7045cb1c2b7f8cf7c615a2cc3a5b1eced676b8d1fd8fb234b2ce19bee6,81,6.7982076899632995,9.440961662924941,-1.9023647912647932,0.8971073150186567,7.9436217791532755,12.492713604937803,False
outer::leave_profile_out_P-V03,q=2|gain=0.5,2.0,0.5,rolling_02,753,14,2023-05-16,2023-07-25,2023-07-25,83d5ada789f8ded8219683e0ee637ca01c381f6b72abfaf5d620e3e4f8d2ece7,eee99ecbe76acf0c2c4a815bd89561498ad4893f0703a5e098d5d541405fbae9,14,15.310878653514504,22.717843439923378,-13.758794211702561,0.6623168135354227,7.9436217791532755,12.492713604937803,False
outer::leave_profile_out_P-V03,q=2|gain=0.5,2.0,0.5,rolling_03,767,81,2023-07-25,2023-11-07,2023-11-07,cb21df7edf39a60b0392d774776b04a74312d4592d8ea40d548aa0d182922d2e,deaff7b4ace1a2bb735e7e9d3223317c539f6b32635339ca5f69aae218e3e4a1,81,7.815682828330198,12.679754997828349,0.6145539853731534,0.8814201821796112,7.9436217791532755,12.492713604937803,False
outer::leave_profile_out_P-V03,q=100|gain=0.5,100.0,0.5,rolling_01,672,81,2023-01-17,2023-05-16,2023-05-16,7799a4a00b29a0180cc16c515747b3043af390a492a56e66d46a00106c30059a,c0070a7045cb1c2b7f8cf7c615a2cc3a5b1eced676b8d1fd8fb234b2ce19bee6,81,8.96224734188966,13.126254761812664,-1.271052017388404,0.8011005005570759,8.579377163436014,12.715699270877408,False
outer::leave_profile_out_P-V03,q=100|gain=0.5,100.0,0.5,rolling_02,753,14,2023-05-16,2023-07-25,2023-07-25,83d5ada789f8ded8219683e0ee637ca01c381f6b72abfaf5d620e3e4f8d2ece7,eee99ecbe76acf0c2c4a815bd89561498ad4893f0703a5e098d5d541405fbae9,14,12.54418181132584,17.43718144531606,-11.642817247317756,0.8010573923808486,8.579377163436014,12.715699270877408,False
outer::leave_profile_out_P-V03,q=100|gain=0.5,100.0,0.5,rolling_03,767,81,2023-07-25,2023-11-07,2023-11-07,cb21df7edf39a60b0392d774776b04a74312d4592d8ea40d548aa0d182922d2e,deaff7b4ace1a2bb735e7e9d3223317c539f6b32635339ca5f69aae218e3e4a1,81,7.5112321075693105,11.246018529652355,3.0096311690867155,0.9067204066409045,8.579377163436014,12.715699270877408,False
outer::leave_profile_out_P-V03,q=400|gain=0.5,400.0,0.5,rolling_01,672,81,2023-01-17,2023-05-16,2023-05-16,7799a4a00b29a0180cc16c515747b3043af390a492a56e66d46a00106c30059a,c0070a7045cb1c2b7f8cf7c615a2cc3a5b1eced676b8d1fd8fb234b2ce19bee6,81,9.484022014667245,14.202795008833197,-1.081186458115317,0.7671374388292416,9.038683966807966,13.434894568349709,False
outer::leave_profile_out_P-V03,q=400|gain=0.5,400.0,0.5,rolling_02,753,14,2023-05-16,2023-07-25,2023-07-25,83d5ada789f8ded8219683e0ee637ca01c381f6b72abfaf5d620e3e4f8d2ece7,eee99ecbe76acf0c2c4a815bd89561498ad4893f0703a5e098d5d541405fbae9,14,12.69022965921483,17.55009041115352,-11.729091301380254,0.7984726709609808,9.038683966807966,13.434894568349709,False
outer::leave_profile_out_P-V03,q=400|gain=0.5,400.0,0.5,rolling_03,767,81,2023-07-25,2023-11-07,2023-11-07,cb21df7edf39a60b0392d774776b04a74312d4592d8ea40d548aa0d182922d2e,deaff7b4ace1a2bb735e7e9d3223317c539f6b32635339ca5f69aae218e3e4a1,81,7.962214564705523,11.714723933441848,3.5120873462782716,0.8987830673949876,9.038683966807966,13.434894568349709,False
outer::leave_profile_out_P-V03,q=0.5|gain=0.25,0.5,0.25,rolling_01,672,81,2023-01-17,2023-05-16,2023-05-16,7799a4a00b29a0180cc16c515747b3043af390a492a56e66d46a00106c30059a,c0070a7045cb1c2b7f8cf7c615a2cc3a5b1eced676b8d1fd8fb234b2ce19bee6,81,7.2149290680251505,12.305488889869903,-2.0932489360852258,0.8251966395275903,9.053638428474652,15.948343256854084,False
outer::leave_profile_out_P-V03,q=0.5|gain=0.25,0.5,0.25,rolling_02,753,14,2023-05-16,2023-07-25,2023-07-25,83d5ada789f8ded8219683e0ee637ca01c381f6b72abfaf5d620e3e4f8d2ece7,eee99ecbe76acf0c2c4a815bd89561498ad4893f0703a5e098d5d541405fbae9,14,18.925789278187715,28.688626605027572,-15.943496929963304,0.461488789451973,9.053638428474652,15.948343256854084,False
outer::leave_profile_out_P-V03,q=0.5|gain=0.25,0.5,0.25,rolling_03,767,81,2023-07-25,2023-11-07,2023-11-07,cb21df7edf39a60b0392d774776b04a74312d4592d8ea40d548aa0d182922d2e,deaff7b4ace1a2bb735e7e9d3223317c539f6b32635339ca5f69aae218e3e4a1,81,9.186050111195968,16.092935000475777,-1.275183799265227,0.808988476280885,9.053638428474652,15.948343256854084,False
outer::leave_profile_out_P-V03,q=0.5|gain=0,0.5,0.0,rolling_01,672,81,2023-01-17,2023-05-16,2023-05-16,7799a4a00b29a0180cc16c515747b3043af390a492a56e66d46a00106c30059a,c0070a7045cb1c2b7f8cf7c615a2cc3a5b1eced676b8d1fd8fb234b2ce19bee6,81,7.422435689708967,14.037491383622928,-2.327569750981388,0.7725263807970979,9.208859045466449,17.364564312493602,False
outer::leave_profile_out_P-V03,q=0.5|gain=0,0.5,0.0,rolling_02,753,14,2023-05-16,2023-07-25,2023-07-25,83d5ada789f8ded8219683e0ee637ca01c381f6b72abfaf5d620e3e4f8d2ece7,eee99ecbe76acf0c2c4a815bd89561498ad4893f0703a5e098d5d541405fbae9,14,19.468138521825978,29.79232166191499,-16.293791816154616,0.4192570726905288,9.208859045466449,17.364564312493602,False
outer::leave_profile_out_P-V03,q=0.5|gain=0,0.5,0.0,rolling_03,767,81,2023-07-25,2023-11-07,2023-11-07,cb21df7edf39a60b0392d774776b04a74312d4592d8ea40d548aa0d182922d2e,deaff7b4ace1a2bb735e7e9d3223317c539f6b32635339ca5f69aae218e3e4a1,81,9.2220736028408,17.45599269916357,-2.2944818531089033,0.7752611481077825,9.208859045466449,17.364564312493602,False
outer::leave_profile_out_P-V03,q=0.5|gain=0.5,0.5,0.5,rolling_01,672,81,2023-01-17,2023-05-16,2023-05-16,7799a4a00b29a0180cc16c515747b3043af390a492a56e66d46a00106c30059a,c0070a7045cb1c2b7f8cf7c615a2cc3a5b1eced676b8d1fd8fb234b2ce19bee6,81,7.639190727734764,11.504172606091467,-1.8589281211890631,0.8472212999619586,9.219117969291194,15.059015896354117,False
outer::leave_profile_out_P-V03,q=0.5|gain=0.5,0.5,0.5,rolling_02,753,14,2023-05-16,2023-07-25,2023-07-25,83d5ada789f8ded8219683e0ee637ca01c381f6b72abfaf5d620e3e4f8d2ece7,eee99ecbe76acf0c2c4a815bd89561498ad4893f0703a5e098d5d541405fbae9,14,18.38344003454946,27.59342031619435,-15.593202043772001,0.5018199803047112,9.219117969291194,15.059015896354117,False
outer::leave_profile_out_P-V03,q=0.5|gain=0.5,0.5,0.5,rolling_03,767,81,2023-07-25,2023-11-07,2023-11-07,cb21df7edf39a60b0392d774776b04a74312d4592d8ea40d548aa0d182922d2e,deaff7b4ace1a2bb735e7e9d3223317c539f6b32635339ca5f69aae218e3e4a1,81,9.215088310679526,15.12606944166221,-0.2558857454215511,0.8312509897123299,9.219117969291194,15.059015896354117,False
outer::leave_profile_out_P-V04,q=25|gain=0,25.0,0.0,rolling_01,680,81,2023-01-17,2023-05-16,2023-05-16,56f2600608a1acdeda35757e49c11792d166f52aa1cf1d9b6d557b1295b86bce,f27339ec39b5ec1e1c76e6d18f5a0eb9f0c05399bfcfb068e1f7037cfd71afd8,81,5.596467683416652,8.650500994149482,-1.305040375835471,0.9088846315666752,6.687269813711309,11.290648861503511,True
outer::leave_profile_out_P-V04,q=25|gain=0,25.0,0.0,rolling_02,761,14,2023-05-16,2023-07-25,2023-07-25,caecb6ab0223e0d9e18b01e6d0f9ce8cacef14e51522ed189387c60c46bc70ad,eee99ecbe76acf0c2c4a815bd89561498ad4893f0703a5e098d5d541405fbae9,14,13.331981269291356,20.00095858284549,-12.411314470979695,0.7382559284506139,6.687269813711309,11.290648861503511,True
outer::leave_profile_out_P-V04,q=25|gain=0,25.0,0.0,rolling_03,775,81,2023-07-25,2023-11-07,2023-11-07,5ab2d60a815b32c5e57293f485abddaa3ffe9838372bd297bbffc474ff798d4b,293e75f7a40bc8bba6bbc52c287fd4cca98dfbe3f8343e531284fefcbb785594,81,6.629603297362498,11.53331134601497,-0.3442816310157658,0.8965062517135296,6.687269813711309,11.290648861503511,True
outer::leave_profile_out_P-V04,q=10|gain=0,10.0,0.0,rolling_01,680,81,2023-01-17,2023-05-16,2023-05-16,56f2600608a1acdeda35757e49c11792d166f52aa1cf1d9b6d557b1295b86bce,f27339ec39b5ec1e1c76e6d18f5a0eb9f0c05399bfcfb068e1f7037cfd71afd8,81,5.1138004556235295,8.578302583352968,-1.5730234693174547,0.9103992103637107,6.724440019141638,11.916126862508923,False
outer::leave_profile_out_P-V04,q=10|gain=0,10.0,0.0,rolling_02,761,14,2023-05-16,2023-07-25,2023-07-25,caecb6ab0223e0d9e18b01e6d0f9ce8cacef14e51522ed189387c60c46bc70ad,eee99ecbe76acf0c2c4a815bd89561498ad4893f0703a5e098d5d541405fbae9,14,13.984755171117655,21.124123196639953,-12.800197680380817,0.7080337740839763,6.724440019141638,11.916126862508923,False
outer::leave_profile_out_P-V04,q=10|gain=0,10.0,0.0,rolling_03,775,81,2023-07-25,2023-11-07,2023-11-07,5ab2d60a815b32c5e57293f485abddaa3ffe9838372bd297bbffc474ff798d4b,293e75f7a40bc8bba6bbc52c287fd4cca98dfbe3f8343e531284fefcbb785594,81,7.080210297133027,12.562529307766416,-0.8086962003402312,0.8772107745239852,6.724440019141638,11.916126862508923,False
outer::leave_profile_out_P-V04,q=10|gain=0.25,10.0,0.25,rolling_01,680,81,2023-01-17,2023-05-16,2023-05-16,56f2600608a1acdeda35757e49c11792d166f52aa1cf1d9b6d557b1295b86bce,f27339ec39b5ec1e1c76e6d18f5a0eb9f0c05399bfcfb068e1f7037cfd71afd8,81,5.645367620290608,8.175630547879877,-1.062044892698389,0.9186136390312608,6.760266928966883,11.15529357087584,False
outer::leave_profile_out_P-V04,q=10|gain=0.25,10.0,0.25,rolling_02,761,14,2023-05-16,2023-07-25,2023-07-25,caecb6ab0223e0d9e18b01e6d0f9ce8cacef14e51522ed189387c60c46bc70ad,eee99ecbe76acf0c2c4a815bd89561498ad4893f0703a5e098d5d541405fbae9,14,13.509993086767551,20.0629200352861,-12.449902794189505,0.7366316899015606,6.760266928966883,11.15529357087584,False
outer::leave_profile_out_P-V04,q=10|gain=0.25,10.0,0.25,rolling_03,775,81,2023-07-25,2023-11-07,2023-11-07,5ab2d60a815b32c5e57293f485abddaa3ffe9838372bd297bbffc474ff798d4b,293e75f7a40bc8bba6bbc52c287fd4cca98dfbe3f8343e531284fefcbb785594,81,6.708546901726991,11.57484222261081,0.029409065882839813,0.8957595581169079,6.760266928966883,11.15529357087584,False
outer::leave_profile_out_P-V04,q=100|gain=0,100.0,0.0,rolling_01,680,81,2023-01-17,2023-05-16,2023-05-16,56f2600608a1acdeda35757e49c11792d166f52aa1cf1d9b6d557b1295b86bce,f27339ec39b5ec1e1c76e6d18f5a0eb9f0c05399bfcfb068e1f7037cfd71afd8,81,6.381154294352288,9.89740908960858,-0.8565061398404767,0.8807242495978169,6.831507238126802,11.301002558673037,False
outer::leave_profile_out_P-V04,q=100|gain=0,100.0,0.0,rolling_02,761,14,2023-05-16,2023-07-25,2023-07-25,caecb6ab0223e0d9e18b01e6d0f9ce8cacef14e51522ed189387c60c46bc70ad,eee99ecbe76acf0c2c4a815bd89561498ad4893f0703a5e098d5d541405fbae9,14,13.229426698529286,19.43075241071056,-12.34341030606833,0.7529672866079691,6.831507238126802,11.301002558673037,False
outer::leave_profile_out_P-V04,q=100|gain=0,100.0,0.0,rolling_03,775,81,2023-07-25,2023-11-07,2023-11-07,5ab2d60a815b32c5e57293f485abddaa3ffe9838372bd297bbffc474ff798d4b,293e75f7a40bc8bba6bbc52c287fd4cca98dfbe3f8343e531284fefcbb785594,81,6.176046941831748,10.690375712702911,0.40305623571902505,0.9110815217635012,6.831507238126802,11.301002558673037,False
outer::leave_profile_out_P-V04,q=25|gain=0.25,25.0,0.25,rolling_01,680,81,2023-01-17,2023-05-16,2023-05-16,56f2600608a1acdeda35757e49c11792d166f52aa1cf1d9b6d557b1295b86bce,f27339ec39b5ec1e1c76e6d18f5a0eb9f0c05399bfcfb068e1f7037cfd71afd8,81,6.278420059231039,8.996227341669703,-0.7940617992164062,0.9014560517698544,6.8579618953275805,10.952206523694578,False
outer::leave_profile_out_P-V04,q=25|gain=0.25,25.0,0.25,rolling_02,761,14,2023-05-16,2023-07-25,2023-07-25,caecb6ab0223e0d9e18b01e6d0f9ce8cacef14e51522ed189387c60c46bc70ad,eee99ecbe76acf0c2c4a815bd89561498ad4893f0703a5e098d5d541405fbae9,14,12.92803427091037,18.964281675951188,-12.061019584788387,0.7646858586040384,6.8579618953275805,10.952206523694578,False
outer::leave_profile_out_P-V04,q=25|gain=0.25,25.0,0.25,rolling_03,775,81,2023-07-25,2023-11-07,2023-11-07,5ab2d60a815b32c5e57293f485abddaa3ffe9838372bd297bbffc474ff798d4b,293e75f7a40bc8bba6bbc52c287fd4cca98dfbe3f8343e531284fefcbb785594,81,6.388355419594996,10.84163747370848,0.4938236352073058,0.9085474443771933,6.8579618953275805,10.952206523694578,False
outer::leave_profile_out_P-V04,q=400|gain=0,400.0,0.0,rolling_01,680,81,2023-01-17,2023-05-16,2023-05-16,56f2600608a1acdeda35757e49c11792d166f52aa1cf1d9b6d557b1295b86bce,f27339ec39b5ec1e1c76e6d18f5a0eb9f0c05399bfcfb068e1f7037cfd71afd8,81,6.567360919925655,10.560257581327926,-0.6109400456395442,0.864213017383239,6.906570317346702,11.587159849711654,False
outer::leave_profile_out_P-V04,q=400|gain=0,400.0,0.0,rolling_02,761,14,2023-05-16,2023-07-25,2023-07-25,caecb6ab0223e0d9e18b01e6d0f9ce8cacef14e51522ed189387c60c46bc70ad,eee99ecbe76acf0c2c4a815bd89561498ad4893f0703a5e098d5d541405fbae9,14,13.390111961256588,19.53870730107092,-12.429774238834806,0.7502146940079517,6.906570317346702,11.587159849711654,False
outer::leave_profile_out_P-V04,q=400|gain=0,400.0,0.0,rolling_03,775,81,2023-07-25,2023-11-07,2023-11-07,5ab2d60a815b32c5e57293f485abddaa3ffe9838372bd297bbffc474ff798d4b,293e75f7a40bc8bba6bbc52c287fd4cca98dfbe3f8343e531284fefcbb785594,81,6.125167578783325,10.687746935134173,0.8725505117502298,0.9111252467303272,6.906570317346702,11.587159849711654,False
outer::leave_profile_out_P-V04,q=100|gain=0.25,100.0,0.25,rolling_01,680,81,2023-01-17,2023-05-16,2023-05-16,56f2600608a1acdeda35757e49c11792d166f52aa1cf1d9b6d557b1295b86bce,f27339ec39b5ec1e1c76e6d18f5a0eb9f0c05399bfcfb068e1f7037cfd71afd8,81,7.3869966743352125,11.021010395178184,-0.34552756322141154,0.852105528792205,7.304502912089804,11.567765758425564,False
outer::leave_profile_out_P-V04,q=100|gain=0.25,100.0,0.25,rolling_02,761,14,2023-05-16,2023-07-25,2023-07-25,caecb6ab0223e0d9e18b01e6d0f9ce8cacef14e51522ed189387c60c46bc70ad,eee99ecbe76acf0c2c4a815bd89561498ad4893f0703a5e098d5d541405fbae9,14,12.868935373769837,18.42142271630701,-11.993115419877025,0.777964933196875,7.304502912089804,11.567765758425564,False
outer::leave_profile_out_P-V04,q=100|gain=0.25,100.0,0.25,rolling_03,775,81,2023-07-25,2023-11-07,2023-11-07,5ab2d60a815b32c5e57293f485abddaa3ffe9838372bd297bbffc474ff798d4b,293e75f7a40bc8bba6bbc52c287fd4cca98dfbe3f8343e531284fefcbb785594,81,6.260255391035499,10.518510625380964,1.241161501942097,0.9139175569300606,7.304502912089804,11.567765758425564,False
outer::leave_profile_out_P-V04,q=2|gain=0.25,2.0,0.25,rolling_01,680,81,2023-01-17,2023-05-16,2023-05-16,56f2600608a1acdeda35757e49c11792d166f52aa1cf1d9b6d557b1295b86bce,f27339ec39b5ec1e1c76e6d18f5a0eb9f0c05399bfcfb068e1f7037cfd71afd8,81,5.780728014922683,9.443606787009296,-1.4637852599329264,0.8914112319314706,7.3673277697467245,12.99588754580869,False
outer::leave_profile_out_P-V04,q=2|gain=0.25,2.0,0.25,rolling_02,761,14,2023-05-16,2023-07-25,2023-07-25,caecb6ab0223e0d9e18b01e6d0f9ce8cacef14e51522ed189387c60c46bc70ad,eee99ecbe76acf0c2c4a815bd89561498ad4893f0703a5e098d5d541405fbae9,14,15.783345751497698,23.79706132999909,-14.107172057608373,0.6294712660826585,7.3673277697467245,12.99588754580869,False
outer::leave_profile_out_P-V04,q=2|gain=0.25,2.0,0.25,rolling_03,775,81,2023-07-25,2023-11-07,2023-11-07,5ab2d60a815b32c5e57293f485abddaa3ffe9838372bd297bbffc474ff798d4b,293e75f7a40bc8bba6bbc52c287fd4cca98dfbe3f8343e531284fefcbb785594,81,7.499307132663189,13.413308369210409,-0.8253845449827827,0.8600161602131737,7.3673277697467245,12.99588754580869,False
outer::leave_profile_out_P-V04,q=10|gain=0.5,10.0,0.5,rolling_01,680,81,2023-01-17,2023-05-16,2023-05-16,56f2600608a1acdeda35757e49c11792d166f52aa1cf1d9b6d557b1295b86bce,f27339ec39b5ec1e1c76e6d18f5a0eb9f0c05399bfcfb068e1f7037cfd71afd8,81,6.978707045562529,9.334287736477284,-0.5510663160793239,0.8939107245653362,7.3842895354027505,11.25403156871009,False
outer::leave_profile_out_P-V04,q=10|gain=0.5,10.0,0.5,rolling_02,761,14,2023-05-16,2023-07-25,2023-07-25,caecb6ab0223e0d9e18b01e6d0f9ce8cacef14e51522ed189387c60c46bc70ad,eee99ecbe76acf0c2c4a815bd89561498ad4893f0703a5e098d5d541405fbae9,14,13.04468074424048,19.01887540433269,-12.099607907998198,0.7633290798104391,7.3842895354027505,11.25403156871009,False
outer::leave_profile_out_P-V04,q=10|gain=0.5,10.0,0.5,rolling_03,775,81,2023-07-25,2023-11-07,2023-11-07,5ab2d60a815b32c5e57293f485abddaa3ffe9838372bd297bbffc474ff798d4b,293e75f7a40bc8bba6bbc52c287fd4cca98dfbe3f8343e531284fefcbb785594,81,6.811532803962375,11.20486999409119,0.867514332105911,0.9023168337998325,7.3842895354027505,11.25403156871009,False
outer::leave_profile_out_P-V04,q=2|gain=0,2.0,0.0,rolling_01,680,81,2023-01-17,2023-05-16,2023-05-16,56f2600608a1acdeda35757e49c11792d166f52aa1cf1d9b6d557b1295b86bce,f27339ec39b5ec1e1c76e6d18f5a0eb9f0c05399bfcfb068e1f7037cfd71afd8,81,5.689333434537523,10.854286722100472,-1.9747638365519915,0.8565463199027319,7.54779804577565,14.241042782477042,False
outer::leave_profile_out_P-V04,q=2|gain=0,2.0,0.0,rolling_02,761,14,2023-05-16,2023-07-25,2023-07-25,caecb6ab0223e0d9e18b01e6d0f9ce8cacef14e51522ed189387c60c46bc70ad,eee99ecbe76acf0c2c4a815bd89561498ad4893f0703a5e098d5d541405fbae9,14,16.258997188671454,24.891007790051802,-14.457466943799679,0.5946219827344545,7.54779804577565,14.241042782477042,False
outer::leave_profile_out_P-V04,q=2|gain=0,2.0,0.0,rolling_03,775,81,2023-07-25,2023-11-07,2023-11-07,5ab2d60a815b32c5e57293f485abddaa3ffe9838372bd297bbffc474ff798d4b,293e75f7a40bc8bba6bbc52c287fd4cca98dfbe3f8343e531284fefcbb785594,81,7.900623298982401,14.689020924998827,-1.6634898112058547,0.832122774496963,7.54779804577565,14.241042782477042,False
outer::leave_profile_out_P-V04,q=25|gain=0.5,25.0,0.5,rolling_01,680,81,2023-01-17,2023-05-16,2023-05-16,56f2600608a1acdeda35757e49c11792d166f52aa1cf1d9b6d557b1295b86bce,f27339ec39b5ec1e1c76e6d18f5a0eb9f0c05399bfcfb068e1f7037cfd71afd8,81,7.696694200852742,10.680233066946016,-0.2830832225973407,0.8611101288395591,7.6233977154233425,11.497350147300379,False
outer::leave_profile_out_P-V04,q=25|gain=0.5,25.0,0.5,rolling_02,761,14,2023-05-16,2023-07-25,2023-07-25,caecb6ab0223e0d9e18b01e6d0f9ce8cacef14e51522ed189387c60c46bc70ad,eee99ecbe76acf0c2c4a815bd89561498ad4893f0703a5e098d5d541405fbae9,14,12.541639224137274,17.948657234587756,-11.710724698597081,0.789215262848757,7.6233977154233425,11.497350147300379,False
outer::leave_profile_out_P-V04,q=25|gain=0.5,25.0,0.5,rolling_03,775,81,2023-07-25,2023-11-07,2023-11-07,5ab2d60a815b32c5e57293f485abddaa3ffe9838372bd297bbffc474ff798d4b,293e75f7a40bc8bba6bbc52c287fd4cca98dfbe3f8343e531284fefcbb785594,81,6.700034796389065,10.838692026938942,1.3319289014303763,0.9085971291308587,7.6233977154233425,11.497350147300379,False
outer::leave_profile_out_P-V04,q=400|gain=0.25,400.0,0.25,rolling_01,680,81,2023-01-17,2023-05-16,2023-05-16,56f2600608a1acdeda35757e49c11792d166f52aa1cf1d9b6d557b1295b86bce,f27339ec39b5ec1e1c76e6d18f5a0eb9f0c05399bfcfb068e1f7037cfd71afd8,81,7.819330984679775,11.966156213269437,-0.09996146902047867,0.8256514053647594,7.702401490536209,12.108334989862534,False
outer::leave_profile_out_P-V04,q=400|gain=0.25,400.0,0.25,rolling_02,761,14,2023-05-16,2023-07-25,2023-07-25,caecb6ab0223e0d9e18b01e6d0f9ce8cacef14e51522ed189387c60c46bc70ad,eee99ecbe76acf0c2c4a815bd89561498ad4893f0703a5e098d5d541405fbae9,14,13.015040112866885,18.531979859455866,-12.0794793526435,0.7752918253927832,7.702401490536209,12.108334989862534,False
outer::leave_profile_out_P-V04,q=400|gain=0.25,400.0,0.25,rolling_03,775,81,2023-07-25,2023-11-07,2023-11-07,5ab2d60a815b32c5e57293f485abddaa3ffe9838372bd297bbffc474ff798d4b,293e75f7a40bc8bba6bbc52c287fd4cca98dfbe3f8343e531284fefcbb785594,81,6.667238160434254,10.771070235002991,1.710655777973301,0.9097340827493906,7.702401490536209,12.108334989862534,False
outer::leave_profile_out_P-V04,q=2|gain=0.5,2.0,0.5,rolling_01,680,81,2023-01-17,2023-05-16,2023-05-16,56f2600608a1acdeda35757e49c11792d166f52aa1cf1d9b6d557b1295b86bce,f27339ec39b5ec1e1c76e6d18f5a0eb9f0c05399bfcfb068e1f7037cfd71afd8,81,6.610980965941773,9.358536803250106,-0.9528066833138618,0.8933588008267349,7.757435151380359,12.439656077333964,False
outer::leave_profile_out_P-V04,q=2|gain=0.5,2.0,0.5,rolling_02,761,14,2023-05-16,2023-07-25,2023-07-25,caecb6ab0223e0d9e18b01e6d0f9ce8cacef14e51522ed189387c60c46bc70ad,eee99ecbe76acf0c2c4a815bd89561498ad4893f0703a5e098d5d541405fbae9,14,15.308583667147598,22.714371417031128,-13.756877171417065,0.6624200235221567,7.757435151380359,12.439656077333964,False
outer::leave_profile_out_P-V04,q=2|gain=0.5,2.0,0.5,rolling_03,775,81,2023-07-25,2023-11-07,2023-11-07,5ab2d60a815b32c5e57293f485abddaa3ffe9838372bd297bbffc474ff798d4b,293e75f7a40bc8bba6bbc52c287fd4cca98dfbe3f8343e531284fefcbb785594,81,7.5987525563159615,12.628485907515357,0.012720721240287947,0.8759180380193865,7.757435151380359,12.439656077333964,False
outer::leave_profile_out_P-V04,q=100|gain=0.5,100.0,0.5,rolling_01,680,81,2023-01-17,2023-05-16,2023-05-16,56f2600608a1acdeda35757e49c11792d166f52aa1cf1d9b6d557b1295b86bce,f27339ec39b5ec1e1c76e6d18f5a0eb9f0c05399bfcfb068e1f7037cfd71afd8,81,8.876713869363073,13.114913900679708,0.1654510133976537,0.7905694648531185,8.34804682346106,12.636451523293783,False
outer::leave_profile_out_P-V04,q=100|gain=0.5,100.0,0.5,rolling_02,761,14,2023-05-16,2023-07-25,2023-07-25,caecb6ab0223e0d9e18b01e6d0f9ce8cacef14e51522ed189387c60c46bc70ad,eee99ecbe76acf0c2c4a815bd89561498ad4893f0703a5e098d5d541405fbae9,14,12.54422859262986,17.436977155665307,-11.642820533685716,0.8010620538770752,8.34804682346106,12.636451523293783,False
outer::leave_profile_out_P-V04,q=100|gain=0.5,100.0,0.5,rolling_03,775,81,2023-07-25,2023-11-07,2023-11-07,5ab2d60a815b32c5e57293f485abddaa3ffe9838372bd297bbffc474ff798d4b,293e75f7a40bc8bba6bbc52c287fd4cca98dfbe3f8343e531284fefcbb785594,81,7.094113792764436,11.063738423790738,2.079266768165167,0.9047620841866217,8.34804682346106,12.636451523293783,False
outer::leave_profile_out_P-V04,q=400|gain=0.5,400.0,0.5,rolling_01,680,81,2023-01-17,2023-05-16,2023-05-16,56f2600608a1acdeda35757e49c11792d166f52aa1cf1d9b6d557b1295b86bce,f27339ec39b5ec1e1c76e6d18f5a0eb9f0c05399bfcfb068e1f7037cfd71afd8,81,9.428856090102977,14.20890854023618,0.4110171075985863,0.7541724502128054,8.827131648442501,13.36889807421581,False
outer::leave_profile_out_P-V04,q=400|gain=0.5,400.0,0.5,rolling_02,761,14,2023-05-16,2023-07-25,2023-07-25,caecb6ab0223e0d9e18b01e6d0f9ce8cacef14e51522ed189387c60c46bc70ad,eee99ecbe76acf0c2c4a815bd89561498ad4893f0703a5e098d5d541405fbae9,14,12.690333331726908,17.5502750352642,-11.72918446645219,0.798468430868909,8.827131648442501,13.36889807421581,False
outer::leave_profile_out_P-V04,q=400|gain=0.5,400.0,0.5,rolling_03,775,81,2023-07-25,2023-11-07,2023-11-07,5ab2d60a815b32c5e57293f485abddaa3ffe9838372bd297bbffc474ff798d4b,293e75f7a40bc8bba6bbc52c287fd4cca98dfbe3f8343e531284fefcbb785594,81,7.5576933355970635,11.541935829901854,2.548761044196372,0.8963514108584558,8.827131648442501,13.36889807421581,False
outer::leave_profile_out_P-V04,q=0.5|gain=0.25,0.5,0.25,rolling_01,680,81,2023-01-17,2023-05-16,2023-05-16,56f2600608a1acdeda35757e49c11792d166f52aa1cf1d9b6d557b1295b86bce,f27339ec39b5ec1e1c76e6d18f5a0eb9f0c05399bfcfb068e1f7037cfd71afd8,81,7.0164528952459655,12.253519271686006,-1.4911243811333454,0.8171770168261141,8.931312090749561,15.925587312102486,False
outer::leave_profile_out_P-V04,q=0.5|gain=0.25,0.5,0.25,rolling_02,761,14,2023-05-16,2023-07-25,2023-07-25,caecb6ab0223e0d9e18b01e6d0f9ce8cacef14e51522ed189387c60c46bc70ad,eee99ecbe76acf0c2c4a815bd89561498ad4893f0703a5e098d5d541405fbae9,14,18.92296854498315,28.684520860701507,-15.942057876325897,0.4616429154173526,8.931312090749561,15.925587312102486,False
outer::leave_profile_out_P-V04,q=0.5|gain=0.25,0.5,0.25,rolling_03,775,81,2023-07-25,2023-11-07,2023-11-07,5ab2d60a815b32c5e57293f485abddaa3ffe9838372bd297bbffc474ff798d4b,293e75f7a40bc8bba6bbc52c287fd4cca98dfbe3f8343e531284fefcbb785594,81,9.119218318854756,16.08488688771983,-1.695193932987725,0.7987007733402657,8.931312090749561,15.925587312102486,False
outer::leave_profile_out_P-V04,q=0.5|gain=0.5,0.5,0.5,rolling_01,680,81,2023-01-17,2023-05-16,2023-05-16,56f2600608a1acdeda35757e49c11792d166f52aa1cf1d9b6d557b1295b86bce,f27339ec39b5ec1e1c76e6d18f5a0eb9f0c05399bfcfb068e1f7037cfd71afd8,81,7.477525932265482,11.450345424583293,-0.9801458045142807,0.8403583192551706,9.069384780375557,15.027441453257417,False
outer::leave_profile_out_P-V04,q=0.5|gain=0.5,0.5,0.5,rolling_02,761,14,2023-05-16,2023-07-25,2023-07-25,caecb6ab0223e0d9e18b01e6d0f9ce8cacef14e51522ed189387c60c46bc70ad,eee99ecbe76acf0c2c4a815bd89561498ad4893f0703a5e098d5d541405fbae9,14,18.380619301344886,27.5892939052271,-15.591762990134594,0.5019689681261298,9.069384780375557,15.027441453257417,False
outer::leave_profile_out_P-V04,q=0.5|gain=0.5,0.5,0.5,rolling_03,775,81,2023-07-25,2023-11-07,2023-11-07,5ab2d60a815b32c5e57293f485abddaa3ffe9838372bd297bbffc474ff798d4b,293e75f7a40bc8bba6bbc52c287fd4cca98dfbe3f8343e531284fefcbb785594,81,9.0518944520218,15.099960033754503,-0.857088666764654,0.822598339863357,9.069384780375557,15.027441453257417,False
outer::leave_profile_out_P-V04,q=0.5|gain=0,0.5,0.0,rolling_01,680,81,2023-01-17,2023-05-16,2023-05-16,56f2600608a1acdeda35757e49c11792d166f52aa1cf1d9b6d557b1295b86bce,f27339ec39b5ec1e1c76e6d18f5a0eb9f0c05399bfcfb068e1f7037cfd71afd8,81,7.288588842588084,14.00790461806984,-2.002102957752411,0.761078371263583,9.163495126498626,17.354850114241906,False
outer::leave_profile_out_P-V04,q=0.5|gain=0,0.5,0.0,rolling_02,761,14,2023-05-16,2023-07-25,2023-07-25,caecb6ab0223e0d9e18b01e6d0f9ce8cacef14e51522ed189387c60c46bc70ad,eee99ecbe76acf0c2c4a815bd89561498ad4893f0703a5e098d5d541405fbae9,14,19.46531778862141,29.788236228666225,-16.292352762517204,0.41941633679986956,9.163495126498626,17.354850114241906,False
outer::leave_profile_out_P-V04,q=0.5|gain=0,0.5,0.0,rolling_03,775,81,2023-07-25,2023-11-07,2023-11-07,5ab2d60a815b32c5e57293f485abddaa3ffe9838372bd297bbffc474ff798d4b,293e75f7a40bc8bba6bbc52c287fd4cca98dfbe3f8343e531284fefcbb785594,81,9.257839468807699,17.45997390023269,-2.5332991992107967,0.7628116989071763,9.163495126498626,17.354850114241906,False
outer::leave_profile_out_P-V05,q=10|gain=0,10.0,0.0,rolling_01,680,82,2023-01-17,2023-05-16,2023-05-16,9598162329b26e7c8f7b2c8bcdedfa9df04795ea20d175dcbfb22cc8bc23cc47,8256318e9c3c327b7713665480caa34d24b391503ca34df54be82190bf4521e6,82,5.4047500407704705,8.645668037336568,-2.041966447540515,0.9137517462865062,6.7738945777320545,11.826349424607276,True
outer::leave_profile_out_P-V05,q=10|gain=0,10.0,0.0,rolling_02,762,14,2023-05-16,2023-07-25,2023-07-25,9999383ffd85faf39629f1d4fc258b8b22cab2c464f131ee8174fefc699d7327,eee99ecbe76acf0c2c4a815bd89561498ad4893f0703a5e098d5d541405fbae9,14,13.980510234446676,21.11709551421889,-12.79675823113708,0.7082280074336845,6.7738945777320545,11.826349424607276,True
outer::leave_profile_out_P-V05,q=10|gain=0,10.0,0.0,rolling_03,776,84,2023-07-25,2023-11-07,2023-11-07,a3c85419b2d8394e407597be0dbbc66a9f4c6ced4317b82f0bcab901aa5a06f5,a21f67b466f48a8638a05de1941b3cf42259753b8e65cd3a0fbf7d15c7bd55c2,84,6.909337825789733,12.345672072952128,-0.6473591605312258,0.8839615121573527,6.7738945777320545,11.826349424607276,True
outer::leave_profile_out_P-V05,q=25|gain=0,25.0,0.0,rolling_01,680,82,2023-01-17,2023-05-16,2023-05-16,9598162329b26e7c8f7b2c8bcdedfa9df04795ea20d175dcbfb22cc8bc23cc47,8256318e9c3c327b7713665480caa34d24b391503ca34df54be82190bf4521e6,82,5.924156473790316,8.750119796734014,-1.8181393849231298,0.9116551584584361,6.795687978900469,11.237059848389556,False
outer::leave_profile_out_P-V05,q=25|gain=0,25.0,0.0,rolling_02,762,14,2023-05-16,2023-07-25,2023-07-25,9999383ffd85faf39629f1d4fc258b8b22cab2c464f131ee8174fefc699d7327,eee99ecbe76acf0c2c4a815bd89561498ad4893f0703a5e098d5d541405fbae9,14,13.329660353965096,19.99675751415508,-12.409753841364825,0.7383658721152621,6.795687978900469,11.237059848389556,False
outer::leave_profile_out_P-V05,q=25|gain=0,25.0,0.0,rolling_03,776,84,2023-07-25,2023-11-07,2023-11-07,a3c85419b2d8394e407597be0dbbc66a9f4c6ced4317b82f0bcab901aa5a06f5,a21f67b466f48a8638a05de1941b3cf42259753b8e65cd3a0fbf7d15c7bd55c2,84,6.557473338044848,11.366403743951382,-0.1179455553509948,0.9016399493757055,6.795687978900469,11.237059848389556,False
outer::leave_profile_out_P-V05,q=10|gain=0.25,10.0,0.25,rolling_01,680,82,2023-01-17,2023-05-16,2023-05-16,9598162329b26e7c8f7b2c8bcdedfa9df04795ea20d175dcbfb22cc8bc23cc47,8256318e9c3c327b7713665480caa34d24b391503ca34df54be82190bf4521e6,82,5.995183653460913,8.321427341873314,-1.6226414464644323,0.9200996191744477,6.890397376557812,11.120369422928773,False
outer::leave_profile_out_P-V05,q=10|gain=0.25,10.0,0.25,rolling_02,762,14,2023-05-16,2023-07-25,2023-07-25,9999383ffd85faf39629f1d4fc258b8b22cab2c464f131ee8174fefc699d7327,eee99ecbe76acf0c2c4a815bd89561498ad4893f0703a5e098d5d541405fbae9,14,13.505748150096572,20.056001346187806,-12.446463344945775,0.7368133034719262,6.890397376557812,11.120369422928773,False
outer::leave_profile_out_P-V05,q=10|gain=0.25,10.0,0.25,rolling_03,776,84,2023-07-25,2023-11-07,2023-11-07,a3c85419b2d8394e407597be0dbbc66a9f4c6ced4317b82f0bcab901aa5a06f5,a21f67b466f48a8638a05de1941b3cf42259753b8e65cd3a0fbf7d15c7bd55c2,84,6.661738024943561,11.417239310608606,0.2833470709896217,0.90075816292029,6.890397376557812,11.120369422928773,False
outer::leave_profile_out_P-V05,q=100|gain=0,100.0,0.0,rolling_01,680,82,2023-01-17,2023-05-16,2023-05-16,9598162329b26e7c8f7b2c8bcdedfa9df04795ea20d175dcbfb22cc8bc23cc47,8256318e9c3c327b7713665480caa34d24b391503ca34df54be82190bf4521e6,82,6.726823653310123,10.00466702289877,-1.4176666844296189,0.88450625177242,6.990549553765105,11.279519288919243,False
outer::leave_profile_out_P-V05,q=100|gain=0,100.0,0.0,rolling_02,762,14,2023-05-16,2023-07-25,2023-07-25,9999383ffd85faf39629f1d4fc258b8b22cab2c464f131ee8174fefc699d7327,eee99ecbe76acf0c2c4a815bd89561498ad4893f0703a5e098d5d541405fbae9,14,13.2294702919281,19.430005747765783,-12.343400581832396,0.752986271629796,6.990549553765105,11.279519288919243,False
outer::leave_profile_out_P-V05,q=100|gain=0,100.0,0.0,rolling_03,776,84,2023-07-25,2023-11-07,2023-11-07,a3c85419b2d8394e407597be0dbbc66a9f4c6ced4317b82f0bcab901aa5a06f5,a21f67b466f48a8638a05de1941b3cf42259753b8e65cd3a0fbf7d15c7bd55c2,84,6.208176143086848,10.582978550156927,0.6923660067140103,0.9147315402002723,6.990549553765105,11.279519288919243,False
outer::leave_profile_out_P-V05,q=25|gain=0.25,25.0,0.25,rolling_01,680,82,2023-01-17,2023-05-16,2023-05-16,9598162329b26e7c8f7b2c8bcdedfa9df04795ea20d175dcbfb22cc8bc23cc47,8256318e9c3c327b7713665480caa34d24b391503ca34df54be82190bf4521e6,82,6.663495905920681,9.155385380871545,-1.3988143838470475,0.9032821891166025,7.044312938758711,10.9541235944911,False
outer::leave_profile_out_P-V05,q=25|gain=0.25,25.0,0.25,rolling_02,762,14,2023-05-16,2023-07-25,2023-07-25,9999383ffd85faf39629f1d4fc258b8b22cab2c464f131ee8174fefc699d7327,eee99ecbe76acf0c2c4a815bd89561498ad4893f0703a5e098d5d541405fbae9,14,12.926229310122732,18.960192464455865,-12.059458955173515,0.7647873278360373,7.044312938758711,10.9541235944911,False
outer::leave_profile_out_P-V05,q=25|gain=0.25,25.0,0.25,rolling_03,776,84,2023-07-25,2023-11-07,2023-11-07,a3c85419b2d8394e407597be0dbbc66a9f4c6ced4317b82f0bcab901aa5a06f5,a21f67b466f48a8638a05de1941b3cf42259753b8e65cd3a0fbf7d15c7bd55c2,84,6.435743504158977,10.74184907678841,0.8127606761698525,0.9121522426173396,7.044312938758711,10.9541235944911,False
outer::leave_profile_out_P-V05,q=400|gain=0,400.0,0.0,rolling_01,680,82,2023-01-17,2023-05-16,2023-05-16,9598162329b26e7c8f7b2c8bcdedfa9df04795ea20d175dcbfb22cc8bc23cc47,8256318e9c3c327b7713665480caa34d24b391503ca34df54be82190bf4521e6,82,6.891996400647174,10.653363429001843,-1.180447264743308,0.8690436132462992,7.058460047942868,11.561482854334441,False
outer::leave_profile_out_P-V05,q=400|gain=0,400.0,0.0,rolling_02,762,14,2023-05-16,2023-07-25,2023-07-25,9999383ffd85faf39629f1d4fc258b8b22cab2c464f131ee8174fefc699d7327,eee99ecbe76acf0c2c4a815bd89561498ad4893f0703a5e098d5d541405fbae9,14,13.390509727582605,19.539336972199695,-12.430070029578898,0.7501985941577913,7.058460047942868,11.561482854334441,False
outer::leave_profile_out_P-V05,q=400|gain=0,400.0,0.0,rolling_03,776,84,2023-07-25,2023-11-07,2023-11-07,a3c85419b2d8394e407597be0dbbc66a9f4c6ced4317b82f0bcab901aa5a06f5,a21f67b466f48a8638a05de1941b3cf42259753b8e65cd3a0fbf7d15c7bd55c2,84,6.165618661791564,10.583398555822148,1.15164018450108,0.9147247719834287,7.058460047942868,11.561482854334441,False
outer::leave_profile_out_P-V05,q=2|gain=0.25,2.0,0.25,rolling_01,680,82,2023-01-17,2023-05-16,2023-05-16,9598162329b26e7c8f7b2c8bcdedfa9df04795ea20d175dcbfb22cc8bc23cc47,8256318e9c3c327b7713665480caa34d24b391503ca34df54be82190bf4521e6,82,6.0370187730253075,9.50100345219061,-1.9481018448564933,0.895842115628324,7.391536476084722,12.889697090185853,False
outer::leave_profile_out_P-V05,q=2|gain=0.25,2.0,0.25,rolling_02,762,14,2023-05-16,2023-07-25,2023-07-25,9999383ffd85faf39629f1d4fc258b8b22cab2c464f131ee8174fefc699d7327,eee99ecbe76acf0c2c4a815bd89561498ad4893f0703a5e098d5d541405fbae9,14,15.776077072558198,23.785962545924225,-14.101081120299344,0.6298168095388507,7.391536476084722,12.889697090185853,False
outer::leave_profile_out_P-V05,q=2|gain=0.25,2.0,0.25,rolling_03,776,84,2023-07-25,2023-11-07,2023-11-07,a3c85419b2d8394e407597be0dbbc66a9f4c6ced4317b82f0bcab901aa5a06f5,a21f67b466f48a8638a05de1941b3cf42259753b8e65cd3a0fbf7d15c7bd55c2,84,7.316380324897142,13.176051839023167,-0.6472033844312017,0.8678268695092136,7.391536476084722,12.889697090185853,False
outer::leave_profile_out_P-V05,q=2|gain=0,2.0,0.0,rolling_01,680,82,2023-01-17,2023-05-16,2023-05-16,9598162329b26e7c8f7b2c8bcdedfa9df04795ea20d175dcbfb22cc8bc23cc47,8256318e9c3c327b7713665480caa34d24b391503ca34df54be82190bf4521e6,82,5.876794112439903,10.841188593277096,-2.367426845932575,0.8643852282983365,7.484467395698275,14.089333312761672,False
outer::leave_profile_out_P-V05,q=2|gain=0,2.0,0.0,rolling_02,762,14,2023-05-16,2023-07-25,2023-07-25,9999383ffd85faf39629f1d4fc258b8b22cab2c464f131ee8174fefc699d7327,eee99ecbe76acf0c2c4a815bd89561498ad4893f0703a5e098d5d541405fbae9,14,16.25100137732556,24.87987667005173,-14.451376006490648,0.5949844672472053,7.484467395698275,14.089333312761672,False
outer::leave_profile_out_P-V05,q=2|gain=0,2.0,0.0,rolling_03,776,84,2023-07-25,2023-11-07,2023-11-07,a3c85419b2d8394e407597be0dbbc66a9f4c6ced4317b82f0bcab901aa5a06f5,a21f67b466f48a8638a05de1941b3cf42259753b8e65cd3a0fbf7d15c7bd55c2,84,7.592773746703088,14.404029009186706,-1.577909615952049,0.8420423873150195,7.484467395698275,14.089333312761672,False
outer::leave_profile_out_P-V05,q=100|gain=0.25,100.0,0.25,rolling_01,680,82,2023-01-17,2023-05-16,2023-05-16,9598162329b26e7c8f7b2c8bcdedfa9df04795ea20d175dcbfb22cc8bc23cc47,8256318e9c3c327b7713665480caa34d24b391503ca34df54be82190bf4521e6,82,7.782296354192124,11.160385388556529,-0.9983416833535367,0.856281861982487,7.533137856373707,11.592240385139238,False
outer::leave_profile_out_P-V05,q=100|gain=0.25,100.0,0.25,rolling_02,762,14,2023-05-16,2023-07-25,2023-07-25,9999383ffd85faf39629f1d4fc258b8b22cab2c464f131ee8174fefc699d7327,eee99ecbe76acf0c2c4a815bd89561498ad4893f0703a5e098d5d541405fbae9,14,12.869072357685102,18.42071799005105,-11.993105695641088,0.7779819211299692,7.533137856373707,11.592240385139238,False
outer::leave_profile_out_P-V05,q=100|gain=0.25,100.0,0.25,rolling_03,776,84,2023-07-25,2023-11-07,2023-11-07,a3c85419b2d8394e407597be0dbbc66a9f4c6ced4317b82f0bcab901aa5a06f5,a21f67b466f48a8638a05de1941b3cf42259753b8e65cd3a0fbf7d15c7bd55c2,84,6.400589286856209,10.479255132412911,1.6230722382348581,0.9163947760301274,7.533137856373707,11.592240385139238,False
outer::leave_profile_out_P-V05,q=10|gain=0.5,10.0,0.5,rolling_01,680,82,2023-01-17,2023-05-16,2023-05-16,9598162329b26e7c8f7b2c8bcdedfa9df04795ea20d175dcbfb22cc8bc23cc47,8256318e9c3c327b7713665480caa34d24b391503ca34df54be82190bf4521e6,82,7.370700275115316,9.514903979578309,-1.2033164453883505,0.8955371144405675,7.578955266694237,11.26728836638133,False
outer::leave_profile_out_P-V05,q=10|gain=0.5,10.0,0.5,rolling_02,762,14,2023-05-16,2023-07-25,2023-07-25,9999383ffd85faf39629f1d4fc258b8b22cab2c464f131ee8174fefc699d7327,eee99ecbe76acf0c2c4a815bd89561498ad4893f0703a5e098d5d541405fbae9,14,13.040905791681459,19.012084021161773,-12.096168458754466,0.763498073601462,7.578955266694237,11.26728836638133,False
outer::leave_profile_out_P-V05,q=10|gain=0.5,10.0,0.5,rolling_03,776,84,2023-07-25,2023-11-07,2023-11-07,a3c85419b2d8394e407597be0dbbc66a9f4c6ced4317b82f0bcab901aa5a06f5,a21f67b466f48a8638a05de1941b3cf42259753b8e65cd3a0fbf7d15c7bd55c2,84,6.871926718594838,11.109387024632301,1.2140533025104692,0.906037885758519,7.578955266694237,11.26728836638133,False
outer::leave_profile_out_P-V05,q=2|gain=0.5,2.0,0.5,rolling_01,680,82,2023-01-17,2023-05-16,2023-05-16,9598162329b26e7c8f7b2c8bcdedfa9df04795ea20d175dcbfb22cc8bc23cc47,8256318e9c3c327b7713665480caa34d24b391503ca34df54be82190bf4521e6,82,6.92301390872459,9.476045093937618,-1.5287768437804117,0.8963886253364899,7.854606005736882,12.380160119912745,False
outer::leave_profile_out_P-V05,q=2|gain=0.5,2.0,0.5,rolling_02,762,14,2023-05-16,2023-07-25,2023-07-25,9999383ffd85faf39629f1d4fc258b8b22cab2c464f131ee8174fefc699d7327,eee99ecbe76acf0c2c4a815bd89561498ad4893f0703a5e098d5d541405fbae9,14,15.301314988208095,22.703313571878,-13.750786234108034,0.6627486259217904,7.854606005736882,12.380160119912745,False
outer::leave_profile_out_P-V05,q=2|gain=0.5,2.0,0.5,rolling_03,776,84,2023-07-25,2023-11-07,2023-11-07,a3c85419b2d8394e407597be0dbbc66a9f4c6ced4317b82f0bcab901aa5a06f5,a21f67b466f48a8638a05de1941b3cf42259753b8e65cd3a0fbf7d15c7bd55c2,84,7.522899174789393,12.444598204694474,0.28350284708964596,0.8820944237786996,7.854606005736882,12.380160119912745,False
outer::leave_profile_out_P-V05,q=25|gain=0.5,25.0,0.5,rolling_01,680,82,2023-01-17,2023-05-16,2023-05-16,9598162329b26e7c8f7b2c8bcdedfa9df04795ea20d175dcbfb22cc8bc23cc47,8256318e9c3c327b7713665480caa34d24b391503ca34df54be82190bf4521e6,82,8.107920389950559,10.856621667333771,-0.9794893827709656,0.8639988421529474,7.8643308038304856,11.54137032807487,False
outer::leave_profile_out_P-V05,q=25|gain=0.5,25.0,0.5,rolling_02,762,14,2023-05-16,2023-07-25,2023-07-25,9999383ffd85faf39629f1d4fc258b8b22cab2c464f131ee8174fefc699d7327,eee99ecbe76acf0c2c4a815bd89561498ad4893f0703a5e098d5d541405fbae9,14,12.53983426334963,17.944697469901357,-11.709164068982208,0.7893082576481071,7.8643308038304856,11.54137032807487,False
outer::leave_profile_out_P-V05,q=25|gain=0.5,25.0,0.5,rolling_03,776,84,2023-07-25,2023-11-07,2023-11-07,a3c85419b2d8394e407597be0dbbc66a9f4c6ced4317b82f0bcab901aa5a06f5,a21f67b466f48a8638a05de1941b3cf42259753b8e65cd3a0fbf7d15c7bd55c2,84,6.847290393174369,10.803096831511493,1.7434669076906992,0.9111476079342657,7.8643308038304856,11.54137032807487,False
outer::leave_profile_out_P-V05,q=400|gain=0.25,400.0,0.25,rolling_01,680,82,2023-01-17,2023-05-16,2023-05-16,9598162329b26e7c8f7b2c8bcdedfa9df04795ea20d175dcbfb22cc8bc23cc47,8256318e9c3c327b7713665480caa34d24b391503ca34df54be82190bf4521e6,82,8.174885714073868,12.08013021002885,-0.7611222636672249,0.8316177031612471,7.909330766558336,12.119958155247154,False
outer::leave_profile_out_P-V05,q=400|gain=0.25,400.0,0.25,rolling_02,762,14,2023-05-16,2023-07-25,2023-07-25,9999383ffd85faf39629f1d4fc258b8b22cab2c464f131ee8174fefc699d7327,eee99ecbe76acf0c2c4a815bd89561498ad4893f0703a5e098d5d541405fbae9,14,13.015370691956484,18.53259103504849,-12.07977514338759,0.7752770036179416,7.909330766558336,12.119958155247154,False
outer::leave_profile_out_P-V05,q=400|gain=0.25,400.0,0.25,rolling_03,776,84,2023-07-25,2023-11-07,2023-11-07,a3c85419b2d8394e407597be0dbbc66a9f4c6ced4317b82f0bcab901aa5a06f5,a21f67b466f48a8638a05de1941b3cf42259753b8e65cd3a0fbf7d15c7bd55c2,84,6.799091901655383,10.727240377385646,2.0823464160219274,0.9123910225168335,7.909330766558336,12.119958155247154,False
outer::leave_profile_out_P-V05,q=100|gain=0.5,100.0,0.5,rolling_01,680,82,2023-01-17,2023-05-16,2023-05-16,9598162329b26e7c8f7b2c8bcdedfa9df04795ea20d175dcbfb22cc8bc23cc47,8256318e9c3c327b7713665480caa34d24b391503ca34df54be82190bf4521e6,82,9.275956435165522,13.259099115075605,-0.5790166822774546,0.7971470945707326,8.615230375516502,12.689429244212972,False
outer::leave_profile_out_P-V05,q=100|gain=0.5,100.0,0.5,rolling_02,762,14,2023-05-16,2023-07-25,2023-07-25,9999383ffd85faf39629f1d4fc258b8b22cab2c464f131ee8174fefc699d7327,eee99ecbe76acf0c2c4a815bd89561498ad4893f0703a5e098d5d541405fbae9,14,12.544365576545133,17.43632016704079,-11.64281080944978,0.8010770447214366,8.615230375516502,12.689429244212972,False
outer::leave_profile_out_P-V05,q=100|gain=0.5,100.0,0.5,rolling_03,776,84,2023-07-25,2023-11-07,2023-11-07,a3c85419b2d8394e407597be0dbbc66a9f4c6ced4317b82f0bcab901aa5a06f5,a21f67b466f48a8638a05de1941b3cf42259753b8e65cd3a0fbf7d15c7bd55c2,84,7.315380021878161,11.079599871468673,2.553778469755705,0.9065410839352744,8.615230375516502,12.689429244212972,False
outer::leave_profile_out_P-V05,q=0.5|gain=0.25,0.5,0.25,rolling_01,680,82,2023-01-17,2023-05-16,2023-05-16,9598162329b26e7c8f7b2c8bcdedfa9df04795ea20d175dcbfb22cc8bc23cc47,8256318e9c3c327b7713665480caa34d24b391503ca34df54be82190bf4521e6,82,7.172709550689439,12.232973089158836,-1.9670636685514886,0.8273298608692762,8.862798469018527,15.756934439377435,False
outer::leave_profile_out_P-V05,q=0.5|gain=0.25,0.5,0.25,rolling_02,762,14,2023-05-16,2023-07-25,2023-07-25,9999383ffd85faf39629f1d4fc258b8b22cab2c464f131ee8174fefc699d7327,eee99ecbe76acf0c2c4a815bd89561498ad4893f0703a5e098d5d541405fbae9,14,18.91394421319094,28.67126720428677,-15.937310321506411,0.4621402952729122,8.862798469018527,15.756934439377435,False
outer::leave_profile_out_P-V05,q=0.5|gain=0.25,0.5,0.25,rolling_03,776,84,2023-07-25,2023-11-07,2023-11-07,a3c85419b2d8394e407597be0dbbc66a9f4c6ced4317b82f0bcab901aa5a06f5,a21f67b466f48a8638a05de1941b3cf42259753b8e65cd3a0fbf7d15c7bd55c2,84,8.837456217644375,15.777867762209818,-1.5398869720230999,0.8104738195554446,8.862798469018527,15.756934439377435,False
outer::leave_profile_out_P-V05,q=0.5|gain=0,0.5,0.0,rolling_01,680,82,2023-01-17,2023-05-16,2023-05-16,9598162329b26e7c8f7b2c8bcdedfa9df04795ea20d175dcbfb22cc8bc23cc47,8256318e9c3c327b7713665480caa34d24b391503ca34df54be82190bf4521e6,82,7.3698586656861655,13.934204194762685,-2.38638866962757,0.775964139709531,9.005491870209312,17.147282812707278,False
outer::leave_profile_out_P-V05,q=0.5|gain=0,0.5,0.0,rolling_02,762,14,2023-05-16,2023-07-25,2023-07-25,9999383ffd85faf39629f1d4fc258b8b22cab2c464f131ee8174fefc699d7327,eee99ecbe76acf0c2c4a815bd89561498ad4893f0703a5e098d5d541405fbae9,14,19.456293456829204,29.775044066134093,-16.28760520769772,0.4199304631150116,9.005491870209312,17.147282812707278,False
outer::leave_profile_out_P-V05,q=0.5|gain=0,0.5,0.0,rolling_03,776,84,2023-07-25,2023-11-07,2023-11-07,a3c85419b2d8394e407597be0dbbc66a9f4c6ced4317b82f0bcab901aa5a06f5,a21f67b466f48a8638a05de1941b3cf42259753b8e65cd3a0fbf7d15c7bd55c2,84,8.860381162569064,17.110370744870295,-2.470593203543948,0.7771095677855674,9.005491870209312,17.147282812707278,False
outer::leave_profile_out_P-V05,q=400|gain=0.5,400.0,0.5,rolling_01,680,82,2023-01-17,2023-05-16,2023-05-16,9598162329b26e7c8f7b2c8bcdedfa9df04795ea20d175dcbfb22cc8bc23cc47,8256318e9c3c327b7713665480caa34d24b391503ca34df54be82190bf4521e6,82,9.786897628871372,14.323184246960382,-0.3417972625911428,0.7632814154543733,9.070802963544644,13.401790224372908,False
outer::leave_profile_out_P-V05,q=400|gain=0.5,400.0,0.5,rolling_02,762,14,2023-05-16,2023-07-25,2023-07-25,9999383ffd85faf39629f1d4fc258b8b22cab2c464f131ee8174fefc699d7327,eee99ecbe76acf0c2c4a815bd89561498ad4893f0703a5e098d5d541405fbae9,14,12.690663910816511,17.550864748477025,-11.729480257196279,0.7984548871693862,9.070802963544644,13.401790224372908,False
outer::leave_profile_out_P-V05,q=400|gain=0.5,400.0,0.5,rolling_03,776,84,2023-07-25,2023-11-07,2023-11-07,a3c85419b2d8394e407597be0dbbc66a9f4c6ced4317b82f0bcab901aa5a06f5,a21f67b466f48a8638a05de1941b3cf42259753b8e65cd3a0fbf7d15c7bd55c2,84,7.768448013323239,11.544108422982402,3.0130526475427732,0.8985403451255302,9.070802963544644,13.401790224372908,False
outer::leave_profile_out_P-V05,q=0.5|gain=0.5,0.5,0.5,rolling_01,680,82,2023-01-17,2023-05-16,2023-05-16,9598162329b26e7c8f7b2c8bcdedfa9df04795ea20d175dcbfb22cc8bc23cc47,8256318e9c3c327b7713665480caa34d24b391503ca34df54be82190bf4521e6,82,7.693835113696393,11.48555101852285,-1.547738667475406,0.8477852044071997,9.07927815797462,14.90039441202794,False
outer::leave_profile_out_P-V05,q=0.5|gain=0.5,0.5,0.5,rolling_02,762,14,2023-05-16,2023-07-25,2023-07-25,9999383ffd85faf39629f1d4fc258b8b22cab2c464f131ee8174fefc699d7327,eee99ecbe76acf0c2c4a815bd89561498ad4893f0703a5e098d5d541405fbae9,14,18.37159496955268,27.575977930923454,-15.587015435315104,0.502449601522107,9.07927815797462,14.90039441202794,False
outer::leave_profile_out_P-V05,q=0.5|gain=0.5,0.5,0.5,rolling_03,776,84,2023-07-25,2023-11-07,2023-11-07,a3c85419b2d8394e407597be0dbbc66a9f4c6ced4317b82f0bcab901aa5a06f5,a21f67b466f48a8638a05de1941b3cf42259753b8e65cd3a0fbf7d15c7bd55c2,84,8.883014994507022,14.840647804633463,-0.6091807405022525,0.8323211434006137,9.07927815797462,14.90039441202794,False
outer::leave_profile_out_P-V06,q=10|gain=0,10.0,0.0,rolling_01,673,82,2023-01-17,2023-05-16,2023-05-16,612188851972b6471ae84acce8c82228cb8d0ba7342cc3346aba628251ccd63e,b815fb68429f4b9062f9cd7785c2dcd39b32459a6fd399c40cd777d0a85bdd52,82,5.219947479641183,8.593088482230808,-2.1971384496518405,0.9137755390541817,6.7393168646974235,11.887704115177518,True
outer::leave_profile_out_P-V06,q=10|gain=0,10.0,0.0,rolling_02,755,14,2023-05-16,2023-07-25,2023-07-25,11c1f50dccf84551ec326a93c023182fa9f2ed026c8aaef11643da7da5a93b90,eee99ecbe76acf0c2c4a815bd89561498ad4893f0703a5e098d5d541405fbae9,14,13.973779973104191,21.105648210649186,-12.79112781580659,0.7085442533192761,6.7393168646974235,11.887704115177518,True
outer::leave_profile_out_P-V06,q=10|gain=0,10.0,0.0,rolling_03,769,81,2023-07-25,2023-11-07,2023-11-07,198190e59ada1093c54629e60e248fe93e63ca8e221e722cd01ad88eb9e94b5a,3dfdb13feca65d2991421d9f3a01cbe830ae3c0cfc6916cbf9e7d5fcd3bc99e3,81,7.027042865400102,12.532400376094431,-0.6896599872350342,0.8837353819663948,6.7393168646974235,11.887704115177518,True
outer::leave_profile_out_P-V06,q=25|gain=0,25.0,0.0,rolling_01,673,82,2023-01-17,2023-05-16,2023-05-16,612188851972b6471ae84acce8c82228cb8d0ba7342cc3346aba628251ccd63e,b815fb68429f4b9062f9cd7785c2dcd39b32459a6fd399c40cd777d0a85bdd52,82,5.726687923925983,8.683596582069427,-2.0211914811228326,0.9119496272999863,6.768482719350699,11.292886927073376,False
outer::leave_profile_out_P-V06,q=25|gain=0,25.0,0.0,rolling_02,755,14,2023-05-16,2023-07-25,2023-07-25,11c1f50dccf84551ec326a93c023182fa9f2ed026c8aaef11643da7da5a93b90,eee99ecbe76acf0c2c4a815bd89561498ad4893f0703a5e098d5d541405fbae9,14,13.325785799622672,19.98956942566916,-12.406681227552331,0.7385539337296722,6.768482719350699,11.292886927073376,False
outer::leave_profile_out_P-V06,q=25|gain=0,25.0,0.0,rolling_03,769,81,2023-07-25,2023-11-07,2023-11-07,198190e59ada1093c54629e60e248fe93e63ca8e221e722cd01ad88eb9e94b5a,3dfdb13feca65d2991421d9f3a01cbe830ae3c0cfc6916cbf9e7d5fcd3bc99e3,81,6.689778152696613,11.544507096608474,-0.12704434299108863,0.9013425610706578,6.768482719350699,11.292886927073376,False
outer::leave_profile_out_P-V06,q=10|gain=0.25,10.0,0.25,rolling_01,673,82,2023-01-17,2023-05-16,2023-05-16,612188851972b6471ae84acce8c82228cb8d0ba7342cc3346aba628251ccd63e,b815fb68429f4b9062f9cd7785c2dcd39b32459a6fd399c40cd777d0a85bdd52,82,5.824250501136289,8.245769564131699,-1.8604248193650776,0.9206047888108233,6.912560770421458,11.18793522518487,False
outer::leave_profile_out_P-V06,q=10|gain=0.25,10.0,0.25,rolling_02,755,14,2023-05-16,2023-07-25,2023-07-25,11c1f50dccf84551ec326a93c023182fa9f2ed026c8aaef11643da7da5a93b90,eee99ecbe76acf0c2c4a815bd89561498ad4893f0703a5e098d5d541405fbae9,14,13.499017888754086,20.044679910991892,-12.440832929615283,0.7371103527275988,6.912560770421458,11.18793522518487,False
outer::leave_profile_out_P-V06,q=10|gain=0.25,10.0,0.25,rolling_03,769,81,2023-07-25,2023-11-07,2023-11-07,198190e59ada1093c54629e60e248fe93e63ca8e221e722cd01ad88eb9e94b5a,3dfdb13feca65d2991421d9f3a01cbe830ae3c0cfc6916cbf9e7d5fcd3bc99e3,81,6.875906973195867,11.6293689300727,0.28763294483860863,0.8998867998805655,6.912560770421458,11.18793522518487,False
outer::leave_profile_out_P-V06,q=100|gain=0,100.0,0.0,rolling_01,673,82,2023-01-17,2023-05-16,2023-05-16,612188851972b6471ae84acce8c82228cb8d0ba7342cc3346aba628251ccd63e,b815fb68429f4b9062f9cd7785c2dcd39b32459a6fd399c40cd777d0a85bdd52,82,6.532342718492122,9.922446471813304,-1.700538432806937,0.8850339924010457,6.99262671825202,11.334088930549814,False
outer::leave_profile_out_P-V06,q=100|gain=0,100.0,0.0,rolling_02,755,14,2023-05-16,2023-07-25,2023-07-25,11c1f50dccf84551ec326a93c023182fa9f2ed026c8aaef11643da7da5a93b90,eee99ecbe76acf0c2c4a815bd89561498ad4893f0703a5e098d5d541405fbae9,14,13.229395817183939,19.42854346027183,-12.343008256257718,0.7530234503623718,6.99262671825202,11.334088930549814,False
outer::leave_profile_out_P-V06,q=100|gain=0,100.0,0.0,rolling_03,769,81,2023-07-25,2023-11-07,2023-11-07,198190e59ada1093c54629e60e248fe93e63ca8e221e722cd01ad88eb9e94b5a,3dfdb13feca65d2991421d9f3a01cbe830ae3c0cfc6916cbf9e7d5fcd3bc99e3,81,6.380633145354054,10.761061838396845,0.758846651768733,0.9142785909072493,6.99262671825202,11.334088930549814,False
outer::leave_profile_out_P-V06,q=400|gain=0,400.0,0.0,rolling_01,673,82,2023-01-17,2023-05-16,2023-05-16,612188851972b6471ae84acce8c82228cb8d0ba7342cc3346aba628251ccd63e,b815fb68429f4b9062f9cd7785c2dcd39b32459a6fd399c40cd777d0a85bdd52,82,6.704273399869484,10.569005221088918,-1.4948285937428198,0.8695631970922264,7.072876832721228,11.618304538661866,False
outer::leave_profile_out_P-V06,q=400|gain=0,400.0,0.0,rolling_02,755,14,2023-05-16,2023-07-25,2023-07-25,11c1f50dccf84551ec326a93c023182fa9f2ed026c8aaef11643da7da5a93b90,eee99ecbe76acf0c2c4a815bd89561498ad4893f0703a5e098d5d541405fbae9,14,13.391171074099688,19.540400348442304,-12.430554161431026,0.7501714038688987,7.072876832721228,11.618304538661866,False
outer::leave_profile_out_P-V06,q=400|gain=0,400.0,0.0,rolling_03,769,81,2023-07-25,2023-11-07,2023-11-07,198190e59ada1093c54629e60e248fe93e63ca8e221e722cd01ad88eb9e94b5a,3dfdb13feca65d2991421d9f3a01cbe830ae3c0cfc6916cbf9e7d5fcd3bc99e3,81,6.35398006870326,10.765196648765665,1.2540860235434974,0.9142127033821159,7.072876832721228,11.618304538661866,False
outer::leave_profile_out_P-V06,q=25|gain=0.25,25.0,0.25,rolling_01,673,82,2023-01-17,2023-05-16,2023-05-16,612188851972b6471ae84acce8c82228cb8d0ba7342cc3346aba628251ccd63e,b815fb68429f4b9062f9cd7785c2dcd39b32459a6fd399c40cd777d0a85bdd52,82,6.479172792480213,9.065493008609353,-1.6844778508360698,0.9040345785017903,7.073662001475073,11.01433881676437,False
outer::leave_profile_out_P-V06,q=25|gain=0.25,25.0,0.25,rolling_02,755,14,2023-05-16,2023-07-25,2023-07-25,11c1f50dccf84551ec326a93c023182fa9f2ed026c8aaef11643da7da5a93b90,eee99ecbe76acf0c2c4a815bd89561498ad4893f0703a5e098d5d541405fbae9,14,12.923059444430104,18.953159259889084,-12.056386341361021,0.7649617977962437,7.073662001475073,11.01433881676437,False
outer::leave_profile_out_P-V06,q=25|gain=0.25,25.0,0.25,rolling_03,769,81,2023-07-25,2023-11-07,2023-11-07,198190e59ada1093c54629e60e248fe93e63ca8e221e722cd01ad88eb9e94b5a,3dfdb13feca65d2991421d9f3a01cbe830ae3c0cfc6916cbf9e7d5fcd3bc99e3,81,6.66448361797147,10.945849258308936,0.8502485890825546,0.9113093223699963,7.073662001475073,11.01433881676437,False
outer::leave_profile_out_P-V06,q=2|gain=0.25,2.0,0.25,rolling_01,673,82,2023-01-17,2023-05-16,2023-05-16,612188851972b6471ae84acce8c82228cb8d0ba7342cc3346aba628251ccd63e,b815fb68429f4b9062f9cd7785c2dcd39b32459a6fd399c40cd777d0a85bdd52,82,5.8718997255632654,9.43839147306106,-2.173588919100798,0.8959773547551884,7.4021903704124545,12.968924936037814,False
outer::leave_profile_out_P-V06,q=2|gain=0.25,2.0,0.25,rolling_02,755,14,2023-05-16,2023-07-25,2023-07-25,11c1f50dccf84551ec326a93c023182fa9f2ed026c8aaef11643da7da5a93b90,eee99ecbe76acf0c2c4a815bd89561498ad4893f0703a5e098d5d541405fbae9,14,15.764389153135802,23.767131200718524,-14.0909510595204,0.6304027255341804,7.4021903704124545,12.968924936037814,False
outer::leave_profile_out_P-V06,q=2|gain=0.25,2.0,0.25,rolling_03,769,81,2023-07-25,2023-11-07,2023-11-07,198190e59ada1093c54629e60e248fe93e63ca8e221e722cd01ad88eb9e94b5a,3dfdb13feca65d2991421d9f3a01cbe830ae3c0cfc6916cbf9e7d5fcd3bc99e3,81,7.506055184233525,13.405852308327226,-0.6525533825992103,0.8669643891132061,7.4021903704124545,12.968924936037814,False
outer::leave_profile_out_P-V06,q=2|gain=0,2.0,0.0,rolling_01,673,82,2023-01-17,2023-05-16,2023-05-16,612188851972b6471ae84acce8c82228cb8d0ba7342cc3346aba628251ccd63e,b815fb68429f4b9062f9cd7785c2dcd39b32459a6fd399c40cd777d0a85bdd52,82,5.699686894046202,10.797850874827805,-2.5103025493875615,0.863853471794336,7.443501745201224,14.161724273040686,False
outer::leave_profile_out_P-V06,q=2|gain=0,2.0,0.0,rolling_02,755,14,2023-05-16,2023-07-25,2023-07-25,11c1f50dccf84551ec326a93c023182fa9f2ed026c8aaef11643da7da5a93b90,eee99ecbe76acf0c2c4a815bd89561498ad4893f0703a5e098d5d541405fbae9,14,16.239151237485903,24.86100155624571,-14.44124594571171,0.5955987640578148,7.443501745201224,14.161724273040686,False
outer::leave_profile_out_P-V06,q=2|gain=0,2.0,0.0,rolling_03,769,81,2023-07-25,2023-11-07,2023-11-07,198190e59ada1093c54629e60e248fe93e63ca8e221e722cd01ad88eb9e94b5a,3dfdb13feca65d2991421d9f3a01cbe830ae3c0cfc6916cbf9e7d5fcd3bc99e3,81,7.688609460049696,14.607832103847382,-1.6298463146728541,0.8420387417478803,7.443501745201224,14.161724273040686,False
outer::leave_profile_out_P-V06,q=100|gain=0.25,100.0,0.25,rolling_01,673,82,2023-01-17,2023-05-16,2023-05-16,612188851972b6471ae84acce8c82228cb8d0ba7342cc3346aba628251ccd63e,b815fb68429f4b9062f9cd7785c2dcd39b32459a6fd399c40cd777d0a85bdd52,82,7.57301531565224,11.058809076452512,-1.3638248025201738,0.8571932810572077,7.569112045620644,11.648994988554444,False
outer::leave_profile_out_P-V06,q=100|gain=0.25,100.0,0.25,rolling_02,755,14,2023-05-16,2023-07-25,2023-07-25,11c1f50dccf84551ec326a93c023182fa9f2ed026c8aaef11643da7da5a93b90,eee99ecbe76acf0c2c4a815bd89561498ad4893f0703a5e098d5d541405fbae9,14,12.869062580846842,18.419331289076123,-11.992713370066411,0.7780153466564169,7.569112045620644,11.648994988554444,False
outer::leave_profile_out_P-V06,q=100|gain=0.25,100.0,0.25,rolling_03,769,81,2023-07-25,2023-11-07,2023-11-07,198190e59ada1093c54629e60e248fe93e63ca8e221e722cd01ad88eb9e94b5a,3dfdb13feca65d2991421d9f3a01cbe830ae3c0cfc6916cbf9e7d5fcd3bc99e3,81,6.6491197538211635,10.68086903318519,1.7361395838423757,0.9155514441827215,7.569112045620644,11.648994988554444,False
outer::leave_profile_out_P-V06,q=10|gain=0.5,10.0,0.5,rolling_01,673,82,2023-01-17,2023-05-16,2023-05-16,612188851972b6471ae84acce8c82228cb8d0ba7342cc3346aba628251ccd63e,b815fb68429f4b9062f9cd7785c2dcd39b32459a6fd399c40cd777d0a85bdd52,82,7.20322524814631,9.424905168877437,-1.5237111890783144,0.8962744135850241,7.656852783451338,11.338721359970762,False
outer::leave_profile_out_P-V06,q=10|gain=0.5,10.0,0.5,rolling_02,755,14,2023-05-16,2023-07-25,2023-07-25,11c1f50dccf84551ec326a93c023182fa9f2ed026c8aaef11643da7da5a93b90,eee99ecbe76acf0c2c4a815bd89561498ad4893f0703a5e098d5d541405fbae9,14,13.034859230338753,19.000912632406603,-12.090538043423972,0.7637759262272159,7.656852783451338,11.338721359970762,False
outer::leave_profile_out_P-V06,q=10|gain=0.5,10.0,0.5,rolling_03,769,81,2023-07-25,2023-11-07,2023-11-07,198190e59ada1093c54629e60e248fe93e63ca8e221e722cd01ad88eb9e94b5a,3dfdb13feca65d2991421d9f3a01cbe830ae3c0cfc6916cbf9e7d5fcd3bc99e3,81,7.186548680224035,11.340868064855371,1.264925876912252,0.9047923943463053,7.656852783451338,11.338721359970762,False
outer::leave_profile_out_P-V06,q=2|gain=0.5,2.0,0.5,rolling_01,673,82,2023-01-17,2023-05-16,2023-05-16,612188851972b6471ae84acce8c82228cb8d0ba7342cc3346aba628251ccd63e,b815fb68429f4b9062f9cd7785c2dcd39b32459a6fd399c40cd777d0a85bdd52,82,6.76463731848783,9.394544128308883,-1.8368752888140358,0.8969416127335998,7.923854252711518,12.464987589674447,False
outer::leave_profile_out_P-V06,q=2|gain=0.5,2.0,0.5,rolling_02,755,14,2023-05-16,2023-07-25,2023-07-25,11c1f50dccf84551ec326a93c023182fa9f2ed026c8aaef11643da7da5a93b90,eee99ecbe76acf0c2c4a815bd89561498ad4893f0703a5e098d5d541405fbae9,14,15.289627068785695,22.68453954640624,-13.740656173329093,0.6633061611018405,7.923854252711518,12.464987589674447,False
outer::leave_profile_out_P-V06,q=2|gain=0.5,2.0,0.5,rolling_03,769,81,2023-07-25,2023-11-07,2023-11-07,198190e59ada1093c54629e60e248fe93e63ca8e221e722cd01ad88eb9e94b5a,3dfdb13feca65d2991421d9f3a01cbe830ae3c0cfc6916cbf9e7d5fcd3bc99e3,81,7.8242859709992185,12.69790918532962,0.3247395494744322,0.880644213030101,7.923854252711518,12.464987589674447,False
outer::leave_profile_out_P-V06,q=25|gain=0.5,25.0,0.5,rolling_01,673,82,2023-01-17,2023-05-16,2023-05-16,612188851972b6471ae84acce8c82228cb8d0ba7342cc3346aba628251ccd63e,b815fb68429f4b9062f9cd7785c2dcd39b32459a6fd399c40cd777d0a85bdd52,82,7.923432017993515,10.753885487321382,-1.3477642205493063,0.8649599047211532,7.933594147471762,11.603721213322077,False
outer::leave_profile_out_P-V06,q=25|gain=0.5,25.0,0.5,rolling_02,755,14,2023-05-16,2023-07-25,2023-07-25,11c1f50dccf84551ec326a93c023182fa9f2ed026c8aaef11643da7da5a93b90,eee99ecbe76acf0c2c4a815bd89561498ad4893f0703a5e098d5d541405fbae9,14,12.536664397656999,17.93784512770627,-11.706091455169716,0.7894691359541096,7.933594147471762,11.603721213322077,False
outer::leave_profile_out_P-V06,q=25|gain=0.5,25.0,0.5,rolling_03,769,81,2023-07-25,2023-11-07,2023-11-07,198190e59ada1093c54629e60e248fe93e63ca8e221e722cd01ad88eb9e94b5a,3dfdb13feca65d2991421d9f3a01cbe830ae3c0cfc6916cbf9e7d5fcd3bc99e3,81,7.148289346417723,11.024495094801797,1.8275415211561976,0.9100302602209039,7.933594147471762,11.603721213322077,False
outer::leave_profile_out_P-V06,q=400|gain=0.25,400.0,0.25,rolling_01,673,82,2023-01-17,2023-05-16,2023-05-16,612188851972b6471ae84acce8c82228cb8d0ba7342cc3346aba628251ccd63e,b815fb68429f4b9062f9cd7785c2dcd39b32459a6fd399c40cd777d0a85bdd52,82,7.98455502099171,11.979003531069475,-1.158114963456057,0.8324388600068966,7.957728329453387,12.178695802639508,False
outer::leave_profile_out_P-V06,q=400|gain=0.25,400.0,0.25,rolling_02,755,14,2023-05-16,2023-07-25,2023-07-25,11c1f50dccf84551ec326a93c023182fa9f2ed026c8aaef11643da7da5a93b90,eee99ecbe76acf0c2c4a815bd89561498ad4893f0703a5e098d5d541405fbae9,14,13.015935917098506,18.533628896138573,-12.080259275239719,0.7752518330646982,7.957728329453387,12.178695802639508,False
outer::leave_profile_out_P-V06,q=400|gain=0.25,400.0,0.25,rolling_03,769,81,2023-07-25,2023-11-07,2023-11-07,198190e59ada1093c54629e60e248fe93e63ca8e221e722cd01ad88eb9e94b5a,3dfdb13feca65d2991421d9f3a01cbe830ae3c0cfc6916cbf9e7d5fcd3bc99e3,81,7.056312342624077,10.930250845618614,2.231378955617141,0.9115619200489451,7.957728329453387,12.178695802639508,False
outer::leave_profile_out_P-V06,q=100|gain=0.5,100.0,0.5,rolling_01,673,82,2023-01-17,2023-05-16,2023-05-16,612188851972b6471ae84acce8c82228cb8d0ba7342cc3346aba628251ccd63e,b815fb68429f4b9062f9cd7785c2dcd39b32459a6fd399c40cd777d0a85bdd52,82,9.088220407069766,13.14625985172649,-1.0271111722334108,0.7981929447309286,8.680893744443377,12.746800328094974,False
outer::leave_profile_out_P-V06,q=100|gain=0.5,100.0,0.5,rolling_02,755,14,2023-05-16,2023-07-25,2023-07-25,11c1f50dccf84551ec326a93c023182fa9f2ed026c8aaef11643da7da5a93b90,eee99ecbe76acf0c2c4a815bd89561498ad4893f0703a5e098d5d541405fbae9,14,12.54435579970687,17.435019675170725,-11.642418483875103,0.8011067170417564,8.680893744443377,12.746800328094974,False
outer::leave_profile_out_P-V06,q=100|gain=0.5,100.0,0.5,rolling_03,769,81,2023-07-25,2023-11-07,2023-11-07,198190e59ada1093c54629e60e248fe93e63ca8e221e722cd01ad88eb9e94b5a,3dfdb13feca65d2991421d9f3a01cbe830ae3c0cfc6916cbf9e7d5fcd3bc99e3,81,7.600779483837789,11.293953202754805,2.7134325159160184,0.9055784740097628,8.680893744443377,12.746800328094974,False
outer::leave_profile_out_P-V06,q=0.5|gain=0.25,0.5,0.25,rolling_01,673,82,2023-01-17,2023-05-16,2023-05-16,612188851972b6471ae84acce8c82228cb8d0ba7342cc3346aba628251ccd63e,b815fb68429f4b9062f9cd7785c2dcd39b32459a6fd399c40cd777d0a85bdd52,82,6.962708390480961,12.151942632276084,-2.247232167173394,0.8275658257009101,8.830786287210149,15.835660869474621,False
outer::leave_profile_out_P-V06,q=0.5|gain=0.25,0.5,0.25,rolling_02,755,14,2023-05-16,2023-07-25,2023-07-25,11c1f50dccf84551ec326a93c023182fa9f2ed026c8aaef11643da7da5a93b90,eee99ecbe76acf0c2c4a815bd89561498ad4893f0703a5e098d5d541405fbae9,14,18.898005223428783,28.645803142645526,-15.926555779440225,0.4630952590394648,8.830786287210149,15.835660869474621,False
outer::leave_profile_out_P-V06,q=0.5|gain=0.25,0.5,0.25,rolling_03,769,81,2023-07-25,2023-11-07,2023-11-07,198190e59ada1093c54629e60e248fe93e63ca8e221e722cd01ad88eb9e94b5a,3dfdb13feca65d2991421d9f3a01cbe830ae3c0cfc6916cbf9e7d5fcd3bc99e3,81,8.981913724552527,16.020395465085127,-1.5574554225395192,0.8100122881831079,8.830786287210149,15.835660869474621,False
outer::leave_profile_out_P-V06,q=0.5|gain=0,0.5,0.0,rolling_01,673,82,2023-01-17,2023-05-16,2023-05-16,612188851972b6471ae84acce8c82228cb8d0ba7342cc3346aba628251ccd63e,b815fb68429f4b9062f9cd7785c2dcd39b32459a6fd399c40cd777d0a85bdd52,82,7.148583221229898,13.879814737132563,-2.583945797460157,0.775043130763361,8.922827215069738,17.222103859650492,False
outer::leave_profile_out_P-V06,q=0.5|gain=0,0.5,0.0,rolling_02,755,14,2023-05-16,2023-07-25,2023-07-25,11c1f50dccf84551ec326a93c023182fa9f2ed026c8aaef11643da7da5a93b90,eee99ecbe76acf0c2c4a815bd89561498ad4893f0703a5e098d5d541405fbae9,14,19.440354467067046,29.74963639506058,-16.27685066563153,0.42092001179513716,8.922827215069738,17.222103859650492,False
outer::leave_profile_out_P-V06,q=0.5|gain=0,0.5,0.0,rolling_03,769,81,2023-07-25,2023-11-07,2023-11-07,198190e59ada1093c54629e60e248fe93e63ca8e221e722cd01ad88eb9e94b5a,3dfdb13feca65d2991421d9f3a01cbe830ae3c0cfc6916cbf9e7d5fcd3bc99e3,81,8.901131239352512,17.32426445634645,-2.5347483546131624,0.7778283417514283,8.922827215069738,17.222103859650492,False
outer::leave_profile_out_P-V06,q=0.5|gain=0.5,0.5,0.5,rolling_01,673,82,2023-01-17,2023-05-16,2023-05-16,612188851972b6471ae84acce8c82228cb8d0ba7342cc3346aba628251ccd63e,b815fb68429f4b9062f9cd7785c2dcd39b32459a6fd399c40cd777d0a85bdd52,82,7.477469533499606,11.374301650448475,-1.910518536886631,0.8489288956560183,9.095368088774991,14.982648997978687,False
outer::leave_profile_out_P-V06,q=0.5|gain=0.5,0.5,0.5,rolling_02,755,14,2023-05-16,2023-07-25,2023-07-25,11c1f50dccf84551ec326a93c023182fa9f2ed026c8aaef11643da7da5a93b90,eee99ecbe76acf0c2c4a815bd89561498ad4893f0703a5e098d5d541405fbae9,14,18.355655979790523,27.550460822350534,-15.576260893248916,0.5033699803750868,9.095368088774991,14.982648997978687,False
outer::leave_profile_out_P-V06,q=0.5|gain=0.5,0.5,0.5,rolling_03,769,81,2023-07-25,2023-11-07,2023-11-07,198190e59ada1093c54629e60e248fe93e63ca8e221e722cd01ad88eb9e94b5a,3dfdb13feca65d2991421d9f3a01cbe830ae3c0cfc6916cbf9e7d5fcd3bc99e3,81,9.132697114186895,15.111846577758756,-0.5801624904658764,0.8309504111663566,9.095368088774991,14.982648997978687,False
outer::leave_profile_out_P-V06,q=400|gain=0.5,400.0,0.5,rolling_01,673,82,2023-01-17,2023-05-16,2023-05-16,612188851972b6471ae84acce8c82228cb8d0ba7342cc3346aba628251ccd63e,b815fb68429f4b9062f9cd7785c2dcd39b32459a6fd399c40cd777d0a85bdd52,82,9.614955813545153,14.211747096244157,-0.8214013331692935,0.7641548979391259,9.146076753153334,13.461076649234576,False
outer::leave_profile_out_P-V06,q=400|gain=0.5,400.0,0.5,rolling_02,755,14,2023-05-16,2023-07-25,2023-07-25,11c1f50dccf84551ec326a93c023182fa9f2ed026c8aaef11643da7da5a93b90,eee99ecbe76acf0c2c4a815bd89561498ad4893f0703a5e098d5d541405fbae9,14,12.691229135958537,17.5518727242977,-11.729964389048412,0.798431736351792,9.146076753153334,13.461076649234576,False
outer::leave_profile_out_P-V06,q=400|gain=0.5,400.0,0.5,rolling_03,769,81,2023-07-25,2023-11-07,2023-11-07,198190e59ada1093c54629e60e248fe93e63ca8e221e722cd01ad88eb9e94b5a,3dfdb13feca65d2991421d9f3a01cbe830ae3c0cfc6916cbf9e7d5fcd3bc99e3,81,8.058666675234793,11.757687376240494,3.2086718876907834,0.8976653132673434,9.146076753153334,13.461076649234576,False
outer::leave_zone_out_GEO_NE,q=25|gain=0,25.0,0.0,rolling_01,472,55,2023-01-17,2023-05-16,2023-05-16,44586243c633a9fa189f9745d15ec93b825ff62e925e2a598ab4df7828780aff,67c1f39fdd3a4a8868eda0d4164d10303aa545257ad9a9f307739ad33a0a6757,55,6.7693812939687215,10.162547514425704,-2.8983920534431107,0.8957560175455402,8.028608907656631,13.206257570855723,True
outer::leave_zone_out_GEO_NE,q=25|gain=0,25.0,0.0,rolling_02,527,14,2023-05-16,2023-07-25,2023-07-25,a16b1396a03d972da1e1a08f64790c9cd8b9f920eb88c55eae3274c22e877c8d,eee99ecbe76acf0c2c4a815bd89561498ad4893f0703a5e098d5d541405fbae9,14,13.397381702761407,20.11966763270813,-12.463150998914681,0.7351397181077881,8.028608907656631,13.206257570855723,True
outer::leave_zone_out_GEO_NE,q=25|gain=0,25.0,0.0,rolling_03,541,55,2023-07-25,2023-11-07,2023-11-07,fb78a9d454224dd37754cf0a75ad45a41809e83231ebcfc736fe326bdae91ac5,d0167aa9550ee58c1f494df1752f6fa093c63f0721e91ed9622d2c2698436020,55,7.921239809863328,13.670658573797196,-1.1426017835744147,0.8825399682472893,8.028608907656631,13.206257570855723,True
outer::leave_zone_out_GEO_NE,q=10|gain=0.25,10.0,0.25,rolling_01,472,55,2023-01-17,2023-05-16,2023-05-16,44586243c633a9fa189f9745d15ec93b825ff62e925e2a598ab4df7828780aff,67c1f39fdd3a4a8868eda0d4164d10303aa545257ad9a9f307739ad33a0a6757,55,6.686158168496214,9.56788007019718,-2.436015626293253,0.9075988743053673,8.039273327539316,12.97327446382273,False
outer::leave_zone_out_GEO_NE,q=10|gain=0.25,10.0,0.25,rolling_02,527,14,2023-05-16,2023-07-25,2023-07-25,a16b1396a03d972da1e1a08f64790c9cd8b9f920eb88c55eae3274c22e877c8d,eee99ecbe76acf0c2c4a815bd89561498ad4893f0703a5e098d5d541405fbae9,14,13.635871854970919,20.273204366410674,-12.55923364965058,0.7310819029196369,8.039273327539316,12.97327446382273,False
outer::leave_zone_out_GEO_NE,q=10|gain=0.25,10.0,0.25,rolling_03,541,55,2023-07-25,2023-11-07,2023-11-07,fb78a9d454224dd37754cf0a75ad45a41809e83231ebcfc736fe326bdae91ac5,d0167aa9550ee58c1f494df1752f6fa093c63f0721e91ed9622d2c2698436020,55,7.967799770508916,13.5384623323679,-0.45890349140783526,0.8848006782619685,8.039273327539316,12.97327446382273,False
outer::leave_zone_out_GEO_NE,q=25|gain=0.25,25.0,0.25,rolling_01,472,55,2023-01-17,2023-05-16,2023-05-16,44586243c633a9fa189f9745d15ec93b825ff62e925e2a598ab4df7828780aff,67c1f39fdd3a4a8868eda0d4164d10303aa545257ad9a9f307739ad33a0a6757,55,7.419041677528304,10.542698436890781,-2.073271605742871,0.8878112305390672,8.062567683759418,12.681419319127077,False
outer::leave_zone_out_GEO_NE,q=25|gain=0.25,25.0,0.25,rolling_02,527,14,2023-05-16,2023-07-25,2023-07-25,a16b1396a03d972da1e1a08f64790c9cd8b9f920eb88c55eae3274c22e877c8d,eee99ecbe76acf0c2c4a815bd89561498ad4893f0703a5e098d5d541405fbae9,14,12.982606178451892,19.08035739559702,-12.112856112723371,0.7617964425203222,8.062567683759418,12.681419319127077,False
outer::leave_zone_out_GEO_NE,q=25|gain=0.25,25.0,0.25,rolling_03,541,55,2023-07-25,2023-11-07,2023-11-07,fb78a9d454224dd37754cf0a75ad45a41809e83231ebcfc736fe326bdae91ac5,d0167aa9550ee58c1f494df1752f6fa093c63f0721e91ed9622d2c2698436020,55,7.453720254977901,12.599764494526802,0.32192628945276136,0.9002217010917752,8.062567683759418,12.681419319127077,False
outer::leave_zone_out_GEO_NE,q=100|gain=0,100.0,0.0,rolling_01,472,55,2023-01-17,2023-05-16,2023-05-16,44586243c633a9fa189f9745d15ec93b825ff62e925e2a598ab4df7828780aff,67c1f39fdd3a4a8868eda0d4164d10303aa545257ad9a9f307739ad33a0a6757,55,7.661340825098479,11.54815844105779,-2.274208257062835,0.8653918722391358,8.085570834854222,13.089667074375152,False
outer::leave_zone_out_GEO_NE,q=100|gain=0,100.0,0.0,rolling_02,527,14,2023-05-16,2023-07-25,2023-07-25,a16b1396a03d972da1e1a08f64790c9cd8b9f920eb88c55eae3274c22e877c8d,eee99ecbe76acf0c2c4a815bd89561498ad4893f0703a5e098d5d541405fbae9,14,13.226067740688901,19.445681452419276,-12.343638832848603,0.7525875402788929,8.085570834854222,13.089667074375152,False
outer::leave_zone_out_GEO_NE,q=100|gain=0,100.0,0.0,rolling_03,541,55,2023-07-25,2023-11-07,2023-11-07,fb78a9d454224dd37754cf0a75ad45a41809e83231ebcfc736fe326bdae91ac5,d0167aa9550ee58c1f494df1752f6fa093c63f0721e91ed9622d2c2698436020,55,7.201310723124775,12.517189827416296,0.07212745961638502,0.9015252431482629,8.085570834854222,13.089667074375152,False
outer::leave_zone_out_GEO_NE,q=400|gain=0,400.0,0.0,rolling_01,472,55,2023-01-17,2023-05-16,2023-05-16,44586243c633a9fa189f9745d15ec93b825ff62e925e2a598ab4df7828780aff,67c1f39fdd3a4a8868eda0d4164d10303aa545257ad9a9f307739ad33a0a6757,55,7.787144727179357,12.31016410920607,-1.9306631496868047,0.847041540337121,8.113252990381635,13.393465594724582,False
outer::leave_zone_out_GEO_NE,q=400|gain=0,400.0,0.0,rolling_02,527,14,2023-05-16,2023-07-25,2023-07-25,a16b1396a03d972da1e1a08f64790c9cd8b9f920eb88c55eae3274c22e877c8d,eee99ecbe76acf0c2c4a815bd89561498ad4893f0703a5e098d5d541405fbae9,14,13.378386336219311,19.52036616884677,-12.42063210920721,0.7506834246135694,8.113252990381635,13.393465594724582,False
outer::leave_zone_out_GEO_NE,q=400|gain=0,400.0,0.0,rolling_03,541,55,2023-07-25,2023-11-07,2023-11-07,fb78a9d454224dd37754cf0a75ad45a41809e83231ebcfc736fe326bdae91ac5,d0167aa9550ee58c1f494df1752f6fa093c63f0721e91ed9622d2c2698436020,55,7.09914549282523,12.48591694096529,0.8104440120351825,0.9020166861822807,8.113252990381635,13.393465594724582,False
outer::leave_zone_out_GEO_NE,q=10|gain=0,10.0,0.0,rolling_01,472,55,2023-01-17,2023-05-16,2023-05-16,44586243c633a9fa189f9745d15ec93b825ff62e925e2a598ab4df7828780aff,67c1f39fdd3a4a8868eda0d4164d10303aa545257ad9a9f307739ad33a0a6757,55,6.162315678188125,10.215578350225044,-3.261136073993493,0.8946652341244226,8.13682969448641,14.057063748796862,False
outer::leave_zone_out_GEO_NE,q=10|gain=0,10.0,0.0,rolling_02,527,14,2023-05-16,2023-07-25,2023-07-25,a16b1396a03d972da1e1a08f64790c9cd8b9f920eb88c55eae3274c22e877c8d,eee99ecbe76acf0c2c4a815bd89561498ad4893f0703a5e098d5d541405fbae9,14,14.110633939321026,21.33719317254073,-12.909528535841886,0.7021141934140227,8.13682969448641,14.057063748796862,False
outer::leave_zone_out_GEO_NE,q=10|gain=0,10.0,0.0,rolling_03,541,55,2023-07-25,2023-11-07,2023-11-07,fb78a9d454224dd37754cf0a75ad45a41809e83231ebcfc736fe326bdae91ac5,d0167aa9550ee58c1f494df1752f6fa093c63f0721e91ed9622d2c2698436020,55,8.590738993917702,15.008467599143607,-1.9234315644350115,0.8584258561021765,8.13682969448641,14.057063748796862,False
outer::leave_zone_out_GEO_NE,q=100|gain=0.25,100.0,0.25,rolling_01,472,55,2023-01-17,2023-05-16,2023-05-16,44586243c633a9fa189f9745d15ec93b825ff62e925e2a598ab4df7828780aff,67c1f39fdd3a4a8868eda0d4164d10303aa545257ad9a9f307739ad33a0a6757,55,8.668954723071124,12.986402870334006,-1.4490878093625945,0.8297749150905112,8.538037581337129,13.381128878199489,False
outer::leave_zone_out_GEO_NE,q=100|gain=0.25,100.0,0.25,rolling_02,527,14,2023-05-16,2023-07-25,2023-07-25,a16b1396a03d972da1e1a08f64790c9cd8b9f920eb88c55eae3274c22e877c8d,eee99ecbe76acf0c2c4a815bd89561498ad4893f0703a5e098d5d541405fbae9,14,12.864109248462611,18.435459377107893,-11.993343946657298,0.7776264340088568,8.538037581337129,13.381128878199489,False
outer::leave_zone_out_GEO_NE,q=100|gain=0.25,100.0,0.25,rolling_03,541,55,2023-07-25,2023-11-07,2023-11-07,fb78a9d454224dd37754cf0a75ad45a41809e83231ebcfc736fe326bdae91ac5,d0167aa9550ee58c1f494df1752f6fa093c63f0721e91ed9622d2c2698436020,55,7.305938560698465,12.187235572519052,1.5366555326435614,0.9066484245112202,8.538037581337129,13.381128878199489,False
outer::leave_zone_out_GEO_NE,q=10|gain=0.5,10.0,0.5,rolling_01,472,55,2023-01-17,2023-05-16,2023-05-16,44586243c633a9fa189f9745d15ec93b825ff62e925e2a598ab4df7828780aff,67c1f39fdd3a4a8868eda0d4164d10303aa545257ad9a9f307739ad33a0a6757,55,8.208481667671244,10.953185521773685,-1.6108951785930128,0.878904862805261,8.672452731343872,12.987338072016723,False
outer::leave_zone_out_GEO_NE,q=10|gain=0.5,10.0,0.5,rolling_02,527,14,2023-05-16,2023-07-25,2023-07-25,a16b1396a03d972da1e1a08f64790c9cd8b9f920eb88c55eae3274c22e877c8d,eee99ecbe76acf0c2c4a815bd89561498ad4893f0703a5e098d5d541405fbae9,14,13.161109770620818,19.225880990736705,-12.208938763459273,0.7581490865165457,8.672452731343872,12.987338072016723,False
outer::leave_zone_out_GEO_NE,q=10|gain=0.5,10.0,0.5,rolling_03,541,55,2023-07-25,2023-11-07,2023-11-07,fb78a9d454224dd37754cf0a75ad45a41809e83231ebcfc736fe326bdae91ac5,d0167aa9550ee58c1f494df1752f6fa093c63f0721e91ed9622d2c2698436020,55,7.993856548655103,12.892450086027328,1.0056245816193408,0.8955322701044401,8.672452731343872,12.987338072016723,False
outer::leave_zone_out_GEO_NE,q=25|gain=0.5,25.0,0.5,rolling_01,472,55,2023-01-17,2023-05-16,2023-05-16,44586243c633a9fa189f9745d15ec93b825ff62e925e2a598ab4df7828780aff,67c1f39fdd3a4a8868eda0d4164d10303aa545257ad9a9f307739ad33a0a6757,55,9.009778281550227,12.659433822572991,-1.2481511580426305,0.838238791851543,8.885112545361112,13.300069310891542,False
outer::leave_zone_out_GEO_NE,q=25|gain=0.5,25.0,0.5,rolling_02,527,14,2023-05-16,2023-07-25,2023-07-25,a16b1396a03d972da1e1a08f64790c9cd8b9f920eb88c55eae3274c22e877c8d,eee99ecbe76acf0c2c4a815bd89561498ad4893f0703a5e098d5d541405fbae9,14,12.596211131678789,18.061664730156203,-11.762561226532064,0.7865526410241507,8.885112545361112,13.300069310891542,False
outer::leave_zone_out_GEO_NE,q=25|gain=0.5,25.0,0.5,rolling_03,541,55,2023-07-25,2023-11-07,2023-11-07,fb78a9d454224dd37754cf0a75ad45a41809e83231ebcfc736fe326bdae91ac5,d0167aa9550ee58c1f494df1752f6fa093c63f0721e91ed9622d2c2698436020,55,7.815803532654765,12.470391695496266,1.7864543624799376,0.9022602036189409,8.885112545361112,13.300069310891542,False
outer::leave_zone_out_GEO_NE,q=2|gain=0.25,2.0,0.25,rolling_01,472,55,2023-01-17,2023-05-16,2023-05-16,44586243c633a9fa189f9745d15ec93b825ff62e925e2a598ab4df7828780aff,67c1f39fdd3a4a8868eda0d4164d10303aa545257ad9a9f307739ad33a0a6757,55,6.868487144694053,11.186154644007463,-3.065150999340497,0.873698806597084,8.921104123293263,15.269553866897066,False
outer::leave_zone_out_GEO_NE,q=2|gain=0.25,2.0,0.25,rolling_02,527,14,2023-05-16,2023-07-25,2023-07-25,a16b1396a03d972da1e1a08f64790c9cd8b9f920eb88c55eae3274c22e877c8d,eee99ecbe76acf0c2c4a815bd89561498ad4893f0703a5e098d5d541405fbae9,14,15.999952482563494,24.156123325365403,-14.299539493303488,0.6182054637364254,8.921104123293263,15.269553866897066,False
outer::leave_zone_out_GEO_NE,q=2|gain=0.25,2.0,0.25,rolling_03,541,55,2023-07-25,2023-11-07,2023-11-07,fb78a9d454224dd37754cf0a75ad45a41809e83231ebcfc736fe326bdae91ac5,d0167aa9550ee58c1f494df1752f6fa093c63f0721e91ed9622d2c2698436020,55,9.171832428623691,15.874703120683094,-1.8742027077345447,0.8416119308995446,8.921104123293263,15.269553866897066,False
outer::leave_zone_out_GEO_NE,q=400|gain=0.25,400.0,0.25,rolling_01,472,55,2023-01-17,2023-05-16,2023-05-16,44586243c633a9fa189f9745d15ec93b825ff62e925e2a598ab4df7828780aff,67c1f39fdd3a4a8868eda0d4164d10303aa545257ad9a9f307739ad33a0a6757,55,9.120781437151084,14.147359567706252,-1.1055427019865645,0.7979789613984528,9.002438849127648,14.046991419925831,False
outer::leave_zone_out_GEO_NE,q=400|gain=0.25,400.0,0.25,rolling_02,527,14,2023-05-16,2023-07-25,2023-07-25,a16b1396a03d972da1e1a08f64790c9cd8b9f920eb88c55eae3274c22e877c8d,eee99ecbe76acf0c2c4a815bd89561498ad4893f0703a5e098d5d541405fbae9,14,13.004739405576444,18.514109919736104,-12.070337223015905,0.7757249777629116,9.002438849127648,14.046991419925831,False
outer::leave_zone_out_GEO_NE,q=400|gain=0.25,400.0,0.25,rolling_03,541,55,2023-07-25,2023-11-07,2023-11-07,fb78a9d454224dd37754cf0a75ad45a41809e83231ebcfc736fe326bdae91ac5,d0167aa9550ee58c1f494df1752f6fa093c63f0721e91ed9622d2c2698436020,55,7.86532884673542,12.548443039758105,2.274972085062358,0.9010328810915968,9.002438849127648,14.046991419925831,False
outer::leave_zone_out_GEO_NE,q=2|gain=0.5,2.0,0.5,rolling_01,472,55,2023-01-17,2023-05-16,2023-05-16,44586243c633a9fa189f9745d15ec93b825ff62e925e2a598ab4df7828780aff,67c1f39fdd3a4a8868eda0d4164d10303aa545257ad9a9f307739ad33a0a6757,55,7.830929155014841,10.855770031914709,-2.2400305516402566,0.8810492771433209,9.316068684955919,14.408693982584005,False
outer::leave_zone_out_GEO_NE,q=2|gain=0.5,2.0,0.5,rolling_02,527,14,2023-05-16,2023-07-25,2023-07-25,a16b1396a03d972da1e1a08f64790c9cd8b9f920eb88c55eae3274c22e877c8d,eee99ecbe76acf0c2c4a815bd89561498ad4893f0703a5e098d5d541405fbae9,14,15.525190398213386,23.0720392731029,-13.94924460711218,0.6517050341740427,9.316068684955919,14.408693982584005,False
outer::leave_zone_out_GEO_NE,q=2|gain=0.5,2.0,0.5,rolling_03,541,55,2023-07-25,2023-11-07,2023-11-07,fb78a9d454224dd37754cf0a75ad45a41809e83231ebcfc736fe326bdae91ac5,d0167aa9550ee58c1f494df1752f6fa093c63f0721e91ed9622d2c2698436020,55,9.220704506067817,14.653330686782388,-0.40967463470736865,0.8650465655911052,9.316068684955919,14.408693982584005,False
outer::leave_zone_out_GEO_NE,q=2|gain=0,2.0,0.0,rolling_01,472,55,2023-01-17,2023-05-16,2023-05-16,44586243c633a9fa189f9745d15ec93b825ff62e925e2a598ab4df7828780aff,67c1f39fdd3a4a8868eda0d4164d10303aa545257ad9a9f307739ad33a0a6757,55,7.094225524287814,13.177785264683457,-3.890271447040737,0.8247206843697961,9.359307380484584,16.981412753703204,False
outer::leave_zone_out_GEO_NE,q=2|gain=0,2.0,0.0,rolling_02,527,14,2023-05-16,2023-07-25,2023-07-25,a16b1396a03d972da1e1a08f64790c9cd8b9f920eb88c55eae3274c22e877c8d,eee99ecbe76acf0c2c4a815bd89561498ad4893f0703a5e098d5d541405fbae9,14,16.49166879107212,25.25118361163901,-14.649834379494795,0.5828053673901021,9.359307380484584,16.981412753703204,False
outer::leave_zone_out_GEO_NE,q=2|gain=0,2.0,0.0,rolling_03,541,55,2023-07-25,2023-11-07,2023-11-07,fb78a9d454224dd37754cf0a75ad45a41809e83231ebcfc736fe326bdae91ac5,d0167aa9550ee58c1f494df1752f6fa093c63f0721e91ed9622d2c2698436020,55,9.808879059440889,17.725172562455164,-3.3387307807617206,0.8025340658906635,9.359307380484584,16.981412753703204,False
outer::leave_zone_out_GEO_NE,q=100|gain=0.5,100.0,0.5,rolling_01,472,55,2023-01-17,2023-05-16,2023-05-16,44586243c633a9fa189f9745d15ec93b825ff62e925e2a598ab4df7828780aff,67c1f39fdd3a4a8868eda0d4164d10303aa545257ad9a9f307739ad33a0a6757,55,10.274422186123704,15.658065387208303,-0.6239673616623543,0.7525303062608355,9.712774431380508,14.71156438993596,False
outer::leave_zone_out_GEO_NE,q=100|gain=0.5,100.0,0.5,rolling_02,527,14,2023-05-16,2023-07-25,2023-07-25,a16b1396a03d972da1e1a08f64790c9cd8b9f920eb88c55eae3274c22e877c8d,eee99ecbe76acf0c2c4a815bd89561498ad4893f0703a5e098d5d541405fbae9,14,12.539402467322637,17.449999413432995,-11.643049060465989,0.800764801830115,9.712774431380508,14.71156438993596,False
outer::leave_zone_out_GEO_NE,q=100|gain=0.5,100.0,0.5,rolling_03,541,55,2023-07-25,2023-11-07,2023-11-07,fb78a9d454224dd37754cf0a75ad45a41809e83231ebcfc736fe326bdae91ac5,d0167aa9550ee58c1f494df1752f6fa093c63f0721e91ed9622d2c2698436020,55,8.431621358397496,12.85561452712138,3.0011836056707373,0.896128375556857,9.712774431380508,14.71156438993596,False
outer::leave_zone_out_GEO_NE,q=400|gain=0.5,400.0,0.5,rolling_01,472,55,2023-01-17,2023-05-16,2023-05-16,44586243c633a9fa189f9745d15ec93b825ff62e925e2a598ab4df7828780aff,67c1f39fdd3a4a8868eda0d4164d10303aa545257ad9a9f307739ad33a0a6757,55,10.926122663875415,17.029300664119486,-0.28042225428632406,0.7072887307787337,10.369750506414416,15.649642362466718,False
outer::leave_zone_out_GEO_NE,q=400|gain=0.5,400.0,0.5,rolling_02,527,14,2023-05-16,2023-07-25,2023-07-25,a16b1396a03d972da1e1a08f64790c9cd8b9f920eb88c55eae3274c22e877c8d,eee99ecbe76acf0c2c4a815bd89561498ad4893f0703a5e098d5d541405fbae9,14,12.680032624436471,17.532955217591482,-11.720042336824594,0.798866005003548,10.369750506414416,15.649642362466718,False
outer::leave_zone_out_GEO_NE,q=400|gain=0.5,400.0,0.5,rolling_03,541,55,2023-07-25,2023-11-07,2023-11-07,fb78a9d454224dd37754cf0a75ad45a41809e83231ebcfc736fe326bdae91ac5,d0167aa9550ee58c1f494df1752f6fa093c63f0721e91ed9622d2c2698436020,55,9.225306537093257,13.561643257097716,3.7395001580895344,0.8844058456835925,10.369750506414416,15.649642362466718,False
outer::leave_zone_out_GEO_NE,q=0.5|gain=0.5,0.5,0.5,rolling_01,472,55,2023-01-17,2023-05-16,2023-05-16,44586243c633a9fa189f9745d15ec93b825ff62e925e2a598ab4df7828780aff,67c1f39fdd3a4a8868eda0d4164d10303aa545257ad9a9f307739ad33a0a6757,55,8.59982000218558,13.323510076717058,-2.5523250558288,0.8208226431962021,10.931868338600538,17.524870010697008,False
outer::leave_zone_out_GEO_NE,q=0.5|gain=0.5,0.5,0.5,rolling_02,527,14,2023-05-16,2023-07-25,2023-07-25,a16b1396a03d972da1e1a08f64790c9cd8b9f920eb88c55eae3274c22e877c8d,eee99ecbe76acf0c2c4a815bd89561498ad4893f0703a5e098d5d541405fbae9,14,18.64050543900956,28.01567366337009,-15.766892871824973,0.48645633921940123,10.931868338600538,17.524870010697008,False
outer::leave_zone_out_GEO_NE,q=0.5|gain=0.5,0.5,0.5,rolling_03,541,55,2023-07-25,2023-11-07,2023-11-07,fb78a9d454224dd37754cf0a75ad45a41809e83231ebcfc736fe326bdae91ac5,d0167aa9550ee58c1f494df1752f6fa093c63f0721e91ed9622d2c2698436020,55,11.301718140365923,17.751489212391764,-1.9155688589911364,0.8019472733408294,10.931868338600538,17.524870010697008,False
outer::leave_zone_out_GEO_NE,q=0.5|gain=0.25,0.5,0.25,rolling_01,472,55,2023-01-17,2023-05-16,2023-05-16,44586243c633a9fa189f9745d15ec93b825ff62e925e2a598ab4df7828780aff,67c1f39fdd3a4a8868eda0d4164d10303aa545257ad9a9f307739ad33a0a6757,55,8.424142737428182,14.568259340718514,-3.3774455035290405,0.7857794429298879,10.99221417136404,18.808124752097065,False
outer::leave_zone_out_GEO_NE,q=0.5|gain=0.25,0.5,0.25,rolling_02,527,14,2023-05-16,2023-07-25,2023-07-25,a16b1396a03d972da1e1a08f64790c9cd8b9f920eb88c55eae3274c22e877c8d,eee99ecbe76acf0c2c4a815bd89561498ad4893f0703a5e098d5d541405fbae9,14,19.18285468264782,29.10988103246417,-16.11718775801628,0.44555803527638493,10.99221417136404,18.808124752097065,False
outer::leave_zone_out_GEO_NE,q=0.5|gain=0.25,0.5,0.25,rolling_03,541,55,2023-07-25,2023-11-07,2023-11-07,fb78a9d454224dd37754cf0a75ad45a41809e83231ebcfc736fe326bdae91ac5,d0167aa9550ee58c1f494df1752f6fa093c63f0721e91ed9622d2c2698436020,55,11.47539529333676,19.22506729410732,-3.380096932018312,0.7677011940651407,10.99221417136404,18.808124752097065,False
outer::leave_zone_out_GEO_NE,q=0.5|gain=0,0.5,0.0,rolling_01,472,55,2023-01-17,2023-05-16,2023-05-16,44586243c633a9fa189f9745d15ec93b825ff62e925e2a598ab4df7828780aff,67c1f39fdd3a4a8868eda0d4164d10303aa545257ad9a9f307739ad33a0a6757,55,9.218448871481655,16.976280384734167,-4.20256595122928,0.7091085909825225,11.52889954116329,20.737172789372934,False
outer::leave_zone_out_GEO_NE,q=0.5|gain=0,0.5,0.0,rolling_02,527,14,2023-05-16,2023-07-25,2023-07-25,a16b1396a03d972da1e1a08f64790c9cd8b9f920eb88c55eae3274c22e877c8d,eee99ecbe76acf0c2c4a815bd89561498ad4893f0703a5e098d5d541405fbae9,14,19.725203926286085,30.212531479897045,-16.46748264420759,0.40275920542466304,11.52889954116329,20.737172789372934,False
outer::leave_zone_out_GEO_NE,q=0.5|gain=0,0.5,0.0,rolling_03,541,55,2023-07-25,2023-11-07,2023-11-07,fb78a9d454224dd37754cf0a75ad45a41809e83231ebcfc736fe326bdae91ac5,d0167aa9550ee58c1f494df1752f6fa093c63f0721e91ed9622d2c2698436020,55,11.753018185540936,21.18915996243384,-4.844625005045488,0.7178118844721315,11.52889954116329,20.737172789372934,False
outer::leave_zone_out_GEO_NW,q=25|gain=0,25.0,0.0,rolling_01,655,80,2023-01-17,2023-05-16,2023-05-16,5db460ae9716563a0e12d918031021a44539272877aa7bcb005edf0e6636ca11,46329a84dff306c9b7d3f6e44c689f1d5055f36a45de61cb56c41c709dcc797a,80,5.67339548938746,8.701012537950842,-1.565264695269502,0.913050229242862,6.79384526907621,11.353833129267878,True
outer::leave_zone_out_GEO_NW,q=25|gain=0,25.0,0.0,rolling_02,735,14,2023-05-16,2023-07-25,2023-07-25,b98e44f25d92d8e8f318c68aadf6287ab1a665a55b68f74524c9051a8f9b2e2c,eee99ecbe76acf0c2c4a815bd89561498ad4893f0703a5e098d5d541405fbae9,14,13.323271901604798,19.984969237407142,-12.404880555109045,0.7386742527531724,6.79384526907621,11.353833129267878,True
outer::leave_zone_out_GEO_NW,q=25|gain=0,25.0,0.0,rolling_03,749,80,2023-07-25,2023-11-07,2023-11-07,57a6960a74213dd68a9d856354fa7ee3fcff6ad63ade9589957e0b5551f51e90,f47ebe73818677d7711346c5f40d5cc9a3483689b06df04028289646090f9983,80,6.771645388072457,11.609297017808412,-0.2677154948340924,0.900566582480722,6.79384526907621,11.353833129267878,True
outer::leave_zone_out_GEO_NW,q=10|gain=0,10.0,0.0,rolling_01,655,80,2023-01-17,2023-05-16,2023-05-16,5db460ae9716563a0e12d918031021a44539272877aa7bcb005edf0e6636ca11,46329a84dff306c9b7d3f6e44c689f1d5055f36a45de61cb56c41c709dcc797a,80,5.223645331925795,8.636726043300252,-1.8376382780254938,0.9143303208448037,6.828282928333275,11.976994671770557,False
outer::leave_zone_out_GEO_NW,q=10|gain=0,10.0,0.0,rolling_02,735,14,2023-05-16,2023-07-25,2023-07-25,b98e44f25d92d8e8f318c68aadf6287ab1a665a55b68f74524c9051a8f9b2e2c,eee99ecbe76acf0c2c4a815bd89561498ad4893f0703a5e098d5d541405fbae9,14,13.969253392912833,21.098069148384,-12.787423512104343,0.7087535399149161,6.828282928333275,11.976994671770557,False
outer::leave_zone_out_GEO_NW,q=10|gain=0,10.0,0.0,rolling_03,749,80,2023-07-25,2023-11-07,2023-11-07,57a6960a74213dd68a9d856354fa7ee3fcff6ad63ade9589957e0b5551f51e90,f47ebe73818677d7711346c5f40d5cc9a3483689b06df04028289646090f9983,80,7.183250693439332,12.62971673927427,-0.7800678578143736,0.8823186229131629,6.828282928333275,11.976994671770557,False
outer::leave_zone_out_GEO_NW,q=10|gain=0.25,10.0,0.25,rolling_01,655,80,2023-01-17,2023-05-16,2023-05-16,5db460ae9716563a0e12d918031021a44539272877aa7bcb005edf0e6636ca11,46329a84dff306c9b7d3f6e44c689f1d5055f36a45de61cb56c41c709dcc797a,80,5.651951481745762,8.175952539077365,-1.3414046222004867,0.9232275189516811,6.8346772084967515,11.205143927627693,False
outer::leave_zone_out_GEO_NW,q=10|gain=0.25,10.0,0.25,rolling_02,735,14,2023-05-16,2023-07-25,2023-07-25,b98e44f25d92d8e8f318c68aadf6287ab1a665a55b68f74524c9051a8f9b2e2c,eee99ecbe76acf0c2c4a815bd89561498ad4893f0703a5e098d5d541405fbae9,14,13.494491308562731,20.03720607293892,-12.437128625913036,0.7373063576887773,6.8346772084967515,11.205143927627693,False
outer::leave_zone_out_GEO_NW,q=10|gain=0.25,10.0,0.25,rolling_03,749,80,2023-07-25,2023-11-07,2023-11-07,57a6960a74213dd68a9d856354fa7ee3fcff6ad63ade9589957e0b5551f51e90,f47ebe73818677d7711346c5f40d5cc9a3483689b06df04028289646090f9983,80,6.851935467736194,11.660865534839532,0.11970194512269466,0.8996812537039449,6.8346772084967515,11.205143927627693,False
outer::leave_zone_out_GEO_NW,q=100|gain=0,100.0,0.0,rolling_01,655,80,2023-01-17,2023-05-16,2023-05-16,5db460ae9716563a0e12d918031021a44539272877aa7bcb005edf0e6636ca11,46329a84dff306c9b7d3f6e44c689f1d5055f36a45de61cb56c41c709dcc797a,80,6.4018805708454725,9.923111547152999,-1.135092880820371,0.8869098971349867,6.926584000463739,11.361322305948677,False
outer::leave_zone_out_GEO_NW,q=100|gain=0,100.0,0.0,rolling_02,735,14,2023-05-16,2023-07-25,2023-07-25,b98e44f25d92d8e8f318c68aadf6287ab1a665a55b68f74524c9051a8f9b2e2c,eee99ecbe76acf0c2c4a815bd89561498ad4893f0703a5e098d5d541405fbae9,14,13.229419246551744,19.427699793014998,-12.342914523679582,0.7530448993716097,6.926584000463739,11.361322305948677,False
outer::leave_zone_out_GEO_NW,q=100|gain=0,100.0,0.0,rolling_03,749,80,2023-07-25,2023-11-07,2023-11-07,57a6960a74213dd68a9d856354fa7ee3fcff6ad63ade9589957e0b5551f51e90,f47ebe73818677d7711346c5f40d5cc9a3483689b06df04028289646090f9983,80,6.348291262016606,10.780949319432677,0.5385402119047736,0.9142499207325254,6.926584000463739,11.361322305948677,False
outer::leave_zone_out_GEO_NW,q=25|gain=0.25,25.0,0.25,rolling_01,655,80,2023-01-17,2023-05-16,2023-05-16,5db460ae9716563a0e12d918031021a44539272877aa7bcb005edf0e6636ca11,46329a84dff306c9b7d3f6e44c689f1d5055f36a45de61cb56c41c709dcc797a,80,6.257944213026496,8.95281457487546,-1.0690310394444948,0.9079448623176052,6.9359247038689364,10.987546963597035,False
outer::leave_zone_out_GEO_NW,q=25|gain=0.25,25.0,0.25,rolling_02,735,14,2023-05-16,2023-07-25,2023-07-25,b98e44f25d92d8e8f318c68aadf6287ab1a665a55b68f74524c9051a8f9b2e2c,eee99ecbe76acf0c2c4a815bd89561498ad4893f0703a5e098d5d541405fbae9,14,12.92107038221586,18.948673167788474,-12.054585668917738,0.7650730487199078,6.9359247038689364,10.987546963597035,False
outer::leave_zone_out_GEO_NW,q=25|gain=0.25,25.0,0.25,rolling_03,749,80,2023-07-25,2023-11-07,2023-11-07,57a6960a74213dd68a9d856354fa7ee3fcff6ad63ade9589957e0b5551f51e90,f47ebe73818677d7711346c5f40d5cc9a3483689b06df04028289646090f9983,80,6.566504701000664,10.935832528777839,0.6320543081029757,0.9117683861657644,6.9359247038689364,10.987546963597035,False
outer::leave_zone_out_GEO_NW,q=400|gain=0,400.0,0.0,rolling_01,655,80,2023-01-17,2023-05-16,2023-05-16,5db460ae9716563a0e12d918031021a44539272877aa7bcb005edf0e6636ca11,46329a84dff306c9b7d3f6e44c689f1d5055f36a45de61cb56c41c709dcc797a,80,6.566776770132609,10.57987543119289,-0.9063091835896557,0.8714447074598768,6.992437160848479,11.646106453971331,False
outer::leave_zone_out_GEO_NW,q=400|gain=0,400.0,0.0,rolling_02,735,14,2023-05-16,2023-07-25,2023-07-25,b98e44f25d92d8e8f318c68aadf6287ab1a665a55b68f74524c9051a8f9b2e2c,eee99ecbe76acf0c2c4a815bd89561498ad4893f0703a5e098d5d541405fbae9,14,13.391605675085447,19.541096187245937,-12.43087560459027,0.7501536106278599,6.992437160848479,11.646106453971331,False
outer::leave_zone_out_GEO_NW,q=400|gain=0,400.0,0.0,rolling_03,749,80,2023-07-25,2023-11-07,2023-11-07,57a6960a74213dd68a9d856354fa7ee3fcff6ad63ade9589957e0b5551f51e90,f47ebe73818677d7711346c5f40d5cc9a3483689b06df04028289646090f9983,80,6.298243061572881,10.781505651766018,1.0229925555077757,0.9142410705336884,6.992437160848479,11.646106453971331,False
outer::leave_zone_out_GEO_NW,q=100|gain=0.25,100.0,0.25,rolling_01,655,80,2023-01-17,2023-05-16,2023-05-16,5db460ae9716563a0e12d918031021a44539272877aa7bcb005edf0e6636ca11,46329a84dff306c9b7d3f6e44c689f1d5055f36a45de61cb56c41c709dcc797a,80,7.312662949479199,10.9315305651909,-0.6388592249953633,0.8627568114952894,7.3621545385469265,11.579702657490174,False
outer::leave_zone_out_GEO_NW,q=100|gain=0.25,100.0,0.25,rolling_02,735,14,2023-05-16,2023-07-25,2023-07-25,b98e44f25d92d8e8f318c68aadf6287ab1a665a55b68f74524c9051a8f9b2e2c,eee99ecbe76acf0c2c4a815bd89561498ad4893f0703a5e098d5d541405fbae9,14,12.869163833421327,18.418534191420726,-11.992619637488273,0.7780345590388121,7.3621545385469265,11.579702657490174,False
outer::leave_zone_out_GEO_NW,q=100|gain=0.25,100.0,0.25,rolling_03,749,80,2023-07-25,2023-11-07,2023-11-07,57a6960a74213dd68a9d856354fa7ee3fcff6ad63ade9589957e0b5551f51e90,f47ebe73818677d7711346c5f40d5cc9a3483689b06df04028289646090f9983,80,6.447919501011634,10.619741585945183,1.438310014841841,0.9167951926610015,7.3621545385469265,11.579702657490174,False
outer::leave_zone_out_GEO_NW,q=10|gain=0.5,10.0,0.5,rolling_01,655,80,2023-01-17,2023-05-16,2023-05-16,5db460ae9716563a0e12d918031021a44539272877aa7bcb005edf0e6636ca11,46329a84dff306c9b7d3f6e44c689f1d5055f36a45de61cb56c41c709dcc797a,80,6.892445407761832,9.211251416191914,-0.8451709663754793,0.9025535269517688,7.429521211718206,11.260087694664284,False
outer::leave_zone_out_GEO_NW,q=10|gain=0.5,10.0,0.5,rolling_02,735,14,2023-05-16,2023-07-25,2023-07-25,b98e44f25d92d8e8f318c68aadf6287ab1a665a55b68f74524c9051a8f9b2e2c,eee99ecbe76acf0c2c4a815bd89561498ad4893f0703a5e098d5d541405fbae9,14,13.03082346773924,18.99356244669841,-12.086833739721728,0.7639586495539328,7.429521211718206,11.260087694664284,False
outer::leave_zone_out_GEO_NW,q=10|gain=0.5,10.0,0.5,rolling_03,749,80,2023-07-25,2023-11-07,2023-11-07,57a6960a74213dd68a9d856354fa7ee3fcff6ad63ade9589957e0b5551f51e90,f47ebe73818677d7711346c5f40d5cc9a3483689b06df04028289646090f9983,80,6.986369120870897,11.304334355187377,1.0194717480597624,0.9057219676052647,7.429521211718206,11.260087694664284,False
outer::leave_zone_out_GEO_NW,q=2|gain=0.25,2.0,0.25,rolling_01,655,80,2023-01-17,2023-05-16,2023-05-16,5db460ae9716563a0e12d918031021a44539272877aa7bcb005edf0e6636ca11,46329a84dff306c9b7d3f6e44c689f1d5055f36a45de61cb56c41c709dcc797a,80,5.82572447313755,9.482127599671601,-1.7558747807495805,0.8967380212514503,7.435987357988225,13.055140108878875,False
outer::leave_zone_out_GEO_NW,q=2|gain=0.25,2.0,0.25,rolling_02,735,14,2023-05-16,2023-07-25,2023-07-25,b98e44f25d92d8e8f318c68aadf6287ab1a665a55b68f74524c9051a8f9b2e2c,eee99ecbe76acf0c2c4a815bd89561498ad4893f0703a5e098d5d541405fbae9,14,15.75657970564793,23.754942168583153,-14.084325839435266,0.6307817260798407,7.435987357988225,13.055140108878875,False
outer::leave_zone_out_GEO_NW,q=2|gain=0.25,2.0,0.25,rolling_03,749,80,2023-07-25,2023-11-07,2023-11-07,57a6960a74213dd68a9d856354fa7ee3fcff6ad63ade9589957e0b5551f51e90,f47ebe73818677d7711346c5f40d5cc9a3483689b06df04028289646090f9983,80,7.590146581998449,13.492109498839103,-0.8134357018777733,0.8656986941062406,7.435987357988225,13.055140108878875,False
outer::leave_zone_out_GEO_NW,q=2|gain=0,2.0,0.0,rolling_01,655,80,2023-01-17,2023-05-16,2023-05-16,5db460ae9716563a0e12d918031021a44539272877aa7bcb005edf0e6636ca11,46329a84dff306c9b7d3f6e44c689f1d5055f36a45de61cb56c41c709dcc797a,80,5.786808069426934,10.890405443667197,-2.2521084365745874,0.8637875044906974,7.617454936949507,14.291405341869547,False
outer::leave_zone_out_GEO_NW,q=2|gain=0,2.0,0.0,rolling_02,735,14,2023-05-16,2023-07-25,2023-07-25,b98e44f25d92d8e8f318c68aadf6287ab1a665a55b68f74524c9051a8f9b2e2c,eee99ecbe76acf0c2c4a815bd89561498ad4893f0703a5e098d5d541405fbae9,14,16.231341789998027,24.848778902579426,-14.434620725626573,0.5959963056601467,7.617454936949507,14.291405341869547,False
outer::leave_zone_out_GEO_NW,q=2|gain=0,2.0,0.0,rolling_03,749,80,2023-07-25,2023-11-07,2023-11-07,57a6960a74213dd68a9d856354fa7ee3fcff6ad63ade9589957e0b5551f51e90,f47ebe73818677d7711346c5f40d5cc9a3483689b06df04028289646090f9983,80,7.94067160518859,14.750407857433585,-1.7132055048148418,0.8394802113569438,7.617454936949507,14.291405341869547,False
outer::leave_zone_out_GEO_NW,q=25|gain=0.5,25.0,0.5,rolling_01,655,80,2023-01-17,2023-05-16,2023-05-16,5db460ae9716563a0e12d918031021a44539272877aa7bcb005edf0e6636ca11,46329a84dff306c9b7d3f6e44c689f1d5055f36a45de61cb56c41c709dcc797a,80,7.579068195777276,10.504567958533766,-0.5727973836194878,0.8732683052855588,7.6621197725966645,11.474769069950247,False
outer::leave_zone_out_GEO_NW,q=25|gain=0.5,25.0,0.5,rolling_02,735,14,2023-05-16,2023-07-25,2023-07-25,b98e44f25d92d8e8f318c68aadf6287ab1a665a55b68f74524c9051a8f9b2e2c,eee99ecbe76acf0c2c4a815bd89561498ad4893f0703a5e098d5d541405fbae9,14,12.53467533544276,17.93349146170394,-11.70429078272643,0.7895713187779374,7.6621197725966645,11.474769069950247,False
outer::leave_zone_out_GEO_NW,q=25|gain=0.5,25.0,0.5,rolling_03,749,80,2023-07-25,2023-11-07,2023-11-07,57a6960a74213dd68a9d856354fa7ee3fcff6ad63ade9589957e0b5551f51e90,f47ebe73818677d7711346c5f40d5cc9a3483689b06df04028289646090f9983,80,6.892474125917987,10.943273688993312,1.5318241110400432,0.9116482729613445,7.6621197725966645,11.474769069950247,False
outer::leave_zone_out_GEO_NW,q=400|gain=0.25,400.0,0.25,rolling_01,655,80,2023-01-17,2023-05-16,2023-05-16,5db460ae9716563a0e12d918031021a44539272877aa7bcb005edf0e6636ca11,46329a84dff306c9b7d3f6e44c689f1d5055f36a45de61cb56c41c709dcc797a,80,7.720790639573288,11.865293104872391,-0.4100755277646486,0.838309019632659,7.746096061515512,12.111314434316233,False
outer::leave_zone_out_GEO_NW,q=400|gain=0.25,400.0,0.25,rolling_02,735,14,2023-05-16,2023-07-25,2023-07-25,b98e44f25d92d8e8f318c68aadf6287ab1a665a55b68f74524c9051a8f9b2e2c,eee99ecbe76acf0c2c4a815bd89561498ad4893f0703a5e098d5d541405fbae9,14,13.01630079931313,18.53430570470019,-12.080580718398961,0.775235418118458,7.746096061515512,12.111314434316233,False
outer::leave_zone_out_GEO_NW,q=400|gain=0.25,400.0,0.25,rolling_03,749,80,2023-07-25,2023-11-07,2023-11-07,57a6960a74213dd68a9d856354fa7ee3fcff6ad63ade9589957e0b5551f51e90,f47ebe73818677d7711346c5f40d5cc9a3483689b06df04028289646090f9983,80,6.849115654343153,10.869052296739135,1.922762358444843,0.912842677919422,7.746096061515512,12.111314434316233,False
outer::leave_zone_out_GEO_NW,q=2|gain=0.5,2.0,0.5,rolling_01,655,80,2023-01-17,2023-05-16,2023-05-16,5db460ae9716563a0e12d918031021a44539272877aa7bcb005edf0e6636ca11,46329a84dff306c9b7d3f6e44c689f1d5055f36a45de61cb56c41c709dcc797a,80,6.5781668382757115,9.325682090993604,-1.259641124924574,0.9001173479054136,7.805969035664851,12.480247403827589,False
outer::leave_zone_out_GEO_NW,q=2|gain=0.5,2.0,0.5,rolling_02,735,14,2023-05-16,2023-07-25,2023-07-25,b98e44f25d92d8e8f318c68aadf6287ab1a665a55b68f74524c9051a8f9b2e2c,eee99ecbe76acf0c2c4a815bd89561498ad4893f0703a5e098d5d541405fbae9,14,15.281817621297826,22.67239342689624,-13.734030953243963,0.6636666205908291,7.805969035664851,12.480247403827589,False
outer::leave_zone_out_GEO_NW,q=2|gain=0.5,2.0,0.5,rolling_03,749,80,2023-07-25,2023-11-07,2023-11-07,57a6960a74213dd68a9d856354fa7ee3fcff6ad63ade9589957e0b5551f51e90,f47ebe73818677d7711346c5f40d5cc9a3483689b06df04028289646090f9983,80,7.725497730568222,12.721857395115219,0.08633410105929368,0.8805952599660749,7.805969035664851,12.480247403827589,False
outer::leave_zone_out_GEO_NW,q=100|gain=0.5,100.0,0.5,rolling_01,655,80,2023-01-17,2023-05-16,2023-05-16,5db460ae9716563a0e12d918031021a44539272877aa7bcb005edf0e6636ca11,46329a84dff306c9b7d3f6e44c689f1d5055f36a45de61cb56c41c709dcc797a,80,8.708418384331914,12.894819416145065,-0.14262556917035663,0.8090325357488026,8.357935738704452,12.578825784371524,False
outer::leave_zone_out_GEO_NW,q=100|gain=0.5,100.0,0.5,rolling_02,735,14,2023-05-16,2023-07-25,2023-07-25,b98e44f25d92d8e8f318c68aadf6287ab1a665a55b68f74524c9051a8f9b2e2c,eee99ecbe76acf0c2c4a815bd89561498ad4893f0703a5e098d5d541405fbae9,14,12.544457052281356,17.434275610455913,-11.642324751296965,0.8011236927973089,8.357935738704452,12.578825784371524,False
outer::leave_zone_out_GEO_NW,q=100|gain=0.5,100.0,0.5,rolling_03,749,80,2023-07-25,2023-11-07,2023-11-07,57a6960a74213dd68a9d856354fa7ee3fcff6ad63ade9589957e0b5551f51e90,f47ebe73818677d7711346c5f40d5cc9a3483689b06df04028289646090f9983,80,7.274811863201032,11.165800668169238,2.338079817778909,0.9080185477000152,8.357935738704452,12.578825784371524,False
outer::leave_zone_out_GEO_NW,q=400|gain=0.5,400.0,0.5,rolling_01,655,80,2023-01-17,2023-05-16,2023-05-16,5db460ae9716563a0e12d918031021a44539272877aa7bcb005edf0e6636ca11,46329a84dff306c9b7d3f6e44c689f1d5055f36a45de61cb56c41c709dcc797a,80,9.231600286186456,13.977996506879405,0.08615812806035916,0.7756021416986518,8.817745680385649,13.299005771032947,False
outer::leave_zone_out_GEO_NW,q=400|gain=0.5,400.0,0.5,rolling_02,735,14,2023-05-16,2023-07-25,2023-07-25,b98e44f25d92d8e8f318c68aadf6287ab1a665a55b68f74524c9051a8f9b2e2c,eee99ecbe76acf0c2c4a815bd89561498ad4893f0703a5e098d5d541405fbae9,14,12.691594018173156,17.552527382093736,-11.730285832207652,0.7984166997003505,8.817745680385649,13.299005771032947,False
outer::leave_zone_out_GEO_NW,q=400|gain=0.5,400.0,0.5,rolling_03,749,80,2023-07-25,2023-11-07,2023-11-07,57a6960a74213dd68a9d856354fa7ee3fcff6ad63ade9589957e0b5551f51e90,f47ebe73818677d7711346c5f40d5cc9a3483689b06df04028289646090f9983,80,7.725967615472026,11.635200111059348,2.822532161381911,0.9001223684156932,8.817745680385649,13.299005771032947,False
outer::leave_zone_out_GEO_NW,q=0.5|gain=0.25,0.5,0.25,rolling_01,655,80,2023-01-17,2023-05-16,2023-05-16,5db460ae9716563a0e12d918031021a44539272877aa7bcb005edf0e6636ca11,46329a84dff306c9b7d3f6e44c689f1d5055f36a45de61cb56c41c709dcc797a,80,7.051277270912244,12.291363590772537,-1.8044162366102325,0.8264882125076769,8.979412469711534,15.983407362465089,False
outer::leave_zone_out_GEO_NW,q=0.5|gain=0.25,0.5,0.25,rolling_02,735,14,2023-05-16,2023-07-25,2023-07-25,b98e44f25d92d8e8f318c68aadf6287ab1a665a55b68f74524c9051a8f9b2e2c,eee99ecbe76acf0c2c4a815bd89561498ad4893f0703a5e098d5d541405fbae9,14,18.887924825789156,28.63048636085947,-15.920645260964655,0.46366926662732855,8.979412469711534,15.983407362465089,False
outer::leave_zone_out_GEO_NW,q=0.5|gain=0.25,0.5,0.25,rolling_03,749,80,2023-07-25,2023-11-07,2023-11-07,57a6960a74213dd68a9d856354fa7ee3fcff6ad63ade9589957e0b5551f51e90,f47ebe73818677d7711346c5f40d5cc9a3483689b06df04028289646090f9983,80,9.173558006197247,16.15920175002737,-1.7430760895536648,0.807353852856194,8.979412469711534,15.983407362465089,False
outer::leave_zone_out_GEO_NW,q=0.5|gain=0.5,0.5,0.5,rolling_01,655,80,2023-01-17,2023-05-16,2023-05-16,5db460ae9716563a0e12d918031021a44539272877aa7bcb005edf0e6636ca11,46329a84dff306c9b7d3f6e44c689f1d5055f36a45de61cb56c41c709dcc797a,80,7.465768590745815,11.45257414570372,-1.3081825807852252,0.8493618141860106,9.117230919013677,15.07893917819623,False
outer::leave_zone_out_GEO_NW,q=0.5|gain=0.5,0.5,0.5,rolling_02,735,14,2023-05-16,2023-07-25,2023-07-25,b98e44f25d92d8e8f318c68aadf6287ab1a665a55b68f74524c9051a8f9b2e2c,eee99ecbe76acf0c2c4a815bd89561498ad4893f0703a5e098d5d541405fbae9,14,18.345575582150897,27.535090326284735,-15.570350374773346,0.5039239689597557,9.117230919013677,15.07893917819623,False
outer::leave_zone_out_GEO_NW,q=0.5|gain=0.5,0.5,0.5,rolling_03,749,80,2023-07-25,2023-11-07,2023-11-07,57a6960a74213dd68a9d856354fa7ee3fcff6ad63ade9589957e0b5551f51e90,f47ebe73818677d7711346c5f40d5cc9a3483689b06df04028289646090f9983,80,9.153732931232529,15.188685598914754,-0.8433062866165971,0.8297994707781031,9.117230919013677,15.07893917819623,False
outer::leave_zone_out_GEO_NW,q=0.5|gain=0,0.5,0.0,rolling_01,655,80,2023-01-17,2023-05-16,2023-05-16,5db460ae9716563a0e12d918031021a44539272877aa7bcb005edf0e6636ca11,46329a84dff306c9b7d3f6e44c689f1d5055f36a45de61cb56c41c709dcc797a,80,7.320201600409543,14.026459739903125,-2.3006498924352394,0.7740434207225537,9.185093825256278,17.398036971759545,False
outer::leave_zone_out_GEO_NW,q=0.5|gain=0,0.5,0.0,rolling_02,735,14,2023-05-16,2023-07-25,2023-07-25,b98e44f25d92d8e8f318c68aadf6287ab1a665a55b68f74524c9051a8f9b2e2c,eee99ecbe76acf0c2c4a815bd89561498ad4893f0703a5e098d5d541405fbae9,14,19.430274069427416,29.734373728562804,-16.270940147155965,0.4215140383861956,9.185093825256278,17.398036971759545,False
outer::leave_zone_out_GEO_NW,q=0.5|gain=0,0.5,0.0,rolling_03,749,80,2023-07-25,2023-11-07,2023-11-07,57a6960a74213dd68a9d856354fa7ee3fcff6ad63ade9589957e0b5551f51e90,f47ebe73818677d7711346c5f40d5cc9a3483689b06df04028289646090f9983,80,9.25707950737306,17.518264247877198,-2.6428458924907328,0.7735863180448226,9.185093825256278,17.398036971759545,False
outer::leave_zone_out_GEO_SE,q=10|gain=0,10.0,0.0,rolling_01,651,81,2023-01-17,2023-05-16,2023-05-16,f0b79870125773d7c0674b4ac7a43e59b7eae7da797bd389eb788979f3ba94f5,35b258953af434b795f1e6a32df06231b5566abd8f8a3c906af5b1eb459b939d,81,5.075235876440405,8.468380790414278,-2.4998954417595365,0.9182150277340518,6.386775338735491,11.164072809564539,True
outer::leave_zone_out_GEO_SE,q=10|gain=0,10.0,0.0,rolling_02,732,7,2023-05-16,2023-07-25,2023-07-25,19fa3243f18bff8a589def93b2c99970b213aa20ad9467cbc671a72e4998fcf8,9de6d9280117a3cc2876c10fc979a2202a1af06b93716e2823549516fdb3af41,7,18.165666066427086,22.927216960075253,-18.165666066427086,0.709297164397851,6.386775338735491,11.164072809564539,True
outer::leave_zone_out_GEO_SE,q=10|gain=0,10.0,0.0,rolling_03,739,80,2023-07-25,2023-11-07,2023-11-07,67d0f454d2b5ddb5d43e88b6baefeaafe24dda2d01159f15c7526bad3d96b7b4,e96991835e2ceb6c06e3435d694f822730e6434d06e4c84501103205ec87789d,80,6.684056105636252,11.963769980795556,-0.17756708674409205,0.8846879127665488,6.386775338735491,11.164072809564539,True
outer::leave_zone_out_GEO_SE,q=25|gain=0,25.0,0.0,rolling_01,651,81,2023-01-17,2023-05-16,2023-05-16,f0b79870125773d7c0674b4ac7a43e59b7eae7da797bd389eb788979f3ba94f5,35b258953af434b795f1e6a32df06231b5566abd8f8a3c906af5b1eb459b939d,81,5.629508658365534,8.605361544784778,-2.2755282908796977,0.9155477942736114,6.490058968036484,10.691124281364234,False
outer::leave_zone_out_GEO_SE,q=25|gain=0,25.0,0.0,rolling_02,732,7,2023-05-16,2023-07-25,2023-07-25,19fa3243f18bff8a589def93b2c99970b213aa20ad9467cbc671a72e4998fcf8,9de6d9280117a3cc2876c10fc979a2202a1af06b93716e2823549516fdb3af41,7,16.849080008423215,20.9021066350292,-16.849080008423215,0.7583834356391155,6.490058968036484,10.691124281364234,False
outer::leave_zone_out_GEO_SE,q=25|gain=0,25.0,0.0,rolling_03,739,80,2023-07-25,2023-11-07,2023-11-07,67d0f454d2b5ddb5d43e88b6baefeaafe24dda2d01159f15c7526bad3d96b7b4,e96991835e2ceb6c06e3435d694f822730e6434d06e4c84501103205ec87789d,80,6.454951815544483,11.261607781540633,0.2685713640228907,0.8978262061710462,6.490058968036484,10.691124281364234,False
outer::leave_zone_out_GEO_SE,q=10|gain=0.25,10.0,0.25,rolling_01,651,81,2023-01-17,2023-05-16,2023-05-16,f0b79870125773d7c0674b4ac7a43e59b7eae7da797bd389eb788979f3ba94f5,35b258953af434b795f1e6a32df06231b5566abd8f8a3c906af5b1eb459b939d,81,5.8990487210744345,8.282533335989129,-1.9376497411152218,0.9217653508750475,6.674485507376008,10.629488421121044,False
outer::leave_zone_out_GEO_SE,q=10|gain=0.25,10.0,0.25,rolling_02,732,7,2023-05-16,2023-07-25,2023-07-25,19fa3243f18bff8a589def93b2c99970b213aa20ad9467cbc671a72e4998fcf8,9de6d9280117a3cc2876c10fc979a2202a1af06b93716e2823549516fdb3af41,7,17.4875514296776,21.71231922759555,-17.4875514296776,0.7392892026716051,6.674485507376008,10.629488421121044,False
outer::leave_zone_out_GEO_SE,q=10|gain=0.25,10.0,0.25,rolling_03,739,80,2023-07-25,2023-11-07,2023-11-07,67d0f454d2b5ddb5d43e88b6baefeaafe24dda2d01159f15c7526bad3d96b7b4,e96991835e2ceb6c06e3435d694f822730e6434d06e4c84501103205ec87789d,80,6.513471985304962,11.250027427092576,0.6475608022078636,0.8980362295392432,6.674485507376008,10.629488421121044,False
outer::leave_zone_out_GEO_SE,q=100|gain=0,100.0,0.0,rolling_01,651,81,2023-01-17,2023-05-16,2023-05-16,f0b79870125773d7c0674b4ac7a43e59b7eae7da797bd389eb788979f3ba94f5,35b258953af434b795f1e6a32df06231b5566abd8f8a3c906af5b1eb459b939d,81,6.473431355856275,9.91263754222802,-1.8226933613185885,0.8879398480901162,6.812746586083625,10.920657042583656,False
outer::leave_zone_out_GEO_SE,q=100|gain=0,100.0,0.0,rolling_02,732,7,2023-05-16,2023-07-25,2023-07-25,19fa3243f18bff8a589def93b2c99970b213aa20ad9467cbc671a72e4998fcf8,9de6d9280117a3cc2876c10fc979a2202a1af06b93716e2823549516fdb3af41,7,16.269791384283092,19.778431944557163,-16.269791384283092,0.7836632499501598,6.812746586083625,10.920657042583656,False
outer::leave_zone_out_GEO_SE,q=100|gain=0,100.0,0.0,rolling_03,739,80,2023-07-25,2023-11-07,2023-11-07,67d0f454d2b5ddb5d43e88b6baefeaafe24dda2d01159f15c7526bad3d96b7b4,e96991835e2ceb6c06e3435d694f822730e6434d06e4c84501103205ec87789d,80,6.328811836846362,10.804171892596607,0.8637008179302909,0.9059580351530467,6.812746586083625,10.920657042583656,False
outer::leave_zone_out_GEO_SE,q=25|gain=0.25,25.0,0.25,rolling_01,651,81,2023-01-17,2023-05-16,2023-05-16,f0b79870125773d7c0674b4ac7a43e59b7eae7da797bd389eb788979f3ba94f5,35b258953af434b795f1e6a32df06231b5566abd8f8a3c906af5b1eb459b939d,81,6.577261912421549,9.100747057518888,-1.713282590235384,0.9055445890336162,6.897072894579297,10.569752900528526,False
outer::leave_zone_out_GEO_SE,q=25|gain=0.25,25.0,0.25,rolling_02,732,7,2023-05-16,2023-07-25,2023-07-25,19fa3243f18bff8a589def93b2c99970b213aa20ad9467cbc671a72e4998fcf8,9de6d9280117a3cc2876c10fc979a2202a1af06b93716e2823549516fdb3af41,7,16.170965371673727,19.707254941404752,-16.170965371673727,0.7852175182247373,6.897072894579297,10.569752900528526,False
outer::leave_zone_out_GEO_SE,q=25|gain=0.25,25.0,0.25,rolling_03,739,80,2023-07-25,2023-11-07,2023-11-07,67d0f454d2b5ddb5d43e88b6baefeaafe24dda2d01159f15c7526bad3d96b7b4,e96991835e2ceb6c06e3435d694f822730e6434d06e4c84501103205ec87789d,80,6.4094159222682565,10.805995438218634,1.093699252974846,0.9059262873639237,6.897072894579297,10.569752900528526,False
outer::leave_zone_out_GEO_SE,q=400|gain=0,400.0,0.0,rolling_01,651,81,2023-01-17,2023-05-16,2023-05-16,f0b79870125773d7c0674b4ac7a43e59b7eae7da797bd389eb788979f3ba94f5,35b258953af434b795f1e6a32df06231b5566abd8f8a3c906af5b1eb459b939d,81,6.6986514726773265,10.61300183701033,-1.5032704340527339,0.8715455266593046,6.9281894511772215,11.255526996271763,False
outer::leave_zone_out_GEO_SE,q=400|gain=0,400.0,0.0,rolling_02,732,7,2023-05-16,2023-07-25,2023-07-25,19fa3243f18bff8a589def93b2c99970b213aa20ad9467cbc671a72e4998fcf8,9de6d9280117a3cc2876c10fc979a2202a1af06b93716e2823549516fdb3af41,7,16.56808632854017,20.007094845996015,-16.56808632854017,0.7786320982871143,6.9281894511772215,11.255526996271763,False
outer::leave_zone_out_GEO_SE,q=400|gain=0,400.0,0.0,rolling_03,739,80,2023-07-25,2023-11-07,2023-11-07,67d0f454d2b5ddb5d43e88b6baefeaafe24dda2d01159f15c7526bad3d96b7b4,e96991835e2ceb6c06e3435d694f822730e6434d06e4c84501103205ec87789d,80,6.317105677639107,10.815446027151921,1.1807681971822082,0.9057616674987194,6.9281894511772215,11.255526996271763,False
outer::leave_zone_out_GEO_SE,q=2|gain=0,2.0,0.0,rolling_01,651,81,2023-01-17,2023-05-16,2023-05-16,f0b79870125773d7c0674b4ac7a43e59b7eae7da797bd389eb788979f3ba94f5,35b258953af434b795f1e6a32df06231b5566abd8f8a3c906af5b1eb459b939d,81,5.452849010578294,10.601303678760457,-2.856555291762251,0.8718285479226204,7.001391495497183,13.369836615931854,False
outer::leave_zone_out_GEO_SE,q=2|gain=0,2.0,0.0,rolling_02,732,7,2023-05-16,2023-07-25,2023-07-25,19fa3243f18bff8a589def93b2c99970b213aa20ad9467cbc671a72e4998fcf8,9de6d9280117a3cc2876c10fc979a2202a1af06b93716e2823549516fdb3af41,7,22.241412976599825,28.766600009479838,-22.241412976599825,0.5423603382759551,7.001391495497183,13.369836615931854,False
outer::leave_zone_out_GEO_SE,q=2|gain=0,2.0,0.0,rolling_03,739,80,2023-07-25,2023-11-07,2023-11-07,67d0f454d2b5ddb5d43e88b6baefeaafe24dda2d01159f15c7526bad3d96b7b4,e96991835e2ceb6c06e3435d694f822730e6434d06e4c84501103205ec87789d,80,7.235788881881075,13.754274555295755,-1.0644373086331607,0.8475897755599917,7.001391495497183,13.369836615931854,False
outer::leave_zone_out_GEO_SE,q=2|gain=0.25,2.0,0.25,rolling_01,651,81,2023-01-17,2023-05-16,2023-05-16,f0b79870125773d7c0674b4ac7a43e59b7eae7da797bd389eb788979f3ba94f5,35b258953af434b795f1e6a32df06231b5566abd8f8a3c906af5b1eb459b939d,81,5.883965462720959,9.442394355886819,-2.2943095911179356,0.8983196521876348,7.084293853843309,12.328799154644477,False
outer::leave_zone_out_GEO_SE,q=2|gain=0.25,2.0,0.25,rolling_02,732,7,2023-05-16,2023-07-25,2023-07-25,19fa3243f18bff8a589def93b2c99970b213aa20ad9467cbc671a72e4998fcf8,9de6d9280117a3cc2876c10fc979a2202a1af06b93716e2823549516fdb3af41,7,21.563298339850338,27.51730110317536,-21.563298339850338,0.5812466844204383,7.084293853843309,12.328799154644477,False
outer::leave_zone_out_GEO_SE,q=2|gain=0.25,2.0,0.25,rolling_03,739,80,2023-07-25,2023-11-07,2023-11-07,67d0f454d2b5ddb5d43e88b6baefeaafe24dda2d01159f15c7526bad3d96b7b4,e96991835e2ceb6c06e3435d694f822730e6434d06e4c84501103205ec87789d,80,7.032713457329074,12.754216831648277,-0.23930941968120578,0.8689471963815761,7.084293853843309,12.328799154644477,False
outer::leave_zone_out_GEO_SE,q=10|gain=0.5,10.0,0.5,rolling_01,651,81,2023-01-17,2023-05-16,2023-05-16,f0b79870125773d7c0674b4ac7a43e59b7eae7da797bd389eb788979f3ba94f5,35b258953af434b795f1e6a32df06231b5566abd8f8a3c906af5b1eb459b939d,81,7.337246096577978,9.420028308754656,-1.375404040470908,0.8988007788913954,7.472663992476701,10.915142752370892,False
outer::leave_zone_out_GEO_SE,q=10|gain=0.5,10.0,0.5,rolling_02,732,7,2023-05-16,2023-07-25,2023-07-25,19fa3243f18bff8a589def93b2c99970b213aa20ad9467cbc671a72e4998fcf8,9de6d9280117a3cc2876c10fc979a2202a1af06b93716e2823549516fdb3af41,7,16.809436792928114,20.514408918551695,-16.809436792928114,0.7672634442669622,7.472663992476701,10.915142752370892,False
outer::leave_zone_out_GEO_SE,q=10|gain=0.5,10.0,0.5,rolling_03,739,80,2023-07-25,2023-11-07,2023-11-07,67d0f454d2b5ddb5d43e88b6baefeaafe24dda2d01159f15c7526bad3d96b7b4,e96991835e2ceb6c06e3435d694f822730e6434d06e4c84501103205ec87789d,80,6.792806992034659,11.11417952767933,1.472688691159818,0.9004838560813346,7.472663992476701,10.915142752370892,False
outer::leave_zone_out_GEO_SE,q=100|gain=0.25,100.0,0.25,rolling_01,651,81,2023-01-17,2023-05-16,2023-05-16,f0b79870125773d7c0674b4ac7a43e59b7eae7da797bd389eb788979f3ba94f5,35b258953af434b795f1e6a32df06231b5566abd8f8a3c906af5b1eb459b939d,81,7.7190776190080355,11.080339345979915,-1.2604476606742747,0.8599836098527921,7.510105611120308,11.327639768455867,False
outer::leave_zone_out_GEO_SE,q=100|gain=0.25,100.0,0.25,rolling_02,732,7,2023-05-16,2023-07-25,2023-07-25,19fa3243f18bff8a589def93b2c99970b213aa20ad9467cbc671a72e4998fcf8,9de6d9280117a3cc2876c10fc979a2202a1af06b93716e2823549516fdb3af41,7,15.591676747533608,18.605673071714186,-15.591676747533608,0.8085579405354908,7.510105611120308,11.327639768455867,False
outer::leave_zone_out_GEO_SE,q=100|gain=0.25,100.0,0.25,rolling_03,739,80,2023-07-25,2023-11-07,2023-11-07,67d0f454d2b5ddb5d43e88b6baefeaafe24dda2d01159f15c7526bad3d96b7b4,e96991835e2ceb6c06e3435d694f822730e6434d06e4c84501103205ec87789d,80,6.591383978697824,10.717454223524467,1.6888287068822458,0.9074615973646255,7.510105611120308,11.327639768455867,False
outer::leave_zone_out_GEO_SE,q=2|gain=0.5,2.0,0.5,rolling_01,651,81,2023-01-17,2023-05-16,2023-05-16,f0b79870125773d7c0674b4ac7a43e59b7eae7da797bd389eb788979f3ba94f5,35b258953af434b795f1e6a32df06231b5566abd8f8a3c906af5b1eb459b939d,81,6.8940020507382656,9.443498942686485,-1.7320638904736223,0.8982958613280013,7.670092196237439,11.960387153717594,False
outer::leave_zone_out_GEO_SE,q=2|gain=0.5,2.0,0.5,rolling_02,732,7,2023-05-16,2023-07-25,2023-07-25,19fa3243f18bff8a589def93b2c99970b213aa20ad9467cbc671a72e4998fcf8,9de6d9280117a3cc2876c10fc979a2202a1af06b93716e2823549516fdb3af41,7,20.885183703100854,26.2780342154833,-20.885183703100854,0.6181152338865241,7.670092196237439,11.960387153717594,False
outer::leave_zone_out_GEO_SE,q=2|gain=0.5,2.0,0.5,rolling_03,739,80,2023-07-25,2023-11-07,2023-11-07,67d0f454d2b5ddb5d43e88b6baefeaafe24dda2d01159f15c7526bad3d96b7b4,e96991835e2ceb6c06e3435d694f822730e6434d06e4c84501103205ec87789d,80,7.299562961704806,12.234809763177562,0.5858184692707491,0.8794039269725573,7.670092196237439,11.960387153717594,False
outer::leave_zone_out_GEO_SE,q=400|gain=0.25,400.0,0.25,rolling_01,651,81,2023-01-17,2023-05-16,2023-05-16,f0b79870125773d7c0674b4ac7a43e59b7eae7da797bd389eb788979f3ba94f5,35b258953af434b795f1e6a32df06231b5566abd8f8a3c906af5b1eb459b939d,81,8.177855629278811,11.993566929686361,-0.9410247334084195,0.8359525514434855,7.849238531992234,11.853896920173302,False
outer::leave_zone_out_GEO_SE,q=400|gain=0.25,400.0,0.25,rolling_02,732,7,2023-05-16,2023-07-25,2023-07-25,19fa3243f18bff8a589def93b2c99970b213aa20ad9467cbc671a72e4998fcf8,9de6d9280117a3cc2876c10fc979a2202a1af06b93716e2823549516fdb3af41,7,15.889971691790684,18.83989041949493,-15.889971691790684,0.8037076694117428,7.849238531992234,11.853896920173302,False
outer::leave_zone_out_GEO_SE,q=400|gain=0.25,400.0,0.25,rolling_03,739,80,2023-07-25,2023-11-07,2023-11-07,67d0f454d2b5ddb5d43e88b6baefeaafe24dda2d01159f15c7526bad3d96b7b4,e96991835e2ceb6c06e3435d694f822730e6434d06e4c84501103205ec87789d,80,6.812949569507211,10.880263535429412,2.005896086134163,0.9046287327058692,7.849238531992234,11.853896920173302,False
outer::leave_zone_out_GEO_SE,q=25|gain=0.5,25.0,0.5,rolling_01,651,81,2023-01-17,2023-05-16,2023-05-16,f0b79870125773d7c0674b4ac7a43e59b7eae7da797bd389eb788979f3ba94f5,35b258953af434b795f1e6a32df06231b5566abd8f8a3c906af5b1eb459b939d,81,8.128529244037463,10.716558977538966,-1.1510368895910694,0.8690264886689731,7.8532865247981505,11.266944091868334,False
outer::leave_zone_out_GEO_SE,q=25|gain=0.5,25.0,0.5,rolling_02,732,7,2023-05-16,2023-07-25,2023-07-25,19fa3243f18bff8a589def93b2c99970b213aa20ad9467cbc671a72e4998fcf8,9de6d9280117a3cc2876c10fc979a2202a1af06b93716e2823549516fdb3af41,7,15.492850734924241,18.533816962482316,-15.492850734924241,0.8100338041319619,7.8532865247981505,11.266944091868334,False
outer::leave_zone_out_GEO_SE,q=25|gain=0.5,25.0,0.5,rolling_03,739,80,2023-07-25,2023-11-07,2023-11-07,67d0f454d2b5ddb5d43e88b6baefeaafe24dda2d01159f15c7526bad3d96b7b4,e96991835e2ceb6c06e3435d694f822730e6434d06e4c84501103205ec87789d,80,6.906141403182314,10.96566502782882,1.9188271419268004,0.903125678326198,7.8532865247981505,11.266944091868334,False
outer::leave_zone_out_GEO_SE,q=0.5|gain=0,0.5,0.0,rolling_01,651,81,2023-01-17,2023-05-16,2023-05-16,f0b79870125773d7c0674b4ac7a43e59b7eae7da797bd389eb788979f3ba94f5,35b258953af434b795f1e6a32df06231b5566abd8f8a3c906af5b1eb459b939d,81,6.775971688977147,13.611264703270704,-3.024793368277732,0.7887144900469535,8.364782559943407,16.322223078776815,False
outer::leave_zone_out_GEO_SE,q=0.5|gain=0,0.5,0.0,rolling_02,732,7,2023-05-16,2023-07-25,2023-07-25,19fa3243f18bff8a589def93b2c99970b213aa20ad9467cbc671a72e4998fcf8,9de6d9280117a3cc2876c10fc979a2202a1af06b93716e2823549516fdb3af41,7,26.555139664411335,34.972014943140216,-26.555139664411335,0.323624454566102,8.364782559943407,16.322223078776815,False
outer::leave_zone_out_GEO_SE,q=0.5|gain=0,0.5,0.0,rolling_03,739,80,2023-07-25,2023-11-07,2023-11-07,67d0f454d2b5ddb5d43e88b6baefeaafe24dda2d01159f15c7526bad3d96b7b4,e96991835e2ceb6c06e3435d694f822730e6434d06e4c84501103205ec87789d,80,8.3817973201558,16.274916608963874,-1.9569705303898899,0.7866089167425007,8.364782559943407,16.322223078776815,False
outer::leave_zone_out_GEO_SE,q=0.5|gain=0.25,0.5,0.25,rolling_01,651,81,2023-01-17,2023-05-16,2023-05-16,f0b79870125773d7c0674b4ac7a43e59b7eae7da797bd389eb788979f3ba94f5,35b258953af434b795f1e6a32df06231b5566abd8f8a3c906af5b1eb459b939d,81,6.85393138860501,12.098218227533795,-2.462547667633417,0.8330772303235086,8.403583638879809,15.081670714520197,False
outer::leave_zone_out_GEO_SE,q=0.5|gain=0.25,0.5,0.25,rolling_02,732,7,2023-05-16,2023-07-25,2023-07-25,19fa3243f18bff8a589def93b2c99970b213aa20ad9467cbc671a72e4998fcf8,9de6d9280117a3cc2876c10fc979a2202a1af06b93716e2823549516fdb3af41,7,25.877025027661855,33.72020449879031,-25.877025027661855,0.3711790735024928,8.403583638879809,15.081670714520197,False
outer::leave_zone_out_GEO_SE,q=0.5|gain=0.25,0.5,0.25,rolling_03,739,80,2023-07-25,2023-11-07,2023-11-07,67d0f454d2b5ddb5d43e88b6baefeaafe24dda2d01159f15c7526bad3d96b7b4,e96991835e2ceb6c06e3435d694f822730e6434d06e4c84501103205ec87789d,80,8.443680420764615,15.164785694199216,-1.131842641437935,0.8147273647539264,8.403583638879809,15.081670714520197,False
outer::leave_zone_out_GEO_SE,q=100|gain=0.5,100.0,0.5,rolling_01,651,81,2023-01-17,2023-05-16,2023-05-16,f0b79870125773d7c0674b4ac7a43e59b7eae7da797bd389eb788979f3ba94f5,35b258953af434b795f1e6a32df06231b5566abd8f8a3c906af5b1eb459b939d,81,9.361998637842458,13.058987197566555,-0.6982019600299597,0.8055124764908201,8.645532664490423,12.456922172771012,False
outer::leave_zone_out_GEO_SE,q=100|gain=0.5,100.0,0.5,rolling_02,732,7,2023-05-16,2023-07-25,2023-07-25,19fa3243f18bff8a589def93b2c99970b213aa20ad9467cbc671a72e4998fcf8,9de6d9280117a3cc2876c10fc979a2202a1af06b93716e2823549516fdb3af41,7,14.913562110784117,17.458648545847584,-14.913562110784117,0.8314348344424247,8.645532664490423,12.456922172771012,False
outer::leave_zone_out_GEO_SE,q=100|gain=0.5,100.0,0.5,rolling_03,739,80,2023-07-25,2023-11-07,2023-11-07,67d0f454d2b5ddb5d43e88b6baefeaafe24dda2d01159f15c7526bad3d96b7b4,e96991835e2ceb6c06e3435d694f822730e6434d06e4c84501103205ec87789d,80,7.371658289920788,11.248469419797127,2.5139565958342,0.8980644693456012,8.645532664490423,12.456922172771012,False
outer::leave_zone_out_GEO_SE,q=0.5|gain=0.5,0.5,0.5,rolling_01,651,81,2023-01-17,2023-05-16,2023-05-16,f0b79870125773d7c0674b4ac7a43e59b7eae7da797bd389eb788979f3ba94f5,35b258953af434b795f1e6a32df06231b5566abd8f8a3c906af5b1eb459b939d,81,7.6034509616786625,11.433150544150692,-1.9003019669891028,0.8509250754754158,8.777947621771375,14.36326674755705,False
outer::leave_zone_out_GEO_SE,q=0.5|gain=0.5,0.5,0.5,rolling_02,732,7,2023-05-16,2023-07-25,2023-07-25,19fa3243f18bff8a589def93b2c99970b213aa20ad9467cbc671a72e4998fcf8,9de6d9280117a3cc2876c10fc979a2202a1af06b93716e2823549516fdb3af41,7,25.198910390912367,32.47631740248791,-25.198910390912367,0.41671589576048595,8.777947621771375,14.36326674755705,False
outer::leave_zone_out_GEO_SE,q=0.5|gain=0.5,0.5,0.5,rolling_03,739,80,2023-07-25,2023-11-07,2023-11-07,67d0f454d2b5ddb5d43e88b6baefeaafe24dda2d01159f15c7526bad3d96b7b4,e96991835e2ceb6c06e3435d694f822730e6434d06e4c84501103205ec87789d,80,8.53029124781541,14.442959675199917,-0.30671475248598007,0.831945122534749,8.777947621771375,14.36326674755705,False
outer::leave_zone_out_GEO_SE,q=400|gain=0.5,400.0,0.5,rolling_01,651,81,2023-01-17,2023-05-16,2023-05-16,f0b79870125773d7c0674b4ac7a43e59b7eae7da797bd389eb788979f3ba94f5,35b258953af434b795f1e6a32df06231b5566abd8f8a3c906af5b1eb459b939d,81,9.844844649577956,14.082087097692673,-0.37877903276410496,0.7738446811030183,8.998263098666786,13.12050575384905,False
outer::leave_zone_out_GEO_SE,q=400|gain=0.5,400.0,0.5,rolling_02,732,7,2023-05-16,2023-07-25,2023-07-25,19fa3243f18bff8a589def93b2c99970b213aa20ad9467cbc671a72e4998fcf8,9de6d9280117a3cc2876c10fc979a2202a1af06b93716e2823549516fdb3af41,7,15.211857055041198,17.69880606680457,-15.211857055041198,0.8267654438579739,8.998263098666786,13.12050575384905,False
outer::leave_zone_out_GEO_SE,q=400|gain=0.5,400.0,0.5,rolling_03,739,80,2023-07-25,2023-11-07,2023-11-07,67d0f454d2b5ddb5d43e88b6baefeaafe24dda2d01159f15c7526bad3d96b7b4,e96991835e2ceb6c06e3435d694f822730e6434d06e4c84501103205ec87789d,80,7.597409807186469,11.546295550554486,2.8310239750861173,0.8925951076824159,8.998263098666786,13.12050575384905,False
outer::leave_zone_out_GEO_SW,q=2|gain=0,2.0,0.0,rolling_01,385,48,2022-10-18,2023-05-16,2023-05-16,472cdab6912a8e9d3dff66613ba8b9d90302f5d30bd70c0e80592593e5aa671a,8ba6523975d5394214aaff3339473f799c9f1183eda438e383de57c3673b7717,48,3.631618447197786,4.423192680200679,1.1765732916316873,0.9003724671191705,4.415613859823942,7.935611429441795,True
outer::leave_zone_out_GEO_SW,q=2|gain=0,2.0,0.0,rolling_02,433,7,2023-05-16,2023-07-25,2023-07-25,3c9d50f5d3331e19b0b57ecab7393dc7673d41506d285003d677f7a068150044,5899575d8da1a6773e508ab7edb9ea8adb4b3a934101060537c6635a0ed7568a,7,10.01494190828129,19.73711179731593,-6.49793278937392,0.662332340716195,4.415613859823942,7.935611429441795,True
outer::leave_zone_out_GEO_SW,q=2|gain=0,2.0,0.0,rolling_03,440,49,2023-07-25,2023-11-07,2023-11-07,20c8828ef6c35c56e03d166777988c60e0392d350363ee5cf555bae9239adb8f,9011ae898ca4e02454cba9de8712c80bb9b5bd73445bc5c3399d09d7eac2217f,49,4.383705359147493,7.670924576301695,0.9488218291799062,0.877659328791594,4.415613859823942,7.935611429441795,True
outer::leave_zone_out_GEO_SW,q=10|gain=0,10.0,0.0,rolling_01,385,48,2022-10-18,2023-05-16,2023-05-16,472cdab6912a8e9d3dff66613ba8b9d90302f5d30bd70c0e80592593e5aa671a,8ba6523975d5394214aaff3339473f799c9f1183eda438e383de57c3673b7717,48,3.8360318568454224,4.612079503351756,0.808994412618899,0.8916818511000094,4.441829264064339,7.362169991217808,False
outer::leave_zone_out_GEO_SW,q=10|gain=0,10.0,0.0,rolling_02,433,7,2023-05-16,2023-07-25,2023-07-25,3c9d50f5d3331e19b0b57ecab7393dc7673d41506d285003d677f7a068150044,5899575d8da1a6773e508ab7edb9ea8adb4b3a934101060537c6635a0ed7568a,7,9.677300812762649,18.894120324656686,-7.368664955710649,0.6905605940635098,4.441829264064339,7.362169991217808,False
outer::leave_zone_out_GEO_SW,q=10|gain=0,10.0,0.0,rolling_03,440,49,2023-07-25,2023-11-07,2023-11-07,20c8828ef6c35c56e03d166777988c60e0392d350363ee5cf555bae9239adb8f,9011ae898ca4e02454cba9de8712c80bb9b5bd73445bc5c3399d09d7eac2217f,49,4.28733895193413,6.573020138643324,1.1234932113671916,0.9101733177206771,4.441829264064339,7.362169991217808,False
outer::leave_zone_out_GEO_SW,q=25|gain=0,25.0,0.0,rolling_01,385,48,2022-10-18,2023-05-16,2023-05-16,472cdab6912a8e9d3dff66613ba8b9d90302f5d30bd70c0e80592593e5aa671a,8ba6523975d5394214aaff3339473f799c9f1183eda438e383de57c3673b7717,48,4.180100310720561,5.051963608337419,0.6611532043570845,0.8700344986929387,4.57916116684931,7.1733877992743755,False
outer::leave_zone_out_GEO_SW,q=25|gain=0,25.0,0.0,rolling_02,433,7,2023-05-16,2023-07-25,2023-07-25,3c9d50f5d3331e19b0b57ecab7393dc7673d41506d285003d677f7a068150044,5899575d8da1a6773e508ab7edb9ea8adb4b3a934101060537c6635a0ed7568a,7,9.754884741427524,18.91858365195149,-7.959172499339944,0.689758776572825,4.57916116684931,7.1733877992743755,False
outer::leave_zone_out_GEO_SW,q=25|gain=0,25.0,0.0,rolling_03,440,49,2023-07-25,2023-11-07,2023-11-07,20c8828ef6c35c56e03d166777988c60e0392d350363ee5cf555bae9239adb8f,9011ae898ca4e02454cba9de8712c80bb9b5bd73445bc5c3399d09d7eac2217f,49,4.230688841790789,5.751871794332422,1.373449406625872,0.9312149862670798,4.57916116684931,7.1733877992743755,False
outer::leave_zone_out_GEO_SW,q=2|gain=0.25,2.0,0.25,rolling_01,385,48,2022-10-18,2023-05-16,2023-05-16,472cdab6912a8e9d3dff66613ba8b9d90302f5d30bd70c0e80592593e5aa671a,8ba6523975d5394214aaff3339473f799c9f1183eda438e383de57c3673b7717,48,4.088143459096971,4.805775868323108,0.4540304853899011,0.8823925905002241,4.6941502920511775,7.709005595605762,False
outer::leave_zone_out_GEO_SW,q=2|gain=0.25,2.0,0.25,rolling_02,433,7,2023-05-16,2023-07-25,2023-07-25,3c9d50f5d3331e19b0b57ecab7393dc7673d41506d285003d677f7a068150044,5899575d8da1a6773e508ab7edb9ea8adb4b3a934101060537c6635a0ed7568a,7,9.743532376330572,18.826173535356805,-6.47545765374079,0.6927821961381753,4.6941502920511775,7.709005595605762,False
outer::leave_zone_out_GEO_SW,q=2|gain=0.25,2.0,0.25,rolling_03,440,49,2023-07-25,2023-11-07,2023-11-07,20c8828ef6c35c56e03d166777988c60e0392d350363ee5cf555bae9239adb8f,9011ae898ca4e02454cba9de8712c80bb9b5bd73445bc5c3399d09d7eac2217f,49,4.566449340864363,7.271744316863669,1.2417309386951354,0.8900607843993505,4.6941502920511775,7.709005595605762,False
outer::leave_zone_out_GEO_SW,q=10|gain=0.25,10.0,0.25,rolling_01,385,48,2022-10-18,2023-05-16,2023-05-16,472cdab6912a8e9d3dff66613ba8b9d90302f5d30bd70c0e80592593e5aa671a,8ba6523975d5394214aaff3339473f799c9f1183eda438e383de57c3673b7717,48,4.392951688952936,5.259504739201217,0.08645160637711258,0.8591368613491241,4.778551640029521,7.33890268606567,False
outer::leave_zone_out_GEO_SW,q=10|gain=0.25,10.0,0.25,rolling_02,433,7,2023-05-16,2023-07-25,2023-07-25,3c9d50f5d3331e19b0b57ecab7393dc7673d41506d285003d677f7a068150044,5899575d8da1a6773e508ab7edb9ea8adb4b3a934101060537c6635a0ed7568a,7,9.40589128081193,18.013152295666835,-7.34618982007752,0.7187440577385428,4.778551640029521,7.33890268606567,False
outer::leave_zone_out_GEO_SW,q=10|gain=0.25,10.0,0.25,rolling_03,440,49,2023-07-25,2023-11-07,2023-11-07,20c8828ef6c35c56e03d166777988c60e0392d350363ee5cf555bae9239adb8f,9011ae898ca4e02454cba9de8712c80bb9b5bd73445bc5c3399d09d7eac2217f,49,4.49523368423767,6.392401292330915,1.4164023208824217,0.9150421535991005,4.778551640029521,7.33890268606567,False
outer::leave_zone_out_GEO_SW,q=100|gain=0,100.0,0.0,rolling_01,385,48,2022-10-18,2023-05-16,2023-05-16,472cdab6912a8e9d3dff66613ba8b9d90302f5d30bd70c0e80592593e5aa671a,8ba6523975d5394214aaff3339473f799c9f1183eda438e383de57c3673b7717,48,4.7709881683170625,5.67740654574833,0.43021087106388795,0.83586256299458,4.822159728824413,7.128678766023558,False
outer::leave_zone_out_GEO_SW,q=100|gain=0,100.0,0.0,rolling_02,433,7,2023-05-16,2023-07-25,2023-07-25,3c9d50f5d3331e19b0b57ecab7393dc7673d41506d285003d677f7a068150044,5899575d8da1a6773e508ab7edb9ea8adb4b3a934101060537c6635a0ed7568a,7,10.200887932566351,19.055405440500415,-8.417300854246903,0.6852551357232955,4.822159728824413,7.128678766023558,False
outer::leave_zone_out_GEO_SW,q=100|gain=0,100.0,0.0,rolling_03,440,49,2023-07-25,2023-11-07,2023-11-07,20c8828ef6c35c56e03d166777988c60e0392d350363ee5cf555bae9239adb8f,9011ae898ca4e02454cba9de8712c80bb9b5bd73445bc5c3399d09d7eac2217f,49,4.103897228378682,4.940746120398234,1.8640823100424488,0.9492471411873955,4.822159728824413,7.128678766023558,False
outer::leave_zone_out_GEO_SW,q=400|gain=0,400.0,0.0,rolling_01,385,48,2022-10-18,2023-05-16,2023-05-16,472cdab6912a8e9d3dff66613ba8b9d90302f5d30bd70c0e80592593e5aa671a,8ba6523975d5394214aaff3339473f799c9f1183eda438e383de57c3673b7717,48,4.916152115546041,5.754773881156049,0.3235785792201433,0.8313586046102153,4.880200375484863,7.163782478692957,False
outer::leave_zone_out_GEO_SW,q=400|gain=0,400.0,0.0,rolling_02,433,7,2023-05-16,2023-07-25,2023-07-25,3c9d50f5d3331e19b0b57ecab7393dc7673d41506d285003d677f7a068150044,5899575d8da1a6773e508ab7edb9ea8adb4b3a934101060537c6635a0ed7568a,7,10.21838645801277,19.079502742446326,-8.289330862194904,0.6844585850855105,4.880200375484863,7.163782478692957,False
outer::leave_zone_out_GEO_SW,q=400|gain=0,400.0,0.0,rolling_03,440,49,2023-07-25,2023-11-07,2023-11-07,20c8828ef6c35c56e03d166777988c60e0392d350363ee5cf555bae9239adb8f,9011ae898ca4e02454cba9de8712c80bb9b5bd73445bc5c3399d09d7eac2217f,49,4.082384332614825,4.9475386731686966,2.0935488991257807,0.9491074948914148,4.880200375484863,7.163782478692957,False
outer::leave_zone_out_GEO_SW,q=0.5|gain=0,0.5,0.0,rolling_01,385,48,2022-10-18,2023-05-16,2023-05-16,472cdab6912a8e9d3dff66613ba8b9d90302f5d30bd70c0e80592593e5aa671a,8ba6523975d5394214aaff3339473f799c9f1183eda438e383de57c3673b7717,48,4.197738262321337,5.3572228314574915,1.960046767977615,0.8538539501289693,4.989703511540645,9.254655759684567,False
outer::leave_zone_out_GEO_SW,q=0.5|gain=0,0.5,0.0,rolling_02,433,7,2023-05-16,2023-07-25,2023-07-25,3c9d50f5d3331e19b0b57ecab7393dc7673d41506d285003d677f7a068150044,5899575d8da1a6773e508ab7edb9ea8adb4b3a934101060537c6635a0ed7568a,7,11.949259417849671,22.643035210709183,-5.887681063800125,0.5555820938371654,4.989703511540645,9.254655759684567,False
outer::leave_zone_out_GEO_SW,q=0.5|gain=0,0.5,0.0,rolling_03,440,49,2023-07-25,2023-11-07,2023-11-07,20c8828ef6c35c56e03d166777988c60e0392d350363ee5cf555bae9239adb8f,9011ae898ca4e02454cba9de8712c80bb9b5bd73445bc5c3399d09d7eac2217f,49,4.771283932323573,8.968105026682425,1.1146416943143627,0.8327843947821503,4.989703511540645,9.254655759684567,False
outer::leave_zone_out_GEO_SW,q=25|gain=0.25,25.0,0.25,rolling_01,385,48,2022-10-18,2023-05-16,2023-05-16,472cdab6912a8e9d3dff66613ba8b9d90302f5d30bd70c0e80592593e5aa671a,8ba6523975d5394214aaff3339473f799c9f1183eda438e383de57c3673b7717,48,4.855535498353095,5.850366273158106,-0.06138960188470166,0.82570947709221,5.0004608695234065,7.330577098883023,False
outer::leave_zone_out_GEO_SW,q=25|gain=0.25,25.0,0.25,rolling_02,433,7,2023-05-16,2023-07-25,2023-07-25,3c9d50f5d3331e19b0b57ecab7393dc7673d41506d285003d677f7a068150044,5899575d8da1a6773e508ab7edb9ea8adb4b3a934101060537c6635a0ed7568a,7,9.660209284630808,18.058433457579874,-7.9366973637068154,0.7173282474555329,5.0004608695234065,7.330577098883023,False
outer::leave_zone_out_GEO_SW,q=25|gain=0.25,25.0,0.25,rolling_03,440,49,2023-07-25,2023-11-07,2023-11-07,20c8828ef6c35c56e03d166777988c60e0392d350363ee5cf555bae9239adb8f,9011ae898ca4e02454cba9de8712c80bb9b5bd73445bc5c3399d09d7eac2217f,49,4.476750235042243,5.8257883142489355,1.6663585161411019,0.9294357331274979,5.0004608695234065,7.330577098883023,False
outer::leave_zone_out_GEO_SW,q=0.5|gain=0.25,0.5,0.25,rolling_01,385,48,2022-10-18,2023-05-16,2023-05-16,472cdab6912a8e9d3dff66613ba8b9d90302f5d30bd70c0e80592593e5aa671a,8ba6523975d5394214aaff3339473f799c9f1183eda438e383de57c3673b7717,48,4.564836069862398,5.441040646139453,1.2375039617358286,0.8492450434669359,5.214518430461174,8.891981288944026,False
outer::leave_zone_out_GEO_SW,q=0.5|gain=0.25,0.5,0.25,rolling_02,433,7,2023-05-16,2023-07-25,2023-07-25,3c9d50f5d3331e19b0b57ecab7393dc7673d41506d285003d677f7a068150044,5899575d8da1a6773e508ab7edb9ea8adb4b3a934101060537c6635a0ed7568a,7,11.542675567322634,21.705567434149096,-5.865205928166997,0.5916199173634593,5.214518430461174,8.891981288944026,False
outer::leave_zone_out_GEO_SW,q=0.5|gain=0.25,0.5,0.25,rolling_03,440,49,2023-07-25,2023-11-07,2023-11-07,20c8828ef6c35c56e03d166777988c60e0392d350363ee5cf555bae9239adb8f,9011ae898ca4e02454cba9de8712c80bb9b5bd73445bc5c3399d09d7eac2217f,49,4.9469195192511926,8.456424350239475,1.4075508038295923,0.851321226479854,5.214518430461174,8.891981288944026,False
outer::leave_zone_out_GEO_SW,q=2|gain=0.5,2.0,0.5,rolling_01,385,48,2022-10-18,2023-05-16,2023-05-16,472cdab6912a8e9d3dff66613ba8b9d90302f5d30bd70c0e80592593e5aa671a,8ba6523975d5394214aaff3339473f799c9f1183eda438e383de57c3673b7717,48,5.0385955516826595,5.893570565136789,-0.2685123208518856,0.8231257403651312,5.236963186563231,7.851328370237072,False
outer::leave_zone_out_GEO_SW,q=2|gain=0.5,2.0,0.5,rolling_02,433,7,2023-05-16,2023-07-25,2023-07-25,3c9d50f5d3331e19b0b57ecab7393dc7673d41506d285003d677f7a068150044,5899575d8da1a6773e508ab7edb9ea8adb4b3a934101060537c6635a0ed7568a,7,9.472122844379852,17.929215351282767,-6.45298251810766,0.7213591204164276,5.236963186563231,7.851328370237072,False
outer::leave_zone_out_GEO_SW,q=2|gain=0.5,2.0,0.5,rolling_03,440,49,2023-07-25,2023-11-07,2023-11-07,20c8828ef6c35c56e03d166777988c60e0392d350363ee5cf555bae9239adb8f,9011ae898ca4e02454cba9de8712c80bb9b5bd73445bc5c3399d09d7eac2217f,49,4.826259694105089,7.1335245494025985,1.5346400482103641,0.894200466201253,5.236963186563231,7.851328370237072,False
outer::leave_zone_out_GEO_SW,q=100|gain=0.25,100.0,0.25,rolling_01,385,48,2022-10-18,2023-05-16,2023-05-16,472cdab6912a8e9d3dff66613ba8b9d90302f5d30bd70c0e80592593e5aa671a,8ba6523975d5394214aaff3339473f799c9f1183eda438e383de57c3673b7717,48,5.63353892953485,6.6927041334110635,-0.29233193517789824,0.7719075488847044,5.378031340281662,7.580846269966556,False
outer::leave_zone_out_GEO_SW,q=100|gain=0.25,100.0,0.25,rolling_02,433,7,2023-05-16,2023-07-25,2023-07-25,3c9d50f5d3331e19b0b57ecab7393dc7673d41506d285003d677f7a068150044,5899575d8da1a6773e508ab7edb9ea8adb4b3a934101060537c6635a0ed7568a,7,10.162192262963371,18.2160409203657,-8.394825718613774,0.7123726026492774,5.378031340281662,7.580846269966556,False
outer::leave_zone_out_GEO_SW,q=100|gain=0.25,100.0,0.25,rolling_03,440,49,2023-07-25,2023-11-07,2023-11-07,20c8828ef6c35c56e03d166777988c60e0392d350363ee5cf555bae9239adb8f,9011ae898ca4e02454cba9de8712c80bb9b5bd73445bc5c3399d09d7eac2217f,49,4.444286631242377,5.540207496742011,2.156991419557678,0.9361843062477543,5.378031340281662,7.580846269966556,False
outer::leave_zone_out_GEO_SW,q=10|gain=0.5,10.0,0.5,rolling_01,385,48,2022-10-18,2023-05-16,2023-05-16,472cdab6912a8e9d3dff66613ba8b9d90302f5d30bd70c0e80592593e5aa671a,8ba6523975d5394214aaff3339473f799c9f1183eda438e383de57c3673b7717,48,5.433616485093697,6.493176954113983,-0.636091199864674,0.7853048980820924,5.38918364157565,7.699168116212989,False
outer::leave_zone_out_GEO_SW,q=10|gain=0.5,10.0,0.5,rolling_02,433,7,2023-05-16,2023-07-25,2023-07-25,3c9d50f5d3331e19b0b57ecab7393dc7673d41506d285003d677f7a068150044,5899575d8da1a6773e508ab7edb9ea8adb4b3a934101060537c6635a0ed7568a,7,9.190239310879235,17.149934508821115,-7.323714684444391,0.7450545902698478,5.38918364157565,7.699168116212989,False
outer::leave_zone_out_GEO_SW,q=10|gain=0.5,10.0,0.5,rolling_03,440,49,2023-07-25,2023-11-07,2023-11-07,20c8828ef6c35c56e03d166777988c60e0392d350363ee5cf555bae9239adb8f,9011ae898ca4e02454cba9de8712c80bb9b5bd73445bc5c3399d09d7eac2217f,49,4.802649638024805,6.518797462257743,1.70931143039765,0.9116492156716698,5.38918364157565,7.699168116212989,False
outer::leave_zone_out_GEO_SW,q=400|gain=0.25,400.0,0.25,rolling_01,385,48,2022-10-18,2023-05-16,2023-05-16,472cdab6912a8e9d3dff66613ba8b9d90302f5d30bd70c0e80592593e5aa671a,8ba6523975d5394214aaff3339473f799c9f1183eda438e383de57c3673b7717,48,5.83250442014665,6.895150562765313,-0.39896422702164314,0.7578997894494415,5.6107177950543665,7.7434410122588115,False
outer::leave_zone_out_GEO_SW,q=400|gain=0.25,400.0,0.25,rolling_02,433,7,2023-05-16,2023-07-25,2023-07-25,3c9d50f5d3331e19b0b57ecab7393dc7673d41506d285003d677f7a068150044,5899575d8da1a6773e508ab7edb9ea8adb4b3a934101060537c6635a0ed7568a,7,10.141180698331691,18.238420264029692,-8.266855726561776,0.7116654384043468,5.6107177950543665,7.7434410122588115,False
outer::leave_zone_out_GEO_SW,q=400|gain=0.25,400.0,0.25,rolling_03,440,49,2023-07-25,2023-11-07,2023-11-07,20c8828ef6c35c56e03d166777988c60e0392d350363ee5cf555bae9239adb8f,9011ae898ca4e02454cba9de8712c80bb9b5bd73445bc5c3399d09d7eac2217f,49,4.746248441434549,5.759433624700465,2.3864580086410094,0.9310340077850413,5.6107177950543665,7.7434410122588115,False
outer::leave_zone_out_GEO_SW,q=0.5|gain=0.5,0.5,0.5,rolling_01,385,48,2022-10-18,2023-05-16,2023-05-16,472cdab6912a8e9d3dff66613ba8b9d90302f5d30bd70c0e80592593e5aa671a,8ba6523975d5394214aaff3339473f799c9f1183eda438e383de57c3673b7717,48,5.280808314366128,6.214326533045077,0.5149611554940421,0.8033491632887558,5.643110156228347,8.845663380765368,False
outer::leave_zone_out_GEO_SW,q=0.5|gain=0.5,0.5,0.5,rolling_02,433,7,2023-05-16,2023-07-25,2023-07-25,3c9d50f5d3331e19b0b57ecab7393dc7673d41506d285003d677f7a068150044,5899575d8da1a6773e508ab7edb9ea8adb4b3a934101060537c6635a0ed7568a,7,11.1360917167956,20.77780058064509,-5.842730792533867,0.6257848097460252,5.643110156228347,8.845663380765368,False
outer::leave_zone_out_GEO_SW,q=0.5|gain=0.5,0.5,0.5,rolling_03,440,49,2023-07-25,2023-11-07,2023-11-07,20c8828ef6c35c56e03d166777988c60e0392d350363ee5cf555bae9239adb8f,9011ae898ca4e02454cba9de8712c80bb9b5bd73445bc5c3399d09d7eac2217f,49,5.213306431440912,8.158985436045366,1.7004599133448213,0.8615962843717037,5.643110156228347,8.845663380765368,False
outer::leave_zone_out_GEO_SW,q=25|gain=0.5,25.0,0.5,rolling_01,385,48,2022-10-18,2023-05-16,2023-05-16,472cdab6912a8e9d3dff66613ba8b9d90302f5d30bd70c0e80592593e5aa671a,8ba6523975d5394214aaff3339473f799c9f1183eda438e383de57c3673b7717,48,5.939872578202346,7.144163972051615,-0.7839324081264882,0.7400974819753346,5.6977273856455195,7.859833336450134,False
outer::leave_zone_out_GEO_SW,q=25|gain=0.5,25.0,0.5,rolling_02,433,7,2023-05-16,2023-07-25,2023-07-25,3c9d50f5d3331e19b0b57ecab7393dc7673d41506d285003d677f7a068150044,5899575d8da1a6773e508ab7edb9ea8adb4b3a934101060537c6635a0ed7568a,7,9.568975137943386,17.218070615881373,-7.914222228073686,0.743024787194513,5.6977273856455195,7.859833336450134,False
outer::leave_zone_out_GEO_SW,q=25|gain=0.5,25.0,0.5,rolling_03,440,49,2023-07-25,2023-11-07,2023-11-07,20c8828ef6c35c56e03d166777988c60e0392d350363ee5cf555bae9239adb8f,9011ae898ca4e02454cba9de8712c80bb9b5bd73445bc5c3399d09d7eac2217f,49,4.9074885385268905,6.226501052678205,1.9592676256563306,0.9193947061820621,5.6977273856455195,7.859833336450134,False
outer::leave_zone_out_GEO_SW,q=100|gain=0.5,100.0,0.5,rolling_01,385,48,2022-10-18,2023-05-16,2023-05-16,472cdab6912a8e9d3dff66613ba8b9d90302f5d30bd70c0e80592593e5aa671a,8ba6523975d5394214aaff3339473f799c9f1183eda438e383de57c3673b7717,48,6.7786584917947,8.090703075033918,-1.014874741419685,0.6666655612586821,6.242997687467756,8.359434836087388,False
outer::leave_zone_out_GEO_SW,q=100|gain=0.5,100.0,0.5,rolling_02,433,7,2023-05-16,2023-07-25,2023-07-25,3c9d50f5d3331e19b0b57ecab7393dc7673d41506d285003d677f7a068150044,5899575d8da1a6773e508ab7edb9ea8adb4b3a934101060537c6635a0ed7568a,7,10.190893337432911,17.398291363484688,-8.372350582980644,0.7376171384315314,6.242997687467756,8.359434836087388,False
outer::leave_zone_out_GEO_SW,q=100|gain=0.5,100.0,0.5,rolling_03,440,49,2023-07-25,2023-11-07,2023-11-07,20c8828ef6c35c56e03d166777988c60e0392d350363ee5cf555bae9239adb8f,9011ae898ca4e02454cba9de8712c80bb9b5bd73445bc5c3399d09d7eac2217f,49,5.154283643438177,6.3992617949450485,2.449900529072907,0.9148596975022589,6.242997687467756,8.359434836087388,False
outer::leave_zone_out_GEO_SW,q=400|gain=0.5,400.0,0.5,rolling_01,385,48,2022-10-18,2023-05-16,2023-05-16,472cdab6912a8e9d3dff66613ba8b9d90302f5d30bd70c0e80592593e5aa671a,8ba6523975d5394214aaff3339473f799c9f1183eda438e383de57c3673b7717,48,7.137365345929052,8.371178187237682,-1.1215070332634296,0.6431540007725212,6.58673792297356,8.623324730569422,False
outer::leave_zone_out_GEO_SW,q=400|gain=0.5,400.0,0.5,rolling_02,433,7,2023-05-16,2023-07-25,2023-07-25,3c9d50f5d3331e19b0b57ecab7393dc7673d41506d285003d677f7a068150044,5899575d8da1a6773e508ab7edb9ea8adb4b3a934101060537c6635a0ed7568a,7,10.169881772801231,17.418761373915324,-8.244380590928646,0.7369993605794553,6.58673792297356,8.623324730569422,False
outer::leave_zone_out_GEO_SW,q=400|gain=0.5,400.0,0.5,rolling_03,440,49,2023-07-25,2023-11-07,2023-11-07,20c8828ef6c35c56e03d166777988c60e0392d350363ee5cf555bae9239adb8f,9011ae898ca4e02454cba9de8712c80bb9b5bd73445bc5c3399d09d7eac2217f,49,5.535470101531572,6.770357299635049,2.6793671181562386,0.9046987468728138,6.58673792297356,8.623324730569422,False
outer::rolling_01,q=10|gain=0,10.0,0.0,rolling_01,709,12,2022-10-18,2023-01-17,2023-01-17,d27cbcf98d3b2380e2a1a7fe21c155a171ac9021d84e9ae493842e6d79d10e22,aff7095772902fce7e606e6e54e560a29dda519ce480d851f43130d8cb45dafb,12,9.66193756404128,12.510448276217605,-1.6320957511851402,0.87211387712727,6.679386615136003,11.178580969596588,True
outer::rolling_01,q=10|gain=0,10.0,0.0,rolling_02,721,88,2023-01-17,2023-05-16,2023-05-16,317ddbb17001d9a049381c41451a61291c15ec01597ef87e0a5866202da72df5,e20bc153999f0d7f03d220c1a626e6675962d4f0a98451d9d6010bc3073bbd79,88,5.11296436349908,8.350169617298771,-1.8493870715007654,0.913911041385816,6.679386615136003,11.178580969596588,True
outer::rolling_01,q=10|gain=0,10.0,0.0,rolling_03,809,14,2023-05-16,2023-07-25,2023-07-25,026154aa5493e35de4c3ee4e2497a4234fe85d361e80edbbb53d6880276513c5,eee99ecbe76acf0c2c4a815bd89561498ad4893f0703a5e098d5d541405fbae9,14,13.968997097792142,21.097649834111937,-12.787220198660432,0.7087651165746536,6.679386615136003,11.178580969596588,True
outer::rolling_01,q=25|gain=0,25.0,0.0,rolling_01,709,12,2022-10-18,2023-01-17,2023-01-17,d27cbcf98d3b2380e2a1a7fe21c155a171ac9021d84e9ae493842e6d79d10e22,aff7095772902fce7e606e6e54e560a29dda519ce480d851f43130d8cb45dafb,12,8.912298030116615,11.144066523338152,-1.5767526301861705,0.8985235958403971,6.901796918937281,10.83161748660028,False
outer::rolling_01,q=25|gain=0,25.0,0.0,rolling_02,721,88,2023-01-17,2023-05-16,2023-05-16,317ddbb17001d9a049381c41451a61291c15ec01597ef87e0a5866202da72df5,e20bc153999f0d7f03d220c1a626e6675962d4f0a98451d9d6010bc3073bbd79,88,5.6060609087051425,8.45657074551268,-1.6494084666194815,0.9117031048629309,6.901796918937281,10.83161748660028,False
outer::rolling_01,q=25|gain=0,25.0,0.0,rolling_03,809,14,2023-05-16,2023-07-25,2023-07-25,026154aa5493e35de4c3ee4e2497a4234fe85d361e80edbbb53d6880276513c5,eee99ecbe76acf0c2c4a815bd89561498ad4893f0703a5e098d5d541405fbae9,14,13.323136602242727,19.984727069597167,-12.404799526277916,0.7386805859428535,6.901796918937281,10.83161748660028,False
outer::rolling_01,q=10|gain=0.25,10.0,0.25,rolling_01,709,12,2022-10-18,2023-01-17,2023-01-17,d27cbcf98d3b2380e2a1a7fe21c155a171ac9021d84e9ae493842e6d79d10e22,aff7095772902fce7e606e6e54e560a29dda519ce480d851f43130d8cb45dafb,12,9.137516959464524,11.378611214303262,-1.3060386891292977,0.894207179703679,7.018976596186708,10.62497721185609,False
outer::rolling_01,q=10|gain=0.25,10.0,0.25,rolling_02,721,88,2023-01-17,2023-05-16,2023-05-16,317ddbb17001d9a049381c41451a61291c15ec01597ef87e0a5866202da72df5,e20bc153999f0d7f03d220c1a626e6675962d4f0a98451d9d6010bc3073bbd79,88,5.699929980267293,8.044746128079757,-1.4860586690912327,0.9200936034246832,7.018976596186708,10.62497721185609,False
outer::rolling_01,q=10|gain=0.25,10.0,0.25,rolling_03,809,14,2023-05-16,2023-07-25,2023-07-25,026154aa5493e35de4c3ee4e2497a4234fe85d361e80edbbb53d6880276513c5,eee99ecbe76acf0c2c4a815bd89561498ad4893f0703a5e098d5d541405fbae9,14,13.494235013442035,20.03679434091725,-12.436925312469125,0.7373171534327334,7.018976596186708,10.62497721185609,False
outer::rolling_01,q=25|gain=0.25,25.0,0.25,rolling_01,709,12,2022-10-18,2023-01-17,2023-01-17,d27cbcf98d3b2380e2a1a7fe21c155a171ac9021d84e9ae493842e6d79d10e22,aff7095772902fce7e606e6e54e560a29dda519ce480d851f43130d8cb45dafb,12,8.45180251169858,10.288098806499224,-1.250695568130329,0.9135135779284432,7.365881796652129,10.750785804244343,False
outer::rolling_01,q=25|gain=0.25,25.0,0.25,rolling_02,721,88,2023-01-17,2023-05-16,2023-05-16,317ddbb17001d9a049381c41451a61291c15ec01597ef87e0a5866202da72df5,e20bc153999f0d7f03d220c1a626e6675962d4f0a98451d9d6010bc3073bbd79,88,6.33403785780133,8.84160168536071,-1.286080064209949,0.9034796803369113,7.365881796652129,10.750785804244343,False
outer::rolling_01,q=25|gain=0.25,25.0,0.25,rolling_03,809,14,2023-05-16,2023-07-25,2023-07-25,026154aa5493e35de4c3ee4e2497a4234fe85d361e80edbbb53d6880276513c5,eee99ecbe76acf0c2c4a815bd89561498ad4893f0703a5e098d5d541405fbae9,14,12.92096879938877,18.94843823202966,-12.05450464008661,0.7650788741831391,7.365881796652129,10.750785804244343,False
outer::rolling_01,q=100|gain=0,100.0,0.0,rolling_01,709,12,2022-10-18,2023-01-17,2023-01-17,d27cbcf98d3b2380e2a1a7fe21c155a171ac9021d84e9ae493842e6d79d10e22,aff7095772902fce7e606e6e54e560a29dda519ce480d851f43130d8cb45dafb,12,8.333150541883713,10.480533817468183,-1.9246279282343648,0.9102479276731142,7.4281689016746455,11.405191871811569,False
outer::rolling_01,q=100|gain=0,100.0,0.0,rolling_02,721,88,2023-01-17,2023-05-16,2023-05-16,317ddbb17001d9a049381c41451a61291c15ec01597ef87e0a5866202da72df5,e20bc153999f0d7f03d220c1a626e6675962d4f0a98451d9d6010bc3073bbd79,88,6.381835043149573,9.668812192201484,-1.292681146871991,0.8845741427663741,7.4281689016746455,11.405191871811569,False
outer::rolling_01,q=100|gain=0,100.0,0.0,rolling_03,809,14,2023-05-16,2023-07-25,2023-07-25,026154aa5493e35de4c3ee4e2497a4234fe85d361e80edbbb53d6880276513c5,eee99ecbe76acf0c2c4a815bd89561498ad4893f0703a5e098d5d541405fbae9,14,13.229426035081618,19.42766243317688,-12.34292245411929,0.7530458491694559,7.4281689016746455,11.405191871811569,False
outer::rolling_01,q=2|gain=0.25,2.0,0.25,rolling_01,709,12,2022-10-18,2023-01-17,2023-01-17,d27cbcf98d3b2380e2a1a7fe21c155a171ac9021d84e9ae493842e6d79d10e22,aff7095772902fce7e606e6e54e560a29dda519ce480d851f43130d8cb45dafb,12,10.063440148898604,14.247751550127894,-2.3492512460391666,0.834129045259238,7.430525364821845,12.480804476892528,False
outer::rolling_01,q=2|gain=0.25,2.0,0.25,rolling_02,721,88,2023-01-17,2023-05-16,2023-05-16,317ddbb17001d9a049381c41451a61291c15ec01597ef87e0a5866202da72df5,e20bc153999f0d7f03d220c1a626e6675962d4f0a98451d9d6010bc3073bbd79,88,5.746961579561887,9.18380771156257,-1.7788260293769655,0.8958636327325317,7.430525364821845,12.480804476892528,False
outer::rolling_01,q=2|gain=0.25,2.0,0.25,rolling_03,809,14,2023-05-16,2023-07-25,2023-07-25,026154aa5493e35de4c3ee4e2497a4234fe85d361e80edbbb53d6880276513c5,eee99ecbe76acf0c2c4a815bd89561498ad4893f0703a5e098d5d541405fbae9,14,15.756142200104364,23.754291573761307,-14.083966052114608,0.6308019499310301,7.430525364821845,12.480804476892528,False
outer::rolling_01,q=2|gain=0,2.0,0.0,rolling_01,709,12,2022-10-18,2023-01-17,2023-01-17,d27cbcf98d3b2380e2a1a7fe21c155a171ac9021d84e9ae493842e6d79d10e22,aff7095772902fce7e606e6e54e560a29dda519ce480d851f43130d8cb45dafb,12,11.267524630955348,15.77073193720002,-2.675308308095007,0.7967730134586922,7.46659413627422,13.650371653382305,False
outer::rolling_01,q=2|gain=0,2.0,0.0,rolling_02,721,88,2023-01-17,2023-05-16,2023-05-16,317ddbb17001d9a049381c41451a61291c15ec01597ef87e0a5866202da72df5,e20bc153999f0d7f03d220c1a626e6675962d4f0a98451d9d6010bc3073bbd79,88,5.553963363425391,10.451902101768923,-2.1421544317864987,0.865120009716114,7.46659413627422,13.650371653382305,False
outer::rolling_01,q=2|gain=0,2.0,0.0,rolling_03,809,14,2023-05-16,2023-07-25,2023-07-25,026154aa5493e35de4c3ee4e2497a4234fe85d361e80edbbb53d6880276513c5,eee99ecbe76acf0c2c4a815bd89561498ad4893f0703a5e098d5d541405fbae9,14,16.23090428445447,24.848126088336155,-14.434260938305918,0.596017532932732,7.46659413627422,13.650371653382305,False
outer::rolling_01,q=400|gain=0,400.0,0.0,rolling_01,709,12,2022-10-18,2023-01-17,2023-01-17,d27cbcf98d3b2380e2a1a7fe21c155a171ac9021d84e9ae493842e6d79d10e22,aff7095772902fce7e606e6e54e560a29dda519ce480d851f43130d8cb45dafb,12,8.207330222714308,10.62944203545983,-2.372198923027564,0.9076794009966916,7.572598580395579,11.860017430822381,False
outer::rolling_01,q=400|gain=0,400.0,0.0,rolling_02,721,88,2023-01-17,2023-05-16,2023-05-16,317ddbb17001d9a049381c41451a61291c15ec01597ef87e0a5866202da72df5,e20bc153999f0d7f03d220c1a626e6675962d4f0a98451d9d6010bc3073bbd79,88,6.560289363889674,10.298630947621117,-1.0784253212589898,0.8690468799032134,7.572598580395579,11.860017430822381,False
outer::rolling_01,q=400|gain=0,400.0,0.0,rolling_03,809,14,2023-05-16,2023-07-25,2023-07-25,026154aa5493e35de4c3ee4e2497a4234fe85d361e80edbbb53d6880276513c5,eee99ecbe76acf0c2c4a815bd89561498ad4893f0703a5e098d5d541405fbae9,14,13.391629390730927,19.541133780098814,-12.430893391004977,0.7501526493258426,7.572598580395579,11.860017430822381,False
outer::rolling_01,q=10|gain=0.5,10.0,0.5,rolling_01,709,12,2022-10-18,2023-01-17,2023-01-17,d27cbcf98d3b2380e2a1a7fe21c155a171ac9021d84e9ae493842e6d79d10e22,aff7095772902fce7e606e6e54e560a29dda519ce480d851f43130d8cb45dafb,12,8.677021441046488,10.515469546197048,-0.979981627073458,0.9096485726933139,7.936632770741758,11.006592338772101,False
outer::rolling_01,q=10|gain=0.5,10.0,0.5,rolling_02,721,88,2023-01-17,2023-05-16,2023-05-16,317ddbb17001d9a049381c41451a61291c15ec01597ef87e0a5866202da72df5,e20bc153999f0d7f03d220c1a626e6675962d4f0a98451d9d6010bc3073bbd79,88,7.0252672327333325,9.190704189584235,-1.1227302666816996,0.895707173920866,7.936632770741758,11.006592338772101,False
outer::rolling_01,q=10|gain=0.5,10.0,0.5,rolling_03,809,14,2023-05-16,2023-07-25,2023-07-25,026154aa5493e35de4c3ee4e2497a4234fe85d361e80edbbb53d6880276513c5,eee99ecbe76acf0c2c4a815bd89561498ad4893f0703a5e098d5d541405fbae9,14,13.030597292247817,18.993159510344974,-12.086630426277816,0.7639686643821074,7.936632770741758,11.006592338772101,False
outer::rolling_01,q=2|gain=0.5,2.0,0.5,rolling_01,709,12,2022-10-18,2023-01-17,2023-01-17,d27cbcf98d3b2380e2a1a7fe21c155a171ac9021d84e9ae493842e6d79d10e22,aff7095772902fce7e606e6e54e560a29dda519ce480d851f43130d8cb45dafb,12,9.537963088136655,12.861636449134325,-2.0231941839833247,0.8648331674730096,7.991899540593167,12.063738243438447,False
outer::rolling_01,q=2|gain=0.5,2.0,0.5,rolling_02,721,88,2023-01-17,2023-05-16,2023-05-16,317ddbb17001d9a049381c41451a61291c15ec01597ef87e0a5866202da72df5,e20bc153999f0d7f03d220c1a626e6675962d4f0a98451d9d6010bc3073bbd79,88,6.621382601697972,9.176104087712982,-1.4154976269674329,0.896038264206265,7.991899540593167,12.063738243438447,False
outer::rolling_01,q=2|gain=0.5,2.0,0.5,rolling_03,809,14,2023-05-16,2023-07-25,2023-07-25,026154aa5493e35de4c3ee4e2497a4234fe85d361e80edbbb53d6880276513c5,eee99ecbe76acf0c2c4a815bd89561498ad4893f0703a5e098d5d541405fbae9,14,15.281380115754262,22.6717455884735,-13.733671165923303,0.6636858410206224,7.991899540593167,12.063738243438447,False
outer::rolling_01,q=100|gain=0.25,100.0,0.25,rolling_01,709,12,2022-10-18,2023-01-17,2023-01-17,d27cbcf98d3b2380e2a1a7fe21c155a171ac9021d84e9ae493842e6d79d10e22,aff7095772902fce7e606e6e54e560a29dda519ce480d851f43130d8cb45dafb,12,8.274805527206544,9.871775125293668,-1.5985708661785238,0.9203715640934957,8.169372731963268,11.892534818999083,False
outer::rolling_01,q=100|gain=0.25,100.0,0.25,rolling_02,721,88,2023-01-17,2023-05-16,2023-05-16,317ddbb17001d9a049381c41451a61291c15ec01597ef87e0a5866202da72df5,e20bc153999f0d7f03d220c1a626e6675962d4f0a98451d9d6010bc3073bbd79,88,7.407299271003808,10.76847933286772,-0.9293527444624585,0.8568255190675875,8.169372731963268,11.892534818999083,False
outer::rolling_01,q=100|gain=0.25,100.0,0.25,rolling_03,809,14,2023-05-16,2023-07-25,2023-07-25,026154aa5493e35de4c3ee4e2497a4234fe85d361e80edbbb53d6880276513c5,eee99ecbe76acf0c2c4a815bd89561498ad4893f0703a5e098d5d541405fbae9,14,12.869177804928507,18.41849913612185,-11.99262756792798,0.7780354039548503,8.169372731963268,11.892534818999083,False
outer::rolling_01,q=25|gain=0.5,25.0,0.5,rolling_01,709,12,2022-10-18,2023-01-17,2023-01-17,d27cbcf98d3b2380e2a1a7fe21c155a171ac9021d84e9ae493842e6d79d10e22,aff7095772902fce7e606e6e54e560a29dda519ce480d851f43130d8cb45dafb,12,7.991306993280544,9.779599426580473,-0.9246385060744886,0.9218516504297153,8.350837375819825,11.58275957370607,False
outer::rolling_01,q=25|gain=0.5,25.0,0.5,rolling_02,721,88,2023-01-17,2023-05-16,2023-05-16,317ddbb17001d9a049381c41451a61291c15ec01597ef87e0a5866202da72df5,e20bc153999f0d7f03d220c1a626e6675962d4f0a98451d9d6010bc3073bbd79,88,7.734269822584935,10.468655479997327,-0.9227516618004163,0.8646872642682072,8.350837375819825,11.58275957370607,False
outer::rolling_01,q=25|gain=0.5,25.0,0.5,rolling_03,809,14,2023-05-16,2023-07-25,2023-07-25,026154aa5493e35de4c3ee4e2497a4234fe85d361e80edbbb53d6880276513c5,eee99ecbe76acf0c2c4a815bd89561498ad4893f0703a5e098d5d541405fbae9,14,12.534573752615671,17.9332648619146,-11.704209753895299,0.7895766365147191,8.350837375819825,11.58275957370607,False
outer::rolling_01,q=400|gain=0.25,400.0,0.25,rolling_01,709,12,2022-10-18,2023-01-17,2023-01-17,d27cbcf98d3b2380e2a1a7fe21c155a171ac9021d84e9ae493842e6d79d10e22,aff7095772902fce7e606e6e54e560a29dda519ce480d851f43130d8cb45dafb,12,8.310818891271433,9.974436125212668,-2.0461418609717232,0.9187067690373236,8.500873671645977,12.551780898775895,False
outer::rolling_01,q=400|gain=0.25,400.0,0.25,rolling_02,721,88,2023-01-17,2023-05-16,2023-05-16,317ddbb17001d9a049381c41451a61291c15ec01597ef87e0a5866202da72df5,e20bc153999f0d7f03d220c1a626e6675962d4f0a98451d9d6010bc3073bbd79,88,7.808423743246559,11.656642178443992,-0.7150969188494573,0.8322340617711041,8.500873671645977,12.551780898775895,False
outer::rolling_01,q=400|gain=0.25,400.0,0.25,rolling_03,809,14,2023-05-16,2023-07-25,2023-07-25,026154aa5493e35de4c3ee4e2497a4234fe85d361e80edbbb53d6880276513c5,eee99ecbe76acf0c2c4a815bd89561498ad4893f0703a5e098d5d541405fbae9,14,13.016320176191929,18.534342078607622,-12.080598504813668,0.7752345359085443,8.500873671645977,12.551780898775895,False
outer::rolling_01,q=0.5|gain=0.25,0.5,0.25,rolling_01,709,12,2022-10-18,2023-01-17,2023-01-17,d27cbcf98d3b2380e2a1a7fe21c155a171ac9021d84e9ae493842e6d79d10e22,aff7095772902fce7e606e6e54e560a29dda519ce480d851f43130d8cb45dafb,12,12.932461492423782,18.035074780772558,-4.357437851995329,0.7342253392057834,8.954794745241818,15.580842309527325,False
outer::rolling_01,q=0.5|gain=0.25,0.5,0.25,rolling_02,721,88,2023-01-17,2023-05-16,2023-05-16,317ddbb17001d9a049381c41451a61291c15ec01597ef87e0a5866202da72df5,e20bc153999f0d7f03d220c1a626e6675962d4f0a98451d9d6010bc3073bbd79,88,6.832197316795728,11.820862245266877,-1.7628308502523016,0.8274737541890378,8.954794745241818,15.580842309527325,False
outer::rolling_01,q=0.5|gain=0.25,0.5,0.25,rolling_03,809,14,2023-05-16,2023-07-25,2023-07-25,026154aa5493e35de4c3ee4e2497a4234fe85d361e80edbbb53d6880276513c5,eee99ecbe76acf0c2c4a815bd89561498ad4893f0703a5e098d5d541405fbae9,14,18.887407083604142,28.62976683553737,-15.920418035267137,0.4636962238148289,8.954794745241818,15.580842309527325,False
outer::rolling_01,q=0.5|gain=0.5,0.5,0.5,rolling_01,709,12,2022-10-18,2023-01-17,2023-01-17,d27cbcf98d3b2380e2a1a7fe21c155a171ac9021d84e9ae493842e6d79d10e22,aff7095772902fce7e606e6e54e560a29dda519ce480d851f43130d8cb45dafb,12,11.672268921416183,16.43861705110196,-4.031380789939488,0.7791953401525191,9.167551240091175,14.730128839898766,False
outer::rolling_01,q=0.5|gain=0.5,0.5,0.5,rolling_02,721,88,2023-01-17,2023-05-16,2023-05-16,317ddbb17001d9a049381c41451a61291c15ec01597ef87e0a5866202da72df5,e20bc153999f0d7f03d220c1a626e6675962d4f0a98451d9d6010bc3073bbd79,88,7.365940960839514,11.118487455510781,-1.399502447842769,0.8473670562354914,9.167551240091175,14.730128839898766,False
outer::rolling_01,q=0.5|gain=0.5,0.5,0.5,rolling_03,809,14,2023-05-16,2023-07-25,2023-07-25,026154aa5493e35de4c3ee4e2497a4234fe85d361e80edbbb53d6880276513c5,eee99ecbe76acf0c2c4a815bd89561498ad4893f0703a5e098d5d541405fbae9,14,18.34505783996588,27.534366274678018,-15.57012314907583,0.5039500578463788,9.167551240091175,14.730128839898766,False
outer::rolling_01,q=0.5|gain=0,0.5,0.0,rolling_01,709,12,2022-10-18,2023-01-17,2023-01-17,d27cbcf98d3b2380e2a1a7fe21c155a171ac9021d84e9ae493842e6d79d10e22,aff7095772902fce7e606e6e54e560a29dda519ce480d851f43130d8cb45dafb,12,14.245050742182222,19.708895039035404,-4.68349491405117,0.6826034286722733,9.266651631212204,16.996295608441198,False
outer::rolling_01,q=0.5|gain=0,0.5,0.0,rolling_02,721,88,2023-01-17,2023-05-16,2023-05-16,317ddbb17001d9a049381c41451a61291c15ec01597ef87e0a5866202da72df5,e20bc153999f0d7f03d220c1a626e6675962d4f0a98451d9d6010bc3073bbd79,88,6.970921459893306,13.438872748575061,-2.126159252661834,0.7770114605998999,9.266651631212204,16.996295608441198,False
outer::rolling_01,q=0.5|gain=0,0.5,0.0,rolling_03,809,14,2023-05-16,2023-07-25,2023-07-25,026154aa5493e35de4c3ee4e2497a4234fe85d361e80edbbb53d6880276513c5,eee99ecbe76acf0c2c4a815bd89561498ad4893f0703a5e098d5d541405fbae9,14,19.429756327242405,29.733658600214827,-16.270712921458443,0.42154186387457315,9.266651631212204,16.996295608441198,False
outer::rolling_01,q=100|gain=0.5,100.0,0.5,rolling_01,709,12,2022-10-18,2023-01-17,2023-01-17,d27cbcf98d3b2380e2a1a7fe21c155a171ac9021d84e9ae493842e6d79d10e22,aff7095772902fce7e606e6e54e560a29dda519ce480d851f43130d8cb45dafb,12,8.407202345744933,9.654176747191716,-1.2725138041226824,0.9238432909271029,9.276107055282909,13.157197008109124,False
outer::rolling_01,q=100|gain=0.5,100.0,0.5,rolling_02,721,88,2023-01-17,2023-05-16,2023-05-16,317ddbb17001d9a049381c41451a61291c15ec01597ef87e0a5866202da72df5,e20bc153999f0d7f03d220c1a626e6675962d4f0a98451d9d6010bc3073bbd79,88,8.874627066139466,12.77469610927503,-0.566024342052926,0.7985079038261168,9.276107055282909,13.157197008109124,False
outer::rolling_01,q=100|gain=0.5,100.0,0.5,rolling_03,809,14,2023-05-16,2023-07-25,2023-07-25,026154aa5493e35de4c3ee4e2497a4234fe85d361e80edbbb53d6880276513c5,eee99ecbe76acf0c2c4a815bd89561498ad4893f0703a5e098d5d541405fbae9,14,12.544471023788535,17.43424317327697,-11.642332681736672,0.8011244328315389,9.276107055282909,13.157197008109124,False
outer::rolling_01,q=400|gain=0.5,400.0,0.5,rolling_01,709,12,2022-10-18,2023-01-17,2023-01-17,d27cbcf98d3b2380e2a1a7fe21c155a171ac9021d84e9ae493842e6d79d10e22,aff7095772902fce7e606e6e54e560a29dda519ce480d851f43130d8cb45dafb,12,8.44321570980982,9.702295788269508,-1.7200847989158832,0.9230822274911815,9.688161154351397,13.955639000173422,False
outer::rolling_01,q=400|gain=0.5,400.0,0.5,rolling_02,721,88,2023-01-17,2023-05-16,2023-05-16,317ddbb17001d9a049381c41451a61291c15ec01597ef87e0a5866202da72df5,e20bc153999f0d7f03d220c1a626e6675962d4f0a98451d9d6010bc3073bbd79,88,9.38010449485925,13.800409775251309,-0.35176851643992424,0.7648522520963104,9.688161154351397,13.955639000173422,False
outer::rolling_01,q=400|gain=0.5,400.0,0.5,rolling_03,809,14,2023-05-16,2023-07-25,2023-07-25,026154aa5493e35de4c3ee4e2497a4234fe85d361e80edbbb53d6880276513c5,eee99ecbe76acf0c2c4a815bd89561498ad4893f0703a5e098d5d541405fbae9,14,12.691613395051956,17.552562347126283,-11.730303618622358,0.7984158965825404,9.688161154351397,13.955639000173422,False
outer::rolling_02,q=10|gain=0,10.0,0.0,rolling_01,721,88,2023-01-17,2023-05-16,2023-05-16,317ddbb17001d9a049381c41451a61291c15ec01597ef87e0a5866202da72df5,e20bc153999f0d7f03d220c1a626e6675962d4f0a98451d9d6010bc3073bbd79,88,5.11296436349908,8.350169617298771,-1.8493870715007654,0.913911041385816,6.535462162852613,11.521868820739472,True
outer::rolling_02,q=10|gain=0,10.0,0.0,rolling_02,809,14,2023-05-16,2023-07-25,2023-07-25,026154aa5493e35de4c3ee4e2497a4234fe85d361e80edbbb53d6880276513c5,eee99ecbe76acf0c2c4a815bd89561498ad4893f0703a5e098d5d541405fbae9,14,13.968997097792142,21.097649834111937,-12.787220198660432,0.7087651165746536,6.535462162852613,11.521868820739472,True
outer::rolling_02,q=10|gain=0,10.0,0.0,rolling_03,823,88,2023-07-25,2023-11-07,2023-11-07,7ca94bfee9c05afaff4ff2480ac6104ebcb2c05c35614d4939bc437075c61ebb,6c8eebd6fa8419c9e7ac6945343b9a34a300c185cf77c3d37cada060b334893c,88,6.775352131647587,12.086702282509183,-0.47352421008369594,0.8840637531114188,6.535462162852613,11.521868820739472,True
outer::rolling_02,q=25|gain=0,25.0,0.0,rolling_01,721,88,2023-01-17,2023-05-16,2023-05-16,317ddbb17001d9a049381c41451a61291c15ec01597ef87e0a5866202da72df5,e20bc153999f0d7f03d220c1a626e6675962d4f0a98451d9d6010bc3073bbd79,88,5.6060609087051425,8.45657074551268,-1.6494084666194815,0.9117031048629309,6.557825243281701,10.953326379749777,False
outer::rolling_02,q=25|gain=0,25.0,0.0,rolling_02,809,14,2023-05-16,2023-07-25,2023-07-25,026154aa5493e35de4c3ee4e2497a4234fe85d361e80edbbb53d6880276513c5,eee99ecbe76acf0c2c4a815bd89561498ad4893f0703a5e098d5d541405fbae9,14,13.323136602242727,19.984727069597167,-12.404799526277916,0.7386805859428535,6.557825243281701,10.953326379749777,False
outer::rolling_02,q=25|gain=0,25.0,0.0,rolling_03,823,88,2023-07-25,2023-11-07,2023-11-07,7ca94bfee9c05afaff4ff2480ac6104ebcb2c05c35614d4939bc437075c61ebb,6c8eebd6fa8419c9e7ac6945343b9a34a300c185cf77c3d37cada060b334893c,88,6.433290043478095,11.134851068371404,0.024202669423701723,0.9016051398372158,6.557825243281701,10.953326379749777,False
outer::rolling_02,q=10|gain=0.25,10.0,0.25,rolling_01,721,88,2023-01-17,2023-05-16,2023-05-16,317ddbb17001d9a049381c41451a61291c15ec01597ef87e0a5866202da72df5,e20bc153999f0d7f03d220c1a626e6675962d4f0a98451d9d6010bc3073bbd79,88,5.699929980267293,8.044746128079757,-1.4860586690912327,0.9200936034246832,6.6653013576025595,10.846518069076833,False
outer::rolling_02,q=10|gain=0.25,10.0,0.25,rolling_02,809,14,2023-05-16,2023-07-25,2023-07-25,026154aa5493e35de4c3ee4e2497a4234fe85d361e80edbbb53d6880276513c5,eee99ecbe76acf0c2c4a815bd89561498ad4893f0703a5e098d5d541405fbae9,14,13.494235013442035,20.03679434091725,-12.436925312469125,0.7373171534327334,6.6653013576025595,10.846518069076833,False
outer::rolling_02,q=10|gain=0.25,10.0,0.25,rolling_03,823,88,2023-07-25,2023-11-07,2023-11-07,7ca94bfee9c05afaff4ff2480ac6104ebcb2c05c35614d4939bc437075c61ebb,6c8eebd6fa8419c9e7ac6945343b9a34a300c185cf77c3d37cada060b334893c,88,6.544251471508821,11.199187660550823,0.39404547723270056,0.9004648141544664,6.6653013576025595,10.846518069076833,False
outer::rolling_02,q=100|gain=0,100.0,0.0,rolling_01,721,88,2023-01-17,2023-05-16,2023-05-16,317ddbb17001d9a049381c41451a61291c15ec01597ef87e0a5866202da72df5,e20bc153999f0d7f03d220c1a626e6675962d4f0a98451d9d6010bc3073bbd79,88,6.381835043149573,9.668812192201484,-1.292681146871991,0.8845741427663741,6.756535364549555,10.999788936707045,False
outer::rolling_02,q=100|gain=0,100.0,0.0,rolling_02,809,14,2023-05-16,2023-07-25,2023-07-25,026154aa5493e35de4c3ee4e2497a4234fe85d361e80edbbb53d6880276513c5,eee99ecbe76acf0c2c4a815bd89561498ad4893f0703a5e098d5d541405fbae9,14,13.229426035081618,19.42766243317688,-12.34292245411929,0.7530458491694559,6.756535364549555,10.999788936707045,False
outer::rolling_02,q=100|gain=0,100.0,0.0,rolling_03,823,88,2023-07-25,2023-11-07,2023-11-07,7ca94bfee9c05afaff4ff2480ac6104ebcb2c05c35614d4939bc437075c61ebb,6c8eebd6fa8419c9e7ac6945343b9a34a300c185cf77c3d37cada060b334893c,88,6.101457624728527,10.378232818864673,0.7919862270491228,0.914522776668034,6.756535364549555,10.999788936707045,False
outer::rolling_02,q=25|gain=0.25,25.0,0.25,rolling_01,721,88,2023-01-17,2023-05-16,2023-05-16,317ddbb17001d9a049381c41451a61291c15ec01597ef87e0a5866202da72df5,e20bc153999f0d7f03d220c1a626e6675962d4f0a98451d9d6010bc3073bbd79,88,6.33403785780133,8.84160168536071,-1.286080064209949,0.9034796803369113,6.814624254391063,10.682305508892894,False
outer::rolling_02,q=25|gain=0.25,25.0,0.25,rolling_02,809,14,2023-05-16,2023-07-25,2023-07-25,026154aa5493e35de4c3ee4e2497a4234fe85d361e80edbbb53d6880276513c5,eee99ecbe76acf0c2c4a815bd89561498ad4893f0703a5e098d5d541405fbae9,14,12.92096879938877,18.94843823202966,-12.05450464008661,0.7650788741831391,6.814624254391063,10.682305508892894,False
outer::rolling_02,q=25|gain=0.25,25.0,0.25,rolling_03,823,88,2023-07-25,2023-11-07,2023-11-07,7ca94bfee9c05afaff4ff2480ac6104ebcb2c05c35614d4939bc437075c61ebb,6c8eebd6fa8419c9e7ac6945343b9a34a300c185cf77c3d37cada060b334893c,88,6.323746746094796,10.539591125005746,0.8917723567400982,0.9118441547554674,6.814624254391063,10.682305508892894,False
outer::rolling_02,q=400|gain=0,400.0,0.0,rolling_01,721,88,2023-01-17,2023-05-16,2023-05-16,317ddbb17001d9a049381c41451a61291c15ec01597ef87e0a5866202da72df5,e20bc153999f0d7f03d220c1a626e6675962d4f0a98451d9d6010bc3073bbd79,88,6.560289363889674,10.298630947621117,-1.0784253212589898,0.8690468799032134,6.83307808913907,11.276879662231218,False
outer::rolling_02,q=400|gain=0,400.0,0.0,rolling_02,809,14,2023-05-16,2023-07-25,2023-07-25,026154aa5493e35de4c3ee4e2497a4234fe85d361e80edbbb53d6880276513c5,eee99ecbe76acf0c2c4a815bd89561498ad4893f0703a5e098d5d541405fbae9,14,13.391629390730927,19.541133780098814,-12.430893391004977,0.7501526493258426,6.83307808913907,11.276879662231218,False
outer::rolling_02,q=400|gain=0,400.0,0.0,rolling_03,823,88,2023-07-25,2023-11-07,2023-11-07,7ca94bfee9c05afaff4ff2480ac6104ebcb2c05c35614d4939bc437075c61ebb,6c8eebd6fa8419c9e7ac6945343b9a34a300c185cf77c3d37cada060b334893c,88,6.062460925498853,10.380544386875183,1.2283040812906352,0.9144846953447545,6.83307808913907,11.276879662231218,False
outer::rolling_02,q=2|gain=0.25,2.0,0.25,rolling_01,721,88,2023-01-17,2023-05-16,2023-05-16,317ddbb17001d9a049381c41451a61291c15ec01597ef87e0a5866202da72df5,e20bc153999f0d7f03d220c1a626e6675962d4f0a98451d9d6010bc3073bbd79,88,5.746961579561887,9.18380771156257,-1.7788260293769655,0.8958636327325317,7.148181033418893,12.565436835498073,False
outer::rolling_02,q=2|gain=0.25,2.0,0.25,rolling_02,809,14,2023-05-16,2023-07-25,2023-07-25,026154aa5493e35de4c3ee4e2497a4234fe85d361e80edbbb53d6880276513c5,eee99ecbe76acf0c2c4a815bd89561498ad4893f0703a5e098d5d541405fbae9,14,15.756142200104364,23.754291573761307,-14.083966052114608,0.6308019499310301,7.148181033418893,12.565436835498073,False
outer::rolling_02,q=2|gain=0.25,2.0,0.25,rolling_03,823,88,2023-07-25,2023-11-07,2023-11-07,7ca94bfee9c05afaff4ff2480ac6104ebcb2c05c35614d4939bc437075c61ebb,6c8eebd6fa8419c9e7ac6945343b9a34a300c185cf77c3d37cada060b334893c,88,7.179952119848666,12.914616838283543,-0.47609266387991445,0.8676369886756314,7.148181033418893,12.565436835498073,False
outer::rolling_02,q=2|gain=0,2.0,0.0,rolling_01,721,88,2023-01-17,2023-05-16,2023-05-16,317ddbb17001d9a049381c41451a61291c15ec01597ef87e0a5866202da72df5,e20bc153999f0d7f03d220c1a626e6675962d4f0a98451d9d6010bc3073bbd79,88,5.553963363425391,10.451902101768923,-2.1421544317864987,0.865120009716114,7.21417507393873,13.713078319645447,False
outer::rolling_02,q=2|gain=0,2.0,0.0,rolling_02,809,14,2023-05-16,2023-07-25,2023-07-25,026154aa5493e35de4c3ee4e2497a4234fe85d361e80edbbb53d6880276513c5,eee99ecbe76acf0c2c4a815bd89561498ad4893f0703a5e098d5d541405fbae9,14,16.23090428445447,24.848126088336155,-14.434260938305918,0.596017532932732,7.21417507393873,13.713078319645447,False
outer::rolling_02,q=2|gain=0,2.0,0.0,rolling_03,823,88,2023-07-25,2023-11-07,2023-11-07,7ca94bfee9c05afaff4ff2480ac6104ebcb2c05c35614d4939bc437075c61ebb,6c8eebd6fa8419c9e7ac6945343b9a34a300c185cf77c3d37cada060b334893c,88,7.439907137324566,14.090570825570229,-1.3436623511963115,0.8424346341674436,7.21417507393873,13.713078319645447,False
outer::rolling_02,q=100|gain=0.25,100.0,0.25,rolling_01,721,88,2023-01-17,2023-05-16,2023-05-16,317ddbb17001d9a049381c41451a61291c15ec01597ef87e0a5866202da72df5,e20bc153999f0d7f03d220c1a626e6675962d4f0a98451d9d6010bc3073bbd79,88,7.407299271003808,10.76847933286772,-0.9293527444624585,0.8568255190675875,7.290364659623833,11.298612891267005,False
outer::rolling_02,q=100|gain=0.25,100.0,0.25,rolling_02,809,14,2023-05-16,2023-07-25,2023-07-25,026154aa5493e35de4c3ee4e2497a4234fe85d361e80edbbb53d6880276513c5,eee99ecbe76acf0c2c4a815bd89561498ad4893f0703a5e098d5d541405fbae9,14,12.869177804928507,18.41849913612185,-11.99262756792798,0.7780354039548503,7.290364659623833,11.298612891267005,False
outer::rolling_02,q=100|gain=0.25,100.0,0.25,rolling_03,823,88,2023-07-25,2023-11-07,2023-11-07,7ca94bfee9c05afaff4ff2480ac6104ebcb2c05c35614d4939bc437075c61ebb,6c8eebd6fa8419c9e7ac6945343b9a34a300c185cf77c3d37cada060b334893c,88,6.285891593309023,10.280871263353117,1.6595559143655194,0.9161190327873169,7.290364659623833,11.298612891267005,False
outer::rolling_02,q=10|gain=0.5,10.0,0.5,rolling_01,721,88,2023-01-17,2023-05-16,2023-05-16,317ddbb17001d9a049381c41451a61291c15ec01597ef87e0a5866202da72df5,e20bc153999f0d7f03d220c1a626e6675962d4f0a98451d9d6010bc3073bbd79,88,7.0252672327333325,9.190704189584235,-1.1227302666816996,0.895707173920866,7.340674787576002,10.99246670478286,False
outer::rolling_02,q=10|gain=0.5,10.0,0.5,rolling_02,809,14,2023-05-16,2023-07-25,2023-07-25,026154aa5493e35de4c3ee4e2497a4234fe85d361e80edbbb53d6880276513c5,eee99ecbe76acf0c2c4a815bd89561498ad4893f0703a5e098d5d541405fbae9,14,13.030597292247817,18.993159510344974,-12.086630426277816,0.7639686643821074,7.340674787576002,10.99246670478286,False
outer::rolling_02,q=10|gain=0.5,10.0,0.5,rolling_03,823,88,2023-07-25,2023-11-07,2023-11-07,7ca94bfee9c05afaff4ff2480ac6104ebcb2c05c35614d4939bc437075c61ebb,6c8eebd6fa8419c9e7ac6945343b9a34a300c185cf77c3d37cada060b334893c,88,6.750867398493609,10.910214285225717,1.2616151645490972,0.9055351696923812,7.340674787576002,10.99246670478286,False
outer::rolling_02,q=2|gain=0.5,2.0,0.5,rolling_01,721,88,2023-01-17,2023-05-16,2023-05-16,317ddbb17001d9a049381c41451a61291c15ec01597ef87e0a5866202da72df5,e20bc153999f0d7f03d220c1a626e6675962d4f0a98451d9d6010bc3073bbd79,88,6.621382601697972,9.176104087712982,-1.4154976269674329,0.896038264206265,7.611315201011903,12.084112117384604,False
outer::rolling_02,q=2|gain=0.5,2.0,0.5,rolling_02,809,14,2023-05-16,2023-07-25,2023-07-25,026154aa5493e35de4c3ee4e2497a4234fe85d361e80edbbb53d6880276513c5,eee99ecbe76acf0c2c4a815bd89561498ad4893f0703a5e098d5d541405fbae9,14,15.281380115754262,22.6717455884735,-13.733671165923303,0.6636858410206224,7.611315201011903,12.084112117384604,False
outer::rolling_02,q=2|gain=0.5,2.0,0.5,rolling_03,823,88,2023-07-25,2023-11-07,2023-11-07,7ca94bfee9c05afaff4ff2480ac6104ebcb2c05c35614d4939bc437075c61ebb,6c8eebd6fa8419c9e7ac6945343b9a34a300c185cf77c3d37cada060b334893c,88,7.381010200253189,12.219165653678292,0.3914770234364817,0.8815086376786864,7.611315201011903,12.084112117384604,False
outer::rolling_02,q=25|gain=0.5,25.0,0.5,rolling_01,721,88,2023-01-17,2023-05-16,2023-05-16,317ddbb17001d9a049381c41451a61291c15ec01597ef87e0a5866202da72df5,e20bc153999f0d7f03d220c1a626e6675962d4f0a98451d9d6010bc3073bbd79,88,7.734269822584935,10.468655479997327,-0.9227516618004163,0.8646872642682072,7.6196655102860955,11.249080856754132,False
outer::rolling_02,q=25|gain=0.5,25.0,0.5,rolling_02,809,14,2023-05-16,2023-07-25,2023-07-25,026154aa5493e35de4c3ee4e2497a4234fe85d361e80edbbb53d6880276513c5,eee99ecbe76acf0c2c4a815bd89561498ad4893f0703a5e098d5d541405fbae9,14,12.534573752615671,17.9332648619146,-11.704209753895299,0.7895766365147191,7.6196655102860955,11.249080856754132,False
outer::rolling_02,q=25|gain=0.5,25.0,0.5,rolling_03,823,88,2023-07-25,2023-11-07,2023-11-07,7ca94bfee9c05afaff4ff2480ac6104ebcb2c05c35614d4939bc437075c61ebb,6c8eebd6fa8419c9e7ac6945343b9a34a300c185cf77c3d37cada060b334893c,88,6.723143977616643,10.604649600664631,1.7593420440564944,0.9107524641685861,7.6196655102860955,11.249080856754132,False
outer::rolling_02,q=400|gain=0.25,400.0,0.25,rolling_01,721,88,2023-01-17,2023-05-16,2023-05-16,317ddbb17001d9a049381c41451a61291c15ec01597ef87e0a5866202da72df5,e20bc153999f0d7f03d220c1a626e6675962d4f0a98451d9d6010bc3073bbd79,88,7.808423743246559,11.656642178443992,-0.7150969188494573,0.8322340617711041,7.6614643807798055,11.8102357380009,False
outer::rolling_02,q=400|gain=0.25,400.0,0.25,rolling_02,809,14,2023-05-16,2023-07-25,2023-07-25,026154aa5493e35de4c3ee4e2497a4234fe85d361e80edbbb53d6880276513c5,eee99ecbe76acf0c2c4a815bd89561498ad4893f0703a5e098d5d541405fbae9,14,13.016320176191929,18.534342078607622,-12.080598504813668,0.7752345359085443,7.6614643807798055,11.8102357380009,False
outer::rolling_02,q=400|gain=0.25,400.0,0.25,rolling_03,823,88,2023-07-25,2023-11-07,2023-11-07,7ca94bfee9c05afaff4ff2480ac6104ebcb2c05c35614d4939bc437075c61ebb,6c8eebd6fa8419c9e7ac6945343b9a34a300c185cf77c3d37cada060b334893c,88,6.662596141770216,10.517846436604117,2.0958737686070323,0.9122075358242415,7.6614643807798055,11.8102357380009,False
outer::rolling_02,q=100|gain=0.5,100.0,0.5,rolling_01,721,88,2023-01-17,2023-05-16,2023-05-16,317ddbb17001d9a049381c41451a61291c15ec01597ef87e0a5866202da72df5,e20bc153999f0d7f03d220c1a626e6675962d4f0a98451d9d6010bc3073bbd79,88,8.874627066139466,12.77469610927503,-0.566024342052926,0.7985079038261168,8.347099841204574,12.353777835697668,False
outer::rolling_02,q=100|gain=0.5,100.0,0.5,rolling_02,809,14,2023-05-16,2023-07-25,2023-07-25,026154aa5493e35de4c3ee4e2497a4234fe85d361e80edbbb53d6880276513c5,eee99ecbe76acf0c2c4a815bd89561498ad4893f0703a5e098d5d541405fbae9,14,12.544471023788535,17.43424317327697,-11.642332681736672,0.8011244328315389,8.347099841204574,12.353777835697668,False
outer::rolling_02,q=100|gain=0.5,100.0,0.5,rolling_03,823,88,2023-07-25,2023-11-07,2023-11-07,7ca94bfee9c05afaff4ff2480ac6104ebcb2c05c35614d4939bc437075c61ebb,6c8eebd6fa8419c9e7ac6945343b9a34a300c185cf77c3d37cada060b334893c,88,7.1518090190404155,10.861052008337333,2.527125601681916,0.9063845834014669,8.347099841204574,12.353777835697668,False
outer::rolling_02,q=0.5|gain=0.25,0.5,0.25,rolling_01,721,88,2023-01-17,2023-05-16,2023-05-16,317ddbb17001d9a049381c41451a61291c15ec01597ef87e0a5866202da72df5,e20bc153999f0d7f03d220c1a626e6675962d4f0a98451d9d6010bc3073bbd79,88,6.832197316795728,11.820862245266877,-1.7628308502523016,0.8274737541890378,8.555932281261708,15.351588041408645,False
outer::rolling_02,q=0.5|gain=0.25,0.5,0.25,rolling_02,809,14,2023-05-16,2023-07-25,2023-07-25,026154aa5493e35de4c3ee4e2497a4234fe85d361e80edbbb53d6880276513c5,eee99ecbe76acf0c2c4a815bd89561498ad4893f0703a5e098d5d541405fbae9,14,18.887407083604142,28.62976683553737,-15.920418035267137,0.4636962238148289,8.555932281261708,15.351588041408645,False
outer::rolling_02,q=0.5|gain=0.25,0.5,0.25,rolling_03,823,88,2023-07-25,2023-11-07,2023-11-07,7ca94bfee9c05afaff4ff2480ac6104ebcb2c05c35614d4939bc437075c61ebb,6c8eebd6fa8419c9e7ac6945343b9a34a300c185cf77c3d37cada060b334893c,88,8.636023527173208,15.449979341848875,-1.3005564136402883,0.8105653613958748,8.555932281261708,15.351588041408645,False
outer::rolling_02,q=0.5|gain=0,0.5,0.0,rolling_01,721,88,2023-01-17,2023-05-16,2023-05-16,317ddbb17001d9a049381c41451a61291c15ec01597ef87e0a5866202da72df5,e20bc153999f0d7f03d220c1a626e6675962d4f0a98451d9d6010bc3073bbd79,88,6.970921459893306,13.438872748575061,-2.126159252661834,0.7770114605998999,8.668088026466172,16.684636081906795,False
outer::rolling_02,q=0.5|gain=0,0.5,0.0,rolling_02,809,14,2023-05-16,2023-07-25,2023-07-25,026154aa5493e35de4c3ee4e2497a4234fe85d361e80edbbb53d6880276513c5,eee99ecbe76acf0c2c4a815bd89561498ad4893f0703a5e098d5d541405fbae9,14,19.429756327242405,29.733658600214827,-16.270712921458443,0.42154186387457315,8.668088026466172,16.684636081906795,False
outer::rolling_02,q=0.5|gain=0,0.5,0.0,rolling_03,823,88,2023-07-25,2023-11-07,2023-11-07,7ca94bfee9c05afaff4ff2480ac6104ebcb2c05c35614d4939bc437075c61ebb,6c8eebd6fa8419c9e7ac6945343b9a34a300c185cf77c3d37cada060b334893c,88,8.653170999733732,16.72684580333368,-2.1681261009566857,0.7779597567748798,8.668088026466172,16.684636081906795,False
outer::rolling_02,q=0.5|gain=0.5,0.5,0.5,rolling_01,721,88,2023-01-17,2023-05-16,2023-05-16,317ddbb17001d9a049381c41451a61291c15ec01597ef87e0a5866202da72df5,e20bc153999f0d7f03d220c1a626e6675962d4f0a98451d9d6010bc3073bbd79,88,7.365940960839514,11.118487455510781,-1.399502447842769,0.8473670562354914,8.784721165400807,14.534762004692185,False
outer::rolling_02,q=0.5|gain=0.5,0.5,0.5,rolling_02,809,14,2023-05-16,2023-07-25,2023-07-25,026154aa5493e35de4c3ee4e2497a4234fe85d361e80edbbb53d6880276513c5,eee99ecbe76acf0c2c4a815bd89561498ad4893f0703a5e098d5d541405fbae9,14,18.34505783996588,27.534366274678018,-15.57012314907583,0.5039500578463788,8.784721165400807,14.534762004692185,False
outer::rolling_02,q=0.5|gain=0.5,0.5,0.5,rolling_03,823,88,2023-07-25,2023-11-07,2023-11-07,7ca94bfee9c05afaff4ff2480ac6104ebcb2c05c35614d4939bc437075c61ebb,6c8eebd6fa8419c9e7ac6945343b9a34a300c185cf77c3d37cada060b334893c,88,8.682538717190386,14.556575562325802,-0.4329867263238929,0.8318402605117369,8.784721165400807,14.534762004692185,False
outer::rolling_02,q=400|gain=0.5,400.0,0.5,rolling_01,721,88,2023-01-17,2023-05-16,2023-05-16,317ddbb17001d9a049381c41451a61291c15ec01597ef87e0a5866202da72df5,e20bc153999f0d7f03d220c1a626e6675962d4f0a98451d9d6010bc3073bbd79,88,9.38010449485925,13.800409775251309,-0.35176851643992424,0.7648522520963104,8.787596690259143,13.041824963950827,False
outer::rolling_02,q=400|gain=0.5,400.0,0.5,rolling_02,809,14,2023-05-16,2023-07-25,2023-07-25,026154aa5493e35de4c3ee4e2497a4234fe85d361e80edbbb53d6880276513c5,eee99ecbe76acf0c2c4a815bd89561498ad4893f0703a5e098d5d541405fbae9,14,12.691613395051956,17.552562347126283,-11.730303618622358,0.7984158965825404,8.787596690259143,13.041824963950827,False
outer::rolling_02,q=400|gain=0.5,400.0,0.5,rolling_03,823,88,2023-07-25,2023-11-07,2023-11-07,7ca94bfee9c05afaff4ff2480ac6104ebcb2c05c35614d4939bc437075c61ebb,6c8eebd6fa8419c9e7ac6945343b9a34a300c185cf77c3d37cada060b334893c,88,7.573995318987449,11.303628836049704,2.9634434559234277,0.8985996707985957,8.787596690259143,13.041824963950827,False
outer::rolling_03,q=400|gain=0,400.0,0.0,rolling_01,809,14,2023-05-16,2023-07-25,2023-07-25,026154aa5493e35de4c3ee4e2497a4234fe85d361e80edbbb53d6880276513c5,eee99ecbe76acf0c2c4a815bd89561498ad4893f0703a5e098d5d541405fbae9,14,13.391629390730927,19.541133780098814,-12.430893391004977,0.7501526493258426,7.070123968129946,11.629588967531085,True
outer::rolling_03,q=400|gain=0,400.0,0.0,rolling_02,823,88,2023-07-25,2023-11-07,2023-11-07,7ca94bfee9c05afaff4ff2480ac6104ebcb2c05c35614d4939bc437075c61ebb,6c8eebd6fa8419c9e7ac6945343b9a34a300c185cf77c3d37cada060b334893c,88,6.062460925498853,10.380544386875183,1.2283040812906352,0.9144846953447545,7.070123968129946,11.629588967531085,True
outer::rolling_03,q=400|gain=0,400.0,0.0,rolling_03,911,14,2023-11-07,2024-01-30,2024-01-30,2cd9ef9d27536d6d4e63ef0a56ad51002823d1306ff7c39ac6538586596b6a8c,b20b5bc8b39efed506c025f56569e19f41cdd83eac718aaa583257dda372244d,14,7.082500527781557,7.838580870529256,0.02106287254179926,0.977330251682256,7.070123968129946,11.629588967531085,True
outer::rolling_03,q=100|gain=0,100.0,0.0,rolling_01,809,14,2023-05-16,2023-07-25,2023-07-25,026154aa5493e35de4c3ee4e2497a4234fe85d361e80edbbb53d6880276513c5,eee99ecbe76acf0c2c4a815bd89561498ad4893f0703a5e098d5d541405fbae9,14,13.229426035081618,19.42766243317688,-12.34292245411929,0.7530458491694559,7.088069603541557,11.614057412726842,False
outer::rolling_03,q=100|gain=0,100.0,0.0,rolling_02,823,88,2023-07-25,2023-11-07,2023-11-07,7ca94bfee9c05afaff4ff2480ac6104ebcb2c05c35614d4939bc437075c61ebb,6c8eebd6fa8419c9e7ac6945343b9a34a300c185cf77c3d37cada060b334893c,88,6.101457624728527,10.378232818864673,0.7919862270491228,0.914522776668034,7.088069603541557,11.614057412726842,False
outer::rolling_03,q=100|gain=0,100.0,0.0,rolling_03,911,14,2023-11-07,2024-01-30,2024-01-30,2cd9ef9d27536d6d4e63ef0a56ad51002823d1306ff7c39ac6538586596b6a8c,b20b5bc8b39efed506c025f56569e19f41cdd83eac718aaa583257dda372244d,14,7.148274181683393,7.948307269922789,0.09885202883005846,0.9766911360031596,7.088069603541557,11.614057412726842,False
outer::rolling_03,q=25|gain=0.25,25.0,0.25,rolling_01,809,14,2023-05-16,2023-07-25,2023-07-25,026154aa5493e35de4c3ee4e2497a4234fe85d361e80edbbb53d6880276513c5,eee99ecbe76acf0c2c4a815bd89561498ad4893f0703a5e098d5d541405fbae9,14,12.92096879938877,18.94843823202966,-12.05450464008661,0.7650788741831391,7.190122603516544,11.618598210940917,False
outer::rolling_03,q=25|gain=0.25,25.0,0.25,rolling_02,823,88,2023-07-25,2023-11-07,2023-11-07,7ca94bfee9c05afaff4ff2480ac6104ebcb2c05c35614d4939bc437075c61ebb,6c8eebd6fa8419c9e7ac6945343b9a34a300c185cf77c3d37cada060b334893c,88,6.323746746094796,10.539591125005746,0.8917723567400982,0.9118441547554674,7.190122603516544,11.618598210940917,False
outer::rolling_03,q=25|gain=0.25,25.0,0.25,rolling_03,911,14,2023-11-07,2024-01-30,2024-01-30,2cd9ef9d27536d6d4e63ef0a56ad51002823d1306ff7c39ac6538586596b6a8c,b20b5bc8b39efed506c025f56569e19f41cdd83eac718aaa583257dda372244d,14,6.905067511438153,7.824608313425673,0.25726297382413105,0.9774109989616452,7.190122603516544,11.618598210940917,False
outer::rolling_03,q=100|gain=0.25,100.0,0.25,rolling_01,809,14,2023-05-16,2023-07-25,2023-07-25,026154aa5493e35de4c3ee4e2497a4234fe85d361e80edbbb53d6880276513c5,eee99ecbe76acf0c2c4a815bd89561498ad4893f0703a5e098d5d541405fbae9,14,12.869177804928507,18.41849913612185,-11.99262756792798,0.7780354039548503,7.224748022198247,11.376268694748697,False
outer::rolling_03,q=100|gain=0.25,100.0,0.25,rolling_02,823,88,2023-07-25,2023-11-07,2023-11-07,7ca94bfee9c05afaff4ff2480ac6104ebcb2c05c35614d4939bc437075c61ebb,6c8eebd6fa8419c9e7ac6945343b9a34a300c185cf77c3d37cada060b334893c,88,6.285891593309023,10.280871263353117,1.6595559143655194,0.9161190327873169,7.224748022198247,11.376268694748697,False
outer::rolling_03,q=100|gain=0.25,100.0,0.25,rolling_03,911,14,2023-11-07,2024-01-30,2024-01-30,2cd9ef9d27536d6d4e63ef0a56ad51002823d1306ff7c39ac6538586596b6a8c,b20b5bc8b39efed506c025f56569e19f41cdd83eac718aaa583257dda372244d,14,7.481701506771687,8.289449404475477,-0.36027654302620427,0.9746473604328809,7.224748022198247,11.376268694748697,False
outer::rolling_03,q=25|gain=0,25.0,0.0,rolling_01,809,14,2023-05-16,2023-07-25,2023-07-25,026154aa5493e35de4c3ee4e2497a4234fe85d361e80edbbb53d6880276513c5,eee99ecbe76acf0c2c4a815bd89561498ad4893f0703a5e098d5d541405fbae9,14,13.323136602242727,19.984727069597167,-12.404799526277916,0.7386805859428535,7.289649522265084,12.212476507946873,False
outer::rolling_03,q=25|gain=0,25.0,0.0,rolling_02,823,88,2023-07-25,2023-11-07,2023-11-07,7ca94bfee9c05afaff4ff2480ac6104ebcb2c05c35614d4939bc437075c61ebb,6c8eebd6fa8419c9e7ac6945343b9a34a300c185cf77c3d37cada060b334893c,88,6.433290043478095,11.134851068371404,0.024202669423701723,0.9016051398372158,7.289649522265084,12.212476507946873,False
outer::rolling_03,q=25|gain=0,25.0,0.0,rolling_03,911,14,2023-11-07,2024-01-30,2024-01-30,2cd9ef9d27536d6d4e63ef0a56ad51002823d1306ff7c39ac6538586596b6a8c,b20b5bc8b39efed506c025f56569e19f41cdd83eac718aaa583257dda372244d,14,6.638993451805659,7.552904874844998,0.7163915456803941,0.978952532773107,7.289649522265084,12.212476507946873,False
outer::rolling_03,q=10|gain=0.25,10.0,0.25,rolling_01,809,14,2023-05-16,2023-07-25,2023-07-25,026154aa5493e35de4c3ee4e2497a4234fe85d361e80edbbb53d6880276513c5,eee99ecbe76acf0c2c4a815bd89561498ad4893f0703a5e098d5d541405fbae9,14,13.494235013442035,20.03679434091725,-12.436925312469125,0.7373171534327334,7.331914191781284,12.236298309430929,False
outer::rolling_03,q=10|gain=0.25,10.0,0.25,rolling_02,823,88,2023-07-25,2023-11-07,2023-11-07,7ca94bfee9c05afaff4ff2480ac6104ebcb2c05c35614d4939bc437075c61ebb,6c8eebd6fa8419c9e7ac6945343b9a34a300c185cf77c3d37cada060b334893c,88,6.544251471508821,11.199187660550823,0.39404547723270056,0.9004648141544664,7.331914191781284,12.236298309430929,False
outer::rolling_03,q=10|gain=0.25,10.0,0.25,rolling_03,911,14,2023-11-07,2024-01-30,2024-01-30,2cd9ef9d27536d6d4e63ef0a56ad51002823d1306ff7c39ac6538586596b6a8c,b20b5bc8b39efed506c025f56569e19f41cdd83eac718aaa583257dda372244d,14,6.120616183261717,7.124349663677429,0.8403005795956779,0.9812732563711968,7.331914191781284,12.236298309430929,False
outer::rolling_03,q=10|gain=0.5,10.0,0.5,rolling_01,809,14,2023-05-16,2023-07-25,2023-07-25,026154aa5493e35de4c3ee4e2497a4234fe85d361e80edbbb53d6880276513c5,eee99ecbe76acf0c2c4a815bd89561498ad4893f0703a5e098d5d541405fbae9,14,13.030597292247817,18.993159510344974,-12.086630426277816,0.7639686643821074,7.479764425386813,11.852079248582978,False
outer::rolling_03,q=10|gain=0.5,10.0,0.5,rolling_02,823,88,2023-07-25,2023-11-07,2023-11-07,7ca94bfee9c05afaff4ff2480ac6104ebcb2c05c35614d4939bc437075c61ebb,6c8eebd6fa8419c9e7ac6945343b9a34a300c185cf77c3d37cada060b334893c,88,6.750867398493609,10.910214285225717,1.2616151645490972,0.9055351696923812,7.479764425386813,11.852079248582978,False
outer::rolling_03,q=10|gain=0.5,10.0,0.5,rolling_03,911,14,2023-11-07,2024-01-30,2024-01-30,2cd9ef9d27536d6d4e63ef0a56ad51002823d1306ff7c39ac6538586596b6a8c,b20b5bc8b39efed506c025f56569e19f41cdd83eac718aaa583257dda372244d,14,6.510570013283089,7.413698667951807,0.38117200773941484,0.9797212270832659,7.479764425386813,11.852079248582978,False
outer::rolling_03,q=25|gain=0.5,25.0,0.5,rolling_01,809,14,2023-05-16,2023-07-25,2023-07-25,026154aa5493e35de4c3ee4e2497a4234fe85d361e80edbbb53d6880276513c5,eee99ecbe76acf0c2c4a815bd89561498ad4893f0703a5e098d5d541405fbae9,14,12.534573752615671,17.9332648619146,-11.704209753895299,0.7895766365147191,7.513077034322088,11.501658514993272,False
outer::rolling_03,q=25|gain=0.5,25.0,0.5,rolling_02,823,88,2023-07-25,2023-11-07,2023-11-07,7ca94bfee9c05afaff4ff2480ac6104ebcb2c05c35614d4939bc437075c61ebb,6c8eebd6fa8419c9e7ac6945343b9a34a300c185cf77c3d37cada060b334893c,88,6.723143977616643,10.604649600664631,1.7593420440564944,0.9107524641685861,7.513077034322088,11.501658514993272,False
outer::rolling_03,q=25|gain=0.5,25.0,0.5,rolling_03,911,14,2023-11-07,2024-01-30,2024-01-30,2cd9ef9d27536d6d4e63ef0a56ad51002823d1306ff7c39ac6538586596b6a8c,b20b5bc8b39efed506c025f56569e19f41cdd83eac718aaa583257dda372244d,14,7.45687381531987,8.222969567536063,-0.20186559803213242,0.9750523766910242,7.513077034322088,11.501658514993272,False
outer::rolling_03,q=400|gain=0.25,400.0,0.25,rolling_01,809,14,2023-05-16,2023-07-25,2023-07-25,026154aa5493e35de4c3ee4e2497a4234fe85d361e80edbbb53d6880276513c5,eee99ecbe76acf0c2c4a815bd89561498ad4893f0703a5e098d5d541405fbae9,14,13.016320176191929,18.534342078607622,-12.080598504813668,0.7752345359085443,7.52034424898831,11.550274409522991,False
outer::rolling_03,q=400|gain=0.25,400.0,0.25,rolling_02,823,88,2023-07-25,2023-11-07,2023-11-07,7ca94bfee9c05afaff4ff2480ac6104ebcb2c05c35614d4939bc437075c61ebb,6c8eebd6fa8419c9e7ac6945343b9a34a300c185cf77c3d37cada060b334893c,88,6.662596141770216,10.517846436604117,2.0958737686070323,0.9122075358242415,7.52034424898831,11.550274409522991,False
outer::rolling_03,q=400|gain=0.25,400.0,0.25,rolling_03,911,14,2023-11-07,2024-01-30,2024-01-30,2cd9ef9d27536d6d4e63ef0a56ad51002823d1306ff7c39ac6538586596b6a8c,b20b5bc8b39efed506c025f56569e19f41cdd83eac718aaa583257dda372244d,14,7.415927852869849,8.155240935593323,-0.4380656993144637,0.975461647305865,7.52034424898831,11.550274409522991,False
outer::rolling_03,q=10|gain=0,10.0,0.0,rolling_01,809,14,2023-05-16,2023-07-25,2023-07-25,026154aa5493e35de4c3ee4e2497a4234fe85d361e80edbbb53d6880276513c5,eee99ecbe76acf0c2c4a815bd89561498ad4893f0703a5e098d5d541405fbae9,14,13.968997097792142,21.097649834111937,-12.787220198660432,0.7087651165746536,7.5365555414880365,13.054933642044515,False
outer::rolling_03,q=10|gain=0,10.0,0.0,rolling_02,823,88,2023-07-25,2023-11-07,2023-11-07,7ca94bfee9c05afaff4ff2480ac6104ebcb2c05c35614d4939bc437075c61ebb,6c8eebd6fa8419c9e7ac6945343b9a34a300c185cf77c3d37cada060b334893c,88,6.775352131647587,12.086702282509183,-0.47352421008369594,0.8840637531114188,7.5365555414880365,13.054933642044515,False
outer::rolling_03,q=10|gain=0,10.0,0.0,rolling_03,911,14,2023-11-07,2024-01-30,2024-01-30,2cd9ef9d27536d6d4e63ef0a56ad51002823d1306ff7c39ac6538586596b6a8c,b20b5bc8b39efed506c025f56569e19f41cdd83eac718aaa583257dda372244d,14,5.888821132752479,6.983151033846553,1.299429151451941,0.9820081971999683,7.5365555414880365,13.054933642044515,False
outer::rolling_03,q=100|gain=0.5,100.0,0.5,rolling_01,809,14,2023-05-16,2023-07-25,2023-07-25,026154aa5493e35de4c3ee4e2497a4234fe85d361e80edbbb53d6880276513c5,eee99ecbe76acf0c2c4a815bd89561498ad4893f0703a5e098d5d541405fbae9,14,12.544471023788535,17.43424317327697,-11.642332681736672,0.8011244328315389,7.904887182876907,11.636224968701653,False
outer::rolling_03,q=100|gain=0.5,100.0,0.5,rolling_02,823,88,2023-07-25,2023-11-07,2023-11-07,7ca94bfee9c05afaff4ff2480ac6104ebcb2c05c35614d4939bc437075c61ebb,6c8eebd6fa8419c9e7ac6945343b9a34a300c185cf77c3d37cada060b334893c,88,7.1518090190404155,10.861052008337333,2.527125601681916,0.9063845834014669,7.904887182876907,11.636224968701653,False
outer::rolling_03,q=100|gain=0.5,100.0,0.5,rolling_03,911,14,2023-11-07,2024-01-30,2024-01-30,2cd9ef9d27536d6d4e63ef0a56ad51002823d1306ff7c39ac6538586596b6a8c,b20b5bc8b39efed506c025f56569e19f41cdd83eac718aaa583257dda372244d,14,7.998937514651796,8.744653477504492,-0.8194051148824681,0.971786496403443,7.904887182876907,11.636224968701653,False
outer::rolling_03,q=2|gain=0.25,2.0,0.25,rolling_01,809,14,2023-05-16,2023-07-25,2023-07-25,026154aa5493e35de4c3ee4e2497a4234fe85d361e80edbbb53d6880276513c5,eee99ecbe76acf0c2c4a815bd89561498ad4893f0703a5e098d5d541405fbae9,14,15.756142200104364,23.754291573761307,-14.083966052114608,0.6308019499310301,7.9939472067745285,14.131837730067398,False
outer::rolling_03,q=2|gain=0.25,2.0,0.25,rolling_02,823,88,2023-07-25,2023-11-07,2023-11-07,7ca94bfee9c05afaff4ff2480ac6104ebcb2c05c35614d4939bc437075c61ebb,6c8eebd6fa8419c9e7ac6945343b9a34a300c185cf77c3d37cada060b334893c,88,7.179952119848666,12.914616838283543,-0.47609266387991445,0.8676369886756314,7.9939472067745285,14.131837730067398,False
outer::rolling_03,q=2|gain=0.25,2.0,0.25,rolling_03,911,14,2023-11-07,2024-01-30,2024-01-30,2cd9ef9d27536d6d4e63ef0a56ad51002823d1306ff7c39ac6538586596b6a8c,b20b5bc8b39efed506c025f56569e19f41cdd83eac718aaa583257dda372244d,14,5.348292759835826,6.487411653951964,1.7070513345622362,0.9844720285018336,7.9939472067745285,14.131837730067398,False
outer::rolling_03,q=2|gain=0.5,2.0,0.5,rolling_01,809,14,2023-05-16,2023-07-25,2023-07-25,026154aa5493e35de4c3ee4e2497a4234fe85d361e80edbbb53d6880276513c5,eee99ecbe76acf0c2c4a815bd89561498ad4893f0703a5e098d5d541405fbae9,14,15.281380115754262,22.6717455884735,-13.733671165923303,0.6636858410206224,8.087381626401639,13.428417999019603,False
outer::rolling_03,q=2|gain=0.5,2.0,0.5,rolling_02,823,88,2023-07-25,2023-11-07,2023-11-07,7ca94bfee9c05afaff4ff2480ac6104ebcb2c05c35614d4939bc437075c61ebb,6c8eebd6fa8419c9e7ac6945343b9a34a300c185cf77c3d37cada060b334893c,88,7.381010200253189,12.219165653678292,0.3914770234364817,0.8815086376786864,8.087381626401639,13.428417999019603,False
outer::rolling_03,q=2|gain=0.5,2.0,0.5,rolling_03,911,14,2023-11-07,2024-01-30,2024-01-30,2cd9ef9d27536d6d4e63ef0a56ad51002823d1306ff7c39ac6538586596b6a8c,b20b5bc8b39efed506c025f56569e19f41cdd83eac718aaa583257dda372244d,14,5.333432101410721,6.448599330775929,1.2479227627059732,0.9846572715107084,8.087381626401639,13.428417999019603,False
outer::rolling_03,q=400|gain=0.5,400.0,0.5,rolling_01,809,14,2023-05-16,2023-07-25,2023-07-25,026154aa5493e35de4c3ee4e2497a4234fe85d361e80edbbb53d6880276513c5,eee99ecbe76acf0c2c4a815bd89561498ad4893f0703a5e098d5d541405fbae9,14,12.691613395051956,17.552562347126283,-11.730303618622358,0.7984158965825404,8.218607806070521,11.959072731401676,False
outer::rolling_03,q=400|gain=0.5,400.0,0.5,rolling_02,823,88,2023-07-25,2023-11-07,2023-11-07,7ca94bfee9c05afaff4ff2480ac6104ebcb2c05c35614d4939bc437075c61ebb,6c8eebd6fa8419c9e7ac6945343b9a34a300c185cf77c3d37cada060b334893c,88,7.573995318987449,11.303628836049704,2.9634434559234277,0.8985996707985957,8.218607806070521,11.959072731401676,False
outer::rolling_03,q=400|gain=0.5,400.0,0.5,rolling_03,911,14,2023-11-07,2024-01-30,2024-01-30,2cd9ef9d27536d6d4e63ef0a56ad51002823d1306ff7c39ac6538586596b6a8c,b20b5bc8b39efed506c025f56569e19f41cdd83eac718aaa583257dda372244d,14,7.797452135896962,8.58994583285297,-0.8971942711707274,0.9727759544703151,8.218607806070521,11.959072731401676,False
outer::rolling_03,q=2|gain=0,2.0,0.0,rolling_01,809,14,2023-05-16,2023-07-25,2023-07-25,026154aa5493e35de4c3ee4e2497a4234fe85d361e80edbbb53d6880276513c5,eee99ecbe76acf0c2c4a815bd89561498ad4893f0703a5e098d5d541405fbae9,14,16.23090428445447,24.848126088336155,-14.434260938305918,0.596017532932732,8.274063043933669,15.183686890200015,False
outer::rolling_03,q=2|gain=0,2.0,0.0,rolling_02,823,88,2023-07-25,2023-11-07,2023-11-07,7ca94bfee9c05afaff4ff2480ac6104ebcb2c05c35614d4939bc437075c61ebb,6c8eebd6fa8419c9e7ac6945343b9a34a300c185cf77c3d37cada060b334893c,88,7.439907137324566,14.090570825570229,-1.3436623511963115,0.8424346341674436,8.274063043933669,15.183686890200015,False
outer::rolling_03,q=2|gain=0,2.0,0.0,rolling_03,911,14,2023-11-07,2024-01-30,2024-01-30,2cd9ef9d27536d6d4e63ef0a56ad51002823d1306ff7c39ac6538586596b6a8c,b20b5bc8b39efed506c025f56569e19f41cdd83eac718aaa583257dda372244d,14,5.5604875020986615,6.693519003244927,2.1661799064184994,0.9834696970337996,8.274063043933669,15.183686890200015,False
outer::rolling_03,q=0.5|gain=0.5,0.5,0.5,rolling_01,809,14,2023-05-16,2023-07-25,2023-07-25,026154aa5493e35de4c3ee4e2497a4234fe85d361e80edbbb53d6880276513c5,eee99ecbe76acf0c2c4a815bd89561498ad4893f0703a5e098d5d541405fbae9,14,18.34505783996588,27.534366274678018,-15.57012314907583,0.5039500578463788,9.53433918948259,16.10828678527207,False
outer::rolling_03,q=0.5|gain=0.5,0.5,0.5,rolling_02,823,88,2023-07-25,2023-11-07,2023-11-07,7ca94bfee9c05afaff4ff2480ac6104ebcb2c05c35614d4939bc437075c61ebb,6c8eebd6fa8419c9e7ac6945343b9a34a300c185cf77c3d37cada060b334893c,88,8.682538717190386,14.556575562325802,-0.4329867263238929,0.8318402605117369,9.53433918948259,16.10828678527207,False
outer::rolling_03,q=0.5|gain=0.5,0.5,0.5,rolling_03,911,14,2023-11-07,2024-01-30,2024-01-30,2cd9ef9d27536d6d4e63ef0a56ad51002823d1306ff7c39ac6538586596b6a8c,b20b5bc8b39efed506c025f56569e19f41cdd83eac718aaa583257dda372244d,14,6.077794936264571,7.739876776145272,0.9125503464103901,0.9778975760503105,9.53433918948259,16.10828678527207,False
outer::rolling_03,q=0.5|gain=0.25,0.5,0.25,rolling_01,809,14,2023-05-16,2023-07-25,2023-07-25,026154aa5493e35de4c3ee4e2497a4234fe85d361e80edbbb53d6880276513c5,eee99ecbe76acf0c2c4a815bd89561498ad4893f0703a5e098d5d541405fbae9,14,18.887407083604142,28.62976683553737,-15.920418035267137,0.4636962238148289,9.577898066390562,16.96920875674336,False
outer::rolling_03,q=0.5|gain=0.25,0.5,0.25,rolling_02,823,88,2023-07-25,2023-11-07,2023-11-07,7ca94bfee9c05afaff4ff2480ac6104ebcb2c05c35614d4939bc437075c61ebb,6c8eebd6fa8419c9e7ac6945343b9a34a300c185cf77c3d37cada060b334893c,88,8.636023527173208,15.449979341848875,-1.3005564136402883,0.8105653613958748,9.577898066390562,16.96920875674336,False
outer::rolling_03,q=0.5|gain=0.25,0.5,0.25,rolling_03,911,14,2023-11-07,2024-01-30,2024-01-30,2cd9ef9d27536d6d4e63ef0a56ad51002823d1306ff7c39ac6538586596b6a8c,b20b5bc8b39efed506c025f56569e19f41cdd83eac718aaa583257dda372244d,14,6.188743295686055,8.113550407797545,1.3716789182666527,0.9757118917789023,9.577898066390562,16.96920875674336,False
outer::rolling_03,q=0.5|gain=0,0.5,0.0,rolling_01,809,14,2023-05-16,2023-07-25,2023-07-25,026154aa5493e35de4c3ee4e2497a4234fe85d361e80edbbb53d6880276513c5,eee99ecbe76acf0c2c4a815bd89561498ad4893f0703a5e098d5d541405fbae9,14,19.429756327242405,29.733658600214827,-16.270712921458443,0.42154186387457315,9.682661071199997,18.10746450449131,False
outer::rolling_03,q=0.5|gain=0,0.5,0.0,rolling_02,823,88,2023-07-25,2023-11-07,2023-11-07,7ca94bfee9c05afaff4ff2480ac6104ebcb2c05c35614d4939bc437075c61ebb,6c8eebd6fa8419c9e7ac6945343b9a34a300c185cf77c3d37cada060b334893c,88,8.653170999733732,16.72684580333368,-2.1681261009566857,0.7779597567748798,9.682661071199997,18.10746450449131,False
outer::rolling_03,q=0.5|gain=0,0.5,0.0,rolling_03,911,14,2023-11-07,2024-01-30,2024-01-30,2cd9ef9d27536d6d4e63ef0a56ad51002823d1306ff7c39ac6538586596b6a8c,b20b5bc8b39efed506c025f56569e19f41cdd83eac718aaa583257dda372244d,14,6.406646264374141,8.60048358930192,1.8308074901229163,0.9727091190483348,9.682661071199997,18.10746450449131,False
outer::rolling_04,q=400|gain=0,400.0,0.0,rolling_01,823,88,2023-07-25,2023-11-07,2023-11-07,7ca94bfee9c05afaff4ff2480ac6104ebcb2c05c35614d4939bc437075c61ebb,6c8eebd6fa8419c9e7ac6945343b9a34a300c185cf77c3d37cada060b334893c,88,6.062460925498853,10.380544386875183,1.2283040812906352,0.9144846953447545,6.249121613316066,10.162767437772676,True
outer::rolling_04,q=400|gain=0,400.0,0.0,rolling_02,911,14,2023-11-07,2024-01-30,2024-01-30,2cd9ef9d27536d6d4e63ef0a56ad51002823d1306ff7c39ac6538586596b6a8c,b20b5bc8b39efed506c025f56569e19f41cdd83eac718aaa583257dda372244d,14,7.082500527781557,7.838580870529256,0.02106287254179926,0.977330251682256,6.249121613316066,10.162767437772676,True
outer::rolling_04,q=400|gain=0,400.0,0.0,rolling_03,925,88,2024-01-30,2024-05-14,2024-05-14,686237bc74e73f1828459b8bdba9942c886b88e5acc7cf614f424ea513947f69,ecb9b74de9c4fb244c8a267313151ae002612ad83277182c0c2879152410b8ad,88,6.303199292013772,10.269571847785253,-3.2757292959510727,0.9280343760594612,6.249121613316066,10.162767437772676,True
outer::rolling_04,q=100|gain=0,100.0,0.0,rolling_01,823,88,2023-07-25,2023-11-07,2023-11-07,7ca94bfee9c05afaff4ff2480ac6104ebcb2c05c35614d4939bc437075c61ebb,6c8eebd6fa8419c9e7ac6945343b9a34a300c185cf77c3d37cada060b334893c,88,6.101457624728527,10.378232818864673,0.7919862270491228,0.914522776668034,6.251692809654372,10.156216364101171,False
outer::rolling_04,q=100|gain=0,100.0,0.0,rolling_02,911,14,2023-11-07,2024-01-30,2024-01-30,2cd9ef9d27536d6d4e63ef0a56ad51002823d1306ff7c39ac6538586596b6a8c,b20b5bc8b39efed506c025f56569e19f41cdd83eac718aaa583257dda372244d,14,7.148274181683393,7.948307269922789,0.09885202883005846,0.9766911360031596,6.251692809654372,10.156216364101171,False
outer::rolling_04,q=100|gain=0,100.0,0.0,rolling_03,925,88,2024-01-30,2024-05-14,2024-05-14,686237bc74e73f1828459b8bdba9942c886b88e5acc7cf614f424ea513947f69,ecb9b74de9c4fb244c8a267313151ae002612ad83277182c0c2879152410b8ad,88,6.259290049030145,10.244467228037909,-3.0538087571569354,0.9283857950653184,6.251692809654372,10.156216364101171,False
outer::rolling_04,q=25|gain=0.25,25.0,0.25,rolling_01,823,88,2023-07-25,2023-11-07,2023-11-07,7ca94bfee9c05afaff4ff2480ac6104ebcb2c05c35614d4939bc437075c61ebb,6c8eebd6fa8419c9e7ac6945343b9a34a300c185cf77c3d37cada060b334893c,88,6.323746746094796,10.539591125005746,0.8917723567400982,0.9118441547554674,6.359437580729706,10.106894812175062,False
outer::rolling_04,q=25|gain=0.25,25.0,0.25,rolling_02,911,14,2023-11-07,2024-01-30,2024-01-30,2cd9ef9d27536d6d4e63ef0a56ad51002823d1306ff7c39ac6538586596b6a8c,b20b5bc8b39efed506c025f56569e19f41cdd83eac718aaa583257dda372244d,14,6.905067511438153,7.824608313425673,0.25726297382413105,0.9774109989616452,6.359437580729706,10.106894812175062,False
outer::rolling_04,q=25|gain=0.25,25.0,0.25,rolling_03,925,88,2024-01-30,2024-05-14,2024-05-14,686237bc74e73f1828459b8bdba9942c886b88e5acc7cf614f424ea513947f69,ecb9b74de9c4fb244c8a267313151ae002612ad83277182c0c2879152410b8ad,88,6.308323653661001,9.986312253056857,-3.1122078905236457,0.9319495967998014,6.359437580729706,10.106894812175062,False
outer::rolling_04,q=25|gain=0,25.0,0.0,rolling_01,823,88,2023-07-25,2023-11-07,2023-11-07,7ca94bfee9c05afaff4ff2480ac6104ebcb2c05c35614d4939bc437075c61ebb,6c8eebd6fa8419c9e7ac6945343b9a34a300c185cf77c3d37cada060b334893c,88,6.433290043478095,11.134851068371404,0.024202669423701723,0.9016051398372158,6.400384361283564,10.733212726245469,False
outer::rolling_04,q=25|gain=0,25.0,0.0,rolling_02,911,14,2023-11-07,2024-01-30,2024-01-30,2cd9ef9d27536d6d4e63ef0a56ad51002823d1306ff7c39ac6538586596b6a8c,b20b5bc8b39efed506c025f56569e19f41cdd83eac718aaa583257dda372244d,14,6.638993451805659,7.552904874844998,0.7163915456803941,0.978952532773107,6.400384361283564,10.733212726245469,False
outer::rolling_04,q=25|gain=0,25.0,0.0,rolling_03,925,88,2024-01-30,2024-05-14,2024-05-14,686237bc74e73f1828459b8bdba9942c886b88e5acc7cf614f424ea513947f69,ecb9b74de9c4fb244c8a267313151ae002612ad83277182c0c2879152410b8ad,88,6.329518141960518,10.755036553082999,-3.0137442285706966,0.921069618616141,6.400384361283564,10.733212726245469,False
outer::rolling_04,q=10|gain=0.25,10.0,0.25,rolling_01,823,88,2023-07-25,2023-11-07,2023-11-07,7ca94bfee9c05afaff4ff2480ac6104ebcb2c05c35614d4939bc437075c61ebb,6c8eebd6fa8419c9e7ac6945343b9a34a300c185cf77c3d37cada060b334893c,88,6.544251471508821,11.199187660550823,0.39404547723270056,0.9004648141544664,6.429488090122716,10.700874223781117,False
outer::rolling_04,q=10|gain=0.25,10.0,0.25,rolling_02,911,14,2023-11-07,2024-01-30,2024-01-30,2cd9ef9d27536d6d4e63ef0a56ad51002823d1306ff7c39ac6538586596b6a8c,b20b5bc8b39efed506c025f56569e19f41cdd83eac718aaa583257dda372244d,14,6.120616183261717,7.124349663677429,0.8403005795956779,0.9812732563711968,6.429488090122716,10.700874223781117,False
outer::rolling_04,q=10|gain=0.25,10.0,0.25,rolling_03,925,88,2024-01-30,2024-05-14,2024-05-14,686237bc74e73f1828459b8bdba9942c886b88e5acc7cf614f424ea513947f69,ecb9b74de9c4fb244c8a267313151ae002612ad83277182c0c2879152410b8ad,88,6.36386342119177,10.664803492378056,-3.3606286466824775,0.9223884896560504,6.429488090122716,10.700874223781117,False
outer::rolling_04,q=100|gain=0.25,100.0,0.25,rolling_01,823,88,2023-07-25,2023-11-07,2023-11-07,7ca94bfee9c05afaff4ff2480ac6104ebcb2c05c35614d4939bc437075c61ebb,6c8eebd6fa8419c9e7ac6945343b9a34a300c185cf77c3d37cada060b334893c,88,6.285891593309023,10.280871263353117,1.6595559143655194,0.9161190327873169,6.530807992413837,9.935422419838472,False
outer::rolling_04,q=100|gain=0.25,100.0,0.25,rolling_02,911,14,2023-11-07,2024-01-30,2024-01-30,2cd9ef9d27536d6d4e63ef0a56ad51002823d1306ff7c39ac6538586596b6a8c,b20b5bc8b39efed506c025f56569e19f41cdd83eac718aaa583257dda372244d,14,7.481701506771687,8.289449404475477,-0.36027654302620427,0.9746473604328809,6.530807992413837,9.935422419838472,False
outer::rolling_04,q=100|gain=0.25,100.0,0.25,rolling_03,925,88,2024-01-30,2024-05-14,2024-05-14,686237bc74e73f1828459b8bdba9942c886b88e5acc7cf614f424ea513947f69,ecb9b74de9c4fb244c8a267313151ae002612ad83277182c0c2879152410b8ad,88,6.62444587787081,9.823506316801002,-3.1522724191098845,0.934150349046769,6.530807992413837,9.935422419838472,False
outer::rolling_04,q=10|gain=0.5,10.0,0.5,rolling_01,823,88,2023-07-25,2023-11-07,2023-11-07,7ca94bfee9c05afaff4ff2480ac6104ebcb2c05c35614d4939bc437075c61ebb,6c8eebd6fa8419c9e7ac6945343b9a34a300c185cf77c3d37cada060b334893c,88,6.750867398493609,10.910214285225717,1.2616151645490972,0.9055351696923812,6.693370906486714,10.321411653976114,False
outer::rolling_04,q=10|gain=0.5,10.0,0.5,rolling_02,911,14,2023-11-07,2024-01-30,2024-01-30,2cd9ef9d27536d6d4e63ef0a56ad51002823d1306ff7c39ac6538586596b6a8c,b20b5bc8b39efed506c025f56569e19f41cdd83eac718aaa583257dda372244d,14,6.510570013283089,7.413698667951807,0.38117200773941484,0.9797212270832659,6.693370906486714,10.321411653976114,False
outer::rolling_04,q=10|gain=0.5,10.0,0.5,rolling_03,925,88,2024-01-30,2024-05-14,2024-05-14,686237bc74e73f1828459b8bdba9942c886b88e5acc7cf614f424ea513947f69,ecb9b74de9c4fb244c8a267313151ae002612ad83277182c0c2879152410b8ad,88,6.664956374762215,10.111102731735258,-3.4590923086354266,0.930238234066386,6.693370906486714,10.321411653976114,False
outer::rolling_04,q=10|gain=0,10.0,0.0,rolling_01,823,88,2023-07-25,2023-11-07,2023-11-07,7ca94bfee9c05afaff4ff2480ac6104ebcb2c05c35614d4939bc437075c61ebb,6c8eebd6fa8419c9e7ac6945343b9a34a300c185cf77c3d37cada060b334893c,88,6.775352131647587,12.086702282509183,-0.47352421008369594,0.8840637531114188,6.713877695108103,11.631509275799907,False
outer::rolling_04,q=10|gain=0,10.0,0.0,rolling_02,911,14,2023-11-07,2024-01-30,2024-01-30,2cd9ef9d27536d6d4e63ef0a56ad51002823d1306ff7c39ac6538586596b6a8c,b20b5bc8b39efed506c025f56569e19f41cdd83eac718aaa583257dda372244d,14,5.888821132752479,6.983151033846553,1.299429151451941,0.9820081971999683,6.713877695108103,11.631509275799907,False
outer::rolling_04,q=10|gain=0,10.0,0.0,rolling_03,925,88,2024-01-30,2024-05-14,2024-05-14,686237bc74e73f1828459b8bdba9942c886b88e5acc7cf614f424ea513947f69,ecb9b74de9c4fb244c8a267313151ae002612ad83277182c0c2879152410b8ad,88,6.783662257125199,11.758460787200391,-3.262164984729528,0.9056544609603264,6.713877695108103,11.631509275799907,False
outer::rolling_04,q=400|gain=0.25,400.0,0.25,rolling_01,823,88,2023-07-25,2023-11-07,2023-11-07,7ca94bfee9c05afaff4ff2480ac6104ebcb2c05c35614d4939bc437075c61ebb,6c8eebd6fa8419c9e7ac6945343b9a34a300c185cf77c3d37cada060b334893c,88,6.662596141770216,10.517846436604117,2.0958737686070323,0.9122075358242415,6.7572263684683005,10.09186278397592,False
outer::rolling_04,q=400|gain=0.25,400.0,0.25,rolling_02,911,14,2023-11-07,2024-01-30,2024-01-30,2cd9ef9d27536d6d4e63ef0a56ad51002823d1306ff7c39ac6538586596b6a8c,b20b5bc8b39efed506c025f56569e19f41cdd83eac718aaa583257dda372244d,14,7.415927852869849,8.155240935593323,-0.4380656993144637,0.975461647305865,6.7572263684683005,10.09186278397592,False
outer::rolling_04,q=400|gain=0.25,400.0,0.25,rolling_03,925,88,2024-01-30,2024-05-14,2024-05-14,686237bc74e73f1828459b8bdba9942c886b88e5acc7cf614f424ea513947f69,ecb9b74de9c4fb244c8a267313151ae002612ad83277182c0c2879152410b8ad,88,6.7470631771934135,9.934193896665937,-3.3741929579040217,0.9326580505442571,6.7572263684683005,10.09186278397592,False
outer::rolling_04,q=25|gain=0.5,25.0,0.5,rolling_01,823,88,2023-07-25,2023-11-07,2023-11-07,7ca94bfee9c05afaff4ff2480ac6104ebcb2c05c35614d4939bc437075c61ebb,6c8eebd6fa8419c9e7ac6945343b9a34a300c185cf77c3d37cada060b334893c,88,6.723143977616643,10.604649600664631,1.7593420440564944,0.9107524641685861,6.82147652948931,10.094697534814586,False
outer::rolling_04,q=25|gain=0.5,25.0,0.5,rolling_02,911,14,2023-11-07,2024-01-30,2024-01-30,2cd9ef9d27536d6d4e63ef0a56ad51002823d1306ff7c39ac6538586596b6a8c,b20b5bc8b39efed506c025f56569e19f41cdd83eac718aaa583257dda372244d,14,7.45687381531987,8.222969567536063,-0.20186559803213242,0.9750523766910242,6.82147652948931,10.094697534814586,False
outer::rolling_04,q=25|gain=0.5,25.0,0.5,rolling_03,925,88,2024-01-30,2024-05-14,2024-05-14,686237bc74e73f1828459b8bdba9942c886b88e5acc7cf614f424ea513947f69,ecb9b74de9c4fb244c8a267313151ae002612ad83277182c0c2879152410b8ad,88,6.818723149525294,9.838789816166965,-3.2106715524765947,0.9339452906980733,6.82147652948931,10.094697534814586,False
outer::rolling_04,q=2|gain=0.25,2.0,0.25,rolling_01,823,88,2023-07-25,2023-11-07,2023-11-07,7ca94bfee9c05afaff4ff2480ac6104ebcb2c05c35614d4939bc437075c61ebb,6c8eebd6fa8419c9e7ac6945343b9a34a300c185cf77c3d37cada060b334893c,88,7.179952119848666,12.914616838283543,-0.47609266387991445,0.8676369886756314,7.227469299268231,12.921241634053633,False
outer::rolling_04,q=2|gain=0.25,2.0,0.25,rolling_02,911,14,2023-11-07,2024-01-30,2024-01-30,2cd9ef9d27536d6d4e63ef0a56ad51002823d1306ff7c39ac6538586596b6a8c,b20b5bc8b39efed506c025f56569e19f41cdd83eac718aaa583257dda372244d,14,5.348292759835826,6.487411653951964,1.7070513345622362,0.9844720285018336,7.227469299268231,12.921241634053633,False
outer::rolling_04,q=2|gain=0.25,2.0,0.25,rolling_03,925,88,2024-01-30,2024-05-14,2024-05-14,686237bc74e73f1828459b8bdba9942c886b88e5acc7cf614f424ea513947f69,ecb9b74de9c4fb244c8a267313151ae002612ad83277182c0c2879152410b8ad,88,7.573946382688406,13.674634866698778,-4.188599586704404,0.8723996406515067,7.227469299268231,12.921241634053633,False
outer::rolling_04,q=100|gain=0.5,100.0,0.5,rolling_01,823,88,2023-07-25,2023-11-07,2023-11-07,7ca94bfee9c05afaff4ff2480ac6104ebcb2c05c35614d4939bc437075c61ebb,6c8eebd6fa8419c9e7ac6945343b9a34a300c185cf77c3d37cada060b334893c,88,7.1518090190404155,10.861052008337333,2.527125601681916,0.9063845834014669,7.2436412474771,10.348073963028506,False
outer::rolling_04,q=100|gain=0.5,100.0,0.5,rolling_02,911,14,2023-11-07,2024-01-30,2024-01-30,2cd9ef9d27536d6d4e63ef0a56ad51002823d1306ff7c39ac6538586596b6a8c,b20b5bc8b39efed506c025f56569e19f41cdd83eac718aaa583257dda372244d,14,7.998937514651796,8.744653477504492,-0.8194051148824681,0.971786496403443,7.2436412474771,10.348073963028506,False
outer::rolling_04,q=100|gain=0.5,100.0,0.5,rolling_03,925,88,2024-01-30,2024-05-14,2024-05-14,686237bc74e73f1828459b8bdba9942c886b88e5acc7cf614f424ea513947f69,ecb9b74de9c4fb244c8a267313151ae002612ad83277182c0c2879152410b8ad,88,7.215312706135993,10.05351557415966,-3.2507360810628336,0.931030618742831,7.2436412474771,10.348073963028506,False
outer::rolling_04,q=2|gain=0.5,2.0,0.5,rolling_01,823,88,2023-07-25,2023-11-07,2023-11-07,7ca94bfee9c05afaff4ff2480ac6104ebcb2c05c35614d4939bc437075c61ebb,6c8eebd6fa8419c9e7ac6945343b9a34a300c185cf77c3d37cada060b334893c,88,7.381010200253189,12.219165653678292,0.3914770234364817,0.8815086376786864,7.280300916496108,12.061124347669761,False
outer::rolling_04,q=2|gain=0.5,2.0,0.5,rolling_02,911,14,2023-11-07,2024-01-30,2024-01-30,2cd9ef9d27536d6d4e63ef0a56ad51002823d1306ff7c39ac6538586596b6a8c,b20b5bc8b39efed506c025f56569e19f41cdd83eac718aaa583257dda372244d,14,5.333432101410721,6.448599330775929,1.2479227627059732,0.9846572715107084,7.280300916496108,12.061124347669761,False
outer::rolling_04,q=2|gain=0.5,2.0,0.5,rolling_03,925,88,2024-01-30,2024-05-14,2024-05-14,686237bc74e73f1828459b8bdba9942c886b88e5acc7cf614f424ea513947f69,ecb9b74de9c4fb244c8a267313151ae002612ad83277182c0c2879152410b8ad,88,7.489320762411703,12.576199571443304,-4.287063248657352,0.892075694933803,7.280300916496108,12.061124347669761,False
outer::rolling_04,q=400|gain=0.5,400.0,0.5,rolling_01,823,88,2023-07-25,2023-11-07,2023-11-07,7ca94bfee9c05afaff4ff2480ac6104ebcb2c05c35614d4939bc437075c61ebb,6c8eebd6fa8419c9e7ac6945343b9a34a300c185cf77c3d37cada060b334893c,88,7.573995318987449,11.303628836049704,2.9634434559234277,0.8985996707985957,7.511010032289411,10.640285483220401,False
outer::rolling_04,q=400|gain=0.5,400.0,0.5,rolling_02,911,14,2023-11-07,2024-01-30,2024-01-30,2cd9ef9d27536d6d4e63ef0a56ad51002823d1306ff7c39ac6538586596b6a8c,b20b5bc8b39efed506c025f56569e19f41cdd83eac718aaa583257dda372244d,14,7.797452135896962,8.58994583285297,-0.8971942711707274,0.9727759544703151,7.511010032289411,10.640285483220401,False
outer::rolling_04,q=400|gain=0.5,400.0,0.5,rolling_03,925,88,2024-01-30,2024-05-14,2024-05-14,686237bc74e73f1828459b8bdba9942c886b88e5acc7cf614f424ea513947f69,ecb9b74de9c4fb244c8a267313151ae002612ad83277182c0c2879152410b8ad,88,7.402454410926536,10.243634232538822,-3.47265661985697,0.9283974407436646,7.511010032289411,10.640285483220401,False
outer::rolling_04,q=2|gain=0,2.0,0.0,rolling_01,823,88,2023-07-25,2023-11-07,2023-11-07,7ca94bfee9c05afaff4ff2480ac6104ebcb2c05c35614d4939bc437075c61ebb,6c8eebd6fa8419c9e7ac6945343b9a34a300c185cf77c3d37cada060b334893c,88,7.439907137324566,14.090570825570229,-1.3436623511963115,0.8424346341674436,7.613204786842638,14.186344788518875,False
outer::rolling_04,q=2|gain=0,2.0,0.0,rolling_02,911,14,2023-11-07,2024-01-30,2024-01-30,2cd9ef9d27536d6d4e63ef0a56ad51002823d1306ff7c39ac6538586596b6a8c,b20b5bc8b39efed506c025f56569e19f41cdd83eac718aaa583257dda372244d,14,5.5604875020986615,6.693519003244927,2.1661799064184994,0.9834696970337996,7.613204786842638,14.186344788518875,False
outer::rolling_04,q=2|gain=0,2.0,0.0,rolling_03,925,88,2024-01-30,2024-05-14,2024-05-14,686237bc74e73f1828459b8bdba9942c886b88e5acc7cf614f424ea513947f69,ecb9b74de9c4fb244c8a267313151ae002612ad83277182c0c2879152410b8ad,88,8.113071095297252,15.127796048600478,-4.090135924751455,0.843839302083822,7.613204786842638,14.186344788518875,False
outer::rolling_04,q=0.5|gain=0.5,0.5,0.5,rolling_01,823,88,2023-07-25,2023-11-07,2023-11-07,7ca94bfee9c05afaff4ff2480ac6104ebcb2c05c35614d4939bc437075c61ebb,6c8eebd6fa8419c9e7ac6945343b9a34a300c185cf77c3d37cada060b334893c,88,8.682538717190386,14.556575562325802,-0.4329867263238929,0.8318402605117369,8.638639132116547,14.855119606726234,False
outer::rolling_04,q=0.5|gain=0.5,0.5,0.5,rolling_02,911,14,2023-11-07,2024-01-30,2024-01-30,2cd9ef9d27536d6d4e63ef0a56ad51002823d1306ff7c39ac6538586596b6a8c,b20b5bc8b39efed506c025f56569e19f41cdd83eac718aaa583257dda372244d,14,6.077794936264571,7.739876776145272,0.9125503464103901,0.9778975760503105,8.638639132116547,14.855119606726234,False
outer::rolling_04,q=0.5|gain=0.5,0.5,0.5,rolling_03,925,88,2024-01-30,2024-05-14,2024-05-14,686237bc74e73f1828459b8bdba9942c886b88e5acc7cf614f424ea513947f69,ecb9b74de9c4fb244c8a267313151ae002612ad83277182c0c2879152410b8ad,88,9.002146578200975,15.969725520154524,-5.128778806862327,0.8259735250509517,8.638639132116547,14.855119606726234,False
outer::rolling_04,q=0.5|gain=0.25,0.5,0.25,rolling_01,823,88,2023-07-25,2023-11-07,2023-11-07,7ca94bfee9c05afaff4ff2480ac6104ebcb2c05c35614d4939bc437075c61ebb,6c8eebd6fa8419c9e7ac6945343b9a34a300c185cf77c3d37cada060b334893c,88,8.636023527173208,15.449979341848875,-1.3005564136402883,0.8105653613958748,8.692794849249545,15.909228059887957,False
outer::rolling_04,q=0.5|gain=0.25,0.5,0.25,rolling_02,911,14,2023-11-07,2024-01-30,2024-01-30,2cd9ef9d27536d6d4e63ef0a56ad51002823d1306ff7c39ac6538586596b6a8c,b20b5bc8b39efed506c025f56569e19f41cdd83eac718aaa583257dda372244d,14,6.188743295686055,8.113550407797545,1.3716789182666527,0.9757118917789023,8.692794849249545,15.909228059887957,False
outer::rolling_04,q=0.5|gain=0.25,0.5,0.25,rolling_03,925,88,2024-01-30,2024-05-14,2024-05-14,686237bc74e73f1828459b8bdba9942c886b88e5acc7cf614f424ea513947f69,ecb9b74de9c4fb244c8a267313151ae002612ad83277182c0c2879152410b8ad,88,9.1479380093928,17.242354197591855,-5.030315144909379,0.797132001591592,8.692794849249545,15.909228059887957,False
outer::rolling_04,q=0.5|gain=0,0.5,0.0,rolling_01,823,88,2023-07-25,2023-11-07,2023-11-07,7ca94bfee9c05afaff4ff2480ac6104ebcb2c05c35614d4939bc437075c61ebb,6c8eebd6fa8419c9e7ac6945343b9a34a300c185cf77c3d37cada060b334893c,88,8.653170999733732,16.72684580333368,-2.1681261009566857,0.7779597567748798,9.01939004117816,17.272481716603362,False
outer::rolling_04,q=0.5|gain=0,0.5,0.0,rolling_02,911,14,2023-11-07,2024-01-30,2024-01-30,2cd9ef9d27536d6d4e63ef0a56ad51002823d1306ff7c39ac6538586596b6a8c,b20b5bc8b39efed506c025f56569e19f41cdd83eac718aaa583257dda372244d,14,6.406646264374141,8.60048358930192,1.8308074901229163,0.9727091190483348,9.01939004117816,17.272481716603362,False
outer::rolling_04,q=0.5|gain=0,0.5,0.0,rolling_03,925,88,2024-01-30,2024-05-14,2024-05-14,686237bc74e73f1828459b8bdba9942c886b88e5acc7cf614f424ea513947f69,ecb9b74de9c4fb244c8a267313151ae002612ad83277182c0c2879152410b8ad,88,9.801272865295957,18.777250992493745,-4.9318514829564295,0.7594061938468439,9.01939004117816,17.272481716603362,False
outer::rolling_05,q=10|gain=0.25,10.0,0.25,rolling_01,911,14,2023-11-07,2024-01-30,2024-01-30,2cd9ef9d27536d6d4e63ef0a56ad51002823d1306ff7c39ac6538586596b6a8c,b20b5bc8b39efed506c025f56569e19f41cdd83eac718aaa583257dda372244d,14,6.120616183261717,7.124349663677429,0.8403005795956779,0.9812732563711968,6.81418449978987,10.802399971012889,True
outer::rolling_05,q=10|gain=0.25,10.0,0.25,rolling_02,925,88,2024-01-30,2024-05-14,2024-05-14,686237bc74e73f1828459b8bdba9942c886b88e5acc7cf614f424ea513947f69,ecb9b74de9c4fb244c8a267313151ae002612ad83277182c0c2879152410b8ad,88,6.36386342119177,10.664803492378056,-3.3606286466824775,0.9223884896560504,6.81418449978987,10.802399971012889,True
outer::rolling_05,q=10|gain=0.25,10.0,0.25,rolling_03,1013,14,2024-05-14,2024-07-09,2024-07-09,669c63c27d719990f96d36a181f3a8eaff5572e9d91db8d532f1c562011c5796,9b3c75cd9dca28f54b2b2d5658f7018533744e27a7e6dac7c8a78b20bb0b8993,14,10.338342453220362,14.184292295547861,-2.3207939290058945,0.9032147539107811,6.81418449978987,10.802399971012889,True
outer::rolling_05,q=25|gain=0,25.0,0.0,rolling_01,911,14,2023-11-07,2024-01-30,2024-01-30,2cd9ef9d27536d6d4e63ef0a56ad51002823d1306ff7c39ac6538586596b6a8c,b20b5bc8b39efed506c025f56569e19f41cdd83eac718aaa583257dda372244d,14,6.638993451805659,7.552904874844998,0.7163915456803941,0.978952532773107,6.865526697210994,10.914263127480233,False
outer::rolling_05,q=25|gain=0,25.0,0.0,rolling_02,925,88,2024-01-30,2024-05-14,2024-05-14,686237bc74e73f1828459b8bdba9942c886b88e5acc7cf614f424ea513947f69,ecb9b74de9c4fb244c8a267313151ae002612ad83277182c0c2879152410b8ad,88,6.329518141960518,10.755036553082999,-3.0137442285706966,0.921069618616141,6.865526697210994,10.914263127480233,False
outer::rolling_05,q=25|gain=0,25.0,0.0,rolling_03,1013,14,2024-05-14,2024-07-09,2024-07-09,669c63c27d719990f96d36a181f3a8eaff5572e9d91db8d532f1c562011c5796,9b3c75cd9dca28f54b2b2d5658f7018533744e27a7e6dac7c8a78b20bb0b8993,14,10.461256575619327,14.243724422770802,-2.637776091040886,0.9024019951650117,6.865526697210994,10.914263127480233,False
outer::rolling_05,q=100|gain=0,100.0,0.0,rolling_01,911,14,2023-11-07,2024-01-30,2024-01-30,2cd9ef9d27536d6d4e63ef0a56ad51002823d1306ff7c39ac6538586596b6a8c,b20b5bc8b39efed506c025f56569e19f41cdd83eac718aaa583257dda372244d,14,7.148274181683393,7.948307269922789,0.09885202883005846,0.9766911360031596,6.876452222101947,10.519969160366403,False
outer::rolling_05,q=100|gain=0,100.0,0.0,rolling_02,925,88,2024-01-30,2024-05-14,2024-05-14,686237bc74e73f1828459b8bdba9942c886b88e5acc7cf614f424ea513947f69,ecb9b74de9c4fb244c8a267313151ae002612ad83277182c0c2879152410b8ad,88,6.259290049030145,10.244467228037909,-3.0538087571569354,0.9283857950653184,6.876452222101947,10.519969160366403,False
outer::rolling_05,q=100|gain=0,100.0,0.0,rolling_03,1013,14,2024-05-14,2024-07-09,2024-07-09,669c63c27d719990f96d36a181f3a8eaff5572e9d91db8d532f1c562011c5796,9b3c75cd9dca28f54b2b2d5658f7018533744e27a7e6dac7c8a78b20bb0b8993,14,10.483935350400412,13.932775644063474,-3.6757272517999753,0.9066167247533771,6.876452222101947,10.519969160366403,False
outer::rolling_05,q=25|gain=0.25,25.0,0.25,rolling_01,911,14,2023-11-07,2024-01-30,2024-01-30,2cd9ef9d27536d6d4e63ef0a56ad51002823d1306ff7c39ac6538586596b6a8c,b20b5bc8b39efed506c025f56569e19f41cdd83eac718aaa583257dda372244d,14,6.905067511438153,7.824608313425673,0.25726297382413105,0.9774109989616452,6.89172570778721,10.337410402864322,False
outer::rolling_05,q=25|gain=0.25,25.0,0.25,rolling_02,925,88,2024-01-30,2024-05-14,2024-05-14,686237bc74e73f1828459b8bdba9942c886b88e5acc7cf614f424ea513947f69,ecb9b74de9c4fb244c8a267313151ae002612ad83277182c0c2879152410b8ad,88,6.308323653661001,9.986312253056857,-3.1122078905236457,0.9319495967998014,6.89172570778721,10.337410402864322,False
outer::rolling_05,q=25|gain=0.25,25.0,0.25,rolling_03,1013,14,2024-05-14,2024-07-09,2024-07-09,669c63c27d719990f96d36a181f3a8eaff5572e9d91db8d532f1c562011c5796,9b3c75cd9dca28f54b2b2d5658f7018533744e27a7e6dac7c8a78b20bb0b8993,14,10.545482530072443,14.048205932565036,-2.5540714401989963,0.9050629912130372,6.89172570778721,10.337410402864322,False
outer::rolling_05,q=400|gain=0,400.0,0.0,rolling_01,911,14,2023-11-07,2024-01-30,2024-01-30,2cd9ef9d27536d6d4e63ef0a56ad51002823d1306ff7c39ac6538586596b6a8c,b20b5bc8b39efed506c025f56569e19f41cdd83eac718aaa583257dda372244d,14,7.082500527781557,7.838580870529256,0.02106287254179926,0.977330251682256,6.913585421532582,10.527008773328507,False
outer::rolling_05,q=400|gain=0,400.0,0.0,rolling_02,925,88,2024-01-30,2024-05-14,2024-05-14,686237bc74e73f1828459b8bdba9942c886b88e5acc7cf614f424ea513947f69,ecb9b74de9c4fb244c8a267313151ae002612ad83277182c0c2879152410b8ad,88,6.303199292013772,10.269571847785253,-3.2757292959510727,0.9280343760594612,6.913585421532582,10.527008773328507,False
outer::rolling_05,q=400|gain=0,400.0,0.0,rolling_03,1013,14,2024-05-14,2024-07-09,2024-07-09,669c63c27d719990f96d36a181f3a8eaff5572e9d91db8d532f1c562011c5796,9b3c75cd9dca28f54b2b2d5658f7018533744e27a7e6dac7c8a78b20bb0b8993,14,10.581383129401846,13.92282239310504,-4.170161013240126,0.9067500987777233,6.913585421532582,10.527008773328507,False
outer::rolling_05,q=10|gain=0.5,10.0,0.5,rolling_01,911,14,2023-11-07,2024-01-30,2024-01-30,2cd9ef9d27536d6d4e63ef0a56ad51002823d1306ff7c39ac6538586596b6a8c,b20b5bc8b39efed506c025f56569e19f41cdd83eac718aaa583257dda372244d,14,6.510570013283089,7.413698667951807,0.38117200773941484,0.9797212270832659,7.0998284385557495,10.37961944150363,False
outer::rolling_05,q=10|gain=0.5,10.0,0.5,rolling_02,925,88,2024-01-30,2024-05-14,2024-05-14,686237bc74e73f1828459b8bdba9942c886b88e5acc7cf614f424ea513947f69,ecb9b74de9c4fb244c8a267313151ae002612ad83277182c0c2879152410b8ad,88,6.664956374762215,10.111102731735258,-3.4590923086354266,0.930238234066386,7.0998284385557495,10.37961944150363,False
outer::rolling_05,q=10|gain=0.5,10.0,0.5,rolling_03,1013,14,2024-05-14,2024-07-09,2024-07-09,669c63c27d719990f96d36a181f3a8eaff5572e9d91db8d532f1c562011c5796,9b3c75cd9dca28f54b2b2d5658f7018533744e27a7e6dac7c8a78b20bb0b8993,14,10.422568407673477,13.967630733112946,-2.2370892781640044,0.9061489136345098,7.0998284385557495,10.37961944150363,False
outer::rolling_05,q=10|gain=0,10.0,0.0,rolling_01,911,14,2023-11-07,2024-01-30,2024-01-30,2cd9ef9d27536d6d4e63ef0a56ad51002823d1306ff7c39ac6538586596b6a8c,b20b5bc8b39efed506c025f56569e19f41cdd83eac718aaa583257dda372244d,14,5.888821132752479,6.983151033846553,1.299429151451941,0.9820081971999683,7.1102920543692765,11.66550492729833,False
outer::rolling_05,q=10|gain=0,10.0,0.0,rolling_02,925,88,2024-01-30,2024-05-14,2024-05-14,686237bc74e73f1828459b8bdba9942c886b88e5acc7cf614f424ea513947f69,ecb9b74de9c4fb244c8a267313151ae002612ad83277182c0c2879152410b8ad,88,6.783662257125199,11.758460787200391,-3.262164984729528,0.9056544609603264,7.1102920543692765,11.66550492729833,False
outer::rolling_05,q=10|gain=0,10.0,0.0,rolling_03,1013,14,2024-05-14,2024-07-09,2024-07-09,669c63c27d719990f96d36a181f3a8eaff5572e9d91db8d532f1c562011c5796,9b3c75cd9dca28f54b2b2d5658f7018533744e27a7e6dac7c8a78b20bb0b8993,14,10.384864558663134,14.481613514479966,-2.404498579847784,0.8991147394504782,7.1102920543692765,11.66550492729833,False
outer::rolling_05,q=100|gain=0.25,100.0,0.25,rolling_01,911,14,2023-11-07,2024-01-30,2024-01-30,2cd9ef9d27536d6d4e63ef0a56ad51002823d1306ff7c39ac6538586596b6a8c,b20b5bc8b39efed506c025f56569e19f41cdd83eac718aaa583257dda372244d,14,7.481701506771687,8.289449404475477,-0.36027654302620427,0.9746473604328809,7.203873419098141,10.221582858313036,False
outer::rolling_05,q=100|gain=0.25,100.0,0.25,rolling_02,925,88,2024-01-30,2024-05-14,2024-05-14,686237bc74e73f1828459b8bdba9942c886b88e5acc7cf614f424ea513947f69,ecb9b74de9c4fb244c8a267313151ae002612ad83277182c0c2879152410b8ad,88,6.62444587787081,9.823506316801002,-3.1522724191098845,0.934150349046769,7.203873419098141,10.221582858313036,False
outer::rolling_05,q=100|gain=0.25,100.0,0.25,rolling_03,1013,14,2024-05-14,2024-07-09,2024-07-09,669c63c27d719990f96d36a181f3a8eaff5572e9d91db8d532f1c562011c5796,9b3c75cd9dca28f54b2b2d5658f7018533744e27a7e6dac7c8a78b20bb0b8993,14,10.568161304853525,13.798669168868734,-3.5920226009580865,0.9084057483099519,7.203873419098141,10.221582858313036,False
outer::rolling_05,q=400|gain=0.25,400.0,0.25,rolling_01,911,14,2023-11-07,2024-01-30,2024-01-30,2cd9ef9d27536d6d4e63ef0a56ad51002823d1306ff7c39ac6538586596b6a8c,b20b5bc8b39efed506c025f56569e19f41cdd83eac718aaa583257dda372244d,14,7.415927852869849,8.155240935593323,-0.4380656993144637,0.975461647305865,7.294872047867298,10.288974781222711,False
outer::rolling_05,q=400|gain=0.25,400.0,0.25,rolling_02,925,88,2024-01-30,2024-05-14,2024-05-14,686237bc74e73f1828459b8bdba9942c886b88e5acc7cf614f424ea513947f69,ecb9b74de9c4fb244c8a267313151ae002612ad83277182c0c2879152410b8ad,88,6.7470631771934135,9.934193896665937,-3.3741929579040217,0.9326580505442571,7.294872047867298,10.288974781222711,False
outer::rolling_05,q=400|gain=0.25,400.0,0.25,rolling_03,1013,14,2024-05-14,2024-07-09,2024-07-09,669c63c27d719990f96d36a181f3a8eaff5572e9d91db8d532f1c562011c5796,9b3c75cd9dca28f54b2b2d5658f7018533744e27a7e6dac7c8a78b20bb0b8993,14,10.617186287100596,13.795533786749838,-4.086456362398236,0.9084473683166447,7.294872047867298,10.288974781222711,False
outer::rolling_05,q=25|gain=0.5,25.0,0.5,rolling_01,911,14,2023-11-07,2024-01-30,2024-01-30,2cd9ef9d27536d6d4e63ef0a56ad51002823d1306ff7c39ac6538586596b6a8c,b20b5bc8b39efed506c025f56569e19f41cdd83eac718aaa583257dda372244d,14,7.45687381531987,8.222969567536063,-0.20186559803213242,0.9750523766910242,7.3556878392763965,10.248891781573441,False
outer::rolling_05,q=25|gain=0.5,25.0,0.5,rolling_02,925,88,2024-01-30,2024-05-14,2024-05-14,686237bc74e73f1828459b8bdba9942c886b88e5acc7cf614f424ea513947f69,ecb9b74de9c4fb244c8a267313151ae002612ad83277182c0c2879152410b8ad,88,6.818723149525294,9.838789816166965,-3.2106715524765947,0.9339452906980733,7.3556878392763965,10.248891781573441,False
outer::rolling_05,q=25|gain=0.5,25.0,0.5,rolling_03,1013,14,2024-05-14,2024-07-09,2024-07-09,669c63c27d719990f96d36a181f3a8eaff5572e9d91db8d532f1c562011c5796,9b3c75cd9dca28f54b2b2d5658f7018533744e27a7e6dac7c8a78b20bb0b8993,14,10.629708484525558,13.93714593609347,-2.470366789357108,0.9065581325244885,7.3556878392763965,10.248891781573441,False
outer::rolling_05,q=2|gain=0.5,2.0,0.5,rolling_01,911,14,2023-11-07,2024-01-30,2024-01-30,2cd9ef9d27536d6d4e63ef0a56ad51002823d1306ff7c39ac6538586596b6a8c,b20b5bc8b39efed506c025f56569e19f41cdd83eac718aaa583257dda372244d,14,5.333432101410721,6.448599330775929,1.2479227627059732,0.9846572715107084,7.57721170709399,12.142990895329254,False
outer::rolling_05,q=2|gain=0.5,2.0,0.5,rolling_02,925,88,2024-01-30,2024-05-14,2024-05-14,686237bc74e73f1828459b8bdba9942c886b88e5acc7cf614f424ea513947f69,ecb9b74de9c4fb244c8a267313151ae002612ad83277182c0c2879152410b8ad,88,7.489320762411703,12.576199571443304,-4.287063248657352,0.892075694933803,7.57721170709399,12.142990895329254,False
outer::rolling_05,q=2|gain=0.5,2.0,0.5,rolling_03,1013,14,2024-05-14,2024-07-09,2024-07-09,669c63c27d719990f96d36a181f3a8eaff5572e9d91db8d532f1c562011c5796,9b3c75cd9dca28f54b2b2d5658f7018533744e27a7e6dac7c8a78b20bb0b8993,14,10.373448679351636,13.638512564995352,-4.011368527692881,0.9105196177738548,7.57721170709399,12.142990895329254,False
outer::rolling_05,q=2|gain=0.25,2.0,0.25,rolling_01,911,14,2023-11-07,2024-01-30,2024-01-30,2cd9ef9d27536d6d4e63ef0a56ad51002823d1306ff7c39ac6538586596b6a8c,b20b5bc8b39efed506c025f56569e19f41cdd83eac718aaa583257dda372244d,14,5.348292759835826,6.487411653951964,1.7070513345622362,0.9844720285018336,7.681679057011067,13.086692783020531,False
outer::rolling_05,q=2|gain=0.25,2.0,0.25,rolling_02,925,88,2024-01-30,2024-05-14,2024-05-14,686237bc74e73f1828459b8bdba9942c886b88e5acc7cf614f424ea513947f69,ecb9b74de9c4fb244c8a267313151ae002612ad83277182c0c2879152410b8ad,88,7.573946382688406,13.674634866698778,-4.188599586704404,0.8723996406515067,7.681679057011067,13.086692783020531,False
outer::rolling_05,q=2|gain=0.25,2.0,0.25,rolling_03,1013,14,2024-05-14,2024-07-09,2024-07-09,669c63c27d719990f96d36a181f3a8eaff5572e9d91db8d532f1c562011c5796,9b3c75cd9dca28f54b2b2d5658f7018533744e27a7e6dac7c8a78b20bb0b8993,14,10.692242164214457,14.196352396750488,-4.095073178534773,0.9030501019059531,7.681679057011067,13.086692783020531,False
outer::rolling_05,q=100|gain=0.5,100.0,0.5,rolling_01,911,14,2023-11-07,2024-01-30,2024-01-30,2cd9ef9d27536d6d4e63ef0a56ad51002823d1306ff7c39ac6538586596b6a8c,b20b5bc8b39efed506c025f56569e19f41cdd83eac718aaa583257dda372244d,14,7.998937514651796,8.744653477504492,-0.8194051148824681,0.971786496403443,7.7247074566843565,10.427299545684916,False
outer::rolling_05,q=100|gain=0.5,100.0,0.5,rolling_02,925,88,2024-01-30,2024-05-14,2024-05-14,686237bc74e73f1828459b8bdba9942c886b88e5acc7cf614f424ea513947f69,ecb9b74de9c4fb244c8a267313151ae002612ad83277182c0c2879152410b8ad,88,7.215312706135993,10.05351557415966,-3.2507360810628336,0.931030618742831,7.7247074566843565,10.427299545684916,False
outer::rolling_05,q=100|gain=0.5,100.0,0.5,rolling_03,1013,14,2024-05-14,2024-07-09,2024-07-09,669c63c27d719990f96d36a181f3a8eaff5572e9d91db8d532f1c562011c5796,9b3c75cd9dca28f54b2b2d5658f7018533744e27a7e6dac7c8a78b20bb0b8993,14,10.652387259306641,13.751648880925584,-3.508317950116196,0.9090289171299526,7.7247074566843565,10.427299545684916,False
outer::rolling_05,q=400|gain=0.5,400.0,0.5,rolling_01,911,14,2023-11-07,2024-01-30,2024-01-30,2cd9ef9d27536d6d4e63ef0a56ad51002823d1306ff7c39ac6538586596b6a8c,b20b5bc8b39efed506c025f56569e19f41cdd83eac718aaa583257dda372244d,14,7.797452135896962,8.58994583285297,-0.8971942711707274,0.9727759544703151,7.847049259431448,10.552009527825575,False
outer::rolling_05,q=400|gain=0.5,400.0,0.5,rolling_02,925,88,2024-01-30,2024-05-14,2024-05-14,686237bc74e73f1828459b8bdba9942c886b88e5acc7cf614f424ea513947f69,ecb9b74de9c4fb244c8a267313151ae002612ad83277182c0c2879152410b8ad,88,7.402454410926536,10.243634232538822,-3.47265661985697,0.9283974407436646,7.847049259431448,10.552009527825575,False
outer::rolling_05,q=400|gain=0.5,400.0,0.5,rolling_03,1013,14,2024-05-14,2024-07-09,2024-07-09,669c63c27d719990f96d36a181f3a8eaff5572e9d91db8d532f1c562011c5796,9b3c75cd9dca28f54b2b2d5658f7018533744e27a7e6dac7c8a78b20bb0b8993,14,10.691242573568248,13.755437614305789,-4.002751711556345,0.9089787831189918,7.847049259431448,10.552009527825575,False
outer::rolling_05,q=2|gain=0,2.0,0.0,rolling_01,911,14,2023-11-07,2024-01-30,2024-01-30,2cd9ef9d27536d6d4e63ef0a56ad51002823d1306ff7c39ac6538586596b6a8c,b20b5bc8b39efed506c025f56569e19f41cdd83eac718aaa583257dda372244d,14,5.5604875020986615,6.693519003244927,2.1661799064184994,0.9834696970337996,8.157602904351021,14.335537757686573,False
outer::rolling_05,q=2|gain=0,2.0,0.0,rolling_02,925,88,2024-01-30,2024-05-14,2024-05-14,686237bc74e73f1828459b8bdba9942c886b88e5acc7cf614f424ea513947f69,ecb9b74de9c4fb244c8a267313151ae002612ad83277182c0c2879152410b8ad,88,8.113071095297252,15.127796048600478,-4.090135924751455,0.843839302083822,8.157602904351021,14.335537757686573,False
outer::rolling_05,q=2|gain=0,2.0,0.0,rolling_03,1013,14,2024-05-14,2024-07-09,2024-07-09,669c63c27d719990f96d36a181f3a8eaff5572e9d91db8d532f1c562011c5796,9b3c75cd9dca28f54b2b2d5658f7018533744e27a7e6dac7c8a78b20bb0b8993,14,11.034632534941357,14.815105810901375,-4.178777829376663,0.8944147313014772,8.157602904351021,14.335537757686573,False
outer::rolling_05,q=0.5|gain=0.5,0.5,0.5,rolling_01,911,14,2023-11-07,2024-01-30,2024-01-30,2cd9ef9d27536d6d4e63ef0a56ad51002823d1306ff7c39ac6538586596b6a8c,b20b5bc8b39efed506c025f56569e19f41cdd83eac718aaa583257dda372244d,14,6.077794936264571,7.739876776145272,0.9125503464103901,0.9778975760503105,9.018558853830076,15.217207874082154,False
outer::rolling_05,q=0.5|gain=0.5,0.5,0.5,rolling_02,925,88,2024-01-30,2024-05-14,2024-05-14,686237bc74e73f1828459b8bdba9942c886b88e5acc7cf614f424ea513947f69,ecb9b74de9c4fb244c8a267313151ae002612ad83277182c0c2879152410b8ad,88,9.002146578200975,15.969725520154524,-5.128778806862327,0.8259735250509517,9.018558853830076,15.217207874082154,False
outer::rolling_05,q=0.5|gain=0.5,0.5,0.5,rolling_03,1013,14,2024-05-14,2024-07-09,2024-07-09,669c63c27d719990f96d36a181f3a8eaff5572e9d91db8d532f1c562011c5796,9b3c75cd9dca28f54b2b2d5658f7018533744e27a7e6dac7c8a78b20bb0b8993,14,12.06248564677852,15.990731199787223,-6.916995960899781,0.8769928205696221,9.018558853830076,15.217207874082154,False
outer::rolling_05,q=0.5|gain=0.25,0.5,0.25,rolling_01,911,14,2023-11-07,2024-01-30,2024-01-30,2cd9ef9d27536d6d4e63ef0a56ad51002823d1306ff7c39ac6538586596b6a8c,b20b5bc8b39efed506c025f56569e19f41cdd83eac718aaa583257dda372244d,14,6.188743295686055,8.113550407797545,1.3716789182666527,0.9757118917789023,9.18387254492454,16.355351021632288,False
outer::rolling_05,q=0.5|gain=0.25,0.5,0.25,rolling_02,925,88,2024-01-30,2024-05-14,2024-05-14,686237bc74e73f1828459b8bdba9942c886b88e5acc7cf614f424ea513947f69,ecb9b74de9c4fb244c8a267313151ae002612ad83277182c0c2879152410b8ad,88,9.1479380093928,17.242354197591855,-5.030315144909379,0.797132001591592,9.18387254492454,16.355351021632288,False
outer::rolling_05,q=0.5|gain=0.25,0.5,0.25,rolling_03,1013,14,2024-05-14,2024-07-09,2024-07-09,669c63c27d719990f96d36a181f3a8eaff5572e9d91db8d532f1c562011c5796,9b3c75cd9dca28f54b2b2d5658f7018533744e27a7e6dac7c8a78b20bb0b8993,14,12.404876017505416,16.788181483746197,-7.000700611741669,0.8644182843922198,9.18387254492454,16.355351021632288,False
outer::rolling_05,q=0.5|gain=0,0.5,0.0,rolling_01,911,14,2023-11-07,2024-01-30,2024-01-30,2cd9ef9d27536d6d4e63ef0a56ad51002823d1306ff7c39ac6538586596b6a8c,b20b5bc8b39efed506c025f56569e19f41cdd83eac718aaa583257dda372244d,14,6.406646264374141,8.60048358930192,1.8308074901229163,0.9727091190483348,9.74712749381495,17.716331823782596,False
outer::rolling_05,q=0.5|gain=0,0.5,0.0,rolling_02,925,88,2024-01-30,2024-05-14,2024-05-14,686237bc74e73f1828459b8bdba9942c886b88e5acc7cf614f424ea513947f69,ecb9b74de9c4fb244c8a267313151ae002612ad83277182c0c2879152410b8ad,88,9.801272865295957,18.777250992493745,-4.9318514829564295,0.7594061938468439,9.74712749381495,17.716331823782596,False
outer::rolling_05,q=0.5|gain=0,0.5,0.0,rolling_03,1013,14,2024-05-14,2024-07-09,2024-07-09,669c63c27d719990f96d36a181f3a8eaff5572e9d91db8d532f1c562011c5796,9b3c75cd9dca28f54b2b2d5658f7018533744e27a7e6dac7c8a78b20bb0b8993,14,12.747266388232315,17.618346494119198,-7.084405262583559,0.8506778934782431,9.74712749381495,17.716331823782596,False
outer::temporal_validation_2024,q=10|gain=0,10.0,0.0,rolling_01,721,88,2023-01-17,2023-05-16,2023-05-16,317ddbb17001d9a049381c41451a61291c15ec01597ef87e0a5866202da72df5,e20bc153999f0d7f03d220c1a626e6675962d4f0a98451d9d6010bc3073bbd79,88,5.11296436349908,8.350169617298771,-1.8493870715007654,0.913911041385816,6.535462162852613,11.521868820739472,True
outer::temporal_validation_2024,q=10|gain=0,10.0,0.0,rolling_02,809,14,2023-05-16,2023-07-25,2023-07-25,026154aa5493e35de4c3ee4e2497a4234fe85d361e80edbbb53d6880276513c5,eee99ecbe76acf0c2c4a815bd89561498ad4893f0703a5e098d5d541405fbae9,14,13.968997097792142,21.097649834111937,-12.787220198660432,0.7087651165746536,6.535462162852613,11.521868820739472,True
outer::temporal_validation_2024,q=10|gain=0,10.0,0.0,rolling_03,823,88,2023-07-25,2023-11-07,2023-11-07,7ca94bfee9c05afaff4ff2480ac6104ebcb2c05c35614d4939bc437075c61ebb,6c8eebd6fa8419c9e7ac6945343b9a34a300c185cf77c3d37cada060b334893c,88,6.775352131647587,12.086702282509183,-0.47352421008369594,0.8840637531114188,6.535462162852613,11.521868820739472,True
outer::temporal_validation_2024,q=25|gain=0,25.0,0.0,rolling_01,721,88,2023-01-17,2023-05-16,2023-05-16,317ddbb17001d9a049381c41451a61291c15ec01597ef87e0a5866202da72df5,e20bc153999f0d7f03d220c1a626e6675962d4f0a98451d9d6010bc3073bbd79,88,5.6060609087051425,8.45657074551268,-1.6494084666194815,0.9117031048629309,6.557825243281701,10.953326379749777,False
outer::temporal_validation_2024,q=25|gain=0,25.0,0.0,rolling_02,809,14,2023-05-16,2023-07-25,2023-07-25,026154aa5493e35de4c3ee4e2497a4234fe85d361e80edbbb53d6880276513c5,eee99ecbe76acf0c2c4a815bd89561498ad4893f0703a5e098d5d541405fbae9,14,13.323136602242727,19.984727069597167,-12.404799526277916,0.7386805859428535,6.557825243281701,10.953326379749777,False
outer::temporal_validation_2024,q=25|gain=0,25.0,0.0,rolling_03,823,88,2023-07-25,2023-11-07,2023-11-07,7ca94bfee9c05afaff4ff2480ac6104ebcb2c05c35614d4939bc437075c61ebb,6c8eebd6fa8419c9e7ac6945343b9a34a300c185cf77c3d37cada060b334893c,88,6.433290043478095,11.134851068371404,0.024202669423701723,0.9016051398372158,6.557825243281701,10.953326379749777,False
outer::temporal_validation_2024,q=10|gain=0.25,10.0,0.25,rolling_01,721,88,2023-01-17,2023-05-16,2023-05-16,317ddbb17001d9a049381c41451a61291c15ec01597ef87e0a5866202da72df5,e20bc153999f0d7f03d220c1a626e6675962d4f0a98451d9d6010bc3073bbd79,88,5.699929980267293,8.044746128079757,-1.4860586690912327,0.9200936034246832,6.6653013576025595,10.846518069076833,False
outer::temporal_validation_2024,q=10|gain=0.25,10.0,0.25,rolling_02,809,14,2023-05-16,2023-07-25,2023-07-25,026154aa5493e35de4c3ee4e2497a4234fe85d361e80edbbb53d6880276513c5,eee99ecbe76acf0c2c4a815bd89561498ad4893f0703a5e098d5d541405fbae9,14,13.494235013442035,20.03679434091725,-12.436925312469125,0.7373171534327334,6.6653013576025595,10.846518069076833,False
outer::temporal_validation_2024,q=10|gain=0.25,10.0,0.25,rolling_03,823,88,2023-07-25,2023-11-07,2023-11-07,7ca94bfee9c05afaff4ff2480ac6104ebcb2c05c35614d4939bc437075c61ebb,6c8eebd6fa8419c9e7ac6945343b9a34a300c185cf77c3d37cada060b334893c,88,6.544251471508821,11.199187660550823,0.39404547723270056,0.9004648141544664,6.6653013576025595,10.846518069076833,False
outer::temporal_validation_2024,q=100|gain=0,100.0,0.0,rolling_01,721,88,2023-01-17,2023-05-16,2023-05-16,317ddbb17001d9a049381c41451a61291c15ec01597ef87e0a5866202da72df5,e20bc153999f0d7f03d220c1a626e6675962d4f0a98451d9d6010bc3073bbd79,88,6.381835043149573,9.668812192201484,-1.292681146871991,0.8845741427663741,6.756535364549555,10.999788936707045,False
outer::temporal_validation_2024,q=100|gain=0,100.0,0.0,rolling_02,809,14,2023-05-16,2023-07-25,2023-07-25,026154aa5493e35de4c3ee4e2497a4234fe85d361e80edbbb53d6880276513c5,eee99ecbe76acf0c2c4a815bd89561498ad4893f0703a5e098d5d541405fbae9,14,13.229426035081618,19.42766243317688,-12.34292245411929,0.7530458491694559,6.756535364549555,10.999788936707045,False
outer::temporal_validation_2024,q=100|gain=0,100.0,0.0,rolling_03,823,88,2023-07-25,2023-11-07,2023-11-07,7ca94bfee9c05afaff4ff2480ac6104ebcb2c05c35614d4939bc437075c61ebb,6c8eebd6fa8419c9e7ac6945343b9a34a300c185cf77c3d37cada060b334893c,88,6.101457624728527,10.378232818864673,0.7919862270491228,0.914522776668034,6.756535364549555,10.999788936707045,False
outer::temporal_validation_2024,q=25|gain=0.25,25.0,0.25,rolling_01,721,88,2023-01-17,2023-05-16,2023-05-16,317ddbb17001d9a049381c41451a61291c15ec01597ef87e0a5866202da72df5,e20bc153999f0d7f03d220c1a626e6675962d4f0a98451d9d6010bc3073bbd79,88,6.33403785780133,8.84160168536071,-1.286080064209949,0.9034796803369113,6.814624254391063,10.682305508892894,False
outer::temporal_validation_2024,q=25|gain=0.25,25.0,0.25,rolling_02,809,14,2023-05-16,2023-07-25,2023-07-25,026154aa5493e35de4c3ee4e2497a4234fe85d361e80edbbb53d6880276513c5,eee99ecbe76acf0c2c4a815bd89561498ad4893f0703a5e098d5d541405fbae9,14,12.92096879938877,18.94843823202966,-12.05450464008661,0.7650788741831391,6.814624254391063,10.682305508892894,False
outer::temporal_validation_2024,q=25|gain=0.25,25.0,0.25,rolling_03,823,88,2023-07-25,2023-11-07,2023-11-07,7ca94bfee9c05afaff4ff2480ac6104ebcb2c05c35614d4939bc437075c61ebb,6c8eebd6fa8419c9e7ac6945343b9a34a300c185cf77c3d37cada060b334893c,88,6.323746746094796,10.539591125005746,0.8917723567400982,0.9118441547554674,6.814624254391063,10.682305508892894,False
outer::temporal_validation_2024,q=400|gain=0,400.0,0.0,rolling_01,721,88,2023-01-17,2023-05-16,2023-05-16,317ddbb17001d9a049381c41451a61291c15ec01597ef87e0a5866202da72df5,e20bc153999f0d7f03d220c1a626e6675962d4f0a98451d9d6010bc3073bbd79,88,6.560289363889674,10.298630947621117,-1.0784253212589898,0.8690468799032134,6.83307808913907,11.276879662231218,False
outer::temporal_validation_2024,q=400|gain=0,400.0,0.0,rolling_02,809,14,2023-05-16,2023-07-25,2023-07-25,026154aa5493e35de4c3ee4e2497a4234fe85d361e80edbbb53d6880276513c5,eee99ecbe76acf0c2c4a815bd89561498ad4893f0703a5e098d5d541405fbae9,14,13.391629390730927,19.541133780098814,-12.430893391004977,0.7501526493258426,6.83307808913907,11.276879662231218,False
outer::temporal_validation_2024,q=400|gain=0,400.0,0.0,rolling_03,823,88,2023-07-25,2023-11-07,2023-11-07,7ca94bfee9c05afaff4ff2480ac6104ebcb2c05c35614d4939bc437075c61ebb,6c8eebd6fa8419c9e7ac6945343b9a34a300c185cf77c3d37cada060b334893c,88,6.062460925498853,10.380544386875183,1.2283040812906352,0.9144846953447545,6.83307808913907,11.276879662231218,False
outer::temporal_validation_2024,q=2|gain=0.25,2.0,0.25,rolling_01,721,88,2023-01-17,2023-05-16,2023-05-16,317ddbb17001d9a049381c41451a61291c15ec01597ef87e0a5866202da72df5,e20bc153999f0d7f03d220c1a626e6675962d4f0a98451d9d6010bc3073bbd79,88,5.746961579561887,9.18380771156257,-1.7788260293769655,0.8958636327325317,7.148181033418893,12.565436835498073,False
outer::temporal_validation_2024,q=2|gain=0.25,2.0,0.25,rolling_02,809,14,2023-05-16,2023-07-25,2023-07-25,026154aa5493e35de4c3ee4e2497a4234fe85d361e80edbbb53d6880276513c5,eee99ecbe76acf0c2c4a815bd89561498ad4893f0703a5e098d5d541405fbae9,14,15.756142200104364,23.754291573761307,-14.083966052114608,0.6308019499310301,7.148181033418893,12.565436835498073,False
outer::temporal_validation_2024,q=2|gain=0.25,2.0,0.25,rolling_03,823,88,2023-07-25,2023-11-07,2023-11-07,7ca94bfee9c05afaff4ff2480ac6104ebcb2c05c35614d4939bc437075c61ebb,6c8eebd6fa8419c9e7ac6945343b9a34a300c185cf77c3d37cada060b334893c,88,7.179952119848666,12.914616838283543,-0.47609266387991445,0.8676369886756314,7.148181033418893,12.565436835498073,False
outer::temporal_validation_2024,q=2|gain=0,2.0,0.0,rolling_01,721,88,2023-01-17,2023-05-16,2023-05-16,317ddbb17001d9a049381c41451a61291c15ec01597ef87e0a5866202da72df5,e20bc153999f0d7f03d220c1a626e6675962d4f0a98451d9d6010bc3073bbd79,88,5.553963363425391,10.451902101768923,-2.1421544317864987,0.865120009716114,7.21417507393873,13.713078319645447,False
outer::temporal_validation_2024,q=2|gain=0,2.0,0.0,rolling_02,809,14,2023-05-16,2023-07-25,2023-07-25,026154aa5493e35de4c3ee4e2497a4234fe85d361e80edbbb53d6880276513c5,eee99ecbe76acf0c2c4a815bd89561498ad4893f0703a5e098d5d541405fbae9,14,16.23090428445447,24.848126088336155,-14.434260938305918,0.596017532932732,7.21417507393873,13.713078319645447,False
outer::temporal_validation_2024,q=2|gain=0,2.0,0.0,rolling_03,823,88,2023-07-25,2023-11-07,2023-11-07,7ca94bfee9c05afaff4ff2480ac6104ebcb2c05c35614d4939bc437075c61ebb,6c8eebd6fa8419c9e7ac6945343b9a34a300c185cf77c3d37cada060b334893c,88,7.439907137324566,14.090570825570229,-1.3436623511963115,0.8424346341674436,7.21417507393873,13.713078319645447,False
outer::temporal_validation_2024,q=100|gain=0.25,100.0,0.25,rolling_01,721,88,2023-01-17,2023-05-16,2023-05-16,317ddbb17001d9a049381c41451a61291c15ec01597ef87e0a5866202da72df5,e20bc153999f0d7f03d220c1a626e6675962d4f0a98451d9d6010bc3073bbd79,88,7.407299271003808,10.76847933286772,-0.9293527444624585,0.8568255190675875,7.290364659623833,11.298612891267005,False
outer::temporal_validation_2024,q=100|gain=0.25,100.0,0.25,rolling_02,809,14,2023-05-16,2023-07-25,2023-07-25,026154aa5493e35de4c3ee4e2497a4234fe85d361e80edbbb53d6880276513c5,eee99ecbe76acf0c2c4a815bd89561498ad4893f0703a5e098d5d541405fbae9,14,12.869177804928507,18.41849913612185,-11.99262756792798,0.7780354039548503,7.290364659623833,11.298612891267005,False
outer::temporal_validation_2024,q=100|gain=0.25,100.0,0.25,rolling_03,823,88,2023-07-25,2023-11-07,2023-11-07,7ca94bfee9c05afaff4ff2480ac6104ebcb2c05c35614d4939bc437075c61ebb,6c8eebd6fa8419c9e7ac6945343b9a34a300c185cf77c3d37cada060b334893c,88,6.285891593309023,10.280871263353117,1.6595559143655194,0.9161190327873169,7.290364659623833,11.298612891267005,False
outer::temporal_validation_2024,q=10|gain=0.5,10.0,0.5,rolling_01,721,88,2023-01-17,2023-05-16,2023-05-16,317ddbb17001d9a049381c41451a61291c15ec01597ef87e0a5866202da72df5,e20bc153999f0d7f03d220c1a626e6675962d4f0a98451d9d6010bc3073bbd79,88,7.0252672327333325,9.190704189584235,-1.1227302666816996,0.895707173920866,7.340674787576002,10.99246670478286,False
outer::temporal_validation_2024,q=10|gain=0.5,10.0,0.5,rolling_02,809,14,2023-05-16,2023-07-25,2023-07-25,026154aa5493e35de4c3ee4e2497a4234fe85d361e80edbbb53d6880276513c5,eee99ecbe76acf0c2c4a815bd89561498ad4893f0703a5e098d5d541405fbae9,14,13.030597292247817,18.993159510344974,-12.086630426277816,0.7639686643821074,7.340674787576002,10.99246670478286,False
outer::temporal_validation_2024,q=10|gain=0.5,10.0,0.5,rolling_03,823,88,2023-07-25,2023-11-07,2023-11-07,7ca94bfee9c05afaff4ff2480ac6104ebcb2c05c35614d4939bc437075c61ebb,6c8eebd6fa8419c9e7ac6945343b9a34a300c185cf77c3d37cada060b334893c,88,6.750867398493609,10.910214285225717,1.2616151645490972,0.9055351696923812,7.340674787576002,10.99246670478286,False
outer::temporal_validation_2024,q=2|gain=0.5,2.0,0.5,rolling_01,721,88,2023-01-17,2023-05-16,2023-05-16,317ddbb17001d9a049381c41451a61291c15ec01597ef87e0a5866202da72df5,e20bc153999f0d7f03d220c1a626e6675962d4f0a98451d9d6010bc3073bbd79,88,6.621382601697972,9.176104087712982,-1.4154976269674329,0.896038264206265,7.611315201011903,12.084112117384604,False
outer::temporal_validation_2024,q=2|gain=0.5,2.0,0.5,rolling_02,809,14,2023-05-16,2023-07-25,2023-07-25,026154aa5493e35de4c3ee4e2497a4234fe85d361e80edbbb53d6880276513c5,eee99ecbe76acf0c2c4a815bd89561498ad4893f0703a5e098d5d541405fbae9,14,15.281380115754262,22.6717455884735,-13.733671165923303,0.6636858410206224,7.611315201011903,12.084112117384604,False
outer::temporal_validation_2024,q=2|gain=0.5,2.0,0.5,rolling_03,823,88,2023-07-25,2023-11-07,2023-11-07,7ca94bfee9c05afaff4ff2480ac6104ebcb2c05c35614d4939bc437075c61ebb,6c8eebd6fa8419c9e7ac6945343b9a34a300c185cf77c3d37cada060b334893c,88,7.381010200253189,12.219165653678292,0.3914770234364817,0.8815086376786864,7.611315201011903,12.084112117384604,False
outer::temporal_validation_2024,q=25|gain=0.5,25.0,0.5,rolling_01,721,88,2023-01-17,2023-05-16,2023-05-16,317ddbb17001d9a049381c41451a61291c15ec01597ef87e0a5866202da72df5,e20bc153999f0d7f03d220c1a626e6675962d4f0a98451d9d6010bc3073bbd79,88,7.734269822584935,10.468655479997327,-0.9227516618004163,0.8646872642682072,7.6196655102860955,11.249080856754132,False
outer::temporal_validation_2024,q=25|gain=0.5,25.0,0.5,rolling_02,809,14,2023-05-16,2023-07-25,2023-07-25,026154aa5493e35de4c3ee4e2497a4234fe85d361e80edbbb53d6880276513c5,eee99ecbe76acf0c2c4a815bd89561498ad4893f0703a5e098d5d541405fbae9,14,12.534573752615671,17.9332648619146,-11.704209753895299,0.7895766365147191,7.6196655102860955,11.249080856754132,False
outer::temporal_validation_2024,q=25|gain=0.5,25.0,0.5,rolling_03,823,88,2023-07-25,2023-11-07,2023-11-07,7ca94bfee9c05afaff4ff2480ac6104ebcb2c05c35614d4939bc437075c61ebb,6c8eebd6fa8419c9e7ac6945343b9a34a300c185cf77c3d37cada060b334893c,88,6.723143977616643,10.604649600664631,1.7593420440564944,0.9107524641685861,7.6196655102860955,11.249080856754132,False
outer::temporal_validation_2024,q=400|gain=0.25,400.0,0.25,rolling_01,721,88,2023-01-17,2023-05-16,2023-05-16,317ddbb17001d9a049381c41451a61291c15ec01597ef87e0a5866202da72df5,e20bc153999f0d7f03d220c1a626e6675962d4f0a98451d9d6010bc3073bbd79,88,7.808423743246559,11.656642178443992,-0.7150969188494573,0.8322340617711041,7.6614643807798055,11.8102357380009,False
outer::temporal_validation_2024,q=400|gain=0.25,400.0,0.25,rolling_02,809,14,2023-05-16,2023-07-25,2023-07-25,026154aa5493e35de4c3ee4e2497a4234fe85d361e80edbbb53d6880276513c5,eee99ecbe76acf0c2c4a815bd89561498ad4893f0703a5e098d5d541405fbae9,14,13.016320176191929,18.534342078607622,-12.080598504813668,0.7752345359085443,7.6614643807798055,11.8102357380009,False
outer::temporal_validation_2024,q=400|gain=0.25,400.0,0.25,rolling_03,823,88,2023-07-25,2023-11-07,2023-11-07,7ca94bfee9c05afaff4ff2480ac6104ebcb2c05c35614d4939bc437075c61ebb,6c8eebd6fa8419c9e7ac6945343b9a34a300c185cf77c3d37cada060b334893c,88,6.662596141770216,10.517846436604117,2.0958737686070323,0.9122075358242415,7.6614643807798055,11.8102357380009,False
outer::temporal_validation_2024,q=100|gain=0.5,100.0,0.5,rolling_01,721,88,2023-01-17,2023-05-16,2023-05-16,317ddbb17001d9a049381c41451a61291c15ec01597ef87e0a5866202da72df5,e20bc153999f0d7f03d220c1a626e6675962d4f0a98451d9d6010bc3073bbd79,88,8.874627066139466,12.77469610927503,-0.566024342052926,0.7985079038261168,8.347099841204574,12.353777835697668,False
outer::temporal_validation_2024,q=100|gain=0.5,100.0,0.5,rolling_02,809,14,2023-05-16,2023-07-25,2023-07-25,026154aa5493e35de4c3ee4e2497a4234fe85d361e80edbbb53d6880276513c5,eee99ecbe76acf0c2c4a815bd89561498ad4893f0703a5e098d5d541405fbae9,14,12.544471023788535,17.43424317327697,-11.642332681736672,0.8011244328315389,8.347099841204574,12.353777835697668,False
outer::temporal_validation_2024,q=100|gain=0.5,100.0,0.5,rolling_03,823,88,2023-07-25,2023-11-07,2023-11-07,7ca94bfee9c05afaff4ff2480ac6104ebcb2c05c35614d4939bc437075c61ebb,6c8eebd6fa8419c9e7ac6945343b9a34a300c185cf77c3d37cada060b334893c,88,7.1518090190404155,10.861052008337333,2.527125601681916,0.9063845834014669,8.347099841204574,12.353777835697668,False
outer::temporal_validation_2024,q=0.5|gain=0.25,0.5,0.25,rolling_01,721,88,2023-01-17,2023-05-16,2023-05-16,317ddbb17001d9a049381c41451a61291c15ec01597ef87e0a5866202da72df5,e20bc153999f0d7f03d220c1a626e6675962d4f0a98451d9d6010bc3073bbd79,88,6.832197316795728,11.820862245266877,-1.7628308502523016,0.8274737541890378,8.555932281261708,15.351588041408645,False
outer::temporal_validation_2024,q=0.5|gain=0.25,0.5,0.25,rolling_02,809,14,2023-05-16,2023-07-25,2023-07-25,026154aa5493e35de4c3ee4e2497a4234fe85d361e80edbbb53d6880276513c5,eee99ecbe76acf0c2c4a815bd89561498ad4893f0703a5e098d5d541405fbae9,14,18.887407083604142,28.62976683553737,-15.920418035267137,0.4636962238148289,8.555932281261708,15.351588041408645,False
outer::temporal_validation_2024,q=0.5|gain=0.25,0.5,0.25,rolling_03,823,88,2023-07-25,2023-11-07,2023-11-07,7ca94bfee9c05afaff4ff2480ac6104ebcb2c05c35614d4939bc437075c61ebb,6c8eebd6fa8419c9e7ac6945343b9a34a300c185cf77c3d37cada060b334893c,88,8.636023527173208,15.449979341848875,-1.3005564136402883,0.8105653613958748,8.555932281261708,15.351588041408645,False
outer::temporal_validation_2024,q=0.5|gain=0,0.5,0.0,rolling_01,721,88,2023-01-17,2023-05-16,2023-05-16,317ddbb17001d9a049381c41451a61291c15ec01597ef87e0a5866202da72df5,e20bc153999f0d7f03d220c1a626e6675962d4f0a98451d9d6010bc3073bbd79,88,6.970921459893306,13.438872748575061,-2.126159252661834,0.7770114605998999,8.668088026466172,16.684636081906795,False
outer::temporal_validation_2024,q=0.5|gain=0,0.5,0.0,rolling_02,809,14,2023-05-16,2023-07-25,2023-07-25,026154aa5493e35de4c3ee4e2497a4234fe85d361e80edbbb53d6880276513c5,eee99ecbe76acf0c2c4a815bd89561498ad4893f0703a5e098d5d541405fbae9,14,19.429756327242405,29.733658600214827,-16.270712921458443,0.42154186387457315,8.668088026466172,16.684636081906795,False
outer::temporal_validation_2024,q=0.5|gain=0,0.5,0.0,rolling_03,823,88,2023-07-25,2023-11-07,2023-11-07,7ca94bfee9c05afaff4ff2480ac6104ebcb2c05c35614d4939bc437075c61ebb,6c8eebd6fa8419c9e7ac6945343b9a34a300c185cf77c3d37cada060b334893c,88,8.653170999733732,16.72684580333368,-2.1681261009566857,0.7779597567748798,8.668088026466172,16.684636081906795,False
outer::temporal_validation_2024,q=0.5|gain=0.5,0.5,0.5,rolling_01,721,88,2023-01-17,2023-05-16,2023-05-16,317ddbb17001d9a049381c41451a61291c15ec01597ef87e0a5866202da72df5,e20bc153999f0d7f03d220c1a626e6675962d4f0a98451d9d6010bc3073bbd79,88,7.365940960839514,11.118487455510781,-1.399502447842769,0.8473670562354914,8.784721165400807,14.534762004692185,False
outer::temporal_validation_2024,q=0.5|gain=0.5,0.5,0.5,rolling_02,809,14,2023-05-16,2023-07-25,2023-07-25,026154aa5493e35de4c3ee4e2497a4234fe85d361e80edbbb53d6880276513c5,eee99ecbe76acf0c2c4a815bd89561498ad4893f0703a5e098d5d541405fbae9,14,18.34505783996588,27.534366274678018,-15.57012314907583,0.5039500578463788,8.784721165400807,14.534762004692185,False
outer::temporal_validation_2024,q=0.5|gain=0.5,0.5,0.5,rolling_03,823,88,2023-07-25,2023-11-07,2023-11-07,7ca94bfee9c05afaff4ff2480ac6104ebcb2c05c35614d4939bc437075c61ebb,6c8eebd6fa8419c9e7ac6945343b9a34a300c185cf77c3d37cada060b334893c,88,8.682538717190386,14.556575562325802,-0.4329867263238929,0.8318402605117369,8.784721165400807,14.534762004692185,False
outer::temporal_validation_2024,q=400|gain=0.5,400.0,0.5,rolling_01,721,88,2023-01-17,2023-05-16,2023-05-16,317ddbb17001d9a049381c41451a61291c15ec01597ef87e0a5866202da72df5,e20bc153999f0d7f03d220c1a626e6675962d4f0a98451d9d6010bc3073bbd79,88,9.38010449485925,13.800409775251309,-0.35176851643992424,0.7648522520963104,8.787596690259143,13.041824963950827,False
outer::temporal_validation_2024,q=400|gain=0.5,400.0,0.5,rolling_02,809,14,2023-05-16,2023-07-25,2023-07-25,026154aa5493e35de4c3ee4e2497a4234fe85d361e80edbbb53d6880276513c5,eee99ecbe76acf0c2c4a815bd89561498ad4893f0703a5e098d5d541405fbae9,14,12.691613395051956,17.552562347126283,-11.730303618622358,0.7984158965825404,8.787596690259143,13.041824963950827,False
outer::temporal_validation_2024,q=400|gain=0.5,400.0,0.5,rolling_03,823,88,2023-07-25,2023-11-07,2023-11-07,7ca94bfee9c05afaff4ff2480ac6104ebcb2c05c35614d4939bc437075c61ebb,6c8eebd6fa8419c9e7ac6945343b9a34a300c185cf77c3d37cada060b334893c,88,7.573995318987449,11.303628836049704,2.9634434559234277,0.8985996707985957,8.787596690259143,13.041824963950827,False
