outer_fold_id,inner_fold_id,model_id,seed,parameter_sha256,sample_id,point_id,profile_id,zone_id,current_date,target_date,forecast_horizon_days,current_standard_uncertainty_mm,y_true,y_pred,b1_prediction,absolute_error,b1_absolute_error,transition_segment,is_transition,probabilistic_score,provenance_role,selected_effective_iterations
rolling_origin_2021-05-18,rolling_origin_2021-05-18__inner_1_2020-06-02,Z11_ebm,42117,f54d743d851555d673b0ddad4d2d7d382bb8738328557fdf0dda9fc7554e8cf3,P-D01-W001::C008::C009,P-D01-W001,P-D01,GEO_SW,2020-04-21,2020-06-02,42,1.160798797,47.27803044107135,18.568586289995928,16.89546956,28.709444151075424,30.382560881071353,stable,False,,inner_validation,
rolling_origin_2021-05-18,rolling_origin_2021-05-18__inner_1_2020-06-02,Z11_ebm,42117,f54d743d851555d673b0ddad4d2d7d382bb8738328557fdf0dda9fc7554e8cf3,P-D01-W002::C008::C009,P-D01-W002,P-D01,GEO_SW,2020-04-21,2020-06-02,42,1.190305509,89.0662707660715,60.231674024935074,66.46323011,28.834596741136423,22.6030406560715,volatile_or_gap,True,,inner_validation,
rolling_origin_2021-05-18,rolling_origin_2021-05-18__inner_1_2020-06-02,Z11_ebm,42117,f54d743d851555d673b0ddad4d2d7d382bb8738328557fdf0dda9fc7554e8cf3,P-D01-W005::C008::C009,P-D01-W005,P-D01,GEO_SW,2020-04-21,2020-06-02,42,1.225971399,42.41228038571448,31.668347316936146,30.27102401,10.743933068778336,12.14125637571448,stable,False,,inner_validation,
rolling_origin_2021-05-18,rolling_origin_2021-05-18__inner_1_2020-06-02,Z11_ebm,42117,f54d743d851555d673b0ddad4d2d7d382bb8738328557fdf0dda9fc7554e8cf3,P-D01-W006::C008::C009,P-D01-W006,P-D01,GEO_SW,2020-04-21,2020-06-02,42,1.21121964,29.23191671607172,28.782777317785957,25.68797193,0.4491393982857623,3.5439447860717195,decelerating,True,,inner_validation,
rolling_origin_2021-05-18,rolling_origin_2021-05-18__inner_1_2020-06-02,Z11_ebm,42117,f54d743d851555d673b0ddad4d2d7d382bb8738328557fdf0dda9fc7554e8cf3,P-D01-W007::C008::C009,P-D01-W007,P-D01,GEO_SW,2020-04-21,2020-06-02,42,1.179483642,46.16659904107145,35.606426387272094,32.95709782,10.560172653799356,13.209501221071449,decelerating,True,,inner_validation,
rolling_origin_2021-05-18,rolling_origin_2021-05-18__inner_1_2020-06-02,Z11_ebm,42117,f54d743d851555d673b0ddad4d2d7d382bb8738328557fdf0dda9fc7554e8cf3,P-H03-W001::C008::C009,P-H03-W001,P-H03,GEO_SE,2020-04-21,2020-06-02,42,1.130338411,65.67874278035706,60.68952922415368,60.44983503,4.989213556203374,5.2289077503570525,volatile_or_gap,True,,inner_validation,
rolling_origin_2021-05-18,rolling_origin_2021-05-18__inner_1_2020-06-02,Z11_ebm,42117,f54d743d851555d673b0ddad4d2d7d382bb8738328557fdf0dda9fc7554e8cf3,P-H03-W002::C008::C009,P-H03-W002,P-H03,GEO_SE,2020-04-21,2020-06-02,42,1.175988156,53.90724749999999,54.299438210691115,53.24664352,0.3921907106911249,0.6606039799999905,stable,False,,inner_validation,
rolling_origin_2021-05-18,rolling_origin_2021-05-18__inner_1_2020-06-02,Z11_ebm,42117,f54d743d851555d673b0ddad4d2d7d382bb8738328557fdf0dda9fc7554e8cf3,P-H03-W004::C008::C009,P-H03-W004,P-H03,GEO_SE,2020-04-21,2020-06-02,42,1.202381777,72.36759298928557,59.78376721690208,59.60905329,12.583825772383491,12.75853969928557,volatile_or_gap,True,,inner_validation,
rolling_origin_2021-05-18,rolling_origin_2021-05-18__inner_1_2020-06-02,Z11_ebm,42117,f54d743d851555d673b0ddad4d2d7d382bb8738328557fdf0dda9fc7554e8cf3,P-H03-W005::C008::C009,P-H03-W005,P-H03,GEO_SE,2020-04-21,2020-06-02,42,1.203535027,67.11570846071425,61.41031558530265,65.46520959,5.705392875411597,1.6504988707142445,stable,False,,inner_validation,
rolling_origin_2021-05-18,rolling_origin_2021-05-18__inner_1_2020-06-02,Z11_ebm,42117,f54d743d851555d673b0ddad4d2d7d382bb8738328557fdf0dda9fc7554e8cf3,P-H03-W006::C008::C009,P-H03-W006,P-H03,GEO_SE,2020-04-21,2020-06-02,42,1.198786711,73.73400889285719,72.10100848444476,67.52342595,1.6330004084124283,6.210582942857187,decelerating,True,,inner_validation,
rolling_origin_2021-05-18,rolling_origin_2021-05-18__inner_1_2020-06-02,Z11_ebm,42117,f54d743d851555d673b0ddad4d2d7d382bb8738328557fdf0dda9fc7554e8cf3,P-V01-W003::C008::C009,P-V01-W003,P-V01,GEO_SW,2020-04-21,2020-06-02,42,0.7931309698,28.492908130357204,35.667468151209945,33.45951276,7.174560020852741,4.966604629642799,stable,False,,inner_validation,
rolling_origin_2021-05-18,rolling_origin_2021-05-18__inner_1_2020-06-02,Z11_ebm,42117,f54d743d851555d673b0ddad4d2d7d382bb8738328557fdf0dda9fc7554e8cf3,P-V01-W004::C008::C009,P-V01-W004,P-V01,GEO_SW,2020-04-21,2020-06-02,42,0.7956483756,33.02672333392869,43.02265101717353,41.88620195,9.995927683244837,8.859478616071307,stable,False,,inner_validation,
rolling_origin_2021-05-18,rolling_origin_2021-05-18__inner_1_2020-06-02,Z11_ebm,42117,f54d743d851555d673b0ddad4d2d7d382bb8738328557fdf0dda9fc7554e8cf3,P-V01-W005::C008::C009,P-V01-W005,P-V01,GEO_SW,2020-04-21,2020-06-02,42,0.7904760529,47.43236074107129,53.39628416606416,63.29256325,5.9639234249928705,15.860202508928708,stable,False,,inner_validation,
rolling_origin_2021-05-18,rolling_origin_2021-05-18__inner_1_2020-06-02,Z11_ebm,42117,f54d743d851555d673b0ddad4d2d7d382bb8738328557fdf0dda9fc7554e8cf3,P-V01-W006::C008::C009,P-V01-W006,P-V01,GEO_SW,2020-04-21,2020-06-02,42,0.7752739001,31.01532115178564,37.14137351485976,36.70666692,6.12605236307412,5.691345768214365,stable,False,,inner_validation,
rolling_origin_2021-05-18,rolling_origin_2021-05-18__inner_1_2020-06-02,Z11_ebm,42117,f54d743d851555d673b0ddad4d2d7d382bb8738328557fdf0dda9fc7554e8cf3,P-V01-W007::C008::C009,P-V01-W007,P-V01,GEO_SW,2020-04-21,2020-06-02,42,0.7486818542,40.99758191071459,57.545018812937336,65.90209901,16.54743690222275,24.904517099285414,volatile_or_gap,True,,inner_validation,
rolling_origin_2021-05-18,rolling_origin_2021-05-18__inner_2_2020-10-20,Z11_ebm,42117,f54d743d851555d673b0ddad4d2d7d382bb8738328557fdf0dda9fc7554e8cf3,P-D01-W003::C008::C010,P-D01-W003,P-D01,GEO_SW,2020-04-21,2020-10-20,182,1.208959984,5.514072283928614,6.772813024654646,-0.3749137848,1.258740740726032,5.888986068728614,stable,False,,inner_validation,
rolling_origin_2021-05-18,rolling_origin_2021-05-18__inner_2_2020-10-20,Z11_ebm,42117,f54d743d851555d673b0ddad4d2d7d382bb8738328557fdf0dda9fc7554e8cf3,P-D01-W004::C008::C010,P-D01-W004,P-D01,GEO_SW,2020-04-21,2020-10-20,182,1.225655853,4.385185880769217,4.8406647534293965,-0.6037189012,0.45547887266017995,4.988904781969216,stable,False,,inner_validation,
rolling_origin_2021-05-18,rolling_origin_2021-05-18__inner_2_2020-10-20,Z11_ebm,42117,f54d743d851555d673b0ddad4d2d7d382bb8738328557fdf0dda9fc7554e8cf3,P-H01-W001::C008::C010,P-H01-W001,P-H01,GEO_SW,2020-04-21,2020-10-20,182,0.7199526787,27.01447901579672,31.68779773391774,32.27517974,4.6733187181210205,5.260700724203279,stable,False,,inner_validation,
rolling_origin_2021-05-18,rolling_origin_2021-05-18__inner_2_2020-10-20,Z11_ebm,42117,f54d743d851555d673b0ddad4d2d7d382bb8738328557fdf0dda9fc7554e8cf3,P-H01-W002::C008::C010,P-H01-W002,P-H01,GEO_SW,2020-04-21,2020-10-20,182,0.7703333749,17.421162639807687,23.240238264886283,16.96194963,5.819075625078597,0.4592130098076872,stable,False,,inner_validation,
rolling_origin_2021-05-18,rolling_origin_2021-05-18__inner_2_2020-10-20,Z11_ebm,42117,f54d743d851555d673b0ddad4d2d7d382bb8738328557fdf0dda9fc7554e8cf3,P-H01-W003::C008::C010,P-H01-W003,P-H01,GEO_SW,2020-04-21,2020-10-20,182,0.8100743858,21.248084606455983,36.53877815748738,33.06984126,15.290693551031396,11.821756653544014,stable,False,,inner_validation,
rolling_origin_2021-05-18,rolling_origin_2021-05-18__inner_2_2020-10-20,Z11_ebm,42117,f54d743d851555d673b0ddad4d2d7d382bb8738328557fdf0dda9fc7554e8cf3,P-H01-W004::C008::C010,P-H01-W004,P-H01,GEO_SW,2020-04-21,2020-10-20,182,0.8208576885,34.243405267582446,40.186401449662775,40.63940774,5.9429961820803285,6.396002472417557,stable,False,,inner_validation,
rolling_origin_2021-05-18,rolling_origin_2021-05-18__inner_2_2020-10-20,Z11_ebm,42117,f54d743d851555d673b0ddad4d2d7d382bb8738328557fdf0dda9fc7554e8cf3,P-H01-W005::C008::C010,P-H01-W005,P-H01,GEO_SW,2020-04-21,2020-10-20,182,0.8155698927,57.613321246153845,57.27860065850952,65.65305821,0.3347205876443269,8.039736963846153,stable,False,,inner_validation,
rolling_origin_2021-05-18,rolling_origin_2021-05-18__inner_2_2020-10-20,Z11_ebm,42117,f54d743d851555d673b0ddad4d2d7d382bb8738328557fdf0dda9fc7554e8cf3,P-H01-W007::C008::C010,P-H01-W007,P-H01,GEO_SW,2020-04-21,2020-10-20,182,0.7398377345,31.765656835714303,38.376737167928106,40.07458254,6.6110803322138025,8.308925704285699,stable,False,,inner_validation,
rolling_origin_2021-05-18,rolling_origin_2021-05-18__inner_2_2020-10-20,Z11_ebm,42117,f54d743d851555d673b0ddad4d2d7d382bb8738328557fdf0dda9fc7554e8cf3,P-H02-W003::C008::C010,P-H02-W003,P-H02,GEO_SW,2020-04-21,2020-10-20,182,1.285373112,25.55173283983519,20.59394552347763,27.73985603,4.95778731635756,2.1881231901648093,stable,False,,inner_validation,
rolling_origin_2021-05-18,rolling_origin_2021-05-18__inner_2_2020-10-20,Z11_ebm,42117,f54d743d851555d673b0ddad4d2d7d382bb8738328557fdf0dda9fc7554e8cf3,P-H02-W004::C008::C010,P-H02-W004,P-H02,GEO_SW,2020-04-21,2020-10-20,182,1.293303209,28.508523905769238,28.356771888928183,31.96327112,0.15175201684105488,3.454747214230764,stable,False,,inner_validation,
rolling_origin_2021-05-18,rolling_origin_2021-05-18__inner_2_2020-10-20,Z11_ebm,42117,f54d743d851555d673b0ddad4d2d7d382bb8738328557fdf0dda9fc7554e8cf3,P-H02-W005::C008::C010,P-H02-W005,P-H02,GEO_SW,2020-04-21,2020-10-20,182,1.285556811,9.27981987267857,2.577014173099224,6.196896042,6.702805699579345,3.0829238306785696,stable,False,,inner_validation,
rolling_origin_2021-05-18,rolling_origin_2021-05-18__inner_2_2020-10-20,Z11_ebm,42117,f54d743d851555d673b0ddad4d2d7d382bb8738328557fdf0dda9fc7554e8cf3,P-H02-W006::C008::C010,P-H02-W006,P-H02,GEO_SW,2020-04-21,2020-10-20,182,1.270807858,25.77986839120881,27.37550831420037,26.65757263,1.595639922991559,0.8777042387911891,stable,False,,inner_validation,
rolling_origin_2021-05-18,rolling_origin_2021-05-18__inner_2_2020-10-20,Z11_ebm,42117,f54d743d851555d673b0ddad4d2d7d382bb8738328557fdf0dda9fc7554e8cf3,P-H02-W007::C008::C010,P-H02-W007,P-H02,GEO_SW,2020-04-21,2020-10-20,182,1.223714721,40.56976023749998,34.38946779634019,32.4737044,6.180292441159786,8.096055837499975,stable,False,,inner_validation,
rolling_origin_2021-05-18,rolling_origin_2021-05-18__inner_2_2020-10-20,Z11_ebm,42117,f54d743d851555d673b0ddad4d2d7d382bb8738328557fdf0dda9fc7554e8cf3,P-H03-W003::C008::C010,P-H03-W003,P-H03,GEO_SE,2020-04-21,2020-10-20,182,1.189968247,53.35324733777468,54.57040244490525,62.91750465,1.2171551071305657,9.564257312225315,stable,False,,inner_validation,
rolling_origin_2021-05-18,rolling_origin_2021-05-18__inner_2_2020-10-20,Z11_ebm,42117,f54d743d851555d673b0ddad4d2d7d382bb8738328557fdf0dda9fc7554e8cf3,P-H03-W007::C008::C010,P-H03-W007,P-H03,GEO_SE,2020-04-21,2020-10-20,182,1.167141036,19.38810617719786,15.637200026452977,18.73630515,3.750906150744882,0.6518010271978589,stable,False,,inner_validation,
rolling_origin_2021-05-18,rolling_origin_2021-05-18__inner_2_2020-10-20,Z11_ebm,42117,f54d743d851555d673b0ddad4d2d7d382bb8738328557fdf0dda9fc7554e8cf3,P-H04-W001::C008::C010,P-H04-W001,P-H04,GEO_SW,2020-04-21,2020-10-20,182,1.020891042,37.89757277431316,31.31941233331957,28.24991913,6.578160440993592,9.647653644313163,decelerating,True,,inner_validation,
rolling_origin_2021-05-18,rolling_origin_2021-05-18__inner_2_2020-10-20,Z11_ebm,42117,f54d743d851555d673b0ddad4d2d7d382bb8738328557fdf0dda9fc7554e8cf3,P-H04-W002::C008::C010,P-H04-W002,P-H04,GEO_SW,2020-04-21,2020-10-20,182,1.046146317,41.07801484409335,31.069259630127075,30.04061929,10.008755213966278,11.037395554093354,stable,False,,inner_validation,
rolling_origin_2021-05-18,rolling_origin_2021-05-18__inner_2_2020-10-20,Z11_ebm,42117,f54d743d851555d673b0ddad4d2d7d382bb8738328557fdf0dda9fc7554e8cf3,P-H04-W003::C008::C010,P-H04-W003,P-H04,GEO_SW,2020-04-21,2020-10-20,182,1.072187433,34.20617204381865,34.91739900623447,31.72658248,0.7112269624158216,2.479589563818646,stable,False,,inner_validation,
rolling_origin_2021-05-18,rolling_origin_2021-05-18__inner_2_2020-10-20,Z11_ebm,42117,f54d743d851555d673b0ddad4d2d7d382bb8738328557fdf0dda9fc7554e8cf3,P-H04-W004::C008::C010,P-H04-W004,P-H04,GEO_SW,2020-04-21,2020-10-20,182,1.0783805,29.72869671964282,33.62932446674808,28.04356198,3.9006277471052613,1.6851347396428196,volatile_or_gap,True,,inner_validation,
rolling_origin_2021-05-18,rolling_origin_2021-05-18__inner_2_2020-10-20,Z11_ebm,42117,f54d743d851555d673b0ddad4d2d7d382bb8738328557fdf0dda9fc7554e8cf3,P-H04-W005::C008::C010,P-H04-W005,P-H04,GEO_SW,2020-04-21,2020-10-20,182,1.072900642,36.992772062637385,31.830331255630465,31.02749982,5.16244080700692,5.965272242637386,stable,False,,inner_validation,
rolling_origin_2021-05-18,rolling_origin_2021-05-18__inner_2_2020-10-20,Z11_ebm,42117,f54d743d851555d673b0ddad4d2d7d382bb8738328557fdf0dda9fc7554e8cf3,P-H04-W006::C008::C010,P-H04-W006,P-H04,GEO_SW,2020-04-21,2020-10-20,182,1.049694141,31.04002730398356,27.30865429907574,30.22205349,3.7313730049078195,0.81797381398356,stable,False,,inner_validation,
rolling_origin_2021-05-18,rolling_origin_2021-05-18__inner_2_2020-10-20,Z11_ebm,42117,f54d743d851555d673b0ddad4d2d7d382bb8738328557fdf0dda9fc7554e8cf3,P-H04-W007::C008::C010,P-H04-W007,P-H04,GEO_SW,2020-04-21,2020-10-20,182,1.011317998,44.69549760412089,45.41827612002895,48.46014377,0.7227785159080611,3.764646165879114,stable,False,,inner_validation,
rolling_origin_2021-05-18,rolling_origin_2021-05-18__inner_2_2020-10-20,Z11_ebm,42117,f54d743d851555d673b0ddad4d2d7d382bb8738328557fdf0dda9fc7554e8cf3,P-H05-W001::C008::C010,P-H05-W001,P-H05,GEO_NE,2020-04-21,2020-10-20,182,0.7474619294,32.17383695604358,41.48008543194322,39.67887718,9.306248475899643,7.505040223956421,stable,False,,inner_validation,
rolling_origin_2021-05-18,rolling_origin_2021-05-18__inner_2_2020-10-20,Z11_ebm,42117,f54d743d851555d673b0ddad4d2d7d382bb8738328557fdf0dda9fc7554e8cf3,P-H05-W002::C008::C010,P-H05-W002,P-H05,GEO_NE,2020-04-21,2020-10-20,182,0.7810213598,47.961156111263485,53.389329402028956,57.54927698,5.428173290765471,9.588120868736517,stable,False,,inner_validation,
rolling_origin_2021-05-18,rolling_origin_2021-05-18__inner_2_2020-10-20,Z11_ebm,42117,f54d743d851555d673b0ddad4d2d7d382bb8738328557fdf0dda9fc7554e8cf3,P-H05-W003::C008::C010,P-H05-W003,P-H05,GEO_NE,2020-04-21,2020-10-20,182,0.7975427988,35.56657797939545,47.35346741669848,46.28419036,11.786889437303032,10.71761238060455,volatile_or_gap,True,,inner_validation,
rolling_origin_2021-05-18,rolling_origin_2021-05-18__inner_2_2020-10-20,Z11_ebm,42117,f54d743d851555d673b0ddad4d2d7d382bb8738328557fdf0dda9fc7554e8cf3,P-H05-W004::C008::C010,P-H05-W004,P-H05,GEO_NE,2020-04-21,2020-10-20,182,0.8006661374,17.067849531593453,22.454389040161463,21.47115971,5.38653950856801,4.403310178406546,stable,False,,inner_validation,
rolling_origin_2021-05-18,rolling_origin_2021-05-18__inner_2_2020-10-20,Z11_ebm,42117,f54d743d851555d673b0ddad4d2d7d382bb8738328557fdf0dda9fc7554e8cf3,P-H05-W006::C008::C010,P-H05-W006,P-H05,GEO_NE,2020-04-21,2020-10-20,182,0.757456961,16.87090552747266,14.498948300285447,15.41106662,2.371957227187215,1.4598389074726619,stable,False,,inner_validation,
rolling_origin_2021-05-18,rolling_origin_2021-05-18__inner_2_2020-10-20,Z11_ebm,42117,f54d743d851555d673b0ddad4d2d7d382bb8738328557fdf0dda9fc7554e8cf3,P-H05-W007::C008::C010,P-H05-W007,P-H05,GEO_NE,2020-04-21,2020-10-20,182,0.7139502471,31.65593693983513,31.963155607896525,32.10770408,0.3072186680613953,0.4517671401648684,stable,False,,inner_validation,
rolling_origin_2021-05-18,rolling_origin_2021-05-18__inner_2_2020-10-20,Z11_ebm,42117,f54d743d851555d673b0ddad4d2d7d382bb8738328557fdf0dda9fc7554e8cf3,P-H06-W001::C008::C010,P-H06-W001,P-H06,GEO_NE,2020-04-21,2020-10-20,182,0.7500487935,-0.1722342395604067,11.530618707978661,2.163809541,11.702852947539068,2.3360437805604066,stable,False,,inner_validation,
rolling_origin_2021-05-18,rolling_origin_2021-05-18__inner_2_2020-10-20,Z11_ebm,42117,f54d743d851555d673b0ddad4d2d7d382bb8738328557fdf0dda9fc7554e8cf3,P-H06-W002::C008::C010,P-H06-W002,P-H06,GEO_NE,2020-04-21,2020-10-20,182,0.7825612681,-0.6408770822801867,8.428411645376276,2.119395147,9.069288727656462,2.760272229280187,stable,False,,inner_validation,
rolling_origin_2021-05-18,rolling_origin_2021-05-18__inner_2_2020-10-20,Z11_ebm,42117,f54d743d851555d673b0ddad4d2d7d382bb8738328557fdf0dda9fc7554e8cf3,P-H06-W003::C008::C010,P-H06-W003,P-H06,GEO_NE,2020-04-21,2020-10-20,182,0.7979754192,-2.3280760059065053,9.731829126603586,4.139120908,12.05990513251009,6.4671969139065055,stable,False,,inner_validation,
rolling_origin_2021-05-18,rolling_origin_2021-05-18__inner_2_2020-10-20,Z11_ebm,42117,f54d743d851555d673b0ddad4d2d7d382bb8738328557fdf0dda9fc7554e8cf3,P-H06-W004::C008::C010,P-H06-W004,P-H06,GEO_NE,2020-04-21,2020-10-20,182,0.8005338282,-3.2571247017857057,7.035580396524606,5.080952652,10.292705098310313,8.338077353785705,stable,False,,inner_validation,
rolling_origin_2021-05-18,rolling_origin_2021-05-18__inner_2_2020-10-20,Z11_ebm,42117,f54d743d851555d673b0ddad4d2d7d382bb8738328557fdf0dda9fc7554e8cf3,P-H06-W005::C008::C010,P-H06-W005,P-H06,GEO_NE,2020-04-21,2020-10-20,182,0.7920199711,-1.201112985164866,7.709043822761795,3.512902439,8.910156807926661,4.714015424164866,stable,False,,inner_validation,
rolling_origin_2021-05-18,rolling_origin_2021-05-18__inner_2_2020-10-20,Z11_ebm,42117,f54d743d851555d673b0ddad4d2d7d382bb8738328557fdf0dda9fc7554e8cf3,P-H06-W006::C008::C010,P-H06-W006,P-H06,GEO_NE,2020-04-21,2020-10-20,182,0.7540687562,0.0060240160714829,7.23448223713904,4.864238644,7.228458221067557,4.858214627928517,stable,False,,inner_validation,
rolling_origin_2021-05-18,rolling_origin_2021-05-18__inner_2_2020-10-20,Z11_ebm,42117,f54d743d851555d673b0ddad4d2d7d382bb8738328557fdf0dda9fc7554e8cf3,P-V01-W001::C008::C010,P-V01-W001,P-V01,GEO_SW,2020-04-21,2020-10-20,182,0.7530124719,32.690789931181335,24.80698150724394,32.92705074,7.883808423937396,0.2362608088186633,stable,False,,inner_validation,
rolling_origin_2021-05-18,rolling_origin_2021-05-18__inner_2_2020-10-20,Z11_ebm,42117,f54d743d851555d673b0ddad4d2d7d382bb8738328557fdf0dda9fc7554e8cf3,P-V01-W002::C008::C010,P-V01-W002,P-V01,GEO_SW,2020-04-21,2020-10-20,182,0.7786841031,35.95265706304945,30.012223610563098,34.75453469,5.940433452486353,1.1981223730494506,stable,False,,inner_validation,
rolling_origin_2021-05-18,rolling_origin_2021-05-18__inner_2_2020-10-20,Z11_ebm,42117,f54d743d851555d673b0ddad4d2d7d382bb8738328557fdf0dda9fc7554e8cf3,P-V02-W001::C008::C010,P-V02-W001,P-V02,GEO_SW,2020-04-21,2020-10-20,182,0.7792268694,49.33799107211535,49.10735244853543,56.49859589,0.23063862357992093,7.160604817884646,volatile_or_gap,True,,inner_validation,
rolling_origin_2021-05-18,rolling_origin_2021-05-18__inner_2_2020-10-20,Z11_ebm,42117,f54d743d851555d673b0ddad4d2d7d382bb8738328557fdf0dda9fc7554e8cf3,P-V02-W002::C008::C010,P-V02-W002,P-V02,GEO_SW,2020-04-21,2020-10-20,182,0.7965459609,53.86677739862636,50.645654540548236,62.69744362,3.2211228580781253,8.83066622137364,stable,False,,inner_validation,
rolling_origin_2021-05-18,rolling_origin_2021-05-18__inner_2_2020-10-20,Z11_ebm,42117,f54d743d851555d673b0ddad4d2d7d382bb8738328557fdf0dda9fc7554e8cf3,P-V02-W003::C008::C010,P-V02-W003,P-V02,GEO_NW,2020-04-21,2020-10-20,182,0.8111508208,6.637013741620884,0.9622496462080822,8.03757062,5.674764095412802,1.400556878379116,stable,False,,inner_validation,
rolling_origin_2021-05-18,rolling_origin_2021-05-18__inner_2_2020-10-20,Z11_ebm,42117,f54d743d851555d673b0ddad4d2d7d382bb8738328557fdf0dda9fc7554e8cf3,P-V02-W004::C008::C010,P-V02-W004,P-V02,GEO_NW,2020-04-21,2020-10-20,182,0.8134612232,16.864636994587908,10.051618810512807,14.96051783,6.813018184075101,1.9041191645879074,volatile_or_gap,True,,inner_validation,
rolling_origin_2021-05-18,rolling_origin_2021-05-18__inner_2_2020-10-20,Z11_ebm,42117,f54d743d851555d673b0ddad4d2d7d382bb8738328557fdf0dda9fc7554e8cf3,P-V02-W005::C008::C010,P-V02-W005,P-V02,GEO_NW,2020-04-21,2020-10-20,182,0.8117793396,53.1040105714286,49.71794016443709,60.34008026,3.3860704069915144,7.236069688571398,volatile_or_gap,True,,inner_validation,
rolling_origin_2021-05-18,rolling_origin_2021-05-18__inner_2_2020-10-20,Z11_ebm,42117,f54d743d851555d673b0ddad4d2d7d382bb8738328557fdf0dda9fc7554e8cf3,P-V02-W006::C008::C010,P-V02-W006,P-V02,GEO_NW,2020-04-21,2020-10-20,182,0.7982077467,26.03451928640111,25.761808921227633,29.34822361,0.27271036517347724,3.313704323598891,stable,False,,inner_validation,
rolling_origin_2021-05-18,rolling_origin_2021-05-18__inner_2_2020-10-20,Z11_ebm,42117,f54d743d851555d673b0ddad4d2d7d382bb8738328557fdf0dda9fc7554e8cf3,P-V02-W007::C008::C010,P-V02-W007,P-V02,GEO_NW,2020-04-21,2020-10-20,182,0.7803607121,21.714765735576936,21.5549423024656,24.63200076,0.15982343311133462,2.9172350244230643,volatile_or_gap,True,,inner_validation,
rolling_origin_2021-05-18,rolling_origin_2021-05-18__inner_2_2020-10-20,Z11_ebm,42117,f54d743d851555d673b0ddad4d2d7d382bb8738328557fdf0dda9fc7554e8cf3,P-V03-W001::C008::C010,P-V03-W001,P-V03,GEO_SW,2020-04-21,2020-10-20,182,0.6957996582,29.97704885851649,40.8921142628398,35.24549441,10.915065404323308,5.268445551483509,stable,False,,inner_validation,
rolling_origin_2021-05-18,rolling_origin_2021-05-18__inner_2_2020-10-20,Z11_ebm,42117,f54d743d851555d673b0ddad4d2d7d382bb8738328557fdf0dda9fc7554e8cf3,P-V03-W002::C008::C010,P-V03-W002,P-V03,GEO_SW,2020-04-21,2020-10-20,182,0.7095771831,31.07697655590662,43.22264637294216,40.71000704,12.14566981703554,9.633030484093382,stable,False,,inner_validation,
rolling_origin_2021-05-18,rolling_origin_2021-05-18__inner_2_2020-10-20,Z11_ebm,42117,f54d743d851555d673b0ddad4d2d7d382bb8738328557fdf0dda9fc7554e8cf3,P-V03-W003::C008::C010,P-V03-W003,P-V03,GEO_SW,2020-04-21,2020-10-20,182,0.7183684918,32.019109429945416,38.925196659405785,37.67745217,6.906087229460368,5.658342740054586,stable,False,,inner_validation,
rolling_origin_2021-05-18,rolling_origin_2021-05-18__inner_2_2020-10-20,Z11_ebm,42117,f54d743d851555d673b0ddad4d2d7d382bb8738328557fdf0dda9fc7554e8cf3,P-V03-W004::C008::C010,P-V03-W004,P-V03,GEO_SW,2020-04-21,2020-10-20,182,0.7225603944,18.69244540796713,24.324923166696447,20.59392084,5.6324777587293156,1.9014754320328677,stable,False,,inner_validation,
rolling_origin_2021-05-18,rolling_origin_2021-05-18__inner_2_2020-10-20,Z11_ebm,42117,f54d743d851555d673b0ddad4d2d7d382bb8738328557fdf0dda9fc7554e8cf3,P-V03-W005::C008::C010,P-V03-W005,P-V03,GEO_NW,2020-04-21,2020-10-20,182,0.7218260341,30.389472100137347,39.544409356185426,37.12432005,9.154937256048079,6.734847949862655,stable,False,,inner_validation,
rolling_origin_2021-05-18,rolling_origin_2021-05-18__inner_2_2020-10-20,Z11_ebm,42117,f54d743d851555d673b0ddad4d2d7d382bb8738328557fdf0dda9fc7554e8cf3,P-V03-W006::C008::C010,P-V03-W006,P-V03,GEO_NW,2020-04-21,2020-10-20,182,0.7171355273,30.302913469368107,37.390816644189535,38.27419395,7.087903174821427,7.97128048063189,stable,False,,inner_validation,
rolling_origin_2021-05-18,rolling_origin_2021-05-18__inner_2_2020-10-20,Z11_ebm,42117,f54d743d851555d673b0ddad4d2d7d382bb8738328557fdf0dda9fc7554e8cf3,P-V03-W007::C008::C010,P-V03-W007,P-V03,GEO_NW,2020-04-21,2020-10-20,182,0.7098646323,-0.4653545892856884,6.60044430393263,1.589064608,7.065798893218318,2.0544191972856884,stable,False,,inner_validation,
rolling_origin_2021-05-18,rolling_origin_2021-05-18__inner_2_2020-10-20,Z11_ebm,42117,f54d743d851555d673b0ddad4d2d7d382bb8738328557fdf0dda9fc7554e8cf3,P-V04-W001::C008::C010,P-V04-W001,P-V04,GEO_NE,2020-04-21,2020-10-20,182,1.076602129,1.7963922173076985,7.736289234027708,4.73125807,5.939897016720009,2.9348658526923015,stable,False,,inner_validation,
rolling_origin_2021-05-18,rolling_origin_2021-05-18__inner_2_2020-10-20,Z11_ebm,42117,f54d743d851555d673b0ddad4d2d7d382bb8738328557fdf0dda9fc7554e8cf3,P-V04-W002::C008::C010,P-V04-W002,P-V04,GEO_NE,2020-04-21,2020-10-20,182,1.09663387,0.087534370054921,8.250238256226032,3.624124697,8.16270388617111,3.536590326945079,stable,False,,inner_validation,
rolling_origin_2021-05-18,rolling_origin_2021-05-18__inner_2_2020-10-20,Z11_ebm,42117,f54d743d851555d673b0ddad4d2d7d382bb8738328557fdf0dda9fc7554e8cf3,P-V04-W003::C008::C010,P-V04-W003,P-V04,GEO_NE,2020-04-21,2020-10-20,182,1.115593214,-0.2548734568681365,5.576387991192038,2.753232488,5.831261448060174,3.0081059448681366,volatile_or_gap,True,,inner_validation,
rolling_origin_2021-05-18,rolling_origin_2021-05-18__inner_2_2020-10-20,Z11_ebm,42117,f54d743d851555d673b0ddad4d2d7d382bb8738328557fdf0dda9fc7554e8cf3,P-V04-W004::C008::C010,P-V04-W004,P-V04,GEO_NE,2020-04-21,2020-10-20,182,1.128138261,1.9237053226648533,6.98912466120081,3.335576634,5.065419338535957,1.4118713113351469,stable,False,,inner_validation,
rolling_origin_2021-05-18,rolling_origin_2021-05-18__inner_2_2020-10-20,Z11_ebm,42117,f54d743d851555d673b0ddad4d2d7d382bb8738328557fdf0dda9fc7554e8cf3,P-V04-W006::C008::C010,P-V04-W006,P-V04,GEO_NE,2020-04-21,2020-10-20,182,1.121994983,0.7198760414835171,6.947751738946391,3.39829064,6.227875697462874,2.6784145985164827,stable,False,,inner_validation,
rolling_origin_2021-05-18,rolling_origin_2021-05-18__inner_2_2020-10-20,Z11_ebm,42117,f54d743d851555d673b0ddad4d2d7d382bb8738328557fdf0dda9fc7554e8cf3,P-V04-W007::C008::C010,P-V04-W007,P-V04,GEO_NE,2020-04-21,2020-10-20,182,1.107535821,32.427491039835154,41.51445607646559,34.99134773,9.086965036630438,2.5638566901648474,stable,False,,inner_validation,
rolling_origin_2021-05-18,rolling_origin_2021-05-18__inner_2_2020-10-20,Z11_ebm,42117,f54d743d851555d673b0ddad4d2d7d382bb8738328557fdf0dda9fc7554e8cf3,P-V05-W002::C008::C010,P-V05-W002,P-V05,GEO_NE,2020-04-21,2020-10-20,182,1.041207003,38.7757206717035,55.452217670183074,50.209535,16.67649699847957,11.4338143282965,volatile_or_gap,True,,inner_validation,
rolling_origin_2021-05-18,rolling_origin_2021-05-18__inner_2_2020-10-20,Z11_ebm,42117,f54d743d851555d673b0ddad4d2d7d382bb8738328557fdf0dda9fc7554e8cf3,P-V05-W003::C008::C010,P-V05-W003,P-V05,GEO_NE,2020-04-21,2020-10-20,182,1.044881616,32.71168363598891,39.86335594974504,31.31342597,7.15167231375613,1.3982576659889112,stable,False,,inner_validation,
rolling_origin_2021-05-18,rolling_origin_2021-05-18__inner_2_2020-10-20,Z11_ebm,42117,f54d743d851555d673b0ddad4d2d7d382bb8738328557fdf0dda9fc7554e8cf3,P-V05-W004::C008::C010,P-V05-W004,P-V05,GEO_NE,2020-04-21,2020-10-20,182,1.044892235,38.885524454670296,44.495296119076556,34.27553723,5.60977166440626,4.609987224670299,stable,False,,inner_validation,
rolling_origin_2021-05-18,rolling_origin_2021-05-18__inner_2_2020-10-20,Z11_ebm,42117,f54d743d851555d673b0ddad4d2d7d382bb8738328557fdf0dda9fc7554e8cf3,P-V05-W005::C008::C010,P-V05-W005,P-V05,GEO_NE,2020-04-21,2020-10-20,182,1.036836502,34.34351427197819,40.10644254550289,36.23552909,5.7629282735247,1.8920148180218135,stable,False,,inner_validation,
rolling_origin_2021-05-18,rolling_origin_2021-05-18__inner_2_2020-10-20,Z11_ebm,42117,f54d743d851555d673b0ddad4d2d7d382bb8738328557fdf0dda9fc7554e8cf3,P-V05-W006::C008::C010,P-V05-W006,P-V05,GEO_NE,2020-04-21,2020-10-20,182,1.026589694,24.401272804944952,33.724435304959066,22.18414732,9.323162500014114,2.217125484944951,stable,False,,inner_validation,
rolling_origin_2021-05-18,rolling_origin_2021-05-18__inner_2_2020-10-20,Z11_ebm,42117,f54d743d851555d673b0ddad4d2d7d382bb8738328557fdf0dda9fc7554e8cf3,P-V05-W007::C008::C010,P-V05-W007,P-V05,GEO_NE,2020-04-21,2020-10-20,182,1.00445205,37.376078657966886,46.073705124623274,34.85718523,8.697626466656388,2.518893427966887,stable,False,,inner_validation,
rolling_origin_2021-05-18,rolling_origin_2021-05-18__inner_2_2020-10-20,Z11_ebm,42117,f54d743d851555d673b0ddad4d2d7d382bb8738328557fdf0dda9fc7554e8cf3,P-V06-W001::C008::C010,P-V06-W001,P-V06,GEO_NE,2020-04-21,2020-10-20,182,0.8200742593,0.7282597758506869,-0.7807977023582767,-3.15093153,1.5090574782089636,3.8791913058506866,stable,False,,inner_validation,
rolling_origin_2021-05-18,rolling_origin_2021-05-18__inner_2_2020-10-20,Z11_ebm,42117,f54d743d851555d673b0ddad4d2d7d382bb8738328557fdf0dda9fc7554e8cf3,P-V06-W002::C008::C010,P-V06-W002,P-V06,GEO_NE,2020-04-21,2020-10-20,182,0.8509649607,21.67616864423078,17.56019937861045,16.5060978,4.115969265620333,5.170070844230782,stable,False,,inner_validation,
rolling_origin_2021-05-18,rolling_origin_2021-05-18__inner_2_2020-10-20,Z11_ebm,42117,f54d743d851555d673b0ddad4d2d7d382bb8738328557fdf0dda9fc7554e8cf3,P-V06-W004::C008::C010,P-V06-W004,P-V06,GEO_NE,2020-04-21,2020-10-20,182,0.8697611219,27.47429444835166,29.16922630559964,28.95704128,1.6949318572479797,1.4827468316483383,stable,False,,inner_validation,
rolling_origin_2021-05-18,rolling_origin_2021-05-18__inner_2_2020-10-20,Z11_ebm,42117,f54d743d851555d673b0ddad4d2d7d382bb8738328557fdf0dda9fc7554e8cf3,P-V06-W005::C008::C010,P-V06-W005,P-V06,GEO_NE,2020-04-21,2020-10-20,182,0.8666472901,54.123484530906616,48.808703347433855,56.71366063,5.3147811834727605,2.5901760990933838,volatile_or_gap,True,,inner_validation,
rolling_origin_2021-05-18,rolling_origin_2021-05-18__inner_2_2020-10-20,Z11_ebm,42117,f54d743d851555d673b0ddad4d2d7d382bb8738328557fdf0dda9fc7554e8cf3,P-V06-W006::C008::C010,P-V06-W006,P-V06,GEO_NE,2020-04-21,2020-10-20,182,0.8497421471,24.38111863104396,28.022429895905738,27.41866877,3.641311264861777,3.037550138956039,stable,False,,inner_validation,
rolling_origin_2021-05-18,rolling_origin_2021-05-18__inner_2_2020-10-20,Z11_ebm,42117,f54d743d851555d673b0ddad4d2d7d382bb8738328557fdf0dda9fc7554e8cf3,P-V06-W007::C008::C010,P-V06-W007,P-V06,GEO_NE,2020-04-21,2020-10-20,182,0.83405463,24.76967278516482,27.24702619288064,27.4254571,2.477353407715821,2.6557843148351807,stable,False,,inner_validation,
rolling_origin_2021-05-18,rolling_origin_2021-05-18__inner_2_2020-10-20,Z11_ebm,42117,f54d743d851555d673b0ddad4d2d7d382bb8738328557fdf0dda9fc7554e8cf3,P-D01-W001::C009::C010,P-D01-W001,P-D01,GEO_SW,2020-06-02,2020-10-20,140,0.7128764186,30.58071226392856,28.96119623184373,47.27803036,1.6195160320848316,16.69731809607144,accelerating,True,,inner_validation,
rolling_origin_2021-05-18,rolling_origin_2021-05-18__inner_2_2020-10-20,Z11_ebm,42117,f54d743d851555d673b0ddad4d2d7d382bb8738328557fdf0dda9fc7554e8cf3,P-D01-W002::C009::C010,P-D01-W002,P-D01,GEO_SW,2020-06-02,2020-10-20,140,0.7259817878,56.29806129428578,65.81669153879763,89.06627092,9.518630244511847,32.76820962571421,accelerating,True,,inner_validation,
rolling_origin_2021-05-18,rolling_origin_2021-05-18__inner_2_2020-10-20,Z11_ebm,42117,f54d743d851555d673b0ddad4d2d7d382bb8738328557fdf0dda9fc7554e8cf3,P-D01-W005::C009::C010,P-D01-W005,P-D01,GEO_SW,2020-06-02,2020-10-20,140,0.7319483532,30.44669786464279,32.39691740429858,42.41228111,1.9502195396557873,11.965583245357212,accelerating,True,,inner_validation,
rolling_origin_2021-05-18,rolling_origin_2021-05-18__inner_2_2020-10-20,Z11_ebm,42117,f54d743d851555d673b0ddad4d2d7d382bb8738328557fdf0dda9fc7554e8cf3,P-D01-W006::C009::C010,P-D01-W006,P-D01,GEO_SW,2020-06-02,2020-10-20,140,0.7161916404,21.495909801964263,18.891621084186657,29.2319166,2.6042887177776066,7.7360067980357385,accelerating,True,,inner_validation,
rolling_origin_2021-05-18,rolling_origin_2021-05-18__inner_2_2020-10-20,Z11_ebm,42117,f54d743d851555d673b0ddad4d2d7d382bb8738328557fdf0dda9fc7554e8cf3,P-D01-W007::C009::C010,P-D01-W007,P-D01,GEO_SW,2020-06-02,2020-10-20,140,0.6890203981,25.48567199892856,32.66785668292975,46.16659946,7.182184684001193,20.68092746107144,accelerating,True,,inner_validation,
rolling_origin_2021-05-18,rolling_origin_2021-05-18__inner_2_2020-10-20,Z11_ebm,42117,f54d743d851555d673b0ddad4d2d7d382bb8738328557fdf0dda9fc7554e8cf3,P-H03-W001::C009::C010,P-H03-W001,P-H03,GEO_SE,2020-06-02,2020-10-20,140,0.7247580279,59.23889593232145,39.907073610608414,65.67874242,19.331822321713034,6.439846487678558,accelerating,True,,inner_validation,
rolling_origin_2021-05-18,rolling_origin_2021-05-18__inner_2_2020-10-20,Z11_ebm,42117,f54d743d851555d673b0ddad4d2d7d382bb8738328557fdf0dda9fc7554e8cf3,P-H03-W002::C009::C010,P-H03-W002,P-H03,GEO_SE,2020-06-02,2020-10-20,140,0.7446792875,54.78426545035728,38.15379153460961,53.90724806,16.63047391574767,0.8770173903572811,stable,False,,inner_validation,
rolling_origin_2021-05-18,rolling_origin_2021-05-18__inner_2_2020-10-20,Z11_ebm,42117,f54d743d851555d673b0ddad4d2d7d382bb8738328557fdf0dda9fc7554e8cf3,P-H03-W004::C009::C010,P-H03-W004,P-H03,GEO_SE,2020-06-02,2020-10-20,140,0.7535517963,61.21616611071435,49.78212542987132,72.36759327,11.434040680843026,11.151427159285653,accelerating,True,,inner_validation,
rolling_origin_2021-05-18,rolling_origin_2021-05-18__inner_2_2020-10-20,Z11_ebm,42117,f54d743d851555d673b0ddad4d2d7d382bb8738328557fdf0dda9fc7554e8cf3,P-H03-W005::C009::C010,P-H03-W005,P-H03,GEO_SE,2020-06-02,2020-10-20,140,0.7486872012,56.32808536607145,50.475013072122174,67.11570782,5.853072293949275,10.787622453928549,stable,False,,inner_validation,
rolling_origin_2021-05-18,rolling_origin_2021-05-18__inner_2_2020-10-20,Z11_ebm,42117,f54d743d851555d673b0ddad4d2d7d382bb8738328557fdf0dda9fc7554e8cf3,P-H03-W006::C009::C010,P-H03-W006,P-H03,GEO_SE,2020-06-02,2020-10-20,140,0.7442137242,65.7088068557144,57.34330607949155,73.73400855,8.365500776222852,8.025201694285599,accelerating,True,,inner_validation,
rolling_origin_2021-05-18,rolling_origin_2021-05-18__inner_2_2020-10-20,Z11_ebm,42117,f54d743d851555d673b0ddad4d2d7d382bb8738328557fdf0dda9fc7554e8cf3,P-V01-W003::C009::C010,P-V01-W003,P-V01,GEO_SW,2020-06-02,2020-10-20,140,0.9390856868,29.321420271964264,21.876328733141804,28.49290799,7.44509153882246,0.8285122819642652,decelerating,True,,inner_validation,
rolling_origin_2021-05-18,rolling_origin_2021-05-18__inner_2_2020-10-20,Z11_ebm,42117,f54d743d851555d673b0ddad4d2d7d382bb8738328557fdf0dda9fc7554e8cf3,P-V01-W004::C009::C010,P-V01-W004,P-V01,GEO_SW,2020-06-02,2020-10-20,140,0.9430783524,31.695467525892848,26.642316442079274,33.02672335,5.0531510838135745,1.3312558241071493,decelerating,True,,inner_validation,
rolling_origin_2021-05-18,rolling_origin_2021-05-18__inner_2_2020-10-20,Z11_ebm,42117,f54d743d851555d673b0ddad4d2d7d382bb8738328557fdf0dda9fc7554e8cf3,P-V01-W005::C009::C010,P-V01-W005,P-V01,GEO_SW,2020-06-02,2020-10-20,140,0.9384242861,51.23223894214277,39.78864346842741,47.43236119,11.443595473715362,3.79987775214277,decelerating,True,,inner_validation,
rolling_origin_2021-05-18,rolling_origin_2021-05-18__inner_2_2020-10-20,Z11_ebm,42117,f54d743d851555d673b0ddad4d2d7d382bb8738328557fdf0dda9fc7554e8cf3,P-V01-W006::C009::C010,P-V01-W006,P-V01,GEO_SW,2020-06-02,2020-10-20,140,0.9209492192,40.17944443446424,25.186848685871983,31.01532088,14.992595748592255,9.164123554464236,decelerating,True,,inner_validation,
rolling_origin_2021-05-18,rolling_origin_2021-05-18__inner_3_2021-01-26,Z11_ebm,42117,f54d743d851555d673b0ddad4d2d7d382bb8738328557fdf0dda9fc7554e8cf3,P-H04-W001::C010::C011,P-H04-W001,P-H04,GEO_SW,2020-10-20,2021-01-26,98,0.7101747387,25.718723935714344,30.489382617377874,37.89757272,4.77065868166353,12.178848784285655,stable,False,,inner_validation,
rolling_origin_2021-05-18,rolling_origin_2021-05-18__inner_3_2021-01-26,Z11_ebm,42117,f54d743d851555d673b0ddad4d2d7d382bb8738328557fdf0dda9fc7554e8cf3,P-H04-W002::C010::C011,P-H04-W002,P-H04,GEO_SW,2020-10-20,2021-01-26,98,0.7329498761,31.56830443392872,39.388476748695325,41.07801499,7.820172314766605,9.50971055607128,stable,False,,inner_validation,
rolling_origin_2021-05-18,rolling_origin_2021-05-18__inner_3_2021-01-26,Z11_ebm,42117,f54d743d851555d673b0ddad4d2d7d382bb8738328557fdf0dda9fc7554e8cf3,P-H04-W003::C010::C011,P-H04-W003,P-H04,GEO_SW,2020-10-20,2021-01-26,98,0.7587966971,31.303496320408048,34.501015861138406,34.20617203,3.197519540730358,2.90267570959195,stable,False,,inner_validation,
rolling_origin_2021-05-18,rolling_origin_2021-05-18__inner_3_2021-01-26,Z11_ebm,42117,f54d743d851555d673b0ddad4d2d7d382bb8738328557fdf0dda9fc7554e8cf3,P-H04-W004::C010::C011,P-H04-W004,P-H04,GEO_SW,2020-10-20,2021-01-26,98,0.7699549357,21.21381392142866,29.404908487807713,29.72869684,8.191094566379054,8.514882918571342,stable,False,,inner_validation,
rolling_origin_2021-05-18,rolling_origin_2021-05-18__inner_3_2021-01-26,Z11_ebm,42117,f54d743d851555d673b0ddad4d2d7d382bb8738328557fdf0dda9fc7554e8cf3,P-H04-W005::C010::C011,P-H04-W005,P-H04,GEO_SW,2020-10-20,2021-01-26,98,0.769905986,25.65818151198982,36.57193210023793,36.99277209,10.91375058824811,11.334590578010182,stable,False,,inner_validation,
rolling_origin_2021-05-18,rolling_origin_2021-05-18__inner_3_2021-01-26,Z11_ebm,42117,f54d743d851555d673b0ddad4d2d7d382bb8738328557fdf0dda9fc7554e8cf3,P-H04-W006::C010::C011,P-H04-W006,P-H04,GEO_SW,2020-10-20,2021-01-26,98,0.7596223375,16.30969981989789,34.521396805850685,31.04002722,18.211696985952795,14.730327400102109,stable,False,,inner_validation,
rolling_origin_2021-05-18,rolling_origin_2021-05-18__inner_3_2021-01-26,Z11_ebm,42117,f54d743d851555d673b0ddad4d2d7d382bb8738328557fdf0dda9fc7554e8cf3,P-H04-W007::C010::C011,P-H04-W007,P-H04,GEO_SW,2020-10-20,2021-01-26,98,0.738408356,35.118750229591896,41.39438167962812,44.69549756,6.275631450036222,9.576747330408104,stable,False,,inner_validation,
rolling_origin_2021-05-18,rolling_origin_2021-05-18__inner_3_2021-01-26,Z11_ebm,42117,f54d743d851555d673b0ddad4d2d7d382bb8738328557fdf0dda9fc7554e8cf3,P-V02-W001::C010::C011,P-V02-W001,P-V02,GEO_SW,2020-10-20,2021-01-26,98,1.390922769,37.89148559923471,49.73521141026478,49.33799102,11.843725811030069,11.446505420765284,stable,False,,inner_validation,
rolling_origin_2021-05-18,rolling_origin_2021-05-18__inner_3_2021-01-26,Z11_ebm,42117,f54d743d851555d673b0ddad4d2d7d382bb8738328557fdf0dda9fc7554e8cf3,P-V02-W002::C010::C011,P-V02-W002,P-V02,GEO_SW,2020-10-20,2021-01-26,98,1.426181208,47.731065669642845,55.512078124484695,53.86677727,7.78101245484185,6.135711600357155,stable,False,,inner_validation,
rolling_origin_2021-05-18,rolling_origin_2021-05-18__inner_3_2021-01-26,Z11_ebm,42117,f54d743d851555d673b0ddad4d2d7d382bb8738328557fdf0dda9fc7554e8cf3,P-V02-W003::C010::C011,P-V02-W003,P-V02,GEO_NW,2020-10-20,2021-01-26,98,1.458422522,5.803311448163263,6.745558470442402,6.637013735,0.9422470222791395,0.8337022868367372,stable,False,,inner_validation,
rolling_origin_2021-05-18,rolling_origin_2021-05-18__inner_3_2021-01-26,Z11_ebm,42117,f54d743d851555d673b0ddad4d2d7d382bb8738328557fdf0dda9fc7554e8cf3,P-V02-W004::C010::C011,P-V02-W004,P-V02,GEO_NW,2020-10-20,2021-01-26,98,1.465847076,13.326867022423473,13.210771094924562,16.86463698,0.11609592749891107,3.5377699575765273,stable,False,,inner_validation,
rolling_origin_2021-05-18,rolling_origin_2021-05-18__inner_3_2021-01-26,Z11_ebm,42117,f54d743d851555d673b0ddad4d2d7d382bb8738328557fdf0dda9fc7554e8cf3,P-V02-W005::C010::C011,P-V02-W005,P-V02,GEO_NW,2020-10-20,2021-01-26,98,1.466107813,58.98564324795915,51.8046494544346,53.10401066,7.18099379352455,5.881632587959153,stable,False,,inner_validation,
rolling_origin_2021-05-18,rolling_origin_2021-05-18__inner_3_2021-01-26,Z11_ebm,42117,f54d743d851555d673b0ddad4d2d7d382bb8738328557fdf0dda9fc7554e8cf3,P-V02-W006::C010::C011,P-V02-W006,P-V02,GEO_NW,2020-10-20,2021-01-26,98,1.448028237,29.799519440050872,28.41482628724499,26.03451934,1.384693152805884,3.765000100050873,stable,False,,inner_validation,
rolling_origin_2021-05-18,rolling_origin_2021-05-18__inner_3_2021-01-26,Z11_ebm,42117,f54d743d851555d673b0ddad4d2d7d382bb8738328557fdf0dda9fc7554e8cf3,P-V02-W007::C010::C011,P-V02-W007,P-V02,GEO_NW,2020-10-20,2021-01-26,98,1.420721182,23.78555866385205,24.086690645683387,21.71476573,0.30113198183133605,2.0707929338520508,stable,False,,inner_validation,
rolling_origin_2021-07-13,rolling_origin_2021-07-13__inner_1_2020-10-20,Z11_ebm,42117,98e740b16e4c6aae02b683096b2148a683bc5641c7e328ec8b48975954f73951,P-D01-W003::C008::C010,P-D01-W003,P-D01,GEO_SW,2020-04-21,2020-10-20,182,1.208959984,5.514072283928614,6.85531831063816,-0.3749137848,1.3412460267095465,5.888986068728614,stable,False,,inner_validation,
rolling_origin_2021-07-13,rolling_origin_2021-07-13__inner_1_2020-10-20,Z11_ebm,42117,98e740b16e4c6aae02b683096b2148a683bc5641c7e328ec8b48975954f73951,P-D01-W004::C008::C010,P-D01-W004,P-D01,GEO_SW,2020-04-21,2020-10-20,182,1.225655853,4.385185880769217,4.8313757283727865,-0.6037189012,0.44618984760356994,4.988904781969216,stable,False,,inner_validation,
rolling_origin_2021-07-13,rolling_origin_2021-07-13__inner_1_2020-10-20,Z11_ebm,42117,98e740b16e4c6aae02b683096b2148a683bc5641c7e328ec8b48975954f73951,P-H01-W001::C008::C010,P-H01-W001,P-H01,GEO_SW,2020-04-21,2020-10-20,182,0.7199526787,27.01447901579672,31.58766262846231,32.27517974,4.573183612665591,5.260700724203279,stable,False,,inner_validation,
rolling_origin_2021-07-13,rolling_origin_2021-07-13__inner_1_2020-10-20,Z11_ebm,42117,98e740b16e4c6aae02b683096b2148a683bc5641c7e328ec8b48975954f73951,P-H01-W002::C008::C010,P-H01-W002,P-H01,GEO_SW,2020-04-21,2020-10-20,182,0.7703333749,17.421162639807687,23.201480987125763,16.96194963,5.780318347318076,0.4592130098076872,stable,False,,inner_validation,
rolling_origin_2021-07-13,rolling_origin_2021-07-13__inner_1_2020-10-20,Z11_ebm,42117,98e740b16e4c6aae02b683096b2148a683bc5641c7e328ec8b48975954f73951,P-H01-W003::C008::C010,P-H01-W003,P-H01,GEO_SW,2020-04-21,2020-10-20,182,0.8100743858,21.248084606455983,36.49530315188311,33.06984126,15.247218545427124,11.821756653544014,stable,False,,inner_validation,
rolling_origin_2021-07-13,rolling_origin_2021-07-13__inner_1_2020-10-20,Z11_ebm,42117,98e740b16e4c6aae02b683096b2148a683bc5641c7e328ec8b48975954f73951,P-H01-W004::C008::C010,P-H01-W004,P-H01,GEO_SW,2020-04-21,2020-10-20,182,0.8208576885,34.243405267582446,40.1849608995323,40.63940774,5.9415556319498535,6.396002472417557,stable,False,,inner_validation,
rolling_origin_2021-07-13,rolling_origin_2021-07-13__inner_1_2020-10-20,Z11_ebm,42117,98e740b16e4c6aae02b683096b2148a683bc5641c7e328ec8b48975954f73951,P-H01-W005::C008::C010,P-H01-W005,P-H01,GEO_SW,2020-04-21,2020-10-20,182,0.8155698927,57.613321246153845,57.25352262691743,65.65305821,0.35979861923641465,8.039736963846153,stable,False,,inner_validation,
rolling_origin_2021-07-13,rolling_origin_2021-07-13__inner_1_2020-10-20,Z11_ebm,42117,98e740b16e4c6aae02b683096b2148a683bc5641c7e328ec8b48975954f73951,P-H01-W007::C008::C010,P-H01-W007,P-H01,GEO_SW,2020-04-21,2020-10-20,182,0.7398377345,31.765656835714303,38.409633848718634,40.07458254,6.643977013004331,8.308925704285699,stable,False,,inner_validation,
rolling_origin_2021-07-13,rolling_origin_2021-07-13__inner_1_2020-10-20,Z11_ebm,42117,98e740b16e4c6aae02b683096b2148a683bc5641c7e328ec8b48975954f73951,P-H02-W003::C008::C010,P-H02-W003,P-H02,GEO_SW,2020-04-21,2020-10-20,182,1.285373112,25.55173283983519,20.53912801218763,27.73985603,5.012604827647561,2.1881231901648093,stable,False,,inner_validation,
rolling_origin_2021-07-13,rolling_origin_2021-07-13__inner_1_2020-10-20,Z11_ebm,42117,98e740b16e4c6aae02b683096b2148a683bc5641c7e328ec8b48975954f73951,P-H02-W004::C008::C010,P-H02-W004,P-H02,GEO_SW,2020-04-21,2020-10-20,182,1.293303209,28.508523905769238,28.302959546453245,31.96327112,0.20556435931599282,3.454747214230764,stable,False,,inner_validation,
rolling_origin_2021-07-13,rolling_origin_2021-07-13__inner_1_2020-10-20,Z11_ebm,42117,98e740b16e4c6aae02b683096b2148a683bc5641c7e328ec8b48975954f73951,P-H02-W005::C008::C010,P-H02-W005,P-H02,GEO_SW,2020-04-21,2020-10-20,182,1.285556811,9.27981987267857,2.497748098640957,6.196896042,6.782071774037613,3.0829238306785696,stable,False,,inner_validation,
rolling_origin_2021-07-13,rolling_origin_2021-07-13__inner_1_2020-10-20,Z11_ebm,42117,98e740b16e4c6aae02b683096b2148a683bc5641c7e328ec8b48975954f73951,P-H02-W006::C008::C010,P-H02-W006,P-H02,GEO_SW,2020-04-21,2020-10-20,182,1.270807858,25.77986839120881,27.306276638423476,26.65757263,1.5264082472146647,0.8777042387911891,stable,False,,inner_validation,
rolling_origin_2021-07-13,rolling_origin_2021-07-13__inner_1_2020-10-20,Z11_ebm,42117,98e740b16e4c6aae02b683096b2148a683bc5641c7e328ec8b48975954f73951,P-H02-W007::C008::C010,P-H02-W007,P-H02,GEO_SW,2020-04-21,2020-10-20,182,1.223714721,40.56976023749998,34.252230290210754,32.4737044,6.3175299472892235,8.096055837499975,stable,False,,inner_validation,
rolling_origin_2021-07-13,rolling_origin_2021-07-13__inner_1_2020-10-20,Z11_ebm,42117,98e740b16e4c6aae02b683096b2148a683bc5641c7e328ec8b48975954f73951,P-H03-W003::C008::C010,P-H03-W003,P-H03,GEO_SE,2020-04-21,2020-10-20,182,1.189968247,53.35324733777468,54.52435720108528,62.91750465,1.1711098633105976,9.564257312225315,stable,False,,inner_validation,
rolling_origin_2021-07-13,rolling_origin_2021-07-13__inner_1_2020-10-20,Z11_ebm,42117,98e740b16e4c6aae02b683096b2148a683bc5641c7e328ec8b48975954f73951,P-H03-W007::C008::C010,P-H03-W007,P-H03,GEO_SE,2020-04-21,2020-10-20,182,1.167141036,19.38810617719786,15.495152180968702,18.73630515,3.8929539962291564,0.6518010271978589,stable,False,,inner_validation,
rolling_origin_2021-07-13,rolling_origin_2021-07-13__inner_1_2020-10-20,Z11_ebm,42117,98e740b16e4c6aae02b683096b2148a683bc5641c7e328ec8b48975954f73951,P-H04-W001::C008::C010,P-H04-W001,P-H04,GEO_SW,2020-04-21,2020-10-20,182,1.020891042,37.89757277431316,31.376975568949177,28.24991913,6.520597205363984,9.647653644313163,decelerating,True,,inner_validation,
rolling_origin_2021-07-13,rolling_origin_2021-07-13__inner_1_2020-10-20,Z11_ebm,42117,98e740b16e4c6aae02b683096b2148a683bc5641c7e328ec8b48975954f73951,P-H04-W002::C008::C010,P-H04-W002,P-H04,GEO_SW,2020-04-21,2020-10-20,182,1.046146317,41.07801484409335,31.164327210975618,30.04061929,9.913687633117735,11.037395554093354,stable,False,,inner_validation,
rolling_origin_2021-07-13,rolling_origin_2021-07-13__inner_1_2020-10-20,Z11_ebm,42117,98e740b16e4c6aae02b683096b2148a683bc5641c7e328ec8b48975954f73951,P-H04-W003::C008::C010,P-H04-W003,P-H04,GEO_SW,2020-04-21,2020-10-20,182,1.072187433,34.20617204381865,34.960459698046435,31.72658248,0.7542876542277881,2.479589563818646,stable,False,,inner_validation,
rolling_origin_2021-07-13,rolling_origin_2021-07-13__inner_1_2020-10-20,Z11_ebm,42117,98e740b16e4c6aae02b683096b2148a683bc5641c7e328ec8b48975954f73951,P-H04-W004::C008::C010,P-H04-W004,P-H04,GEO_SW,2020-04-21,2020-10-20,182,1.0783805,29.72869671964282,33.761051602015606,28.04356198,4.032354882372786,1.6851347396428196,volatile_or_gap,True,,inner_validation,
rolling_origin_2021-07-13,rolling_origin_2021-07-13__inner_1_2020-10-20,Z11_ebm,42117,98e740b16e4c6aae02b683096b2148a683bc5641c7e328ec8b48975954f73951,P-H04-W005::C008::C010,P-H04-W005,P-H04,GEO_SW,2020-04-21,2020-10-20,182,1.072900642,36.992772062637385,31.76449353388392,31.02749982,5.228278528753467,5.965272242637386,stable,False,,inner_validation,
rolling_origin_2021-07-13,rolling_origin_2021-07-13__inner_1_2020-10-20,Z11_ebm,42117,98e740b16e4c6aae02b683096b2148a683bc5641c7e328ec8b48975954f73951,P-H04-W006::C008::C010,P-H04-W006,P-H04,GEO_SW,2020-04-21,2020-10-20,182,1.049694141,31.04002730398356,27.090986548025924,30.22205349,3.949040755957636,0.81797381398356,stable,False,,inner_validation,
rolling_origin_2021-07-13,rolling_origin_2021-07-13__inner_1_2020-10-20,Z11_ebm,42117,98e740b16e4c6aae02b683096b2148a683bc5641c7e328ec8b48975954f73951,P-H04-W007::C008::C010,P-H04-W007,P-H04,GEO_SW,2020-04-21,2020-10-20,182,1.011317998,44.69549760412089,45.230210688874514,48.46014377,0.5347130847536263,3.764646165879114,stable,False,,inner_validation,
rolling_origin_2021-07-13,rolling_origin_2021-07-13__inner_1_2020-10-20,Z11_ebm,42117,98e740b16e4c6aae02b683096b2148a683bc5641c7e328ec8b48975954f73951,P-H05-W001::C008::C010,P-H05-W001,P-H05,GEO_NE,2020-04-21,2020-10-20,182,0.7474619294,32.17383695604358,41.40918427618214,39.67887718,9.235347320138558,7.505040223956421,stable,False,,inner_validation,
rolling_origin_2021-07-13,rolling_origin_2021-07-13__inner_1_2020-10-20,Z11_ebm,42117,98e740b16e4c6aae02b683096b2148a683bc5641c7e328ec8b48975954f73951,P-H05-W002::C008::C010,P-H05-W002,P-H05,GEO_NE,2020-04-21,2020-10-20,182,0.7810213598,47.961156111263485,53.353813849547564,57.54927698,5.392657738284079,9.588120868736517,stable,False,,inner_validation,
rolling_origin_2021-07-13,rolling_origin_2021-07-13__inner_1_2020-10-20,Z11_ebm,42117,98e740b16e4c6aae02b683096b2148a683bc5641c7e328ec8b48975954f73951,P-H05-W003::C008::C010,P-H05-W003,P-H05,GEO_NE,2020-04-21,2020-10-20,182,0.7975427988,35.56657797939545,47.32501362791436,46.28419036,11.758435648518912,10.71761238060455,volatile_or_gap,True,,inner_validation,
rolling_origin_2021-07-13,rolling_origin_2021-07-13__inner_1_2020-10-20,Z11_ebm,42117,98e740b16e4c6aae02b683096b2148a683bc5641c7e328ec8b48975954f73951,P-H05-W004::C008::C010,P-H05-W004,P-H05,GEO_NE,2020-04-21,2020-10-20,182,0.8006661374,17.067849531593453,22.482502723626737,21.47115971,5.414653192033285,4.403310178406546,stable,False,,inner_validation,
rolling_origin_2021-07-13,rolling_origin_2021-07-13__inner_1_2020-10-20,Z11_ebm,42117,98e740b16e4c6aae02b683096b2148a683bc5641c7e328ec8b48975954f73951,P-H05-W006::C008::C010,P-H05-W006,P-H05,GEO_NE,2020-04-21,2020-10-20,182,0.757456961,16.87090552747266,14.42102747661223,15.41106662,2.4498780508604323,1.4598389074726619,stable,False,,inner_validation,
rolling_origin_2021-07-13,rolling_origin_2021-07-13__inner_1_2020-10-20,Z11_ebm,42117,98e740b16e4c6aae02b683096b2148a683bc5641c7e328ec8b48975954f73951,P-H05-W007::C008::C010,P-H05-W007,P-H05,GEO_NE,2020-04-21,2020-10-20,182,0.7139502471,31.65593693983513,32.037583307518695,32.10770408,0.3816463676835653,0.4517671401648684,stable,False,,inner_validation,
rolling_origin_2021-07-13,rolling_origin_2021-07-13__inner_1_2020-10-20,Z11_ebm,42117,98e740b16e4c6aae02b683096b2148a683bc5641c7e328ec8b48975954f73951,P-H06-W001::C008::C010,P-H06-W001,P-H06,GEO_NE,2020-04-21,2020-10-20,182,0.7500487935,-0.1722342395604067,11.47305358372162,2.163809541,11.645287823282027,2.3360437805604066,stable,False,,inner_validation,
rolling_origin_2021-07-13,rolling_origin_2021-07-13__inner_1_2020-10-20,Z11_ebm,42117,98e740b16e4c6aae02b683096b2148a683bc5641c7e328ec8b48975954f73951,P-H06-W002::C008::C010,P-H06-W002,P-H06,GEO_NE,2020-04-21,2020-10-20,182,0.7825612681,-0.6408770822801867,8.412019733399442,2.119395147,9.052896815679627,2.760272229280187,stable,False,,inner_validation,
rolling_origin_2021-07-13,rolling_origin_2021-07-13__inner_1_2020-10-20,Z11_ebm,42117,98e740b16e4c6aae02b683096b2148a683bc5641c7e328ec8b48975954f73951,P-H06-W003::C008::C010,P-H06-W003,P-H06,GEO_NE,2020-04-21,2020-10-20,182,0.7979754192,-2.3280760059065053,9.69941261350558,4.139120908,12.027488619412084,6.4671969139065055,stable,False,,inner_validation,
rolling_origin_2021-07-13,rolling_origin_2021-07-13__inner_1_2020-10-20,Z11_ebm,42117,98e740b16e4c6aae02b683096b2148a683bc5641c7e328ec8b48975954f73951,P-H06-W004::C008::C010,P-H06-W004,P-H06,GEO_NE,2020-04-21,2020-10-20,182,0.8005338282,-3.2571247017857057,7.028442840659091,5.080952652,10.285567542444797,8.338077353785705,stable,False,,inner_validation,
rolling_origin_2021-07-13,rolling_origin_2021-07-13__inner_1_2020-10-20,Z11_ebm,42117,98e740b16e4c6aae02b683096b2148a683bc5641c7e328ec8b48975954f73951,P-H06-W005::C008::C010,P-H06-W005,P-H06,GEO_NE,2020-04-21,2020-10-20,182,0.7920199711,-1.201112985164866,7.702382590364788,3.512902439,8.903495575529654,4.714015424164866,stable,False,,inner_validation,
rolling_origin_2021-07-13,rolling_origin_2021-07-13__inner_1_2020-10-20,Z11_ebm,42117,98e740b16e4c6aae02b683096b2148a683bc5641c7e328ec8b48975954f73951,P-H06-W006::C008::C010,P-H06-W006,P-H06,GEO_NE,2020-04-21,2020-10-20,182,0.7540687562,0.0060240160714829,7.108613613756955,4.864238644,7.102589597685472,4.858214627928517,stable,False,,inner_validation,
rolling_origin_2021-07-13,rolling_origin_2021-07-13__inner_1_2020-10-20,Z11_ebm,42117,98e740b16e4c6aae02b683096b2148a683bc5641c7e328ec8b48975954f73951,P-V01-W001::C008::C010,P-V01-W001,P-V01,GEO_SW,2020-04-21,2020-10-20,182,0.7530124719,32.690789931181335,24.808957227072,32.92705074,7.8818327041093355,0.2362608088186633,stable,False,,inner_validation,
rolling_origin_2021-07-13,rolling_origin_2021-07-13__inner_1_2020-10-20,Z11_ebm,42117,98e740b16e4c6aae02b683096b2148a683bc5641c7e328ec8b48975954f73951,P-V01-W002::C008::C010,P-V01-W002,P-V01,GEO_SW,2020-04-21,2020-10-20,182,0.7786841031,35.95265706304945,29.94826544560108,34.75453469,6.00439161744837,1.1981223730494506,stable,False,,inner_validation,
rolling_origin_2021-07-13,rolling_origin_2021-07-13__inner_1_2020-10-20,Z11_ebm,42117,98e740b16e4c6aae02b683096b2148a683bc5641c7e328ec8b48975954f73951,P-V02-W001::C008::C010,P-V02-W001,P-V02,GEO_SW,2020-04-21,2020-10-20,182,0.7792268694,49.33799107211535,49.210346965505785,56.49859589,0.1276441066095657,7.160604817884646,volatile_or_gap,True,,inner_validation,
rolling_origin_2021-07-13,rolling_origin_2021-07-13__inner_1_2020-10-20,Z11_ebm,42117,98e740b16e4c6aae02b683096b2148a683bc5641c7e328ec8b48975954f73951,P-V02-W002::C008::C010,P-V02-W002,P-V02,GEO_SW,2020-04-21,2020-10-20,182,0.7965459609,53.86677739862636,50.67720430167749,62.69744362,3.1895730969488696,8.83066622137364,stable,False,,inner_validation,
rolling_origin_2021-07-13,rolling_origin_2021-07-13__inner_1_2020-10-20,Z11_ebm,42117,98e740b16e4c6aae02b683096b2148a683bc5641c7e328ec8b48975954f73951,P-V02-W003::C008::C010,P-V02-W003,P-V02,GEO_NW,2020-04-21,2020-10-20,182,0.8111508208,6.637013741620884,1.0080560737761215,8.03757062,5.628957667844762,1.400556878379116,stable,False,,inner_validation,
rolling_origin_2021-07-13,rolling_origin_2021-07-13__inner_1_2020-10-20,Z11_ebm,42117,98e740b16e4c6aae02b683096b2148a683bc5641c7e328ec8b48975954f73951,P-V02-W004::C008::C010,P-V02-W004,P-V02,GEO_NW,2020-04-21,2020-10-20,182,0.8134612232,16.864636994587908,10.055479395282163,14.96051783,6.809157599305745,1.9041191645879074,volatile_or_gap,True,,inner_validation,
rolling_origin_2021-07-13,rolling_origin_2021-07-13__inner_1_2020-10-20,Z11_ebm,42117,98e740b16e4c6aae02b683096b2148a683bc5641c7e328ec8b48975954f73951,P-V02-W005::C008::C010,P-V02-W005,P-V02,GEO_NW,2020-04-21,2020-10-20,182,0.8117793396,53.1040105714286,49.69274127718859,60.34008026,3.4112692942400145,7.236069688571398,volatile_or_gap,True,,inner_validation,
rolling_origin_2021-07-13,rolling_origin_2021-07-13__inner_1_2020-10-20,Z11_ebm,42117,98e740b16e4c6aae02b683096b2148a683bc5641c7e328ec8b48975954f73951,P-V02-W006::C008::C010,P-V02-W006,P-V02,GEO_NW,2020-04-21,2020-10-20,182,0.7982077467,26.03451928640111,25.7300564207768,29.34822361,0.30446286562430913,3.313704323598891,stable,False,,inner_validation,
rolling_origin_2021-07-13,rolling_origin_2021-07-13__inner_1_2020-10-20,Z11_ebm,42117,98e740b16e4c6aae02b683096b2148a683bc5641c7e328ec8b48975954f73951,P-V02-W007::C008::C010,P-V02-W007,P-V02,GEO_NW,2020-04-21,2020-10-20,182,0.7803607121,21.714765735576936,21.34724746226767,24.63200076,0.36751827330926545,2.9172350244230643,volatile_or_gap,True,,inner_validation,
rolling_origin_2021-07-13,rolling_origin_2021-07-13__inner_1_2020-10-20,Z11_ebm,42117,98e740b16e4c6aae02b683096b2148a683bc5641c7e328ec8b48975954f73951,P-V03-W001::C008::C010,P-V03-W001,P-V03,GEO_SW,2020-04-21,2020-10-20,182,0.6957996582,29.97704885851649,40.90607109517142,35.24549441,10.92902223665493,5.268445551483509,stable,False,,inner_validation,
rolling_origin_2021-07-13,rolling_origin_2021-07-13__inner_1_2020-10-20,Z11_ebm,42117,98e740b16e4c6aae02b683096b2148a683bc5641c7e328ec8b48975954f73951,P-V03-W002::C008::C010,P-V03-W002,P-V03,GEO_SW,2020-04-21,2020-10-20,182,0.7095771831,31.07697655590662,43.227411957645074,40.71000704,12.150435401738456,9.633030484093382,stable,False,,inner_validation,
rolling_origin_2021-07-13,rolling_origin_2021-07-13__inner_1_2020-10-20,Z11_ebm,42117,98e740b16e4c6aae02b683096b2148a683bc5641c7e328ec8b48975954f73951,P-V03-W003::C008::C010,P-V03-W003,P-V03,GEO_SW,2020-04-21,2020-10-20,182,0.7183684918,32.019109429945416,38.880774745605706,37.67745217,6.861665315660289,5.658342740054586,stable,False,,inner_validation,
rolling_origin_2021-07-13,rolling_origin_2021-07-13__inner_1_2020-10-20,Z11_ebm,42117,98e740b16e4c6aae02b683096b2148a683bc5641c7e328ec8b48975954f73951,P-V03-W004::C008::C010,P-V03-W004,P-V03,GEO_SW,2020-04-21,2020-10-20,182,0.7225603944,18.69244540796713,24.36670134972823,20.59392084,5.6742559417611,1.9014754320328677,stable,False,,inner_validation,
rolling_origin_2021-07-13,rolling_origin_2021-07-13__inner_1_2020-10-20,Z11_ebm,42117,98e740b16e4c6aae02b683096b2148a683bc5641c7e328ec8b48975954f73951,P-V03-W005::C008::C010,P-V03-W005,P-V03,GEO_NW,2020-04-21,2020-10-20,182,0.7218260341,30.389472100137347,39.530073869899304,37.12432005,9.140601769761957,6.734847949862655,stable,False,,inner_validation,
rolling_origin_2021-07-13,rolling_origin_2021-07-13__inner_1_2020-10-20,Z11_ebm,42117,98e740b16e4c6aae02b683096b2148a683bc5641c7e328ec8b48975954f73951,P-V03-W006::C008::C010,P-V03-W006,P-V03,GEO_NW,2020-04-21,2020-10-20,182,0.7171355273,30.302913469368107,37.4545092420599,38.27419395,7.151595772691792,7.97128048063189,stable,False,,inner_validation,
rolling_origin_2021-07-13,rolling_origin_2021-07-13__inner_1_2020-10-20,Z11_ebm,42117,98e740b16e4c6aae02b683096b2148a683bc5641c7e328ec8b48975954f73951,P-V03-W007::C008::C010,P-V03-W007,P-V03,GEO_NW,2020-04-21,2020-10-20,182,0.7098646323,-0.4653545892856884,6.531485671023672,1.589064608,6.9968402603093605,2.0544191972856884,stable,False,,inner_validation,
rolling_origin_2021-07-13,rolling_origin_2021-07-13__inner_1_2020-10-20,Z11_ebm,42117,98e740b16e4c6aae02b683096b2148a683bc5641c7e328ec8b48975954f73951,P-V04-W001::C008::C010,P-V04-W001,P-V04,GEO_NE,2020-04-21,2020-10-20,182,1.076602129,1.7963922173076985,7.844257359882447,4.73125807,6.047865142574748,2.9348658526923015,stable,False,,inner_validation,
rolling_origin_2021-07-13,rolling_origin_2021-07-13__inner_1_2020-10-20,Z11_ebm,42117,98e740b16e4c6aae02b683096b2148a683bc5641c7e328ec8b48975954f73951,P-V04-W002::C008::C010,P-V04-W002,P-V04,GEO_NE,2020-04-21,2020-10-20,182,1.09663387,0.087534370054921,8.39492819957219,3.624124697,8.307393829517268,3.536590326945079,stable,False,,inner_validation,
rolling_origin_2021-07-13,rolling_origin_2021-07-13__inner_1_2020-10-20,Z11_ebm,42117,98e740b16e4c6aae02b683096b2148a683bc5641c7e328ec8b48975954f73951,P-V04-W003::C008::C010,P-V04-W003,P-V04,GEO_NE,2020-04-21,2020-10-20,182,1.115593214,-0.2548734568681365,5.5790850153658305,2.753232488,5.833958472233967,3.0081059448681366,volatile_or_gap,True,,inner_validation,
rolling_origin_2021-07-13,rolling_origin_2021-07-13__inner_1_2020-10-20,Z11_ebm,42117,98e740b16e4c6aae02b683096b2148a683bc5641c7e328ec8b48975954f73951,P-V04-W004::C008::C010,P-V04-W004,P-V04,GEO_NE,2020-04-21,2020-10-20,182,1.128138261,1.9237053226648533,7.04270819680633,3.335576634,5.119002874141477,1.4118713113351469,stable,False,,inner_validation,
rolling_origin_2021-07-13,rolling_origin_2021-07-13__inner_1_2020-10-20,Z11_ebm,42117,98e740b16e4c6aae02b683096b2148a683bc5641c7e328ec8b48975954f73951,P-V04-W006::C008::C010,P-V04-W006,P-V04,GEO_NE,2020-04-21,2020-10-20,182,1.121994983,0.7198760414835171,6.958113677126402,3.39829064,6.238237635642885,2.6784145985164827,stable,False,,inner_validation,
rolling_origin_2021-07-13,rolling_origin_2021-07-13__inner_1_2020-10-20,Z11_ebm,42117,98e740b16e4c6aae02b683096b2148a683bc5641c7e328ec8b48975954f73951,P-V04-W007::C008::C010,P-V04-W007,P-V04,GEO_NE,2020-04-21,2020-10-20,182,1.107535821,32.427491039835154,41.349450524506075,34.99134773,8.921959484670921,2.5638566901648474,stable,False,,inner_validation,
rolling_origin_2021-07-13,rolling_origin_2021-07-13__inner_1_2020-10-20,Z11_ebm,42117,98e740b16e4c6aae02b683096b2148a683bc5641c7e328ec8b48975954f73951,P-V05-W002::C008::C010,P-V05-W002,P-V05,GEO_NE,2020-04-21,2020-10-20,182,1.041207003,38.7757206717035,55.41443248575036,50.209535,16.638711814046857,11.4338143282965,volatile_or_gap,True,,inner_validation,
rolling_origin_2021-07-13,rolling_origin_2021-07-13__inner_1_2020-10-20,Z11_ebm,42117,98e740b16e4c6aae02b683096b2148a683bc5641c7e328ec8b48975954f73951,P-V05-W003::C008::C010,P-V05-W003,P-V05,GEO_NE,2020-04-21,2020-10-20,182,1.044881616,32.71168363598891,39.818863279423326,31.31342597,7.107179643434414,1.3982576659889112,stable,False,,inner_validation,
rolling_origin_2021-07-13,rolling_origin_2021-07-13__inner_1_2020-10-20,Z11_ebm,42117,98e740b16e4c6aae02b683096b2148a683bc5641c7e328ec8b48975954f73951,P-V05-W004::C008::C010,P-V05-W004,P-V05,GEO_NE,2020-04-21,2020-10-20,182,1.044892235,38.885524454670296,44.50014712184865,34.27553723,5.614622667178352,4.609987224670299,stable,False,,inner_validation,
rolling_origin_2021-07-13,rolling_origin_2021-07-13__inner_1_2020-10-20,Z11_ebm,42117,98e740b16e4c6aae02b683096b2148a683bc5641c7e328ec8b48975954f73951,P-V05-W005::C008::C010,P-V05-W005,P-V05,GEO_NE,2020-04-21,2020-10-20,182,1.036836502,34.34351427197819,40.1958586566356,36.23552909,5.852344384657414,1.8920148180218135,stable,False,,inner_validation,
rolling_origin_2021-07-13,rolling_origin_2021-07-13__inner_1_2020-10-20,Z11_ebm,42117,98e740b16e4c6aae02b683096b2148a683bc5641c7e328ec8b48975954f73951,P-V05-W006::C008::C010,P-V05-W006,P-V05,GEO_NE,2020-04-21,2020-10-20,182,1.026589694,24.401272804944952,33.82999764140694,22.18414732,9.428724836461988,2.217125484944951,stable,False,,inner_validation,
rolling_origin_2021-07-13,rolling_origin_2021-07-13__inner_1_2020-10-20,Z11_ebm,42117,98e740b16e4c6aae02b683096b2148a683bc5641c7e328ec8b48975954f73951,P-V05-W007::C008::C010,P-V05-W007,P-V05,GEO_NE,2020-04-21,2020-10-20,182,1.00445205,37.376078657966886,45.98632898460146,34.85718523,8.61025032663457,2.518893427966887,stable,False,,inner_validation,
rolling_origin_2021-07-13,rolling_origin_2021-07-13__inner_1_2020-10-20,Z11_ebm,42117,98e740b16e4c6aae02b683096b2148a683bc5641c7e328ec8b48975954f73951,P-V06-W001::C008::C010,P-V06-W001,P-V06,GEO_NE,2020-04-21,2020-10-20,182,0.8200742593,0.7282597758506869,-0.7440835562784004,-3.15093153,1.4723433321290873,3.8791913058506866,stable,False,,inner_validation,
rolling_origin_2021-07-13,rolling_origin_2021-07-13__inner_1_2020-10-20,Z11_ebm,42117,98e740b16e4c6aae02b683096b2148a683bc5641c7e328ec8b48975954f73951,P-V06-W002::C008::C010,P-V06-W002,P-V06,GEO_NE,2020-04-21,2020-10-20,182,0.8509649607,21.67616864423078,17.65398272370675,16.5060978,4.022185920524031,5.170070844230782,stable,False,,inner_validation,
rolling_origin_2021-07-13,rolling_origin_2021-07-13__inner_1_2020-10-20,Z11_ebm,42117,98e740b16e4c6aae02b683096b2148a683bc5641c7e328ec8b48975954f73951,P-V06-W004::C008::C010,P-V06-W004,P-V06,GEO_NE,2020-04-21,2020-10-20,182,0.8697611219,27.47429444835166,29.19318406565647,28.95704128,1.7188896173048107,1.4827468316483383,stable,False,,inner_validation,
rolling_origin_2021-07-13,rolling_origin_2021-07-13__inner_1_2020-10-20,Z11_ebm,42117,98e740b16e4c6aae02b683096b2148a683bc5641c7e328ec8b48975954f73951,P-V06-W005::C008::C010,P-V06-W005,P-V06,GEO_NE,2020-04-21,2020-10-20,182,0.8666472901,54.123484530906616,48.79614458226609,56.71366063,5.327339948640528,2.5901760990933838,volatile_or_gap,True,,inner_validation,
rolling_origin_2021-07-13,rolling_origin_2021-07-13__inner_1_2020-10-20,Z11_ebm,42117,98e740b16e4c6aae02b683096b2148a683bc5641c7e328ec8b48975954f73951,P-V06-W006::C008::C010,P-V06-W006,P-V06,GEO_NE,2020-04-21,2020-10-20,182,0.8497421471,24.38111863104396,27.948945627830838,27.41866877,3.567826996786877,3.037550138956039,stable,False,,inner_validation,
rolling_origin_2021-07-13,rolling_origin_2021-07-13__inner_1_2020-10-20,Z11_ebm,42117,98e740b16e4c6aae02b683096b2148a683bc5641c7e328ec8b48975954f73951,P-V06-W007::C008::C010,P-V06-W007,P-V06,GEO_NE,2020-04-21,2020-10-20,182,0.83405463,24.76967278516482,27.06097271437878,27.4254571,2.291299929213963,2.6557843148351807,stable,False,,inner_validation,
rolling_origin_2021-07-13,rolling_origin_2021-07-13__inner_1_2020-10-20,Z11_ebm,42117,98e740b16e4c6aae02b683096b2148a683bc5641c7e328ec8b48975954f73951,P-D01-W001::C009::C010,P-D01-W001,P-D01,GEO_SW,2020-06-02,2020-10-20,140,0.7128764186,30.58071226392856,29.055186052748628,47.27803036,1.5255262111799333,16.69731809607144,accelerating,True,,inner_validation,
rolling_origin_2021-07-13,rolling_origin_2021-07-13__inner_1_2020-10-20,Z11_ebm,42117,98e740b16e4c6aae02b683096b2148a683bc5641c7e328ec8b48975954f73951,P-D01-W002::C009::C010,P-D01-W002,P-D01,GEO_SW,2020-06-02,2020-10-20,140,0.7259817878,56.29806129428578,65.97375526324359,89.06627092,9.675693968957809,32.76820962571421,accelerating,True,,inner_validation,
rolling_origin_2021-07-13,rolling_origin_2021-07-13__inner_1_2020-10-20,Z11_ebm,42117,98e740b16e4c6aae02b683096b2148a683bc5641c7e328ec8b48975954f73951,P-D01-W005::C009::C010,P-D01-W005,P-D01,GEO_SW,2020-06-02,2020-10-20,140,0.7319483532,30.44669786464279,31.99169468418248,42.41228111,1.5449968195396906,11.965583245357212,accelerating,True,,inner_validation,
rolling_origin_2021-07-13,rolling_origin_2021-07-13__inner_1_2020-10-20,Z11_ebm,42117,98e740b16e4c6aae02b683096b2148a683bc5641c7e328ec8b48975954f73951,P-D01-W006::C009::C010,P-D01-W006,P-D01,GEO_SW,2020-06-02,2020-10-20,140,0.7161916404,21.495909801964263,18.406709711709695,29.2319166,3.089200090254568,7.7360067980357385,accelerating,True,,inner_validation,
rolling_origin_2021-07-13,rolling_origin_2021-07-13__inner_1_2020-10-20,Z11_ebm,42117,98e740b16e4c6aae02b683096b2148a683bc5641c7e328ec8b48975954f73951,P-D01-W007::C009::C010,P-D01-W007,P-D01,GEO_SW,2020-06-02,2020-10-20,140,0.6890203981,25.48567199892856,31.891961196105374,46.16659946,6.4062891971768146,20.68092746107144,accelerating,True,,inner_validation,
rolling_origin_2021-07-13,rolling_origin_2021-07-13__inner_1_2020-10-20,Z11_ebm,42117,98e740b16e4c6aae02b683096b2148a683bc5641c7e328ec8b48975954f73951,P-H03-W001::C009::C010,P-H03-W001,P-H03,GEO_SE,2020-06-02,2020-10-20,140,0.7247580279,59.23889593232145,40.288407633041786,65.67874242,18.950488299279662,6.439846487678558,accelerating,True,,inner_validation,
rolling_origin_2021-07-13,rolling_origin_2021-07-13__inner_1_2020-10-20,Z11_ebm,42117,98e740b16e4c6aae02b683096b2148a683bc5641c7e328ec8b48975954f73951,P-H03-W002::C009::C010,P-H03-W002,P-H03,GEO_SE,2020-06-02,2020-10-20,140,0.7446792875,54.78426545035728,38.59674530502535,53.90724806,16.18752014533193,0.8770173903572811,stable,False,,inner_validation,
rolling_origin_2021-07-13,rolling_origin_2021-07-13__inner_1_2020-10-20,Z11_ebm,42117,98e740b16e4c6aae02b683096b2148a683bc5641c7e328ec8b48975954f73951,P-H03-W004::C009::C010,P-H03-W004,P-H03,GEO_SE,2020-06-02,2020-10-20,140,0.7535517963,61.21616611071435,50.03623321020579,72.36759327,11.179932900508554,11.151427159285653,accelerating,True,,inner_validation,
rolling_origin_2021-07-13,rolling_origin_2021-07-13__inner_1_2020-10-20,Z11_ebm,42117,98e740b16e4c6aae02b683096b2148a683bc5641c7e328ec8b48975954f73951,P-H03-W005::C009::C010,P-H03-W005,P-H03,GEO_SE,2020-06-02,2020-10-20,140,0.7486872012,56.32808536607145,50.487797547937795,67.11570782,5.840287818133653,10.787622453928549,stable,False,,inner_validation,
rolling_origin_2021-07-13,rolling_origin_2021-07-13__inner_1_2020-10-20,Z11_ebm,42117,98e740b16e4c6aae02b683096b2148a683bc5641c7e328ec8b48975954f73951,P-H03-W006::C009::C010,P-H03-W006,P-H03,GEO_SE,2020-06-02,2020-10-20,140,0.7442137242,65.7088068557144,56.992390830547876,73.73400855,8.716416025166524,8.025201694285599,accelerating,True,,inner_validation,
rolling_origin_2021-07-13,rolling_origin_2021-07-13__inner_1_2020-10-20,Z11_ebm,42117,98e740b16e4c6aae02b683096b2148a683bc5641c7e328ec8b48975954f73951,P-V01-W003::C009::C010,P-V01-W003,P-V01,GEO_SW,2020-06-02,2020-10-20,140,0.9390856868,29.321420271964264,22.14504951479827,28.49290799,7.176370757165994,0.8285122819642652,decelerating,True,,inner_validation,
rolling_origin_2021-07-13,rolling_origin_2021-07-13__inner_1_2020-10-20,Z11_ebm,42117,98e740b16e4c6aae02b683096b2148a683bc5641c7e328ec8b48975954f73951,P-V01-W004::C009::C010,P-V01-W004,P-V01,GEO_SW,2020-06-02,2020-10-20,140,0.9430783524,31.695467525892848,26.739961544049986,33.02672335,4.955505981842862,1.3312558241071493,decelerating,True,,inner_validation,
rolling_origin_2021-07-13,rolling_origin_2021-07-13__inner_1_2020-10-20,Z11_ebm,42117,98e740b16e4c6aae02b683096b2148a683bc5641c7e328ec8b48975954f73951,P-V01-W005::C009::C010,P-V01-W005,P-V01,GEO_SW,2020-06-02,2020-10-20,140,0.9384242861,51.23223894214277,39.46895131020701,47.43236119,11.76328763193576,3.79987775214277,decelerating,True,,inner_validation,
rolling_origin_2021-07-13,rolling_origin_2021-07-13__inner_1_2020-10-20,Z11_ebm,42117,98e740b16e4c6aae02b683096b2148a683bc5641c7e328ec8b48975954f73951,P-V01-W006::C009::C010,P-V01-W006,P-V01,GEO_SW,2020-06-02,2020-10-20,140,0.9209492192,40.17944443446424,24.717767593710562,31.01532088,15.461676840753675,9.164123554464236,decelerating,True,,inner_validation,
rolling_origin_2021-07-13,rolling_origin_2021-07-13__inner_2_2021-01-26,Z11_ebm,42117,98e740b16e4c6aae02b683096b2148a683bc5641c7e328ec8b48975954f73951,P-H04-W001::C010::C011,P-H04-W001,P-H04,GEO_SW,2020-10-20,2021-01-26,98,0.7101747387,25.718723935714344,30.717441221131594,37.89757272,4.99871728541725,12.178848784285655,stable,False,,inner_validation,
rolling_origin_2021-07-13,rolling_origin_2021-07-13__inner_2_2021-01-26,Z11_ebm,42117,98e740b16e4c6aae02b683096b2148a683bc5641c7e328ec8b48975954f73951,P-H04-W002::C010::C011,P-H04-W002,P-H04,GEO_SW,2020-10-20,2021-01-26,98,0.7329498761,31.56830443392872,39.378669432954645,41.07801499,7.810364999025925,9.50971055607128,stable,False,,inner_validation,
rolling_origin_2021-07-13,rolling_origin_2021-07-13__inner_2_2021-01-26,Z11_ebm,42117,98e740b16e4c6aae02b683096b2148a683bc5641c7e328ec8b48975954f73951,P-H04-W003::C010::C011,P-H04-W003,P-H04,GEO_SW,2020-10-20,2021-01-26,98,0.7587966971,31.303496320408048,34.75604501832001,34.20617203,3.4525486979119613,2.90267570959195,stable,False,,inner_validation,
rolling_origin_2021-07-13,rolling_origin_2021-07-13__inner_2_2021-01-26,Z11_ebm,42117,98e740b16e4c6aae02b683096b2148a683bc5641c7e328ec8b48975954f73951,P-H04-W004::C010::C011,P-H04-W004,P-H04,GEO_SW,2020-10-20,2021-01-26,98,0.7699549357,21.21381392142866,29.757687355783037,29.72869684,8.543873434354378,8.514882918571342,stable,False,,inner_validation,
rolling_origin_2021-07-13,rolling_origin_2021-07-13__inner_2_2021-01-26,Z11_ebm,42117,98e740b16e4c6aae02b683096b2148a683bc5641c7e328ec8b48975954f73951,P-H04-W005::C010::C011,P-H04-W005,P-H04,GEO_SW,2020-10-20,2021-01-26,98,0.769905986,25.65818151198982,36.92471096821325,36.99277209,11.266529456223427,11.334590578010182,stable,False,,inner_validation,
rolling_origin_2021-07-13,rolling_origin_2021-07-13__inner_2_2021-01-26,Z11_ebm,42117,98e740b16e4c6aae02b683096b2148a683bc5641c7e328ec8b48975954f73951,P-H04-W006::C010::C011,P-H04-W006,P-H04,GEO_SW,2020-10-20,2021-01-26,98,0.7596223375,16.30969981989789,34.270618257879676,31.04002722,17.960918437981785,14.730327400102109,stable,False,,inner_validation,
rolling_origin_2021-07-13,rolling_origin_2021-07-13__inner_2_2021-01-26,Z11_ebm,42117,98e740b16e4c6aae02b683096b2148a683bc5641c7e328ec8b48975954f73951,P-H04-W007::C010::C011,P-H04-W007,P-H04,GEO_SW,2020-10-20,2021-01-26,98,0.738408356,35.118750229591896,41.22351887916697,44.69549756,6.104768649575071,9.576747330408104,stable,False,,inner_validation,
rolling_origin_2021-07-13,rolling_origin_2021-07-13__inner_2_2021-01-26,Z11_ebm,42117,98e740b16e4c6aae02b683096b2148a683bc5641c7e328ec8b48975954f73951,P-V02-W001::C010::C011,P-V02-W001,P-V02,GEO_SW,2020-10-20,2021-01-26,98,1.390922769,37.89148559923471,48.57637069024798,49.33799102,10.684885091013264,11.446505420765284,stable,False,,inner_validation,
rolling_origin_2021-07-13,rolling_origin_2021-07-13__inner_2_2021-01-26,Z11_ebm,42117,98e740b16e4c6aae02b683096b2148a683bc5641c7e328ec8b48975954f73951,P-V02-W002::C010::C011,P-V02-W002,P-V02,GEO_SW,2020-10-20,2021-01-26,98,1.426181208,47.731065669642845,54.35323740446789,53.86677727,6.622171734825045,6.135711600357155,stable,False,,inner_validation,
rolling_origin_2021-07-13,rolling_origin_2021-07-13__inner_2_2021-01-26,Z11_ebm,42117,98e740b16e4c6aae02b683096b2148a683bc5641c7e328ec8b48975954f73951,P-V02-W003::C010::C011,P-V02-W003,P-V02,GEO_NW,2020-10-20,2021-01-26,98,1.458422522,5.803311448163263,6.246499773505285,6.637013735,0.4431883253420219,0.8337022868367372,stable,False,,inner_validation,
rolling_origin_2021-07-13,rolling_origin_2021-07-13__inner_2_2021-01-26,Z11_ebm,42117,98e740b16e4c6aae02b683096b2148a683bc5641c7e328ec8b48975954f73951,P-V02-W004::C010::C011,P-V02-W004,P-V02,GEO_NW,2020-10-20,2021-01-26,98,1.465847076,13.326867022423473,12.770949654980296,16.86463698,0.5559173674431772,3.5377699575765273,stable,False,,inner_validation,
rolling_origin_2021-07-13,rolling_origin_2021-07-13__inner_2_2021-01-26,Z11_ebm,42117,98e740b16e4c6aae02b683096b2148a683bc5641c7e328ec8b48975954f73951,P-V02-W005::C010::C011,P-V02-W005,P-V02,GEO_NW,2020-10-20,2021-01-26,98,1.466107813,58.98564324795915,51.48884013320372,53.10401066,7.49680311475543,5.881632587959153,stable,False,,inner_validation,
rolling_origin_2021-07-13,rolling_origin_2021-07-13__inner_2_2021-01-26,Z11_ebm,42117,98e740b16e4c6aae02b683096b2148a683bc5641c7e328ec8b48975954f73951,P-V02-W006::C010::C011,P-V02-W006,P-V02,GEO_NW,2020-10-20,2021-01-26,98,1.448028237,29.799519440050872,27.54246359754177,26.03451934,2.2570558425091036,3.765000100050873,stable,False,,inner_validation,
rolling_origin_2021-07-13,rolling_origin_2021-07-13__inner_2_2021-01-26,Z11_ebm,42117,98e740b16e4c6aae02b683096b2148a683bc5641c7e328ec8b48975954f73951,P-V02-W007::C010::C011,P-V02-W007,P-V02,GEO_NW,2020-10-20,2021-01-26,98,1.420721182,23.78555866385205,22.995183081800594,21.71476573,0.7903755820514569,2.0707929338520508,stable,False,,inner_validation,
rolling_origin_2021-07-13,rolling_origin_2021-07-13__inner_3_2021-05-18,Z11_ebm,42117,98e740b16e4c6aae02b683096b2148a683bc5641c7e328ec8b48975954f73951,P-D01-W001::C010::C012,P-D01-W001,P-D01,GEO_SW,2020-10-20,2021-05-18,210,0.7271776956,57.06447354392859,35.19280339546863,30.58071223,21.871670148459962,26.483761313928593,decelerating,True,,inner_validation,
rolling_origin_2021-07-13,rolling_origin_2021-07-13__inner_3_2021-05-18,Z11_ebm,42117,98e740b16e4c6aae02b683096b2148a683bc5641c7e328ec8b48975954f73951,P-D01-W002::C010::C012,P-D01-W002,P-D01,GEO_SW,2020-10-20,2021-05-18,210,0.7405381885,50.4850365814285,61.26200976277756,56.29806123,10.776973181349057,5.813024648571499,decelerating,True,,inner_validation,
rolling_origin_2021-07-13,rolling_origin_2021-07-13__inner_3_2021-05-18,Z11_ebm,42117,98e740b16e4c6aae02b683096b2148a683bc5641c7e328ec8b48975954f73951,P-D01-W003::C010::C012,P-D01-W003,P-D01,GEO_SW,2020-10-20,2021-05-18,210,0.7479469121,1.4252300239285136,4.209803522861147,5.514072172,2.784573498932634,4.088842148071486,stable,False,,inner_validation,
rolling_origin_2021-07-13,rolling_origin_2021-07-13__inner_3_2021-05-18,Z11_ebm,42117,98e740b16e4c6aae02b683096b2148a683bc5641c7e328ec8b48975954f73951,P-D01-W004::C010::C012,P-D01-W004,P-D01,GEO_SW,2020-10-20,2021-05-18,210,0.751221368,2.3574549900000257,3.889876209878733,4.385185873,1.5324212198787075,2.0277308829999745,stable,False,,inner_validation,
rolling_origin_2021-07-13,rolling_origin_2021-07-13__inner_3_2021-05-18,Z11_ebm,42117,98e740b16e4c6aae02b683096b2148a683bc5641c7e328ec8b48975954f73951,P-D01-W005::C010::C012,P-D01-W005,P-D01,GEO_SW,2020-10-20,2021-05-18,210,0.747117944,38.51940622999998,36.38858754585085,30.44669765,2.1308186841491334,8.07270857999998,decelerating,True,,inner_validation,
rolling_origin_2021-07-13,rolling_origin_2021-07-13__inner_3_2021-05-18,Z11_ebm,42117,98e740b16e4c6aae02b683096b2148a683bc5641c7e328ec8b48975954f73951,P-D01-W006::C010::C012,P-D01-W006,P-D01,GEO_SW,2020-10-20,2021-05-18,210,0.7310086359,24.04250628678572,24.386166520599524,21.49590971,0.34366023381380373,2.5465965767857206,stable,False,,inner_validation,
rolling_origin_2021-07-13,rolling_origin_2021-07-13__inner_3_2021-05-18,Z11_ebm,42117,98e740b16e4c6aae02b683096b2148a683bc5641c7e328ec8b48975954f73951,P-D01-W007::C010::C012,P-D01-W007,P-D01,GEO_SW,2020-10-20,2021-05-18,210,0.7042389021,33.78518461285716,32.54027049667122,25.48567181,1.2449141161859387,8.299512802857159,decelerating,True,,inner_validation,
rolling_origin_2021-07-13,rolling_origin_2021-07-13__inner_3_2021-05-18,Z11_ebm,42117,98e740b16e4c6aae02b683096b2148a683bc5641c7e328ec8b48975954f73951,P-H01-W001::C010::C012,P-H01-W001,P-H01,GEO_SW,2020-10-20,2021-05-18,210,1.220123858,31.391351940357136,28.478696152590068,27.01447903,2.9126557877670685,4.376872910357136,stable,False,,inner_validation,
rolling_origin_2021-07-13,rolling_origin_2021-07-13__inner_3_2021-05-18,Z11_ebm,42117,98e740b16e4c6aae02b683096b2148a683bc5641c7e328ec8b48975954f73951,P-H01-W002::C010::C012,P-H01-W002,P-H01,GEO_SW,2020-10-20,2021-05-18,210,1.297571675,37.786134782571416,23.45122937683684,17.42116263,14.334905405734577,20.364972152571415,stable,False,,inner_validation,
rolling_origin_2021-07-13,rolling_origin_2021-07-13__inner_3_2021-05-18,Z11_ebm,42117,98e740b16e4c6aae02b683096b2148a683bc5641c7e328ec8b48975954f73951,P-H01-W003::C010::C012,P-H01-W003,P-H01,GEO_SW,2020-10-20,2021-05-18,210,1.355723618,27.881538418214344,30.32273196776815,21.24808461,2.4411935495538053,6.633453808214345,decelerating,True,,inner_validation,
rolling_origin_2021-07-13,rolling_origin_2021-07-13__inner_3_2021-05-18,Z11_ebm,42117,98e740b16e4c6aae02b683096b2148a683bc5641c7e328ec8b48975954f73951,P-H01-W004::C010::C012,P-H01-W004,P-H01,GEO_SW,2020-10-20,2021-05-18,210,1.368231099,34.31960675964284,36.03393906863909,34.24340512,1.714332308996255,0.07620163964283933,stable,False,,inner_validation,
rolling_origin_2021-07-13,rolling_origin_2021-07-13__inner_3_2021-05-18,Z11_ebm,42117,98e740b16e4c6aae02b683096b2148a683bc5641c7e328ec8b48975954f73951,P-H01-W005::C010::C012,P-H01-W005,P-H01,GEO_SW,2020-10-20,2021-05-18,210,1.351152631,57.99118288714281,56.82006330565082,57.61332129,1.1711195814919932,0.377861597142811,stable,False,,inner_validation,
rolling_origin_2021-07-13,rolling_origin_2021-07-13__inner_3_2021-05-18,Z11_ebm,42117,98e740b16e4c6aae02b683096b2148a683bc5641c7e328ec8b48975954f73951,P-H01-W006::C010::C012,P-H01-W006,P-H01,GEO_SW,2020-10-20,2021-05-18,210,1.305228315,36.80496673392853,37.804608514320094,42.4375235,0.9996417803915634,5.632556766071467,volatile_or_gap,True,,inner_validation,
rolling_origin_2021-07-13,rolling_origin_2021-07-13__inner_3_2021-05-18,Z11_ebm,42117,98e740b16e4c6aae02b683096b2148a683bc5641c7e328ec8b48975954f73951,P-H01-W007::C010::C012,P-H01-W007,P-H01,GEO_SW,2020-10-20,2021-05-18,210,1.204424099,40.385110013214295,40.085727124335634,31.76565681,0.29938288887866094,8.619453203214295,stable,False,,inner_validation,
rolling_origin_2021-07-13,rolling_origin_2021-07-13__inner_3_2021-05-18,Z11_ebm,42117,98e740b16e4c6aae02b683096b2148a683bc5641c7e328ec8b48975954f73951,P-H02-W001::C010::C012,P-H02-W001,P-H02,GEO_SW,2020-10-20,2021-05-18,210,0.8345622468,40.26384475214282,50.1120029517222,49.93377984,9.848158199579373,9.669935087857176,volatile_or_gap,True,,inner_validation,
rolling_origin_2021-07-13,rolling_origin_2021-07-13__inner_3_2021-05-18,Z11_ebm,42117,98e740b16e4c6aae02b683096b2148a683bc5641c7e328ec8b48975954f73951,P-H02-W003::C010::C012,P-H02-W003,P-H02,GEO_SW,2020-10-20,2021-05-18,210,0.8819536445,30.749420195357136,25.621565715398663,25.55173295,5.127854479958472,5.197687245357134,stable,False,,inner_validation,
rolling_origin_2021-07-13,rolling_origin_2021-07-13__inner_3_2021-05-18,Z11_ebm,42117,98e740b16e4c6aae02b683096b2148a683bc5641c7e328ec8b48975954f73951,P-H02-W004::C010::C012,P-H02-W004,P-H02,GEO_SW,2020-10-20,2021-05-18,210,0.8894518921,24.996911493928565,31.85368923856211,28.50852401,6.856777744633547,3.511612516071434,stable,False,,inner_validation,
rolling_origin_2021-07-13,rolling_origin_2021-07-13__inner_3_2021-05-18,Z11_ebm,42117,98e740b16e4c6aae02b683096b2148a683bc5641c7e328ec8b48975954f73951,P-H02-W005::C010::C012,P-H02-W005,P-H02,GEO_SW,2020-10-20,2021-05-18,210,0.8891590038,5.14038078246429,10.807274880656797,9.27981988,5.666894098192507,4.13943909753571,stable,False,,inner_validation,
rolling_origin_2021-07-13,rolling_origin_2021-07-13__inner_3_2021-05-18,Z11_ebm,42117,98e740b16e4c6aae02b683096b2148a683bc5641c7e328ec8b48975954f73951,P-H02-W006::C010::C012,P-H02-W006,P-H02,GEO_SW,2020-10-20,2021-05-18,210,0.8824321754,22.94118344142857,24.095168428853416,25.77986836,1.1539849874248453,2.8386849185714276,stable,False,,inner_validation,
rolling_origin_2021-07-13,rolling_origin_2021-07-13__inner_3_2021-05-18,Z11_ebm,42117,98e740b16e4c6aae02b683096b2148a683bc5641c7e328ec8b48975954f73951,P-H02-W007::C010::C012,P-H02-W007,P-H02,GEO_SW,2020-10-20,2021-05-18,210,0.8580753602,33.66056896571434,36.513915940921216,40.56976024,2.8533469752068754,6.909191274285661,stable,False,,inner_validation,
rolling_origin_2021-07-13,rolling_origin_2021-07-13__inner_3_2021-05-18,Z11_ebm,42117,98e740b16e4c6aae02b683096b2148a683bc5641c7e328ec8b48975954f73951,P-H03-W001::C010::C012,P-H03-W001,P-H03,GEO_SE,2020-10-20,2021-05-18,210,0.7181774923,55.795208400714245,56.55852702294641,59.23889611,0.7633186222321626,3.4436877092857543,stable,False,,inner_validation,
rolling_origin_2021-07-13,rolling_origin_2021-07-13__inner_3_2021-05-18,Z11_ebm,42117,98e740b16e4c6aae02b683096b2148a683bc5641c7e328ec8b48975954f73951,P-H03-W002::C010::C012,P-H03-W002,P-H03,GEO_SE,2020-10-20,2021-05-18,210,0.7408014251,54.21343361821429,47.133390104437666,54.78426535,7.080043513776623,0.5708317317857095,stable,False,,inner_validation,
rolling_origin_2021-07-13,rolling_origin_2021-07-13__inner_3_2021-05-18,Z11_ebm,42117,98e740b16e4c6aae02b683096b2148a683bc5641c7e328ec8b48975954f73951,P-H03-W003::C010::C012,P-H03-W003,P-H03,GEO_SE,2020-10-20,2021-05-18,210,0.7473665209,55.22424194785712,54.96999654109737,53.35324734,0.2542454067597433,1.8709946078571136,stable,False,,inner_validation,
rolling_origin_2021-07-13,rolling_origin_2021-07-13__inner_3_2021-05-18,Z11_ebm,42117,98e740b16e4c6aae02b683096b2148a683bc5641c7e328ec8b48975954f73951,P-H03-W004::C010::C012,P-H03-W004,P-H03,GEO_SE,2020-10-20,2021-05-18,210,0.7525509997,53.79173892678568,58.82395073472643,61.2161659,5.032211807940747,7.424426973214317,decelerating,True,,inner_validation,
rolling_origin_2021-07-13,rolling_origin_2021-07-13__inner_3_2021-05-18,Z11_ebm,42117,98e740b16e4c6aae02b683096b2148a683bc5641c7e328ec8b48975954f73951,P-H03-W005::C010::C012,P-H03-W005,P-H03,GEO_SE,2020-10-20,2021-05-18,210,0.7502988778,58.48725813214291,58.34342230660762,56.32808542,0.14383582553529095,2.1591727121429116,decelerating,True,,inner_validation,
rolling_origin_2021-07-13,rolling_origin_2021-07-13__inner_3_2021-05-18,Z11_ebm,42117,98e740b16e4c6aae02b683096b2148a683bc5641c7e328ec8b48975954f73951,P-H03-W006::C010::C012,P-H03-W006,P-H03,GEO_SE,2020-10-20,2021-05-18,210,0.7466827475,60.84299018571423,64.17666460805924,65.70880678,3.3336744223450125,4.865816594285775,stable,False,,inner_validation,
rolling_origin_2021-07-13,rolling_origin_2021-07-13__inner_3_2021-05-18,Z11_ebm,42117,98e740b16e4c6aae02b683096b2148a683bc5641c7e328ec8b48975954f73951,P-H03-W007::C010::C012,P-H03-W007,P-H03,GEO_SE,2020-10-20,2021-05-18,210,0.7258342918,23.455982444999968,17.604165978552604,19.38810615,5.851816466447364,4.067876294999969,stable,False,,inner_validation,
rolling_origin_2021-07-13,rolling_origin_2021-07-13__inner_3_2021-05-18,Z11_ebm,42117,98e740b16e4c6aae02b683096b2148a683bc5641c7e328ec8b48975954f73951,P-H05-W001::C010::C012,P-H05-W001,P-H05,GEO_NE,2020-10-20,2021-05-18,210,1.388986323,41.7396516392857,39.35337194541916,32.17383691,2.386279693866534,9.565814729285698,stable,False,,inner_validation,
rolling_origin_2021-07-13,rolling_origin_2021-07-13__inner_3_2021-05-18,Z11_ebm,42117,98e740b16e4c6aae02b683096b2148a683bc5641c7e328ec8b48975954f73951,P-H05-W002::C010::C012,P-H05-W002,P-H05,GEO_NE,2020-10-20,2021-05-18,210,1.461981236,44.30322137857145,49.655523935094074,47.96115479,5.352302556522623,3.6579334114285516,volatile_or_gap,True,,inner_validation,
rolling_origin_2021-07-13,rolling_origin_2021-07-13__inner_3_2021-05-18,Z11_ebm,42117,98e740b16e4c6aae02b683096b2148a683bc5641c7e328ec8b48975954f73951,P-H05-W003::C010::C012,P-H05-W003,P-H05,GEO_NE,2020-10-20,2021-05-18,210,1.501304081,38.91696137500026,36.362063737018936,35.56657923,2.554897637981327,3.3503821450002604,volatile_or_gap,True,,inner_validation,
rolling_origin_2021-07-13,rolling_origin_2021-07-13__inner_3_2021-05-18,Z11_ebm,42117,98e740b16e4c6aae02b683096b2148a683bc5641c7e328ec8b48975954f73951,P-H05-W004::C010::C012,P-H05-W004,P-H05,GEO_NE,2020-10-20,2021-05-18,210,1.519696206,26.56339065000008,19.782040548229872,17.06784861,6.781350101770208,9.495542040000082,stable,False,,inner_validation,
rolling_origin_2021-07-13,rolling_origin_2021-07-13__inner_3_2021-05-18,Z11_ebm,42117,98e740b16e4c6aae02b683096b2148a683bc5641c7e328ec8b48975954f73951,P-H05-W005::C010::C012,P-H05-W005,P-H05,GEO_NE,2020-10-20,2021-05-18,210,1.503611347,18.728244189285743,21.325624783390758,14.95010303,2.597380594105015,3.7781411592857435,volatile_or_gap,True,,inner_validation,
rolling_origin_2021-07-13,rolling_origin_2021-07-13__inner_3_2021-05-18,Z11_ebm,42117,98e740b16e4c6aae02b683096b2148a683bc5641c7e328ec8b48975954f73951,P-H05-W006::C010::C012,P-H05-W006,P-H05,GEO_NE,2020-10-20,2021-05-18,210,1.459209921,17.426253167857258,12.977747250141842,16.87090554,4.448505917715416,0.5553476278572589,stable,False,,inner_validation,
rolling_origin_2021-07-13,rolling_origin_2021-07-13__inner_3_2021-05-18,Z11_ebm,42117,98e740b16e4c6aae02b683096b2148a683bc5641c7e328ec8b48975954f73951,P-H05-W007::C010::C012,P-H05-W007,P-H05,GEO_NE,2020-10-20,2021-05-18,210,1.389916246,28.886153325357025,32.869730021094156,31.65593708,3.9835766957371312,2.769783754642976,stable,False,,inner_validation,
rolling_origin_2021-07-13,rolling_origin_2021-07-13__inner_3_2021-05-18,Z11_ebm,42117,98e740b16e4c6aae02b683096b2148a683bc5641c7e328ec8b48975954f73951,P-H06-W001::C010::C012,P-H06-W001,P-H06,GEO_NE,2020-10-20,2021-05-18,210,0.8043622482,3.415639027500049,3.2782199276177595,-0.1722342146,0.1374190998822895,3.587873242100049,stable,False,,inner_validation,
rolling_origin_2021-07-13,rolling_origin_2021-07-13__inner_3_2021-05-18,Z11_ebm,42117,98e740b16e4c6aae02b683096b2148a683bc5641c7e328ec8b48975954f73951,P-H06-W002::C010::C012,P-H06-W002,P-H06,GEO_NE,2020-10-20,2021-05-18,210,0.8478910187,2.699077489285702,2.987064109141683,-0.6408770374,0.28798661985598084,3.3399545266857023,stable,False,,inner_validation,
rolling_origin_2021-07-13,rolling_origin_2021-07-13__inner_3_2021-05-18,Z11_ebm,42117,98e740b16e4c6aae02b683096b2148a683bc5641c7e328ec8b48975954f73951,P-H06-W003::C010::C012,P-H06-W003,P-H06,GEO_NE,2020-10-20,2021-05-18,210,0.8698006531,4.328006742499984,0.8563561657060206,-2.328075949,3.471650576793964,6.656082691499984,stable,False,,inner_validation,
rolling_origin_2021-07-13,rolling_origin_2021-07-13__inner_3_2021-05-18,Z11_ebm,42117,98e740b16e4c6aae02b683096b2148a683bc5641c7e328ec8b48975954f73951,P-H06-W004::C010::C012,P-H06-W004,P-H06,GEO_NE,2020-10-20,2021-05-18,210,0.8755512456,6.941094641785736,0.06340598258504268,-3.257124665,6.877688659200693,10.198219306785736,stable,False,,inner_validation,
rolling_origin_2021-07-13,rolling_origin_2021-07-13__inner_3_2021-05-18,Z11_ebm,42117,98e740b16e4c6aae02b683096b2148a683bc5641c7e328ec8b48975954f73951,P-H06-W005::C010::C012,P-H06-W005,P-H06,GEO_NE,2020-10-20,2021-05-18,210,0.8680268065,6.53862949321431,0.006039589243515227,-1.201112913,6.532589903970794,7.73974240621431,stable,False,,inner_validation,
rolling_origin_2021-07-13,rolling_origin_2021-07-13__inner_3_2021-05-18,Z11_ebm,42117,98e740b16e4c6aae02b683096b2148a683bc5641c7e328ec8b48975954f73951,P-H06-W006::C010::C012,P-H06-W006,P-H06,GEO_NE,2020-10-20,2021-05-18,210,0.8265249011,5.409631481428598,1.4310948394665335,0.006024164902,3.978536641962065,5.403607316526599,stable,False,,inner_validation,
rolling_origin_2021-07-13,rolling_origin_2021-07-13__inner_3_2021-05-18,Z11_ebm,42117,98e740b16e4c6aae02b683096b2148a683bc5641c7e328ec8b48975954f73951,P-V01-W001::C010::C012,P-V01-W001,P-V01,GEO_SW,2020-10-20,2021-05-18,210,0.8902533744,30.591779512857155,34.559764291387324,32.69078983,3.9679847785301696,2.099010317142845,stable,False,,inner_validation,
rolling_origin_2021-07-13,rolling_origin_2021-07-13__inner_3_2021-05-18,Z11_ebm,42117,98e740b16e4c6aae02b683096b2148a683bc5641c7e328ec8b48975954f73951,P-V01-W002::C010::C012,P-V01-W002,P-V01,GEO_SW,2020-10-20,2021-05-18,210,0.9182974565,29.85693286392854,34.41007392874127,35.95265703,4.553141064812728,6.095724166071456,stable,False,,inner_validation,
rolling_origin_2021-07-13,rolling_origin_2021-07-13__inner_3_2021-05-18,Z11_ebm,42117,98e740b16e4c6aae02b683096b2148a683bc5641c7e328ec8b48975954f73951,P-V01-W003::C010::C012,P-V01-W003,P-V01,GEO_SW,2020-10-20,2021-05-18,210,0.9316817463,23.589476797857117,29.15326492073971,29.32142036,5.563788122882592,5.7319435621428845,stable,False,,inner_validation,
rolling_origin_2021-07-13,rolling_origin_2021-07-13__inner_3_2021-05-18,Z11_ebm,42117,98e740b16e4c6aae02b683096b2148a683bc5641c7e328ec8b48975954f73951,P-V01-W004::C010::C012,P-V01-W004,P-V01,GEO_SW,2020-10-20,2021-05-18,210,0.9322797585,30.318051074999985,34.72674746932441,31.69546755,4.408696394324423,1.3774164750000146,stable,False,,inner_validation,
rolling_origin_2021-07-13,rolling_origin_2021-07-13__inner_3_2021-05-18,Z11_ebm,42117,98e740b16e4c6aae02b683096b2148a683bc5641c7e328ec8b48975954f73951,P-V01-W005::C010::C012,P-V01-W005,P-V01,GEO_SW,2020-10-20,2021-05-18,210,0.9197259181,38.00750696357152,46.53251933539205,51.23223904,8.52501237182053,13.22473207642848,volatile_or_gap,True,,inner_validation,
rolling_origin_2021-07-13,rolling_origin_2021-07-13__inner_3_2021-05-18,Z11_ebm,42117,98e740b16e4c6aae02b683096b2148a683bc5641c7e328ec8b48975954f73951,P-V01-W006::C010::C012,P-V01-W006,P-V01,GEO_SW,2020-10-20,2021-05-18,210,0.894847571,35.516225591071525,36.03277557294968,40.17944439,0.5165499818781569,4.663218798928476,accelerating,True,,inner_validation,
rolling_origin_2021-07-13,rolling_origin_2021-07-13__inner_3_2021-05-18,Z11_ebm,42117,98e740b16e4c6aae02b683096b2148a683bc5641c7e328ec8b48975954f73951,P-V03-W001::C010::C012,P-V03-W001,P-V03,GEO_SW,2020-10-20,2021-05-18,210,0.7131350452,29.374234291428543,34.367732737089405,29.9770489,4.993498445660862,0.6028146085714567,stable,False,,inner_validation,
rolling_origin_2021-07-13,rolling_origin_2021-07-13__inner_3_2021-05-18,Z11_ebm,42117,98e740b16e4c6aae02b683096b2148a683bc5641c7e328ec8b48975954f73951,P-V03-W002::C010::C012,P-V03-W002,P-V03,GEO_SW,2020-10-20,2021-05-18,210,0.7241267731,36.41134550535708,38.75279569347778,31.07697638,2.341450188120696,5.334369125357082,stable,False,,inner_validation,
rolling_origin_2021-07-13,rolling_origin_2021-07-13__inner_3_2021-05-18,Z11_ebm,42117,98e740b16e4c6aae02b683096b2148a683bc5641c7e328ec8b48975954f73951,P-V03-W003::C010::C012,P-V03-W003,P-V03,GEO_SW,2020-10-20,2021-05-18,210,0.730503082,36.13762976428573,36.61994818567235,32.01910782,0.48231842138662273,4.118521944285725,stable,False,,inner_validation,
rolling_origin_2021-07-13,rolling_origin_2021-07-13__inner_3_2021-05-18,Z11_ebm,42117,98e740b16e4c6aae02b683096b2148a683bc5641c7e328ec8b48975954f73951,P-V03-W004::C010::C012,P-V03-W004,P-V03,GEO_SW,2020-10-20,2021-05-18,210,0.7327804381,21.14081436071416,21.593115507144677,18.69244526,0.4523011464305178,2.44836910071416,stable,False,,inner_validation,
rolling_origin_2021-07-13,rolling_origin_2021-07-13__inner_3_2021-05-18,Z11_ebm,42117,98e740b16e4c6aae02b683096b2148a683bc5641c7e328ec8b48975954f73951,P-V03-W005::C010::C012,P-V03-W005,P-V03,GEO_NW,2020-10-20,2021-05-18,210,0.728626786,33.529793290357134,36.197332242702494,30.38947195,2.6675389523453603,3.140321340357133,stable,False,,inner_validation,
rolling_origin_2021-07-13,rolling_origin_2021-07-13__inner_3_2021-05-18,Z11_ebm,42117,98e740b16e4c6aae02b683096b2148a683bc5641c7e328ec8b48975954f73951,P-V03-W006::C010::C012,P-V03-W006,P-V03,GEO_NW,2020-10-20,2021-05-18,210,0.7223989052,36.60124472000002,36.724383268278956,30.30291351,0.12313854827893778,6.298331210000018,stable,False,,inner_validation,
rolling_origin_2021-07-13,rolling_origin_2021-07-13__inner_3_2021-05-18,Z11_ebm,42117,98e740b16e4c6aae02b683096b2148a683bc5641c7e328ec8b48975954f73951,P-V03-W007::C010::C012,P-V03-W007,P-V03,GEO_NW,2020-10-20,2021-05-18,210,0.7137056179,2.9907492682142536,2.269322782023108,-0.4653545922,0.7214264861911457,3.4561038604142533,stable,False,,inner_validation,
rolling_origin_2021-07-13,rolling_origin_2021-07-13__inner_3_2021-05-18,Z11_ebm,42117,98e740b16e4c6aae02b683096b2148a683bc5641c7e328ec8b48975954f73951,P-V04-W001::C010::C012,P-V04-W001,P-V04,GEO_NE,2020-10-20,2021-05-18,210,0.6725419618,5.170736936071429,0.6459777744914844,1.796392185,4.5247591615799445,3.374344751071429,stable,False,,inner_validation,
rolling_origin_2021-07-13,rolling_origin_2021-07-13__inner_3_2021-05-18,Z11_ebm,42117,98e740b16e4c6aae02b683096b2148a683bc5641c7e328ec8b48975954f73951,P-V04-W002::C010::C012,P-V04-W002,P-V04,GEO_NE,2020-10-20,2021-05-18,210,0.685153664,5.166014775357152,0.025161863300837035,0.08753442172,5.140852912056316,5.078480353637152,stable,False,,inner_validation,
rolling_origin_2021-07-13,rolling_origin_2021-07-13__inner_3_2021-05-18,Z11_ebm,42117,98e740b16e4c6aae02b683096b2148a683bc5641c7e328ec8b48975954f73951,P-V04-W003::C010::C012,P-V04-W003,P-V04,GEO_NE,2020-10-20,2021-05-18,210,0.6966084119,5.198326529642842,-1.522803298139596,-0.2548734577,6.7211298277824385,5.453199987342842,stable,False,,inner_validation,
rolling_origin_2021-07-13,rolling_origin_2021-07-13__inner_3_2021-05-18,Z11_ebm,42117,98e740b16e4c6aae02b683096b2148a683bc5641c7e328ec8b48975954f73951,P-V04-W004::C010::C012,P-V04-W004,P-V04,GEO_NE,2020-10-20,2021-05-18,210,0.7026744882,5.640547575357141,-0.27663070733573636,1.923705331,5.917178282692878,3.7168422443571414,stable,False,,inner_validation,
rolling_origin_2021-07-13,rolling_origin_2021-07-13__inner_3_2021-05-18,Z11_ebm,42117,98e740b16e4c6aae02b683096b2148a683bc5641c7e328ec8b48975954f73951,P-V04-W006::C010::C012,P-V04-W006,P-V04,GEO_NE,2020-10-20,2021-05-18,210,0.6992049839,3.3230617189286047,-0.13157512042098501,0.7198761833,3.4546368393495896,2.6031855356286044,stable,False,,inner_validation,
rolling_origin_2021-07-13,rolling_origin_2021-07-13__inner_3_2021-05-18,Z11_ebm,42117,98e740b16e4c6aae02b683096b2148a683bc5641c7e328ec8b48975954f73951,P-V04-W007::C010::C012,P-V04-W007,P-V04,GEO_NE,2020-10-20,2021-05-18,210,0.6898782289,39.16114995821433,30.835492446191644,32.42749102,8.325657512022687,6.733658938214333,stable,False,,inner_validation,
rolling_origin_2021-07-13,rolling_origin_2021-07-13__inner_3_2021-05-18,Z11_ebm,42117,98e740b16e4c6aae02b683096b2148a683bc5641c7e328ec8b48975954f73951,P-V05-W002::C010::C012,P-V05-W002,P-V05,GEO_NE,2020-10-20,2021-05-18,210,0.6951469962,32.42684803928573,38.021754283281524,38.77572007,5.594906243995794,6.3488720307142685,volatile_or_gap,True,,inner_validation,
rolling_origin_2021-07-13,rolling_origin_2021-07-13__inner_3_2021-05-18,Z11_ebm,42117,98e740b16e4c6aae02b683096b2148a683bc5641c7e328ec8b48975954f73951,P-V05-W003::C010::C012,P-V05-W003,P-V05,GEO_NE,2020-10-20,2021-05-18,210,0.7000537455,27.76560058928592,30.782092266993864,32.71168239,3.0164916777079434,4.946081800714079,stable,False,,inner_validation,
rolling_origin_2021-07-13,rolling_origin_2021-07-13__inner_3_2021-05-18,Z11_ebm,42117,98e740b16e4c6aae02b683096b2148a683bc5641c7e328ec8b48975954f73951,P-V05-W004::C010::C012,P-V05-W004,P-V05,GEO_NE,2020-10-20,2021-05-18,210,0.7038430812,32.02398076785716,33.943673299469296,38.8855239,1.9196925316121352,6.861543132142842,stable,False,,inner_validation,
rolling_origin_2021-07-13,rolling_origin_2021-07-13__inner_3_2021-05-18,Z11_ebm,42117,98e740b16e4c6aae02b683096b2148a683bc5641c7e328ec8b48975954f73951,P-V05-W005::C010::C012,P-V05-W005,P-V05,GEO_NE,2020-10-20,2021-05-18,210,0.7023605321,34.485104839285576,36.18794110027906,34.3435138,1.702836260993486,0.14159103928557926,stable,False,,inner_validation,
rolling_origin_2021-07-13,rolling_origin_2021-07-13__inner_3_2021-05-18,Z11_ebm,42117,98e740b16e4c6aae02b683096b2148a683bc5641c7e328ec8b48975954f73951,P-V05-W006::C010::C012,P-V05-W006,P-V05,GEO_NE,2020-10-20,2021-05-18,210,0.6981116392,18.978271728571567,22.035484224238456,24.40127354,3.0572124956668887,5.423001811428431,stable,False,,inner_validation,
rolling_origin_2021-07-13,rolling_origin_2021-07-13__inner_3_2021-05-18,Z11_ebm,42117,98e740b16e4c6aae02b683096b2148a683bc5641c7e328ec8b48975954f73951,P-V05-W007::C010::C012,P-V05-W007,P-V05,GEO_NE,2020-10-20,2021-05-18,210,0.6871235371,34.889393107142894,36.630436087537,37.37607921,1.7410429803941057,2.4866861028571066,stable,False,,inner_validation,
rolling_origin_2021-07-13,rolling_origin_2021-07-13__inner_3_2021-05-18,Z11_ebm,42117,98e740b16e4c6aae02b683096b2148a683bc5641c7e328ec8b48975954f73951,P-V06-W001::C010::C012,P-V06-W001,P-V06,GEO_NE,2020-10-20,2021-05-18,210,1.159854388,1.3662708730582145,-1.6288890348907823,0.7282597757,2.995159907948997,0.6380110973582145,stable,False,,inner_validation,
rolling_origin_2021-07-13,rolling_origin_2021-07-13__inner_3_2021-05-18,Z11_ebm,42117,98e740b16e4c6aae02b683096b2148a683bc5641c7e328ec8b48975954f73951,P-V06-W002::C010::C012,P-V06-W002,P-V06,GEO_NE,2020-10-20,2021-05-18,210,1.193945024,21.444878028571416,20.701432554974293,21.67616863,0.7434454735971237,0.23129060142858293,stable,False,,inner_validation,
rolling_origin_2021-07-13,rolling_origin_2021-07-13__inner_3_2021-05-18,Z11_ebm,42117,98e740b16e4c6aae02b683096b2148a683bc5641c7e328ec8b48975954f73951,P-V06-W003::C010::C012,P-V06-W003,P-V06,GEO_NE,2020-10-20,2021-05-18,210,1.202846759,32.89653658071428,35.966691525134536,33.91817882,3.0701549444202527,1.0216422392857183,volatile_or_gap,True,,inner_validation,
rolling_origin_2021-07-13,rolling_origin_2021-07-13__inner_3_2021-05-18,Z11_ebm,42117,98e740b16e4c6aae02b683096b2148a683bc5641c7e328ec8b48975954f73951,P-V06-W004::C010::C012,P-V06-W004,P-V06,GEO_NE,2020-10-20,2021-05-18,210,1.205524611,28.43290451250002,24.49301852270985,27.47429444,3.93988598979017,0.9586100725000186,stable,False,,inner_validation,
rolling_origin_2021-07-13,rolling_origin_2021-07-13__inner_3_2021-05-18,Z11_ebm,42117,98e740b16e4c6aae02b683096b2148a683bc5641c7e328ec8b48975954f73951,P-V06-W006::C010::C012,P-V06-W006,P-V06,GEO_NE,2020-10-20,2021-05-18,210,1.162391861,23.25419103821426,21.32243946746432,24.38111862,1.9317515707499382,1.1269275817857398,stable,False,,inner_validation,
rolling_origin_2021-07-13,rolling_origin_2021-07-13__inner_3_2021-05-18,Z11_ebm,42117,98e740b16e4c6aae02b683096b2148a683bc5641c7e328ec8b48975954f73951,P-V06-W007::C010::C012,P-V06-W007,P-V06,GEO_NE,2020-10-20,2021-05-18,210,1.134716812,23.71725324892857,19.355508184029325,24.76967278,4.361745064899246,1.052419531071429,stable,False,,inner_validation,
rolling_origin_2021-07-13,rolling_origin_2021-07-13__inner_3_2021-05-18,Z11_ebm,42117,98e740b16e4c6aae02b683096b2148a683bc5641c7e328ec8b48975954f73951,P-H04-W001::C011::C012,P-H04-W001,P-H04,GEO_SW,2021-01-26,2021-05-18,112,0.7032303835,25.049126438169612,23.69643477227206,25.71872422,1.3526916658975523,0.6695977818303867,decelerating,True,,inner_validation,
rolling_origin_2021-07-13,rolling_origin_2021-07-13__inner_3_2021-05-18,Z11_ebm,42117,98e740b16e4c6aae02b683096b2148a683bc5641c7e328ec8b48975954f73951,P-H04-W002::C011::C012,P-H04-W002,P-H04,GEO_SW,2021-01-26,2021-05-18,112,0.7266512154,25.269675149999934,32.669588305107354,31.56830414,7.39991315510742,6.298628990000065,decelerating,True,,inner_validation,
rolling_origin_2021-07-13,rolling_origin_2021-07-13__inner_3_2021-05-18,Z11_ebm,42117,98e740b16e4c6aae02b683096b2148a683bc5641c7e328ec8b48975954f73951,P-H04-W003::C011::C012,P-H04-W003,P-H04,GEO_SW,2021-01-26,2021-05-18,112,0.7532639496,22.80323451696417,27.72617375058708,31.30349645,4.922939233622909,8.50026193303583,stable,False,,inner_validation,
rolling_origin_2021-07-13,rolling_origin_2021-07-13__inner_3_2021-05-18,Z11_ebm,42117,98e740b16e4c6aae02b683096b2148a683bc5641c7e328ec8b48975954f73951,P-H04-W004::C011::C012,P-H04-W004,P-H04,GEO_SW,2021-01-26,2021-05-18,112,0.7648597841,12.95864180959814,18.579196461946292,21.21381402,5.620554652348153,8.255172210401861,decelerating,True,,inner_validation,
rolling_origin_2021-07-13,rolling_origin_2021-07-13__inner_3_2021-05-18,Z11_ebm,42117,98e740b16e4c6aae02b683096b2148a683bc5641c7e328ec8b48975954f73951,P-H04-W005::C011::C012,P-H04-W005,P-H04,GEO_SW,2021-01-26,2021-05-18,112,0.7649331183,25.687331024330284,27.50087168214604,25.65818153,1.8135406578157571,0.029149494330283687,decelerating,True,,inner_validation,
rolling_origin_2021-07-13,rolling_origin_2021-07-13__inner_3_2021-05-18,Z11_ebm,42117,98e740b16e4c6aae02b683096b2148a683bc5641c7e328ec8b48975954f73951,P-H04-W006::C011::C012,P-H04-W006,P-H04,GEO_SW,2021-01-26,2021-05-18,112,0.7546450796,22.225553160267864,22.788366933372906,16.30970004,0.5628137731050415,5.915853120267865,decelerating,True,,inner_validation,
rolling_origin_2021-07-13,rolling_origin_2021-07-13__inner_3_2021-05-18,Z11_ebm,42117,98e740b16e4c6aae02b683096b2148a683bc5641c7e328ec8b48975954f73951,P-H04-W007::C011::C012,P-H04-W007,P-H04,GEO_SW,2021-01-26,2021-05-18,112,0.7331933049,32.405124795535684,31.723647193199767,35.11875041,0.6814776023359173,2.7136256144643127,decelerating,True,,inner_validation,
rolling_origin_2021-07-13,rolling_origin_2021-07-13__inner_3_2021-05-18,Z11_ebm,42117,98e740b16e4c6aae02b683096b2148a683bc5641c7e328ec8b48975954f73951,P-V02-W001::C011::C012,P-V02-W001,P-V02,GEO_SW,2021-01-26,2021-05-18,112,0.7841268948,42.12227199441977,38.33060483683506,37.89148555,3.791667157584712,4.2307864444197705,decelerating,True,,inner_validation,
rolling_origin_2021-07-13,rolling_origin_2021-07-13__inner_3_2021-05-18,Z11_ebm,42117,98e740b16e4c6aae02b683096b2148a683bc5641c7e328ec8b48975954f73951,P-V02-W003::C011::C012,P-V02-W003,P-V02,GEO_NW,2021-01-26,2021-05-18,112,0.8110739283,6.076332068169645,1.0330467071798926,5.803311446,5.043285360989753,0.2730206221696445,stable,False,,inner_validation,
rolling_origin_2021-07-13,rolling_origin_2021-07-13__inner_3_2021-05-18,Z11_ebm,42117,98e740b16e4c6aae02b683096b2148a683bc5641c7e328ec8b48975954f73951,P-V02-W004::C011::C012,P-V02-W004,P-V02,GEO_NW,2021-01-26,2021-05-18,112,0.812174074,14.31329744584823,11.177132622675321,13.32686703,3.1361648231729085,0.9864304158482291,stable,False,,inner_validation,
rolling_origin_2021-07-13,rolling_origin_2021-07-13__inner_3_2021-05-18,Z11_ebm,42117,98e740b16e4c6aae02b683096b2148a683bc5641c7e328ec8b48975954f73951,P-V02-W005::C011::C012,P-V02-W005,P-V02,GEO_NW,2021-01-26,2021-05-18,112,0.8094729006,49.84536714709824,44.99971402300902,58.98564332,4.845653124089218,9.140276172901764,stable,False,,inner_validation,
rolling_origin_2021-07-13,rolling_origin_2021-07-13__inner_3_2021-05-18,Z11_ebm,42117,98e740b16e4c6aae02b683096b2148a683bc5641c7e328ec8b48975954f73951,P-V02-W006::C011::C012,P-V02-W006,P-V02,GEO_NW,2021-01-26,2021-05-18,112,0.7944536981,22.123165432366097,22.846497479627935,29.79951922,0.7233320472618381,7.676353787633904,stable,False,,inner_validation,
rolling_origin_2021-07-13,rolling_origin_2021-07-13__inner_3_2021-05-18,Z11_ebm,42117,98e740b16e4c6aae02b683096b2148a683bc5641c7e328ec8b48975954f73951,P-V02-W007::C011::C012,P-V02-W007,P-V02,GEO_NW,2021-01-26,2021-05-18,112,0.7759056407,18.28609378031249,17.505749493514145,23.78555868,0.7803442867983463,5.49946489968751,stable,False,,inner_validation,
rolling_origin_2021-11-02,rolling_origin_2021-11-02__inner_1_2021-01-26,Z11_ebm,42117,a40ac2b986e49ebf9655fde3ea9d7d2a12798b9bbf0cf864fc9507b6910d58e7,P-H04-W001::C010::C011,P-H04-W001,P-H04,GEO_SW,2020-10-20,2021-01-26,98,0.7101747387,25.718723935714344,31.31351751702418,37.89757272,5.594793581309837,12.178848784285655,stable,False,,inner_validation,
rolling_origin_2021-11-02,rolling_origin_2021-11-02__inner_1_2021-01-26,Z11_ebm,42117,a40ac2b986e49ebf9655fde3ea9d7d2a12798b9bbf0cf864fc9507b6910d58e7,P-H04-W002::C010::C011,P-H04-W002,P-H04,GEO_SW,2020-10-20,2021-01-26,98,0.7329498761,31.56830443392872,40.091241459001616,41.07801499,8.522937025072896,9.50971055607128,stable,False,,inner_validation,
rolling_origin_2021-11-02,rolling_origin_2021-11-02__inner_1_2021-01-26,Z11_ebm,42117,a40ac2b986e49ebf9655fde3ea9d7d2a12798b9bbf0cf864fc9507b6910d58e7,P-H04-W003::C010::C011,P-H04-W003,P-H04,GEO_SW,2020-10-20,2021-01-26,98,0.7587966971,31.303496320408048,35.54777068436521,34.20617203,4.244274363957164,2.90267570959195,stable,False,,inner_validation,
rolling_origin_2021-11-02,rolling_origin_2021-11-02__inner_1_2021-01-26,Z11_ebm,42117,a40ac2b986e49ebf9655fde3ea9d7d2a12798b9bbf0cf864fc9507b6910d58e7,P-H04-W004::C010::C011,P-H04-W004,P-H04,GEO_SW,2020-10-20,2021-01-26,98,0.7699549357,21.21381392142866,30.16296506490518,29.72869684,8.94915114347652,8.514882918571342,stable,False,,inner_validation,
rolling_origin_2021-11-02,rolling_origin_2021-11-02__inner_1_2021-01-26,Z11_ebm,42117,a40ac2b986e49ebf9655fde3ea9d7d2a12798b9bbf0cf864fc9507b6910d58e7,P-H04-W005::C010::C011,P-H04-W005,P-H04,GEO_SW,2020-10-20,2021-01-26,98,0.769905986,25.65818151198982,37.547125569458046,36.99277209,11.888944057468226,11.334590578010182,stable,False,,inner_validation,
rolling_origin_2021-11-02,rolling_origin_2021-11-02__inner_1_2021-01-26,Z11_ebm,42117,a40ac2b986e49ebf9655fde3ea9d7d2a12798b9bbf0cf864fc9507b6910d58e7,P-H04-W006::C010::C011,P-H04-W006,P-H04,GEO_SW,2020-10-20,2021-01-26,98,0.7596223375,16.30969981989789,34.487719406219824,31.04002722,18.178019586321934,14.730327400102109,stable,False,,inner_validation,
rolling_origin_2021-11-02,rolling_origin_2021-11-02__inner_1_2021-01-26,Z11_ebm,42117,a40ac2b986e49ebf9655fde3ea9d7d2a12798b9bbf0cf864fc9507b6910d58e7,P-H04-W007::C010::C011,P-H04-W007,P-H04,GEO_SW,2020-10-20,2021-01-26,98,0.738408356,35.118750229591896,41.71863792769976,44.69549756,6.599887698107864,9.576747330408104,stable,False,,inner_validation,
rolling_origin_2021-11-02,rolling_origin_2021-11-02__inner_1_2021-01-26,Z11_ebm,42117,a40ac2b986e49ebf9655fde3ea9d7d2a12798b9bbf0cf864fc9507b6910d58e7,P-V02-W001::C010::C011,P-V02-W001,P-V02,GEO_SW,2020-10-20,2021-01-26,98,1.390922769,37.89148559923471,47.70024721427668,49.33799102,9.808761615041966,11.446505420765284,stable,False,,inner_validation,
rolling_origin_2021-11-02,rolling_origin_2021-11-02__inner_1_2021-01-26,Z11_ebm,42117,a40ac2b986e49ebf9655fde3ea9d7d2a12798b9bbf0cf864fc9507b6910d58e7,P-V02-W002::C010::C011,P-V02-W002,P-V02,GEO_SW,2020-10-20,2021-01-26,98,1.426181208,47.731065669642845,53.418727902028294,53.86677727,5.687662232385449,6.135711600357155,stable,False,,inner_validation,
rolling_origin_2021-11-02,rolling_origin_2021-11-02__inner_1_2021-01-26,Z11_ebm,42117,a40ac2b986e49ebf9655fde3ea9d7d2a12798b9bbf0cf864fc9507b6910d58e7,P-V02-W003::C010::C011,P-V02-W003,P-V02,GEO_NW,2020-10-20,2021-01-26,98,1.458422522,5.803311448163263,5.184472246257553,6.637013735,0.6188392019057094,0.8337022868367372,stable,False,,inner_validation,
rolling_origin_2021-11-02,rolling_origin_2021-11-02__inner_1_2021-01-26,Z11_ebm,42117,a40ac2b986e49ebf9655fde3ea9d7d2a12798b9bbf0cf864fc9507b6910d58e7,P-V02-W004::C010::C011,P-V02-W004,P-V02,GEO_NW,2020-10-20,2021-01-26,98,1.465847076,13.326867022423473,11.762992577349799,16.86463698,1.5638744450736741,3.5377699575765273,stable,False,,inner_validation,
rolling_origin_2021-11-02,rolling_origin_2021-11-02__inner_1_2021-01-26,Z11_ebm,42117,a40ac2b986e49ebf9655fde3ea9d7d2a12798b9bbf0cf864fc9507b6910d58e7,P-V02-W005::C010::C011,P-V02-W005,P-V02,GEO_NW,2020-10-20,2021-01-26,98,1.466107813,58.98564324795915,50.32845959211326,53.10401066,8.657183655845891,5.881632587959153,stable,False,,inner_validation,
rolling_origin_2021-11-02,rolling_origin_2021-11-02__inner_1_2021-01-26,Z11_ebm,42117,a40ac2b986e49ebf9655fde3ea9d7d2a12798b9bbf0cf864fc9507b6910d58e7,P-V02-W006::C010::C011,P-V02-W006,P-V02,GEO_NW,2020-10-20,2021-01-26,98,1.448028237,29.799519440050872,26.57153744134801,26.03451934,3.2279819987028624,3.765000100050873,stable,False,,inner_validation,
rolling_origin_2021-11-02,rolling_origin_2021-11-02__inner_1_2021-01-26,Z11_ebm,42117,a40ac2b986e49ebf9655fde3ea9d7d2a12798b9bbf0cf864fc9507b6910d58e7,P-V02-W007::C010::C011,P-V02-W007,P-V02,GEO_NW,2020-10-20,2021-01-26,98,1.420721182,23.78555866385205,22.260685993247098,21.71476573,1.5248726706049531,2.0707929338520508,stable,False,,inner_validation,
rolling_origin_2021-11-02,rolling_origin_2021-11-02__inner_2_2021-05-18,Z11_ebm,42117,a40ac2b986e49ebf9655fde3ea9d7d2a12798b9bbf0cf864fc9507b6910d58e7,P-D01-W001::C010::C012,P-D01-W001,P-D01,GEO_SW,2020-10-20,2021-05-18,210,0.7271776956,57.06447354392859,34.20694478118025,30.58071223,22.857528762748345,26.483761313928593,decelerating,True,,inner_validation,
rolling_origin_2021-11-02,rolling_origin_2021-11-02__inner_2_2021-05-18,Z11_ebm,42117,a40ac2b986e49ebf9655fde3ea9d7d2a12798b9bbf0cf864fc9507b6910d58e7,P-D01-W002::C010::C012,P-D01-W002,P-D01,GEO_SW,2020-10-20,2021-05-18,210,0.7405381885,50.4850365814285,59.88654704272753,56.29806123,9.401510461299026,5.813024648571499,decelerating,True,,inner_validation,
rolling_origin_2021-11-02,rolling_origin_2021-11-02__inner_2_2021-05-18,Z11_ebm,42117,a40ac2b986e49ebf9655fde3ea9d7d2a12798b9bbf0cf864fc9507b6910d58e7,P-D01-W003::C010::C012,P-D01-W003,P-D01,GEO_SW,2020-10-20,2021-05-18,210,0.7479469121,1.4252300239285136,4.284968167611161,5.514072172,2.8597381436826472,4.088842148071486,stable,False,,inner_validation,
rolling_origin_2021-11-02,rolling_origin_2021-11-02__inner_2_2021-05-18,Z11_ebm,42117,a40ac2b986e49ebf9655fde3ea9d7d2a12798b9bbf0cf864fc9507b6910d58e7,P-D01-W004::C010::C012,P-D01-W004,P-D01,GEO_SW,2020-10-20,2021-05-18,210,0.751221368,2.3574549900000257,4.0863758478922705,4.385185873,1.7289208578922448,2.0277308829999745,stable,False,,inner_validation,
rolling_origin_2021-11-02,rolling_origin_2021-11-02__inner_2_2021-05-18,Z11_ebm,42117,a40ac2b986e49ebf9655fde3ea9d7d2a12798b9bbf0cf864fc9507b6910d58e7,P-D01-W005::C010::C012,P-D01-W005,P-D01,GEO_SW,2020-10-20,2021-05-18,210,0.747117944,38.51940622999998,36.038446999652805,30.44669765,2.4809592303471746,8.07270857999998,decelerating,True,,inner_validation,
rolling_origin_2021-11-02,rolling_origin_2021-11-02__inner_2_2021-05-18,Z11_ebm,42117,a40ac2b986e49ebf9655fde3ea9d7d2a12798b9bbf0cf864fc9507b6910d58e7,P-D01-W006::C010::C012,P-D01-W006,P-D01,GEO_SW,2020-10-20,2021-05-18,210,0.7310086359,24.04250628678572,24.384333182324614,21.49590971,0.3418268955388939,2.5465965767857206,stable,False,,inner_validation,
rolling_origin_2021-11-02,rolling_origin_2021-11-02__inner_2_2021-05-18,Z11_ebm,42117,a40ac2b986e49ebf9655fde3ea9d7d2a12798b9bbf0cf864fc9507b6910d58e7,P-D01-W007::C010::C012,P-D01-W007,P-D01,GEO_SW,2020-10-20,2021-05-18,210,0.7042389021,33.78518461285716,31.807797337927106,25.48567181,1.9773872749300523,8.299512802857159,decelerating,True,,inner_validation,
rolling_origin_2021-11-02,rolling_origin_2021-11-02__inner_2_2021-05-18,Z11_ebm,42117,a40ac2b986e49ebf9655fde3ea9d7d2a12798b9bbf0cf864fc9507b6910d58e7,P-H01-W001::C010::C012,P-H01-W001,P-H01,GEO_SW,2020-10-20,2021-05-18,210,1.220123858,31.391351940357136,28.92914463739084,27.01447903,2.462207302966295,4.376872910357136,stable,False,,inner_validation,
rolling_origin_2021-11-02,rolling_origin_2021-11-02__inner_2_2021-05-18,Z11_ebm,42117,a40ac2b986e49ebf9655fde3ea9d7d2a12798b9bbf0cf864fc9507b6910d58e7,P-H01-W002::C010::C012,P-H01-W002,P-H01,GEO_SW,2020-10-20,2021-05-18,210,1.297571675,37.786134782571416,22.934439982206886,17.42116263,14.85169480036453,20.364972152571415,stable,False,,inner_validation,
rolling_origin_2021-11-02,rolling_origin_2021-11-02__inner_2_2021-05-18,Z11_ebm,42117,a40ac2b986e49ebf9655fde3ea9d7d2a12798b9bbf0cf864fc9507b6910d58e7,P-H01-W003::C010::C012,P-H01-W003,P-H01,GEO_SW,2020-10-20,2021-05-18,210,1.355723618,27.881538418214344,30.15930825652282,21.24808461,2.277769838308476,6.633453808214345,decelerating,True,,inner_validation,
rolling_origin_2021-11-02,rolling_origin_2021-11-02__inner_2_2021-05-18,Z11_ebm,42117,a40ac2b986e49ebf9655fde3ea9d7d2a12798b9bbf0cf864fc9507b6910d58e7,P-H01-W004::C010::C012,P-H01-W004,P-H01,GEO_SW,2020-10-20,2021-05-18,210,1.368231099,34.31960675964284,36.31791820440347,34.24340512,1.9983114447606312,0.07620163964283933,stable,False,,inner_validation,
rolling_origin_2021-11-02,rolling_origin_2021-11-02__inner_2_2021-05-18,Z11_ebm,42117,a40ac2b986e49ebf9655fde3ea9d7d2a12798b9bbf0cf864fc9507b6910d58e7,P-H01-W005::C010::C012,P-H01-W005,P-H01,GEO_SW,2020-10-20,2021-05-18,210,1.351152631,57.99118288714281,56.51909420207155,57.61332129,1.4720886850712631,0.377861597142811,stable,False,,inner_validation,
rolling_origin_2021-11-02,rolling_origin_2021-11-02__inner_2_2021-05-18,Z11_ebm,42117,a40ac2b986e49ebf9655fde3ea9d7d2a12798b9bbf0cf864fc9507b6910d58e7,P-H01-W006::C010::C012,P-H01-W006,P-H01,GEO_SW,2020-10-20,2021-05-18,210,1.305228315,36.80496673392853,38.229429655595446,42.4375235,1.4244629216669153,5.632556766071467,volatile_or_gap,True,,inner_validation,
rolling_origin_2021-11-02,rolling_origin_2021-11-02__inner_2_2021-05-18,Z11_ebm,42117,a40ac2b986e49ebf9655fde3ea9d7d2a12798b9bbf0cf864fc9507b6910d58e7,P-H01-W007::C010::C012,P-H01-W007,P-H01,GEO_SW,2020-10-20,2021-05-18,210,1.204424099,40.385110013214295,40.11890241235378,31.76565681,0.2662076008605112,8.619453203214295,stable,False,,inner_validation,
rolling_origin_2021-11-02,rolling_origin_2021-11-02__inner_2_2021-05-18,Z11_ebm,42117,a40ac2b986e49ebf9655fde3ea9d7d2a12798b9bbf0cf864fc9507b6910d58e7,P-H02-W001::C010::C012,P-H02-W001,P-H02,GEO_SW,2020-10-20,2021-05-18,210,0.8345622468,40.26384475214282,50.25424873187702,49.93377984,9.990403979734197,9.669935087857176,volatile_or_gap,True,,inner_validation,
rolling_origin_2021-11-02,rolling_origin_2021-11-02__inner_2_2021-05-18,Z11_ebm,42117,a40ac2b986e49ebf9655fde3ea9d7d2a12798b9bbf0cf864fc9507b6910d58e7,P-H02-W003::C010::C012,P-H02-W003,P-H02,GEO_SW,2020-10-20,2021-05-18,210,0.8819536445,30.749420195357136,25.548693677258587,25.55173295,5.2007265180985485,5.197687245357134,stable,False,,inner_validation,
rolling_origin_2021-11-02,rolling_origin_2021-11-02__inner_2_2021-05-18,Z11_ebm,42117,a40ac2b986e49ebf9655fde3ea9d7d2a12798b9bbf0cf864fc9507b6910d58e7,P-H02-W004::C010::C012,P-H02-W004,P-H02,GEO_SW,2020-10-20,2021-05-18,210,0.8894518921,24.996911493928565,31.580397116856783,28.50852401,6.583485622928219,3.511612516071434,stable,False,,inner_validation,
rolling_origin_2021-11-02,rolling_origin_2021-11-02__inner_2_2021-05-18,Z11_ebm,42117,a40ac2b986e49ebf9655fde3ea9d7d2a12798b9bbf0cf864fc9507b6910d58e7,P-H02-W005::C010::C012,P-H02-W005,P-H02,GEO_SW,2020-10-20,2021-05-18,210,0.8891590038,5.14038078246429,11.233646054473782,9.27981988,6.093265272009492,4.13943909753571,stable,False,,inner_validation,
rolling_origin_2021-11-02,rolling_origin_2021-11-02__inner_2_2021-05-18,Z11_ebm,42117,a40ac2b986e49ebf9655fde3ea9d7d2a12798b9bbf0cf864fc9507b6910d58e7,P-H02-W006::C010::C012,P-H02-W006,P-H02,GEO_SW,2020-10-20,2021-05-18,210,0.8824321754,22.94118344142857,24.186682339995997,25.77986836,1.2454988985674262,2.8386849185714276,stable,False,,inner_validation,
rolling_origin_2021-11-02,rolling_origin_2021-11-02__inner_2_2021-05-18,Z11_ebm,42117,a40ac2b986e49ebf9655fde3ea9d7d2a12798b9bbf0cf864fc9507b6910d58e7,P-H02-W007::C010::C012,P-H02-W007,P-H02,GEO_SW,2020-10-20,2021-05-18,210,0.8580753602,33.66056896571434,36.25787561677274,40.56976024,2.5973066510584033,6.909191274285661,stable,False,,inner_validation,
rolling_origin_2021-11-02,rolling_origin_2021-11-02__inner_2_2021-05-18,Z11_ebm,42117,a40ac2b986e49ebf9655fde3ea9d7d2a12798b9bbf0cf864fc9507b6910d58e7,P-H03-W001::C010::C012,P-H03-W001,P-H03,GEO_SE,2020-10-20,2021-05-18,210,0.7181774923,55.795208400714245,56.64011581033143,59.23889611,0.8449074096171856,3.4436877092857543,stable,False,,inner_validation,
rolling_origin_2021-11-02,rolling_origin_2021-11-02__inner_2_2021-05-18,Z11_ebm,42117,a40ac2b986e49ebf9655fde3ea9d7d2a12798b9bbf0cf864fc9507b6910d58e7,P-H03-W002::C010::C012,P-H03-W002,P-H03,GEO_SE,2020-10-20,2021-05-18,210,0.7408014251,54.21343361821429,47.471022390390466,54.78426535,6.742411227823823,0.5708317317857095,stable,False,,inner_validation,
rolling_origin_2021-11-02,rolling_origin_2021-11-02__inner_2_2021-05-18,Z11_ebm,42117,a40ac2b986e49ebf9655fde3ea9d7d2a12798b9bbf0cf864fc9507b6910d58e7,P-H03-W003::C010::C012,P-H03-W003,P-H03,GEO_SE,2020-10-20,2021-05-18,210,0.7473665209,55.22424194785712,55.37413403978572,53.35324734,0.14989209192860642,1.8709946078571136,stable,False,,inner_validation,
rolling_origin_2021-11-02,rolling_origin_2021-11-02__inner_2_2021-05-18,Z11_ebm,42117,a40ac2b986e49ebf9655fde3ea9d7d2a12798b9bbf0cf864fc9507b6910d58e7,P-H03-W004::C010::C012,P-H03-W004,P-H03,GEO_SE,2020-10-20,2021-05-18,210,0.7525509997,53.79173892678568,58.65200443057259,61.2161659,4.860265503786906,7.424426973214317,decelerating,True,,inner_validation,
rolling_origin_2021-11-02,rolling_origin_2021-11-02__inner_2_2021-05-18,Z11_ebm,42117,a40ac2b986e49ebf9655fde3ea9d7d2a12798b9bbf0cf864fc9507b6910d58e7,P-H03-W005::C010::C012,P-H03-W005,P-H03,GEO_SE,2020-10-20,2021-05-18,210,0.7502988778,58.48725813214291,58.16878737258177,56.32808542,0.31847075956114423,2.1591727121429116,decelerating,True,,inner_validation,
rolling_origin_2021-11-02,rolling_origin_2021-11-02__inner_2_2021-05-18,Z11_ebm,42117,a40ac2b986e49ebf9655fde3ea9d7d2a12798b9bbf0cf864fc9507b6910d58e7,P-H03-W006::C010::C012,P-H03-W006,P-H03,GEO_SE,2020-10-20,2021-05-18,210,0.7466827475,60.84299018571423,64.41273972339059,65.70880678,3.5697495376763584,4.865816594285775,stable,False,,inner_validation,
rolling_origin_2021-11-02,rolling_origin_2021-11-02__inner_2_2021-05-18,Z11_ebm,42117,a40ac2b986e49ebf9655fde3ea9d7d2a12798b9bbf0cf864fc9507b6910d58e7,P-H03-W007::C010::C012,P-H03-W007,P-H03,GEO_SE,2020-10-20,2021-05-18,210,0.7258342918,23.455982444999968,17.597446522116957,19.38810615,5.858535922883011,4.067876294999969,stable,False,,inner_validation,
rolling_origin_2021-11-02,rolling_origin_2021-11-02__inner_2_2021-05-18,Z11_ebm,42117,a40ac2b986e49ebf9655fde3ea9d7d2a12798b9bbf0cf864fc9507b6910d58e7,P-H05-W001::C010::C012,P-H05-W001,P-H05,GEO_NE,2020-10-20,2021-05-18,210,1.388986323,41.7396516392857,39.84661190586357,32.17383691,1.8930397334221283,9.565814729285698,stable,False,,inner_validation,
rolling_origin_2021-11-02,rolling_origin_2021-11-02__inner_2_2021-05-18,Z11_ebm,42117,a40ac2b986e49ebf9655fde3ea9d7d2a12798b9bbf0cf864fc9507b6910d58e7,P-H05-W002::C010::C012,P-H05-W002,P-H05,GEO_NE,2020-10-20,2021-05-18,210,1.461981236,44.30322137857145,49.97627936432369,47.96115479,5.673057985752237,3.6579334114285516,volatile_or_gap,True,,inner_validation,
rolling_origin_2021-11-02,rolling_origin_2021-11-02__inner_2_2021-05-18,Z11_ebm,42117,a40ac2b986e49ebf9655fde3ea9d7d2a12798b9bbf0cf864fc9507b6910d58e7,P-H05-W003::C010::C012,P-H05-W003,P-H05,GEO_NE,2020-10-20,2021-05-18,210,1.501304081,38.91696137500026,36.76977644088274,35.56657923,2.1471849341175258,3.3503821450002604,volatile_or_gap,True,,inner_validation,
rolling_origin_2021-11-02,rolling_origin_2021-11-02__inner_2_2021-05-18,Z11_ebm,42117,a40ac2b986e49ebf9655fde3ea9d7d2a12798b9bbf0cf864fc9507b6910d58e7,P-H05-W004::C010::C012,P-H05-W004,P-H05,GEO_NE,2020-10-20,2021-05-18,210,1.519696206,26.56339065000008,20.000995988299977,17.06784861,6.562394661700104,9.495542040000082,stable,False,,inner_validation,
rolling_origin_2021-11-02,rolling_origin_2021-11-02__inner_2_2021-05-18,Z11_ebm,42117,a40ac2b986e49ebf9655fde3ea9d7d2a12798b9bbf0cf864fc9507b6910d58e7,P-H05-W005::C010::C012,P-H05-W005,P-H05,GEO_NE,2020-10-20,2021-05-18,210,1.503611347,18.728244189285743,21.433114308084985,14.95010303,2.704870118799242,3.7781411592857435,volatile_or_gap,True,,inner_validation,
rolling_origin_2021-11-02,rolling_origin_2021-11-02__inner_2_2021-05-18,Z11_ebm,42117,a40ac2b986e49ebf9655fde3ea9d7d2a12798b9bbf0cf864fc9507b6910d58e7,P-H05-W006::C010::C012,P-H05-W006,P-H05,GEO_NE,2020-10-20,2021-05-18,210,1.459209921,17.426253167857258,13.226651471137485,16.87090554,4.199601696719773,0.5553476278572589,stable,False,,inner_validation,
rolling_origin_2021-11-02,rolling_origin_2021-11-02__inner_2_2021-05-18,Z11_ebm,42117,a40ac2b986e49ebf9655fde3ea9d7d2a12798b9bbf0cf864fc9507b6910d58e7,P-H05-W007::C010::C012,P-H05-W007,P-H05,GEO_NE,2020-10-20,2021-05-18,210,1.389916246,28.886153325357025,32.30127842836557,31.65593708,3.4151251030085454,2.769783754642976,stable,False,,inner_validation,
rolling_origin_2021-11-02,rolling_origin_2021-11-02__inner_2_2021-05-18,Z11_ebm,42117,a40ac2b986e49ebf9655fde3ea9d7d2a12798b9bbf0cf864fc9507b6910d58e7,P-H06-W001::C010::C012,P-H06-W001,P-H06,GEO_NE,2020-10-20,2021-05-18,210,0.8043622482,3.415639027500049,3.0736955964595585,-0.1722342146,0.3419434310404905,3.587873242100049,stable,False,,inner_validation,
rolling_origin_2021-11-02,rolling_origin_2021-11-02__inner_2_2021-05-18,Z11_ebm,42117,a40ac2b986e49ebf9655fde3ea9d7d2a12798b9bbf0cf864fc9507b6910d58e7,P-H06-W002::C010::C012,P-H06-W002,P-H06,GEO_NE,2020-10-20,2021-05-18,210,0.8478910187,2.699077489285702,2.7250146778402637,-0.6408770374,0.02593718855456162,3.3399545266857023,stable,False,,inner_validation,
rolling_origin_2021-11-02,rolling_origin_2021-11-02__inner_2_2021-05-18,Z11_ebm,42117,a40ac2b986e49ebf9655fde3ea9d7d2a12798b9bbf0cf864fc9507b6910d58e7,P-H06-W003::C010::C012,P-H06-W003,P-H06,GEO_NE,2020-10-20,2021-05-18,210,0.8698006531,4.328006742499984,0.6618708565338702,-2.328075949,3.6661358859661144,6.656082691499984,stable,False,,inner_validation,
rolling_origin_2021-11-02,rolling_origin_2021-11-02__inner_2_2021-05-18,Z11_ebm,42117,a40ac2b986e49ebf9655fde3ea9d7d2a12798b9bbf0cf864fc9507b6910d58e7,P-H06-W004::C010::C012,P-H06-W004,P-H06,GEO_NE,2020-10-20,2021-05-18,210,0.8755512456,6.941094641785736,-0.14622377371250986,-3.257124665,7.087318415498246,10.198219306785736,stable,False,,inner_validation,
rolling_origin_2021-11-02,rolling_origin_2021-11-02__inner_2_2021-05-18,Z11_ebm,42117,a40ac2b986e49ebf9655fde3ea9d7d2a12798b9bbf0cf864fc9507b6910d58e7,P-H06-W005::C010::C012,P-H06-W005,P-H06,GEO_NE,2020-10-20,2021-05-18,210,0.8680268065,6.53862949321431,-0.3747728248237599,-1.201112913,6.913402318038069,7.73974240621431,stable,False,,inner_validation,
rolling_origin_2021-11-02,rolling_origin_2021-11-02__inner_2_2021-05-18,Z11_ebm,42117,a40ac2b986e49ebf9655fde3ea9d7d2a12798b9bbf0cf864fc9507b6910d58e7,P-H06-W006::C010::C012,P-H06-W006,P-H06,GEO_NE,2020-10-20,2021-05-18,210,0.8265249011,5.409631481428598,1.2866748346027335,0.006024164902,4.122956646825865,5.403607316526599,stable,False,,inner_validation,
rolling_origin_2021-11-02,rolling_origin_2021-11-02__inner_2_2021-05-18,Z11_ebm,42117,a40ac2b986e49ebf9655fde3ea9d7d2a12798b9bbf0cf864fc9507b6910d58e7,P-V01-W001::C010::C012,P-V01-W001,P-V01,GEO_SW,2020-10-20,2021-05-18,210,0.8902533744,30.591779512857155,34.46114896149102,32.69078983,3.869369448633865,2.099010317142845,stable,False,,inner_validation,
rolling_origin_2021-11-02,rolling_origin_2021-11-02__inner_2_2021-05-18,Z11_ebm,42117,a40ac2b986e49ebf9655fde3ea9d7d2a12798b9bbf0cf864fc9507b6910d58e7,P-V01-W002::C010::C012,P-V01-W002,P-V01,GEO_SW,2020-10-20,2021-05-18,210,0.9182974565,29.85693286392854,34.37208199126943,35.95265703,4.515149127340891,6.095724166071456,stable,False,,inner_validation,
rolling_origin_2021-11-02,rolling_origin_2021-11-02__inner_2_2021-05-18,Z11_ebm,42117,a40ac2b986e49ebf9655fde3ea9d7d2a12798b9bbf0cf864fc9507b6910d58e7,P-V01-W003::C010::C012,P-V01-W003,P-V01,GEO_SW,2020-10-20,2021-05-18,210,0.9316817463,23.589476797857117,28.813512367821886,29.32142036,5.224035569964769,5.7319435621428845,stable,False,,inner_validation,
rolling_origin_2021-11-02,rolling_origin_2021-11-02__inner_2_2021-05-18,Z11_ebm,42117,a40ac2b986e49ebf9655fde3ea9d7d2a12798b9bbf0cf864fc9507b6910d58e7,P-V01-W004::C010::C012,P-V01-W004,P-V01,GEO_SW,2020-10-20,2021-05-18,210,0.9322797585,30.318051074999985,34.47174765061148,31.69546755,4.153696575611498,1.3774164750000146,stable,False,,inner_validation,
rolling_origin_2021-11-02,rolling_origin_2021-11-02__inner_2_2021-05-18,Z11_ebm,42117,a40ac2b986e49ebf9655fde3ea9d7d2a12798b9bbf0cf864fc9507b6910d58e7,P-V01-W005::C010::C012,P-V01-W005,P-V01,GEO_SW,2020-10-20,2021-05-18,210,0.9197259181,38.00750696357152,46.54755156518428,51.23223904,8.540044601612756,13.22473207642848,volatile_or_gap,True,,inner_validation,
rolling_origin_2021-11-02,rolling_origin_2021-11-02__inner_2_2021-05-18,Z11_ebm,42117,a40ac2b986e49ebf9655fde3ea9d7d2a12798b9bbf0cf864fc9507b6910d58e7,P-V01-W006::C010::C012,P-V01-W006,P-V01,GEO_SW,2020-10-20,2021-05-18,210,0.894847571,35.516225591071525,36.0645677179871,40.17944439,0.5483421269155784,4.663218798928476,accelerating,True,,inner_validation,
rolling_origin_2021-11-02,rolling_origin_2021-11-02__inner_2_2021-05-18,Z11_ebm,42117,a40ac2b986e49ebf9655fde3ea9d7d2a12798b9bbf0cf864fc9507b6910d58e7,P-V03-W001::C010::C012,P-V03-W001,P-V03,GEO_SW,2020-10-20,2021-05-18,210,0.7131350452,29.374234291428543,34.04701502373473,29.9770489,4.672780732306187,0.6028146085714567,stable,False,,inner_validation,
rolling_origin_2021-11-02,rolling_origin_2021-11-02__inner_2_2021-05-18,Z11_ebm,42117,a40ac2b986e49ebf9655fde3ea9d7d2a12798b9bbf0cf864fc9507b6910d58e7,P-V03-W002::C010::C012,P-V03-W002,P-V03,GEO_SW,2020-10-20,2021-05-18,210,0.7241267731,36.41134550535708,38.313887371616914,31.07697638,1.9025418662598312,5.334369125357082,stable,False,,inner_validation,
rolling_origin_2021-11-02,rolling_origin_2021-11-02__inner_2_2021-05-18,Z11_ebm,42117,a40ac2b986e49ebf9655fde3ea9d7d2a12798b9bbf0cf864fc9507b6910d58e7,P-V03-W003::C010::C012,P-V03-W003,P-V03,GEO_SW,2020-10-20,2021-05-18,210,0.730503082,36.13762976428573,36.17199494976112,32.01910782,0.034365185475394355,4.118521944285725,stable,False,,inner_validation,
rolling_origin_2021-11-02,rolling_origin_2021-11-02__inner_2_2021-05-18,Z11_ebm,42117,a40ac2b986e49ebf9655fde3ea9d7d2a12798b9bbf0cf864fc9507b6910d58e7,P-V03-W004::C010::C012,P-V03-W004,P-V03,GEO_SW,2020-10-20,2021-05-18,210,0.7327804381,21.14081436071416,21.24651318276827,18.69244526,0.10569882205410863,2.44836910071416,stable,False,,inner_validation,
rolling_origin_2021-11-02,rolling_origin_2021-11-02__inner_2_2021-05-18,Z11_ebm,42117,a40ac2b986e49ebf9655fde3ea9d7d2a12798b9bbf0cf864fc9507b6910d58e7,P-V03-W005::C010::C012,P-V03-W005,P-V03,GEO_NW,2020-10-20,2021-05-18,210,0.728626786,33.529793290357134,35.77327848812516,30.38947195,2.243485197768024,3.140321340357133,stable,False,,inner_validation,
rolling_origin_2021-11-02,rolling_origin_2021-11-02__inner_2_2021-05-18,Z11_ebm,42117,a40ac2b986e49ebf9655fde3ea9d7d2a12798b9bbf0cf864fc9507b6910d58e7,P-V03-W006::C010::C012,P-V03-W006,P-V03,GEO_NW,2020-10-20,2021-05-18,210,0.7223989052,36.60124472000002,36.362256619907036,30.30291351,0.23898810009298188,6.298331210000018,stable,False,,inner_validation,
rolling_origin_2021-11-02,rolling_origin_2021-11-02__inner_2_2021-05-18,Z11_ebm,42117,a40ac2b986e49ebf9655fde3ea9d7d2a12798b9bbf0cf864fc9507b6910d58e7,P-V03-W007::C010::C012,P-V03-W007,P-V03,GEO_NW,2020-10-20,2021-05-18,210,0.7137056179,2.9907492682142536,1.80851456953667,-0.4653545922,1.1822346986775836,3.4561038604142533,stable,False,,inner_validation,
rolling_origin_2021-11-02,rolling_origin_2021-11-02__inner_2_2021-05-18,Z11_ebm,42117,a40ac2b986e49ebf9655fde3ea9d7d2a12798b9bbf0cf864fc9507b6910d58e7,P-V04-W001::C010::C012,P-V04-W001,P-V04,GEO_NE,2020-10-20,2021-05-18,210,0.6725419618,5.170736936071429,0.6216640813163772,1.796392185,4.549072854755051,3.374344751071429,stable,False,,inner_validation,
rolling_origin_2021-11-02,rolling_origin_2021-11-02__inner_2_2021-05-18,Z11_ebm,42117,a40ac2b986e49ebf9655fde3ea9d7d2a12798b9bbf0cf864fc9507b6910d58e7,P-V04-W002::C010::C012,P-V04-W002,P-V04,GEO_NE,2020-10-20,2021-05-18,210,0.685153664,5.166014775357152,0.05000015719462093,0.08753442172,5.116014618162532,5.078480353637152,stable,False,,inner_validation,
rolling_origin_2021-11-02,rolling_origin_2021-11-02__inner_2_2021-05-18,Z11_ebm,42117,a40ac2b986e49ebf9655fde3ea9d7d2a12798b9bbf0cf864fc9507b6910d58e7,P-V04-W003::C010::C012,P-V04-W003,P-V04,GEO_NE,2020-10-20,2021-05-18,210,0.6966084119,5.198326529642842,-1.6517083231240692,-0.2548734577,6.850034852766911,5.453199987342842,stable,False,,inner_validation,
rolling_origin_2021-11-02,rolling_origin_2021-11-02__inner_2_2021-05-18,Z11_ebm,42117,a40ac2b986e49ebf9655fde3ea9d7d2a12798b9bbf0cf864fc9507b6910d58e7,P-V04-W004::C010::C012,P-V04-W004,P-V04,GEO_NE,2020-10-20,2021-05-18,210,0.7026744882,5.640547575357141,-0.4923665726212772,1.923705331,6.132914147978418,3.7168422443571414,stable,False,,inner_validation,
rolling_origin_2021-11-02,rolling_origin_2021-11-02__inner_2_2021-05-18,Z11_ebm,42117,a40ac2b986e49ebf9655fde3ea9d7d2a12798b9bbf0cf864fc9507b6910d58e7,P-V04-W006::C010::C012,P-V04-W006,P-V04,GEO_NE,2020-10-20,2021-05-18,210,0.6992049839,3.3230617189286047,-0.20211731822321313,0.7198761833,3.5251790371518177,2.6031855356286044,stable,False,,inner_validation,
rolling_origin_2021-11-02,rolling_origin_2021-11-02__inner_2_2021-05-18,Z11_ebm,42117,a40ac2b986e49ebf9655fde3ea9d7d2a12798b9bbf0cf864fc9507b6910d58e7,P-V04-W007::C010::C012,P-V04-W007,P-V04,GEO_NE,2020-10-20,2021-05-18,210,0.6898782289,39.16114995821433,30.692888314577647,32.42749102,8.468261643636684,6.733658938214333,stable,False,,inner_validation,
rolling_origin_2021-11-02,rolling_origin_2021-11-02__inner_2_2021-05-18,Z11_ebm,42117,a40ac2b986e49ebf9655fde3ea9d7d2a12798b9bbf0cf864fc9507b6910d58e7,P-V05-W002::C010::C012,P-V05-W002,P-V05,GEO_NE,2020-10-20,2021-05-18,210,0.6951469962,32.42684803928573,37.92357788201649,38.77572007,5.496729842730758,6.3488720307142685,volatile_or_gap,True,,inner_validation,
rolling_origin_2021-11-02,rolling_origin_2021-11-02__inner_2_2021-05-18,Z11_ebm,42117,a40ac2b986e49ebf9655fde3ea9d7d2a12798b9bbf0cf864fc9507b6910d58e7,P-V05-W003::C010::C012,P-V05-W003,P-V05,GEO_NE,2020-10-20,2021-05-18,210,0.7000537455,27.76560058928592,30.38086178227457,32.71168239,2.615261192988651,4.946081800714079,stable,False,,inner_validation,
rolling_origin_2021-11-02,rolling_origin_2021-11-02__inner_2_2021-05-18,Z11_ebm,42117,a40ac2b986e49ebf9655fde3ea9d7d2a12798b9bbf0cf864fc9507b6910d58e7,P-V05-W004::C010::C012,P-V05-W004,P-V05,GEO_NE,2020-10-20,2021-05-18,210,0.7038430812,32.02398076785716,33.724210739753744,38.8855239,1.700229971896583,6.861543132142842,stable,False,,inner_validation,
rolling_origin_2021-11-02,rolling_origin_2021-11-02__inner_2_2021-05-18,Z11_ebm,42117,a40ac2b986e49ebf9655fde3ea9d7d2a12798b9bbf0cf864fc9507b6910d58e7,P-V05-W005::C010::C012,P-V05-W005,P-V05,GEO_NE,2020-10-20,2021-05-18,210,0.7023605321,34.485104839285576,35.308075380881334,34.3435138,0.8229705415957582,0.14159103928557926,stable,False,,inner_validation,
rolling_origin_2021-11-02,rolling_origin_2021-11-02__inner_2_2021-05-18,Z11_ebm,42117,a40ac2b986e49ebf9655fde3ea9d7d2a12798b9bbf0cf864fc9507b6910d58e7,P-V05-W006::C010::C012,P-V05-W006,P-V05,GEO_NE,2020-10-20,2021-05-18,210,0.6981116392,18.978271728571567,21.82610659896669,24.40127354,2.847834870395122,5.423001811428431,stable,False,,inner_validation,
rolling_origin_2021-11-02,rolling_origin_2021-11-02__inner_2_2021-05-18,Z11_ebm,42117,a40ac2b986e49ebf9655fde3ea9d7d2a12798b9bbf0cf864fc9507b6910d58e7,P-V05-W007::C010::C012,P-V05-W007,P-V05,GEO_NE,2020-10-20,2021-05-18,210,0.6871235371,34.889393107142894,36.37487267869119,37.37607921,1.4854795715482965,2.4866861028571066,stable,False,,inner_validation,
rolling_origin_2021-11-02,rolling_origin_2021-11-02__inner_2_2021-05-18,Z11_ebm,42117,a40ac2b986e49ebf9655fde3ea9d7d2a12798b9bbf0cf864fc9507b6910d58e7,P-V06-W001::C010::C012,P-V06-W001,P-V06,GEO_NE,2020-10-20,2021-05-18,210,1.159854388,1.3662708730582145,-1.2372931305286363,0.7282597757,2.603564003586851,0.6380110973582145,stable,False,,inner_validation,
rolling_origin_2021-11-02,rolling_origin_2021-11-02__inner_2_2021-05-18,Z11_ebm,42117,a40ac2b986e49ebf9655fde3ea9d7d2a12798b9bbf0cf864fc9507b6910d58e7,P-V06-W002::C010::C012,P-V06-W002,P-V06,GEO_NE,2020-10-20,2021-05-18,210,1.193945024,21.444878028571416,21.141831070786516,21.67616863,0.30304695778490043,0.23129060142858293,stable,False,,inner_validation,
rolling_origin_2021-11-02,rolling_origin_2021-11-02__inner_2_2021-05-18,Z11_ebm,42117,a40ac2b986e49ebf9655fde3ea9d7d2a12798b9bbf0cf864fc9507b6910d58e7,P-V06-W003::C010::C012,P-V06-W003,P-V06,GEO_NE,2020-10-20,2021-05-18,210,1.202846759,32.89653658071428,36.23557866665925,33.91817882,3.3390420859449677,1.0216422392857183,volatile_or_gap,True,,inner_validation,
rolling_origin_2021-11-02,rolling_origin_2021-11-02__inner_2_2021-05-18,Z11_ebm,42117,a40ac2b986e49ebf9655fde3ea9d7d2a12798b9bbf0cf864fc9507b6910d58e7,P-V06-W004::C010::C012,P-V06-W004,P-V06,GEO_NE,2020-10-20,2021-05-18,210,1.205524611,28.43290451250002,24.958184445092122,27.47429444,3.4747200674078975,0.9586100725000186,stable,False,,inner_validation,
rolling_origin_2021-11-02,rolling_origin_2021-11-02__inner_2_2021-05-18,Z11_ebm,42117,a40ac2b986e49ebf9655fde3ea9d7d2a12798b9bbf0cf864fc9507b6910d58e7,P-V06-W006::C010::C012,P-V06-W006,P-V06,GEO_NE,2020-10-20,2021-05-18,210,1.162391861,23.25419103821426,21.632494485853556,24.38111862,1.621696552360703,1.1269275817857398,stable,False,,inner_validation,
rolling_origin_2021-11-02,rolling_origin_2021-11-02__inner_2_2021-05-18,Z11_ebm,42117,a40ac2b986e49ebf9655fde3ea9d7d2a12798b9bbf0cf864fc9507b6910d58e7,P-V06-W007::C010::C012,P-V06-W007,P-V06,GEO_NE,2020-10-20,2021-05-18,210,1.134716812,23.71725324892857,19.88981842817045,24.76967278,3.8274348207581212,1.052419531071429,stable,False,,inner_validation,
rolling_origin_2021-11-02,rolling_origin_2021-11-02__inner_2_2021-05-18,Z11_ebm,42117,a40ac2b986e49ebf9655fde3ea9d7d2a12798b9bbf0cf864fc9507b6910d58e7,P-H04-W001::C011::C012,P-H04-W001,P-H04,GEO_SW,2021-01-26,2021-05-18,112,0.7032303835,25.049126438169612,23.085626346009366,25.71872422,1.9635000921602455,0.6695977818303867,decelerating,True,,inner_validation,
rolling_origin_2021-11-02,rolling_origin_2021-11-02__inner_2_2021-05-18,Z11_ebm,42117,a40ac2b986e49ebf9655fde3ea9d7d2a12798b9bbf0cf864fc9507b6910d58e7,P-H04-W002::C011::C012,P-H04-W002,P-H04,GEO_SW,2021-01-26,2021-05-18,112,0.7266512154,25.269675149999934,32.06118161619322,31.56830414,6.791506466193283,6.298628990000065,decelerating,True,,inner_validation,
rolling_origin_2021-11-02,rolling_origin_2021-11-02__inner_2_2021-05-18,Z11_ebm,42117,a40ac2b986e49ebf9655fde3ea9d7d2a12798b9bbf0cf864fc9507b6910d58e7,P-H04-W003::C011::C012,P-H04-W003,P-H04,GEO_SW,2021-01-26,2021-05-18,112,0.7532639496,22.80323451696417,27.6671287518806,31.30349645,4.86389423491643,8.50026193303583,stable,False,,inner_validation,
rolling_origin_2021-11-02,rolling_origin_2021-11-02__inner_2_2021-05-18,Z11_ebm,42117,a40ac2b986e49ebf9655fde3ea9d7d2a12798b9bbf0cf864fc9507b6910d58e7,P-H04-W004::C011::C012,P-H04-W004,P-H04,GEO_SW,2021-01-26,2021-05-18,112,0.7648597841,12.95864180959814,18.551600236182882,21.21381402,5.592958426584742,8.255172210401861,decelerating,True,,inner_validation,
rolling_origin_2021-11-02,rolling_origin_2021-11-02__inner_2_2021-05-18,Z11_ebm,42117,a40ac2b986e49ebf9655fde3ea9d7d2a12798b9bbf0cf864fc9507b6910d58e7,P-H04-W005::C011::C012,P-H04-W005,P-H04,GEO_SW,2021-01-26,2021-05-18,112,0.7649331183,25.687331024330284,27.322923026734667,25.65818153,1.6355920024043833,0.029149494330283687,decelerating,True,,inner_validation,
rolling_origin_2021-11-02,rolling_origin_2021-11-02__inner_2_2021-05-18,Z11_ebm,42117,a40ac2b986e49ebf9655fde3ea9d7d2a12798b9bbf0cf864fc9507b6910d58e7,P-H04-W006::C011::C012,P-H04-W006,P-H04,GEO_SW,2021-01-26,2021-05-18,112,0.7546450796,22.225553160267864,22.239561961625885,16.30970004,0.014008801358020406,5.915853120267865,decelerating,True,,inner_validation,
rolling_origin_2021-11-02,rolling_origin_2021-11-02__inner_2_2021-05-18,Z11_ebm,42117,a40ac2b986e49ebf9655fde3ea9d7d2a12798b9bbf0cf864fc9507b6910d58e7,P-H04-W007::C011::C012,P-H04-W007,P-H04,GEO_SW,2021-01-26,2021-05-18,112,0.7331933049,32.405124795535684,31.575000859589046,35.11875041,0.8301239359466379,2.7136256144643127,decelerating,True,,inner_validation,
rolling_origin_2021-11-02,rolling_origin_2021-11-02__inner_2_2021-05-18,Z11_ebm,42117,a40ac2b986e49ebf9655fde3ea9d7d2a12798b9bbf0cf864fc9507b6910d58e7,P-V02-W001::C011::C012,P-V02-W001,P-V02,GEO_SW,2021-01-26,2021-05-18,112,0.7841268948,42.12227199441977,39.129066653586435,37.89148555,2.9932053408333346,4.2307864444197705,decelerating,True,,inner_validation,
rolling_origin_2021-11-02,rolling_origin_2021-11-02__inner_2_2021-05-18,Z11_ebm,42117,a40ac2b986e49ebf9655fde3ea9d7d2a12798b9bbf0cf864fc9507b6910d58e7,P-V02-W003::C011::C012,P-V02-W003,P-V02,GEO_NW,2021-01-26,2021-05-18,112,0.8110739283,6.076332068169645,1.160431651872129,5.803311446,4.915900416297516,0.2730206221696445,stable,False,,inner_validation,
rolling_origin_2021-11-02,rolling_origin_2021-11-02__inner_2_2021-05-18,Z11_ebm,42117,a40ac2b986e49ebf9655fde3ea9d7d2a12798b9bbf0cf864fc9507b6910d58e7,P-V02-W004::C011::C012,P-V02-W004,P-V02,GEO_NW,2021-01-26,2021-05-18,112,0.812174074,14.31329744584823,11.696644748026694,13.32686703,2.616652697821536,0.9864304158482291,stable,False,,inner_validation,
rolling_origin_2021-11-02,rolling_origin_2021-11-02__inner_2_2021-05-18,Z11_ebm,42117,a40ac2b986e49ebf9655fde3ea9d7d2a12798b9bbf0cf864fc9507b6910d58e7,P-V02-W005::C011::C012,P-V02-W005,P-V02,GEO_NW,2021-01-26,2021-05-18,112,0.8094729006,49.84536714709824,45.46025300615129,58.98564332,4.385114140946946,9.140276172901764,stable,False,,inner_validation,
rolling_origin_2021-11-02,rolling_origin_2021-11-02__inner_2_2021-05-18,Z11_ebm,42117,a40ac2b986e49ebf9655fde3ea9d7d2a12798b9bbf0cf864fc9507b6910d58e7,P-V02-W006::C011::C012,P-V02-W006,P-V02,GEO_NW,2021-01-26,2021-05-18,112,0.7944536981,22.123165432366097,23.019080999359428,29.79951922,0.895915566993331,7.676353787633904,stable,False,,inner_validation,
rolling_origin_2021-11-02,rolling_origin_2021-11-02__inner_2_2021-05-18,Z11_ebm,42117,a40ac2b986e49ebf9655fde3ea9d7d2a12798b9bbf0cf864fc9507b6910d58e7,P-V02-W007::C011::C012,P-V02-W007,P-V02,GEO_NW,2021-01-26,2021-05-18,112,0.7759056407,18.28609378031249,17.654778804083072,23.78555868,0.6313149762294188,5.49946489968751,stable,False,,inner_validation,
rolling_origin_2021-11-02,rolling_origin_2021-11-02__inner_3_2021-07-13,Z11_ebm,42117,a40ac2b986e49ebf9655fde3ea9d7d2a12798b9bbf0cf864fc9507b6910d58e7,P-H04-W001::C012::C013,P-H04-W001,P-H04,GEO_SW,2021-05-18,2021-07-13,56,0.9433875977,31.23694441607144,24.655723242571074,25.0491263,6.581221173500367,6.1878181160714405,volatile_or_gap,True,,inner_validation,
rolling_origin_2021-11-02,rolling_origin_2021-11-02__inner_3_2021-07-13,Z11_ebm,42117,a40ac2b986e49ebf9655fde3ea9d7d2a12798b9bbf0cf864fc9507b6910d58e7,P-H04-W002::C012::C013,P-H04-W002,P-H04,GEO_SW,2021-05-18,2021-07-13,56,0.9673442344,31.20459109285705,32.422408016839036,25.26967513,1.2178169239819852,5.934915962857051,volatile_or_gap,True,,inner_validation,
rolling_origin_2021-11-02,rolling_origin_2021-11-02__inner_3_2021-07-13,Z11_ebm,42117,a40ac2b986e49ebf9655fde3ea9d7d2a12798b9bbf0cf864fc9507b6910d58e7,P-H04-W003::C012::C013,P-H04-W003,P-H04,GEO_SW,2021-05-18,2021-07-13,56,0.9919039818,30.958499339732445,31.291510506284627,22.80323439,0.33301116655218266,8.155264949732445,decelerating,True,,inner_validation,
rolling_origin_2021-11-02,rolling_origin_2021-11-02__inner_3_2021-07-13,Z11_ebm,42117,a40ac2b986e49ebf9655fde3ea9d7d2a12798b9bbf0cf864fc9507b6910d58e7,P-H04-W004::C012::C013,P-H04-W004,P-H04,GEO_SW,2021-05-18,2021-07-13,56,0.9974875181,20.153082265178657,20.9118857079705,12.95864169,0.7588034427918444,7.194440575178657,decelerating,True,,inner_validation,
rolling_origin_2021-11-02,rolling_origin_2021-11-02__inner_3_2021-07-13,Z11_ebm,42117,a40ac2b986e49ebf9655fde3ea9d7d2a12798b9bbf0cf864fc9507b6910d58e7,P-H04-W005::C012::C013,P-H04-W005,P-H04,GEO_SW,2021-05-18,2021-07-13,56,0.9920489265,35.14746158169659,28.283801944672618,25.68733115,6.8636596370239715,9.46013043169659,stable,False,,inner_validation,
rolling_origin_2021-11-02,rolling_origin_2021-11-02__inner_3_2021-07-13,Z11_ebm,42117,a40ac2b986e49ebf9655fde3ea9d7d2a12798b9bbf0cf864fc9507b6910d58e7,P-H04-W006::C012::C013,P-H04-W006,P-H04,GEO_SW,2021-05-18,2021-07-13,56,0.9695172509,30.257692208035785,22.038307219082622,22.22555291,8.219384988953163,8.032139298035784,volatile_or_gap,True,,inner_validation,
rolling_origin_2021-11-02,rolling_origin_2021-11-02__inner_3_2021-07-13,Z11_ebm,42117,a40ac2b986e49ebf9655fde3ea9d7d2a12798b9bbf0cf864fc9507b6910d58e7,P-H04-W007::C012::C013,P-H04-W007,P-H04,GEO_SW,2021-05-18,2021-07-13,56,0.9324296229,36.882639755357225,34.83997268724795,32.40512459,2.0426670681092745,4.477515165357225,stable,False,,inner_validation,
rolling_origin_2021-11-02,rolling_origin_2021-11-02__inner_3_2021-07-13,Z11_ebm,42117,a40ac2b986e49ebf9655fde3ea9d7d2a12798b9bbf0cf864fc9507b6910d58e7,P-V06-W001::C012::C013,P-V06-W001,P-V06,GEO_NE,2021-05-18,2021-07-13,56,0.7234484622,-6.831907383358929,-3.344079423457889,1.366270873,3.4878279599010398,8.19817825635893,stable,False,,inner_validation,
rolling_origin_2021-11-02,rolling_origin_2021-11-02__inner_3_2021-07-13,Z11_ebm,42117,a40ac2b986e49ebf9655fde3ea9d7d2a12798b9bbf0cf864fc9507b6910d58e7,P-V06-W002::C012::C013,P-V06-W002,P-V06,GEO_NE,2021-05-18,2021-07-13,56,0.7470293282,20.853931139732016,15.697263188444206,21.4448781,5.15666795128781,0.5909469602679849,stable,False,,inner_validation,
rolling_origin_2021-11-02,rolling_origin_2021-11-02__inner_3_2021-07-13,Z11_ebm,42117,a40ac2b986e49ebf9655fde3ea9d7d2a12798b9bbf0cf864fc9507b6910d58e7,P-V06-W004::C012::C013,P-V06-W004,P-V06,GEO_NE,2021-05-18,2021-07-13,56,0.758856874,19.327681836160597,20.168828577757193,28.43290454,0.8411467415965959,9.105222703839402,stable,False,,inner_validation,
rolling_origin_2021-11-02,rolling_origin_2021-11-02__inner_3_2021-07-13,Z11_ebm,42117,a40ac2b986e49ebf9655fde3ea9d7d2a12798b9bbf0cf864fc9507b6910d58e7,P-V06-W006::C012::C013,P-V06-W006,P-V06,GEO_NE,2021-05-18,2021-07-13,56,0.7377623149,15.221365885714269,15.720712503395513,23.25419105,0.499346617681244,8.03282516428573,stable,False,,inner_validation,
rolling_origin_2021-11-02,rolling_origin_2021-11-02__inner_3_2021-07-13,Z11_ebm,42117,a40ac2b986e49ebf9655fde3ea9d7d2a12798b9bbf0cf864fc9507b6910d58e7,P-V06-W007::C012::C013,P-V06-W007,P-V06,GEO_NE,2021-05-18,2021-07-13,56,0.7229330526,15.919802805803611,15.201702257066495,23.71725334,0.7181005487371159,7.797450534196388,stable,False,,inner_validation,
rolling_origin_2022-03-01,rolling_origin_2022-03-01__inner_1_2021-05-18,Z11_ebm,42117,a40ac2b986e49ebf9655fde3ea9d7d2a12798b9bbf0cf864fc9507b6910d58e7,P-D01-W001::C010::C012,P-D01-W001,P-D01,GEO_SW,2020-10-20,2021-05-18,210,0.7271776956,57.06447354392859,34.20694478118025,30.58071223,22.857528762748345,26.483761313928593,decelerating,True,,inner_validation,
rolling_origin_2022-03-01,rolling_origin_2022-03-01__inner_1_2021-05-18,Z11_ebm,42117,a40ac2b986e49ebf9655fde3ea9d7d2a12798b9bbf0cf864fc9507b6910d58e7,P-D01-W002::C010::C012,P-D01-W002,P-D01,GEO_SW,2020-10-20,2021-05-18,210,0.7405381885,50.4850365814285,59.88654704272753,56.29806123,9.401510461299026,5.813024648571499,decelerating,True,,inner_validation,
rolling_origin_2022-03-01,rolling_origin_2022-03-01__inner_1_2021-05-18,Z11_ebm,42117,a40ac2b986e49ebf9655fde3ea9d7d2a12798b9bbf0cf864fc9507b6910d58e7,P-D01-W003::C010::C012,P-D01-W003,P-D01,GEO_SW,2020-10-20,2021-05-18,210,0.7479469121,1.4252300239285136,4.284968167611161,5.514072172,2.8597381436826472,4.088842148071486,stable,False,,inner_validation,
rolling_origin_2022-03-01,rolling_origin_2022-03-01__inner_1_2021-05-18,Z11_ebm,42117,a40ac2b986e49ebf9655fde3ea9d7d2a12798b9bbf0cf864fc9507b6910d58e7,P-D01-W004::C010::C012,P-D01-W004,P-D01,GEO_SW,2020-10-20,2021-05-18,210,0.751221368,2.3574549900000257,4.0863758478922705,4.385185873,1.7289208578922448,2.0277308829999745,stable,False,,inner_validation,
rolling_origin_2022-03-01,rolling_origin_2022-03-01__inner_1_2021-05-18,Z11_ebm,42117,a40ac2b986e49ebf9655fde3ea9d7d2a12798b9bbf0cf864fc9507b6910d58e7,P-D01-W005::C010::C012,P-D01-W005,P-D01,GEO_SW,2020-10-20,2021-05-18,210,0.747117944,38.51940622999998,36.038446999652805,30.44669765,2.4809592303471746,8.07270857999998,decelerating,True,,inner_validation,
rolling_origin_2022-03-01,rolling_origin_2022-03-01__inner_1_2021-05-18,Z11_ebm,42117,a40ac2b986e49ebf9655fde3ea9d7d2a12798b9bbf0cf864fc9507b6910d58e7,P-D01-W006::C010::C012,P-D01-W006,P-D01,GEO_SW,2020-10-20,2021-05-18,210,0.7310086359,24.04250628678572,24.384333182324614,21.49590971,0.3418268955388939,2.5465965767857206,stable,False,,inner_validation,
rolling_origin_2022-03-01,rolling_origin_2022-03-01__inner_1_2021-05-18,Z11_ebm,42117,a40ac2b986e49ebf9655fde3ea9d7d2a12798b9bbf0cf864fc9507b6910d58e7,P-D01-W007::C010::C012,P-D01-W007,P-D01,GEO_SW,2020-10-20,2021-05-18,210,0.7042389021,33.78518461285716,31.807797337927106,25.48567181,1.9773872749300523,8.299512802857159,decelerating,True,,inner_validation,
rolling_origin_2022-03-01,rolling_origin_2022-03-01__inner_1_2021-05-18,Z11_ebm,42117,a40ac2b986e49ebf9655fde3ea9d7d2a12798b9bbf0cf864fc9507b6910d58e7,P-H01-W001::C010::C012,P-H01-W001,P-H01,GEO_SW,2020-10-20,2021-05-18,210,1.220123858,31.391351940357136,28.92914463739084,27.01447903,2.462207302966295,4.376872910357136,stable,False,,inner_validation,
rolling_origin_2022-03-01,rolling_origin_2022-03-01__inner_1_2021-05-18,Z11_ebm,42117,a40ac2b986e49ebf9655fde3ea9d7d2a12798b9bbf0cf864fc9507b6910d58e7,P-H01-W002::C010::C012,P-H01-W002,P-H01,GEO_SW,2020-10-20,2021-05-18,210,1.297571675,37.786134782571416,22.934439982206886,17.42116263,14.85169480036453,20.364972152571415,stable,False,,inner_validation,
rolling_origin_2022-03-01,rolling_origin_2022-03-01__inner_1_2021-05-18,Z11_ebm,42117,a40ac2b986e49ebf9655fde3ea9d7d2a12798b9bbf0cf864fc9507b6910d58e7,P-H01-W003::C010::C012,P-H01-W003,P-H01,GEO_SW,2020-10-20,2021-05-18,210,1.355723618,27.881538418214344,30.15930825652282,21.24808461,2.277769838308476,6.633453808214345,decelerating,True,,inner_validation,
rolling_origin_2022-03-01,rolling_origin_2022-03-01__inner_1_2021-05-18,Z11_ebm,42117,a40ac2b986e49ebf9655fde3ea9d7d2a12798b9bbf0cf864fc9507b6910d58e7,P-H01-W004::C010::C012,P-H01-W004,P-H01,GEO_SW,2020-10-20,2021-05-18,210,1.368231099,34.31960675964284,36.31791820440347,34.24340512,1.9983114447606312,0.07620163964283933,stable,False,,inner_validation,
rolling_origin_2022-03-01,rolling_origin_2022-03-01__inner_1_2021-05-18,Z11_ebm,42117,a40ac2b986e49ebf9655fde3ea9d7d2a12798b9bbf0cf864fc9507b6910d58e7,P-H01-W005::C010::C012,P-H01-W005,P-H01,GEO_SW,2020-10-20,2021-05-18,210,1.351152631,57.99118288714281,56.51909420207155,57.61332129,1.4720886850712631,0.377861597142811,stable,False,,inner_validation,
rolling_origin_2022-03-01,rolling_origin_2022-03-01__inner_1_2021-05-18,Z11_ebm,42117,a40ac2b986e49ebf9655fde3ea9d7d2a12798b9bbf0cf864fc9507b6910d58e7,P-H01-W006::C010::C012,P-H01-W006,P-H01,GEO_SW,2020-10-20,2021-05-18,210,1.305228315,36.80496673392853,38.229429655595446,42.4375235,1.4244629216669153,5.632556766071467,volatile_or_gap,True,,inner_validation,
rolling_origin_2022-03-01,rolling_origin_2022-03-01__inner_1_2021-05-18,Z11_ebm,42117,a40ac2b986e49ebf9655fde3ea9d7d2a12798b9bbf0cf864fc9507b6910d58e7,P-H01-W007::C010::C012,P-H01-W007,P-H01,GEO_SW,2020-10-20,2021-05-18,210,1.204424099,40.385110013214295,40.11890241235378,31.76565681,0.2662076008605112,8.619453203214295,stable,False,,inner_validation,
rolling_origin_2022-03-01,rolling_origin_2022-03-01__inner_1_2021-05-18,Z11_ebm,42117,a40ac2b986e49ebf9655fde3ea9d7d2a12798b9bbf0cf864fc9507b6910d58e7,P-H02-W001::C010::C012,P-H02-W001,P-H02,GEO_SW,2020-10-20,2021-05-18,210,0.8345622468,40.26384475214282,50.25424873187702,49.93377984,9.990403979734197,9.669935087857176,volatile_or_gap,True,,inner_validation,
rolling_origin_2022-03-01,rolling_origin_2022-03-01__inner_1_2021-05-18,Z11_ebm,42117,a40ac2b986e49ebf9655fde3ea9d7d2a12798b9bbf0cf864fc9507b6910d58e7,P-H02-W003::C010::C012,P-H02-W003,P-H02,GEO_SW,2020-10-20,2021-05-18,210,0.8819536445,30.749420195357136,25.548693677258587,25.55173295,5.2007265180985485,5.197687245357134,stable,False,,inner_validation,
rolling_origin_2022-03-01,rolling_origin_2022-03-01__inner_1_2021-05-18,Z11_ebm,42117,a40ac2b986e49ebf9655fde3ea9d7d2a12798b9bbf0cf864fc9507b6910d58e7,P-H02-W004::C010::C012,P-H02-W004,P-H02,GEO_SW,2020-10-20,2021-05-18,210,0.8894518921,24.996911493928565,31.580397116856783,28.50852401,6.583485622928219,3.511612516071434,stable,False,,inner_validation,
rolling_origin_2022-03-01,rolling_origin_2022-03-01__inner_1_2021-05-18,Z11_ebm,42117,a40ac2b986e49ebf9655fde3ea9d7d2a12798b9bbf0cf864fc9507b6910d58e7,P-H02-W005::C010::C012,P-H02-W005,P-H02,GEO_SW,2020-10-20,2021-05-18,210,0.8891590038,5.14038078246429,11.233646054473782,9.27981988,6.093265272009492,4.13943909753571,stable,False,,inner_validation,
rolling_origin_2022-03-01,rolling_origin_2022-03-01__inner_1_2021-05-18,Z11_ebm,42117,a40ac2b986e49ebf9655fde3ea9d7d2a12798b9bbf0cf864fc9507b6910d58e7,P-H02-W006::C010::C012,P-H02-W006,P-H02,GEO_SW,2020-10-20,2021-05-18,210,0.8824321754,22.94118344142857,24.186682339995997,25.77986836,1.2454988985674262,2.8386849185714276,stable,False,,inner_validation,
rolling_origin_2022-03-01,rolling_origin_2022-03-01__inner_1_2021-05-18,Z11_ebm,42117,a40ac2b986e49ebf9655fde3ea9d7d2a12798b9bbf0cf864fc9507b6910d58e7,P-H02-W007::C010::C012,P-H02-W007,P-H02,GEO_SW,2020-10-20,2021-05-18,210,0.8580753602,33.66056896571434,36.25787561677274,40.56976024,2.5973066510584033,6.909191274285661,stable,False,,inner_validation,
rolling_origin_2022-03-01,rolling_origin_2022-03-01__inner_1_2021-05-18,Z11_ebm,42117,a40ac2b986e49ebf9655fde3ea9d7d2a12798b9bbf0cf864fc9507b6910d58e7,P-H03-W001::C010::C012,P-H03-W001,P-H03,GEO_SE,2020-10-20,2021-05-18,210,0.7181774923,55.795208400714245,56.64011581033143,59.23889611,0.8449074096171856,3.4436877092857543,stable,False,,inner_validation,
rolling_origin_2022-03-01,rolling_origin_2022-03-01__inner_1_2021-05-18,Z11_ebm,42117,a40ac2b986e49ebf9655fde3ea9d7d2a12798b9bbf0cf864fc9507b6910d58e7,P-H03-W002::C010::C012,P-H03-W002,P-H03,GEO_SE,2020-10-20,2021-05-18,210,0.7408014251,54.21343361821429,47.471022390390466,54.78426535,6.742411227823823,0.5708317317857095,stable,False,,inner_validation,
rolling_origin_2022-03-01,rolling_origin_2022-03-01__inner_1_2021-05-18,Z11_ebm,42117,a40ac2b986e49ebf9655fde3ea9d7d2a12798b9bbf0cf864fc9507b6910d58e7,P-H03-W003::C010::C012,P-H03-W003,P-H03,GEO_SE,2020-10-20,2021-05-18,210,0.7473665209,55.22424194785712,55.37413403978572,53.35324734,0.14989209192860642,1.8709946078571136,stable,False,,inner_validation,
rolling_origin_2022-03-01,rolling_origin_2022-03-01__inner_1_2021-05-18,Z11_ebm,42117,a40ac2b986e49ebf9655fde3ea9d7d2a12798b9bbf0cf864fc9507b6910d58e7,P-H03-W004::C010::C012,P-H03-W004,P-H03,GEO_SE,2020-10-20,2021-05-18,210,0.7525509997,53.79173892678568,58.65200443057259,61.2161659,4.860265503786906,7.424426973214317,decelerating,True,,inner_validation,
rolling_origin_2022-03-01,rolling_origin_2022-03-01__inner_1_2021-05-18,Z11_ebm,42117,a40ac2b986e49ebf9655fde3ea9d7d2a12798b9bbf0cf864fc9507b6910d58e7,P-H03-W005::C010::C012,P-H03-W005,P-H03,GEO_SE,2020-10-20,2021-05-18,210,0.7502988778,58.48725813214291,58.16878737258177,56.32808542,0.31847075956114423,2.1591727121429116,decelerating,True,,inner_validation,
rolling_origin_2022-03-01,rolling_origin_2022-03-01__inner_1_2021-05-18,Z11_ebm,42117,a40ac2b986e49ebf9655fde3ea9d7d2a12798b9bbf0cf864fc9507b6910d58e7,P-H03-W006::C010::C012,P-H03-W006,P-H03,GEO_SE,2020-10-20,2021-05-18,210,0.7466827475,60.84299018571423,64.41273972339059,65.70880678,3.5697495376763584,4.865816594285775,stable,False,,inner_validation,
rolling_origin_2022-03-01,rolling_origin_2022-03-01__inner_1_2021-05-18,Z11_ebm,42117,a40ac2b986e49ebf9655fde3ea9d7d2a12798b9bbf0cf864fc9507b6910d58e7,P-H03-W007::C010::C012,P-H03-W007,P-H03,GEO_SE,2020-10-20,2021-05-18,210,0.7258342918,23.455982444999968,17.597446522116957,19.38810615,5.858535922883011,4.067876294999969,stable,False,,inner_validation,
rolling_origin_2022-03-01,rolling_origin_2022-03-01__inner_1_2021-05-18,Z11_ebm,42117,a40ac2b986e49ebf9655fde3ea9d7d2a12798b9bbf0cf864fc9507b6910d58e7,P-H05-W001::C010::C012,P-H05-W001,P-H05,GEO_NE,2020-10-20,2021-05-18,210,1.388986323,41.7396516392857,39.84661190586357,32.17383691,1.8930397334221283,9.565814729285698,stable,False,,inner_validation,
rolling_origin_2022-03-01,rolling_origin_2022-03-01__inner_1_2021-05-18,Z11_ebm,42117,a40ac2b986e49ebf9655fde3ea9d7d2a12798b9bbf0cf864fc9507b6910d58e7,P-H05-W002::C010::C012,P-H05-W002,P-H05,GEO_NE,2020-10-20,2021-05-18,210,1.461981236,44.30322137857145,49.97627936432369,47.96115479,5.673057985752237,3.6579334114285516,volatile_or_gap,True,,inner_validation,
rolling_origin_2022-03-01,rolling_origin_2022-03-01__inner_1_2021-05-18,Z11_ebm,42117,a40ac2b986e49ebf9655fde3ea9d7d2a12798b9bbf0cf864fc9507b6910d58e7,P-H05-W003::C010::C012,P-H05-W003,P-H05,GEO_NE,2020-10-20,2021-05-18,210,1.501304081,38.91696137500026,36.76977644088274,35.56657923,2.1471849341175258,3.3503821450002604,volatile_or_gap,True,,inner_validation,
rolling_origin_2022-03-01,rolling_origin_2022-03-01__inner_1_2021-05-18,Z11_ebm,42117,a40ac2b986e49ebf9655fde3ea9d7d2a12798b9bbf0cf864fc9507b6910d58e7,P-H05-W004::C010::C012,P-H05-W004,P-H05,GEO_NE,2020-10-20,2021-05-18,210,1.519696206,26.56339065000008,20.000995988299977,17.06784861,6.562394661700104,9.495542040000082,stable,False,,inner_validation,
rolling_origin_2022-03-01,rolling_origin_2022-03-01__inner_1_2021-05-18,Z11_ebm,42117,a40ac2b986e49ebf9655fde3ea9d7d2a12798b9bbf0cf864fc9507b6910d58e7,P-H05-W005::C010::C012,P-H05-W005,P-H05,GEO_NE,2020-10-20,2021-05-18,210,1.503611347,18.728244189285743,21.433114308084985,14.95010303,2.704870118799242,3.7781411592857435,volatile_or_gap,True,,inner_validation,
rolling_origin_2022-03-01,rolling_origin_2022-03-01__inner_1_2021-05-18,Z11_ebm,42117,a40ac2b986e49ebf9655fde3ea9d7d2a12798b9bbf0cf864fc9507b6910d58e7,P-H05-W006::C010::C012,P-H05-W006,P-H05,GEO_NE,2020-10-20,2021-05-18,210,1.459209921,17.426253167857258,13.226651471137485,16.87090554,4.199601696719773,0.5553476278572589,stable,False,,inner_validation,
rolling_origin_2022-03-01,rolling_origin_2022-03-01__inner_1_2021-05-18,Z11_ebm,42117,a40ac2b986e49ebf9655fde3ea9d7d2a12798b9bbf0cf864fc9507b6910d58e7,P-H05-W007::C010::C012,P-H05-W007,P-H05,GEO_NE,2020-10-20,2021-05-18,210,1.389916246,28.886153325357025,32.30127842836557,31.65593708,3.4151251030085454,2.769783754642976,stable,False,,inner_validation,
rolling_origin_2022-03-01,rolling_origin_2022-03-01__inner_1_2021-05-18,Z11_ebm,42117,a40ac2b986e49ebf9655fde3ea9d7d2a12798b9bbf0cf864fc9507b6910d58e7,P-H06-W001::C010::C012,P-H06-W001,P-H06,GEO_NE,2020-10-20,2021-05-18,210,0.8043622482,3.415639027500049,3.0736955964595585,-0.1722342146,0.3419434310404905,3.587873242100049,stable,False,,inner_validation,
rolling_origin_2022-03-01,rolling_origin_2022-03-01__inner_1_2021-05-18,Z11_ebm,42117,a40ac2b986e49ebf9655fde3ea9d7d2a12798b9bbf0cf864fc9507b6910d58e7,P-H06-W002::C010::C012,P-H06-W002,P-H06,GEO_NE,2020-10-20,2021-05-18,210,0.8478910187,2.699077489285702,2.7250146778402637,-0.6408770374,0.02593718855456162,3.3399545266857023,stable,False,,inner_validation,
rolling_origin_2022-03-01,rolling_origin_2022-03-01__inner_1_2021-05-18,Z11_ebm,42117,a40ac2b986e49ebf9655fde3ea9d7d2a12798b9bbf0cf864fc9507b6910d58e7,P-H06-W003::C010::C012,P-H06-W003,P-H06,GEO_NE,2020-10-20,2021-05-18,210,0.8698006531,4.328006742499984,0.6618708565338702,-2.328075949,3.6661358859661144,6.656082691499984,stable,False,,inner_validation,
rolling_origin_2022-03-01,rolling_origin_2022-03-01__inner_1_2021-05-18,Z11_ebm,42117,a40ac2b986e49ebf9655fde3ea9d7d2a12798b9bbf0cf864fc9507b6910d58e7,P-H06-W004::C010::C012,P-H06-W004,P-H06,GEO_NE,2020-10-20,2021-05-18,210,0.8755512456,6.941094641785736,-0.14622377371250986,-3.257124665,7.087318415498246,10.198219306785736,stable,False,,inner_validation,
rolling_origin_2022-03-01,rolling_origin_2022-03-01__inner_1_2021-05-18,Z11_ebm,42117,a40ac2b986e49ebf9655fde3ea9d7d2a12798b9bbf0cf864fc9507b6910d58e7,P-H06-W005::C010::C012,P-H06-W005,P-H06,GEO_NE,2020-10-20,2021-05-18,210,0.8680268065,6.53862949321431,-0.3747728248237599,-1.201112913,6.913402318038069,7.73974240621431,stable,False,,inner_validation,
rolling_origin_2022-03-01,rolling_origin_2022-03-01__inner_1_2021-05-18,Z11_ebm,42117,a40ac2b986e49ebf9655fde3ea9d7d2a12798b9bbf0cf864fc9507b6910d58e7,P-H06-W006::C010::C012,P-H06-W006,P-H06,GEO_NE,2020-10-20,2021-05-18,210,0.8265249011,5.409631481428598,1.2866748346027335,0.006024164902,4.122956646825865,5.403607316526599,stable,False,,inner_validation,
rolling_origin_2022-03-01,rolling_origin_2022-03-01__inner_1_2021-05-18,Z11_ebm,42117,a40ac2b986e49ebf9655fde3ea9d7d2a12798b9bbf0cf864fc9507b6910d58e7,P-V01-W001::C010::C012,P-V01-W001,P-V01,GEO_SW,2020-10-20,2021-05-18,210,0.8902533744,30.591779512857155,34.46114896149102,32.69078983,3.869369448633865,2.099010317142845,stable,False,,inner_validation,
rolling_origin_2022-03-01,rolling_origin_2022-03-01__inner_1_2021-05-18,Z11_ebm,42117,a40ac2b986e49ebf9655fde3ea9d7d2a12798b9bbf0cf864fc9507b6910d58e7,P-V01-W002::C010::C012,P-V01-W002,P-V01,GEO_SW,2020-10-20,2021-05-18,210,0.9182974565,29.85693286392854,34.37208199126943,35.95265703,4.515149127340891,6.095724166071456,stable,False,,inner_validation,
rolling_origin_2022-03-01,rolling_origin_2022-03-01__inner_1_2021-05-18,Z11_ebm,42117,a40ac2b986e49ebf9655fde3ea9d7d2a12798b9bbf0cf864fc9507b6910d58e7,P-V01-W003::C010::C012,P-V01-W003,P-V01,GEO_SW,2020-10-20,2021-05-18,210,0.9316817463,23.589476797857117,28.813512367821886,29.32142036,5.224035569964769,5.7319435621428845,stable,False,,inner_validation,
rolling_origin_2022-03-01,rolling_origin_2022-03-01__inner_1_2021-05-18,Z11_ebm,42117,a40ac2b986e49ebf9655fde3ea9d7d2a12798b9bbf0cf864fc9507b6910d58e7,P-V01-W004::C010::C012,P-V01-W004,P-V01,GEO_SW,2020-10-20,2021-05-18,210,0.9322797585,30.318051074999985,34.47174765061148,31.69546755,4.153696575611498,1.3774164750000146,stable,False,,inner_validation,
rolling_origin_2022-03-01,rolling_origin_2022-03-01__inner_1_2021-05-18,Z11_ebm,42117,a40ac2b986e49ebf9655fde3ea9d7d2a12798b9bbf0cf864fc9507b6910d58e7,P-V01-W005::C010::C012,P-V01-W005,P-V01,GEO_SW,2020-10-20,2021-05-18,210,0.9197259181,38.00750696357152,46.54755156518428,51.23223904,8.540044601612756,13.22473207642848,volatile_or_gap,True,,inner_validation,
rolling_origin_2022-03-01,rolling_origin_2022-03-01__inner_1_2021-05-18,Z11_ebm,42117,a40ac2b986e49ebf9655fde3ea9d7d2a12798b9bbf0cf864fc9507b6910d58e7,P-V01-W006::C010::C012,P-V01-W006,P-V01,GEO_SW,2020-10-20,2021-05-18,210,0.894847571,35.516225591071525,36.0645677179871,40.17944439,0.5483421269155784,4.663218798928476,accelerating,True,,inner_validation,
rolling_origin_2022-03-01,rolling_origin_2022-03-01__inner_1_2021-05-18,Z11_ebm,42117,a40ac2b986e49ebf9655fde3ea9d7d2a12798b9bbf0cf864fc9507b6910d58e7,P-V03-W001::C010::C012,P-V03-W001,P-V03,GEO_SW,2020-10-20,2021-05-18,210,0.7131350452,29.374234291428543,34.04701502373473,29.9770489,4.672780732306187,0.6028146085714567,stable,False,,inner_validation,
rolling_origin_2022-03-01,rolling_origin_2022-03-01__inner_1_2021-05-18,Z11_ebm,42117,a40ac2b986e49ebf9655fde3ea9d7d2a12798b9bbf0cf864fc9507b6910d58e7,P-V03-W002::C010::C012,P-V03-W002,P-V03,GEO_SW,2020-10-20,2021-05-18,210,0.7241267731,36.41134550535708,38.313887371616914,31.07697638,1.9025418662598312,5.334369125357082,stable,False,,inner_validation,
rolling_origin_2022-03-01,rolling_origin_2022-03-01__inner_1_2021-05-18,Z11_ebm,42117,a40ac2b986e49ebf9655fde3ea9d7d2a12798b9bbf0cf864fc9507b6910d58e7,P-V03-W003::C010::C012,P-V03-W003,P-V03,GEO_SW,2020-10-20,2021-05-18,210,0.730503082,36.13762976428573,36.17199494976112,32.01910782,0.034365185475394355,4.118521944285725,stable,False,,inner_validation,
rolling_origin_2022-03-01,rolling_origin_2022-03-01__inner_1_2021-05-18,Z11_ebm,42117,a40ac2b986e49ebf9655fde3ea9d7d2a12798b9bbf0cf864fc9507b6910d58e7,P-V03-W004::C010::C012,P-V03-W004,P-V03,GEO_SW,2020-10-20,2021-05-18,210,0.7327804381,21.14081436071416,21.24651318276827,18.69244526,0.10569882205410863,2.44836910071416,stable,False,,inner_validation,
rolling_origin_2022-03-01,rolling_origin_2022-03-01__inner_1_2021-05-18,Z11_ebm,42117,a40ac2b986e49ebf9655fde3ea9d7d2a12798b9bbf0cf864fc9507b6910d58e7,P-V03-W005::C010::C012,P-V03-W005,P-V03,GEO_NW,2020-10-20,2021-05-18,210,0.728626786,33.529793290357134,35.77327848812516,30.38947195,2.243485197768024,3.140321340357133,stable,False,,inner_validation,
rolling_origin_2022-03-01,rolling_origin_2022-03-01__inner_1_2021-05-18,Z11_ebm,42117,a40ac2b986e49ebf9655fde3ea9d7d2a12798b9bbf0cf864fc9507b6910d58e7,P-V03-W006::C010::C012,P-V03-W006,P-V03,GEO_NW,2020-10-20,2021-05-18,210,0.7223989052,36.60124472000002,36.362256619907036,30.30291351,0.23898810009298188,6.298331210000018,stable,False,,inner_validation,
rolling_origin_2022-03-01,rolling_origin_2022-03-01__inner_1_2021-05-18,Z11_ebm,42117,a40ac2b986e49ebf9655fde3ea9d7d2a12798b9bbf0cf864fc9507b6910d58e7,P-V03-W007::C010::C012,P-V03-W007,P-V03,GEO_NW,2020-10-20,2021-05-18,210,0.7137056179,2.9907492682142536,1.80851456953667,-0.4653545922,1.1822346986775836,3.4561038604142533,stable,False,,inner_validation,
rolling_origin_2022-03-01,rolling_origin_2022-03-01__inner_1_2021-05-18,Z11_ebm,42117,a40ac2b986e49ebf9655fde3ea9d7d2a12798b9bbf0cf864fc9507b6910d58e7,P-V04-W001::C010::C012,P-V04-W001,P-V04,GEO_NE,2020-10-20,2021-05-18,210,0.6725419618,5.170736936071429,0.6216640813163772,1.796392185,4.549072854755051,3.374344751071429,stable,False,,inner_validation,
rolling_origin_2022-03-01,rolling_origin_2022-03-01__inner_1_2021-05-18,Z11_ebm,42117,a40ac2b986e49ebf9655fde3ea9d7d2a12798b9bbf0cf864fc9507b6910d58e7,P-V04-W002::C010::C012,P-V04-W002,P-V04,GEO_NE,2020-10-20,2021-05-18,210,0.685153664,5.166014775357152,0.05000015719462093,0.08753442172,5.116014618162532,5.078480353637152,stable,False,,inner_validation,
rolling_origin_2022-03-01,rolling_origin_2022-03-01__inner_1_2021-05-18,Z11_ebm,42117,a40ac2b986e49ebf9655fde3ea9d7d2a12798b9bbf0cf864fc9507b6910d58e7,P-V04-W003::C010::C012,P-V04-W003,P-V04,GEO_NE,2020-10-20,2021-05-18,210,0.6966084119,5.198326529642842,-1.6517083231240692,-0.2548734577,6.850034852766911,5.453199987342842,stable,False,,inner_validation,
rolling_origin_2022-03-01,rolling_origin_2022-03-01__inner_1_2021-05-18,Z11_ebm,42117,a40ac2b986e49ebf9655fde3ea9d7d2a12798b9bbf0cf864fc9507b6910d58e7,P-V04-W004::C010::C012,P-V04-W004,P-V04,GEO_NE,2020-10-20,2021-05-18,210,0.7026744882,5.640547575357141,-0.4923665726212772,1.923705331,6.132914147978418,3.7168422443571414,stable,False,,inner_validation,
rolling_origin_2022-03-01,rolling_origin_2022-03-01__inner_1_2021-05-18,Z11_ebm,42117,a40ac2b986e49ebf9655fde3ea9d7d2a12798b9bbf0cf864fc9507b6910d58e7,P-V04-W006::C010::C012,P-V04-W006,P-V04,GEO_NE,2020-10-20,2021-05-18,210,0.6992049839,3.3230617189286047,-0.20211731822321313,0.7198761833,3.5251790371518177,2.6031855356286044,stable,False,,inner_validation,
rolling_origin_2022-03-01,rolling_origin_2022-03-01__inner_1_2021-05-18,Z11_ebm,42117,a40ac2b986e49ebf9655fde3ea9d7d2a12798b9bbf0cf864fc9507b6910d58e7,P-V04-W007::C010::C012,P-V04-W007,P-V04,GEO_NE,2020-10-20,2021-05-18,210,0.6898782289,39.16114995821433,30.692888314577647,32.42749102,8.468261643636684,6.733658938214333,stable,False,,inner_validation,
rolling_origin_2022-03-01,rolling_origin_2022-03-01__inner_1_2021-05-18,Z11_ebm,42117,a40ac2b986e49ebf9655fde3ea9d7d2a12798b9bbf0cf864fc9507b6910d58e7,P-V05-W002::C010::C012,P-V05-W002,P-V05,GEO_NE,2020-10-20,2021-05-18,210,0.6951469962,32.42684803928573,37.92357788201649,38.77572007,5.496729842730758,6.3488720307142685,volatile_or_gap,True,,inner_validation,
rolling_origin_2022-03-01,rolling_origin_2022-03-01__inner_1_2021-05-18,Z11_ebm,42117,a40ac2b986e49ebf9655fde3ea9d7d2a12798b9bbf0cf864fc9507b6910d58e7,P-V05-W003::C010::C012,P-V05-W003,P-V05,GEO_NE,2020-10-20,2021-05-18,210,0.7000537455,27.76560058928592,30.38086178227457,32.71168239,2.615261192988651,4.946081800714079,stable,False,,inner_validation,
rolling_origin_2022-03-01,rolling_origin_2022-03-01__inner_1_2021-05-18,Z11_ebm,42117,a40ac2b986e49ebf9655fde3ea9d7d2a12798b9bbf0cf864fc9507b6910d58e7,P-V05-W004::C010::C012,P-V05-W004,P-V05,GEO_NE,2020-10-20,2021-05-18,210,0.7038430812,32.02398076785716,33.724210739753744,38.8855239,1.700229971896583,6.861543132142842,stable,False,,inner_validation,
rolling_origin_2022-03-01,rolling_origin_2022-03-01__inner_1_2021-05-18,Z11_ebm,42117,a40ac2b986e49ebf9655fde3ea9d7d2a12798b9bbf0cf864fc9507b6910d58e7,P-V05-W005::C010::C012,P-V05-W005,P-V05,GEO_NE,2020-10-20,2021-05-18,210,0.7023605321,34.485104839285576,35.308075380881334,34.3435138,0.8229705415957582,0.14159103928557926,stable,False,,inner_validation,
rolling_origin_2022-03-01,rolling_origin_2022-03-01__inner_1_2021-05-18,Z11_ebm,42117,a40ac2b986e49ebf9655fde3ea9d7d2a12798b9bbf0cf864fc9507b6910d58e7,P-V05-W006::C010::C012,P-V05-W006,P-V05,GEO_NE,2020-10-20,2021-05-18,210,0.6981116392,18.978271728571567,21.82610659896669,24.40127354,2.847834870395122,5.423001811428431,stable,False,,inner_validation,
rolling_origin_2022-03-01,rolling_origin_2022-03-01__inner_1_2021-05-18,Z11_ebm,42117,a40ac2b986e49ebf9655fde3ea9d7d2a12798b9bbf0cf864fc9507b6910d58e7,P-V05-W007::C010::C012,P-V05-W007,P-V05,GEO_NE,2020-10-20,2021-05-18,210,0.6871235371,34.889393107142894,36.37487267869119,37.37607921,1.4854795715482965,2.4866861028571066,stable,False,,inner_validation,
rolling_origin_2022-03-01,rolling_origin_2022-03-01__inner_1_2021-05-18,Z11_ebm,42117,a40ac2b986e49ebf9655fde3ea9d7d2a12798b9bbf0cf864fc9507b6910d58e7,P-V06-W001::C010::C012,P-V06-W001,P-V06,GEO_NE,2020-10-20,2021-05-18,210,1.159854388,1.3662708730582145,-1.2372931305286363,0.7282597757,2.603564003586851,0.6380110973582145,stable,False,,inner_validation,
rolling_origin_2022-03-01,rolling_origin_2022-03-01__inner_1_2021-05-18,Z11_ebm,42117,a40ac2b986e49ebf9655fde3ea9d7d2a12798b9bbf0cf864fc9507b6910d58e7,P-V06-W002::C010::C012,P-V06-W002,P-V06,GEO_NE,2020-10-20,2021-05-18,210,1.193945024,21.444878028571416,21.141831070786516,21.67616863,0.30304695778490043,0.23129060142858293,stable,False,,inner_validation,
rolling_origin_2022-03-01,rolling_origin_2022-03-01__inner_1_2021-05-18,Z11_ebm,42117,a40ac2b986e49ebf9655fde3ea9d7d2a12798b9bbf0cf864fc9507b6910d58e7,P-V06-W003::C010::C012,P-V06-W003,P-V06,GEO_NE,2020-10-20,2021-05-18,210,1.202846759,32.89653658071428,36.23557866665925,33.91817882,3.3390420859449677,1.0216422392857183,volatile_or_gap,True,,inner_validation,
rolling_origin_2022-03-01,rolling_origin_2022-03-01__inner_1_2021-05-18,Z11_ebm,42117,a40ac2b986e49ebf9655fde3ea9d7d2a12798b9bbf0cf864fc9507b6910d58e7,P-V06-W004::C010::C012,P-V06-W004,P-V06,GEO_NE,2020-10-20,2021-05-18,210,1.205524611,28.43290451250002,24.958184445092122,27.47429444,3.4747200674078975,0.9586100725000186,stable,False,,inner_validation,
rolling_origin_2022-03-01,rolling_origin_2022-03-01__inner_1_2021-05-18,Z11_ebm,42117,a40ac2b986e49ebf9655fde3ea9d7d2a12798b9bbf0cf864fc9507b6910d58e7,P-V06-W006::C010::C012,P-V06-W006,P-V06,GEO_NE,2020-10-20,2021-05-18,210,1.162391861,23.25419103821426,21.632494485853556,24.38111862,1.621696552360703,1.1269275817857398,stable,False,,inner_validation,
rolling_origin_2022-03-01,rolling_origin_2022-03-01__inner_1_2021-05-18,Z11_ebm,42117,a40ac2b986e49ebf9655fde3ea9d7d2a12798b9bbf0cf864fc9507b6910d58e7,P-V06-W007::C010::C012,P-V06-W007,P-V06,GEO_NE,2020-10-20,2021-05-18,210,1.134716812,23.71725324892857,19.88981842817045,24.76967278,3.8274348207581212,1.052419531071429,stable,False,,inner_validation,
rolling_origin_2022-03-01,rolling_origin_2022-03-01__inner_1_2021-05-18,Z11_ebm,42117,a40ac2b986e49ebf9655fde3ea9d7d2a12798b9bbf0cf864fc9507b6910d58e7,P-H04-W001::C011::C012,P-H04-W001,P-H04,GEO_SW,2021-01-26,2021-05-18,112,0.7032303835,25.049126438169612,23.085626346009366,25.71872422,1.9635000921602455,0.6695977818303867,decelerating,True,,inner_validation,
rolling_origin_2022-03-01,rolling_origin_2022-03-01__inner_1_2021-05-18,Z11_ebm,42117,a40ac2b986e49ebf9655fde3ea9d7d2a12798b9bbf0cf864fc9507b6910d58e7,P-H04-W002::C011::C012,P-H04-W002,P-H04,GEO_SW,2021-01-26,2021-05-18,112,0.7266512154,25.269675149999934,32.06118161619322,31.56830414,6.791506466193283,6.298628990000065,decelerating,True,,inner_validation,
rolling_origin_2022-03-01,rolling_origin_2022-03-01__inner_1_2021-05-18,Z11_ebm,42117,a40ac2b986e49ebf9655fde3ea9d7d2a12798b9bbf0cf864fc9507b6910d58e7,P-H04-W003::C011::C012,P-H04-W003,P-H04,GEO_SW,2021-01-26,2021-05-18,112,0.7532639496,22.80323451696417,27.6671287518806,31.30349645,4.86389423491643,8.50026193303583,stable,False,,inner_validation,
rolling_origin_2022-03-01,rolling_origin_2022-03-01__inner_1_2021-05-18,Z11_ebm,42117,a40ac2b986e49ebf9655fde3ea9d7d2a12798b9bbf0cf864fc9507b6910d58e7,P-H04-W004::C011::C012,P-H04-W004,P-H04,GEO_SW,2021-01-26,2021-05-18,112,0.7648597841,12.95864180959814,18.551600236182882,21.21381402,5.592958426584742,8.255172210401861,decelerating,True,,inner_validation,
rolling_origin_2022-03-01,rolling_origin_2022-03-01__inner_1_2021-05-18,Z11_ebm,42117,a40ac2b986e49ebf9655fde3ea9d7d2a12798b9bbf0cf864fc9507b6910d58e7,P-H04-W005::C011::C012,P-H04-W005,P-H04,GEO_SW,2021-01-26,2021-05-18,112,0.7649331183,25.687331024330284,27.322923026734667,25.65818153,1.6355920024043833,0.029149494330283687,decelerating,True,,inner_validation,
rolling_origin_2022-03-01,rolling_origin_2022-03-01__inner_1_2021-05-18,Z11_ebm,42117,a40ac2b986e49ebf9655fde3ea9d7d2a12798b9bbf0cf864fc9507b6910d58e7,P-H04-W006::C011::C012,P-H04-W006,P-H04,GEO_SW,2021-01-26,2021-05-18,112,0.7546450796,22.225553160267864,22.239561961625885,16.30970004,0.014008801358020406,5.915853120267865,decelerating,True,,inner_validation,
rolling_origin_2022-03-01,rolling_origin_2022-03-01__inner_1_2021-05-18,Z11_ebm,42117,a40ac2b986e49ebf9655fde3ea9d7d2a12798b9bbf0cf864fc9507b6910d58e7,P-H04-W007::C011::C012,P-H04-W007,P-H04,GEO_SW,2021-01-26,2021-05-18,112,0.7331933049,32.405124795535684,31.575000859589046,35.11875041,0.8301239359466379,2.7136256144643127,decelerating,True,,inner_validation,
rolling_origin_2022-03-01,rolling_origin_2022-03-01__inner_1_2021-05-18,Z11_ebm,42117,a40ac2b986e49ebf9655fde3ea9d7d2a12798b9bbf0cf864fc9507b6910d58e7,P-V02-W001::C011::C012,P-V02-W001,P-V02,GEO_SW,2021-01-26,2021-05-18,112,0.7841268948,42.12227199441977,39.129066653586435,37.89148555,2.9932053408333346,4.2307864444197705,decelerating,True,,inner_validation,
rolling_origin_2022-03-01,rolling_origin_2022-03-01__inner_1_2021-05-18,Z11_ebm,42117,a40ac2b986e49ebf9655fde3ea9d7d2a12798b9bbf0cf864fc9507b6910d58e7,P-V02-W003::C011::C012,P-V02-W003,P-V02,GEO_NW,2021-01-26,2021-05-18,112,0.8110739283,6.076332068169645,1.160431651872129,5.803311446,4.915900416297516,0.2730206221696445,stable,False,,inner_validation,
rolling_origin_2022-03-01,rolling_origin_2022-03-01__inner_1_2021-05-18,Z11_ebm,42117,a40ac2b986e49ebf9655fde3ea9d7d2a12798b9bbf0cf864fc9507b6910d58e7,P-V02-W004::C011::C012,P-V02-W004,P-V02,GEO_NW,2021-01-26,2021-05-18,112,0.812174074,14.31329744584823,11.696644748026694,13.32686703,2.616652697821536,0.9864304158482291,stable,False,,inner_validation,
rolling_origin_2022-03-01,rolling_origin_2022-03-01__inner_1_2021-05-18,Z11_ebm,42117,a40ac2b986e49ebf9655fde3ea9d7d2a12798b9bbf0cf864fc9507b6910d58e7,P-V02-W005::C011::C012,P-V02-W005,P-V02,GEO_NW,2021-01-26,2021-05-18,112,0.8094729006,49.84536714709824,45.46025300615129,58.98564332,4.385114140946946,9.140276172901764,stable,False,,inner_validation,
rolling_origin_2022-03-01,rolling_origin_2022-03-01__inner_1_2021-05-18,Z11_ebm,42117,a40ac2b986e49ebf9655fde3ea9d7d2a12798b9bbf0cf864fc9507b6910d58e7,P-V02-W006::C011::C012,P-V02-W006,P-V02,GEO_NW,2021-01-26,2021-05-18,112,0.7944536981,22.123165432366097,23.019080999359428,29.79951922,0.895915566993331,7.676353787633904,stable,False,,inner_validation,
rolling_origin_2022-03-01,rolling_origin_2022-03-01__inner_1_2021-05-18,Z11_ebm,42117,a40ac2b986e49ebf9655fde3ea9d7d2a12798b9bbf0cf864fc9507b6910d58e7,P-V02-W007::C011::C012,P-V02-W007,P-V02,GEO_NW,2021-01-26,2021-05-18,112,0.7759056407,18.28609378031249,17.654778804083072,23.78555868,0.6313149762294188,5.49946489968751,stable,False,,inner_validation,
rolling_origin_2022-03-01,rolling_origin_2022-03-01__inner_2_2021-07-13,Z11_ebm,42117,a40ac2b986e49ebf9655fde3ea9d7d2a12798b9bbf0cf864fc9507b6910d58e7,P-H04-W001::C012::C013,P-H04-W001,P-H04,GEO_SW,2021-05-18,2021-07-13,56,0.9433875977,31.23694441607144,24.655723242571074,25.0491263,6.581221173500367,6.1878181160714405,volatile_or_gap,True,,inner_validation,
rolling_origin_2022-03-01,rolling_origin_2022-03-01__inner_2_2021-07-13,Z11_ebm,42117,a40ac2b986e49ebf9655fde3ea9d7d2a12798b9bbf0cf864fc9507b6910d58e7,P-H04-W002::C012::C013,P-H04-W002,P-H04,GEO_SW,2021-05-18,2021-07-13,56,0.9673442344,31.20459109285705,32.422408016839036,25.26967513,1.2178169239819852,5.934915962857051,volatile_or_gap,True,,inner_validation,
rolling_origin_2022-03-01,rolling_origin_2022-03-01__inner_2_2021-07-13,Z11_ebm,42117,a40ac2b986e49ebf9655fde3ea9d7d2a12798b9bbf0cf864fc9507b6910d58e7,P-H04-W003::C012::C013,P-H04-W003,P-H04,GEO_SW,2021-05-18,2021-07-13,56,0.9919039818,30.958499339732445,31.291510506284627,22.80323439,0.33301116655218266,8.155264949732445,decelerating,True,,inner_validation,
rolling_origin_2022-03-01,rolling_origin_2022-03-01__inner_2_2021-07-13,Z11_ebm,42117,a40ac2b986e49ebf9655fde3ea9d7d2a12798b9bbf0cf864fc9507b6910d58e7,P-H04-W004::C012::C013,P-H04-W004,P-H04,GEO_SW,2021-05-18,2021-07-13,56,0.9974875181,20.153082265178657,20.9118857079705,12.95864169,0.7588034427918444,7.194440575178657,decelerating,True,,inner_validation,
rolling_origin_2022-03-01,rolling_origin_2022-03-01__inner_2_2021-07-13,Z11_ebm,42117,a40ac2b986e49ebf9655fde3ea9d7d2a12798b9bbf0cf864fc9507b6910d58e7,P-H04-W005::C012::C013,P-H04-W005,P-H04,GEO_SW,2021-05-18,2021-07-13,56,0.9920489265,35.14746158169659,28.283801944672618,25.68733115,6.8636596370239715,9.46013043169659,stable,False,,inner_validation,
rolling_origin_2022-03-01,rolling_origin_2022-03-01__inner_2_2021-07-13,Z11_ebm,42117,a40ac2b986e49ebf9655fde3ea9d7d2a12798b9bbf0cf864fc9507b6910d58e7,P-H04-W006::C012::C013,P-H04-W006,P-H04,GEO_SW,2021-05-18,2021-07-13,56,0.9695172509,30.257692208035785,22.038307219082622,22.22555291,8.219384988953163,8.032139298035784,volatile_or_gap,True,,inner_validation,
rolling_origin_2022-03-01,rolling_origin_2022-03-01__inner_2_2021-07-13,Z11_ebm,42117,a40ac2b986e49ebf9655fde3ea9d7d2a12798b9bbf0cf864fc9507b6910d58e7,P-H04-W007::C012::C013,P-H04-W007,P-H04,GEO_SW,2021-05-18,2021-07-13,56,0.9324296229,36.882639755357225,34.83997268724795,32.40512459,2.0426670681092745,4.477515165357225,stable,False,,inner_validation,
rolling_origin_2022-03-01,rolling_origin_2022-03-01__inner_2_2021-07-13,Z11_ebm,42117,a40ac2b986e49ebf9655fde3ea9d7d2a12798b9bbf0cf864fc9507b6910d58e7,P-V06-W001::C012::C013,P-V06-W001,P-V06,GEO_NE,2021-05-18,2021-07-13,56,0.7234484622,-6.831907383358929,-3.344079423457889,1.366270873,3.4878279599010398,8.19817825635893,stable,False,,inner_validation,
rolling_origin_2022-03-01,rolling_origin_2022-03-01__inner_2_2021-07-13,Z11_ebm,42117,a40ac2b986e49ebf9655fde3ea9d7d2a12798b9bbf0cf864fc9507b6910d58e7,P-V06-W002::C012::C013,P-V06-W002,P-V06,GEO_NE,2021-05-18,2021-07-13,56,0.7470293282,20.853931139732016,15.697263188444206,21.4448781,5.15666795128781,0.5909469602679849,stable,False,,inner_validation,
rolling_origin_2022-03-01,rolling_origin_2022-03-01__inner_2_2021-07-13,Z11_ebm,42117,a40ac2b986e49ebf9655fde3ea9d7d2a12798b9bbf0cf864fc9507b6910d58e7,P-V06-W004::C012::C013,P-V06-W004,P-V06,GEO_NE,2021-05-18,2021-07-13,56,0.758856874,19.327681836160597,20.168828577757193,28.43290454,0.8411467415965959,9.105222703839402,stable,False,,inner_validation,
rolling_origin_2022-03-01,rolling_origin_2022-03-01__inner_2_2021-07-13,Z11_ebm,42117,a40ac2b986e49ebf9655fde3ea9d7d2a12798b9bbf0cf864fc9507b6910d58e7,P-V06-W006::C012::C013,P-V06-W006,P-V06,GEO_NE,2021-05-18,2021-07-13,56,0.7377623149,15.221365885714269,15.720712503395513,23.25419105,0.499346617681244,8.03282516428573,stable,False,,inner_validation,
rolling_origin_2022-03-01,rolling_origin_2022-03-01__inner_2_2021-07-13,Z11_ebm,42117,a40ac2b986e49ebf9655fde3ea9d7d2a12798b9bbf0cf864fc9507b6910d58e7,P-V06-W007::C012::C013,P-V06-W007,P-V06,GEO_NE,2021-05-18,2021-07-13,56,0.7229330526,15.919802805803611,15.201702257066495,23.71725334,0.7181005487371159,7.797450534196388,stable,False,,inner_validation,
rolling_origin_2022-03-01,rolling_origin_2022-03-01__inner_3_2021-11-02,Z11_ebm,42117,a40ac2b986e49ebf9655fde3ea9d7d2a12798b9bbf0cf864fc9507b6910d58e7,P-D01-W001::C012::C014,P-D01-W001,P-D01,GEO_SW,2021-05-18,2021-11-02,168,0.7078458609,106.160046425,47.13003200829767,57.06447356,59.030014416702336,49.095572865,accelerating,True,,inner_validation,
rolling_origin_2022-03-01,rolling_origin_2022-03-01__inner_3_2021-11-02,Z11_ebm,42117,a40ac2b986e49ebf9655fde3ea9d7d2a12798b9bbf0cf864fc9507b6910d58e7,P-D01-W002::C012::C014,P-D01-W002,P-D01,GEO_SW,2021-05-18,2021-11-02,168,0.7260975829,46.72850311964286,47.186653700943346,50.48503656,0.4581505813004867,3.7565334403571384,volatile_or_gap,True,,inner_validation,
rolling_origin_2022-03-01,rolling_origin_2022-03-01__inner_3_2021-11-02,Z11_ebm,42117,a40ac2b986e49ebf9655fde3ea9d7d2a12798b9bbf0cf864fc9507b6910d58e7,P-D01-W003::C012::C014,P-D01-W003,P-D01,GEO_SW,2021-05-18,2021-11-02,168,0.7375658013,5.494541627232151,1.4384623762618594,1.425230013,4.056079250970291,4.06931161423215,stable,False,,inner_validation,
rolling_origin_2022-03-01,rolling_origin_2022-03-01__inner_3_2021-11-02,Z11_ebm,42117,a40ac2b986e49ebf9655fde3ea9d7d2a12798b9bbf0cf864fc9507b6910d58e7,P-D01-W004::C012::C014,P-D01-W004,P-D01,GEO_SW,2021-05-18,2021-11-02,168,0.7476194567,1.9160778022321208,1.612173706238036,2.357454974,0.30390409599408486,0.44137717176787916,stable,False,,inner_validation,
rolling_origin_2022-03-01,rolling_origin_2022-03-01__inner_3_2021-11-02,Z11_ebm,42117,a40ac2b986e49ebf9655fde3ea9d7d2a12798b9bbf0cf864fc9507b6910d58e7,P-D01-W005::C012::C014,P-D01-W005,P-D01,GEO_SW,2021-05-18,2021-11-02,168,0.7475536042,37.21305207991077,31.821439306904875,38.51940639,5.3916127730058925,1.3063543100892332,stable,False,,inner_validation,
rolling_origin_2022-03-01,rolling_origin_2022-03-01__inner_3_2021-11-02,Z11_ebm,42117,a40ac2b986e49ebf9655fde3ea9d7d2a12798b9bbf0cf864fc9507b6910d58e7,P-D01-W006::C012::C014,P-D01-W006,P-D01,GEO_SW,2021-05-18,2021-11-02,168,0.7378590847,27.90570983705361,18.247477907221246,24.04250629,9.658231929832365,3.8632035470536117,stable,False,,inner_validation,
rolling_origin_2022-03-01,rolling_origin_2022-03-01__inner_3_2021-11-02,Z11_ebm,42117,a40ac2b986e49ebf9655fde3ea9d7d2a12798b9bbf0cf864fc9507b6910d58e7,P-D01-W007::C012::C014,P-D01-W007,P-D01,GEO_SW,2021-05-18,2021-11-02,168,0.7174761566,23.140666163839263,31.119494006047105,33.7851846,7.978827842207842,10.644518436160737,volatile_or_gap,True,,inner_validation,
rolling_origin_2022-03-01,rolling_origin_2022-03-01__inner_3_2021-11-02,Z11_ebm,42117,a40ac2b986e49ebf9655fde3ea9d7d2a12798b9bbf0cf864fc9507b6910d58e7,P-H01-W001::C012::C014,P-H01-W001,P-H01,GEO_SW,2021-05-18,2021-11-02,168,0.7265116861,23.415022614285736,27.398997875447684,31.39135194,3.983975261161948,7.976329325714264,stable,False,,inner_validation,
rolling_origin_2022-03-01,rolling_origin_2022-03-01__inner_3_2021-11-02,Z11_ebm,42117,a40ac2b986e49ebf9655fde3ea9d7d2a12798b9bbf0cf864fc9507b6910d58e7,P-H01-W002::C012::C014,P-H01-W002,P-H01,GEO_SW,2021-05-18,2021-11-02,168,0.7777122998,60.40185917209824,32.78059662222143,37.78613479,27.62126254987681,22.615724382098243,accelerating,True,,inner_validation,
rolling_origin_2022-03-01,rolling_origin_2022-03-01__inner_3_2021-11-02,Z11_ebm,42117,a40ac2b986e49ebf9655fde3ea9d7d2a12798b9bbf0cf864fc9507b6910d58e7,P-H01-W003::C012::C014,P-H01-W003,P-H01,GEO_SW,2021-05-18,2021-11-02,168,0.8193599342,92.57859803437496,23.435933048221777,27.8815384,69.14266498615319,64.69705963437497,stable,False,,inner_validation,
rolling_origin_2022-03-01,rolling_origin_2022-03-01__inner_3_2021-11-02,Z11_ebm,42117,a40ac2b986e49ebf9655fde3ea9d7d2a12798b9bbf0cf864fc9507b6910d58e7,P-H01-W004::C012::C014,P-H01-W004,P-H01,GEO_SW,2021-05-18,2021-11-02,168,0.831948795,25.24678093214287,35.28814249654203,34.31960682,10.04136156439916,9.072825887857128,stable,False,,inner_validation,
rolling_origin_2022-03-01,rolling_origin_2022-03-01__inner_3_2021-11-02,Z11_ebm,42117,a40ac2b986e49ebf9655fde3ea9d7d2a12798b9bbf0cf864fc9507b6910d58e7,P-H01-W005::C012::C014,P-H01-W005,P-H01,GEO_SW,2021-05-18,2021-11-02,168,0.8300235042,41.91560539151786,53.9666752829326,57.99118286,12.051069891414741,16.075577468482145,stable,False,,inner_validation,
rolling_origin_2022-03-01,rolling_origin_2022-03-01__inner_3_2021-11-02,Z11_ebm,42117,a40ac2b986e49ebf9655fde3ea9d7d2a12798b9bbf0cf864fc9507b6910d58e7,P-H01-W006::C012::C014,P-H01-W006,P-H01,GEO_SW,2021-05-18,2021-11-02,168,0.8109378989,29.931847682589293,29.33629239997662,36.80496663,0.595555282612672,6.87311894741071,volatile_or_gap,True,,inner_validation,
rolling_origin_2022-03-01,rolling_origin_2022-03-01__inner_3_2021-11-02,Z11_ebm,42117,a40ac2b986e49ebf9655fde3ea9d7d2a12798b9bbf0cf864fc9507b6910d58e7,P-H01-W007::C012::C014,P-H01-W007,P-H01,GEO_SW,2021-05-18,2021-11-02,168,0.764012088,32.734321794196404,34.90833754740227,40.38511,2.1740157532058646,7.650788205803593,stable,False,,inner_validation,
rolling_origin_2022-03-01,rolling_origin_2022-03-01__inner_3_2021-11-02,Z11_ebm,42117,a40ac2b986e49ebf9655fde3ea9d7d2a12798b9bbf0cf864fc9507b6910d58e7,P-H02-W001::C012::C014,P-H02-W001,P-H02,GEO_SW,2021-05-18,2021-11-02,168,0.7461527958,35.86545546517855,42.769146535610076,40.26384475,6.9036910704315275,4.398389284821448,volatile_or_gap,True,,inner_validation,
rolling_origin_2022-03-01,rolling_origin_2022-03-01__inner_3_2021-11-02,Z11_ebm,42117,a40ac2b986e49ebf9655fde3ea9d7d2a12798b9bbf0cf864fc9507b6910d58e7,P-H02-W003::C012::C014,P-H02-W003,P-H02,GEO_SW,2021-05-18,2021-11-02,168,0.780690719,46.21176329062498,28.32538599835003,30.74942023,17.88637729227495,15.462343060624981,stable,False,,inner_validation,
rolling_origin_2022-03-01,rolling_origin_2022-03-01__inner_3_2021-11-02,Z11_ebm,42117,a40ac2b986e49ebf9655fde3ea9d7d2a12798b9bbf0cf864fc9507b6910d58e7,P-H02-W004::C012::C014,P-H02-W004,P-H02,GEO_SW,2021-05-18,2021-11-02,168,0.7832084758,25.435280369642875,26.91542243805626,24.99691141,1.480142068413386,0.4383689596428759,stable,False,,inner_validation,
rolling_origin_2022-03-01,rolling_origin_2022-03-01__inner_3_2021-11-02,Z11_ebm,42117,a40ac2b986e49ebf9655fde3ea9d7d2a12798b9bbf0cf864fc9507b6910d58e7,P-H02-W005::C012::C014,P-H02-W005,P-H02,GEO_SW,2021-05-18,2021-11-02,168,0.777365144,8.961431121562498,8.787427563931093,5.140380781,0.17400355763140496,3.821050340562498,stable,False,,inner_validation,
rolling_origin_2022-03-01,rolling_origin_2022-03-01__inner_3_2021-11-02,Z11_ebm,42117,a40ac2b986e49ebf9655fde3ea9d7d2a12798b9bbf0cf864fc9507b6910d58e7,P-H02-W006::C012::C014,P-H02-W006,P-H02,GEO_SW,2021-05-18,2021-11-02,168,0.7692297203,16.971581923660747,22.45833189234814,22.94118345,5.486749968687395,5.969601526339254,stable,False,,inner_validation,
rolling_origin_2022-03-01,rolling_origin_2022-03-01__inner_3_2021-11-02,Z11_ebm,42117,a40ac2b986e49ebf9655fde3ea9d7d2a12798b9bbf0cf864fc9507b6910d58e7,P-H02-W007::C012::C014,P-H02-W007,P-H02,GEO_SW,2021-05-18,2021-11-02,168,0.7448081487,39.27815209955347,39.72970099244587,33.66056903,0.4515488928923972,5.617583069553476,stable,False,,inner_validation,
rolling_origin_2022-03-01,rolling_origin_2022-03-01__inner_3_2021-11-02,Z11_ebm,42117,a40ac2b986e49ebf9655fde3ea9d7d2a12798b9bbf0cf864fc9507b6910d58e7,P-H03-W001::C012::C014,P-H03-W001,P-H03,GEO_SE,2021-05-18,2021-11-02,168,0.6866493744,48.17373779910713,52.702303226460245,55.79520838,4.528565427353115,7.621470580892868,stable,False,,inner_validation,
rolling_origin_2022-03-01,rolling_origin_2022-03-01__inner_3_2021-11-02,Z11_ebm,42117,a40ac2b986e49ebf9655fde3ea9d7d2a12798b9bbf0cf864fc9507b6910d58e7,P-H03-W003::C012::C014,P-H03-W003,P-H03,GEO_SE,2021-05-18,2021-11-02,168,0.720083175,40.8862650160714,47.802560014604495,55.22424195,6.916294998533097,14.337976933928601,stable,False,,inner_validation,
rolling_origin_2022-03-01,rolling_origin_2022-03-01__inner_3_2021-11-02,Z11_ebm,42117,a40ac2b986e49ebf9655fde3ea9d7d2a12798b9bbf0cf864fc9507b6910d58e7,P-H03-W004::C012::C014,P-H03-W004,P-H03,GEO_SE,2021-05-18,2021-11-02,168,0.7262114604,39.54807054508922,52.91105780666157,53.79173908,13.36298726157235,14.243668534910782,volatile_or_gap,True,,inner_validation,
rolling_origin_2022-03-01,rolling_origin_2022-03-01__inner_3_2021-11-02,Z11_ebm,42117,a40ac2b986e49ebf9655fde3ea9d7d2a12798b9bbf0cf864fc9507b6910d58e7,P-H03-W005::C012::C014,P-H03-W005,P-H03,GEO_SE,2021-05-18,2021-11-02,168,0.7242985667,42.20222619776782,51.56034719305371,58.48725824,9.358120995285887,16.28503204223218,stable,False,,inner_validation,
rolling_origin_2022-03-01,rolling_origin_2022-03-01__inner_3_2021-11-02,Z11_ebm,42117,a40ac2b986e49ebf9655fde3ea9d7d2a12798b9bbf0cf864fc9507b6910d58e7,P-H03-W006::C012::C014,P-H03-W006,P-H03,GEO_SE,2021-05-18,2021-11-02,168,0.7204704303,50.45865396517864,55.031588115114275,60.8429903,4.572934149935634,10.384336334821356,stable,False,,inner_validation,
rolling_origin_2022-03-01,rolling_origin_2022-03-01__inner_3_2021-11-02,Z11_ebm,42117,a40ac2b986e49ebf9655fde3ea9d7d2a12798b9bbf0cf864fc9507b6910d58e7,P-H03-W007::C012::C014,P-H03-W007,P-H03,GEO_SE,2021-05-18,2021-11-02,168,0.6978605537,20.34855819508926,16.944150271597643,23.45598245,3.4044079234916182,3.1074242549107396,stable,False,,inner_validation,
rolling_origin_2022-03-01,rolling_origin_2022-03-01__inner_3_2021-11-02,Z11_ebm,42117,a40ac2b986e49ebf9655fde3ea9d7d2a12798b9bbf0cf864fc9507b6910d58e7,P-H05-W001::C012::C014,P-H05-W001,P-H05,GEO_NE,2021-05-18,2021-11-02,168,0.7395990944,37.840410915178566,38.64937046957165,41.73965284,0.8089595543930841,3.899241924821432,stable,False,,inner_validation,
rolling_origin_2022-03-01,rolling_origin_2022-03-01__inner_3_2021-11-02,Z11_ebm,42117,a40ac2b986e49ebf9655fde3ea9d7d2a12798b9bbf0cf864fc9507b6910d58e7,P-H05-W002::C012::C014,P-H05-W002,P-H05,GEO_NE,2021-05-18,2021-11-02,168,0.7761737452,40.98132176339293,39.124117251880925,44.30322179,1.857204511512002,3.321900026607075,stable,False,,inner_validation,
rolling_origin_2022-03-01,rolling_origin_2022-03-01__inner_3_2021-11-02,Z11_ebm,42117,a40ac2b986e49ebf9655fde3ea9d7d2a12798b9bbf0cf864fc9507b6910d58e7,P-H05-W003::C012::C014,P-H05-W003,P-H05,GEO_NE,2021-05-18,2021-11-02,168,0.7951041972,26.975410477678437,31.230779863780604,38.91696053,4.255369386102167,11.94155005232156,stable,False,,inner_validation,
rolling_origin_2022-03-01,rolling_origin_2022-03-01__inner_3_2021-11-02,Z11_ebm,42117,a40ac2b986e49ebf9655fde3ea9d7d2a12798b9bbf0cf864fc9507b6910d58e7,P-H05-W004::C012::C014,P-H05-W004,P-H05,GEO_NE,2021-05-18,2021-11-02,168,0.8016977208,23.50097202678548,22.321365613839507,26.56339138,1.1796064129459722,3.062419353214519,stable,False,,inner_validation,
rolling_origin_2022-03-01,rolling_origin_2022-03-01__inner_3_2021-11-02,Z11_ebm,42117,a40ac2b986e49ebf9655fde3ea9d7d2a12798b9bbf0cf864fc9507b6910d58e7,P-H05-W005::C012::C014,P-H05-W005,P-H05,GEO_NE,2021-05-18,2021-11-02,168,0.7905976826,16.149761379464024,16.53523337364595,18.72824403,0.3854719941819269,2.5784826505359746,stable,False,,inner_validation,
rolling_origin_2022-03-01,rolling_origin_2022-03-01__inner_3_2021-11-02,Z11_ebm,42117,a40ac2b986e49ebf9655fde3ea9d7d2a12798b9bbf0cf864fc9507b6910d58e7,P-H05-W006::C012::C014,P-H05-W006,P-H05,GEO_NE,2021-05-18,2021-11-02,168,0.7638438937,19.858570754464363,16.834106901499226,17.42625407,3.0244638529651375,2.4323166844643644,stable,False,,inner_validation,
rolling_origin_2022-03-01,rolling_origin_2022-03-01__inner_3_2021-11-02,Z11_ebm,42117,a40ac2b986e49ebf9655fde3ea9d7d2a12798b9bbf0cf864fc9507b6910d58e7,P-H05-W007::C012::C014,P-H05-W007,P-H05,GEO_NE,2021-05-18,2021-11-02,168,0.7234093087,25.43194333258931,29.52331989610352,28.8861532,4.09137656351421,3.4542098674106896,stable,False,,inner_validation,
rolling_origin_2022-03-01,rolling_origin_2022-03-01__inner_3_2021-11-02,Z11_ebm,42117,a40ac2b986e49ebf9655fde3ea9d7d2a12798b9bbf0cf864fc9507b6910d58e7,P-H06-W001::C012::C014,P-H06-W001,P-H06,GEO_NE,2021-05-18,2021-11-02,168,0.7135266086,4.745390831696363,2.603424456359396,3.415638973,2.141966375336967,1.3297518586963628,stable,False,,inner_validation,
rolling_origin_2022-03-01,rolling_origin_2022-03-01__inner_3_2021-11-02,Z11_ebm,42117,a40ac2b986e49ebf9655fde3ea9d7d2a12798b9bbf0cf864fc9507b6910d58e7,P-H06-W002::C012::C014,P-H06-W002,P-H06,GEO_NE,2021-05-18,2021-11-02,168,0.7584289183,4.665007785714293,1.3390086518588586,2.699077508,3.325999133855434,1.965930277714293,stable,False,,inner_validation,
rolling_origin_2022-03-01,rolling_origin_2022-03-01__inner_3_2021-11-02,Z11_ebm,42117,a40ac2b986e49ebf9655fde3ea9d7d2a12798b9bbf0cf864fc9507b6910d58e7,P-H06-W003::C012::C014,P-H06-W003,P-H06,GEO_NE,2021-05-18,2021-11-02,168,0.7838244488,5.267175024107125,1.3524832152701445,4.328006741,3.914691808836981,0.9391682831071249,stable,False,,inner_validation,
rolling_origin_2022-03-01,rolling_origin_2022-03-01__inner_3_2021-11-02,Z11_ebm,42117,a40ac2b986e49ebf9655fde3ea9d7d2a12798b9bbf0cf864fc9507b6910d58e7,P-H06-W004::C012::C014,P-H06-W004,P-H06,GEO_NE,2021-05-18,2021-11-02,168,0.7945257625,0.6835471124999815,3.1567286261393073,6.941094664,2.473181513639326,6.257547551500019,stable,False,,inner_validation,
rolling_origin_2022-03-01,rolling_origin_2022-03-01__inner_3_2021-11-02,Z11_ebm,42117,a40ac2b986e49ebf9655fde3ea9d7d2a12798b9bbf0cf864fc9507b6910d58e7,P-H06-W005::C012::C014,P-H06-W005,P-H06,GEO_NE,2021-05-18,2021-11-02,168,0.794466752,1.355006624107136,4.4896148876666295,6.538629574,3.1346082635594934,5.183622949892864,stable,False,,inner_validation,
rolling_origin_2022-03-01,rolling_origin_2022-03-01__inner_3_2021-11-02,Z11_ebm,42117,a40ac2b986e49ebf9655fde3ea9d7d2a12798b9bbf0cf864fc9507b6910d58e7,P-H06-W006::C012::C014,P-H06-W006,P-H06,GEO_NE,2021-05-18,2021-11-02,168,0.7701842404,0.5771882691964176,5.128568545328391,5.409631423,4.551380276131973,4.832443153803583,stable,False,,inner_validation,
rolling_origin_2022-03-01,rolling_origin_2022-03-01__inner_3_2021-11-02,Z11_ebm,42117,a40ac2b986e49ebf9655fde3ea9d7d2a12798b9bbf0cf864fc9507b6910d58e7,P-H06-W007::C012::C014,P-H06-W007,P-H06,GEO_NE,2021-05-18,2021-11-02,168,0.7521008221,-0.8879290331696407,6.647095795286795,3.441170082,7.535024828456436,4.329099115169641,volatile_or_gap,True,,inner_validation,
rolling_origin_2022-03-01,rolling_origin_2022-03-01__inner_3_2021-11-02,Z11_ebm,42117,a40ac2b986e49ebf9655fde3ea9d7d2a12798b9bbf0cf864fc9507b6910d58e7,P-H07-W001::C012::C014,P-H07-W001,P-H07,GEO_NE,2021-05-18,2021-11-02,168,0.7268787388,28.249550751785726,29.83197601951154,33.94962263,1.5824252677258137,5.700071878214274,volatile_or_gap,True,,inner_validation,
rolling_origin_2022-03-01,rolling_origin_2022-03-01__inner_3_2021-11-02,Z11_ebm,42117,a40ac2b986e49ebf9655fde3ea9d7d2a12798b9bbf0cf864fc9507b6910d58e7,P-H07-W002::C012::C014,P-H07-W002,P-H07,GEO_NE,2021-05-18,2021-11-02,168,0.7419866076,34.34648115892864,40.06215450094317,47.40963813,5.715673342014533,13.063156971071358,volatile_or_gap,True,,inner_validation,
rolling_origin_2022-03-01,rolling_origin_2022-03-01__inner_3_2021-11-02,Z11_ebm,42117,a40ac2b986e49ebf9655fde3ea9d7d2a12798b9bbf0cf864fc9507b6910d58e7,P-H07-W003::C012::C014,P-H07-W003,P-H07,GEO_NE,2021-05-18,2021-11-02,168,0.7560551864,-1.7974204696429723,-4.722633822017347,3.839043546,2.9252133523743744,5.636464015642972,volatile_or_gap,True,,inner_validation,
rolling_origin_2022-03-01,rolling_origin_2022-03-01__inner_3_2021-11-02,Z11_ebm,42117,a40ac2b986e49ebf9655fde3ea9d7d2a12798b9bbf0cf864fc9507b6910d58e7,P-H07-W004::C012::C014,P-H07-W004,P-H07,GEO_NE,2021-05-18,2021-11-02,168,0.7579387984,27.42839222321425,25.2819742768761,32.06497436,2.1464179463381505,4.636582136785751,volatile_or_gap,True,,inner_validation,
rolling_origin_2022-03-01,rolling_origin_2022-03-01__inner_3_2021-11-02,Z11_ebm,42117,a40ac2b986e49ebf9655fde3ea9d7d2a12798b9bbf0cf864fc9507b6910d58e7,P-H07-W005::C012::C014,P-H07-W005,P-H07,GEO_NE,2021-05-18,2021-11-02,168,0.7532707011,-5.287210051919641,1.3557990232169181,3.484852844,6.643009075136559,8.77206289591964,volatile_or_gap,True,,inner_validation,
rolling_origin_2022-03-01,rolling_origin_2022-03-01__inner_3_2021-11-02,Z11_ebm,42117,a40ac2b986e49ebf9655fde3ea9d7d2a12798b9bbf0cf864fc9507b6910d58e7,P-H07-W006::C012::C014,P-H07-W006,P-H07,GEO_NE,2021-05-18,2021-11-02,168,0.7380512243,14.045003036607142,25.45216706458503,19.12782264,11.407164027977888,5.08281960339286,volatile_or_gap,True,,inner_validation,
rolling_origin_2022-03-01,rolling_origin_2022-03-01__inner_3_2021-11-02,Z11_ebm,42117,a40ac2b986e49ebf9655fde3ea9d7d2a12798b9bbf0cf864fc9507b6910d58e7,P-H07-W007::C012::C014,P-H07-W007,P-H07,GEO_NE,2021-05-18,2021-11-02,168,0.7217568932,7.074490181473214,11.222396818589562,12.62932493,4.147906637116348,5.554834748526785,volatile_or_gap,True,,inner_validation,
rolling_origin_2022-03-01,rolling_origin_2022-03-01__inner_3_2021-11-02,Z11_ebm,42117,a40ac2b986e49ebf9655fde3ea9d7d2a12798b9bbf0cf864fc9507b6910d58e7,P-V01-W001::C012::C014,P-V01-W001,P-V01,GEO_SW,2021-05-18,2021-11-02,168,0.7164102732,29.913615185267822,31.33900523310458,30.59177959,1.425390047836757,0.6781644047321791,stable,False,,inner_validation,
rolling_origin_2022-03-01,rolling_origin_2022-03-01__inner_3_2021-11-02,Z11_ebm,42117,a40ac2b986e49ebf9655fde3ea9d7d2a12798b9bbf0cf864fc9507b6910d58e7,P-V01-W002::C012::C014,P-V01-W002,P-V01,GEO_SW,2021-05-18,2021-11-02,168,0.7481723266,36.69116005178576,30.735692890554287,29.85693283,5.955467161231471,6.834227221785756,stable,False,,inner_validation,
rolling_origin_2022-03-01,rolling_origin_2022-03-01__inner_3_2021-11-02,Z11_ebm,42117,a40ac2b986e49ebf9655fde3ea9d7d2a12798b9bbf0cf864fc9507b6910d58e7,P-V01-W003::C012::C014,P-V01-W003,P-V01,GEO_SW,2021-05-18,2021-11-02,168,0.767445056,23.223815108928576,23.498389709748846,23.58947679,0.2745746008202694,0.3656616810714226,stable,False,,inner_validation,
rolling_origin_2022-03-01,rolling_origin_2022-03-01__inner_3_2021-11-02,Z11_ebm,42117,a40ac2b986e49ebf9655fde3ea9d7d2a12798b9bbf0cf864fc9507b6910d58e7,P-V01-W004::C012::C014,P-V01-W004,P-V01,GEO_SW,2021-05-18,2021-11-02,168,0.7718797356,22.675043724553568,34.168133239676244,30.31805121,11.493089515122676,7.643007485446432,stable,False,,inner_validation,
rolling_origin_2022-03-01,rolling_origin_2022-03-01__inner_3_2021-11-02,Z11_ebm,42117,a40ac2b986e49ebf9655fde3ea9d7d2a12798b9bbf0cf864fc9507b6910d58e7,P-V01-W005::C012::C014,P-V01-W005,P-V01,GEO_SW,2021-05-18,2021-11-02,168,0.7698403192,34.19403080937506,37.6219833199755,38.00750686,3.4279525106004414,3.813476050624942,stable,False,,inner_validation,
rolling_origin_2022-03-01,rolling_origin_2022-03-01__inner_3_2021-11-02,Z11_ebm,42117,a40ac2b986e49ebf9655fde3ea9d7d2a12798b9bbf0cf864fc9507b6910d58e7,P-V01-W006::C012::C014,P-V01-W006,P-V01,GEO_SW,2021-05-18,2021-11-02,168,0.756289979,38.342819464732045,35.05568929684519,35.51622565,3.2871301678868576,2.8265938147320426,stable,False,,inner_validation,
rolling_origin_2022-03-01,rolling_origin_2022-03-01__inner_3_2021-11-02,Z11_ebm,42117,a40ac2b986e49ebf9655fde3ea9d7d2a12798b9bbf0cf864fc9507b6910d58e7,P-V01-W007::C012::C014,P-V01-W007,P-V01,GEO_SW,2021-05-18,2021-11-02,168,0.7305471412,42.90673713839289,39.84481731625348,47.78947436,3.0619198221394086,4.882737221607108,volatile_or_gap,True,,inner_validation,
rolling_origin_2022-03-01,rolling_origin_2022-03-01__inner_3_2021-11-02,Z11_ebm,42117,a40ac2b986e49ebf9655fde3ea9d7d2a12798b9bbf0cf864fc9507b6910d58e7,P-V02-W001::C012::C014,P-V02-W001,P-V02,GEO_SW,2021-05-18,2021-11-02,168,0.7266282257,39.316666842410605,37.97072548765241,42.12227194,1.345941354758196,2.8056050975893925,stable,False,,inner_validation,
rolling_origin_2022-03-01,rolling_origin_2022-03-01__inner_3_2021-11-02,Z11_ebm,42117,a40ac2b986e49ebf9655fde3ea9d7d2a12798b9bbf0cf864fc9507b6910d58e7,P-V02-W003::C012::C014,P-V02-W003,P-V02,GEO_NW,2021-05-18,2021-11-02,168,0.7473830371,7.253790732499992,6.539738567149343,6.076332082,0.7140521653506484,1.1774586504999913,stable,False,,inner_validation,
rolling_origin_2022-03-01,rolling_origin_2022-03-01__inner_3_2021-11-02,Z11_ebm,42117,a40ac2b986e49ebf9655fde3ea9d7d2a12798b9bbf0cf864fc9507b6910d58e7,P-V02-W004::C012::C014,P-V02-W004,P-V02,GEO_NW,2021-05-18,2021-11-02,168,0.7499251739,17.169392822901774,15.261929598395197,14.31329744,1.9074632245065768,2.856095382901774,stable,False,,inner_validation,
rolling_origin_2022-03-01,rolling_origin_2022-03-01__inner_3_2021-11-02,Z11_ebm,42117,a40ac2b986e49ebf9655fde3ea9d7d2a12798b9bbf0cf864fc9507b6910d58e7,P-V02-W005::C012::C014,P-V02-W005,P-V02,GEO_NW,2021-05-18,2021-11-02,168,0.7493095809,44.07420093214287,51.517203188679574,49.8453672,7.443002256536701,5.771166267857126,decelerating,True,,inner_validation,
rolling_origin_2022-03-01,rolling_origin_2022-03-01__inner_3_2021-11-02,Z11_ebm,42117,a40ac2b986e49ebf9655fde3ea9d7d2a12798b9bbf0cf864fc9507b6910d58e7,P-V02-W006::C012::C014,P-V02-W006,P-V02,GEO_NW,2021-05-18,2021-11-02,168,0.7399517158,24.7044120758929,30.1700582465915,22.12316549,5.465646170698598,2.581246585892899,decelerating,True,,inner_validation,
rolling_origin_2022-03-01,rolling_origin_2022-03-01__inner_3_2021-11-02,Z11_ebm,42117,a40ac2b986e49ebf9655fde3ea9d7d2a12798b9bbf0cf864fc9507b6910d58e7,P-V02-W007::C012::C014,P-V02-W007,P-V02,GEO_NW,2021-05-18,2021-11-02,168,0.726910472,21.55249863669641,25.69156265888995,18.28609376,4.139064022193541,3.2664048766964093,stable,False,,inner_validation,
rolling_origin_2022-03-01,rolling_origin_2022-03-01__inner_3_2021-11-02,Z11_ebm,42117,a40ac2b986e49ebf9655fde3ea9d7d2a12798b9bbf0cf864fc9507b6910d58e7,P-V03-W001::C012::C014,P-V03-W001,P-V03,GEO_SW,2021-05-18,2021-11-02,168,1.027367672,25.50489245401789,35.72344352371144,29.37423422,10.218551069693547,3.86934176598211,stable,False,,inner_validation,
rolling_origin_2022-03-01,rolling_origin_2022-03-01__inner_3_2021-11-02,Z11_ebm,42117,a40ac2b986e49ebf9655fde3ea9d7d2a12798b9bbf0cf864fc9507b6910d58e7,P-V03-W002::C012::C014,P-V03-W002,P-V03,GEO_SW,2021-05-18,2021-11-02,168,1.046909381,37.57939239464289,38.515606487073846,36.41134564,0.9362140924309585,1.1680467546428872,stable,False,,inner_validation,
rolling_origin_2022-03-01,rolling_origin_2022-03-01__inner_3_2021-11-02,Z11_ebm,42117,a40ac2b986e49ebf9655fde3ea9d7d2a12798b9bbf0cf864fc9507b6910d58e7,P-V03-W003::C012::C014,P-V03-W003,P-V03,GEO_SW,2021-05-18,2021-11-02,168,1.058730665,41.11248564732106,36.11713729253697,36.13762989,4.995348354784092,4.974855757321059,stable,False,,inner_validation,
rolling_origin_2022-03-01,rolling_origin_2022-03-01__inner_3_2021-11-02,Z11_ebm,42117,a40ac2b986e49ebf9655fde3ea9d7d2a12798b9bbf0cf864fc9507b6910d58e7,P-V03-W004::C012::C014,P-V03-W004,P-V03,GEO_SW,2021-05-18,2021-11-02,168,1.063608998,22.897837745535934,23.58474434755383,21.14081465,0.6869066020178956,1.757023095535935,stable,False,,inner_validation,
rolling_origin_2022-03-01,rolling_origin_2022-03-01__inner_3_2021-11-02,Z11_ebm,42117,a40ac2b986e49ebf9655fde3ea9d7d2a12798b9bbf0cf864fc9507b6910d58e7,P-V03-W005::C012::C014,P-V03-W005,P-V03,GEO_NW,2021-05-18,2021-11-02,168,1.059041915,34.030038342410776,36.450911124786074,33.52979331,2.420872782375298,0.5002450324107741,stable,False,,inner_validation,
rolling_origin_2022-03-01,rolling_origin_2022-03-01__inner_3_2021-11-02,Z11_ebm,42117,a40ac2b986e49ebf9655fde3ea9d7d2a12798b9bbf0cf864fc9507b6910d58e7,P-V03-W006::C012::C014,P-V03-W006,P-V03,GEO_NW,2021-05-18,2021-11-02,168,1.049938678,36.18461743750001,36.96546905530243,36.60124481,0.7808516178024192,0.41662737249998827,stable,False,,inner_validation,
rolling_origin_2022-03-01,rolling_origin_2022-03-01__inner_3_2021-11-02,Z11_ebm,42117,a40ac2b986e49ebf9655fde3ea9d7d2a12798b9bbf0cf864fc9507b6910d58e7,P-V03-W007::C012::C014,P-V03-W007,P-V03,GEO_NW,2021-05-18,2021-11-02,168,1.03676382,6.876204979017909,4.558533564362893,2.990749275,2.317671414655016,3.8854557040179087,stable,False,,inner_validation,
rolling_origin_2022-03-01,rolling_origin_2022-03-01__inner_3_2021-11-02,Z11_ebm,42117,a40ac2b986e49ebf9655fde3ea9d7d2a12798b9bbf0cf864fc9507b6910d58e7,P-V04-W001::C012::C014,P-V04-W001,P-V04,GEO_NE,2021-05-18,2021-11-02,168,0.6964639577,-1.4673618723214628,3.353001377085697,5.170736901,4.820363249407159,6.638098773321462,stable,False,,inner_validation,
rolling_origin_2022-03-01,rolling_origin_2022-03-01__inner_3_2021-11-02,Z11_ebm,42117,a40ac2b986e49ebf9655fde3ea9d7d2a12798b9bbf0cf864fc9507b6910d58e7,P-V04-W003::C012::C014,P-V04-W003,P-V04,GEO_NE,2021-05-18,2021-11-02,168,0.7173192582,-1.0570243687499608,-0.1736927589464237,5.198326629,0.8833316098035371,6.255350997749961,stable,False,,inner_validation,
rolling_origin_2022-03-01,rolling_origin_2022-03-01__inner_3_2021-11-02,Z11_ebm,42117,a40ac2b986e49ebf9655fde3ea9d7d2a12798b9bbf0cf864fc9507b6910d58e7,P-V04-W004::C012::C014,P-V04-W004,P-V04,GEO_NE,2021-05-18,2021-11-02,168,0.7218305072,0.0941847129464594,2.8866117993591103,5.64054747,2.792427086412651,5.54636275705354,stable,False,,inner_validation,
rolling_origin_2022-03-01,rolling_origin_2022-03-01__inner_3_2021-11-02,Z11_ebm,42117,a40ac2b986e49ebf9655fde3ea9d7d2a12798b9bbf0cf864fc9507b6910d58e7,P-V04-W006::C012::C014,P-V04-W006,P-V04,GEO_NE,2021-05-18,2021-11-02,168,0.7146746274,0.7289716026785651,0.9410104489897194,3.323061736,0.21203884631115433,2.5940901333214352,stable,False,,inner_validation,
rolling_origin_2022-03-01,rolling_origin_2022-03-01__inner_3_2021-11-02,Z11_ebm,42117,a40ac2b986e49ebf9655fde3ea9d7d2a12798b9bbf0cf864fc9507b6910d58e7,P-V04-W007::C012::C014,P-V04-W007,P-V04,GEO_NE,2021-05-18,2021-11-02,168,0.7030279108,36.67592195223209,36.242824051099525,39.16115001,0.4330979011325624,2.4852280577679124,stable,False,,inner_validation,
rolling_origin_2022-03-01,rolling_origin_2022-03-01__inner_3_2021-11-02,Z11_ebm,42117,a40ac2b986e49ebf9655fde3ea9d7d2a12798b9bbf0cf864fc9507b6910d58e7,P-V05-W001::C012::C014,P-V05-W001,P-V05,GEO_SE,2021-05-18,2021-11-02,168,0.6966526631,21.993922263392903,23.966370331494605,23.42147219,1.972448068101702,1.427549926607096,volatile_or_gap,True,,inner_validation,
rolling_origin_2022-03-01,rolling_origin_2022-03-01__inner_3_2021-11-02,Z11_ebm,42117,a40ac2b986e49ebf9655fde3ea9d7d2a12798b9bbf0cf864fc9507b6910d58e7,P-V05-W002::C012::C014,P-V05-W002,P-V05,GEO_NE,2021-05-18,2021-11-02,168,0.7152542128,27.68890026339269,29.447678208633228,32.42684854,1.7587779452405385,4.737948276607312,volatile_or_gap,True,,inner_validation,
rolling_origin_2022-03-01,rolling_origin_2022-03-01__inner_3_2021-11-02,Z11_ebm,42117,a40ac2b986e49ebf9655fde3ea9d7d2a12798b9bbf0cf864fc9507b6910d58e7,P-V05-W003::C012::C014,P-V05-W003,P-V05,GEO_NE,2021-05-18,2021-11-02,168,0.718494857,34.764084093749986,24.632440029917774,27.76560031,10.131644063832212,6.998483783749986,stable,False,,inner_validation,
rolling_origin_2022-03-01,rolling_origin_2022-03-01__inner_3_2021-11-02,Z11_ebm,42117,a40ac2b986e49ebf9655fde3ea9d7d2a12798b9bbf0cf864fc9507b6910d58e7,P-V05-W004::C012::C014,P-V05-W004,P-V05,GEO_NE,2021-05-18,2021-11-02,168,0.7199061355,35.14872278124974,34.43324759074876,32.02398019,0.7154751905009746,3.124742591249735,stable,False,,inner_validation,
rolling_origin_2022-03-01,rolling_origin_2022-03-01__inner_3_2021-11-02,Z11_ebm,42117,a40ac2b986e49ebf9655fde3ea9d7d2a12798b9bbf0cf864fc9507b6910d58e7,P-V05-W006::C012::C014,P-V05-W006,P-V05,GEO_NE,2021-05-18,2021-11-02,168,0.710711044,23.59521522321437,17.905326979945315,18.97827038,5.689888243269056,4.61694484321437,stable,False,,inner_validation,
rolling_origin_2022-03-01,rolling_origin_2022-03-01__inner_3_2021-11-02,Z11_ebm,42117,a40ac2b986e49ebf9655fde3ea9d7d2a12798b9bbf0cf864fc9507b6910d58e7,P-V05-W007::C012::C014,P-V05-W007,P-V05,GEO_NE,2021-05-18,2021-11-02,168,0.6981003438,33.28180610714288,34.89129564761924,34.88939317,1.6094895404763605,1.607587062857121,stable,False,,inner_validation,
rolling_origin_2022-03-01,rolling_origin_2022-03-01__inner_3_2021-11-02,Z11_ebm,42117,a40ac2b986e49ebf9655fde3ea9d7d2a12798b9bbf0cf864fc9507b6910d58e7,P-H04-W001::C013::C014,P-H04-W001,P-H04,GEO_SW,2021-07-13,2021-11-02,112,0.7389120973,29.99718025446432,18.06289095734014,31.2369445,11.934289297124177,1.2397642455356817,accelerating,True,,inner_validation,
rolling_origin_2022-03-01,rolling_origin_2022-03-01__inner_3_2021-11-02,Z11_ebm,42117,a40ac2b986e49ebf9655fde3ea9d7d2a12798b9bbf0cf864fc9507b6910d58e7,P-H04-W002::C013::C014,P-H04-W002,P-H04,GEO_SW,2021-07-13,2021-11-02,112,0.7558706455,33.07868003772325,21.647803353168502,31.20459114,11.43087668455475,1.8740888977232508,accelerating,True,,inner_validation,
rolling_origin_2022-03-01,rolling_origin_2022-03-01__inner_3_2021-11-02,Z11_ebm,42117,a40ac2b986e49ebf9655fde3ea9d7d2a12798b9bbf0cf864fc9507b6910d58e7,P-H04-W003::C013::C014,P-H04-W003,P-H04,GEO_SW,2021-07-13,2021-11-02,112,0.7729357338,36.30555943058037,18.703499163621306,30.958499,17.60206026695906,5.347060430580367,accelerating,True,,inner_validation,
rolling_origin_2022-03-01,rolling_origin_2022-03-01__inner_3_2021-11-02,Z11_ebm,42117,a40ac2b986e49ebf9655fde3ea9d7d2a12798b9bbf0cf864fc9507b6910d58e7,P-H04-W004::C013::C014,P-H04-W004,P-H04,GEO_SW,2021-07-13,2021-11-02,112,0.7760900045,24.973401634151763,5.428805248085337,20.15308248,19.544596386066427,4.820319154151765,accelerating,True,,inner_validation,
rolling_origin_2022-03-01,rolling_origin_2022-03-01__inner_3_2021-11-02,Z11_ebm,42117,a40ac2b986e49ebf9655fde3ea9d7d2a12798b9bbf0cf864fc9507b6910d58e7,P-H04-W005::C013::C014,P-H04-W005,P-H04,GEO_SW,2021-07-13,2021-11-02,112,0.7715255893,34.87086884464279,21.07561493607746,35.14746159,13.795253908565332,0.2765927453572061,accelerating,True,,inner_validation,
rolling_origin_2022-03-01,rolling_origin_2022-03-01__inner_3_2021-11-02,Z11_ebm,42117,a40ac2b986e49ebf9655fde3ea9d7d2a12798b9bbf0cf864fc9507b6910d58e7,P-H04-W006::C013::C014,P-H04-W006,P-H04,GEO_SW,2021-07-13,2021-11-02,112,0.7540199569,30.22836035022316,19.12760013823212,30.25769225,11.100760211991041,0.029331899776842363,accelerating,True,,inner_validation,
rolling_origin_2022-03-01,rolling_origin_2022-03-01__inner_3_2021-11-02,Z11_ebm,42117,a40ac2b986e49ebf9655fde3ea9d7d2a12798b9bbf0cf864fc9507b6910d58e7,P-H04-W007::C013::C014,P-H04-W007,P-H04,GEO_SW,2021-07-13,2021-11-02,112,0.7258471475,38.06636184843747,26.21000513166901,36.88264017,11.856356716768456,1.1837216784374647,accelerating,True,,inner_validation,
rolling_origin_2022-03-01,rolling_origin_2022-03-01__inner_3_2021-11-02,Z11_ebm,42117,a40ac2b986e49ebf9655fde3ea9d7d2a12798b9bbf0cf864fc9507b6910d58e7,P-V06-W001::C013::C014,P-V06-W001,P-V06,GEO_NE,2021-07-13,2021-11-02,112,0.6965658013,0.8170106635854913,0.49496639037127016,-6.831907383,0.3220442732142212,7.648918046585491,decelerating,True,,inner_validation,
rolling_origin_2022-03-01,rolling_origin_2022-03-01__inner_3_2021-11-02,Z11_ebm,42117,a40ac2b986e49ebf9655fde3ea9d7d2a12798b9bbf0cf864fc9507b6910d58e7,P-V06-W002::C013::C014,P-V06-W002,P-V06,GEO_NE,2021-07-13,2021-11-02,112,0.7280271209,20.29697576383933,16.049497075343826,20.85393089,4.247478688495505,0.5569551261606698,stable,False,,inner_validation,
rolling_origin_2022-03-01,rolling_origin_2022-03-01__inner_3_2021-11-02,Z11_ebm,42117,a40ac2b986e49ebf9655fde3ea9d7d2a12798b9bbf0cf864fc9507b6910d58e7,P-V06-W004::C013::C014,P-V06-W004,P-V06,GEO_NE,2021-07-13,2021-11-02,112,0.7511360478,22.24644187299112,17.806791337422645,19.32768133,4.439650535568475,2.9187605429911194,decelerating,True,,inner_validation,
rolling_origin_2022-03-01,rolling_origin_2022-03-01__inner_3_2021-11-02,Z11_ebm,42117,a40ac2b986e49ebf9655fde3ea9d7d2a12798b9bbf0cf864fc9507b6910d58e7,P-V06-W005::C013::C014,P-V06-W005,P-V06,GEO_NE,2021-07-13,2021-11-02,112,0.7507483681,41.84564208013391,32.544334212920866,43.1558834,9.301307867213048,1.310241319866087,volatile_or_gap,True,,inner_validation,
rolling_origin_2022-03-01,rolling_origin_2022-03-01__inner_3_2021-11-02,Z11_ebm,42117,a40ac2b986e49ebf9655fde3ea9d7d2a12798b9bbf0cf864fc9507b6910d58e7,P-V06-W006::C013::C014,P-V06-W006,P-V06,GEO_NE,2021-07-13,2021-11-02,112,0.7399028839,20.57359524241079,13.568770189839023,15.22136628,7.004825052571766,5.3522289624107895,decelerating,True,,inner_validation,
rolling_origin_2022-03-01,rolling_origin_2022-03-01__inner_3_2021-11-02,Z11_ebm,42117,a40ac2b986e49ebf9655fde3ea9d7d2a12798b9bbf0cf864fc9507b6910d58e7,P-V06-W007::C013::C014,P-V06-W007,P-V06,GEO_NE,2021-07-13,2021-11-02,112,0.7284375974,16.34794755133929,14.690335196125204,15.91980235,1.6576123552140842,0.428145201339289,decelerating,True,,inner_validation,
rolling_origin_2022-05-17,rolling_origin_2022-05-17__inner_1_2021-07-13,Z11_ebm,42117,ac677f07b978ea0c00a6dd892171c843ffa149403a7de90405243ebb07152a90,P-H04-W001::C012::C013,P-H04-W001,P-H04,GEO_SW,2021-05-18,2021-07-13,56,0.9433875977,31.23694441607144,25.847575265415117,25.0491263,5.389369150656325,6.1878181160714405,volatile_or_gap,True,,inner_validation,
rolling_origin_2022-05-17,rolling_origin_2022-05-17__inner_1_2021-07-13,Z11_ebm,42117,ac677f07b978ea0c00a6dd892171c843ffa149403a7de90405243ebb07152a90,P-H04-W002::C012::C013,P-H04-W002,P-H04,GEO_SW,2021-05-18,2021-07-13,56,0.9673442344,31.20459109285705,33.411000623908286,25.26967513,2.2064095310512357,5.934915962857051,volatile_or_gap,True,,inner_validation,
rolling_origin_2022-05-17,rolling_origin_2022-05-17__inner_1_2021-07-13,Z11_ebm,42117,ac677f07b978ea0c00a6dd892171c843ffa149403a7de90405243ebb07152a90,P-H04-W003::C012::C013,P-H04-W003,P-H04,GEO_SW,2021-05-18,2021-07-13,56,0.9919039818,30.958499339732445,32.4960300116329,22.80323439,1.537530671900452,8.155264949732445,decelerating,True,,inner_validation,
rolling_origin_2022-05-17,rolling_origin_2022-05-17__inner_1_2021-07-13,Z11_ebm,42117,ac677f07b978ea0c00a6dd892171c843ffa149403a7de90405243ebb07152a90,P-H04-W004::C012::C013,P-H04-W004,P-H04,GEO_SW,2021-05-18,2021-07-13,56,0.9974875181,20.153082265178657,22.132592633882666,12.95864169,1.979510368704009,7.194440575178657,decelerating,True,,inner_validation,
rolling_origin_2022-05-17,rolling_origin_2022-05-17__inner_1_2021-07-13,Z11_ebm,42117,ac677f07b978ea0c00a6dd892171c843ffa149403a7de90405243ebb07152a90,P-H04-W005::C012::C013,P-H04-W005,P-H04,GEO_SW,2021-05-18,2021-07-13,56,0.9920489265,35.14746158169659,29.641023784427155,25.68733115,5.5064377972694345,9.46013043169659,stable,False,,inner_validation,
rolling_origin_2022-05-17,rolling_origin_2022-05-17__inner_1_2021-07-13,Z11_ebm,42117,ac677f07b978ea0c00a6dd892171c843ffa149403a7de90405243ebb07152a90,P-H04-W006::C012::C013,P-H04-W006,P-H04,GEO_SW,2021-05-18,2021-07-13,56,0.9695172509,30.257692208035785,23.315719178197924,22.22555291,6.941973029837861,8.032139298035784,volatile_or_gap,True,,inner_validation,
rolling_origin_2022-05-17,rolling_origin_2022-05-17__inner_1_2021-07-13,Z11_ebm,42117,ac677f07b978ea0c00a6dd892171c843ffa149403a7de90405243ebb07152a90,P-H04-W007::C012::C013,P-H04-W007,P-H04,GEO_SW,2021-05-18,2021-07-13,56,0.9324296229,36.882639755357225,35.44056890594223,32.40512459,1.4420708494149963,4.477515165357225,stable,False,,inner_validation,
rolling_origin_2022-05-17,rolling_origin_2022-05-17__inner_1_2021-07-13,Z11_ebm,42117,ac677f07b978ea0c00a6dd892171c843ffa149403a7de90405243ebb07152a90,P-V06-W001::C012::C013,P-V06-W001,P-V06,GEO_NE,2021-05-18,2021-07-13,56,0.7234484622,-6.831907383358929,-4.131257488217834,1.366270873,2.700649895141095,8.19817825635893,stable,False,,inner_validation,
rolling_origin_2022-05-17,rolling_origin_2022-05-17__inner_1_2021-07-13,Z11_ebm,42117,ac677f07b978ea0c00a6dd892171c843ffa149403a7de90405243ebb07152a90,P-V06-W002::C012::C013,P-V06-W002,P-V06,GEO_NE,2021-05-18,2021-07-13,56,0.7470293282,20.853931139732016,15.504540026464015,21.4448781,5.349391113268,0.5909469602679849,stable,False,,inner_validation,
rolling_origin_2022-05-17,rolling_origin_2022-05-17__inner_1_2021-07-13,Z11_ebm,42117,ac677f07b978ea0c00a6dd892171c843ffa149403a7de90405243ebb07152a90,P-V06-W004::C012::C013,P-V06-W004,P-V06,GEO_NE,2021-05-18,2021-07-13,56,0.758856874,19.327681836160597,20.27779562327268,28.43290454,0.9501137871120839,9.105222703839402,stable,False,,inner_validation,
rolling_origin_2022-05-17,rolling_origin_2022-05-17__inner_1_2021-07-13,Z11_ebm,42117,ac677f07b978ea0c00a6dd892171c843ffa149403a7de90405243ebb07152a90,P-V06-W006::C012::C013,P-V06-W006,P-V06,GEO_NE,2021-05-18,2021-07-13,56,0.7377623149,15.221365885714269,15.709766560519247,23.25419105,0.4884006748049785,8.03282516428573,stable,False,,inner_validation,
rolling_origin_2022-05-17,rolling_origin_2022-05-17__inner_1_2021-07-13,Z11_ebm,42117,ac677f07b978ea0c00a6dd892171c843ffa149403a7de90405243ebb07152a90,P-V06-W007::C012::C013,P-V06-W007,P-V06,GEO_NE,2021-05-18,2021-07-13,56,0.7229330526,15.919802805803611,15.088946442324778,23.71725334,0.8308563634788335,7.797450534196388,stable,False,,inner_validation,
rolling_origin_2022-05-17,rolling_origin_2022-05-17__inner_2_2021-11-02,Z11_ebm,42117,ac677f07b978ea0c00a6dd892171c843ffa149403a7de90405243ebb07152a90,P-D01-W001::C012::C014,P-D01-W001,P-D01,GEO_SW,2021-05-18,2021-11-02,168,0.7078458609,106.160046425,46.218838394549266,57.06447356,59.94120803045074,49.095572865,accelerating,True,,inner_validation,
rolling_origin_2022-05-17,rolling_origin_2022-05-17__inner_2_2021-11-02,Z11_ebm,42117,ac677f07b978ea0c00a6dd892171c843ffa149403a7de90405243ebb07152a90,P-D01-W002::C012::C014,P-D01-W002,P-D01,GEO_SW,2021-05-18,2021-11-02,168,0.7260975829,46.72850311964286,46.6783584313138,50.48503656,0.0501446883290626,3.7565334403571384,volatile_or_gap,True,,inner_validation,
rolling_origin_2022-05-17,rolling_origin_2022-05-17__inner_2_2021-11-02,Z11_ebm,42117,ac677f07b978ea0c00a6dd892171c843ffa149403a7de90405243ebb07152a90,P-D01-W003::C012::C014,P-D01-W003,P-D01,GEO_SW,2021-05-18,2021-11-02,168,0.7375658013,5.494541627232151,1.0844709876687222,1.425230013,4.410070639563428,4.06931161423215,stable,False,,inner_validation,
rolling_origin_2022-05-17,rolling_origin_2022-05-17__inner_2_2021-11-02,Z11_ebm,42117,ac677f07b978ea0c00a6dd892171c843ffa149403a7de90405243ebb07152a90,P-D01-W004::C012::C014,P-D01-W004,P-D01,GEO_SW,2021-05-18,2021-11-02,168,0.7476194567,1.9160778022321208,1.047820177626006,2.357454974,0.8682576246061147,0.44137717176787916,stable,False,,inner_validation,
rolling_origin_2022-05-17,rolling_origin_2022-05-17__inner_2_2021-11-02,Z11_ebm,42117,ac677f07b978ea0c00a6dd892171c843ffa149403a7de90405243ebb07152a90,P-D01-W005::C012::C014,P-D01-W005,P-D01,GEO_SW,2021-05-18,2021-11-02,168,0.7475536042,37.21305207991077,29.98780818279447,38.51940639,7.225243897116297,1.3063543100892332,stable,False,,inner_validation,
rolling_origin_2022-05-17,rolling_origin_2022-05-17__inner_2_2021-11-02,Z11_ebm,42117,ac677f07b978ea0c00a6dd892171c843ffa149403a7de90405243ebb07152a90,P-D01-W006::C012::C014,P-D01-W006,P-D01,GEO_SW,2021-05-18,2021-11-02,168,0.7378590847,27.90570983705361,16.724014245867025,24.04250629,11.181695591186585,3.8632035470536117,stable,False,,inner_validation,
rolling_origin_2022-05-17,rolling_origin_2022-05-17__inner_2_2021-11-02,Z11_ebm,42117,ac677f07b978ea0c00a6dd892171c843ffa149403a7de90405243ebb07152a90,P-D01-W007::C012::C014,P-D01-W007,P-D01,GEO_SW,2021-05-18,2021-11-02,168,0.7174761566,23.140666163839263,28.823154976338735,33.7851846,5.6824888124994715,10.644518436160737,volatile_or_gap,True,,inner_validation,
rolling_origin_2022-05-17,rolling_origin_2022-05-17__inner_2_2021-11-02,Z11_ebm,42117,ac677f07b978ea0c00a6dd892171c843ffa149403a7de90405243ebb07152a90,P-H01-W001::C012::C014,P-H01-W001,P-H01,GEO_SW,2021-05-18,2021-11-02,168,0.7265116861,23.415022614285736,27.163910750165787,31.39135194,3.748888135880051,7.976329325714264,stable,False,,inner_validation,
rolling_origin_2022-05-17,rolling_origin_2022-05-17__inner_2_2021-11-02,Z11_ebm,42117,ac677f07b978ea0c00a6dd892171c843ffa149403a7de90405243ebb07152a90,P-H01-W002::C012::C014,P-H01-W002,P-H01,GEO_SW,2021-05-18,2021-11-02,168,0.7777122998,60.40185917209824,32.433134043410774,37.78613479,27.968725128687467,22.615724382098243,accelerating,True,,inner_validation,
rolling_origin_2022-05-17,rolling_origin_2022-05-17__inner_2_2021-11-02,Z11_ebm,42117,ac677f07b978ea0c00a6dd892171c843ffa149403a7de90405243ebb07152a90,P-H01-W003::C012::C014,P-H01-W003,P-H01,GEO_SW,2021-05-18,2021-11-02,168,0.8193599342,92.57859803437496,23.53000994727413,27.8815384,69.04858808710082,64.69705963437497,stable,False,,inner_validation,
rolling_origin_2022-05-17,rolling_origin_2022-05-17__inner_2_2021-11-02,Z11_ebm,42117,ac677f07b978ea0c00a6dd892171c843ffa149403a7de90405243ebb07152a90,P-H01-W004::C012::C014,P-H01-W004,P-H01,GEO_SW,2021-05-18,2021-11-02,168,0.831948795,25.24678093214287,35.324045618971574,34.31960682,10.077264686828705,9.072825887857128,stable,False,,inner_validation,
rolling_origin_2022-05-17,rolling_origin_2022-05-17__inner_2_2021-11-02,Z11_ebm,42117,ac677f07b978ea0c00a6dd892171c843ffa149403a7de90405243ebb07152a90,P-H01-W005::C012::C014,P-H01-W005,P-H01,GEO_SW,2021-05-18,2021-11-02,168,0.8300235042,41.91560539151786,53.82906856634196,57.99118286,11.913463174824102,16.075577468482145,stable,False,,inner_validation,
rolling_origin_2022-05-17,rolling_origin_2022-05-17__inner_2_2021-11-02,Z11_ebm,42117,ac677f07b978ea0c00a6dd892171c843ffa149403a7de90405243ebb07152a90,P-H01-W006::C012::C014,P-H01-W006,P-H01,GEO_SW,2021-05-18,2021-11-02,168,0.8109378989,29.931847682589293,28.446684249757205,36.80496663,1.4851634328320884,6.87311894741071,volatile_or_gap,True,,inner_validation,
rolling_origin_2022-05-17,rolling_origin_2022-05-17__inner_2_2021-11-02,Z11_ebm,42117,ac677f07b978ea0c00a6dd892171c843ffa149403a7de90405243ebb07152a90,P-H01-W007::C012::C014,P-H01-W007,P-H01,GEO_SW,2021-05-18,2021-11-02,168,0.764012088,32.734321794196404,34.56246730418838,40.38511,1.8281455099919768,7.650788205803593,stable,False,,inner_validation,
rolling_origin_2022-05-17,rolling_origin_2022-05-17__inner_2_2021-11-02,Z11_ebm,42117,ac677f07b978ea0c00a6dd892171c843ffa149403a7de90405243ebb07152a90,P-H02-W001::C012::C014,P-H02-W001,P-H02,GEO_SW,2021-05-18,2021-11-02,168,0.7461527958,35.86545546517855,41.72052100657041,40.26384475,5.855065541391859,4.398389284821448,volatile_or_gap,True,,inner_validation,
rolling_origin_2022-05-17,rolling_origin_2022-05-17__inner_2_2021-11-02,Z11_ebm,42117,ac677f07b978ea0c00a6dd892171c843ffa149403a7de90405243ebb07152a90,P-H02-W003::C012::C014,P-H02-W003,P-H02,GEO_SW,2021-05-18,2021-11-02,168,0.780690719,46.21176329062498,28.950474093416872,30.74942023,17.261289197208107,15.462343060624981,stable,False,,inner_validation,
rolling_origin_2022-05-17,rolling_origin_2022-05-17__inner_2_2021-11-02,Z11_ebm,42117,ac677f07b978ea0c00a6dd892171c843ffa149403a7de90405243ebb07152a90,P-H02-W004::C012::C014,P-H02-W004,P-H02,GEO_SW,2021-05-18,2021-11-02,168,0.7832084758,25.435280369642875,26.818648599601307,24.99691141,1.3833682299584318,0.4383689596428759,stable,False,,inner_validation,
rolling_origin_2022-05-17,rolling_origin_2022-05-17__inner_2_2021-11-02,Z11_ebm,42117,ac677f07b978ea0c00a6dd892171c843ffa149403a7de90405243ebb07152a90,P-H02-W005::C012::C014,P-H02-W005,P-H02,GEO_SW,2021-05-18,2021-11-02,168,0.777365144,8.961431121562498,9.490984892761036,5.140380781,0.5295537711985379,3.821050340562498,stable,False,,inner_validation,
rolling_origin_2022-05-17,rolling_origin_2022-05-17__inner_2_2021-11-02,Z11_ebm,42117,ac677f07b978ea0c00a6dd892171c843ffa149403a7de90405243ebb07152a90,P-H02-W006::C012::C014,P-H02-W006,P-H02,GEO_SW,2021-05-18,2021-11-02,168,0.7692297203,16.971581923660747,22.1809304617246,22.94118345,5.209348538063853,5.969601526339254,stable,False,,inner_validation,
rolling_origin_2022-05-17,rolling_origin_2022-05-17__inner_2_2021-11-02,Z11_ebm,42117,ac677f07b978ea0c00a6dd892171c843ffa149403a7de90405243ebb07152a90,P-H02-W007::C012::C014,P-H02-W007,P-H02,GEO_SW,2021-05-18,2021-11-02,168,0.7448081487,39.27815209955347,40.386698002628236,33.66056903,1.1085459030747629,5.617583069553476,stable,False,,inner_validation,
rolling_origin_2022-05-17,rolling_origin_2022-05-17__inner_2_2021-11-02,Z11_ebm,42117,ac677f07b978ea0c00a6dd892171c843ffa149403a7de90405243ebb07152a90,P-H03-W001::C012::C014,P-H03-W001,P-H03,GEO_SE,2021-05-18,2021-11-02,168,0.6866493744,48.17373779910713,51.859241131626234,55.79520838,3.6855033325191044,7.621470580892868,stable,False,,inner_validation,
rolling_origin_2022-05-17,rolling_origin_2022-05-17__inner_2_2021-11-02,Z11_ebm,42117,ac677f07b978ea0c00a6dd892171c843ffa149403a7de90405243ebb07152a90,P-H03-W003::C012::C014,P-H03-W003,P-H03,GEO_SE,2021-05-18,2021-11-02,168,0.720083175,40.8862650160714,48.170558261848626,55.22424195,7.284293245777228,14.337976933928601,stable,False,,inner_validation,
rolling_origin_2022-05-17,rolling_origin_2022-05-17__inner_2_2021-11-02,Z11_ebm,42117,ac677f07b978ea0c00a6dd892171c843ffa149403a7de90405243ebb07152a90,P-H03-W004::C012::C014,P-H03-W004,P-H03,GEO_SE,2021-05-18,2021-11-02,168,0.7262114604,39.54807054508922,53.63310058660881,53.79173908,14.085030041519595,14.243668534910782,volatile_or_gap,True,,inner_validation,
rolling_origin_2022-05-17,rolling_origin_2022-05-17__inner_2_2021-11-02,Z11_ebm,42117,ac677f07b978ea0c00a6dd892171c843ffa149403a7de90405243ebb07152a90,P-H03-W005::C012::C014,P-H03-W005,P-H03,GEO_SE,2021-05-18,2021-11-02,168,0.7242985667,42.20222619776782,51.3257798811755,58.48725824,9.123553683407678,16.28503204223218,stable,False,,inner_validation,
rolling_origin_2022-05-17,rolling_origin_2022-05-17__inner_2_2021-11-02,Z11_ebm,42117,ac677f07b978ea0c00a6dd892171c843ffa149403a7de90405243ebb07152a90,P-H03-W006::C012::C014,P-H03-W006,P-H03,GEO_SE,2021-05-18,2021-11-02,168,0.7204704303,50.45865396517864,54.59541072353298,60.8429903,4.136756758354338,10.384336334821356,stable,False,,inner_validation,
rolling_origin_2022-05-17,rolling_origin_2022-05-17__inner_2_2021-11-02,Z11_ebm,42117,ac677f07b978ea0c00a6dd892171c843ffa149403a7de90405243ebb07152a90,P-H03-W007::C012::C014,P-H03-W007,P-H03,GEO_SE,2021-05-18,2021-11-02,168,0.6978605537,20.34855819508926,17.275403426504962,23.45598245,3.073154768584299,3.1074242549107396,stable,False,,inner_validation,
rolling_origin_2022-05-17,rolling_origin_2022-05-17__inner_2_2021-11-02,Z11_ebm,42117,ac677f07b978ea0c00a6dd892171c843ffa149403a7de90405243ebb07152a90,P-H05-W001::C012::C014,P-H05-W001,P-H05,GEO_NE,2021-05-18,2021-11-02,168,0.7395990944,37.840410915178566,39.563154049392054,41.73965284,1.7227431342134878,3.899241924821432,stable,False,,inner_validation,
rolling_origin_2022-05-17,rolling_origin_2022-05-17__inner_2_2021-11-02,Z11_ebm,42117,ac677f07b978ea0c00a6dd892171c843ffa149403a7de90405243ebb07152a90,P-H05-W002::C012::C014,P-H05-W002,P-H05,GEO_NE,2021-05-18,2021-11-02,168,0.7761737452,40.98132176339293,38.22864170488112,44.30322179,2.7526800585118067,3.321900026607075,stable,False,,inner_validation,
rolling_origin_2022-05-17,rolling_origin_2022-05-17__inner_2_2021-11-02,Z11_ebm,42117,ac677f07b978ea0c00a6dd892171c843ffa149403a7de90405243ebb07152a90,P-H05-W003::C012::C014,P-H05-W003,P-H05,GEO_NE,2021-05-18,2021-11-02,168,0.7951041972,26.975410477678437,30.761174164310592,38.91696053,3.785763686632155,11.94155005232156,stable,False,,inner_validation,
rolling_origin_2022-05-17,rolling_origin_2022-05-17__inner_2_2021-11-02,Z11_ebm,42117,ac677f07b978ea0c00a6dd892171c843ffa149403a7de90405243ebb07152a90,P-H05-W004::C012::C014,P-H05-W004,P-H05,GEO_NE,2021-05-18,2021-11-02,168,0.8016977208,23.50097202678548,23.52319104624727,26.56339138,0.022219019461790168,3.062419353214519,stable,False,,inner_validation,
rolling_origin_2022-05-17,rolling_origin_2022-05-17__inner_2_2021-11-02,Z11_ebm,42117,ac677f07b978ea0c00a6dd892171c843ffa149403a7de90405243ebb07152a90,P-H05-W005::C012::C014,P-H05-W005,P-H05,GEO_NE,2021-05-18,2021-11-02,168,0.7905976826,16.149761379464024,17.667260263455116,18.72824403,1.5174988839910917,2.5784826505359746,stable,False,,inner_validation,
rolling_origin_2022-05-17,rolling_origin_2022-05-17__inner_2_2021-11-02,Z11_ebm,42117,ac677f07b978ea0c00a6dd892171c843ffa149403a7de90405243ebb07152a90,P-H05-W006::C012::C014,P-H05-W006,P-H05,GEO_NE,2021-05-18,2021-11-02,168,0.7638438937,19.858570754464363,17.464719137861277,17.42625407,2.3938516166030865,2.4323166844643644,stable,False,,inner_validation,
rolling_origin_2022-05-17,rolling_origin_2022-05-17__inner_2_2021-11-02,Z11_ebm,42117,ac677f07b978ea0c00a6dd892171c843ffa149403a7de90405243ebb07152a90,P-H05-W007::C012::C014,P-H05-W007,P-H05,GEO_NE,2021-05-18,2021-11-02,168,0.7234093087,25.43194333258931,29.909733422200777,28.8861532,4.477790089611467,3.4542098674106896,stable,False,,inner_validation,
rolling_origin_2022-05-17,rolling_origin_2022-05-17__inner_2_2021-11-02,Z11_ebm,42117,ac677f07b978ea0c00a6dd892171c843ffa149403a7de90405243ebb07152a90,P-H06-W001::C012::C014,P-H06-W001,P-H06,GEO_NE,2021-05-18,2021-11-02,168,0.7135266086,4.745390831696363,3.1917727599251973,3.415638973,1.5536180717711656,1.3297518586963628,stable,False,,inner_validation,
rolling_origin_2022-05-17,rolling_origin_2022-05-17__inner_2_2021-11-02,Z11_ebm,42117,ac677f07b978ea0c00a6dd892171c843ffa149403a7de90405243ebb07152a90,P-H06-W002::C012::C014,P-H06-W002,P-H06,GEO_NE,2021-05-18,2021-11-02,168,0.7584289183,4.665007785714293,1.094128089076189,2.699077508,3.570879696638104,1.965930277714293,stable,False,,inner_validation,
rolling_origin_2022-05-17,rolling_origin_2022-05-17__inner_2_2021-11-02,Z11_ebm,42117,ac677f07b978ea0c00a6dd892171c843ffa149403a7de90405243ebb07152a90,P-H06-W003::C012::C014,P-H06-W003,P-H06,GEO_NE,2021-05-18,2021-11-02,168,0.7838244488,5.267175024107125,1.2173404128967142,4.328006741,4.049834611210411,0.9391682831071249,stable,False,,inner_validation,
rolling_origin_2022-05-17,rolling_origin_2022-05-17__inner_2_2021-11-02,Z11_ebm,42117,ac677f07b978ea0c00a6dd892171c843ffa149403a7de90405243ebb07152a90,P-H06-W004::C012::C014,P-H06-W004,P-H06,GEO_NE,2021-05-18,2021-11-02,168,0.7945257625,0.6835471124999815,2.4676660352307436,6.941094664,1.7841189227307621,6.257547551500019,stable,False,,inner_validation,
rolling_origin_2022-05-17,rolling_origin_2022-05-17__inner_2_2021-11-02,Z11_ebm,42117,ac677f07b978ea0c00a6dd892171c843ffa149403a7de90405243ebb07152a90,P-H06-W005::C012::C014,P-H06-W005,P-H06,GEO_NE,2021-05-18,2021-11-02,168,0.794466752,1.355006624107136,4.277808488220679,6.538629574,2.922801864113543,5.183622949892864,stable,False,,inner_validation,
rolling_origin_2022-05-17,rolling_origin_2022-05-17__inner_2_2021-11-02,Z11_ebm,42117,ac677f07b978ea0c00a6dd892171c843ffa149403a7de90405243ebb07152a90,P-H06-W006::C012::C014,P-H06-W006,P-H06,GEO_NE,2021-05-18,2021-11-02,168,0.7701842404,0.5771882691964176,5.0083691858639,5.409631423,4.431180916667483,4.832443153803583,stable,False,,inner_validation,
rolling_origin_2022-05-17,rolling_origin_2022-05-17__inner_2_2021-11-02,Z11_ebm,42117,ac677f07b978ea0c00a6dd892171c843ffa149403a7de90405243ebb07152a90,P-H06-W007::C012::C014,P-H06-W007,P-H06,GEO_NE,2021-05-18,2021-11-02,168,0.7521008221,-0.8879290331696407,6.801922283782302,3.441170082,7.689851316951943,4.329099115169641,volatile_or_gap,True,,inner_validation,
rolling_origin_2022-05-17,rolling_origin_2022-05-17__inner_2_2021-11-02,Z11_ebm,42117,ac677f07b978ea0c00a6dd892171c843ffa149403a7de90405243ebb07152a90,P-H07-W001::C012::C014,P-H07-W001,P-H07,GEO_NE,2021-05-18,2021-11-02,168,0.7268787388,28.249550751785726,30.115611390810706,33.94962263,1.8660606390249797,5.700071878214274,volatile_or_gap,True,,inner_validation,
rolling_origin_2022-05-17,rolling_origin_2022-05-17__inner_2_2021-11-02,Z11_ebm,42117,ac677f07b978ea0c00a6dd892171c843ffa149403a7de90405243ebb07152a90,P-H07-W002::C012::C014,P-H07-W002,P-H07,GEO_NE,2021-05-18,2021-11-02,168,0.7419866076,34.34648115892864,39.032170630783504,47.40963813,4.6856894718548645,13.063156971071358,volatile_or_gap,True,,inner_validation,
rolling_origin_2022-05-17,rolling_origin_2022-05-17__inner_2_2021-11-02,Z11_ebm,42117,ac677f07b978ea0c00a6dd892171c843ffa149403a7de90405243ebb07152a90,P-H07-W003::C012::C014,P-H07-W003,P-H07,GEO_NE,2021-05-18,2021-11-02,168,0.7560551864,-1.7974204696429723,-5.31609485254265,3.839043546,3.518674382899678,5.636464015642972,volatile_or_gap,True,,inner_validation,
rolling_origin_2022-05-17,rolling_origin_2022-05-17__inner_2_2021-11-02,Z11_ebm,42117,ac677f07b978ea0c00a6dd892171c843ffa149403a7de90405243ebb07152a90,P-H07-W004::C012::C014,P-H07-W004,P-H07,GEO_NE,2021-05-18,2021-11-02,168,0.7579387984,27.42839222321425,24.920936262915124,32.06497436,2.5074559602991258,4.636582136785751,volatile_or_gap,True,,inner_validation,
rolling_origin_2022-05-17,rolling_origin_2022-05-17__inner_2_2021-11-02,Z11_ebm,42117,ac677f07b978ea0c00a6dd892171c843ffa149403a7de90405243ebb07152a90,P-H07-W005::C012::C014,P-H07-W005,P-H07,GEO_NE,2021-05-18,2021-11-02,168,0.7532707011,-5.287210051919641,1.1811017915474937,3.484852844,6.468311843467134,8.77206289591964,volatile_or_gap,True,,inner_validation,
rolling_origin_2022-05-17,rolling_origin_2022-05-17__inner_2_2021-11-02,Z11_ebm,42117,ac677f07b978ea0c00a6dd892171c843ffa149403a7de90405243ebb07152a90,P-H07-W006::C012::C014,P-H07-W006,P-H07,GEO_NE,2021-05-18,2021-11-02,168,0.7380512243,14.045003036607142,25.598091557580002,19.12782264,11.55308852097286,5.08281960339286,volatile_or_gap,True,,inner_validation,
rolling_origin_2022-05-17,rolling_origin_2022-05-17__inner_2_2021-11-02,Z11_ebm,42117,ac677f07b978ea0c00a6dd892171c843ffa149403a7de90405243ebb07152a90,P-H07-W007::C012::C014,P-H07-W007,P-H07,GEO_NE,2021-05-18,2021-11-02,168,0.7217568932,7.074490181473214,11.512583940466495,12.62932493,4.438093758993281,5.554834748526785,volatile_or_gap,True,,inner_validation,
rolling_origin_2022-05-17,rolling_origin_2022-05-17__inner_2_2021-11-02,Z11_ebm,42117,ac677f07b978ea0c00a6dd892171c843ffa149403a7de90405243ebb07152a90,P-V01-W001::C012::C014,P-V01-W001,P-V01,GEO_SW,2021-05-18,2021-11-02,168,0.7164102732,29.913615185267822,31.417868145420353,30.59177959,1.504252960152531,0.6781644047321791,stable,False,,inner_validation,
rolling_origin_2022-05-17,rolling_origin_2022-05-17__inner_2_2021-11-02,Z11_ebm,42117,ac677f07b978ea0c00a6dd892171c843ffa149403a7de90405243ebb07152a90,P-V01-W002::C012::C014,P-V01-W002,P-V01,GEO_SW,2021-05-18,2021-11-02,168,0.7481723266,36.69116005178576,30.426542191490526,29.85693283,6.264617860295232,6.834227221785756,stable,False,,inner_validation,
rolling_origin_2022-05-17,rolling_origin_2022-05-17__inner_2_2021-11-02,Z11_ebm,42117,ac677f07b978ea0c00a6dd892171c843ffa149403a7de90405243ebb07152a90,P-V01-W003::C012::C014,P-V01-W003,P-V01,GEO_SW,2021-05-18,2021-11-02,168,0.767445056,23.223815108928576,22.937410461173545,23.58947679,0.28640464775503105,0.3656616810714226,stable,False,,inner_validation,
rolling_origin_2022-05-17,rolling_origin_2022-05-17__inner_2_2021-11-02,Z11_ebm,42117,ac677f07b978ea0c00a6dd892171c843ffa149403a7de90405243ebb07152a90,P-V01-W004::C012::C014,P-V01-W004,P-V01,GEO_SW,2021-05-18,2021-11-02,168,0.7718797356,22.675043724553568,34.47799755455236,30.31805121,11.802953829998792,7.643007485446432,stable,False,,inner_validation,
rolling_origin_2022-05-17,rolling_origin_2022-05-17__inner_2_2021-11-02,Z11_ebm,42117,ac677f07b978ea0c00a6dd892171c843ffa149403a7de90405243ebb07152a90,P-V01-W005::C012::C014,P-V01-W005,P-V01,GEO_SW,2021-05-18,2021-11-02,168,0.7698403192,34.19403080937506,37.368506925147884,38.00750686,3.1744761157728263,3.813476050624942,stable,False,,inner_validation,
rolling_origin_2022-05-17,rolling_origin_2022-05-17__inner_2_2021-11-02,Z11_ebm,42117,ac677f07b978ea0c00a6dd892171c843ffa149403a7de90405243ebb07152a90,P-V01-W006::C012::C014,P-V01-W006,P-V01,GEO_SW,2021-05-18,2021-11-02,168,0.756289979,38.342819464732045,34.50407416033114,35.51622565,3.838745304400902,2.8265938147320426,stable,False,,inner_validation,
rolling_origin_2022-05-17,rolling_origin_2022-05-17__inner_2_2021-11-02,Z11_ebm,42117,ac677f07b978ea0c00a6dd892171c843ffa149403a7de90405243ebb07152a90,P-V01-W007::C012::C014,P-V01-W007,P-V01,GEO_SW,2021-05-18,2021-11-02,168,0.7305471412,42.90673713839289,39.1529332114688,47.78947436,3.7538039269240926,4.882737221607108,volatile_or_gap,True,,inner_validation,
rolling_origin_2022-05-17,rolling_origin_2022-05-17__inner_2_2021-11-02,Z11_ebm,42117,ac677f07b978ea0c00a6dd892171c843ffa149403a7de90405243ebb07152a90,P-V02-W001::C012::C014,P-V02-W001,P-V02,GEO_SW,2021-05-18,2021-11-02,168,0.7266282257,39.316666842410605,37.97733828534896,42.12227194,1.3393285570616484,2.8056050975893925,stable,False,,inner_validation,
rolling_origin_2022-05-17,rolling_origin_2022-05-17__inner_2_2021-11-02,Z11_ebm,42117,ac677f07b978ea0c00a6dd892171c843ffa149403a7de90405243ebb07152a90,P-V02-W003::C012::C014,P-V02-W003,P-V02,GEO_NW,2021-05-18,2021-11-02,168,0.7473830371,7.253790732499992,7.024406407831868,6.076332082,0.22938432466812397,1.1774586504999913,stable,False,,inner_validation,
rolling_origin_2022-05-17,rolling_origin_2022-05-17__inner_2_2021-11-02,Z11_ebm,42117,ac677f07b978ea0c00a6dd892171c843ffa149403a7de90405243ebb07152a90,P-V02-W004::C012::C014,P-V02-W004,P-V02,GEO_NW,2021-05-18,2021-11-02,168,0.7499251739,17.169392822901774,16.416827067291972,14.31329744,0.7525657556098011,2.856095382901774,stable,False,,inner_validation,
rolling_origin_2022-05-17,rolling_origin_2022-05-17__inner_2_2021-11-02,Z11_ebm,42117,ac677f07b978ea0c00a6dd892171c843ffa149403a7de90405243ebb07152a90,P-V02-W005::C012::C014,P-V02-W005,P-V02,GEO_NW,2021-05-18,2021-11-02,168,0.7493095809,44.07420093214287,52.28328869719504,49.8453672,8.209087765052168,5.771166267857126,decelerating,True,,inner_validation,
rolling_origin_2022-05-17,rolling_origin_2022-05-17__inner_2_2021-11-02,Z11_ebm,42117,ac677f07b978ea0c00a6dd892171c843ffa149403a7de90405243ebb07152a90,P-V02-W006::C012::C014,P-V02-W006,P-V02,GEO_NW,2021-05-18,2021-11-02,168,0.7399517158,24.7044120758929,30.91416208306783,22.12316549,6.209750007174929,2.581246585892899,decelerating,True,,inner_validation,
rolling_origin_2022-05-17,rolling_origin_2022-05-17__inner_2_2021-11-02,Z11_ebm,42117,ac677f07b978ea0c00a6dd892171c843ffa149403a7de90405243ebb07152a90,P-V02-W007::C012::C014,P-V02-W007,P-V02,GEO_NW,2021-05-18,2021-11-02,168,0.726910472,21.55249863669641,26.58748898801699,18.28609376,5.03499035132058,3.2664048766964093,stable,False,,inner_validation,
rolling_origin_2022-05-17,rolling_origin_2022-05-17__inner_2_2021-11-02,Z11_ebm,42117,ac677f07b978ea0c00a6dd892171c843ffa149403a7de90405243ebb07152a90,P-V03-W001::C012::C014,P-V03-W001,P-V03,GEO_SW,2021-05-18,2021-11-02,168,1.027367672,25.50489245401789,36.051847471868925,29.37423422,10.546955017851033,3.86934176598211,stable,False,,inner_validation,
rolling_origin_2022-05-17,rolling_origin_2022-05-17__inner_2_2021-11-02,Z11_ebm,42117,ac677f07b978ea0c00a6dd892171c843ffa149403a7de90405243ebb07152a90,P-V03-W002::C012::C014,P-V03-W002,P-V03,GEO_SW,2021-05-18,2021-11-02,168,1.046909381,37.57939239464289,38.62495180668738,36.41134564,1.04555941204449,1.1680467546428872,stable,False,,inner_validation,
rolling_origin_2022-05-17,rolling_origin_2022-05-17__inner_2_2021-11-02,Z11_ebm,42117,ac677f07b978ea0c00a6dd892171c843ffa149403a7de90405243ebb07152a90,P-V03-W003::C012::C014,P-V03-W003,P-V03,GEO_SW,2021-05-18,2021-11-02,168,1.058730665,41.11248564732106,36.241325630346076,36.13762989,4.871160016974983,4.974855757321059,stable,False,,inner_validation,
rolling_origin_2022-05-17,rolling_origin_2022-05-17__inner_2_2021-11-02,Z11_ebm,42117,ac677f07b978ea0c00a6dd892171c843ffa149403a7de90405243ebb07152a90,P-V03-W004::C012::C014,P-V03-W004,P-V03,GEO_SW,2021-05-18,2021-11-02,168,1.063608998,22.897837745535934,23.616984895986516,21.14081465,0.7191471504505813,1.757023095535935,stable,False,,inner_validation,
rolling_origin_2022-05-17,rolling_origin_2022-05-17__inner_2_2021-11-02,Z11_ebm,42117,ac677f07b978ea0c00a6dd892171c843ffa149403a7de90405243ebb07152a90,P-V03-W005::C012::C014,P-V03-W005,P-V03,GEO_NW,2021-05-18,2021-11-02,168,1.059041915,34.030038342410776,36.115891211321454,33.52979331,2.0858528689106777,0.5002450324107741,stable,False,,inner_validation,
rolling_origin_2022-05-17,rolling_origin_2022-05-17__inner_2_2021-11-02,Z11_ebm,42117,ac677f07b978ea0c00a6dd892171c843ffa149403a7de90405243ebb07152a90,P-V03-W006::C012::C014,P-V03-W006,P-V03,GEO_NW,2021-05-18,2021-11-02,168,1.049938678,36.18461743750001,36.47609067459381,36.60124481,0.291473237093804,0.41662737249998827,stable,False,,inner_validation,
rolling_origin_2022-05-17,rolling_origin_2022-05-17__inner_2_2021-11-02,Z11_ebm,42117,ac677f07b978ea0c00a6dd892171c843ffa149403a7de90405243ebb07152a90,P-V03-W007::C012::C014,P-V03-W007,P-V03,GEO_NW,2021-05-18,2021-11-02,168,1.03676382,6.876204979017909,4.321134655978076,2.990749275,2.555070323039833,3.8854557040179087,stable,False,,inner_validation,
rolling_origin_2022-05-17,rolling_origin_2022-05-17__inner_2_2021-11-02,Z11_ebm,42117,ac677f07b978ea0c00a6dd892171c843ffa149403a7de90405243ebb07152a90,P-V04-W001::C012::C014,P-V04-W001,P-V04,GEO_NE,2021-05-18,2021-11-02,168,0.6964639577,-1.4673618723214628,3.0997727983571406,5.170736901,4.567134670678604,6.638098773321462,stable,False,,inner_validation,
rolling_origin_2022-05-17,rolling_origin_2022-05-17__inner_2_2021-11-02,Z11_ebm,42117,ac677f07b978ea0c00a6dd892171c843ffa149403a7de90405243ebb07152a90,P-V04-W003::C012::C014,P-V04-W003,P-V04,GEO_NE,2021-05-18,2021-11-02,168,0.7173192582,-1.0570243687499608,0.43270113285764056,5.198326629,1.4897255016076012,6.255350997749961,stable,False,,inner_validation,
rolling_origin_2022-05-17,rolling_origin_2022-05-17__inner_2_2021-11-02,Z11_ebm,42117,ac677f07b978ea0c00a6dd892171c843ffa149403a7de90405243ebb07152a90,P-V04-W004::C012::C014,P-V04-W004,P-V04,GEO_NE,2021-05-18,2021-11-02,168,0.7218305072,0.0941847129464594,2.6944182097751463,5.64054747,2.600233496828687,5.54636275705354,stable,False,,inner_validation,
rolling_origin_2022-05-17,rolling_origin_2022-05-17__inner_2_2021-11-02,Z11_ebm,42117,ac677f07b978ea0c00a6dd892171c843ffa149403a7de90405243ebb07152a90,P-V04-W006::C012::C014,P-V04-W006,P-V04,GEO_NE,2021-05-18,2021-11-02,168,0.7146746274,0.7289716026785651,0.758629447549791,3.323061736,0.029657844871225914,2.5940901333214352,stable,False,,inner_validation,
rolling_origin_2022-05-17,rolling_origin_2022-05-17__inner_2_2021-11-02,Z11_ebm,42117,ac677f07b978ea0c00a6dd892171c843ffa149403a7de90405243ebb07152a90,P-V04-W007::C012::C014,P-V04-W007,P-V04,GEO_NE,2021-05-18,2021-11-02,168,0.7030279108,36.67592195223209,35.23091941633196,39.16115001,1.4450025359001302,2.4852280577679124,stable,False,,inner_validation,
rolling_origin_2022-05-17,rolling_origin_2022-05-17__inner_2_2021-11-02,Z11_ebm,42117,ac677f07b978ea0c00a6dd892171c843ffa149403a7de90405243ebb07152a90,P-V05-W001::C012::C014,P-V05-W001,P-V05,GEO_SE,2021-05-18,2021-11-02,168,0.6966526631,21.993922263392903,24.67703385587672,23.42147219,2.683111592483815,1.427549926607096,volatile_or_gap,True,,inner_validation,
rolling_origin_2022-05-17,rolling_origin_2022-05-17__inner_2_2021-11-02,Z11_ebm,42117,ac677f07b978ea0c00a6dd892171c843ffa149403a7de90405243ebb07152a90,P-V05-W002::C012::C014,P-V05-W002,P-V05,GEO_NE,2021-05-18,2021-11-02,168,0.7152542128,27.68890026339269,28.755182013770344,32.42684854,1.0662817503776552,4.737948276607312,volatile_or_gap,True,,inner_validation,
rolling_origin_2022-05-17,rolling_origin_2022-05-17__inner_2_2021-11-02,Z11_ebm,42117,ac677f07b978ea0c00a6dd892171c843ffa149403a7de90405243ebb07152a90,P-V05-W003::C012::C014,P-V05-W003,P-V05,GEO_NE,2021-05-18,2021-11-02,168,0.718494857,34.764084093749986,25.544315076747672,27.76560031,9.219769017002314,6.998483783749986,stable,False,,inner_validation,
rolling_origin_2022-05-17,rolling_origin_2022-05-17__inner_2_2021-11-02,Z11_ebm,42117,ac677f07b978ea0c00a6dd892171c843ffa149403a7de90405243ebb07152a90,P-V05-W004::C012::C014,P-V05-W004,P-V05,GEO_NE,2021-05-18,2021-11-02,168,0.7199061355,35.14872278124974,34.48599840978306,32.02398019,0.6627243714666804,3.124742591249735,stable,False,,inner_validation,
rolling_origin_2022-05-17,rolling_origin_2022-05-17__inner_2_2021-11-02,Z11_ebm,42117,ac677f07b978ea0c00a6dd892171c843ffa149403a7de90405243ebb07152a90,P-V05-W006::C012::C014,P-V05-W006,P-V05,GEO_NE,2021-05-18,2021-11-02,168,0.710711044,23.59521522321437,18.348469218651495,18.97827038,5.246746004562876,4.61694484321437,stable,False,,inner_validation,
rolling_origin_2022-05-17,rolling_origin_2022-05-17__inner_2_2021-11-02,Z11_ebm,42117,ac677f07b978ea0c00a6dd892171c843ffa149403a7de90405243ebb07152a90,P-V05-W007::C012::C014,P-V05-W007,P-V05,GEO_NE,2021-05-18,2021-11-02,168,0.6981003438,33.28180610714288,34.734249510156125,34.88939317,1.4524434030132483,1.607587062857121,stable,False,,inner_validation,
rolling_origin_2022-05-17,rolling_origin_2022-05-17__inner_2_2021-11-02,Z11_ebm,42117,ac677f07b978ea0c00a6dd892171c843ffa149403a7de90405243ebb07152a90,P-H04-W001::C013::C014,P-H04-W001,P-H04,GEO_SW,2021-07-13,2021-11-02,112,0.7389120973,29.99718025446432,19.514563757925423,31.2369445,10.482616496538895,1.2397642455356817,accelerating,True,,inner_validation,
rolling_origin_2022-05-17,rolling_origin_2022-05-17__inner_2_2021-11-02,Z11_ebm,42117,ac677f07b978ea0c00a6dd892171c843ffa149403a7de90405243ebb07152a90,P-H04-W002::C013::C014,P-H04-W002,P-H04,GEO_SW,2021-07-13,2021-11-02,112,0.7558706455,33.07868003772325,22.523378179013395,31.20459114,10.555301858709857,1.8740888977232508,accelerating,True,,inner_validation,
rolling_origin_2022-05-17,rolling_origin_2022-05-17__inner_2_2021-11-02,Z11_ebm,42117,ac677f07b978ea0c00a6dd892171c843ffa149403a7de90405243ebb07152a90,P-H04-W003::C013::C014,P-H04-W003,P-H04,GEO_SW,2021-07-13,2021-11-02,112,0.7729357338,36.30555943058037,19.512012499066575,30.958499,16.79354693151379,5.347060430580367,accelerating,True,,inner_validation,
rolling_origin_2022-05-17,rolling_origin_2022-05-17__inner_2_2021-11-02,Z11_ebm,42117,ac677f07b978ea0c00a6dd892171c843ffa149403a7de90405243ebb07152a90,P-H04-W004::C013::C014,P-H04-W004,P-H04,GEO_SW,2021-07-13,2021-11-02,112,0.7760900045,24.973401634151763,7.24375958232635,20.15308248,17.729642051825415,4.820319154151765,accelerating,True,,inner_validation,
rolling_origin_2022-05-17,rolling_origin_2022-05-17__inner_2_2021-11-02,Z11_ebm,42117,ac677f07b978ea0c00a6dd892171c843ffa149403a7de90405243ebb07152a90,P-H04-W005::C013::C014,P-H04-W005,P-H04,GEO_SW,2021-07-13,2021-11-02,112,0.7715255893,34.87086884464279,22.24875068364382,35.14746159,12.622118160998973,0.2765927453572061,accelerating,True,,inner_validation,
rolling_origin_2022-05-17,rolling_origin_2022-05-17__inner_2_2021-11-02,Z11_ebm,42117,ac677f07b978ea0c00a6dd892171c843ffa149403a7de90405243ebb07152a90,P-H04-W006::C013::C014,P-H04-W006,P-H04,GEO_SW,2021-07-13,2021-11-02,112,0.7540199569,30.22836035022316,20.6893860816056,30.25769225,9.538974268617558,0.029331899776842363,accelerating,True,,inner_validation,
rolling_origin_2022-05-17,rolling_origin_2022-05-17__inner_2_2021-11-02,Z11_ebm,42117,ac677f07b978ea0c00a6dd892171c843ffa149403a7de90405243ebb07152a90,P-H04-W007::C013::C014,P-H04-W007,P-H04,GEO_SW,2021-07-13,2021-11-02,112,0.7258471475,38.06636184843747,26.851740681301916,36.88264017,11.214621167135551,1.1837216784374647,accelerating,True,,inner_validation,
rolling_origin_2022-05-17,rolling_origin_2022-05-17__inner_2_2021-11-02,Z11_ebm,42117,ac677f07b978ea0c00a6dd892171c843ffa149403a7de90405243ebb07152a90,P-V06-W001::C013::C014,P-V06-W001,P-V06,GEO_NE,2021-07-13,2021-11-02,112,0.6965658013,0.8170106635854913,0.22652626527340666,-6.831907383,0.5904843983120847,7.648918046585491,decelerating,True,,inner_validation,
rolling_origin_2022-05-17,rolling_origin_2022-05-17__inner_2_2021-11-02,Z11_ebm,42117,ac677f07b978ea0c00a6dd892171c843ffa149403a7de90405243ebb07152a90,P-V06-W002::C013::C014,P-V06-W002,P-V06,GEO_NE,2021-07-13,2021-11-02,112,0.7280271209,20.29697576383933,15.602564652059813,20.85393089,4.694411111779518,0.5569551261606698,stable,False,,inner_validation,
rolling_origin_2022-05-17,rolling_origin_2022-05-17__inner_2_2021-11-02,Z11_ebm,42117,ac677f07b978ea0c00a6dd892171c843ffa149403a7de90405243ebb07152a90,P-V06-W004::C013::C014,P-V06-W004,P-V06,GEO_NE,2021-07-13,2021-11-02,112,0.7511360478,22.24644187299112,17.49088980188674,19.32768133,4.755552071104379,2.9187605429911194,decelerating,True,,inner_validation,
rolling_origin_2022-05-17,rolling_origin_2022-05-17__inner_2_2021-11-02,Z11_ebm,42117,ac677f07b978ea0c00a6dd892171c843ffa149403a7de90405243ebb07152a90,P-V06-W005::C013::C014,P-V06-W005,P-V06,GEO_NE,2021-07-13,2021-11-02,112,0.7507483681,41.84564208013391,31.886018424917875,43.1558834,9.959623655216038,1.310241319866087,volatile_or_gap,True,,inner_validation,
rolling_origin_2022-05-17,rolling_origin_2022-05-17__inner_2_2021-11-02,Z11_ebm,42117,ac677f07b978ea0c00a6dd892171c843ffa149403a7de90405243ebb07152a90,P-V06-W006::C013::C014,P-V06-W006,P-V06,GEO_NE,2021-07-13,2021-11-02,112,0.7399028839,20.57359524241079,12.323563172130235,15.22136628,8.250032070280554,5.3522289624107895,decelerating,True,,inner_validation,
rolling_origin_2022-05-17,rolling_origin_2022-05-17__inner_2_2021-11-02,Z11_ebm,42117,ac677f07b978ea0c00a6dd892171c843ffa149403a7de90405243ebb07152a90,P-V06-W007::C013::C014,P-V06-W007,P-V06,GEO_NE,2021-07-13,2021-11-02,112,0.7284375974,16.34794755133929,14.547592319196795,15.91980235,1.8003552321424934,0.428145201339289,decelerating,True,,inner_validation,
rolling_origin_2022-05-17,rolling_origin_2022-05-17__inner_3_2022-03-01,Z11_ebm,42117,ac677f07b978ea0c00a6dd892171c843ffa149403a7de90405243ebb07152a90,P-D01-W001::C014::C015,P-D01-W001,P-D01,GEO_SW,2021-11-02,2022-03-01,119,0.7121569081,126.51240215861336,88.04816911799871,106.1600464,38.464233040614644,20.352355758613356,accelerating,True,,inner_validation,
rolling_origin_2022-05-17,rolling_origin_2022-05-17__inner_3_2022-03-01,Z11_ebm,42117,ac677f07b978ea0c00a6dd892171c843ffa149403a7de90405243ebb07152a90,P-D01-W002::C014::C015,P-D01-W002,P-D01,GEO_SW,2021-11-02,2022-03-01,119,0.7272446037,45.90072839936985,38.48508501189522,46.72850315,7.415643387474624,0.8277747506301552,stable,False,,inner_validation,
rolling_origin_2022-05-17,rolling_origin_2022-05-17__inner_3_2022-03-01,Z11_ebm,42117,ac677f07b978ea0c00a6dd892171c843ffa149403a7de90405243ebb07152a90,P-D01-W003::C014::C015,P-D01-W003,P-D01,GEO_SW,2021-11-02,2022-03-01,119,0.7359342763,4.0729503245799465,4.641068569102706,5.494541697,0.5681182445227595,1.4215913724200533,stable,False,,inner_validation,
rolling_origin_2022-05-17,rolling_origin_2022-05-17__inner_3_2022-03-01,Z11_ebm,42117,ac677f07b978ea0c00a6dd892171c843ffa149403a7de90405243ebb07152a90,P-D01-W004::C014::C015,P-D01-W004,P-D01,GEO_SW,2021-11-02,2022-03-01,119,0.7409914016,3.65126766491593,1.7071330550806147,1.916077689,1.9441346098353154,1.7351899759159302,stable,False,,inner_validation,
rolling_origin_2022-05-17,rolling_origin_2022-05-17__inner_3_2022-03-01,Z11_ebm,42117,ac677f07b978ea0c00a6dd892171c843ffa149403a7de90405243ebb07152a90,P-D01-W005::C014::C015,P-D01-W005,P-D01,GEO_SW,2021-11-02,2022-03-01,119,0.7377163254,39.04444661848748,31.379016207484163,37.21305199,7.665430411003314,1.8313946284874802,stable,False,,inner_validation,
rolling_origin_2022-05-17,rolling_origin_2022-05-17__inner_3_2022-03-01,Z11_ebm,42117,ac677f07b978ea0c00a6dd892171c843ffa149403a7de90405243ebb07152a90,P-D01-W006::C014::C015,P-D01-W006,P-D01,GEO_SW,2021-11-02,2022-03-01,119,0.7225437609,44.8128033434873,23.25111355873042,27.90570993,21.561689784756883,16.907093413487303,stable,False,,inner_validation,
rolling_origin_2022-05-17,rolling_origin_2022-05-17__inner_3_2022-03-01,Z11_ebm,42117,ac677f07b978ea0c00a6dd892171c843ffa149403a7de90405243ebb07152a90,P-D01-W007::C014::C015,P-D01-W007,P-D01,GEO_SW,2021-11-02,2022-03-01,119,0.6962476429,16.18846746932774,23.645428778713658,23.14066627,7.4569613093859175,6.95219880067226,decelerating,True,,inner_validation,
rolling_origin_2022-05-17,rolling_origin_2022-05-17__inner_3_2022-03-01,Z11_ebm,42117,ac677f07b978ea0c00a6dd892171c843ffa149403a7de90405243ebb07152a90,P-H04-W001::C014::C015,P-H04-W001,P-H04,GEO_SW,2021-11-02,2022-03-01,119,0.6988264422,25.17007331659657,24.91602579534867,29.9971803,0.25404752124790164,4.827106983403429,stable,False,,inner_validation,
rolling_origin_2022-05-17,rolling_origin_2022-05-17__inner_3_2022-03-01,Z11_ebm,42117,ac677f07b978ea0c00a6dd892171c843ffa149403a7de90405243ebb07152a90,P-H04-W002::C014::C015,P-H04-W002,P-H04,GEO_SW,2021-11-02,2022-03-01,119,0.7221339333,25.328333686134467,27.90114249895582,33.07868016,2.5728088128213535,7.75034647386553,stable,False,,inner_validation,
rolling_origin_2022-05-17,rolling_origin_2022-05-17__inner_3_2022-03-01,Z11_ebm,42117,ac677f07b978ea0c00a6dd892171c843ffa149403a7de90405243ebb07152a90,P-H04-W003::C014::C015,P-H04-W003,P-H04,GEO_SW,2021-11-02,2022-03-01,119,0.748306304,36.16711515882334,33.61243675518278,36.30555947,2.5546784036405654,0.1384443111766558,stable,False,,inner_validation,
rolling_origin_2022-05-17,rolling_origin_2022-05-17__inner_3_2022-03-01,Z11_ebm,42117,ac677f07b978ea0c00a6dd892171c843ffa149403a7de90405243ebb07152a90,P-H04-W004::C014::C015,P-H04-W004,P-H04,GEO_SW,2021-11-02,2022-03-01,119,0.7591565375,22.40874556386553,16.37888236635318,24.97340133,6.0298631975123484,2.5646557661344715,stable,False,,inner_validation,
rolling_origin_2022-05-17,rolling_origin_2022-05-17__inner_3_2022-03-01,Z11_ebm,42117,ac677f07b978ea0c00a6dd892171c843ffa149403a7de90405243ebb07152a90,P-H04-W005::C014::C015,P-H04-W005,P-H04,GEO_SW,2021-11-02,2022-03-01,119,0.7586418843,32.2360365283614,29.113782343489152,34.87086871,3.1222541848722507,2.6348321816386004,stable,False,,inner_validation,
rolling_origin_2022-05-17,rolling_origin_2022-05-17__inner_3_2022-03-01,Z11_ebm,42117,ac677f07b978ea0c00a6dd892171c843ffa149403a7de90405243ebb07152a90,P-H04-W006::C014::C015,P-H04-W006,P-H04,GEO_SW,2021-11-02,2022-03-01,119,0.7471418385,24.37962320735297,25.00758118980203,30.22836057,0.6279579824490575,5.848737362647029,stable,False,,inner_validation,
rolling_origin_2022-05-17,rolling_origin_2022-05-17__inner_3_2022-03-01,Z11_ebm,42117,ac677f07b978ea0c00a6dd892171c843ffa149403a7de90405243ebb07152a90,P-H04-W007::C014::C015,P-H04-W007,P-H04,GEO_SW,2021-11-02,2022-03-01,119,0.7242022629,30.564240931512582,30.445657896382322,38.06636181,0.11858303513026058,7.502120878487414,stable,False,,inner_validation,
rolling_origin_2022-07-19,rolling_origin_2022-07-19__inner_1_2021-11-02,Z11_ebm,42117,a11b125bc27d87db068634bb0ddc8f1341a39e4b4d9c54568b130fcb9c969f7d,P-D01-W001::C012::C014,P-D01-W001,P-D01,GEO_SW,2021-05-18,2021-11-02,168,0.7078458609,106.160046425,45.81068701044511,57.06447356,60.3493594145549,49.095572865,accelerating,True,,inner_validation,
rolling_origin_2022-07-19,rolling_origin_2022-07-19__inner_1_2021-11-02,Z11_ebm,42117,a11b125bc27d87db068634bb0ddc8f1341a39e4b4d9c54568b130fcb9c969f7d,P-D01-W002::C012::C014,P-D01-W002,P-D01,GEO_SW,2021-05-18,2021-11-02,168,0.7260975829,46.72850311964286,47.96899287836113,50.48503656,1.2404897587182688,3.7565334403571384,volatile_or_gap,True,,inner_validation,
rolling_origin_2022-07-19,rolling_origin_2022-07-19__inner_1_2021-11-02,Z11_ebm,42117,a11b125bc27d87db068634bb0ddc8f1341a39e4b4d9c54568b130fcb9c969f7d,P-D01-W003::C012::C014,P-D01-W003,P-D01,GEO_SW,2021-05-18,2021-11-02,168,0.7375658013,5.494541627232151,1.5670588102475937,1.425230013,3.927482816984557,4.06931161423215,stable,False,,inner_validation,
rolling_origin_2022-07-19,rolling_origin_2022-07-19__inner_1_2021-11-02,Z11_ebm,42117,a11b125bc27d87db068634bb0ddc8f1341a39e4b4d9c54568b130fcb9c969f7d,P-D01-W004::C012::C014,P-D01-W004,P-D01,GEO_SW,2021-05-18,2021-11-02,168,0.7476194567,1.9160778022321208,0.5751641746572392,2.357454974,1.3409136275748814,0.44137717176787916,stable,False,,inner_validation,
rolling_origin_2022-07-19,rolling_origin_2022-07-19__inner_1_2021-11-02,Z11_ebm,42117,a11b125bc27d87db068634bb0ddc8f1341a39e4b4d9c54568b130fcb9c969f7d,P-D01-W005::C012::C014,P-D01-W005,P-D01,GEO_SW,2021-05-18,2021-11-02,168,0.7475536042,37.21305207991077,31.591486198294916,38.51940639,5.621565881615851,1.3063543100892332,stable,False,,inner_validation,
rolling_origin_2022-07-19,rolling_origin_2022-07-19__inner_1_2021-11-02,Z11_ebm,42117,a11b125bc27d87db068634bb0ddc8f1341a39e4b4d9c54568b130fcb9c969f7d,P-D01-W006::C012::C014,P-D01-W006,P-D01,GEO_SW,2021-05-18,2021-11-02,168,0.7378590847,27.90570983705361,16.991059892823056,24.04250629,10.914649944230554,3.8632035470536117,stable,False,,inner_validation,
rolling_origin_2022-07-19,rolling_origin_2022-07-19__inner_1_2021-11-02,Z11_ebm,42117,a11b125bc27d87db068634bb0ddc8f1341a39e4b4d9c54568b130fcb9c969f7d,P-D01-W007::C012::C014,P-D01-W007,P-D01,GEO_SW,2021-05-18,2021-11-02,168,0.7174761566,23.140666163839263,31.316749237813088,33.7851846,8.176083073973825,10.644518436160737,volatile_or_gap,True,,inner_validation,
rolling_origin_2022-07-19,rolling_origin_2022-07-19__inner_1_2021-11-02,Z11_ebm,42117,a11b125bc27d87db068634bb0ddc8f1341a39e4b4d9c54568b130fcb9c969f7d,P-H01-W001::C012::C014,P-H01-W001,P-H01,GEO_SW,2021-05-18,2021-11-02,168,0.7265116861,23.415022614285736,27.682352253485966,31.39135194,4.267329639200231,7.976329325714264,stable,False,,inner_validation,
rolling_origin_2022-07-19,rolling_origin_2022-07-19__inner_1_2021-11-02,Z11_ebm,42117,a11b125bc27d87db068634bb0ddc8f1341a39e4b4d9c54568b130fcb9c969f7d,P-H01-W002::C012::C014,P-H01-W002,P-H01,GEO_SW,2021-05-18,2021-11-02,168,0.7777122998,60.40185917209824,34.614139605609104,37.78613479,25.787719566489137,22.615724382098243,accelerating,True,,inner_validation,
rolling_origin_2022-07-19,rolling_origin_2022-07-19__inner_1_2021-11-02,Z11_ebm,42117,a11b125bc27d87db068634bb0ddc8f1341a39e4b4d9c54568b130fcb9c969f7d,P-H01-W003::C012::C014,P-H01-W003,P-H01,GEO_SW,2021-05-18,2021-11-02,168,0.8193599342,92.57859803437496,23.859061780836598,27.8815384,68.71953625353837,64.69705963437497,stable,False,,inner_validation,
rolling_origin_2022-07-19,rolling_origin_2022-07-19__inner_1_2021-11-02,Z11_ebm,42117,a11b125bc27d87db068634bb0ddc8f1341a39e4b4d9c54568b130fcb9c969f7d,P-H01-W004::C012::C014,P-H01-W004,P-H01,GEO_SW,2021-05-18,2021-11-02,168,0.831948795,25.24678093214287,36.810606058370276,34.31960682,11.563825126227407,9.072825887857128,stable,False,,inner_validation,
rolling_origin_2022-07-19,rolling_origin_2022-07-19__inner_1_2021-11-02,Z11_ebm,42117,a11b125bc27d87db068634bb0ddc8f1341a39e4b4d9c54568b130fcb9c969f7d,P-H01-W005::C012::C014,P-H01-W005,P-H01,GEO_SW,2021-05-18,2021-11-02,168,0.8300235042,41.91560539151786,53.756038648854265,57.99118286,11.840433257336407,16.075577468482145,stable,False,,inner_validation,
rolling_origin_2022-07-19,rolling_origin_2022-07-19__inner_1_2021-11-02,Z11_ebm,42117,a11b125bc27d87db068634bb0ddc8f1341a39e4b4d9c54568b130fcb9c969f7d,P-H01-W006::C012::C014,P-H01-W006,P-H01,GEO_SW,2021-05-18,2021-11-02,168,0.8109378989,29.931847682589293,27.930764851404515,36.80496663,2.001082831184778,6.87311894741071,volatile_or_gap,True,,inner_validation,
rolling_origin_2022-07-19,rolling_origin_2022-07-19__inner_1_2021-11-02,Z11_ebm,42117,a11b125bc27d87db068634bb0ddc8f1341a39e4b4d9c54568b130fcb9c969f7d,P-H01-W007::C012::C014,P-H01-W007,P-H01,GEO_SW,2021-05-18,2021-11-02,168,0.764012088,32.734321794196404,35.21143189093868,40.38511,2.4771100967422726,7.650788205803593,stable,False,,inner_validation,
rolling_origin_2022-07-19,rolling_origin_2022-07-19__inner_1_2021-11-02,Z11_ebm,42117,a11b125bc27d87db068634bb0ddc8f1341a39e4b4d9c54568b130fcb9c969f7d,P-H02-W001::C012::C014,P-H02-W001,P-H02,GEO_SW,2021-05-18,2021-11-02,168,0.7461527958,35.86545546517855,43.58400597579219,40.26384475,7.718550510613639,4.398389284821448,volatile_or_gap,True,,inner_validation,
rolling_origin_2022-07-19,rolling_origin_2022-07-19__inner_1_2021-11-02,Z11_ebm,42117,a11b125bc27d87db068634bb0ddc8f1341a39e4b4d9c54568b130fcb9c969f7d,P-H02-W003::C012::C014,P-H02-W003,P-H02,GEO_SW,2021-05-18,2021-11-02,168,0.780690719,46.21176329062498,29.827634237399977,30.74942023,16.384129053225003,15.462343060624981,stable,False,,inner_validation,
rolling_origin_2022-07-19,rolling_origin_2022-07-19__inner_1_2021-11-02,Z11_ebm,42117,a11b125bc27d87db068634bb0ddc8f1341a39e4b4d9c54568b130fcb9c969f7d,P-H02-W004::C012::C014,P-H02-W004,P-H02,GEO_SW,2021-05-18,2021-11-02,168,0.7832084758,25.435280369642875,27.252188169988088,24.99691141,1.8169078003452128,0.4383689596428759,stable,False,,inner_validation,
rolling_origin_2022-07-19,rolling_origin_2022-07-19__inner_1_2021-11-02,Z11_ebm,42117,a11b125bc27d87db068634bb0ddc8f1341a39e4b4d9c54568b130fcb9c969f7d,P-H02-W005::C012::C014,P-H02-W005,P-H02,GEO_SW,2021-05-18,2021-11-02,168,0.777365144,8.961431121562498,10.525478263918481,5.140380781,1.5640471423559834,3.821050340562498,stable,False,,inner_validation,
rolling_origin_2022-07-19,rolling_origin_2022-07-19__inner_1_2021-11-02,Z11_ebm,42117,a11b125bc27d87db068634bb0ddc8f1341a39e4b4d9c54568b130fcb9c969f7d,P-H02-W006::C012::C014,P-H02-W006,P-H02,GEO_SW,2021-05-18,2021-11-02,168,0.7692297203,16.971581923660747,21.98192546149481,22.94118345,5.010343537834064,5.969601526339254,stable,False,,inner_validation,
rolling_origin_2022-07-19,rolling_origin_2022-07-19__inner_1_2021-11-02,Z11_ebm,42117,a11b125bc27d87db068634bb0ddc8f1341a39e4b4d9c54568b130fcb9c969f7d,P-H02-W007::C012::C014,P-H02-W007,P-H02,GEO_SW,2021-05-18,2021-11-02,168,0.7448081487,39.27815209955347,40.13585943160816,33.66056903,0.8577073320546873,5.617583069553476,stable,False,,inner_validation,
rolling_origin_2022-07-19,rolling_origin_2022-07-19__inner_1_2021-11-02,Z11_ebm,42117,a11b125bc27d87db068634bb0ddc8f1341a39e4b4d9c54568b130fcb9c969f7d,P-H03-W001::C012::C014,P-H03-W001,P-H03,GEO_SE,2021-05-18,2021-11-02,168,0.6866493744,48.17373779910713,51.960538913117254,55.79520838,3.7868011140101245,7.621470580892868,stable,False,,inner_validation,
rolling_origin_2022-07-19,rolling_origin_2022-07-19__inner_1_2021-11-02,Z11_ebm,42117,a11b125bc27d87db068634bb0ddc8f1341a39e4b4d9c54568b130fcb9c969f7d,P-H03-W003::C012::C014,P-H03-W003,P-H03,GEO_SE,2021-05-18,2021-11-02,168,0.720083175,40.8862650160714,48.45404864940201,55.22424195,7.567783633330613,14.337976933928601,stable,False,,inner_validation,
rolling_origin_2022-07-19,rolling_origin_2022-07-19__inner_1_2021-11-02,Z11_ebm,42117,a11b125bc27d87db068634bb0ddc8f1341a39e4b4d9c54568b130fcb9c969f7d,P-H03-W004::C012::C014,P-H03-W004,P-H03,GEO_SE,2021-05-18,2021-11-02,168,0.7262114604,39.54807054508922,49.17154659395857,53.79173908,9.62347604886935,14.243668534910782,volatile_or_gap,True,,inner_validation,
rolling_origin_2022-07-19,rolling_origin_2022-07-19__inner_1_2021-11-02,Z11_ebm,42117,a11b125bc27d87db068634bb0ddc8f1341a39e4b4d9c54568b130fcb9c969f7d,P-H03-W005::C012::C014,P-H03-W005,P-H03,GEO_SE,2021-05-18,2021-11-02,168,0.7242985667,42.20222619776782,52.839707112232986,58.48725824,10.637480914465165,16.28503204223218,stable,False,,inner_validation,
rolling_origin_2022-07-19,rolling_origin_2022-07-19__inner_1_2021-11-02,Z11_ebm,42117,a11b125bc27d87db068634bb0ddc8f1341a39e4b4d9c54568b130fcb9c969f7d,P-H03-W006::C012::C014,P-H03-W006,P-H03,GEO_SE,2021-05-18,2021-11-02,168,0.7204704303,50.45865396517864,55.18580846882087,60.8429903,4.727154503642232,10.384336334821356,stable,False,,inner_validation,
rolling_origin_2022-07-19,rolling_origin_2022-07-19__inner_1_2021-11-02,Z11_ebm,42117,a11b125bc27d87db068634bb0ddc8f1341a39e4b4d9c54568b130fcb9c969f7d,P-H03-W007::C012::C014,P-H03-W007,P-H03,GEO_SE,2021-05-18,2021-11-02,168,0.6978605537,20.34855819508926,16.402965987887278,23.45598245,3.945592207201983,3.1074242549107396,stable,False,,inner_validation,
rolling_origin_2022-07-19,rolling_origin_2022-07-19__inner_1_2021-11-02,Z11_ebm,42117,a11b125bc27d87db068634bb0ddc8f1341a39e4b4d9c54568b130fcb9c969f7d,P-H05-W001::C012::C014,P-H05-W001,P-H05,GEO_NE,2021-05-18,2021-11-02,168,0.7395990944,37.840410915178566,39.56481457003419,41.73965284,1.724403654855621,3.899241924821432,stable,False,,inner_validation,
rolling_origin_2022-07-19,rolling_origin_2022-07-19__inner_1_2021-11-02,Z11_ebm,42117,a11b125bc27d87db068634bb0ddc8f1341a39e4b4d9c54568b130fcb9c969f7d,P-H05-W002::C012::C014,P-H05-W002,P-H05,GEO_NE,2021-05-18,2021-11-02,168,0.7761737452,40.98132176339293,40.771942534726946,44.30322179,0.20937922866598058,3.321900026607075,stable,False,,inner_validation,
rolling_origin_2022-07-19,rolling_origin_2022-07-19__inner_1_2021-11-02,Z11_ebm,42117,a11b125bc27d87db068634bb0ddc8f1341a39e4b4d9c54568b130fcb9c969f7d,P-H05-W003::C012::C014,P-H05-W003,P-H05,GEO_NE,2021-05-18,2021-11-02,168,0.7951041972,26.975410477678437,32.01556169205623,38.91696053,5.040151214377794,11.94155005232156,stable,False,,inner_validation,
rolling_origin_2022-07-19,rolling_origin_2022-07-19__inner_1_2021-11-02,Z11_ebm,42117,a11b125bc27d87db068634bb0ddc8f1341a39e4b4d9c54568b130fcb9c969f7d,P-H05-W004::C012::C014,P-H05-W004,P-H05,GEO_NE,2021-05-18,2021-11-02,168,0.8016977208,23.50097202678548,22.832118551123383,26.56339138,0.6688534756620967,3.062419353214519,stable,False,,inner_validation,
rolling_origin_2022-07-19,rolling_origin_2022-07-19__inner_1_2021-11-02,Z11_ebm,42117,a11b125bc27d87db068634bb0ddc8f1341a39e4b4d9c54568b130fcb9c969f7d,P-H05-W005::C012::C014,P-H05-W005,P-H05,GEO_NE,2021-05-18,2021-11-02,168,0.7905976826,16.149761379464024,18.346623086263868,18.72824403,2.1968617067998437,2.5784826505359746,stable,False,,inner_validation,
rolling_origin_2022-07-19,rolling_origin_2022-07-19__inner_1_2021-11-02,Z11_ebm,42117,a11b125bc27d87db068634bb0ddc8f1341a39e4b4d9c54568b130fcb9c969f7d,P-H05-W006::C012::C014,P-H05-W006,P-H05,GEO_NE,2021-05-18,2021-11-02,168,0.7638438937,19.858570754464363,17.047893541908483,17.42625407,2.8106772125558805,2.4323166844643644,stable,False,,inner_validation,
rolling_origin_2022-07-19,rolling_origin_2022-07-19__inner_1_2021-11-02,Z11_ebm,42117,a11b125bc27d87db068634bb0ddc8f1341a39e4b4d9c54568b130fcb9c969f7d,P-H05-W007::C012::C014,P-H05-W007,P-H05,GEO_NE,2021-05-18,2021-11-02,168,0.7234093087,25.43194333258931,29.54577374842063,28.8861532,4.11383041583132,3.4542098674106896,stable,False,,inner_validation,
rolling_origin_2022-07-19,rolling_origin_2022-07-19__inner_1_2021-11-02,Z11_ebm,42117,a11b125bc27d87db068634bb0ddc8f1341a39e4b4d9c54568b130fcb9c969f7d,P-H06-W001::C012::C014,P-H06-W001,P-H06,GEO_NE,2021-05-18,2021-11-02,168,0.7135266086,4.745390831696363,2.227187405621208,3.415638973,2.518203426075155,1.3297518586963628,stable,False,,inner_validation,
rolling_origin_2022-07-19,rolling_origin_2022-07-19__inner_1_2021-11-02,Z11_ebm,42117,a11b125bc27d87db068634bb0ddc8f1341a39e4b4d9c54568b130fcb9c969f7d,P-H06-W002::C012::C014,P-H06-W002,P-H06,GEO_NE,2021-05-18,2021-11-02,168,0.7584289183,4.665007785714293,1.693018573234231,2.699077508,2.9719892124800618,1.965930277714293,stable,False,,inner_validation,
rolling_origin_2022-07-19,rolling_origin_2022-07-19__inner_1_2021-11-02,Z11_ebm,42117,a11b125bc27d87db068634bb0ddc8f1341a39e4b4d9c54568b130fcb9c969f7d,P-H06-W003::C012::C014,P-H06-W003,P-H06,GEO_NE,2021-05-18,2021-11-02,168,0.7838244488,5.267175024107125,0.9828967372629489,4.328006741,4.284278286844176,0.9391682831071249,stable,False,,inner_validation,
rolling_origin_2022-07-19,rolling_origin_2022-07-19__inner_1_2021-11-02,Z11_ebm,42117,a11b125bc27d87db068634bb0ddc8f1341a39e4b4d9c54568b130fcb9c969f7d,P-H06-W004::C012::C014,P-H06-W004,P-H06,GEO_NE,2021-05-18,2021-11-02,168,0.7945257625,0.6835471124999815,1.703342813213187,6.941094664,1.0197957007132055,6.257547551500019,stable,False,,inner_validation,
rolling_origin_2022-07-19,rolling_origin_2022-07-19__inner_1_2021-11-02,Z11_ebm,42117,a11b125bc27d87db068634bb0ddc8f1341a39e4b4d9c54568b130fcb9c969f7d,P-H06-W005::C012::C014,P-H06-W005,P-H06,GEO_NE,2021-05-18,2021-11-02,168,0.794466752,1.355006624107136,3.7678973247942364,6.538629574,2.4128907006871003,5.183622949892864,stable,False,,inner_validation,
rolling_origin_2022-07-19,rolling_origin_2022-07-19__inner_1_2021-11-02,Z11_ebm,42117,a11b125bc27d87db068634bb0ddc8f1341a39e4b4d9c54568b130fcb9c969f7d,P-H06-W006::C012::C014,P-H06-W006,P-H06,GEO_NE,2021-05-18,2021-11-02,168,0.7701842404,0.5771882691964176,5.043933022146263,5.409631423,4.466744752949845,4.832443153803583,stable,False,,inner_validation,
rolling_origin_2022-07-19,rolling_origin_2022-07-19__inner_1_2021-11-02,Z11_ebm,42117,a11b125bc27d87db068634bb0ddc8f1341a39e4b4d9c54568b130fcb9c969f7d,P-H06-W007::C012::C014,P-H06-W007,P-H06,GEO_NE,2021-05-18,2021-11-02,168,0.7521008221,-0.8879290331696407,5.0913859135326724,3.441170082,5.9793149467023134,4.329099115169641,volatile_or_gap,True,,inner_validation,
rolling_origin_2022-07-19,rolling_origin_2022-07-19__inner_1_2021-11-02,Z11_ebm,42117,a11b125bc27d87db068634bb0ddc8f1341a39e4b4d9c54568b130fcb9c969f7d,P-H07-W001::C012::C014,P-H07-W001,P-H07,GEO_NE,2021-05-18,2021-11-02,168,0.7268787388,28.249550751785726,30.75345323410735,33.94962263,2.5039024823216245,5.700071878214274,volatile_or_gap,True,,inner_validation,
rolling_origin_2022-07-19,rolling_origin_2022-07-19__inner_1_2021-11-02,Z11_ebm,42117,a11b125bc27d87db068634bb0ddc8f1341a39e4b4d9c54568b130fcb9c969f7d,P-H07-W002::C012::C014,P-H07-W002,P-H07,GEO_NE,2021-05-18,2021-11-02,168,0.7419866076,34.34648115892864,39.18386314361995,47.40963813,4.837381984691312,13.063156971071358,volatile_or_gap,True,,inner_validation,
rolling_origin_2022-07-19,rolling_origin_2022-07-19__inner_1_2021-11-02,Z11_ebm,42117,a11b125bc27d87db068634bb0ddc8f1341a39e4b4d9c54568b130fcb9c969f7d,P-H07-W003::C012::C014,P-H07-W003,P-H07,GEO_NE,2021-05-18,2021-11-02,168,0.7560551864,-1.7974204696429723,-6.6292057324038565,3.839043546,4.831785262760884,5.636464015642972,volatile_or_gap,True,,inner_validation,
rolling_origin_2022-07-19,rolling_origin_2022-07-19__inner_1_2021-11-02,Z11_ebm,42117,a11b125bc27d87db068634bb0ddc8f1341a39e4b4d9c54568b130fcb9c969f7d,P-H07-W004::C012::C014,P-H07-W004,P-H07,GEO_NE,2021-05-18,2021-11-02,168,0.7579387984,27.42839222321425,25.091890826866496,32.06497436,2.336501396347753,4.636582136785751,volatile_or_gap,True,,inner_validation,
rolling_origin_2022-07-19,rolling_origin_2022-07-19__inner_1_2021-11-02,Z11_ebm,42117,a11b125bc27d87db068634bb0ddc8f1341a39e4b4d9c54568b130fcb9c969f7d,P-H07-W005::C012::C014,P-H07-W005,P-H07,GEO_NE,2021-05-18,2021-11-02,168,0.7532707011,-5.287210051919641,0.11623700494617215,3.484852844,5.403447056865813,8.77206289591964,volatile_or_gap,True,,inner_validation,
rolling_origin_2022-07-19,rolling_origin_2022-07-19__inner_1_2021-11-02,Z11_ebm,42117,a11b125bc27d87db068634bb0ddc8f1341a39e4b4d9c54568b130fcb9c969f7d,P-H07-W006::C012::C014,P-H07-W006,P-H07,GEO_NE,2021-05-18,2021-11-02,168,0.7380512243,14.045003036607142,26.067380710634655,19.12782264,12.022377674027513,5.08281960339286,volatile_or_gap,True,,inner_validation,
rolling_origin_2022-07-19,rolling_origin_2022-07-19__inner_1_2021-11-02,Z11_ebm,42117,a11b125bc27d87db068634bb0ddc8f1341a39e4b4d9c54568b130fcb9c969f7d,P-H07-W007::C012::C014,P-H07-W007,P-H07,GEO_NE,2021-05-18,2021-11-02,168,0.7217568932,7.074490181473214,12.881562611332027,12.62932493,5.807072429858813,5.554834748526785,volatile_or_gap,True,,inner_validation,
rolling_origin_2022-07-19,rolling_origin_2022-07-19__inner_1_2021-11-02,Z11_ebm,42117,a11b125bc27d87db068634bb0ddc8f1341a39e4b4d9c54568b130fcb9c969f7d,P-V01-W001::C012::C014,P-V01-W001,P-V01,GEO_SW,2021-05-18,2021-11-02,168,0.7164102732,29.913615185267822,31.041589368655753,30.59177959,1.1279741833879307,0.6781644047321791,stable,False,,inner_validation,
rolling_origin_2022-07-19,rolling_origin_2022-07-19__inner_1_2021-11-02,Z11_ebm,42117,a11b125bc27d87db068634bb0ddc8f1341a39e4b4d9c54568b130fcb9c969f7d,P-V01-W002::C012::C014,P-V01-W002,P-V01,GEO_SW,2021-05-18,2021-11-02,168,0.7481723266,36.69116005178576,30.174474205720752,29.85693283,6.5166858460650054,6.834227221785756,stable,False,,inner_validation,
rolling_origin_2022-07-19,rolling_origin_2022-07-19__inner_1_2021-11-02,Z11_ebm,42117,a11b125bc27d87db068634bb0ddc8f1341a39e4b4d9c54568b130fcb9c969f7d,P-V01-W003::C012::C014,P-V01-W003,P-V01,GEO_SW,2021-05-18,2021-11-02,168,0.767445056,23.223815108928576,22.93828588680467,23.58947679,0.2855292221239054,0.3656616810714226,stable,False,,inner_validation,
rolling_origin_2022-07-19,rolling_origin_2022-07-19__inner_1_2021-11-02,Z11_ebm,42117,a11b125bc27d87db068634bb0ddc8f1341a39e4b4d9c54568b130fcb9c969f7d,P-V01-W004::C012::C014,P-V01-W004,P-V01,GEO_SW,2021-05-18,2021-11-02,168,0.7718797356,22.675043724553568,34.07379670588462,30.31805121,11.39875298133105,7.643007485446432,stable,False,,inner_validation,
rolling_origin_2022-07-19,rolling_origin_2022-07-19__inner_1_2021-11-02,Z11_ebm,42117,a11b125bc27d87db068634bb0ddc8f1341a39e4b4d9c54568b130fcb9c969f7d,P-V01-W005::C012::C014,P-V01-W005,P-V01,GEO_SW,2021-05-18,2021-11-02,168,0.7698403192,34.19403080937506,37.95287074839924,38.00750686,3.7588399390241847,3.813476050624942,stable,False,,inner_validation,
rolling_origin_2022-07-19,rolling_origin_2022-07-19__inner_1_2021-11-02,Z11_ebm,42117,a11b125bc27d87db068634bb0ddc8f1341a39e4b4d9c54568b130fcb9c969f7d,P-V01-W006::C012::C014,P-V01-W006,P-V01,GEO_SW,2021-05-18,2021-11-02,168,0.756289979,38.342819464732045,34.563408604918926,35.51622565,3.779410859813119,2.8265938147320426,stable,False,,inner_validation,
rolling_origin_2022-07-19,rolling_origin_2022-07-19__inner_1_2021-11-02,Z11_ebm,42117,a11b125bc27d87db068634bb0ddc8f1341a39e4b4d9c54568b130fcb9c969f7d,P-V01-W007::C012::C014,P-V01-W007,P-V01,GEO_SW,2021-05-18,2021-11-02,168,0.7305471412,42.90673713839289,37.380655317190396,47.78947436,5.526081821202496,4.882737221607108,volatile_or_gap,True,,inner_validation,
rolling_origin_2022-07-19,rolling_origin_2022-07-19__inner_1_2021-11-02,Z11_ebm,42117,a11b125bc27d87db068634bb0ddc8f1341a39e4b4d9c54568b130fcb9c969f7d,P-V02-W001::C012::C014,P-V02-W001,P-V02,GEO_SW,2021-05-18,2021-11-02,168,0.7266282257,39.316666842410605,38.02255813968919,42.12227194,1.2941087027214166,2.8056050975893925,stable,False,,inner_validation,
rolling_origin_2022-07-19,rolling_origin_2022-07-19__inner_1_2021-11-02,Z11_ebm,42117,a11b125bc27d87db068634bb0ddc8f1341a39e4b4d9c54568b130fcb9c969f7d,P-V02-W003::C012::C014,P-V02-W003,P-V02,GEO_NW,2021-05-18,2021-11-02,168,0.7473830371,7.253790732499992,7.469396975472872,6.076332082,0.21560624297288022,1.1774586504999913,stable,False,,inner_validation,
rolling_origin_2022-07-19,rolling_origin_2022-07-19__inner_1_2021-11-02,Z11_ebm,42117,a11b125bc27d87db068634bb0ddc8f1341a39e4b4d9c54568b130fcb9c969f7d,P-V02-W004::C012::C014,P-V02-W004,P-V02,GEO_NW,2021-05-18,2021-11-02,168,0.7499251739,17.169392822901774,16.712796186307884,14.31329744,0.4565966365938898,2.856095382901774,stable,False,,inner_validation,
rolling_origin_2022-07-19,rolling_origin_2022-07-19__inner_1_2021-11-02,Z11_ebm,42117,a11b125bc27d87db068634bb0ddc8f1341a39e4b4d9c54568b130fcb9c969f7d,P-V02-W005::C012::C014,P-V02-W005,P-V02,GEO_NW,2021-05-18,2021-11-02,168,0.7493095809,44.07420093214287,51.7713131123903,49.8453672,7.69711218024743,5.771166267857126,decelerating,True,,inner_validation,
rolling_origin_2022-07-19,rolling_origin_2022-07-19__inner_1_2021-11-02,Z11_ebm,42117,a11b125bc27d87db068634bb0ddc8f1341a39e4b4d9c54568b130fcb9c969f7d,P-V02-W006::C012::C014,P-V02-W006,P-V02,GEO_NW,2021-05-18,2021-11-02,168,0.7399517158,24.7044120758929,29.885248248265878,22.12316549,5.180836172372977,2.581246585892899,decelerating,True,,inner_validation,
rolling_origin_2022-07-19,rolling_origin_2022-07-19__inner_1_2021-11-02,Z11_ebm,42117,a11b125bc27d87db068634bb0ddc8f1341a39e4b4d9c54568b130fcb9c969f7d,P-V02-W007::C012::C014,P-V02-W007,P-V02,GEO_NW,2021-05-18,2021-11-02,168,0.726910472,21.55249863669641,27.9081934775941,18.28609376,6.355694840897691,3.2664048766964093,stable,False,,inner_validation,
rolling_origin_2022-07-19,rolling_origin_2022-07-19__inner_1_2021-11-02,Z11_ebm,42117,a11b125bc27d87db068634bb0ddc8f1341a39e4b4d9c54568b130fcb9c969f7d,P-V03-W001::C012::C014,P-V03-W001,P-V03,GEO_SW,2021-05-18,2021-11-02,168,1.027367672,25.50489245401789,36.93168382995343,29.37423422,11.426791375935537,3.86934176598211,stable,False,,inner_validation,
rolling_origin_2022-07-19,rolling_origin_2022-07-19__inner_1_2021-11-02,Z11_ebm,42117,a11b125bc27d87db068634bb0ddc8f1341a39e4b4d9c54568b130fcb9c969f7d,P-V03-W002::C012::C014,P-V03-W002,P-V03,GEO_SW,2021-05-18,2021-11-02,168,1.046909381,37.57939239464289,39.568955931517316,36.41134564,1.989563536874428,1.1680467546428872,stable,False,,inner_validation,
rolling_origin_2022-07-19,rolling_origin_2022-07-19__inner_1_2021-11-02,Z11_ebm,42117,a11b125bc27d87db068634bb0ddc8f1341a39e4b4d9c54568b130fcb9c969f7d,P-V03-W003::C012::C014,P-V03-W003,P-V03,GEO_SW,2021-05-18,2021-11-02,168,1.058730665,41.11248564732106,36.84256722539901,36.13762989,4.26991842192205,4.974855757321059,stable,False,,inner_validation,
rolling_origin_2022-07-19,rolling_origin_2022-07-19__inner_1_2021-11-02,Z11_ebm,42117,a11b125bc27d87db068634bb0ddc8f1341a39e4b4d9c54568b130fcb9c969f7d,P-V03-W004::C012::C014,P-V03-W004,P-V03,GEO_SW,2021-05-18,2021-11-02,168,1.063608998,22.897837745535934,23.30580745017573,21.14081465,0.40796970463979676,1.757023095535935,stable,False,,inner_validation,
rolling_origin_2022-07-19,rolling_origin_2022-07-19__inner_1_2021-11-02,Z11_ebm,42117,a11b125bc27d87db068634bb0ddc8f1341a39e4b4d9c54568b130fcb9c969f7d,P-V03-W005::C012::C014,P-V03-W005,P-V03,GEO_NW,2021-05-18,2021-11-02,168,1.059041915,34.030038342410776,36.82632048844282,33.52979331,2.7962821460320413,0.5002450324107741,stable,False,,inner_validation,
rolling_origin_2022-07-19,rolling_origin_2022-07-19__inner_1_2021-11-02,Z11_ebm,42117,a11b125bc27d87db068634bb0ddc8f1341a39e4b4d9c54568b130fcb9c969f7d,P-V03-W006::C012::C014,P-V03-W006,P-V03,GEO_NW,2021-05-18,2021-11-02,168,1.049938678,36.18461743750001,37.656071047643685,36.60124481,1.4714536101436764,0.41662737249998827,stable,False,,inner_validation,
rolling_origin_2022-07-19,rolling_origin_2022-07-19__inner_1_2021-11-02,Z11_ebm,42117,a11b125bc27d87db068634bb0ddc8f1341a39e4b4d9c54568b130fcb9c969f7d,P-V03-W007::C012::C014,P-V03-W007,P-V03,GEO_NW,2021-05-18,2021-11-02,168,1.03676382,6.876204979017909,5.552604090372021,2.990749275,1.3236008886458883,3.8854557040179087,stable,False,,inner_validation,
rolling_origin_2022-07-19,rolling_origin_2022-07-19__inner_1_2021-11-02,Z11_ebm,42117,a11b125bc27d87db068634bb0ddc8f1341a39e4b4d9c54568b130fcb9c969f7d,P-V04-W001::C012::C014,P-V04-W001,P-V04,GEO_NE,2021-05-18,2021-11-02,168,0.6964639577,-1.4673618723214628,3.8334725853737646,5.170736901,5.3008344576952275,6.638098773321462,stable,False,,inner_validation,
rolling_origin_2022-07-19,rolling_origin_2022-07-19__inner_1_2021-11-02,Z11_ebm,42117,a11b125bc27d87db068634bb0ddc8f1341a39e4b4d9c54568b130fcb9c969f7d,P-V04-W003::C012::C014,P-V04-W003,P-V04,GEO_NE,2021-05-18,2021-11-02,168,0.7173192582,-1.0570243687499608,-1.044259283509347,5.198326629,0.012765085240613816,6.255350997749961,stable,False,,inner_validation,
rolling_origin_2022-07-19,rolling_origin_2022-07-19__inner_1_2021-11-02,Z11_ebm,42117,a11b125bc27d87db068634bb0ddc8f1341a39e4b4d9c54568b130fcb9c969f7d,P-V04-W004::C012::C014,P-V04-W004,P-V04,GEO_NE,2021-05-18,2021-11-02,168,0.7218305072,0.0941847129464594,2.5618512402028255,5.64054747,2.467666527256366,5.54636275705354,stable,False,,inner_validation,
rolling_origin_2022-07-19,rolling_origin_2022-07-19__inner_1_2021-11-02,Z11_ebm,42117,a11b125bc27d87db068634bb0ddc8f1341a39e4b4d9c54568b130fcb9c969f7d,P-V04-W006::C012::C014,P-V04-W006,P-V04,GEO_NE,2021-05-18,2021-11-02,168,0.7146746274,0.7289716026785651,0.1221016413071361,3.323061736,0.606869961371429,2.5940901333214352,stable,False,,inner_validation,
rolling_origin_2022-07-19,rolling_origin_2022-07-19__inner_1_2021-11-02,Z11_ebm,42117,a11b125bc27d87db068634bb0ddc8f1341a39e4b4d9c54568b130fcb9c969f7d,P-V04-W007::C012::C014,P-V04-W007,P-V04,GEO_NE,2021-05-18,2021-11-02,168,0.7030279108,36.67592195223209,33.9577003400818,39.16115001,2.7182216121502876,2.4852280577679124,stable,False,,inner_validation,
rolling_origin_2022-07-19,rolling_origin_2022-07-19__inner_1_2021-11-02,Z11_ebm,42117,a11b125bc27d87db068634bb0ddc8f1341a39e4b4d9c54568b130fcb9c969f7d,P-V05-W001::C012::C014,P-V05-W001,P-V05,GEO_SE,2021-05-18,2021-11-02,168,0.6966526631,21.993922263392903,25.772545144073586,23.42147219,3.7786228806806825,1.427549926607096,volatile_or_gap,True,,inner_validation,
rolling_origin_2022-07-19,rolling_origin_2022-07-19__inner_1_2021-11-02,Z11_ebm,42117,a11b125bc27d87db068634bb0ddc8f1341a39e4b4d9c54568b130fcb9c969f7d,P-V05-W002::C012::C014,P-V05-W002,P-V05,GEO_NE,2021-05-18,2021-11-02,168,0.7152542128,27.68890026339269,27.450331188632045,32.42684854,0.23856907476064393,4.737948276607312,volatile_or_gap,True,,inner_validation,
rolling_origin_2022-07-19,rolling_origin_2022-07-19__inner_1_2021-11-02,Z11_ebm,42117,a11b125bc27d87db068634bb0ddc8f1341a39e4b4d9c54568b130fcb9c969f7d,P-V05-W003::C012::C014,P-V05-W003,P-V05,GEO_NE,2021-05-18,2021-11-02,168,0.718494857,34.764084093749986,26.28795592548908,27.76560031,8.476128168260907,6.998483783749986,stable,False,,inner_validation,
rolling_origin_2022-07-19,rolling_origin_2022-07-19__inner_1_2021-11-02,Z11_ebm,42117,a11b125bc27d87db068634bb0ddc8f1341a39e4b4d9c54568b130fcb9c969f7d,P-V05-W004::C012::C014,P-V05-W004,P-V05,GEO_NE,2021-05-18,2021-11-02,168,0.7199061355,35.14872278124974,34.54964755470948,32.02398019,0.5990752265402577,3.124742591249735,stable,False,,inner_validation,
rolling_origin_2022-07-19,rolling_origin_2022-07-19__inner_1_2021-11-02,Z11_ebm,42117,a11b125bc27d87db068634bb0ddc8f1341a39e4b4d9c54568b130fcb9c969f7d,P-V05-W006::C012::C014,P-V05-W006,P-V05,GEO_NE,2021-05-18,2021-11-02,168,0.710711044,23.59521522321437,18.74314189720474,18.97827038,4.852073326009631,4.61694484321437,stable,False,,inner_validation,
rolling_origin_2022-07-19,rolling_origin_2022-07-19__inner_1_2021-11-02,Z11_ebm,42117,a11b125bc27d87db068634bb0ddc8f1341a39e4b4d9c54568b130fcb9c969f7d,P-V05-W007::C012::C014,P-V05-W007,P-V05,GEO_NE,2021-05-18,2021-11-02,168,0.6981003438,33.28180610714288,34.597443963626404,34.88939317,1.3156378564835265,1.607587062857121,stable,False,,inner_validation,
rolling_origin_2022-07-19,rolling_origin_2022-07-19__inner_1_2021-11-02,Z11_ebm,42117,a11b125bc27d87db068634bb0ddc8f1341a39e4b4d9c54568b130fcb9c969f7d,P-H04-W001::C013::C014,P-H04-W001,P-H04,GEO_SW,2021-07-13,2021-11-02,112,0.7389120973,29.99718025446432,19.01713063008445,31.2369445,10.98004962437987,1.2397642455356817,accelerating,True,,inner_validation,
rolling_origin_2022-07-19,rolling_origin_2022-07-19__inner_1_2021-11-02,Z11_ebm,42117,a11b125bc27d87db068634bb0ddc8f1341a39e4b4d9c54568b130fcb9c969f7d,P-H04-W002::C013::C014,P-H04-W002,P-H04,GEO_SW,2021-07-13,2021-11-02,112,0.7558706455,33.07868003772325,23.112696987518987,31.20459114,9.965983050204265,1.8740888977232508,accelerating,True,,inner_validation,
rolling_origin_2022-07-19,rolling_origin_2022-07-19__inner_1_2021-11-02,Z11_ebm,42117,a11b125bc27d87db068634bb0ddc8f1341a39e4b4d9c54568b130fcb9c969f7d,P-H04-W003::C013::C014,P-H04-W003,P-H04,GEO_SW,2021-07-13,2021-11-02,112,0.7729357338,36.30555943058037,18.220348998092895,30.958499,18.08521043248747,5.347060430580367,accelerating,True,,inner_validation,
rolling_origin_2022-07-19,rolling_origin_2022-07-19__inner_1_2021-11-02,Z11_ebm,42117,a11b125bc27d87db068634bb0ddc8f1341a39e4b4d9c54568b130fcb9c969f7d,P-H04-W004::C013::C014,P-H04-W004,P-H04,GEO_SW,2021-07-13,2021-11-02,112,0.7760900045,24.973401634151763,5.035708077731644,20.15308248,19.93769355642012,4.820319154151765,accelerating,True,,inner_validation,
rolling_origin_2022-07-19,rolling_origin_2022-07-19__inner_1_2021-11-02,Z11_ebm,42117,a11b125bc27d87db068634bb0ddc8f1341a39e4b4d9c54568b130fcb9c969f7d,P-H04-W005::C013::C014,P-H04-W005,P-H04,GEO_SW,2021-07-13,2021-11-02,112,0.7715255893,34.87086884464279,20.488697882116153,35.14746159,14.38217096252664,0.2765927453572061,accelerating,True,,inner_validation,
rolling_origin_2022-07-19,rolling_origin_2022-07-19__inner_1_2021-11-02,Z11_ebm,42117,a11b125bc27d87db068634bb0ddc8f1341a39e4b4d9c54568b130fcb9c969f7d,P-H04-W006::C013::C014,P-H04-W006,P-H04,GEO_SW,2021-07-13,2021-11-02,112,0.7540199569,30.22836035022316,19.11017093215312,30.25769225,11.118189418070038,0.029331899776842363,accelerating,True,,inner_validation,
rolling_origin_2022-07-19,rolling_origin_2022-07-19__inner_1_2021-11-02,Z11_ebm,42117,a11b125bc27d87db068634bb0ddc8f1341a39e4b4d9c54568b130fcb9c969f7d,P-H04-W007::C013::C014,P-H04-W007,P-H04,GEO_SW,2021-07-13,2021-11-02,112,0.7258471475,38.06636184843747,25.56008331281416,36.88264017,12.506278535623306,1.1837216784374647,accelerating,True,,inner_validation,
rolling_origin_2022-07-19,rolling_origin_2022-07-19__inner_1_2021-11-02,Z11_ebm,42117,a11b125bc27d87db068634bb0ddc8f1341a39e4b4d9c54568b130fcb9c969f7d,P-V06-W001::C013::C014,P-V06-W001,P-V06,GEO_NE,2021-07-13,2021-11-02,112,0.6965658013,0.8170106635854913,-0.48845098987214125,-6.831907383,1.3054616534576327,7.648918046585491,decelerating,True,,inner_validation,
rolling_origin_2022-07-19,rolling_origin_2022-07-19__inner_1_2021-11-02,Z11_ebm,42117,a11b125bc27d87db068634bb0ddc8f1341a39e4b4d9c54568b130fcb9c969f7d,P-V06-W002::C013::C014,P-V06-W002,P-V06,GEO_NE,2021-07-13,2021-11-02,112,0.7280271209,20.29697576383933,13.588402124565695,20.85393089,6.708573639273636,0.5569551261606698,stable,False,,inner_validation,
rolling_origin_2022-07-19,rolling_origin_2022-07-19__inner_1_2021-11-02,Z11_ebm,42117,a11b125bc27d87db068634bb0ddc8f1341a39e4b4d9c54568b130fcb9c969f7d,P-V06-W004::C013::C014,P-V06-W004,P-V06,GEO_NE,2021-07-13,2021-11-02,112,0.7511360478,22.24644187299112,15.700871292636316,19.32768133,6.545570580354804,2.9187605429911194,decelerating,True,,inner_validation,
rolling_origin_2022-07-19,rolling_origin_2022-07-19__inner_1_2021-11-02,Z11_ebm,42117,a11b125bc27d87db068634bb0ddc8f1341a39e4b4d9c54568b130fcb9c969f7d,P-V06-W005::C013::C014,P-V06-W005,P-V06,GEO_NE,2021-07-13,2021-11-02,112,0.7507483681,41.84564208013391,30.785223095076894,43.1558834,11.06041898505702,1.310241319866087,volatile_or_gap,True,,inner_validation,
rolling_origin_2022-07-19,rolling_origin_2022-07-19__inner_1_2021-11-02,Z11_ebm,42117,a11b125bc27d87db068634bb0ddc8f1341a39e4b4d9c54568b130fcb9c969f7d,P-V06-W006::C013::C014,P-V06-W006,P-V06,GEO_NE,2021-07-13,2021-11-02,112,0.7399028839,20.57359524241079,13.701163123992425,15.22136628,6.872432118418365,5.3522289624107895,decelerating,True,,inner_validation,
rolling_origin_2022-07-19,rolling_origin_2022-07-19__inner_1_2021-11-02,Z11_ebm,42117,a11b125bc27d87db068634bb0ddc8f1341a39e4b4d9c54568b130fcb9c969f7d,P-V06-W007::C013::C014,P-V06-W007,P-V06,GEO_NE,2021-07-13,2021-11-02,112,0.7284375974,16.34794755133929,13.867226038300828,15.91980235,2.4807215130384606,0.428145201339289,decelerating,True,,inner_validation,
rolling_origin_2022-07-19,rolling_origin_2022-07-19__inner_2_2022-03-01,Z11_ebm,42117,a11b125bc27d87db068634bb0ddc8f1341a39e4b4d9c54568b130fcb9c969f7d,P-D01-W001::C014::C015,P-D01-W001,P-D01,GEO_SW,2021-11-02,2022-03-01,119,0.7121569081,126.51240215861336,85.13066518087633,106.1600464,41.38173697773702,20.352355758613356,accelerating,True,,inner_validation,
rolling_origin_2022-07-19,rolling_origin_2022-07-19__inner_2_2022-03-01,Z11_ebm,42117,a11b125bc27d87db068634bb0ddc8f1341a39e4b4d9c54568b130fcb9c969f7d,P-D01-W002::C014::C015,P-D01-W002,P-D01,GEO_SW,2021-11-02,2022-03-01,119,0.7272446037,45.90072839936985,40.722231088450854,46.72850315,5.178497310918992,0.8277747506301552,stable,False,,inner_validation,
rolling_origin_2022-07-19,rolling_origin_2022-07-19__inner_2_2022-03-01,Z11_ebm,42117,a11b125bc27d87db068634bb0ddc8f1341a39e4b4d9c54568b130fcb9c969f7d,P-D01-W003::C014::C015,P-D01-W003,P-D01,GEO_SW,2021-11-02,2022-03-01,119,0.7359342763,4.0729503245799465,4.103864092052037,5.494541697,0.030913767472090292,1.4215913724200533,stable,False,,inner_validation,
rolling_origin_2022-07-19,rolling_origin_2022-07-19__inner_2_2022-03-01,Z11_ebm,42117,a11b125bc27d87db068634bb0ddc8f1341a39e4b4d9c54568b130fcb9c969f7d,P-D01-W004::C014::C015,P-D01-W004,P-D01,GEO_SW,2021-11-02,2022-03-01,119,0.7409914016,3.65126766491593,1.9140421444308935,1.916077689,1.7372255204850366,1.7351899759159302,stable,False,,inner_validation,
rolling_origin_2022-07-19,rolling_origin_2022-07-19__inner_2_2022-03-01,Z11_ebm,42117,a11b125bc27d87db068634bb0ddc8f1341a39e4b4d9c54568b130fcb9c969f7d,P-D01-W005::C014::C015,P-D01-W005,P-D01,GEO_SW,2021-11-02,2022-03-01,119,0.7377163254,39.04444661848748,31.740360490894986,37.21305199,7.304086127592491,1.8313946284874802,stable,False,,inner_validation,
rolling_origin_2022-07-19,rolling_origin_2022-07-19__inner_2_2022-03-01,Z11_ebm,42117,a11b125bc27d87db068634bb0ddc8f1341a39e4b4d9c54568b130fcb9c969f7d,P-D01-W006::C014::C015,P-D01-W006,P-D01,GEO_SW,2021-11-02,2022-03-01,119,0.7225437609,44.8128033434873,24.511409414557555,27.90570993,20.30139392892975,16.907093413487303,stable,False,,inner_validation,
rolling_origin_2022-07-19,rolling_origin_2022-07-19__inner_2_2022-03-01,Z11_ebm,42117,a11b125bc27d87db068634bb0ddc8f1341a39e4b4d9c54568b130fcb9c969f7d,P-D01-W007::C014::C015,P-D01-W007,P-D01,GEO_SW,2021-11-02,2022-03-01,119,0.6962476429,16.18846746932774,26.096746585401142,23.14066627,9.908279116073402,6.95219880067226,decelerating,True,,inner_validation,
rolling_origin_2022-07-19,rolling_origin_2022-07-19__inner_2_2022-03-01,Z11_ebm,42117,a11b125bc27d87db068634bb0ddc8f1341a39e4b4d9c54568b130fcb9c969f7d,P-H04-W001::C014::C015,P-H04-W001,P-H04,GEO_SW,2021-11-02,2022-03-01,119,0.6988264422,25.17007331659657,25.691086038116197,29.9971803,0.5210127215196252,4.827106983403429,stable,False,,inner_validation,
rolling_origin_2022-07-19,rolling_origin_2022-07-19__inner_2_2022-03-01,Z11_ebm,42117,a11b125bc27d87db068634bb0ddc8f1341a39e4b4d9c54568b130fcb9c969f7d,P-H04-W002::C014::C015,P-H04-W002,P-H04,GEO_SW,2021-11-02,2022-03-01,119,0.7221339333,25.328333686134467,28.001049859138547,33.07868016,2.67271617300408,7.75034647386553,stable,False,,inner_validation,
rolling_origin_2022-07-19,rolling_origin_2022-07-19__inner_2_2022-03-01,Z11_ebm,42117,a11b125bc27d87db068634bb0ddc8f1341a39e4b4d9c54568b130fcb9c969f7d,P-H04-W003::C014::C015,P-H04-W003,P-H04,GEO_SW,2021-11-02,2022-03-01,119,0.748306304,36.16711515882334,34.27888398091622,36.30555947,1.888231177907123,0.1384443111766558,stable,False,,inner_validation,
rolling_origin_2022-07-19,rolling_origin_2022-07-19__inner_2_2022-03-01,Z11_ebm,42117,a11b125bc27d87db068634bb0ddc8f1341a39e4b4d9c54568b130fcb9c969f7d,P-H04-W004::C014::C015,P-H04-W004,P-H04,GEO_SW,2021-11-02,2022-03-01,119,0.7591565375,22.40874556386553,18.101133917771673,24.97340133,4.307611646093857,2.5646557661344715,stable,False,,inner_validation,
rolling_origin_2022-07-19,rolling_origin_2022-07-19__inner_2_2022-03-01,Z11_ebm,42117,a11b125bc27d87db068634bb0ddc8f1341a39e4b4d9c54568b130fcb9c969f7d,P-H04-W005::C014::C015,P-H04-W005,P-H04,GEO_SW,2021-11-02,2022-03-01,119,0.7586418843,32.2360365283614,30.548208053935227,34.87086871,1.6878284744261762,2.6348321816386004,stable,False,,inner_validation,
rolling_origin_2022-07-19,rolling_origin_2022-07-19__inner_2_2022-03-01,Z11_ebm,42117,a11b125bc27d87db068634bb0ddc8f1341a39e4b4d9c54568b130fcb9c969f7d,P-H04-W006::C014::C015,P-H04-W006,P-H04,GEO_SW,2021-11-02,2022-03-01,119,0.7471418385,24.37962320735297,25.0683256940678,30.22836057,0.6887024867148277,5.848737362647029,stable,False,,inner_validation,
rolling_origin_2022-07-19,rolling_origin_2022-07-19__inner_2_2022-03-01,Z11_ebm,42117,a11b125bc27d87db068634bb0ddc8f1341a39e4b4d9c54568b130fcb9c969f7d,P-H04-W007::C014::C015,P-H04-W007,P-H04,GEO_SW,2021-11-02,2022-03-01,119,0.7242022629,30.564240931512582,32.374115774498875,38.06636181,1.809874842986293,7.502120878487414,stable,False,,inner_validation,
rolling_origin_2022-07-19,rolling_origin_2022-07-19__inner_3_2022-05-17,Z11_ebm,42117,a11b125bc27d87db068634bb0ddc8f1341a39e4b4d9c54568b130fcb9c969f7d,P-H01-W001::C014::C016,P-H01-W001,P-H01,GEO_SW,2021-11-02,2022-05-17,196,0.7357396065,23.13233240739796,31.22021288366977,23.41502259,8.08788047627181,0.28269018260203893,stable,False,,inner_validation,
rolling_origin_2022-07-19,rolling_origin_2022-07-19__inner_3_2022-05-17,Z11_ebm,42117,a11b125bc27d87db068634bb0ddc8f1341a39e4b4d9c54568b130fcb9c969f7d,P-H01-W002::C014::C016,P-H01-W002,P-H01,GEO_SW,2021-11-02,2022-05-17,196,0.7825542852,100.9477933228316,70.88947349160821,60.40185921,30.058319831223386,40.5459341128316,accelerating,True,,inner_validation,
rolling_origin_2022-07-19,rolling_origin_2022-07-19__inner_3_2022-05-17,Z11_ebm,42117,a11b125bc27d87db068634bb0ddc8f1341a39e4b4d9c54568b130fcb9c969f7d,P-H01-W003::C014::C016,P-H01-W003,P-H01,GEO_SW,2021-11-02,2022-05-17,196,0.8187771268,94.16792815599496,89.0007905998065,92.57859807,5.16713755618845,1.589330085994959,accelerating,True,,inner_validation,
rolling_origin_2022-07-19,rolling_origin_2022-07-19__inner_3_2022-05-17,Z11_ebm,42117,a11b125bc27d87db068634bb0ddc8f1341a39e4b4d9c54568b130fcb9c969f7d,P-H01-W004::C014::C016,P-H01-W004,P-H01,GEO_SW,2021-11-02,2022-05-17,196,0.8277272732,23.563429714668327,36.31029151578961,25.24678102,12.74686180112128,1.6833513053316729,stable,False,,inner_validation,
rolling_origin_2022-07-19,rolling_origin_2022-07-19__inner_3_2022-05-17,Z11_ebm,42117,a11b125bc27d87db068634bb0ddc8f1341a39e4b4d9c54568b130fcb9c969f7d,P-H01-W005::C014::C016,P-H01-W005,P-H01,GEO_SW,2021-11-02,2022-05-17,196,0.820359452,41.56917797257655,51.43169068614063,41.91560552,9.86251271356408,0.3464275474234526,decelerating,True,,inner_validation,
rolling_origin_2022-07-19,rolling_origin_2022-07-19__inner_3_2022-05-17,Z11_ebm,42117,a11b125bc27d87db068634bb0ddc8f1341a39e4b4d9c54568b130fcb9c969f7d,P-H01-W006::C014::C016,P-H01-W006,P-H01,GEO_SW,2021-11-02,2022-05-17,196,0.7961478453,26.621912272193853,35.991873817506395,29.93184777,9.369961545312542,3.3099354978061477,stable,False,,inner_validation,
rolling_origin_2022-07-19,rolling_origin_2022-07-19__inner_3_2022-05-17,Z11_ebm,42117,a11b125bc27d87db068634bb0ddc8f1341a39e4b4d9c54568b130fcb9c969f7d,P-H01-W007::C014::C016,P-H01-W007,P-H01,GEO_SW,2021-11-02,2022-05-17,196,0.741523091,39.026949828061234,42.800930438817275,32.73432182,3.773980610756041,6.292628008061236,stable,False,,inner_validation,
rolling_origin_2022-07-19,rolling_origin_2022-07-19__inner_3_2022-05-17,Z11_ebm,42117,a11b125bc27d87db068634bb0ddc8f1341a39e4b4d9c54568b130fcb9c969f7d,P-H02-W001::C014::C016,P-H02-W001,P-H02,GEO_SW,2021-11-02,2022-05-17,196,0.7225644884,31.136456686989884,35.53566302807558,35.86545545,4.399206341085698,4.7289987630101145,volatile_or_gap,True,,inner_validation,
rolling_origin_2022-07-19,rolling_origin_2022-07-19__inner_3_2022-05-17,Z11_ebm,42117,a11b125bc27d87db068634bb0ddc8f1341a39e4b4d9c54568b130fcb9c969f7d,P-H02-W003::C014::C016,P-H02-W003,P-H02,GEO_SW,2021-11-02,2022-05-17,196,0.7477121764,67.3184699789541,45.989377602749705,46.21176323,21.329092376204393,21.106706748954096,accelerating,True,,inner_validation,
rolling_origin_2022-07-19,rolling_origin_2022-07-19__inner_3_2022-05-17,Z11_ebm,42117,a11b125bc27d87db068634bb0ddc8f1341a39e4b4d9c54568b130fcb9c969f7d,P-H02-W004::C014::C016,P-H02-W004,P-H02,GEO_SW,2021-11-02,2022-05-17,196,0.7483153109,20.378626376403048,24.715461090628406,25.43528051,4.336834714225358,5.05665413359695,stable,False,,inner_validation,
rolling_origin_2022-07-19,rolling_origin_2022-07-19__inner_3_2022-05-17,Z11_ebm,42117,a11b125bc27d87db068634bb0ddc8f1341a39e4b4d9c54568b130fcb9c969f7d,P-H02-W005::C014::C016,P-H02-W005,P-H02,GEO_SW,2021-11-02,2022-05-17,196,0.7376232526,7.388291852257654,8.707247035534229,8.96143113,1.3189551832765742,1.573139277742345,stable,False,,inner_validation,
rolling_origin_2022-07-19,rolling_origin_2022-07-19__inner_3_2022-05-17,Z11_ebm,42117,a11b125bc27d87db068634bb0ddc8f1341a39e4b4d9c54568b130fcb9c969f7d,P-H02-W006::C014::C016,P-H02-W006,P-H02,GEO_SW,2021-11-02,2022-05-17,196,0.7261377543,17.98008012780605,20.111952385943894,16.97158187,2.131872258137843,1.0084982578060497,stable,False,,inner_validation,
rolling_origin_2022-07-19,rolling_origin_2022-07-19__inner_3_2022-05-17,Z11_ebm,42117,a11b125bc27d87db068634bb0ddc8f1341a39e4b4d9c54568b130fcb9c969f7d,P-H02-W007::C014::C016,P-H02-W007,P-H02,GEO_SW,2021-11-02,2022-05-17,196,0.6937107491,33.4094892455357,37.63030847498246,39.27815206,4.220819229446761,5.868662814464294,stable,False,,inner_validation,
rolling_origin_2022-07-19,rolling_origin_2022-07-19__inner_3_2022-05-17,Z11_ebm,42117,a11b125bc27d87db068634bb0ddc8f1341a39e4b4d9c54568b130fcb9c969f7d,P-H03-W001::C014::C016,P-H03-W001,P-H03,GEO_SE,2021-11-02,2022-05-17,196,0.6911552261,46.94378886160717,41.76050851200392,48.17373774,5.183280349603244,1.2299488783928325,stable,False,,inner_validation,
rolling_origin_2022-07-19,rolling_origin_2022-07-19__inner_3_2022-05-17,Z11_ebm,42117,a11b125bc27d87db068634bb0ddc8f1341a39e4b4d9c54568b130fcb9c969f7d,P-H03-W003::C014::C016,P-H03-W003,P-H03,GEO_SE,2021-11-02,2022-05-17,196,0.7199409823,43.85530120293368,36.332653326809144,40.88626489,7.5226478761245374,2.9690363129336816,decelerating,True,,inner_validation,
rolling_origin_2022-07-19,rolling_origin_2022-07-19__inner_3_2022-05-17,Z11_ebm,42117,a11b125bc27d87db068634bb0ddc8f1341a39e4b4d9c54568b130fcb9c969f7d,P-H03-W004::C014::C016,P-H03-W004,P-H03,GEO_SE,2021-11-02,2022-05-17,196,0.7281929087,41.23788355063767,37.20959762784304,39.54807054,4.02828592279463,1.6898130106376712,decelerating,True,,inner_validation,
rolling_origin_2022-07-19,rolling_origin_2022-07-19__inner_3_2022-05-17,Z11_ebm,42117,a11b125bc27d87db068634bb0ddc8f1341a39e4b4d9c54568b130fcb9c969f7d,P-H03-W005::C014::C016,P-H03-W005,P-H03,GEO_SE,2021-11-02,2022-05-17,196,0.7298996801,45.0076856380102,39.82347067614164,42.20222617,5.1842149618685625,2.8054594680101985,decelerating,True,,inner_validation,
rolling_origin_2022-07-19,rolling_origin_2022-07-19__inner_3_2022-05-17,Z11_ebm,42117,a11b125bc27d87db068634bb0ddc8f1341a39e4b4d9c54568b130fcb9c969f7d,P-H03-W006::C014::C016,P-H03-W006,P-H03,GEO_SE,2021-11-02,2022-05-17,196,0.7273055471,43.125486046683655,41.882691021051755,50.45865386,1.2427950256318994,7.333167813316344,volatile_or_gap,True,,inner_validation,
rolling_origin_2022-07-19,rolling_origin_2022-07-19__inner_3_2022-05-17,Z11_ebm,42117,a11b125bc27d87db068634bb0ddc8f1341a39e4b4d9c54568b130fcb9c969f7d,P-H03-W007::C014::C016,P-H03-W007,P-H03,GEO_SE,2021-11-02,2022-05-17,196,0.7089069732,33.39629142130099,11.68667136710972,20.34855812,21.709620054191266,13.047733301300987,stable,False,,inner_validation,
rolling_origin_2022-07-19,rolling_origin_2022-07-19__inner_3_2022-05-17,Z11_ebm,42117,a11b125bc27d87db068634bb0ddc8f1341a39e4b4d9c54568b130fcb9c969f7d,P-H05-W001::C014::C016,P-H05-W001,P-H05,GEO_NE,2021-11-02,2022-05-17,196,0.7536375313,36.34698721301055,38.33585105022495,37.84041087,1.988863837214403,1.4934236569894495,stable,False,,inner_validation,
rolling_origin_2022-07-19,rolling_origin_2022-07-19__inner_3_2022-05-17,Z11_ebm,42117,a11b125bc27d87db068634bb0ddc8f1341a39e4b4d9c54568b130fcb9c969f7d,P-H05-W002::C014::C016,P-H05-W002,P-H05,GEO_NE,2021-11-02,2022-05-17,196,0.7893317744,35.72574727806124,38.32549213121475,40.98132163,2.59974485315351,5.255574351938755,stable,False,,inner_validation,
rolling_origin_2022-07-19,rolling_origin_2022-07-19__inner_3_2022-05-17,Z11_ebm,42117,a11b125bc27d87db068634bb0ddc8f1341a39e4b4d9c54568b130fcb9c969f7d,P-H05-W003::C014::C016,P-H05-W003,P-H05,GEO_NE,2021-11-02,2022-05-17,196,0.8081507128,26.131375186224577,31.62123759046172,26.97541112,5.489862404237144,0.8440359337754231,decelerating,True,,inner_validation,
rolling_origin_2022-07-19,rolling_origin_2022-07-19__inner_3_2022-05-17,Z11_ebm,42117,a11b125bc27d87db068634bb0ddc8f1341a39e4b4d9c54568b130fcb9c969f7d,P-H05-W004::C014::C016,P-H05-W004,P-H05,GEO_NE,2021-11-02,2022-05-17,196,0.8156332842,27.45017553443898,23.230107517531035,23.50097077,4.220068016907945,3.9492047644389814,stable,False,,inner_validation,
rolling_origin_2022-07-19,rolling_origin_2022-07-19__inner_3_2022-05-17,Z11_ebm,42117,a11b125bc27d87db068634bb0ddc8f1341a39e4b4d9c54568b130fcb9c969f7d,P-H05-W005::C014::C016,P-H05-W005,P-H05,GEO_NE,2021-11-02,2022-05-17,196,0.8059568138,16.768946161989717,16.243851102689437,16.14976187,0.5250950593002806,0.6191842919897184,stable,False,,inner_validation,
rolling_origin_2022-07-19,rolling_origin_2022-07-19__inner_3_2022-05-17,Z11_ebm,42117,a11b125bc27d87db068634bb0ddc8f1341a39e4b4d9c54568b130fcb9c969f7d,P-H05-W006::C014::C016,P-H05-W006,P-H05,GEO_NE,2021-11-02,2022-05-17,196,0.7815626482,19.437971403061063,18.2227988611279,19.85856998,1.215172541933164,0.42059857693893576,stable,False,,inner_validation,
rolling_origin_2022-07-19,rolling_origin_2022-07-19__inner_3_2022-05-17,Z11_ebm,42117,a11b125bc27d87db068634bb0ddc8f1341a39e4b4d9c54568b130fcb9c969f7d,P-H05-W007::C014::C016,P-H05-W007,P-H05,GEO_NE,2021-11-02,2022-05-17,196,0.7443671085,19.086151235586705,24.160459289271813,25.43194329,5.074308053685108,6.345792054413295,stable,False,,inner_validation,
rolling_origin_2022-07-19,rolling_origin_2022-07-19__inner_3_2022-05-17,Z11_ebm,42117,a11b125bc27d87db068634bb0ddc8f1341a39e4b4d9c54568b130fcb9c969f7d,P-H06-W001::C014::C016,P-H06-W001,P-H06,GEO_NE,2021-11-02,2022-05-17,196,0.7173588682,2.526655263520402,3.6950438650639525,4.745390916,1.1683886015435507,2.218735652479598,stable,False,,inner_validation,
rolling_origin_2022-07-19,rolling_origin_2022-07-19__inner_3_2022-05-17,Z11_ebm,42117,a11b125bc27d87db068634bb0ddc8f1341a39e4b4d9c54568b130fcb9c969f7d,P-H06-W002::C014::C016,P-H06-W002,P-H06,GEO_NE,2021-11-02,2022-05-17,196,0.761567863,1.6366578562499836,4.724224735388212,4.665007757,3.0875668791382287,3.0283499007500163,stable,False,,inner_validation,
rolling_origin_2022-07-19,rolling_origin_2022-07-19__inner_3_2022-05-17,Z11_ebm,42117,a11b125bc27d87db068634bb0ddc8f1341a39e4b4d9c54568b130fcb9c969f7d,P-H06-W003::C014::C016,P-H06-W003,P-H06,GEO_NE,2021-11-02,2022-05-17,196,0.7865245678,1.7656183136479635,1.7915179348162016,5.267175007,0.025899621168238074,3.501556693352036,stable,False,,inner_validation,
rolling_origin_2022-07-19,rolling_origin_2022-07-19__inner_3_2022-05-17,Z11_ebm,42117,a11b125bc27d87db068634bb0ddc8f1341a39e4b4d9c54568b130fcb9c969f7d,P-H06-W004::C014::C016,P-H06-W004,P-H06,GEO_NE,2021-11-02,2022-05-17,196,0.7969610829,2.4107647928571563,4.289273837410468,0.6835470289,1.8785090445533115,1.7272177639571562,stable,False,,inner_validation,
rolling_origin_2022-07-19,rolling_origin_2022-07-19__inner_3_2022-05-17,Z11_ebm,42117,a11b125bc27d87db068634bb0ddc8f1341a39e4b4d9c54568b130fcb9c969f7d,P-H06-W005::C014::C016,P-H06-W005,P-H06,GEO_NE,2021-11-02,2022-05-17,196,0.7967243818,2.499107959438766,3.4266045175646243,1.355006437,0.9274965581258581,1.1441015224387663,stable,False,,inner_validation,
rolling_origin_2022-07-19,rolling_origin_2022-07-19__inner_3_2022-05-17,Z11_ebm,42117,a11b125bc27d87db068634bb0ddc8f1341a39e4b4d9c54568b130fcb9c969f7d,P-H06-W006::C014::C016,P-H06-W006,P-H06,GEO_NE,2021-11-02,2022-05-17,196,0.7723678992,1.8697963721938369,4.217000430283914,0.5771883508,2.3472040580900773,1.292608021393837,stable,False,,inner_validation,
rolling_origin_2022-07-19,rolling_origin_2022-07-19__inner_3_2022-05-17,Z11_ebm,42117,a11b125bc27d87db068634bb0ddc8f1341a39e4b4d9c54568b130fcb9c969f7d,P-H06-W007::C014::C016,P-H06-W007,P-H06,GEO_NE,2021-11-02,2022-05-17,196,0.7543275185,1.035606276466838,0.8899824546473705,-0.887929034,0.14562382181946742,1.9235353104668378,stable,False,,inner_validation,
rolling_origin_2022-07-19,rolling_origin_2022-07-19__inner_3_2022-05-17,Z11_ebm,42117,a11b125bc27d87db068634bb0ddc8f1341a39e4b4d9c54568b130fcb9c969f7d,P-H07-W001::C014::C016,P-H07-W001,P-H07,GEO_NE,2021-11-02,2022-05-17,196,0.693939737,40.74917849158163,29.38741102640968,28.2495508,11.361767465171951,12.49962769158163,stable,False,,inner_validation,
rolling_origin_2022-07-19,rolling_origin_2022-07-19__inner_3_2022-05-17,Z11_ebm,42117,a11b125bc27d87db068634bb0ddc8f1341a39e4b4d9c54568b130fcb9c969f7d,P-H07-W002::C014::C016,P-H07-W002,P-H07,GEO_NE,2021-11-02,2022-05-17,196,0.7137772998,39.314786581377504,38.77346985640522,34.34648117,0.5413167249722832,4.968305411377507,decelerating,True,,inner_validation,
rolling_origin_2022-07-19,rolling_origin_2022-07-19__inner_3_2022-05-17,Z11_ebm,42117,a11b125bc27d87db068634bb0ddc8f1341a39e4b4d9c54568b130fcb9c969f7d,P-H07-W003::C014::C016,P-H07-W003,P-H07,GEO_NE,2021-11-02,2022-05-17,196,0.7344501984,5.657607148086777,2.2161255132547995,-1.797420488,3.4414816348319777,7.455027636086777,stable,False,,inner_validation,
rolling_origin_2022-07-19,rolling_origin_2022-07-19__inner_3_2022-05-17,Z11_ebm,42117,a11b125bc27d87db068634bb0ddc8f1341a39e4b4d9c54568b130fcb9c969f7d,P-H07-W004::C014::C016,P-H07-W004,P-H07,GEO_NE,2021-11-02,2022-05-17,196,0.7389587375,34.80808535127548,26.780226654160337,27.42839232,8.027858697115143,7.37969303127548,stable,False,,inner_validation,
rolling_origin_2022-07-19,rolling_origin_2022-07-19__inner_3_2022-05-17,Z11_ebm,42117,a11b125bc27d87db068634bb0ddc8f1341a39e4b4d9c54568b130fcb9c969f7d,P-H07-W005::C014::C016,P-H07-W005,P-H07,GEO_NE,2021-11-02,2022-05-17,196,0.7387430197,7.524883258010199,3.919573842547505,-5.287210042,3.605309415462694,12.812093300010199,stable,False,,inner_validation,
rolling_origin_2022-07-19,rolling_origin_2022-07-19__inner_3_2022-05-17,Z11_ebm,42117,a11b125bc27d87db068634bb0ddc8f1341a39e4b4d9c54568b130fcb9c969f7d,P-H07-W006::C014::C016,P-H07-W006,P-H07,GEO_NE,2021-11-02,2022-05-17,196,0.7271958181,22.92349540886481,16.181637198562484,14.04500304,6.7418582103023255,8.87849236886481,stable,False,,inner_validation,
rolling_origin_2022-07-19,rolling_origin_2022-07-19__inner_3_2022-05-17,Z11_ebm,42117,a11b125bc27d87db068634bb0ddc8f1341a39e4b4d9c54568b130fcb9c969f7d,P-V01-W001::C014::C016,P-V01-W001,P-V01,GEO_SW,2021-11-02,2022-05-17,196,0.7177419715,33.83841107908161,22.89048402910795,29.91361513,10.94792704997366,3.9247959490816093,stable,False,,inner_validation,
rolling_origin_2022-07-19,rolling_origin_2022-07-19__inner_3_2022-05-17,Z11_ebm,42117,a11b125bc27d87db068634bb0ddc8f1341a39e4b4d9c54568b130fcb9c969f7d,P-V01-W002::C014::C016,P-V01-W002,P-V01,GEO_SW,2021-11-02,2022-05-17,196,0.745756831,32.03870599553569,35.15888473240427,36.69116005,3.1201787368685743,4.652454054464307,stable,False,,inner_validation,
rolling_origin_2022-07-19,rolling_origin_2022-07-19__inner_3_2022-05-17,Z11_ebm,42117,a11b125bc27d87db068634bb0ddc8f1341a39e4b4d9c54568b130fcb9c969f7d,P-V01-W003::C014::C016,P-V01-W003,P-V01,GEO_SW,2021-11-02,2022-05-17,196,0.7609073193,18.79877868520409,17.267229623534956,23.22381497,1.5315490616691356,4.425036284795908,stable,False,,inner_validation,
rolling_origin_2022-07-19,rolling_origin_2022-07-19__inner_3_2022-05-17,Z11_ebm,42117,a11b125bc27d87db068634bb0ddc8f1341a39e4b4d9c54568b130fcb9c969f7d,P-V01-W004::C014::C016,P-V01-W004,P-V01,GEO_SW,2021-11-02,2022-05-17,196,0.7631454077,23.103463121938816,22.143731906729794,22.67504367,0.9597312152090218,0.42841945193881514,stable,False,,inner_validation,
rolling_origin_2022-07-19,rolling_origin_2022-07-19__inner_3_2022-05-17,Z11_ebm,42117,a11b125bc27d87db068634bb0ddc8f1341a39e4b4d9c54568b130fcb9c969f7d,P-V01-W005::C014::C016,P-V01-W005,P-V01,GEO_SW,2021-11-02,2022-05-17,196,0.7559485394,31.378379651785643,27.980429218210155,34.19403093,3.397950433575488,2.8156512782143537,volatile_or_gap,True,,inner_validation,
rolling_origin_2022-07-19,rolling_origin_2022-07-19__inner_3_2022-05-17,Z11_ebm,42117,a11b125bc27d87db068634bb0ddc8f1341a39e4b4d9c54568b130fcb9c969f7d,P-V01-W007::C014::C016,P-V01-W007,P-V01,GEO_SW,2021-11-02,2022-05-17,196,0.7058103866,37.96912246836728,33.70428414361665,42.90673727,4.2648383247506345,4.937614801632719,stable,False,,inner_validation,
rolling_origin_2022-07-19,rolling_origin_2022-07-19__inner_3_2022-05-17,Z11_ebm,42117,a11b125bc27d87db068634bb0ddc8f1341a39e4b4d9c54568b130fcb9c969f7d,P-V02-W001::C014::C016,P-V02-W001,P-V02,GEO_SW,2021-11-02,2022-05-17,196,1.342519617,34.90571537181124,30.704925393307697,39.31666694,4.200789978503543,4.410951568188757,stable,False,,inner_validation,
rolling_origin_2022-07-19,rolling_origin_2022-07-19__inner_3_2022-05-17,Z11_ebm,42117,a11b125bc27d87db068634bb0ddc8f1341a39e4b4d9c54568b130fcb9c969f7d,P-V02-W003::C014::C016,P-V02-W003,P-V02,GEO_NW,2021-11-02,2022-05-17,196,1.375396242,9.365956444744905,1.013874981132479,7.25379073,8.352081463612425,2.112165714744904,stable,False,,inner_validation,
rolling_origin_2022-07-19,rolling_origin_2022-07-19__inner_3_2022-05-17,Z11_ebm,42117,a11b125bc27d87db068634bb0ddc8f1341a39e4b4d9c54568b130fcb9c969f7d,P-V02-W004::C014::C016,P-V02-W004,P-V02,GEO_NW,2021-11-02,2022-05-17,196,1.376719715,17.102148046147974,6.471536585539433,17.16939283,10.630611460608542,0.06724478385202559,stable,False,,inner_validation,
rolling_origin_2022-07-19,rolling_origin_2022-07-19__inner_3_2022-05-17,Z11_ebm,42117,a11b125bc27d87db068634bb0ddc8f1341a39e4b4d9c54568b130fcb9c969f7d,P-V02-W005::C014::C016,P-V02-W005,P-V02,GEO_NW,2021-11-02,2022-05-17,196,1.371513035,44.68145216479587,36.714926304573304,44.07420086,7.966525860222568,0.6072513047958736,volatile_or_gap,True,,inner_validation,
rolling_origin_2022-07-19,rolling_origin_2022-07-19__inner_3_2022-05-17,Z11_ebm,42117,a11b125bc27d87db068634bb0ddc8f1341a39e4b4d9c54568b130fcb9c969f7d,P-V02-W006::C014::C016,P-V02-W006,P-V02,GEO_NW,2021-11-02,2022-05-17,196,1.344624664,30.233445198596936,22.20620525144909,24.7044121,8.027239947147844,5.529033098596937,stable,False,,inner_validation,
rolling_origin_2022-07-19,rolling_origin_2022-07-19__inner_3_2022-05-17,Z11_ebm,42117,a11b125bc27d87db068634bb0ddc8f1341a39e4b4d9c54568b130fcb9c969f7d,P-V02-W007::C014::C016,P-V02-W007,P-V02,GEO_NW,2021-11-02,2022-05-17,196,1.311932589,24.60306631989798,13.047636982351884,21.55249868,11.555429337546096,3.050567639897981,stable,False,,inner_validation,
rolling_origin_2022-07-19,rolling_origin_2022-07-19__inner_3_2022-05-17,Z11_ebm,42117,a11b125bc27d87db068634bb0ddc8f1341a39e4b4d9c54568b130fcb9c969f7d,P-V03-W001::C014::C016,P-V03-W001,P-V03,GEO_SW,2021-11-02,2022-05-17,196,0.6848986377,23.430150176020412,29.14558993809208,25.50489256,5.715439762071668,2.0747423839795864,stable,False,,inner_validation,
rolling_origin_2022-07-19,rolling_origin_2022-07-19__inner_3_2022-05-17,Z11_ebm,42117,a11b125bc27d87db068634bb0ddc8f1341a39e4b4d9c54568b130fcb9c969f7d,P-V03-W002::C014::C016,P-V03-W002,P-V03,GEO_SW,2021-11-02,2022-05-17,196,0.6970051496,34.43474599553576,36.170929175377516,37.57939238,1.7361831798417526,3.144646384464238,stable,False,,inner_validation,
rolling_origin_2022-07-19,rolling_origin_2022-07-19__inner_3_2022-05-17,Z11_ebm,42117,a11b125bc27d87db068634bb0ddc8f1341a39e4b4d9c54568b130fcb9c969f7d,P-V03-W003::C014::C016,P-V03-W003,P-V03,GEO_SW,2021-11-02,2022-05-17,196,0.7039428548,36.23357336096964,37.56954593748994,41.11248715,1.335972576520298,4.878913789030356,stable,False,,inner_validation,
rolling_origin_2022-07-19,rolling_origin_2022-07-19__inner_3_2022-05-17,Z11_ebm,42117,a11b125bc27d87db068634bb0ddc8f1341a39e4b4d9c54568b130fcb9c969f7d,P-V03-W004::C014::C016,P-V03-W004,P-V03,GEO_SW,2021-11-02,2022-05-17,196,0.7063247148,18.934889843112156,23.998825733546486,22.89783638,5.06393589043433,3.962946536887845,stable,False,,inner_validation,
rolling_origin_2022-07-19,rolling_origin_2022-07-19__inner_3_2022-05-17,Z11_ebm,42117,a11b125bc27d87db068634bb0ddc8f1341a39e4b4d9c54568b130fcb9c969f7d,P-V03-W005::C014::C016,P-V03-W005,P-V03,GEO_NW,2021-11-02,2022-05-17,196,0.7013643625,33.24534067767852,34.71994740349101,34.0300383,1.4746067258124924,0.784697622321481,stable,False,,inner_validation,
rolling_origin_2022-07-19,rolling_origin_2022-07-19__inner_3_2022-05-17,Z11_ebm,42117,a11b125bc27d87db068634bb0ddc8f1341a39e4b4d9c54568b130fcb9c969f7d,P-V03-W006::C014::C016,P-V03-W006,P-V03,GEO_NW,2021-11-02,2022-05-17,196,0.6942377476,31.799807524362265,37.07006923604657,36.18461744,5.270261711684306,4.384809915637732,stable,False,,inner_validation,
rolling_origin_2022-07-19,rolling_origin_2022-07-19__inner_3_2022-05-17,Z11_ebm,42117,a11b125bc27d87db068634bb0ddc8f1341a39e4b4d9c54568b130fcb9c969f7d,P-V03-W007::C014::C016,P-V03-W007,P-V03,GEO_NW,2021-11-02,2022-05-17,196,0.6843368921,0.2086716110969202,9.293213981909991,6.876204918,9.084542370813072,6.6675333069030795,stable,False,,inner_validation,
rolling_origin_2022-07-19,rolling_origin_2022-07-19__inner_3_2022-05-17,Z11_ebm,42117,a11b125bc27d87db068634bb0ddc8f1341a39e4b4d9c54568b130fcb9c969f7d,P-V04-W001::C014::C016,P-V04-W001,P-V04,GEO_NE,2021-11-02,2022-05-17,196,0.7408814776,3.830866669515303,7.621246354255602,-1.467361778,3.790379684740299,5.298228447515303,stable,False,,inner_validation,
rolling_origin_2022-07-19,rolling_origin_2022-07-19__inner_3_2022-05-17,Z11_ebm,42117,a11b125bc27d87db068634bb0ddc8f1341a39e4b4d9c54568b130fcb9c969f7d,P-V04-W003::C014::C016,P-V04-W003,P-V04,GEO_NE,2021-11-02,2022-05-17,196,0.753264248,3.7042341218111807,3.4247274285287195,-1.057024308,0.27950669328246125,4.76125842981118,stable,False,,inner_validation,
rolling_origin_2022-07-19,rolling_origin_2022-07-19__inner_3_2022-05-17,Z11_ebm,42117,a11b125bc27d87db068634bb0ddc8f1341a39e4b4d9c54568b130fcb9c969f7d,P-V04-W004::C014::C016,P-V04-W004,P-V04,GEO_NE,2021-11-02,2022-05-17,196,0.7501248478,3.084723533801051,5.585622053558173,0.09418468707,2.500898519757122,2.990538846731051,stable,False,,inner_validation,
rolling_origin_2022-07-19,rolling_origin_2022-07-19__inner_3_2022-05-17,Z11_ebm,42117,a11b125bc27d87db068634bb0ddc8f1341a39e4b4d9c54568b130fcb9c969f7d,P-V04-W006::C014::C016,P-V04-W006,P-V04,GEO_NE,2021-11-02,2022-05-17,196,0.7411340707,2.375921060969378,4.078715522305372,0.7289715564,1.7027944613359942,1.646949504569378,stable,False,,inner_validation,
rolling_origin_2022-07-19,rolling_origin_2022-07-19__inner_3_2022-05-17,Z11_ebm,42117,a11b125bc27d87db068634bb0ddc8f1341a39e4b4d9c54568b130fcb9c969f7d,P-V04-W007::C014::C016,P-V04-W007,P-V04,GEO_NE,2021-11-02,2022-05-17,196,0.7263118869,37.46624347308684,39.52863995333384,36.67592187,2.0623964802469956,0.7903216030868379,stable,False,,inner_validation,
rolling_origin_2022-07-19,rolling_origin_2022-07-19__inner_3_2022-05-17,Z11_ebm,42117,a11b125bc27d87db068634bb0ddc8f1341a39e4b4d9c54568b130fcb9c969f7d,P-V05-W001::C014::C016,P-V05-W001,P-V05,GEO_SE,2021-11-02,2022-05-17,196,0.7006377045,25.445679807397745,20.427487469057667,21.99392152,5.018192338340079,3.4517582873977446,stable,False,,inner_validation,
rolling_origin_2022-07-19,rolling_origin_2022-07-19__inner_3_2022-05-17,Z11_ebm,42117,a11b125bc27d87db068634bb0ddc8f1341a39e4b4d9c54568b130fcb9c969f7d,P-V05-W002::C014::C016,P-V05-W002,P-V05,GEO_NE,2021-11-02,2022-05-17,196,0.7191154775,26.934030696428778,29.32783894067834,27.68889927,2.3938082442495627,0.7548685735712226,stable,False,,inner_validation,
rolling_origin_2022-07-19,rolling_origin_2022-07-19__inner_3_2022-05-17,Z11_ebm,42117,a11b125bc27d87db068634bb0ddc8f1341a39e4b4d9c54568b130fcb9c969f7d,P-V05-W003::C014::C016,P-V05-W003,P-V05,GEO_NE,2021-11-02,2022-05-17,196,0.7223678876,31.754238673469278,32.732648611264224,34.7640848,0.9784099377949467,3.0098461265307215,stable,False,,inner_validation,
rolling_origin_2022-07-19,rolling_origin_2022-07-19__inner_3_2022-05-17,Z11_ebm,42117,a11b125bc27d87db068634bb0ddc8f1341a39e4b4d9c54568b130fcb9c969f7d,P-V05-W004::C014::C016,P-V05-W004,P-V05,GEO_NE,2021-11-02,2022-05-17,196,0.723859108,34.61922426658158,35.99206473304455,35.14872363,1.3728404664629679,0.5294993634184166,stable,False,,inner_validation,
rolling_origin_2022-07-19,rolling_origin_2022-07-19__inner_3_2022-05-17,Z11_ebm,42117,a11b125bc27d87db068634bb0ddc8f1341a39e4b4d9c54568b130fcb9c969f7d,P-V05-W006::C014::C016,P-V05-W006,P-V05,GEO_NE,2021-11-02,2022-05-17,196,0.7151550946,23.451487484693715,26.03357997409794,23.59521609,2.582092489404225,0.14372860530628628,stable,False,,inner_validation,
rolling_origin_2022-07-19,rolling_origin_2022-07-19__inner_3_2022-05-17,Z11_ebm,42117,a11b125bc27d87db068634bb0ddc8f1341a39e4b4d9c54568b130fcb9c969f7d,P-V05-W007::C014::C016,P-V05-W007,P-V05,GEO_NE,2021-11-02,2022-05-17,196,0.7029566661,29.319096424745027,37.09646753518209,33.28180546,7.777371110437066,3.9627090352549743,stable,False,,inner_validation,
rolling_origin_2022-07-19,rolling_origin_2022-07-19__inner_3_2022-05-17,Z11_ebm,42117,a11b125bc27d87db068634bb0ddc8f1341a39e4b4d9c54568b130fcb9c969f7d,P-V06-W001::C014::C016,P-V06-W001,P-V06,GEO_NE,2021-11-02,2022-05-17,196,0.9412347722,0.0435843354589285,5.943713165062096,0.8170106636,5.900128829603168,0.7734263281410715,accelerating,True,,inner_validation,
rolling_origin_2022-07-19,rolling_origin_2022-07-19__inner_3_2022-05-17,Z11_ebm,42117,a11b125bc27d87db068634bb0ddc8f1341a39e4b4d9c54568b130fcb9c969f7d,P-V06-W002::C014::C016,P-V06-W002,P-V06,GEO_NE,2021-11-02,2022-05-17,196,0.9685389426,23.82196372767856,22.708846827841175,20.29697583,1.1131168998373866,3.5249878976785602,stable,False,,inner_validation,
rolling_origin_2022-07-19,rolling_origin_2022-07-19__inner_3_2022-05-17,Z11_ebm,42117,a11b125bc27d87db068634bb0ddc8f1341a39e4b4d9c54568b130fcb9c969f7d,P-V06-W003::C014::C016,P-V06-W003,P-V06,GEO_NE,2021-11-02,2022-05-17,196,0.9754516935,29.50426829808674,35.209943326804144,29.2617536,5.705675028717405,0.2425146980867403,stable,False,,inner_validation,
rolling_origin_2022-07-19,rolling_origin_2022-07-19__inner_3_2022-05-17,Z11_ebm,42117,a11b125bc27d87db068634bb0ddc8f1341a39e4b4d9c54568b130fcb9c969f7d,P-V06-W004::C014::C016,P-V06-W004,P-V06,GEO_NE,2021-11-02,2022-05-17,196,0.976361224,21.564488769260205,20.793055204891967,22.24644204,0.7714335643682375,0.6819532707397968,stable,False,,inner_validation,
rolling_origin_2022-07-19,rolling_origin_2022-07-19__inner_3_2022-05-17,Z11_ebm,42117,a11b125bc27d87db068634bb0ddc8f1341a39e4b4d9c54568b130fcb9c969f7d,P-V06-W005::C014::C016,P-V06-W005,P-V06,GEO_NE,2021-11-02,2022-05-17,196,0.9674704408,41.57421245931128,42.701472381803555,41.8456419,1.1272599224922715,0.27142944068871344,stable,False,,inner_validation,
rolling_origin_2022-07-19,rolling_origin_2022-07-19__inner_3_2022-05-17,Z11_ebm,42117,a11b125bc27d87db068634bb0ddc8f1341a39e4b4d9c54568b130fcb9c969f7d,P-V06-W006::C014::C016,P-V06-W006,P-V06,GEO_NE,2021-11-02,2022-05-17,196,0.9385164663,14.897693448596922,19.878799731518733,20.57359512,4.981106282921811,5.6759016714030786,stable,False,,inner_validation,
rolling_origin_2022-07-19,rolling_origin_2022-07-19__inner_3_2022-05-17,Z11_ebm,42117,a11b125bc27d87db068634bb0ddc8f1341a39e4b4d9c54568b130fcb9c969f7d,P-V06-W007::C014::C016,P-V06-W007,P-V06,GEO_NE,2021-11-02,2022-05-17,196,0.9146979071,16.53640769961731,15.020870433296926,16.34794751,1.5155372663203845,0.18846018961730948,stable,False,,inner_validation,
rolling_origin_2022-07-19,rolling_origin_2022-07-19__inner_3_2022-05-17,Z11_ebm,42117,a11b125bc27d87db068634bb0ddc8f1341a39e4b4d9c54568b130fcb9c969f7d,P-D01-W002::C015::C016,P-D01-W002,P-D01,GEO_SW,2022-03-01,2022-05-17,77,0.7183573579,45.15365983344151,30.5816651574268,45.90072842,14.571994676014707,0.7470685865584912,stable,False,,inner_validation,
rolling_origin_2022-07-19,rolling_origin_2022-07-19__inner_3_2022-05-17,Z11_ebm,42117,a11b125bc27d87db068634bb0ddc8f1341a39e4b4d9c54568b130fcb9c969f7d,P-D01-W003::C015::C016,P-D01-W003,P-D01,GEO_SW,2022-03-01,2022-05-17,77,0.7277254979,-3.4170584269481186,1.0756344285760087,4.072950465,4.492692855524127,7.4900088919481185,stable,False,,inner_validation,
rolling_origin_2022-07-19,rolling_origin_2022-07-19__inner_3_2022-05-17,Z11_ebm,42117,a11b125bc27d87db068634bb0ddc8f1341a39e4b4d9c54568b130fcb9c969f7d,P-D01-W004::C015::C016,P-D01-W004,P-D01,GEO_SW,2022-03-01,2022-05-17,77,0.7336334223,0.3622094123377806,1.183864828671123,3.651267826,0.8216554163333425,3.28905841366222,stable,False,,inner_validation,
rolling_origin_2022-07-19,rolling_origin_2022-07-19__inner_3_2022-05-17,Z11_ebm,42117,a11b125bc27d87db068634bb0ddc8f1341a39e4b4d9c54568b130fcb9c969f7d,P-D01-W005::C015::C016,P-D01-W005,P-D01,GEO_SW,2022-03-01,2022-05-17,77,0.7306822678,39.076032177272594,27.142471284212263,39.04444654,11.933560893060331,0.03158563727259178,stable,False,,inner_validation,
rolling_origin_2022-07-19,rolling_origin_2022-07-19__inner_3_2022-05-17,Z11_ebm,42117,a11b125bc27d87db068634bb0ddc8f1341a39e4b4d9c54568b130fcb9c969f7d,P-D01-W006::C015::C016,P-D01-W006,P-D01,GEO_SW,2022-03-01,2022-05-17,77,0.7157290256,61.19684153961036,42.0633859567664,44.81280327,19.133455582843958,16.384038269610357,accelerating,True,,inner_validation,
rolling_origin_2022-07-19,rolling_origin_2022-07-19__inner_3_2022-05-17,Z11_ebm,42117,a11b125bc27d87db068634bb0ddc8f1341a39e4b4d9c54568b130fcb9c969f7d,P-D01-W007::C015::C016,P-D01-W007,P-D01,GEO_SW,2022-03-01,2022-05-17,77,0.6892938511,21.97274887110391,13.672709869736517,16.18846739,8.300039001367393,5.7842814811039105,volatile_or_gap,True,,inner_validation,
rolling_origin_2022-07-19,rolling_origin_2022-07-19__inner_3_2022-05-17,Z11_ebm,42117,a11b125bc27d87db068634bb0ddc8f1341a39e4b4d9c54568b130fcb9c969f7d,P-H04-W001::C015::C016,P-H04-W001,P-H04,GEO_SW,2022-03-01,2022-05-17,77,0.736618067,29.456789677597413,15.831278629690742,25.17007325,13.625511047906672,4.286716427597412,stable,False,,inner_validation,
rolling_origin_2022-07-19,rolling_origin_2022-07-19__inner_3_2022-05-17,Z11_ebm,42117,a11b125bc27d87db068634bb0ddc8f1341a39e4b4d9c54568b130fcb9c969f7d,P-H04-W002::C015::C016,P-H04-W002,P-H04,GEO_SW,2022-03-01,2022-05-17,77,0.7560024068,36.474016317857085,19.80286956943326,25.32833374,16.671146748423826,11.145682577857084,decelerating,True,,inner_validation,
rolling_origin_2022-07-19,rolling_origin_2022-07-19__inner_3_2022-05-17,Z11_ebm,42117,a11b125bc27d87db068634bb0ddc8f1341a39e4b4d9c54568b130fcb9c969f7d,P-H04-W003::C015::C016,P-H04-W003,P-H04,GEO_SW,2022-03-01,2022-05-17,77,0.7772055578,40.50964032467545,28.039763646977327,36.16711541,12.469876677698124,4.342524914675451,stable,False,,inner_validation,
rolling_origin_2022-07-19,rolling_origin_2022-07-19__inner_3_2022-05-17,Z11_ebm,42117,a11b125bc27d87db068634bb0ddc8f1341a39e4b4d9c54568b130fcb9c969f7d,P-H04-W004::C015::C016,P-H04-W004,P-H04,GEO_SW,2022-03-01,2022-05-17,77,0.7847394836,22.48226503149358,11.275060582444715,22.40874572,11.207204449048865,0.07351931149358037,stable,False,,inner_validation,
rolling_origin_2022-07-19,rolling_origin_2022-07-19__inner_3_2022-05-17,Z11_ebm,42117,a11b125bc27d87db068634bb0ddc8f1341a39e4b4d9c54568b130fcb9c969f7d,P-H04-W005::C015::C016,P-H04-W005,P-H04,GEO_SW,2022-03-01,2022-05-17,77,0.7829415869,36.97036355551935,22.042215252308804,32.23603657,14.928148303210545,4.7343269855193455,stable,False,,inner_validation,
rolling_origin_2022-07-19,rolling_origin_2022-07-19__inner_3_2022-05-17,Z11_ebm,42117,a11b125bc27d87db068634bb0ddc8f1341a39e4b4d9c54568b130fcb9c969f7d,P-H04-W006::C015::C016,P-H04-W006,P-H04,GEO_SW,2022-03-01,2022-05-17,77,0.7703412328,48.01577401266236,13.62719162387827,24.37962319,34.388582388784094,23.636150822662362,stable,False,,inner_validation,
rolling_origin_2022-07-19,rolling_origin_2022-07-19__inner_3_2022-05-17,Z11_ebm,42117,a11b125bc27d87db068634bb0ddc8f1341a39e4b4d9c54568b130fcb9c969f7d,P-H04-W007::C015::C016,P-H04-W007,P-H04,GEO_SW,2022-03-01,2022-05-17,77,0.747462582,35.852579493506504,23.704500277947787,30.56424078,12.148079215558717,5.288338713506505,decelerating,True,,inner_validation,
rolling_origin_2022-10-18,rolling_origin_2022-10-18__inner_1_2022-03-01,Z11_ebm,42117,d20d900ee432699d648080eab4327ff21b3fdba1eb0209f691f01444f32fc8fe,P-D01-W001::C014::C015,P-D01-W001,P-D01,GEO_SW,2021-11-02,2022-03-01,119,0.7121569081,126.51240215861336,81.15001170648554,106.1600464,45.36239045212781,20.352355758613356,accelerating,True,,inner_validation,
rolling_origin_2022-10-18,rolling_origin_2022-10-18__inner_1_2022-03-01,Z11_ebm,42117,d20d900ee432699d648080eab4327ff21b3fdba1eb0209f691f01444f32fc8fe,P-D01-W002::C014::C015,P-D01-W002,P-D01,GEO_SW,2021-11-02,2022-03-01,119,0.7272446037,45.90072839936985,37.89923875583697,46.72850315,8.001489643532878,0.8277747506301552,stable,False,,inner_validation,
rolling_origin_2022-10-18,rolling_origin_2022-10-18__inner_1_2022-03-01,Z11_ebm,42117,d20d900ee432699d648080eab4327ff21b3fdba1eb0209f691f01444f32fc8fe,P-D01-W003::C014::C015,P-D01-W003,P-D01,GEO_SW,2021-11-02,2022-03-01,119,0.7359342763,4.0729503245799465,0.8698799051380537,5.494541697,3.203070419441893,1.4215913724200533,stable,False,,inner_validation,
rolling_origin_2022-10-18,rolling_origin_2022-10-18__inner_1_2022-03-01,Z11_ebm,42117,d20d900ee432699d648080eab4327ff21b3fdba1eb0209f691f01444f32fc8fe,P-D01-W004::C014::C015,P-D01-W004,P-D01,GEO_SW,2021-11-02,2022-03-01,119,0.7409914016,3.65126766491593,0.4330990670392024,1.916077689,3.2181685978767276,1.7351899759159302,stable,False,,inner_validation,
rolling_origin_2022-10-18,rolling_origin_2022-10-18__inner_1_2022-03-01,Z11_ebm,42117,d20d900ee432699d648080eab4327ff21b3fdba1eb0209f691f01444f32fc8fe,P-D01-W005::C014::C015,P-D01-W005,P-D01,GEO_SW,2021-11-02,2022-03-01,119,0.7377163254,39.04444661848748,31.03880574234516,37.21305199,8.005640876142316,1.8313946284874802,stable,False,,inner_validation,
rolling_origin_2022-10-18,rolling_origin_2022-10-18__inner_1_2022-03-01,Z11_ebm,42117,d20d900ee432699d648080eab4327ff21b3fdba1eb0209f691f01444f32fc8fe,P-D01-W006::C014::C015,P-D01-W006,P-D01,GEO_SW,2021-11-02,2022-03-01,119,0.7225437609,44.8128033434873,22.90447027782883,27.90570993,21.908333065658475,16.907093413487303,stable,False,,inner_validation,
rolling_origin_2022-10-18,rolling_origin_2022-10-18__inner_1_2022-03-01,Z11_ebm,42117,d20d900ee432699d648080eab4327ff21b3fdba1eb0209f691f01444f32fc8fe,P-D01-W007::C014::C015,P-D01-W007,P-D01,GEO_SW,2021-11-02,2022-03-01,119,0.6962476429,16.18846746932774,23.75640311956831,23.14066627,7.567935650240571,6.95219880067226,decelerating,True,,inner_validation,
rolling_origin_2022-10-18,rolling_origin_2022-10-18__inner_1_2022-03-01,Z11_ebm,42117,d20d900ee432699d648080eab4327ff21b3fdba1eb0209f691f01444f32fc8fe,P-H04-W001::C014::C015,P-H04-W001,P-H04,GEO_SW,2021-11-02,2022-03-01,119,0.6988264422,25.17007331659657,24.863451491680408,29.9971803,0.30662182491616363,4.827106983403429,stable,False,,inner_validation,
rolling_origin_2022-10-18,rolling_origin_2022-10-18__inner_1_2022-03-01,Z11_ebm,42117,d20d900ee432699d648080eab4327ff21b3fdba1eb0209f691f01444f32fc8fe,P-H04-W002::C014::C015,P-H04-W002,P-H04,GEO_SW,2021-11-02,2022-03-01,119,0.7221339333,25.328333686134467,28.692665290196548,33.07868016,3.3643316040620803,7.75034647386553,stable,False,,inner_validation,
rolling_origin_2022-10-18,rolling_origin_2022-10-18__inner_1_2022-03-01,Z11_ebm,42117,d20d900ee432699d648080eab4327ff21b3fdba1eb0209f691f01444f32fc8fe,P-H04-W003::C014::C015,P-H04-W003,P-H04,GEO_SW,2021-11-02,2022-03-01,119,0.748306304,36.16711515882334,31.924553366746196,36.30555947,4.242561792077147,0.1384443111766558,stable,False,,inner_validation,
rolling_origin_2022-10-18,rolling_origin_2022-10-18__inner_1_2022-03-01,Z11_ebm,42117,d20d900ee432699d648080eab4327ff21b3fdba1eb0209f691f01444f32fc8fe,P-H04-W004::C014::C015,P-H04-W004,P-H04,GEO_SW,2021-11-02,2022-03-01,119,0.7591565375,22.40874556386553,16.13073559933768,24.97340133,6.27800996452785,2.5646557661344715,stable,False,,inner_validation,
rolling_origin_2022-10-18,rolling_origin_2022-10-18__inner_1_2022-03-01,Z11_ebm,42117,d20d900ee432699d648080eab4327ff21b3fdba1eb0209f691f01444f32fc8fe,P-H04-W005::C014::C015,P-H04-W005,P-H04,GEO_SW,2021-11-02,2022-03-01,119,0.7586418843,32.2360365283614,29.3072455895339,34.87086871,2.928790938827504,2.6348321816386004,stable,False,,inner_validation,
rolling_origin_2022-10-18,rolling_origin_2022-10-18__inner_1_2022-03-01,Z11_ebm,42117,d20d900ee432699d648080eab4327ff21b3fdba1eb0209f691f01444f32fc8fe,P-H04-W006::C014::C015,P-H04-W006,P-H04,GEO_SW,2021-11-02,2022-03-01,119,0.7471418385,24.37962320735297,25.41406529891705,30.22836057,1.0344420915640775,5.848737362647029,stable,False,,inner_validation,
rolling_origin_2022-10-18,rolling_origin_2022-10-18__inner_1_2022-03-01,Z11_ebm,42117,d20d900ee432699d648080eab4327ff21b3fdba1eb0209f691f01444f32fc8fe,P-H04-W007::C014::C015,P-H04-W007,P-H04,GEO_SW,2021-11-02,2022-03-01,119,0.7242022629,30.564240931512582,29.656973690912505,38.06636181,0.9072672406000777,7.502120878487414,stable,False,,inner_validation,
rolling_origin_2022-10-18,rolling_origin_2022-10-18__inner_2_2022-05-17,Z11_ebm,42117,d20d900ee432699d648080eab4327ff21b3fdba1eb0209f691f01444f32fc8fe,P-H01-W001::C014::C016,P-H01-W001,P-H01,GEO_SW,2021-11-02,2022-05-17,196,0.7357396065,23.13233240739796,31.106024822235014,23.41502259,7.973692414837053,0.28269018260203893,stable,False,,inner_validation,
rolling_origin_2022-10-18,rolling_origin_2022-10-18__inner_2_2022-05-17,Z11_ebm,42117,d20d900ee432699d648080eab4327ff21b3fdba1eb0209f691f01444f32fc8fe,P-H01-W002::C014::C016,P-H01-W002,P-H01,GEO_SW,2021-11-02,2022-05-17,196,0.7825542852,100.9477933228316,77.41626772211039,60.40185921,23.53152560072121,40.5459341128316,accelerating,True,,inner_validation,
rolling_origin_2022-10-18,rolling_origin_2022-10-18__inner_2_2022-05-17,Z11_ebm,42117,d20d900ee432699d648080eab4327ff21b3fdba1eb0209f691f01444f32fc8fe,P-H01-W003::C014::C016,P-H01-W003,P-H01,GEO_SW,2021-11-02,2022-05-17,196,0.8187771268,94.16792815599496,93.61086660994998,92.57859807,0.5570615460449773,1.589330085994959,accelerating,True,,inner_validation,
rolling_origin_2022-10-18,rolling_origin_2022-10-18__inner_2_2022-05-17,Z11_ebm,42117,d20d900ee432699d648080eab4327ff21b3fdba1eb0209f691f01444f32fc8fe,P-H01-W004::C014::C016,P-H01-W004,P-H01,GEO_SW,2021-11-02,2022-05-17,196,0.8277272732,23.563429714668327,37.0882287640819,25.24678102,13.52479904941357,1.6833513053316729,stable,False,,inner_validation,
rolling_origin_2022-10-18,rolling_origin_2022-10-18__inner_2_2022-05-17,Z11_ebm,42117,d20d900ee432699d648080eab4327ff21b3fdba1eb0209f691f01444f32fc8fe,P-H01-W005::C014::C016,P-H01-W005,P-H01,GEO_SW,2021-11-02,2022-05-17,196,0.820359452,41.56917797257655,49.36180564585668,41.91560552,7.79262767328013,0.3464275474234526,decelerating,True,,inner_validation,
rolling_origin_2022-10-18,rolling_origin_2022-10-18__inner_2_2022-05-17,Z11_ebm,42117,d20d900ee432699d648080eab4327ff21b3fdba1eb0209f691f01444f32fc8fe,P-H01-W006::C014::C016,P-H01-W006,P-H01,GEO_SW,2021-11-02,2022-05-17,196,0.7961478453,26.621912272193853,35.18673869284841,29.93184777,8.564826420654555,3.3099354978061477,stable,False,,inner_validation,
rolling_origin_2022-10-18,rolling_origin_2022-10-18__inner_2_2022-05-17,Z11_ebm,42117,d20d900ee432699d648080eab4327ff21b3fdba1eb0209f691f01444f32fc8fe,P-H01-W007::C014::C016,P-H01-W007,P-H01,GEO_SW,2021-11-02,2022-05-17,196,0.741523091,39.026949828061234,40.86858399411841,32.73432182,1.841634166057176,6.292628008061236,stable,False,,inner_validation,
rolling_origin_2022-10-18,rolling_origin_2022-10-18__inner_2_2022-05-17,Z11_ebm,42117,d20d900ee432699d648080eab4327ff21b3fdba1eb0209f691f01444f32fc8fe,P-H02-W001::C014::C016,P-H02-W001,P-H02,GEO_SW,2021-11-02,2022-05-17,196,0.7225644884,31.136456686989884,36.304201769365505,35.86545545,5.167745082375621,4.7289987630101145,volatile_or_gap,True,,inner_validation,
rolling_origin_2022-10-18,rolling_origin_2022-10-18__inner_2_2022-05-17,Z11_ebm,42117,d20d900ee432699d648080eab4327ff21b3fdba1eb0209f691f01444f32fc8fe,P-H02-W003::C014::C016,P-H02-W003,P-H02,GEO_SW,2021-11-02,2022-05-17,196,0.7477121764,67.3184699789541,47.10131604961183,46.21176323,20.217153929342267,21.106706748954096,accelerating,True,,inner_validation,
rolling_origin_2022-10-18,rolling_origin_2022-10-18__inner_2_2022-05-17,Z11_ebm,42117,d20d900ee432699d648080eab4327ff21b3fdba1eb0209f691f01444f32fc8fe,P-H02-W004::C014::C016,P-H02-W004,P-H02,GEO_SW,2021-11-02,2022-05-17,196,0.7483153109,20.378626376403048,25.97933579114166,25.43528051,5.600709414738613,5.05665413359695,stable,False,,inner_validation,
rolling_origin_2022-10-18,rolling_origin_2022-10-18__inner_2_2022-05-17,Z11_ebm,42117,d20d900ee432699d648080eab4327ff21b3fdba1eb0209f691f01444f32fc8fe,P-H02-W005::C014::C016,P-H02-W005,P-H02,GEO_SW,2021-11-02,2022-05-17,196,0.7376232526,7.388291852257654,9.759050952429872,8.96143113,2.3707591001722177,1.573139277742345,stable,False,,inner_validation,
rolling_origin_2022-10-18,rolling_origin_2022-10-18__inner_2_2022-05-17,Z11_ebm,42117,d20d900ee432699d648080eab4327ff21b3fdba1eb0209f691f01444f32fc8fe,P-H02-W006::C014::C016,P-H02-W006,P-H02,GEO_SW,2021-11-02,2022-05-17,196,0.7261377543,17.98008012780605,18.377617184459886,16.97158187,0.3975370566538352,1.0084982578060497,stable,False,,inner_validation,
rolling_origin_2022-10-18,rolling_origin_2022-10-18__inner_2_2022-05-17,Z11_ebm,42117,d20d900ee432699d648080eab4327ff21b3fdba1eb0209f691f01444f32fc8fe,P-H02-W007::C014::C016,P-H02-W007,P-H02,GEO_SW,2021-11-02,2022-05-17,196,0.6937107491,33.4094892455357,39.0983711799927,39.27815206,5.688881934456994,5.868662814464294,stable,False,,inner_validation,
rolling_origin_2022-10-18,rolling_origin_2022-10-18__inner_2_2022-05-17,Z11_ebm,42117,d20d900ee432699d648080eab4327ff21b3fdba1eb0209f691f01444f32fc8fe,P-H03-W001::C014::C016,P-H03-W001,P-H03,GEO_SE,2021-11-02,2022-05-17,196,0.6911552261,46.94378886160717,40.24678279477361,48.17373774,6.697006066833559,1.2299488783928325,stable,False,,inner_validation,
rolling_origin_2022-10-18,rolling_origin_2022-10-18__inner_2_2022-05-17,Z11_ebm,42117,d20d900ee432699d648080eab4327ff21b3fdba1eb0209f691f01444f32fc8fe,P-H03-W003::C014::C016,P-H03-W003,P-H03,GEO_SE,2021-11-02,2022-05-17,196,0.7199409823,43.85530120293368,34.244797786114276,40.88626489,9.610503416819405,2.9690363129336816,decelerating,True,,inner_validation,
rolling_origin_2022-10-18,rolling_origin_2022-10-18__inner_2_2022-05-17,Z11_ebm,42117,d20d900ee432699d648080eab4327ff21b3fdba1eb0209f691f01444f32fc8fe,P-H03-W004::C014::C016,P-H03-W004,P-H03,GEO_SE,2021-11-02,2022-05-17,196,0.7281929087,41.23788355063767,34.91128401985602,39.54807054,6.32659953078165,1.6898130106376712,decelerating,True,,inner_validation,
rolling_origin_2022-10-18,rolling_origin_2022-10-18__inner_2_2022-05-17,Z11_ebm,42117,d20d900ee432699d648080eab4327ff21b3fdba1eb0209f691f01444f32fc8fe,P-H03-W005::C014::C016,P-H03-W005,P-H03,GEO_SE,2021-11-02,2022-05-17,196,0.7298996801,45.0076856380102,37.18501677185432,42.20222617,7.82266886615588,2.8054594680101985,decelerating,True,,inner_validation,
rolling_origin_2022-10-18,rolling_origin_2022-10-18__inner_2_2022-05-17,Z11_ebm,42117,d20d900ee432699d648080eab4327ff21b3fdba1eb0209f691f01444f32fc8fe,P-H03-W006::C014::C016,P-H03-W006,P-H03,GEO_SE,2021-11-02,2022-05-17,196,0.7273055471,43.125486046683655,40.06374387417041,50.45865386,3.0617421725132417,7.333167813316344,volatile_or_gap,True,,inner_validation,
rolling_origin_2022-10-18,rolling_origin_2022-10-18__inner_2_2022-05-17,Z11_ebm,42117,d20d900ee432699d648080eab4327ff21b3fdba1eb0209f691f01444f32fc8fe,P-H03-W007::C014::C016,P-H03-W007,P-H03,GEO_SE,2021-11-02,2022-05-17,196,0.7089069732,33.39629142130099,9.286969162611262,20.34855812,24.109322258689723,13.047733301300987,stable,False,,inner_validation,
rolling_origin_2022-10-18,rolling_origin_2022-10-18__inner_2_2022-05-17,Z11_ebm,42117,d20d900ee432699d648080eab4327ff21b3fdba1eb0209f691f01444f32fc8fe,P-H05-W001::C014::C016,P-H05-W001,P-H05,GEO_NE,2021-11-02,2022-05-17,196,0.7536375313,36.34698721301055,38.51348995105793,37.84041087,2.1665027380473774,1.4934236569894495,stable,False,,inner_validation,
rolling_origin_2022-10-18,rolling_origin_2022-10-18__inner_2_2022-05-17,Z11_ebm,42117,d20d900ee432699d648080eab4327ff21b3fdba1eb0209f691f01444f32fc8fe,P-H05-W002::C014::C016,P-H05-W002,P-H05,GEO_NE,2021-11-02,2022-05-17,196,0.7893317744,35.72574727806124,39.83736006364976,40.98132163,4.11161278558852,5.255574351938755,stable,False,,inner_validation,
rolling_origin_2022-10-18,rolling_origin_2022-10-18__inner_2_2022-05-17,Z11_ebm,42117,d20d900ee432699d648080eab4327ff21b3fdba1eb0209f691f01444f32fc8fe,P-H05-W003::C014::C016,P-H05-W003,P-H05,GEO_NE,2021-11-02,2022-05-17,196,0.8081507128,26.131375186224577,31.14892453369464,26.97541112,5.017549347470062,0.8440359337754231,decelerating,True,,inner_validation,
rolling_origin_2022-10-18,rolling_origin_2022-10-18__inner_2_2022-05-17,Z11_ebm,42117,d20d900ee432699d648080eab4327ff21b3fdba1eb0209f691f01444f32fc8fe,P-H05-W004::C014::C016,P-H05-W004,P-H05,GEO_NE,2021-11-02,2022-05-17,196,0.8156332842,27.45017553443898,25.115517084751172,23.50097077,2.334658449687808,3.9492047644389814,stable,False,,inner_validation,
rolling_origin_2022-10-18,rolling_origin_2022-10-18__inner_2_2022-05-17,Z11_ebm,42117,d20d900ee432699d648080eab4327ff21b3fdba1eb0209f691f01444f32fc8fe,P-H05-W005::C014::C016,P-H05-W005,P-H05,GEO_NE,2021-11-02,2022-05-17,196,0.8059568138,16.768946161989717,16.99935661362755,16.14976187,0.2304104516378338,0.6191842919897184,stable,False,,inner_validation,
rolling_origin_2022-10-18,rolling_origin_2022-10-18__inner_2_2022-05-17,Z11_ebm,42117,d20d900ee432699d648080eab4327ff21b3fdba1eb0209f691f01444f32fc8fe,P-H05-W006::C014::C016,P-H05-W006,P-H05,GEO_NE,2021-11-02,2022-05-17,196,0.7815626482,19.437971403061063,18.7497820427218,19.85856998,0.6881893603392619,0.42059857693893576,stable,False,,inner_validation,
rolling_origin_2022-10-18,rolling_origin_2022-10-18__inner_2_2022-05-17,Z11_ebm,42117,d20d900ee432699d648080eab4327ff21b3fdba1eb0209f691f01444f32fc8fe,P-H05-W007::C014::C016,P-H05-W007,P-H05,GEO_NE,2021-11-02,2022-05-17,196,0.7443671085,19.086151235586705,24.662168691138003,25.43194329,5.576017455551298,6.345792054413295,stable,False,,inner_validation,
rolling_origin_2022-10-18,rolling_origin_2022-10-18__inner_2_2022-05-17,Z11_ebm,42117,d20d900ee432699d648080eab4327ff21b3fdba1eb0209f691f01444f32fc8fe,P-H06-W001::C014::C016,P-H06-W001,P-H06,GEO_NE,2021-11-02,2022-05-17,196,0.7173588682,2.526655263520402,3.0238480940369605,4.745390916,0.4971928305165587,2.218735652479598,stable,False,,inner_validation,
rolling_origin_2022-10-18,rolling_origin_2022-10-18__inner_2_2022-05-17,Z11_ebm,42117,d20d900ee432699d648080eab4327ff21b3fdba1eb0209f691f01444f32fc8fe,P-H06-W002::C014::C016,P-H06-W002,P-H06,GEO_NE,2021-11-02,2022-05-17,196,0.761567863,1.6366578562499836,3.121660766408252,4.665007757,1.4850029101582682,3.0283499007500163,stable,False,,inner_validation,
rolling_origin_2022-10-18,rolling_origin_2022-10-18__inner_2_2022-05-17,Z11_ebm,42117,d20d900ee432699d648080eab4327ff21b3fdba1eb0209f691f01444f32fc8fe,P-H06-W003::C014::C016,P-H06-W003,P-H06,GEO_NE,2021-11-02,2022-05-17,196,0.7865245678,1.7656183136479635,0.2994898232388517,5.267175007,1.4661284904091119,3.501556693352036,stable,False,,inner_validation,
rolling_origin_2022-10-18,rolling_origin_2022-10-18__inner_2_2022-05-17,Z11_ebm,42117,d20d900ee432699d648080eab4327ff21b3fdba1eb0209f691f01444f32fc8fe,P-H06-W004::C014::C016,P-H06-W004,P-H06,GEO_NE,2021-11-02,2022-05-17,196,0.7969610829,2.4107647928571563,3.644170988861983,0.6835470289,1.2334061960048266,1.7272177639571562,stable,False,,inner_validation,
rolling_origin_2022-10-18,rolling_origin_2022-10-18__inner_2_2022-05-17,Z11_ebm,42117,d20d900ee432699d648080eab4327ff21b3fdba1eb0209f691f01444f32fc8fe,P-H06-W005::C014::C016,P-H06-W005,P-H06,GEO_NE,2021-11-02,2022-05-17,196,0.7967243818,2.499107959438766,3.350419864958841,1.355006437,0.8513119055200749,1.1441015224387663,stable,False,,inner_validation,
rolling_origin_2022-10-18,rolling_origin_2022-10-18__inner_2_2022-05-17,Z11_ebm,42117,d20d900ee432699d648080eab4327ff21b3fdba1eb0209f691f01444f32fc8fe,P-H06-W006::C014::C016,P-H06-W006,P-H06,GEO_NE,2021-11-02,2022-05-17,196,0.7723678992,1.8697963721938369,4.22659483130111,0.5771883508,2.3567984591072735,1.292608021393837,stable,False,,inner_validation,
rolling_origin_2022-10-18,rolling_origin_2022-10-18__inner_2_2022-05-17,Z11_ebm,42117,d20d900ee432699d648080eab4327ff21b3fdba1eb0209f691f01444f32fc8fe,P-H06-W007::C014::C016,P-H06-W007,P-H06,GEO_NE,2021-11-02,2022-05-17,196,0.7543275185,1.035606276466838,1.0646024553450464,-0.887929034,0.02899617887820849,1.9235353104668378,stable,False,,inner_validation,
rolling_origin_2022-10-18,rolling_origin_2022-10-18__inner_2_2022-05-17,Z11_ebm,42117,d20d900ee432699d648080eab4327ff21b3fdba1eb0209f691f01444f32fc8fe,P-H07-W001::C014::C016,P-H07-W001,P-H07,GEO_NE,2021-11-02,2022-05-17,196,0.693939737,40.74917849158163,31.757194848299932,28.2495508,8.9919836432817,12.49962769158163,stable,False,,inner_validation,
rolling_origin_2022-10-18,rolling_origin_2022-10-18__inner_2_2022-05-17,Z11_ebm,42117,d20d900ee432699d648080eab4327ff21b3fdba1eb0209f691f01444f32fc8fe,P-H07-W002::C014::C016,P-H07-W002,P-H07,GEO_NE,2021-11-02,2022-05-17,196,0.7137772998,39.314786581377504,38.85232700898483,34.34648117,0.46245957239267454,4.968305411377507,decelerating,True,,inner_validation,
rolling_origin_2022-10-18,rolling_origin_2022-10-18__inner_2_2022-05-17,Z11_ebm,42117,d20d900ee432699d648080eab4327ff21b3fdba1eb0209f691f01444f32fc8fe,P-H07-W003::C014::C016,P-H07-W003,P-H07,GEO_NE,2021-11-02,2022-05-17,196,0.7344501984,5.657607148086777,2.655199121318128,-1.797420488,3.002408026768649,7.455027636086777,stable,False,,inner_validation,
rolling_origin_2022-10-18,rolling_origin_2022-10-18__inner_2_2022-05-17,Z11_ebm,42117,d20d900ee432699d648080eab4327ff21b3fdba1eb0209f691f01444f32fc8fe,P-H07-W004::C014::C016,P-H07-W004,P-H07,GEO_NE,2021-11-02,2022-05-17,196,0.7389587375,34.80808535127548,26.320219526028524,27.42839232,8.487865825246956,7.37969303127548,stable,False,,inner_validation,
rolling_origin_2022-10-18,rolling_origin_2022-10-18__inner_2_2022-05-17,Z11_ebm,42117,d20d900ee432699d648080eab4327ff21b3fdba1eb0209f691f01444f32fc8fe,P-H07-W005::C014::C016,P-H07-W005,P-H07,GEO_NE,2021-11-02,2022-05-17,196,0.7387430197,7.524883258010199,3.521017242453578,-5.287210042,4.003866015556621,12.812093300010199,stable,False,,inner_validation,
rolling_origin_2022-10-18,rolling_origin_2022-10-18__inner_2_2022-05-17,Z11_ebm,42117,d20d900ee432699d648080eab4327ff21b3fdba1eb0209f691f01444f32fc8fe,P-H07-W006::C014::C016,P-H07-W006,P-H07,GEO_NE,2021-11-02,2022-05-17,196,0.7271958181,22.92349540886481,15.460292124538979,14.04500304,7.4632032843258305,8.87849236886481,stable,False,,inner_validation,
rolling_origin_2022-10-18,rolling_origin_2022-10-18__inner_2_2022-05-17,Z11_ebm,42117,d20d900ee432699d648080eab4327ff21b3fdba1eb0209f691f01444f32fc8fe,P-V01-W001::C014::C016,P-V01-W001,P-V01,GEO_SW,2021-11-02,2022-05-17,196,0.7177419715,33.83841107908161,23.470597441525417,29.91361513,10.367813637556193,3.9247959490816093,stable,False,,inner_validation,
rolling_origin_2022-10-18,rolling_origin_2022-10-18__inner_2_2022-05-17,Z11_ebm,42117,d20d900ee432699d648080eab4327ff21b3fdba1eb0209f691f01444f32fc8fe,P-V01-W002::C014::C016,P-V01-W002,P-V01,GEO_SW,2021-11-02,2022-05-17,196,0.745756831,32.03870599553569,35.72074481415827,36.69116005,3.68203881862258,4.652454054464307,stable,False,,inner_validation,
rolling_origin_2022-10-18,rolling_origin_2022-10-18__inner_2_2022-05-17,Z11_ebm,42117,d20d900ee432699d648080eab4327ff21b3fdba1eb0209f691f01444f32fc8fe,P-V01-W003::C014::C016,P-V01-W003,P-V01,GEO_SW,2021-11-02,2022-05-17,196,0.7609073193,18.79877868520409,17.295433516604685,23.22381497,1.503345168599406,4.425036284795908,stable,False,,inner_validation,
rolling_origin_2022-10-18,rolling_origin_2022-10-18__inner_2_2022-05-17,Z11_ebm,42117,d20d900ee432699d648080eab4327ff21b3fdba1eb0209f691f01444f32fc8fe,P-V01-W004::C014::C016,P-V01-W004,P-V01,GEO_SW,2021-11-02,2022-05-17,196,0.7631454077,23.103463121938816,23.243619881034814,22.67504367,0.14015675909599778,0.42841945193881514,stable,False,,inner_validation,
rolling_origin_2022-10-18,rolling_origin_2022-10-18__inner_2_2022-05-17,Z11_ebm,42117,d20d900ee432699d648080eab4327ff21b3fdba1eb0209f691f01444f32fc8fe,P-V01-W005::C014::C016,P-V01-W005,P-V01,GEO_SW,2021-11-02,2022-05-17,196,0.7559485394,31.378379651785643,28.22091800771751,34.19403093,3.157461644068132,2.8156512782143537,volatile_or_gap,True,,inner_validation,
rolling_origin_2022-10-18,rolling_origin_2022-10-18__inner_2_2022-05-17,Z11_ebm,42117,d20d900ee432699d648080eab4327ff21b3fdba1eb0209f691f01444f32fc8fe,P-V01-W007::C014::C016,P-V01-W007,P-V01,GEO_SW,2021-11-02,2022-05-17,196,0.7058103866,37.96912246836728,32.9384438249104,42.90673727,5.030678643456881,4.937614801632719,stable,False,,inner_validation,
rolling_origin_2022-10-18,rolling_origin_2022-10-18__inner_2_2022-05-17,Z11_ebm,42117,d20d900ee432699d648080eab4327ff21b3fdba1eb0209f691f01444f32fc8fe,P-V02-W001::C014::C016,P-V02-W001,P-V02,GEO_SW,2021-11-02,2022-05-17,196,1.342519617,34.90571537181124,30.319150756243996,39.31666694,4.586564615567244,4.410951568188757,stable,False,,inner_validation,
rolling_origin_2022-10-18,rolling_origin_2022-10-18__inner_2_2022-05-17,Z11_ebm,42117,d20d900ee432699d648080eab4327ff21b3fdba1eb0209f691f01444f32fc8fe,P-V02-W003::C014::C016,P-V02-W003,P-V02,GEO_NW,2021-11-02,2022-05-17,196,1.375396242,9.365956444744905,-0.29420657186014615,7.25379073,9.66016301660505,2.112165714744904,stable,False,,inner_validation,
rolling_origin_2022-10-18,rolling_origin_2022-10-18__inner_2_2022-05-17,Z11_ebm,42117,d20d900ee432699d648080eab4327ff21b3fdba1eb0209f691f01444f32fc8fe,P-V02-W004::C014::C016,P-V02-W004,P-V02,GEO_NW,2021-11-02,2022-05-17,196,1.376719715,17.102148046147974,6.827356864001085,17.16939283,10.274791182146888,0.06724478385202559,stable,False,,inner_validation,
rolling_origin_2022-10-18,rolling_origin_2022-10-18__inner_2_2022-05-17,Z11_ebm,42117,d20d900ee432699d648080eab4327ff21b3fdba1eb0209f691f01444f32fc8fe,P-V02-W005::C014::C016,P-V02-W005,P-V02,GEO_NW,2021-11-02,2022-05-17,196,1.371513035,44.68145216479587,36.16292740615663,44.07420086,8.518524758639238,0.6072513047958736,volatile_or_gap,True,,inner_validation,
rolling_origin_2022-10-18,rolling_origin_2022-10-18__inner_2_2022-05-17,Z11_ebm,42117,d20d900ee432699d648080eab4327ff21b3fdba1eb0209f691f01444f32fc8fe,P-V02-W006::C014::C016,P-V02-W006,P-V02,GEO_NW,2021-11-02,2022-05-17,196,1.344624664,30.233445198596936,22.948595216935345,24.7044121,7.284849981661591,5.529033098596937,stable,False,,inner_validation,
rolling_origin_2022-10-18,rolling_origin_2022-10-18__inner_2_2022-05-17,Z11_ebm,42117,d20d900ee432699d648080eab4327ff21b3fdba1eb0209f691f01444f32fc8fe,P-V02-W007::C014::C016,P-V02-W007,P-V02,GEO_NW,2021-11-02,2022-05-17,196,1.311932589,24.60306631989798,14.172373900648108,21.55249868,10.430692419249873,3.050567639897981,stable,False,,inner_validation,
rolling_origin_2022-10-18,rolling_origin_2022-10-18__inner_2_2022-05-17,Z11_ebm,42117,d20d900ee432699d648080eab4327ff21b3fdba1eb0209f691f01444f32fc8fe,P-V03-W001::C014::C016,P-V03-W001,P-V03,GEO_SW,2021-11-02,2022-05-17,196,0.6848986377,23.430150176020412,30.17181779066942,25.50489256,6.741667614649007,2.0747423839795864,stable,False,,inner_validation,
rolling_origin_2022-10-18,rolling_origin_2022-10-18__inner_2_2022-05-17,Z11_ebm,42117,d20d900ee432699d648080eab4327ff21b3fdba1eb0209f691f01444f32fc8fe,P-V03-W002::C014::C016,P-V03-W002,P-V03,GEO_SW,2021-11-02,2022-05-17,196,0.6970051496,34.43474599553576,36.508677978600055,37.57939238,2.0739319830642913,3.144646384464238,stable,False,,inner_validation,
rolling_origin_2022-10-18,rolling_origin_2022-10-18__inner_2_2022-05-17,Z11_ebm,42117,d20d900ee432699d648080eab4327ff21b3fdba1eb0209f691f01444f32fc8fe,P-V03-W003::C014::C016,P-V03-W003,P-V03,GEO_SW,2021-11-02,2022-05-17,196,0.7039428548,36.23357336096964,39.12773990865605,41.11248715,2.894166547686403,4.878913789030356,stable,False,,inner_validation,
rolling_origin_2022-10-18,rolling_origin_2022-10-18__inner_2_2022-05-17,Z11_ebm,42117,d20d900ee432699d648080eab4327ff21b3fdba1eb0209f691f01444f32fc8fe,P-V03-W004::C014::C016,P-V03-W004,P-V03,GEO_SW,2021-11-02,2022-05-17,196,0.7063247148,18.934889843112156,25.198428736410644,22.89783638,6.263538893298488,3.962946536887845,stable,False,,inner_validation,
rolling_origin_2022-10-18,rolling_origin_2022-10-18__inner_2_2022-05-17,Z11_ebm,42117,d20d900ee432699d648080eab4327ff21b3fdba1eb0209f691f01444f32fc8fe,P-V03-W005::C014::C016,P-V03-W005,P-V03,GEO_NW,2021-11-02,2022-05-17,196,0.7013643625,33.24534067767852,35.97351660959626,34.0300383,2.7281759319177397,0.784697622321481,stable,False,,inner_validation,
rolling_origin_2022-10-18,rolling_origin_2022-10-18__inner_2_2022-05-17,Z11_ebm,42117,d20d900ee432699d648080eab4327ff21b3fdba1eb0209f691f01444f32fc8fe,P-V03-W006::C014::C016,P-V03-W006,P-V03,GEO_NW,2021-11-02,2022-05-17,196,0.6942377476,31.799807524362265,36.79820959474692,36.18461744,4.998402070384657,4.384809915637732,stable,False,,inner_validation,
rolling_origin_2022-10-18,rolling_origin_2022-10-18__inner_2_2022-05-17,Z11_ebm,42117,d20d900ee432699d648080eab4327ff21b3fdba1eb0209f691f01444f32fc8fe,P-V03-W007::C014::C016,P-V03-W007,P-V03,GEO_NW,2021-11-02,2022-05-17,196,0.6843368921,0.2086716110969202,9.03817819167959,6.876204918,8.82950658058267,6.6675333069030795,stable,False,,inner_validation,
rolling_origin_2022-10-18,rolling_origin_2022-10-18__inner_2_2022-05-17,Z11_ebm,42117,d20d900ee432699d648080eab4327ff21b3fdba1eb0209f691f01444f32fc8fe,P-V04-W001::C014::C016,P-V04-W001,P-V04,GEO_NE,2021-11-02,2022-05-17,196,0.7408814776,3.830866669515303,7.642496843763197,-1.467361778,3.8116301742478935,5.298228447515303,stable,False,,inner_validation,
rolling_origin_2022-10-18,rolling_origin_2022-10-18__inner_2_2022-05-17,Z11_ebm,42117,d20d900ee432699d648080eab4327ff21b3fdba1eb0209f691f01444f32fc8fe,P-V04-W003::C014::C016,P-V04-W003,P-V04,GEO_NE,2021-11-02,2022-05-17,196,0.753264248,3.7042341218111807,3.8989767762328857,-1.057024308,0.19474265442170502,4.76125842981118,stable,False,,inner_validation,
rolling_origin_2022-10-18,rolling_origin_2022-10-18__inner_2_2022-05-17,Z11_ebm,42117,d20d900ee432699d648080eab4327ff21b3fdba1eb0209f691f01444f32fc8fe,P-V04-W004::C014::C016,P-V04-W004,P-V04,GEO_NE,2021-11-02,2022-05-17,196,0.7501248478,3.084723533801051,5.26274331221257,0.09418468707,2.178019778411519,2.990538846731051,stable,False,,inner_validation,
rolling_origin_2022-10-18,rolling_origin_2022-10-18__inner_2_2022-05-17,Z11_ebm,42117,d20d900ee432699d648080eab4327ff21b3fdba1eb0209f691f01444f32fc8fe,P-V04-W006::C014::C016,P-V04-W006,P-V04,GEO_NE,2021-11-02,2022-05-17,196,0.7411340707,2.375921060969378,3.958613773301662,0.7289715564,1.582692712332284,1.646949504569378,stable,False,,inner_validation,
rolling_origin_2022-10-18,rolling_origin_2022-10-18__inner_2_2022-05-17,Z11_ebm,42117,d20d900ee432699d648080eab4327ff21b3fdba1eb0209f691f01444f32fc8fe,P-V04-W007::C014::C016,P-V04-W007,P-V04,GEO_NE,2021-11-02,2022-05-17,196,0.7263118869,37.46624347308684,38.854520289458435,36.67592187,1.3882768163715937,0.7903216030868379,stable,False,,inner_validation,
rolling_origin_2022-10-18,rolling_origin_2022-10-18__inner_2_2022-05-17,Z11_ebm,42117,d20d900ee432699d648080eab4327ff21b3fdba1eb0209f691f01444f32fc8fe,P-V05-W001::C014::C016,P-V05-W001,P-V05,GEO_SE,2021-11-02,2022-05-17,196,0.7006377045,25.445679807397745,20.460212726425638,21.99392152,4.985467080972107,3.4517582873977446,stable,False,,inner_validation,
rolling_origin_2022-10-18,rolling_origin_2022-10-18__inner_2_2022-05-17,Z11_ebm,42117,d20d900ee432699d648080eab4327ff21b3fdba1eb0209f691f01444f32fc8fe,P-V05-W002::C014::C016,P-V05-W002,P-V05,GEO_NE,2021-11-02,2022-05-17,196,0.7191154775,26.934030696428778,30.319003554536483,27.68889927,3.384972858107705,0.7548685735712226,stable,False,,inner_validation,
rolling_origin_2022-10-18,rolling_origin_2022-10-18__inner_2_2022-05-17,Z11_ebm,42117,d20d900ee432699d648080eab4327ff21b3fdba1eb0209f691f01444f32fc8fe,P-V05-W003::C014::C016,P-V05-W003,P-V05,GEO_NE,2021-11-02,2022-05-17,196,0.7223678876,31.754238673469278,31.393344232836945,34.7640848,0.36089444063233245,3.0098461265307215,stable,False,,inner_validation,
rolling_origin_2022-10-18,rolling_origin_2022-10-18__inner_2_2022-05-17,Z11_ebm,42117,d20d900ee432699d648080eab4327ff21b3fdba1eb0209f691f01444f32fc8fe,P-V05-W004::C014::C016,P-V05-W004,P-V05,GEO_NE,2021-11-02,2022-05-17,196,0.723859108,34.61922426658158,36.828425550986964,35.14872363,2.209201284405381,0.5294993634184166,stable,False,,inner_validation,
rolling_origin_2022-10-18,rolling_origin_2022-10-18__inner_2_2022-05-17,Z11_ebm,42117,d20d900ee432699d648080eab4327ff21b3fdba1eb0209f691f01444f32fc8fe,P-V05-W006::C014::C016,P-V05-W006,P-V05,GEO_NE,2021-11-02,2022-05-17,196,0.7151550946,23.451487484693715,27.351193047001576,23.59521609,3.8997055623078616,0.14372860530628628,stable,False,,inner_validation,
rolling_origin_2022-10-18,rolling_origin_2022-10-18__inner_2_2022-05-17,Z11_ebm,42117,d20d900ee432699d648080eab4327ff21b3fdba1eb0209f691f01444f32fc8fe,P-V05-W007::C014::C016,P-V05-W007,P-V05,GEO_NE,2021-11-02,2022-05-17,196,0.7029566661,29.319096424745027,37.84077928792609,33.28180546,8.521682863181063,3.9627090352549743,stable,False,,inner_validation,
rolling_origin_2022-10-18,rolling_origin_2022-10-18__inner_2_2022-05-17,Z11_ebm,42117,d20d900ee432699d648080eab4327ff21b3fdba1eb0209f691f01444f32fc8fe,P-V06-W001::C014::C016,P-V06-W001,P-V06,GEO_NE,2021-11-02,2022-05-17,196,0.9412347722,0.0435843354589285,5.136954810499045,0.8170106636,5.093370475040117,0.7734263281410715,accelerating,True,,inner_validation,
rolling_origin_2022-10-18,rolling_origin_2022-10-18__inner_2_2022-05-17,Z11_ebm,42117,d20d900ee432699d648080eab4327ff21b3fdba1eb0209f691f01444f32fc8fe,P-V06-W002::C014::C016,P-V06-W002,P-V06,GEO_NE,2021-11-02,2022-05-17,196,0.9685389426,23.82196372767856,23.18912720640068,20.29697583,0.6328365212778806,3.5249878976785602,stable,False,,inner_validation,
rolling_origin_2022-10-18,rolling_origin_2022-10-18__inner_2_2022-05-17,Z11_ebm,42117,d20d900ee432699d648080eab4327ff21b3fdba1eb0209f691f01444f32fc8fe,P-V06-W003::C014::C016,P-V06-W003,P-V06,GEO_NE,2021-11-02,2022-05-17,196,0.9754516935,29.50426829808674,36.005440660896795,29.2617536,6.501172362810056,0.2425146980867403,stable,False,,inner_validation,
rolling_origin_2022-10-18,rolling_origin_2022-10-18__inner_2_2022-05-17,Z11_ebm,42117,d20d900ee432699d648080eab4327ff21b3fdba1eb0209f691f01444f32fc8fe,P-V06-W004::C014::C016,P-V06-W004,P-V06,GEO_NE,2021-11-02,2022-05-17,196,0.976361224,21.564488769260205,22.75396212241095,22.24644204,1.1894733531507455,0.6819532707397968,stable,False,,inner_validation,
rolling_origin_2022-10-18,rolling_origin_2022-10-18__inner_2_2022-05-17,Z11_ebm,42117,d20d900ee432699d648080eab4327ff21b3fdba1eb0209f691f01444f32fc8fe,P-V06-W005::C014::C016,P-V06-W005,P-V06,GEO_NE,2021-11-02,2022-05-17,196,0.9674704408,41.57421245931128,43.100155302285096,41.8456419,1.5259428429738122,0.27142944068871344,stable,False,,inner_validation,
rolling_origin_2022-10-18,rolling_origin_2022-10-18__inner_2_2022-05-17,Z11_ebm,42117,d20d900ee432699d648080eab4327ff21b3fdba1eb0209f691f01444f32fc8fe,P-V06-W006::C014::C016,P-V06-W006,P-V06,GEO_NE,2021-11-02,2022-05-17,196,0.9385164663,14.897693448596922,19.420426314626162,20.57359512,4.522732866029241,5.6759016714030786,stable,False,,inner_validation,
rolling_origin_2022-10-18,rolling_origin_2022-10-18__inner_2_2022-05-17,Z11_ebm,42117,d20d900ee432699d648080eab4327ff21b3fdba1eb0209f691f01444f32fc8fe,P-V06-W007::C014::C016,P-V06-W007,P-V06,GEO_NE,2021-11-02,2022-05-17,196,0.9146979071,16.53640769961731,14.930822064134247,16.34794751,1.605585635483063,0.18846018961730948,stable,False,,inner_validation,
rolling_origin_2022-10-18,rolling_origin_2022-10-18__inner_2_2022-05-17,Z11_ebm,42117,d20d900ee432699d648080eab4327ff21b3fdba1eb0209f691f01444f32fc8fe,P-D01-W002::C015::C016,P-D01-W002,P-D01,GEO_SW,2022-03-01,2022-05-17,77,0.7183573579,45.15365983344151,29.569264653071045,45.90072842,15.584395180370464,0.7470685865584912,stable,False,,inner_validation,
rolling_origin_2022-10-18,rolling_origin_2022-10-18__inner_2_2022-05-17,Z11_ebm,42117,d20d900ee432699d648080eab4327ff21b3fdba1eb0209f691f01444f32fc8fe,P-D01-W003::C015::C016,P-D01-W003,P-D01,GEO_SW,2022-03-01,2022-05-17,77,0.7277254979,-3.4170584269481186,1.5498795317385623,4.072950465,4.966937958686681,7.4900088919481185,stable,False,,inner_validation,
rolling_origin_2022-10-18,rolling_origin_2022-10-18__inner_2_2022-05-17,Z11_ebm,42117,d20d900ee432699d648080eab4327ff21b3fdba1eb0209f691f01444f32fc8fe,P-D01-W004::C015::C016,P-D01-W004,P-D01,GEO_SW,2022-03-01,2022-05-17,77,0.7336334223,0.3622094123377806,0.1864403914903811,3.651267826,0.17576902084739948,3.28905841366222,stable,False,,inner_validation,
rolling_origin_2022-10-18,rolling_origin_2022-10-18__inner_2_2022-05-17,Z11_ebm,42117,d20d900ee432699d648080eab4327ff21b3fdba1eb0209f691f01444f32fc8fe,P-D01-W005::C015::C016,P-D01-W005,P-D01,GEO_SW,2022-03-01,2022-05-17,77,0.7306822678,39.076032177272594,26.35314641325523,39.04444654,12.722885764017363,0.03158563727259178,stable,False,,inner_validation,
rolling_origin_2022-10-18,rolling_origin_2022-10-18__inner_2_2022-05-17,Z11_ebm,42117,d20d900ee432699d648080eab4327ff21b3fdba1eb0209f691f01444f32fc8fe,P-D01-W006::C015::C016,P-D01-W006,P-D01,GEO_SW,2022-03-01,2022-05-17,77,0.7157290256,61.19684153961036,39.51147171463098,44.81280327,21.685369824979382,16.384038269610357,accelerating,True,,inner_validation,
rolling_origin_2022-10-18,rolling_origin_2022-10-18__inner_2_2022-05-17,Z11_ebm,42117,d20d900ee432699d648080eab4327ff21b3fdba1eb0209f691f01444f32fc8fe,P-D01-W007::C015::C016,P-D01-W007,P-D01,GEO_SW,2022-03-01,2022-05-17,77,0.6892938511,21.97274887110391,12.481992553118044,16.18846739,9.490756317985866,5.7842814811039105,volatile_or_gap,True,,inner_validation,
rolling_origin_2022-10-18,rolling_origin_2022-10-18__inner_2_2022-05-17,Z11_ebm,42117,d20d900ee432699d648080eab4327ff21b3fdba1eb0209f691f01444f32fc8fe,P-H04-W001::C015::C016,P-H04-W001,P-H04,GEO_SW,2022-03-01,2022-05-17,77,0.736618067,29.456789677597413,16.956229737278058,25.17007325,12.500559940319356,4.286716427597412,stable,False,,inner_validation,
rolling_origin_2022-10-18,rolling_origin_2022-10-18__inner_2_2022-05-17,Z11_ebm,42117,d20d900ee432699d648080eab4327ff21b3fdba1eb0209f691f01444f32fc8fe,P-H04-W002::C015::C016,P-H04-W002,P-H04,GEO_SW,2022-03-01,2022-05-17,77,0.7560024068,36.474016317857085,22.52392370786165,25.32833374,13.950092609995437,11.145682577857084,decelerating,True,,inner_validation,
rolling_origin_2022-10-18,rolling_origin_2022-10-18__inner_2_2022-05-17,Z11_ebm,42117,d20d900ee432699d648080eab4327ff21b3fdba1eb0209f691f01444f32fc8fe,P-H04-W003::C015::C016,P-H04-W003,P-H04,GEO_SW,2022-03-01,2022-05-17,77,0.7772055578,40.50964032467545,26.083614146365488,36.16711541,14.426026178309964,4.342524914675451,stable,False,,inner_validation,
rolling_origin_2022-10-18,rolling_origin_2022-10-18__inner_2_2022-05-17,Z11_ebm,42117,d20d900ee432699d648080eab4327ff21b3fdba1eb0209f691f01444f32fc8fe,P-H04-W004::C015::C016,P-H04-W004,P-H04,GEO_SW,2022-03-01,2022-05-17,77,0.7847394836,22.48226503149358,12.601012272898183,22.40874572,9.881252758595396,0.07351931149358037,stable,False,,inner_validation,
rolling_origin_2022-10-18,rolling_origin_2022-10-18__inner_2_2022-05-17,Z11_ebm,42117,d20d900ee432699d648080eab4327ff21b3fdba1eb0209f691f01444f32fc8fe,P-H04-W005::C015::C016,P-H04-W005,P-H04,GEO_SW,2022-03-01,2022-05-17,77,0.7829415869,36.97036355551935,22.894037475678147,32.23603657,14.076326079841202,4.7343269855193455,stable,False,,inner_validation,
rolling_origin_2022-10-18,rolling_origin_2022-10-18__inner_2_2022-05-17,Z11_ebm,42117,d20d900ee432699d648080eab4327ff21b3fdba1eb0209f691f01444f32fc8fe,P-H04-W006::C015::C016,P-H04-W006,P-H04,GEO_SW,2022-03-01,2022-05-17,77,0.7703412328,48.01577401266236,16.498330332058657,24.37962319,31.517443680603705,23.636150822662362,stable,False,,inner_validation,
rolling_origin_2022-10-18,rolling_origin_2022-10-18__inner_2_2022-05-17,Z11_ebm,42117,d20d900ee432699d648080eab4327ff21b3fdba1eb0209f691f01444f32fc8fe,P-H04-W007::C015::C016,P-H04-W007,P-H04,GEO_SW,2022-03-01,2022-05-17,77,0.747462582,35.852579493506504,25.806594940637073,30.56424078,10.045984552869431,5.288338713506505,decelerating,True,,inner_validation,
rolling_origin_2022-10-18,rolling_origin_2022-10-18__inner_3_2022-07-19,Z11_ebm,42117,d20d900ee432699d648080eab4327ff21b3fdba1eb0209f691f01444f32fc8fe,P-D01-W002::C016::C017,P-D01-W002,P-D01,GEO_SW,2022-05-17,2022-07-19,63,0.7523242762,45.01997464404754,33.97339454878548,45.15365961,11.046580095262058,0.1336849659524617,stable,False,,inner_validation,
rolling_origin_2022-10-18,rolling_origin_2022-10-18__inner_3_2022-07-19,Z11_ebm,42117,d20d900ee432699d648080eab4327ff21b3fdba1eb0209f691f01444f32fc8fe,P-D01-W005::C016::C017,P-D01-W005,P-D01,GEO_SW,2022-05-17,2022-07-19,63,0.7668001593,42.74465846547624,28.53884155960021,39.07603216,14.20581690587603,3.668626305476245,stable,False,,inner_validation,
rolling_origin_2022-10-18,rolling_origin_2022-10-18__inner_3_2022-07-19,Z11_ebm,42117,d20d900ee432699d648080eab4327ff21b3fdba1eb0209f691f01444f32fc8fe,P-D01-W006::C016::C017,P-D01-W006,P-D01,GEO_SW,2022-05-17,2022-07-19,63,0.7512941698,77.38306336785723,65.19134419263192,61.19684164,12.191719175225316,16.18622172785723,accelerating,True,,inner_validation,
rolling_origin_2022-10-18,rolling_origin_2022-10-18__inner_3_2022-07-19,Z11_ebm,42117,d20d900ee432699d648080eab4327ff21b3fdba1eb0209f691f01444f32fc8fe,P-D01-W007::C016::C017,P-D01-W007,P-D01,GEO_SW,2022-05-17,2022-07-19,63,0.7234503939,21.53602413690472,9.897427250018836,21.97274873,11.638596886885885,0.43672459309527767,accelerating,True,,inner_validation,
rolling_origin_2022-10-18,rolling_origin_2022-10-18__inner_3_2022-07-19,Z11_ebm,42117,d20d900ee432699d648080eab4327ff21b3fdba1eb0209f691f01444f32fc8fe,P-H03-W001::C016::C017,P-H03-W001,P-H03,GEO_SE,2022-05-17,2022-07-19,63,0.69222479,40.55512037976189,43.83008478241045,46.94378892,3.274964402648564,6.388668540238115,stable,False,,inner_validation,
rolling_origin_2022-10-18,rolling_origin_2022-10-18__inner_3_2022-07-19,Z11_ebm,42117,d20d900ee432699d648080eab4327ff21b3fdba1eb0209f691f01444f32fc8fe,P-H03-W002::C016::C017,P-H03-W002,P-H03,GEO_SE,2022-05-17,2022-07-19,63,0.7163387265,48.26499652619066,40.185405534722854,47.21377091,8.079590991467803,1.0512256161906564,volatile_or_gap,True,,inner_validation,
rolling_origin_2022-10-18,rolling_origin_2022-10-18__inner_3_2022-07-19,Z11_ebm,42117,d20d900ee432699d648080eab4327ff21b3fdba1eb0209f691f01444f32fc8fe,P-H03-W004::C016::C017,P-H03-W004,P-H03,GEO_SE,2022-05-17,2022-07-19,63,0.7282928385,49.36371896547652,34.48811402475572,41.23788352,14.875604940720805,8.125835445476525,volatile_or_gap,True,,inner_validation,
rolling_origin_2022-10-18,rolling_origin_2022-10-18__inner_3_2022-07-19,Z11_ebm,42117,d20d900ee432699d648080eab4327ff21b3fdba1eb0209f691f01444f32fc8fe,P-H03-W006::C016::C017,P-H03-W006,P-H03,GEO_SE,2022-05-17,2022-07-19,63,0.7204949187,54.21573417142855,39.07053459004947,43.12548609,15.145199581379082,11.090248081428548,volatile_or_gap,True,,inner_validation,
rolling_origin_2022-10-18,rolling_origin_2022-10-18__inner_3_2022-07-19,Z11_ebm,42117,d20d900ee432699d648080eab4327ff21b3fdba1eb0209f691f01444f32fc8fe,P-H04-W002::C016::C017,P-H04-W002,P-H04,GEO_SW,2022-05-17,2022-07-19,63,0.7366048688,10.18757097261926,39.07358175680608,36.47401633,28.886010784186816,26.286445357380735,accelerating,True,,inner_validation,
rolling_origin_2022-10-18,rolling_origin_2022-10-18__inner_3_2022-07-19,Z11_ebm,42117,d20d900ee432699d648080eab4327ff21b3fdba1eb0209f691f01444f32fc8fe,P-H04-W003::C016::C017,P-H04-W003,P-H04,GEO_SW,2022-05-17,2022-07-19,63,0.7535778274,7.336359901190802,32.04567486632719,40.50964005,24.709314965136386,33.1732801488092,stable,False,,inner_validation,
rolling_origin_2022-10-18,rolling_origin_2022-10-18__inner_3_2022-07-19,Z11_ebm,42117,d20d900ee432699d648080eab4327ff21b3fdba1eb0209f691f01444f32fc8fe,P-H04-W004::C016::C017,P-H04-W004,P-H04,GEO_SW,2022-05-17,2022-07-19,63,0.7555283422,1.3808021154761807,14.996125901329048,22.48226526,13.615323785852867,21.10146314452382,stable,False,,inner_validation,
rolling_origin_2022-10-18,rolling_origin_2022-10-18__inner_3_2022-07-19,Z11_ebm,42117,d20d900ee432699d648080eab4327ff21b3fdba1eb0209f691f01444f32fc8fe,P-H04-W005::C016::C017,P-H04-W005,P-H04,GEO_SW,2022-05-17,2022-07-19,63,0.7497234689,20.435660971428582,29.5569089844284,36.97036362,9.121248012999818,16.534702648571418,accelerating,True,,inner_validation,
rolling_origin_2022-10-18,rolling_origin_2022-10-18__inner_3_2022-07-19,Z11_ebm,42117,d20d900ee432699d648080eab4327ff21b3fdba1eb0209f691f01444f32fc8fe,P-H04-W006::C016::C017,P-H04-W006,P-H04,GEO_SW,2022-05-17,2022-07-19,63,0.7292922394,33.15061584404759,34.35144673272721,48.01577365,1.2008308886796186,14.865157805952407,accelerating,True,,inner_validation,
rolling_origin_2023-01-17,rolling_origin_2023-01-17__inner_1_2022-05-17,Z11_ebm,42117,d20d900ee432699d648080eab4327ff21b3fdba1eb0209f691f01444f32fc8fe,P-H01-W001::C014::C016,P-H01-W001,P-H01,GEO_SW,2021-11-02,2022-05-17,196,0.7357396065,23.13233240739796,31.106024822235014,23.41502259,7.973692414837053,0.28269018260203893,stable,False,,inner_validation,
rolling_origin_2023-01-17,rolling_origin_2023-01-17__inner_1_2022-05-17,Z11_ebm,42117,d20d900ee432699d648080eab4327ff21b3fdba1eb0209f691f01444f32fc8fe,P-H01-W002::C014::C016,P-H01-W002,P-H01,GEO_SW,2021-11-02,2022-05-17,196,0.7825542852,100.9477933228316,77.41626772211039,60.40185921,23.53152560072121,40.5459341128316,accelerating,True,,inner_validation,
rolling_origin_2023-01-17,rolling_origin_2023-01-17__inner_1_2022-05-17,Z11_ebm,42117,d20d900ee432699d648080eab4327ff21b3fdba1eb0209f691f01444f32fc8fe,P-H01-W003::C014::C016,P-H01-W003,P-H01,GEO_SW,2021-11-02,2022-05-17,196,0.8187771268,94.16792815599496,93.61086660994998,92.57859807,0.5570615460449773,1.589330085994959,accelerating,True,,inner_validation,
rolling_origin_2023-01-17,rolling_origin_2023-01-17__inner_1_2022-05-17,Z11_ebm,42117,d20d900ee432699d648080eab4327ff21b3fdba1eb0209f691f01444f32fc8fe,P-H01-W004::C014::C016,P-H01-W004,P-H01,GEO_SW,2021-11-02,2022-05-17,196,0.8277272732,23.563429714668327,37.0882287640819,25.24678102,13.52479904941357,1.6833513053316729,stable,False,,inner_validation,
rolling_origin_2023-01-17,rolling_origin_2023-01-17__inner_1_2022-05-17,Z11_ebm,42117,d20d900ee432699d648080eab4327ff21b3fdba1eb0209f691f01444f32fc8fe,P-H01-W005::C014::C016,P-H01-W005,P-H01,GEO_SW,2021-11-02,2022-05-17,196,0.820359452,41.56917797257655,49.36180564585668,41.91560552,7.79262767328013,0.3464275474234526,decelerating,True,,inner_validation,
rolling_origin_2023-01-17,rolling_origin_2023-01-17__inner_1_2022-05-17,Z11_ebm,42117,d20d900ee432699d648080eab4327ff21b3fdba1eb0209f691f01444f32fc8fe,P-H01-W006::C014::C016,P-H01-W006,P-H01,GEO_SW,2021-11-02,2022-05-17,196,0.7961478453,26.621912272193853,35.18673869284841,29.93184777,8.564826420654555,3.3099354978061477,stable,False,,inner_validation,
rolling_origin_2023-01-17,rolling_origin_2023-01-17__inner_1_2022-05-17,Z11_ebm,42117,d20d900ee432699d648080eab4327ff21b3fdba1eb0209f691f01444f32fc8fe,P-H01-W007::C014::C016,P-H01-W007,P-H01,GEO_SW,2021-11-02,2022-05-17,196,0.741523091,39.026949828061234,40.86858399411841,32.73432182,1.841634166057176,6.292628008061236,stable,False,,inner_validation,
rolling_origin_2023-01-17,rolling_origin_2023-01-17__inner_1_2022-05-17,Z11_ebm,42117,d20d900ee432699d648080eab4327ff21b3fdba1eb0209f691f01444f32fc8fe,P-H02-W001::C014::C016,P-H02-W001,P-H02,GEO_SW,2021-11-02,2022-05-17,196,0.7225644884,31.136456686989884,36.304201769365505,35.86545545,5.167745082375621,4.7289987630101145,volatile_or_gap,True,,inner_validation,
rolling_origin_2023-01-17,rolling_origin_2023-01-17__inner_1_2022-05-17,Z11_ebm,42117,d20d900ee432699d648080eab4327ff21b3fdba1eb0209f691f01444f32fc8fe,P-H02-W003::C014::C016,P-H02-W003,P-H02,GEO_SW,2021-11-02,2022-05-17,196,0.7477121764,67.3184699789541,47.10131604961183,46.21176323,20.217153929342267,21.106706748954096,accelerating,True,,inner_validation,
rolling_origin_2023-01-17,rolling_origin_2023-01-17__inner_1_2022-05-17,Z11_ebm,42117,d20d900ee432699d648080eab4327ff21b3fdba1eb0209f691f01444f32fc8fe,P-H02-W004::C014::C016,P-H02-W004,P-H02,GEO_SW,2021-11-02,2022-05-17,196,0.7483153109,20.378626376403048,25.97933579114166,25.43528051,5.600709414738613,5.05665413359695,stable,False,,inner_validation,
rolling_origin_2023-01-17,rolling_origin_2023-01-17__inner_1_2022-05-17,Z11_ebm,42117,d20d900ee432699d648080eab4327ff21b3fdba1eb0209f691f01444f32fc8fe,P-H02-W005::C014::C016,P-H02-W005,P-H02,GEO_SW,2021-11-02,2022-05-17,196,0.7376232526,7.388291852257654,9.759050952429872,8.96143113,2.3707591001722177,1.573139277742345,stable,False,,inner_validation,
rolling_origin_2023-01-17,rolling_origin_2023-01-17__inner_1_2022-05-17,Z11_ebm,42117,d20d900ee432699d648080eab4327ff21b3fdba1eb0209f691f01444f32fc8fe,P-H02-W006::C014::C016,P-H02-W006,P-H02,GEO_SW,2021-11-02,2022-05-17,196,0.7261377543,17.98008012780605,18.377617184459886,16.97158187,0.3975370566538352,1.0084982578060497,stable,False,,inner_validation,
rolling_origin_2023-01-17,rolling_origin_2023-01-17__inner_1_2022-05-17,Z11_ebm,42117,d20d900ee432699d648080eab4327ff21b3fdba1eb0209f691f01444f32fc8fe,P-H02-W007::C014::C016,P-H02-W007,P-H02,GEO_SW,2021-11-02,2022-05-17,196,0.6937107491,33.4094892455357,39.0983711799927,39.27815206,5.688881934456994,5.868662814464294,stable,False,,inner_validation,
rolling_origin_2023-01-17,rolling_origin_2023-01-17__inner_1_2022-05-17,Z11_ebm,42117,d20d900ee432699d648080eab4327ff21b3fdba1eb0209f691f01444f32fc8fe,P-H03-W001::C014::C016,P-H03-W001,P-H03,GEO_SE,2021-11-02,2022-05-17,196,0.6911552261,46.94378886160717,40.24678279477361,48.17373774,6.697006066833559,1.2299488783928325,stable,False,,inner_validation,
rolling_origin_2023-01-17,rolling_origin_2023-01-17__inner_1_2022-05-17,Z11_ebm,42117,d20d900ee432699d648080eab4327ff21b3fdba1eb0209f691f01444f32fc8fe,P-H03-W003::C014::C016,P-H03-W003,P-H03,GEO_SE,2021-11-02,2022-05-17,196,0.7199409823,43.85530120293368,34.244797786114276,40.88626489,9.610503416819405,2.9690363129336816,decelerating,True,,inner_validation,
rolling_origin_2023-01-17,rolling_origin_2023-01-17__inner_1_2022-05-17,Z11_ebm,42117,d20d900ee432699d648080eab4327ff21b3fdba1eb0209f691f01444f32fc8fe,P-H03-W004::C014::C016,P-H03-W004,P-H03,GEO_SE,2021-11-02,2022-05-17,196,0.7281929087,41.23788355063767,34.91128401985602,39.54807054,6.32659953078165,1.6898130106376712,decelerating,True,,inner_validation,
rolling_origin_2023-01-17,rolling_origin_2023-01-17__inner_1_2022-05-17,Z11_ebm,42117,d20d900ee432699d648080eab4327ff21b3fdba1eb0209f691f01444f32fc8fe,P-H03-W005::C014::C016,P-H03-W005,P-H03,GEO_SE,2021-11-02,2022-05-17,196,0.7298996801,45.0076856380102,37.18501677185432,42.20222617,7.82266886615588,2.8054594680101985,decelerating,True,,inner_validation,
rolling_origin_2023-01-17,rolling_origin_2023-01-17__inner_1_2022-05-17,Z11_ebm,42117,d20d900ee432699d648080eab4327ff21b3fdba1eb0209f691f01444f32fc8fe,P-H03-W006::C014::C016,P-H03-W006,P-H03,GEO_SE,2021-11-02,2022-05-17,196,0.7273055471,43.125486046683655,40.06374387417041,50.45865386,3.0617421725132417,7.333167813316344,volatile_or_gap,True,,inner_validation,
rolling_origin_2023-01-17,rolling_origin_2023-01-17__inner_1_2022-05-17,Z11_ebm,42117,d20d900ee432699d648080eab4327ff21b3fdba1eb0209f691f01444f32fc8fe,P-H03-W007::C014::C016,P-H03-W007,P-H03,GEO_SE,2021-11-02,2022-05-17,196,0.7089069732,33.39629142130099,9.286969162611262,20.34855812,24.109322258689723,13.047733301300987,stable,False,,inner_validation,
rolling_origin_2023-01-17,rolling_origin_2023-01-17__inner_1_2022-05-17,Z11_ebm,42117,d20d900ee432699d648080eab4327ff21b3fdba1eb0209f691f01444f32fc8fe,P-H05-W001::C014::C016,P-H05-W001,P-H05,GEO_NE,2021-11-02,2022-05-17,196,0.7536375313,36.34698721301055,38.51348995105793,37.84041087,2.1665027380473774,1.4934236569894495,stable,False,,inner_validation,
rolling_origin_2023-01-17,rolling_origin_2023-01-17__inner_1_2022-05-17,Z11_ebm,42117,d20d900ee432699d648080eab4327ff21b3fdba1eb0209f691f01444f32fc8fe,P-H05-W002::C014::C016,P-H05-W002,P-H05,GEO_NE,2021-11-02,2022-05-17,196,0.7893317744,35.72574727806124,39.83736006364976,40.98132163,4.11161278558852,5.255574351938755,stable,False,,inner_validation,
rolling_origin_2023-01-17,rolling_origin_2023-01-17__inner_1_2022-05-17,Z11_ebm,42117,d20d900ee432699d648080eab4327ff21b3fdba1eb0209f691f01444f32fc8fe,P-H05-W003::C014::C016,P-H05-W003,P-H05,GEO_NE,2021-11-02,2022-05-17,196,0.8081507128,26.131375186224577,31.14892453369464,26.97541112,5.017549347470062,0.8440359337754231,decelerating,True,,inner_validation,
rolling_origin_2023-01-17,rolling_origin_2023-01-17__inner_1_2022-05-17,Z11_ebm,42117,d20d900ee432699d648080eab4327ff21b3fdba1eb0209f691f01444f32fc8fe,P-H05-W004::C014::C016,P-H05-W004,P-H05,GEO_NE,2021-11-02,2022-05-17,196,0.8156332842,27.45017553443898,25.115517084751172,23.50097077,2.334658449687808,3.9492047644389814,stable,False,,inner_validation,
rolling_origin_2023-01-17,rolling_origin_2023-01-17__inner_1_2022-05-17,Z11_ebm,42117,d20d900ee432699d648080eab4327ff21b3fdba1eb0209f691f01444f32fc8fe,P-H05-W005::C014::C016,P-H05-W005,P-H05,GEO_NE,2021-11-02,2022-05-17,196,0.8059568138,16.768946161989717,16.99935661362755,16.14976187,0.2304104516378338,0.6191842919897184,stable,False,,inner_validation,
rolling_origin_2023-01-17,rolling_origin_2023-01-17__inner_1_2022-05-17,Z11_ebm,42117,d20d900ee432699d648080eab4327ff21b3fdba1eb0209f691f01444f32fc8fe,P-H05-W006::C014::C016,P-H05-W006,P-H05,GEO_NE,2021-11-02,2022-05-17,196,0.7815626482,19.437971403061063,18.7497820427218,19.85856998,0.6881893603392619,0.42059857693893576,stable,False,,inner_validation,
rolling_origin_2023-01-17,rolling_origin_2023-01-17__inner_1_2022-05-17,Z11_ebm,42117,d20d900ee432699d648080eab4327ff21b3fdba1eb0209f691f01444f32fc8fe,P-H05-W007::C014::C016,P-H05-W007,P-H05,GEO_NE,2021-11-02,2022-05-17,196,0.7443671085,19.086151235586705,24.662168691138003,25.43194329,5.576017455551298,6.345792054413295,stable,False,,inner_validation,
rolling_origin_2023-01-17,rolling_origin_2023-01-17__inner_1_2022-05-17,Z11_ebm,42117,d20d900ee432699d648080eab4327ff21b3fdba1eb0209f691f01444f32fc8fe,P-H06-W001::C014::C016,P-H06-W001,P-H06,GEO_NE,2021-11-02,2022-05-17,196,0.7173588682,2.526655263520402,3.0238480940369605,4.745390916,0.4971928305165587,2.218735652479598,stable,False,,inner_validation,
rolling_origin_2023-01-17,rolling_origin_2023-01-17__inner_1_2022-05-17,Z11_ebm,42117,d20d900ee432699d648080eab4327ff21b3fdba1eb0209f691f01444f32fc8fe,P-H06-W002::C014::C016,P-H06-W002,P-H06,GEO_NE,2021-11-02,2022-05-17,196,0.761567863,1.6366578562499836,3.121660766408252,4.665007757,1.4850029101582682,3.0283499007500163,stable,False,,inner_validation,
rolling_origin_2023-01-17,rolling_origin_2023-01-17__inner_1_2022-05-17,Z11_ebm,42117,d20d900ee432699d648080eab4327ff21b3fdba1eb0209f691f01444f32fc8fe,P-H06-W003::C014::C016,P-H06-W003,P-H06,GEO_NE,2021-11-02,2022-05-17,196,0.7865245678,1.7656183136479635,0.2994898232388517,5.267175007,1.4661284904091119,3.501556693352036,stable,False,,inner_validation,
rolling_origin_2023-01-17,rolling_origin_2023-01-17__inner_1_2022-05-17,Z11_ebm,42117,d20d900ee432699d648080eab4327ff21b3fdba1eb0209f691f01444f32fc8fe,P-H06-W004::C014::C016,P-H06-W004,P-H06,GEO_NE,2021-11-02,2022-05-17,196,0.7969610829,2.4107647928571563,3.644170988861983,0.6835470289,1.2334061960048266,1.7272177639571562,stable,False,,inner_validation,
rolling_origin_2023-01-17,rolling_origin_2023-01-17__inner_1_2022-05-17,Z11_ebm,42117,d20d900ee432699d648080eab4327ff21b3fdba1eb0209f691f01444f32fc8fe,P-H06-W005::C014::C016,P-H06-W005,P-H06,GEO_NE,2021-11-02,2022-05-17,196,0.7967243818,2.499107959438766,3.350419864958841,1.355006437,0.8513119055200749,1.1441015224387663,stable,False,,inner_validation,
rolling_origin_2023-01-17,rolling_origin_2023-01-17__inner_1_2022-05-17,Z11_ebm,42117,d20d900ee432699d648080eab4327ff21b3fdba1eb0209f691f01444f32fc8fe,P-H06-W006::C014::C016,P-H06-W006,P-H06,GEO_NE,2021-11-02,2022-05-17,196,0.7723678992,1.8697963721938369,4.22659483130111,0.5771883508,2.3567984591072735,1.292608021393837,stable,False,,inner_validation,
rolling_origin_2023-01-17,rolling_origin_2023-01-17__inner_1_2022-05-17,Z11_ebm,42117,d20d900ee432699d648080eab4327ff21b3fdba1eb0209f691f01444f32fc8fe,P-H06-W007::C014::C016,P-H06-W007,P-H06,GEO_NE,2021-11-02,2022-05-17,196,0.7543275185,1.035606276466838,1.0646024553450464,-0.887929034,0.02899617887820849,1.9235353104668378,stable,False,,inner_validation,
rolling_origin_2023-01-17,rolling_origin_2023-01-17__inner_1_2022-05-17,Z11_ebm,42117,d20d900ee432699d648080eab4327ff21b3fdba1eb0209f691f01444f32fc8fe,P-H07-W001::C014::C016,P-H07-W001,P-H07,GEO_NE,2021-11-02,2022-05-17,196,0.693939737,40.74917849158163,31.757194848299932,28.2495508,8.9919836432817,12.49962769158163,stable,False,,inner_validation,
rolling_origin_2023-01-17,rolling_origin_2023-01-17__inner_1_2022-05-17,Z11_ebm,42117,d20d900ee432699d648080eab4327ff21b3fdba1eb0209f691f01444f32fc8fe,P-H07-W002::C014::C016,P-H07-W002,P-H07,GEO_NE,2021-11-02,2022-05-17,196,0.7137772998,39.314786581377504,38.85232700898483,34.34648117,0.46245957239267454,4.968305411377507,decelerating,True,,inner_validation,
rolling_origin_2023-01-17,rolling_origin_2023-01-17__inner_1_2022-05-17,Z11_ebm,42117,d20d900ee432699d648080eab4327ff21b3fdba1eb0209f691f01444f32fc8fe,P-H07-W003::C014::C016,P-H07-W003,P-H07,GEO_NE,2021-11-02,2022-05-17,196,0.7344501984,5.657607148086777,2.655199121318128,-1.797420488,3.002408026768649,7.455027636086777,stable,False,,inner_validation,
rolling_origin_2023-01-17,rolling_origin_2023-01-17__inner_1_2022-05-17,Z11_ebm,42117,d20d900ee432699d648080eab4327ff21b3fdba1eb0209f691f01444f32fc8fe,P-H07-W004::C014::C016,P-H07-W004,P-H07,GEO_NE,2021-11-02,2022-05-17,196,0.7389587375,34.80808535127548,26.320219526028524,27.42839232,8.487865825246956,7.37969303127548,stable,False,,inner_validation,
rolling_origin_2023-01-17,rolling_origin_2023-01-17__inner_1_2022-05-17,Z11_ebm,42117,d20d900ee432699d648080eab4327ff21b3fdba1eb0209f691f01444f32fc8fe,P-H07-W005::C014::C016,P-H07-W005,P-H07,GEO_NE,2021-11-02,2022-05-17,196,0.7387430197,7.524883258010199,3.521017242453578,-5.287210042,4.003866015556621,12.812093300010199,stable,False,,inner_validation,
rolling_origin_2023-01-17,rolling_origin_2023-01-17__inner_1_2022-05-17,Z11_ebm,42117,d20d900ee432699d648080eab4327ff21b3fdba1eb0209f691f01444f32fc8fe,P-H07-W006::C014::C016,P-H07-W006,P-H07,GEO_NE,2021-11-02,2022-05-17,196,0.7271958181,22.92349540886481,15.460292124538979,14.04500304,7.4632032843258305,8.87849236886481,stable,False,,inner_validation,
rolling_origin_2023-01-17,rolling_origin_2023-01-17__inner_1_2022-05-17,Z11_ebm,42117,d20d900ee432699d648080eab4327ff21b3fdba1eb0209f691f01444f32fc8fe,P-V01-W001::C014::C016,P-V01-W001,P-V01,GEO_SW,2021-11-02,2022-05-17,196,0.7177419715,33.83841107908161,23.470597441525417,29.91361513,10.367813637556193,3.9247959490816093,stable,False,,inner_validation,
rolling_origin_2023-01-17,rolling_origin_2023-01-17__inner_1_2022-05-17,Z11_ebm,42117,d20d900ee432699d648080eab4327ff21b3fdba1eb0209f691f01444f32fc8fe,P-V01-W002::C014::C016,P-V01-W002,P-V01,GEO_SW,2021-11-02,2022-05-17,196,0.745756831,32.03870599553569,35.72074481415827,36.69116005,3.68203881862258,4.652454054464307,stable,False,,inner_validation,
rolling_origin_2023-01-17,rolling_origin_2023-01-17__inner_1_2022-05-17,Z11_ebm,42117,d20d900ee432699d648080eab4327ff21b3fdba1eb0209f691f01444f32fc8fe,P-V01-W003::C014::C016,P-V01-W003,P-V01,GEO_SW,2021-11-02,2022-05-17,196,0.7609073193,18.79877868520409,17.295433516604685,23.22381497,1.503345168599406,4.425036284795908,stable,False,,inner_validation,
rolling_origin_2023-01-17,rolling_origin_2023-01-17__inner_1_2022-05-17,Z11_ebm,42117,d20d900ee432699d648080eab4327ff21b3fdba1eb0209f691f01444f32fc8fe,P-V01-W004::C014::C016,P-V01-W004,P-V01,GEO_SW,2021-11-02,2022-05-17,196,0.7631454077,23.103463121938816,23.243619881034814,22.67504367,0.14015675909599778,0.42841945193881514,stable,False,,inner_validation,
rolling_origin_2023-01-17,rolling_origin_2023-01-17__inner_1_2022-05-17,Z11_ebm,42117,d20d900ee432699d648080eab4327ff21b3fdba1eb0209f691f01444f32fc8fe,P-V01-W005::C014::C016,P-V01-W005,P-V01,GEO_SW,2021-11-02,2022-05-17,196,0.7559485394,31.378379651785643,28.22091800771751,34.19403093,3.157461644068132,2.8156512782143537,volatile_or_gap,True,,inner_validation,
rolling_origin_2023-01-17,rolling_origin_2023-01-17__inner_1_2022-05-17,Z11_ebm,42117,d20d900ee432699d648080eab4327ff21b3fdba1eb0209f691f01444f32fc8fe,P-V01-W007::C014::C016,P-V01-W007,P-V01,GEO_SW,2021-11-02,2022-05-17,196,0.7058103866,37.96912246836728,32.9384438249104,42.90673727,5.030678643456881,4.937614801632719,stable,False,,inner_validation,
rolling_origin_2023-01-17,rolling_origin_2023-01-17__inner_1_2022-05-17,Z11_ebm,42117,d20d900ee432699d648080eab4327ff21b3fdba1eb0209f691f01444f32fc8fe,P-V02-W001::C014::C016,P-V02-W001,P-V02,GEO_SW,2021-11-02,2022-05-17,196,1.342519617,34.90571537181124,30.319150756243996,39.31666694,4.586564615567244,4.410951568188757,stable,False,,inner_validation,
rolling_origin_2023-01-17,rolling_origin_2023-01-17__inner_1_2022-05-17,Z11_ebm,42117,d20d900ee432699d648080eab4327ff21b3fdba1eb0209f691f01444f32fc8fe,P-V02-W003::C014::C016,P-V02-W003,P-V02,GEO_NW,2021-11-02,2022-05-17,196,1.375396242,9.365956444744905,-0.29420657186014615,7.25379073,9.66016301660505,2.112165714744904,stable,False,,inner_validation,
rolling_origin_2023-01-17,rolling_origin_2023-01-17__inner_1_2022-05-17,Z11_ebm,42117,d20d900ee432699d648080eab4327ff21b3fdba1eb0209f691f01444f32fc8fe,P-V02-W004::C014::C016,P-V02-W004,P-V02,GEO_NW,2021-11-02,2022-05-17,196,1.376719715,17.102148046147974,6.827356864001085,17.16939283,10.274791182146888,0.06724478385202559,stable,False,,inner_validation,
rolling_origin_2023-01-17,rolling_origin_2023-01-17__inner_1_2022-05-17,Z11_ebm,42117,d20d900ee432699d648080eab4327ff21b3fdba1eb0209f691f01444f32fc8fe,P-V02-W005::C014::C016,P-V02-W005,P-V02,GEO_NW,2021-11-02,2022-05-17,196,1.371513035,44.68145216479587,36.16292740615663,44.07420086,8.518524758639238,0.6072513047958736,volatile_or_gap,True,,inner_validation,
rolling_origin_2023-01-17,rolling_origin_2023-01-17__inner_1_2022-05-17,Z11_ebm,42117,d20d900ee432699d648080eab4327ff21b3fdba1eb0209f691f01444f32fc8fe,P-V02-W006::C014::C016,P-V02-W006,P-V02,GEO_NW,2021-11-02,2022-05-17,196,1.344624664,30.233445198596936,22.948595216935345,24.7044121,7.284849981661591,5.529033098596937,stable,False,,inner_validation,
rolling_origin_2023-01-17,rolling_origin_2023-01-17__inner_1_2022-05-17,Z11_ebm,42117,d20d900ee432699d648080eab4327ff21b3fdba1eb0209f691f01444f32fc8fe,P-V02-W007::C014::C016,P-V02-W007,P-V02,GEO_NW,2021-11-02,2022-05-17,196,1.311932589,24.60306631989798,14.172373900648108,21.55249868,10.430692419249873,3.050567639897981,stable,False,,inner_validation,
rolling_origin_2023-01-17,rolling_origin_2023-01-17__inner_1_2022-05-17,Z11_ebm,42117,d20d900ee432699d648080eab4327ff21b3fdba1eb0209f691f01444f32fc8fe,P-V03-W001::C014::C016,P-V03-W001,P-V03,GEO_SW,2021-11-02,2022-05-17,196,0.6848986377,23.430150176020412,30.17181779066942,25.50489256,6.741667614649007,2.0747423839795864,stable,False,,inner_validation,
rolling_origin_2023-01-17,rolling_origin_2023-01-17__inner_1_2022-05-17,Z11_ebm,42117,d20d900ee432699d648080eab4327ff21b3fdba1eb0209f691f01444f32fc8fe,P-V03-W002::C014::C016,P-V03-W002,P-V03,GEO_SW,2021-11-02,2022-05-17,196,0.6970051496,34.43474599553576,36.508677978600055,37.57939238,2.0739319830642913,3.144646384464238,stable,False,,inner_validation,
rolling_origin_2023-01-17,rolling_origin_2023-01-17__inner_1_2022-05-17,Z11_ebm,42117,d20d900ee432699d648080eab4327ff21b3fdba1eb0209f691f01444f32fc8fe,P-V03-W003::C014::C016,P-V03-W003,P-V03,GEO_SW,2021-11-02,2022-05-17,196,0.7039428548,36.23357336096964,39.12773990865605,41.11248715,2.894166547686403,4.878913789030356,stable,False,,inner_validation,
rolling_origin_2023-01-17,rolling_origin_2023-01-17__inner_1_2022-05-17,Z11_ebm,42117,d20d900ee432699d648080eab4327ff21b3fdba1eb0209f691f01444f32fc8fe,P-V03-W004::C014::C016,P-V03-W004,P-V03,GEO_SW,2021-11-02,2022-05-17,196,0.7063247148,18.934889843112156,25.198428736410644,22.89783638,6.263538893298488,3.962946536887845,stable,False,,inner_validation,
rolling_origin_2023-01-17,rolling_origin_2023-01-17__inner_1_2022-05-17,Z11_ebm,42117,d20d900ee432699d648080eab4327ff21b3fdba1eb0209f691f01444f32fc8fe,P-V03-W005::C014::C016,P-V03-W005,P-V03,GEO_NW,2021-11-02,2022-05-17,196,0.7013643625,33.24534067767852,35.97351660959626,34.0300383,2.7281759319177397,0.784697622321481,stable,False,,inner_validation,
rolling_origin_2023-01-17,rolling_origin_2023-01-17__inner_1_2022-05-17,Z11_ebm,42117,d20d900ee432699d648080eab4327ff21b3fdba1eb0209f691f01444f32fc8fe,P-V03-W006::C014::C016,P-V03-W006,P-V03,GEO_NW,2021-11-02,2022-05-17,196,0.6942377476,31.799807524362265,36.79820959474692,36.18461744,4.998402070384657,4.384809915637732,stable,False,,inner_validation,
rolling_origin_2023-01-17,rolling_origin_2023-01-17__inner_1_2022-05-17,Z11_ebm,42117,d20d900ee432699d648080eab4327ff21b3fdba1eb0209f691f01444f32fc8fe,P-V03-W007::C014::C016,P-V03-W007,P-V03,GEO_NW,2021-11-02,2022-05-17,196,0.6843368921,0.2086716110969202,9.03817819167959,6.876204918,8.82950658058267,6.6675333069030795,stable,False,,inner_validation,
rolling_origin_2023-01-17,rolling_origin_2023-01-17__inner_1_2022-05-17,Z11_ebm,42117,d20d900ee432699d648080eab4327ff21b3fdba1eb0209f691f01444f32fc8fe,P-V04-W001::C014::C016,P-V04-W001,P-V04,GEO_NE,2021-11-02,2022-05-17,196,0.7408814776,3.830866669515303,7.642496843763197,-1.467361778,3.8116301742478935,5.298228447515303,stable,False,,inner_validation,
rolling_origin_2023-01-17,rolling_origin_2023-01-17__inner_1_2022-05-17,Z11_ebm,42117,d20d900ee432699d648080eab4327ff21b3fdba1eb0209f691f01444f32fc8fe,P-V04-W003::C014::C016,P-V04-W003,P-V04,GEO_NE,2021-11-02,2022-05-17,196,0.753264248,3.7042341218111807,3.8989767762328857,-1.057024308,0.19474265442170502,4.76125842981118,stable,False,,inner_validation,
rolling_origin_2023-01-17,rolling_origin_2023-01-17__inner_1_2022-05-17,Z11_ebm,42117,d20d900ee432699d648080eab4327ff21b3fdba1eb0209f691f01444f32fc8fe,P-V04-W004::C014::C016,P-V04-W004,P-V04,GEO_NE,2021-11-02,2022-05-17,196,0.7501248478,3.084723533801051,5.26274331221257,0.09418468707,2.178019778411519,2.990538846731051,stable,False,,inner_validation,
rolling_origin_2023-01-17,rolling_origin_2023-01-17__inner_1_2022-05-17,Z11_ebm,42117,d20d900ee432699d648080eab4327ff21b3fdba1eb0209f691f01444f32fc8fe,P-V04-W006::C014::C016,P-V04-W006,P-V04,GEO_NE,2021-11-02,2022-05-17,196,0.7411340707,2.375921060969378,3.958613773301662,0.7289715564,1.582692712332284,1.646949504569378,stable,False,,inner_validation,
rolling_origin_2023-01-17,rolling_origin_2023-01-17__inner_1_2022-05-17,Z11_ebm,42117,d20d900ee432699d648080eab4327ff21b3fdba1eb0209f691f01444f32fc8fe,P-V04-W007::C014::C016,P-V04-W007,P-V04,GEO_NE,2021-11-02,2022-05-17,196,0.7263118869,37.46624347308684,38.854520289458435,36.67592187,1.3882768163715937,0.7903216030868379,stable,False,,inner_validation,
rolling_origin_2023-01-17,rolling_origin_2023-01-17__inner_1_2022-05-17,Z11_ebm,42117,d20d900ee432699d648080eab4327ff21b3fdba1eb0209f691f01444f32fc8fe,P-V05-W001::C014::C016,P-V05-W001,P-V05,GEO_SE,2021-11-02,2022-05-17,196,0.7006377045,25.445679807397745,20.460212726425638,21.99392152,4.985467080972107,3.4517582873977446,stable,False,,inner_validation,
rolling_origin_2023-01-17,rolling_origin_2023-01-17__inner_1_2022-05-17,Z11_ebm,42117,d20d900ee432699d648080eab4327ff21b3fdba1eb0209f691f01444f32fc8fe,P-V05-W002::C014::C016,P-V05-W002,P-V05,GEO_NE,2021-11-02,2022-05-17,196,0.7191154775,26.934030696428778,30.319003554536483,27.68889927,3.384972858107705,0.7548685735712226,stable,False,,inner_validation,
rolling_origin_2023-01-17,rolling_origin_2023-01-17__inner_1_2022-05-17,Z11_ebm,42117,d20d900ee432699d648080eab4327ff21b3fdba1eb0209f691f01444f32fc8fe,P-V05-W003::C014::C016,P-V05-W003,P-V05,GEO_NE,2021-11-02,2022-05-17,196,0.7223678876,31.754238673469278,31.393344232836945,34.7640848,0.36089444063233245,3.0098461265307215,stable,False,,inner_validation,
rolling_origin_2023-01-17,rolling_origin_2023-01-17__inner_1_2022-05-17,Z11_ebm,42117,d20d900ee432699d648080eab4327ff21b3fdba1eb0209f691f01444f32fc8fe,P-V05-W004::C014::C016,P-V05-W004,P-V05,GEO_NE,2021-11-02,2022-05-17,196,0.723859108,34.61922426658158,36.828425550986964,35.14872363,2.209201284405381,0.5294993634184166,stable,False,,inner_validation,
rolling_origin_2023-01-17,rolling_origin_2023-01-17__inner_1_2022-05-17,Z11_ebm,42117,d20d900ee432699d648080eab4327ff21b3fdba1eb0209f691f01444f32fc8fe,P-V05-W006::C014::C016,P-V05-W006,P-V05,GEO_NE,2021-11-02,2022-05-17,196,0.7151550946,23.451487484693715,27.351193047001576,23.59521609,3.8997055623078616,0.14372860530628628,stable,False,,inner_validation,
rolling_origin_2023-01-17,rolling_origin_2023-01-17__inner_1_2022-05-17,Z11_ebm,42117,d20d900ee432699d648080eab4327ff21b3fdba1eb0209f691f01444f32fc8fe,P-V05-W007::C014::C016,P-V05-W007,P-V05,GEO_NE,2021-11-02,2022-05-17,196,0.7029566661,29.319096424745027,37.84077928792609,33.28180546,8.521682863181063,3.9627090352549743,stable,False,,inner_validation,
rolling_origin_2023-01-17,rolling_origin_2023-01-17__inner_1_2022-05-17,Z11_ebm,42117,d20d900ee432699d648080eab4327ff21b3fdba1eb0209f691f01444f32fc8fe,P-V06-W001::C014::C016,P-V06-W001,P-V06,GEO_NE,2021-11-02,2022-05-17,196,0.9412347722,0.0435843354589285,5.136954810499045,0.8170106636,5.093370475040117,0.7734263281410715,accelerating,True,,inner_validation,
rolling_origin_2023-01-17,rolling_origin_2023-01-17__inner_1_2022-05-17,Z11_ebm,42117,d20d900ee432699d648080eab4327ff21b3fdba1eb0209f691f01444f32fc8fe,P-V06-W002::C014::C016,P-V06-W002,P-V06,GEO_NE,2021-11-02,2022-05-17,196,0.9685389426,23.82196372767856,23.18912720640068,20.29697583,0.6328365212778806,3.5249878976785602,stable,False,,inner_validation,
rolling_origin_2023-01-17,rolling_origin_2023-01-17__inner_1_2022-05-17,Z11_ebm,42117,d20d900ee432699d648080eab4327ff21b3fdba1eb0209f691f01444f32fc8fe,P-V06-W003::C014::C016,P-V06-W003,P-V06,GEO_NE,2021-11-02,2022-05-17,196,0.9754516935,29.50426829808674,36.005440660896795,29.2617536,6.501172362810056,0.2425146980867403,stable,False,,inner_validation,
rolling_origin_2023-01-17,rolling_origin_2023-01-17__inner_1_2022-05-17,Z11_ebm,42117,d20d900ee432699d648080eab4327ff21b3fdba1eb0209f691f01444f32fc8fe,P-V06-W004::C014::C016,P-V06-W004,P-V06,GEO_NE,2021-11-02,2022-05-17,196,0.976361224,21.564488769260205,22.75396212241095,22.24644204,1.1894733531507455,0.6819532707397968,stable,False,,inner_validation,
rolling_origin_2023-01-17,rolling_origin_2023-01-17__inner_1_2022-05-17,Z11_ebm,42117,d20d900ee432699d648080eab4327ff21b3fdba1eb0209f691f01444f32fc8fe,P-V06-W005::C014::C016,P-V06-W005,P-V06,GEO_NE,2021-11-02,2022-05-17,196,0.9674704408,41.57421245931128,43.100155302285096,41.8456419,1.5259428429738122,0.27142944068871344,stable,False,,inner_validation,
rolling_origin_2023-01-17,rolling_origin_2023-01-17__inner_1_2022-05-17,Z11_ebm,42117,d20d900ee432699d648080eab4327ff21b3fdba1eb0209f691f01444f32fc8fe,P-V06-W006::C014::C016,P-V06-W006,P-V06,GEO_NE,2021-11-02,2022-05-17,196,0.9385164663,14.897693448596922,19.420426314626162,20.57359512,4.522732866029241,5.6759016714030786,stable,False,,inner_validation,
rolling_origin_2023-01-17,rolling_origin_2023-01-17__inner_1_2022-05-17,Z11_ebm,42117,d20d900ee432699d648080eab4327ff21b3fdba1eb0209f691f01444f32fc8fe,P-V06-W007::C014::C016,P-V06-W007,P-V06,GEO_NE,2021-11-02,2022-05-17,196,0.9146979071,16.53640769961731,14.930822064134247,16.34794751,1.605585635483063,0.18846018961730948,stable,False,,inner_validation,
rolling_origin_2023-01-17,rolling_origin_2023-01-17__inner_1_2022-05-17,Z11_ebm,42117,d20d900ee432699d648080eab4327ff21b3fdba1eb0209f691f01444f32fc8fe,P-D01-W002::C015::C016,P-D01-W002,P-D01,GEO_SW,2022-03-01,2022-05-17,77,0.7183573579,45.15365983344151,29.569264653071045,45.90072842,15.584395180370464,0.7470685865584912,stable,False,,inner_validation,
rolling_origin_2023-01-17,rolling_origin_2023-01-17__inner_1_2022-05-17,Z11_ebm,42117,d20d900ee432699d648080eab4327ff21b3fdba1eb0209f691f01444f32fc8fe,P-D01-W003::C015::C016,P-D01-W003,P-D01,GEO_SW,2022-03-01,2022-05-17,77,0.7277254979,-3.4170584269481186,1.5498795317385623,4.072950465,4.966937958686681,7.4900088919481185,stable,False,,inner_validation,
rolling_origin_2023-01-17,rolling_origin_2023-01-17__inner_1_2022-05-17,Z11_ebm,42117,d20d900ee432699d648080eab4327ff21b3fdba1eb0209f691f01444f32fc8fe,P-D01-W004::C015::C016,P-D01-W004,P-D01,GEO_SW,2022-03-01,2022-05-17,77,0.7336334223,0.3622094123377806,0.1864403914903811,3.651267826,0.17576902084739948,3.28905841366222,stable,False,,inner_validation,
rolling_origin_2023-01-17,rolling_origin_2023-01-17__inner_1_2022-05-17,Z11_ebm,42117,d20d900ee432699d648080eab4327ff21b3fdba1eb0209f691f01444f32fc8fe,P-D01-W005::C015::C016,P-D01-W005,P-D01,GEO_SW,2022-03-01,2022-05-17,77,0.7306822678,39.076032177272594,26.35314641325523,39.04444654,12.722885764017363,0.03158563727259178,stable,False,,inner_validation,
rolling_origin_2023-01-17,rolling_origin_2023-01-17__inner_1_2022-05-17,Z11_ebm,42117,d20d900ee432699d648080eab4327ff21b3fdba1eb0209f691f01444f32fc8fe,P-D01-W006::C015::C016,P-D01-W006,P-D01,GEO_SW,2022-03-01,2022-05-17,77,0.7157290256,61.19684153961036,39.51147171463098,44.81280327,21.685369824979382,16.384038269610357,accelerating,True,,inner_validation,
rolling_origin_2023-01-17,rolling_origin_2023-01-17__inner_1_2022-05-17,Z11_ebm,42117,d20d900ee432699d648080eab4327ff21b3fdba1eb0209f691f01444f32fc8fe,P-D01-W007::C015::C016,P-D01-W007,P-D01,GEO_SW,2022-03-01,2022-05-17,77,0.6892938511,21.97274887110391,12.481992553118044,16.18846739,9.490756317985866,5.7842814811039105,volatile_or_gap,True,,inner_validation,
rolling_origin_2023-01-17,rolling_origin_2023-01-17__inner_1_2022-05-17,Z11_ebm,42117,d20d900ee432699d648080eab4327ff21b3fdba1eb0209f691f01444f32fc8fe,P-H04-W001::C015::C016,P-H04-W001,P-H04,GEO_SW,2022-03-01,2022-05-17,77,0.736618067,29.456789677597413,16.956229737278058,25.17007325,12.500559940319356,4.286716427597412,stable,False,,inner_validation,
rolling_origin_2023-01-17,rolling_origin_2023-01-17__inner_1_2022-05-17,Z11_ebm,42117,d20d900ee432699d648080eab4327ff21b3fdba1eb0209f691f01444f32fc8fe,P-H04-W002::C015::C016,P-H04-W002,P-H04,GEO_SW,2022-03-01,2022-05-17,77,0.7560024068,36.474016317857085,22.52392370786165,25.32833374,13.950092609995437,11.145682577857084,decelerating,True,,inner_validation,
rolling_origin_2023-01-17,rolling_origin_2023-01-17__inner_1_2022-05-17,Z11_ebm,42117,d20d900ee432699d648080eab4327ff21b3fdba1eb0209f691f01444f32fc8fe,P-H04-W003::C015::C016,P-H04-W003,P-H04,GEO_SW,2022-03-01,2022-05-17,77,0.7772055578,40.50964032467545,26.083614146365488,36.16711541,14.426026178309964,4.342524914675451,stable,False,,inner_validation,
rolling_origin_2023-01-17,rolling_origin_2023-01-17__inner_1_2022-05-17,Z11_ebm,42117,d20d900ee432699d648080eab4327ff21b3fdba1eb0209f691f01444f32fc8fe,P-H04-W004::C015::C016,P-H04-W004,P-H04,GEO_SW,2022-03-01,2022-05-17,77,0.7847394836,22.48226503149358,12.601012272898183,22.40874572,9.881252758595396,0.07351931149358037,stable,False,,inner_validation,
rolling_origin_2023-01-17,rolling_origin_2023-01-17__inner_1_2022-05-17,Z11_ebm,42117,d20d900ee432699d648080eab4327ff21b3fdba1eb0209f691f01444f32fc8fe,P-H04-W005::C015::C016,P-H04-W005,P-H04,GEO_SW,2022-03-01,2022-05-17,77,0.7829415869,36.97036355551935,22.894037475678147,32.23603657,14.076326079841202,4.7343269855193455,stable,False,,inner_validation,
rolling_origin_2023-01-17,rolling_origin_2023-01-17__inner_1_2022-05-17,Z11_ebm,42117,d20d900ee432699d648080eab4327ff21b3fdba1eb0209f691f01444f32fc8fe,P-H04-W006::C015::C016,P-H04-W006,P-H04,GEO_SW,2022-03-01,2022-05-17,77,0.7703412328,48.01577401266236,16.498330332058657,24.37962319,31.517443680603705,23.636150822662362,stable,False,,inner_validation,
rolling_origin_2023-01-17,rolling_origin_2023-01-17__inner_1_2022-05-17,Z11_ebm,42117,d20d900ee432699d648080eab4327ff21b3fdba1eb0209f691f01444f32fc8fe,P-H04-W007::C015::C016,P-H04-W007,P-H04,GEO_SW,2022-03-01,2022-05-17,77,0.747462582,35.852579493506504,25.806594940637073,30.56424078,10.045984552869431,5.288338713506505,decelerating,True,,inner_validation,
rolling_origin_2023-01-17,rolling_origin_2023-01-17__inner_2_2022-07-19,Z11_ebm,42117,d20d900ee432699d648080eab4327ff21b3fdba1eb0209f691f01444f32fc8fe,P-D01-W002::C016::C017,P-D01-W002,P-D01,GEO_SW,2022-05-17,2022-07-19,63,0.7523242762,45.01997464404754,33.97339454878548,45.15365961,11.046580095262058,0.1336849659524617,stable,False,,inner_validation,
rolling_origin_2023-01-17,rolling_origin_2023-01-17__inner_2_2022-07-19,Z11_ebm,42117,d20d900ee432699d648080eab4327ff21b3fdba1eb0209f691f01444f32fc8fe,P-D01-W005::C016::C017,P-D01-W005,P-D01,GEO_SW,2022-05-17,2022-07-19,63,0.7668001593,42.74465846547624,28.53884155960021,39.07603216,14.20581690587603,3.668626305476245,stable,False,,inner_validation,
rolling_origin_2023-01-17,rolling_origin_2023-01-17__inner_2_2022-07-19,Z11_ebm,42117,d20d900ee432699d648080eab4327ff21b3fdba1eb0209f691f01444f32fc8fe,P-D01-W006::C016::C017,P-D01-W006,P-D01,GEO_SW,2022-05-17,2022-07-19,63,0.7512941698,77.38306336785723,65.19134419263192,61.19684164,12.191719175225316,16.18622172785723,accelerating,True,,inner_validation,
rolling_origin_2023-01-17,rolling_origin_2023-01-17__inner_2_2022-07-19,Z11_ebm,42117,d20d900ee432699d648080eab4327ff21b3fdba1eb0209f691f01444f32fc8fe,P-D01-W007::C016::C017,P-D01-W007,P-D01,GEO_SW,2022-05-17,2022-07-19,63,0.7234503939,21.53602413690472,9.897427250018836,21.97274873,11.638596886885885,0.43672459309527767,accelerating,True,,inner_validation,
rolling_origin_2023-01-17,rolling_origin_2023-01-17__inner_2_2022-07-19,Z11_ebm,42117,d20d900ee432699d648080eab4327ff21b3fdba1eb0209f691f01444f32fc8fe,P-H03-W001::C016::C017,P-H03-W001,P-H03,GEO_SE,2022-05-17,2022-07-19,63,0.69222479,40.55512037976189,43.83008478241045,46.94378892,3.274964402648564,6.388668540238115,stable,False,,inner_validation,
rolling_origin_2023-01-17,rolling_origin_2023-01-17__inner_2_2022-07-19,Z11_ebm,42117,d20d900ee432699d648080eab4327ff21b3fdba1eb0209f691f01444f32fc8fe,P-H03-W002::C016::C017,P-H03-W002,P-H03,GEO_SE,2022-05-17,2022-07-19,63,0.7163387265,48.26499652619066,40.185405534722854,47.21377091,8.079590991467803,1.0512256161906564,volatile_or_gap,True,,inner_validation,
rolling_origin_2023-01-17,rolling_origin_2023-01-17__inner_2_2022-07-19,Z11_ebm,42117,d20d900ee432699d648080eab4327ff21b3fdba1eb0209f691f01444f32fc8fe,P-H03-W004::C016::C017,P-H03-W004,P-H03,GEO_SE,2022-05-17,2022-07-19,63,0.7282928385,49.36371896547652,34.48811402475572,41.23788352,14.875604940720805,8.125835445476525,volatile_or_gap,True,,inner_validation,
rolling_origin_2023-01-17,rolling_origin_2023-01-17__inner_2_2022-07-19,Z11_ebm,42117,d20d900ee432699d648080eab4327ff21b3fdba1eb0209f691f01444f32fc8fe,P-H03-W006::C016::C017,P-H03-W006,P-H03,GEO_SE,2022-05-17,2022-07-19,63,0.7204949187,54.21573417142855,39.07053459004947,43.12548609,15.145199581379082,11.090248081428548,volatile_or_gap,True,,inner_validation,
rolling_origin_2023-01-17,rolling_origin_2023-01-17__inner_2_2022-07-19,Z11_ebm,42117,d20d900ee432699d648080eab4327ff21b3fdba1eb0209f691f01444f32fc8fe,P-H04-W002::C016::C017,P-H04-W002,P-H04,GEO_SW,2022-05-17,2022-07-19,63,0.7366048688,10.18757097261926,39.07358175680608,36.47401633,28.886010784186816,26.286445357380735,accelerating,True,,inner_validation,
rolling_origin_2023-01-17,rolling_origin_2023-01-17__inner_2_2022-07-19,Z11_ebm,42117,d20d900ee432699d648080eab4327ff21b3fdba1eb0209f691f01444f32fc8fe,P-H04-W003::C016::C017,P-H04-W003,P-H04,GEO_SW,2022-05-17,2022-07-19,63,0.7535778274,7.336359901190802,32.04567486632719,40.50964005,24.709314965136386,33.1732801488092,stable,False,,inner_validation,
rolling_origin_2023-01-17,rolling_origin_2023-01-17__inner_2_2022-07-19,Z11_ebm,42117,d20d900ee432699d648080eab4327ff21b3fdba1eb0209f691f01444f32fc8fe,P-H04-W004::C016::C017,P-H04-W004,P-H04,GEO_SW,2022-05-17,2022-07-19,63,0.7555283422,1.3808021154761807,14.996125901329048,22.48226526,13.615323785852867,21.10146314452382,stable,False,,inner_validation,
rolling_origin_2023-01-17,rolling_origin_2023-01-17__inner_2_2022-07-19,Z11_ebm,42117,d20d900ee432699d648080eab4327ff21b3fdba1eb0209f691f01444f32fc8fe,P-H04-W005::C016::C017,P-H04-W005,P-H04,GEO_SW,2022-05-17,2022-07-19,63,0.7497234689,20.435660971428582,29.5569089844284,36.97036362,9.121248012999818,16.534702648571418,accelerating,True,,inner_validation,
rolling_origin_2023-01-17,rolling_origin_2023-01-17__inner_2_2022-07-19,Z11_ebm,42117,d20d900ee432699d648080eab4327ff21b3fdba1eb0209f691f01444f32fc8fe,P-H04-W006::C016::C017,P-H04-W006,P-H04,GEO_SW,2022-05-17,2022-07-19,63,0.7292922394,33.15061584404759,34.35144673272721,48.01577365,1.2008308886796186,14.865157805952407,accelerating,True,,inner_validation,
rolling_origin_2023-01-17,rolling_origin_2023-01-17__inner_3_2022-10-18,Z11_ebm,42117,d20d900ee432699d648080eab4327ff21b3fdba1eb0209f691f01444f32fc8fe,P-D01-W003::C016::C018,P-D01-W003,P-D01,GEO_SW,2022-05-17,2022-10-18,154,0.7627195049,7.043165793993441,5.000570170880575,-3.417058505,2.0425956231128657,10.460224298993442,decelerating,True,,inner_validation,
rolling_origin_2023-01-17,rolling_origin_2023-01-17__inner_3_2022-10-18,Z11_ebm,42117,d20d900ee432699d648080eab4327ff21b3fdba1eb0209f691f01444f32fc8fe,P-D01-W004::C016::C018,P-D01-W004,P-D01,GEO_SW,2022-05-17,2022-10-18,154,0.7696272298,5.209091854383137,2.6758551125843044,0.36220908,2.533236741798832,4.846882774383136,stable,False,,inner_validation,
rolling_origin_2023-01-17,rolling_origin_2023-01-17__inner_3_2022-10-18,Z11_ebm,42117,d20d900ee432699d648080eab4327ff21b3fdba1eb0209f691f01444f32fc8fe,P-H01-W001::C016::C018,P-H01-W001,P-H01,GEO_SW,2022-05-17,2022-10-18,154,1.368706262,17.84098181444804,23.887640349733,23.13233246,6.046658535284962,5.291350645551962,stable,False,,inner_validation,
rolling_origin_2023-01-17,rolling_origin_2023-01-17__inner_3_2022-10-18,Z11_ebm,42117,d20d900ee432699d648080eab4327ff21b3fdba1eb0209f691f01444f32fc8fe,P-H01-W002::C016::C018,P-H01-W002,P-H01,GEO_SW,2022-05-17,2022-10-18,154,1.450769379,124.33711452905848,102.52349170035826,100.9477933,21.81362282870022,23.38932122905848,accelerating,True,,inner_validation,
rolling_origin_2023-01-17,rolling_origin_2023-01-17__inner_3_2022-10-18,Z11_ebm,42117,d20d900ee432699d648080eab4327ff21b3fdba1eb0209f691f01444f32fc8fe,P-H01-W003::C016::C018,P-H01-W003,P-H01,GEO_SW,2022-05-17,2022-10-18,154,1.512841764,70.08737779626617,89.26339615140402,94.16792811,19.176018355137856,24.080550313733838,volatile_or_gap,True,,inner_validation,
rolling_origin_2023-01-17,rolling_origin_2023-01-17__inner_3_2022-10-18,Z11_ebm,42117,d20d900ee432699d648080eab4327ff21b3fdba1eb0209f691f01444f32fc8fe,P-H01-W005::C016::C018,P-H01-W005,P-H01,GEO_SW,2022-05-17,2022-10-18,154,1.509148816,39.33312216525973,41.93527572506977,41.56917803,2.6021535598100414,2.2360558647402726,volatile_or_gap,True,,inner_validation,
rolling_origin_2023-01-17,rolling_origin_2023-01-17__inner_3_2022-10-18,Z11_ebm,42117,d20d900ee432699d648080eab4327ff21b3fdba1eb0209f691f01444f32fc8fe,P-H01-W006::C016::C018,P-H01-W006,P-H01,GEO_SW,2022-05-17,2022-10-18,154,1.461306554,23.013270936526023,26.919223064214098,26.62191227,3.9059521276880744,3.608641333473976,stable,False,,inner_validation,
rolling_origin_2023-01-17,rolling_origin_2023-01-17__inner_3_2022-10-18,Z11_ebm,42117,d20d900ee432699d648080eab4327ff21b3fdba1eb0209f691f01444f32fc8fe,P-H01-W007::C016::C018,P-H01-W007,P-H01,GEO_SW,2022-05-17,2022-10-18,154,1.356209329,39.82922416363641,41.32583950580822,39.02694972,1.4966153421718076,0.8022744436364135,stable,False,,inner_validation,
rolling_origin_2023-01-17,rolling_origin_2023-01-17__inner_3_2022-10-18,Z11_ebm,42117,d20d900ee432699d648080eab4327ff21b3fdba1eb0209f691f01444f32fc8fe,P-H02-W001::C016::C018,P-H02-W001,P-H02,GEO_SW,2022-05-17,2022-10-18,154,0.7299810702,25.48239627564928,32.95551722575994,31.13645673,7.473120950110662,5.65406045435072,stable,False,,inner_validation,
rolling_origin_2023-01-17,rolling_origin_2023-01-17__inner_3_2022-10-18,Z11_ebm,42117,d20d900ee432699d648080eab4327ff21b3fdba1eb0209f691f01444f32fc8fe,P-H02-W002::C016::C018,P-H02-W002,P-H02,GEO_SW,2022-05-17,2022-10-18,154,0.7543741622,46.6136248003247,32.23308391021887,30.16614369,14.380540890105827,16.447481110324702,volatile_or_gap,True,,inner_validation,
rolling_origin_2023-01-17,rolling_origin_2023-01-17__inner_3_2022-10-18,Z11_ebm,42117,d20d900ee432699d648080eab4327ff21b3fdba1eb0209f691f01444f32fc8fe,P-H02-W003::C016::C018,P-H02-W003,P-H02,GEO_SW,2022-05-17,2022-10-18,154,0.7663772215,93.99135734415582,91.80525071867228,67.31846991,2.186106625483532,26.67288743415581,accelerating,True,,inner_validation,
rolling_origin_2023-01-17,rolling_origin_2023-01-17__inner_3_2022-10-18,Z11_ebm,42117,d20d900ee432699d648080eab4327ff21b3fdba1eb0209f691f01444f32fc8fe,P-H02-W004::C016::C018,P-H02-W004,P-H02,GEO_SW,2022-05-17,2022-10-18,154,0.7689854562,19.1130892193182,22.7943705435993,20.37862631,3.681281324281098,1.2655370906818,stable,False,,inner_validation,
rolling_origin_2023-01-17,rolling_origin_2023-01-17__inner_3_2022-10-18,Z11_ebm,42117,d20d900ee432699d648080eab4327ff21b3fdba1eb0209f691f01444f32fc8fe,P-H02-W006::C016::C018,P-H02-W006,P-H02,GEO_SW,2022-05-17,2022-10-18,154,0.7540670304,13.72544466525971,12.187460931332302,17.98008013,1.5379837339274083,4.254635464740291,stable,False,,inner_validation,
rolling_origin_2023-01-17,rolling_origin_2023-01-17__inner_3_2022-10-18,Z11_ebm,42117,d20d900ee432699d648080eab4327ff21b3fdba1eb0209f691f01444f32fc8fe,P-H02-W007::C016::C018,P-H02-W007,P-H02,GEO_SW,2022-05-17,2022-10-18,154,0.7281005173,38.974222534577926,35.76655908851359,33.40948927,3.2076634460643376,5.564733264577924,stable,False,,inner_validation,
rolling_origin_2023-01-17,rolling_origin_2023-01-17__inner_3_2022-10-18,Z11_ebm,42117,d20d900ee432699d648080eab4327ff21b3fdba1eb0209f691f01444f32fc8fe,P-H03-W003::C016::C018,P-H03-W003,P-H03,GEO_SE,2022-05-17,2022-10-18,154,0.7231692143,40.302616387500095,35.264610212835365,43.85530117,5.03800617466473,3.5526847824999024,volatile_or_gap,True,,inner_validation,
rolling_origin_2023-01-17,rolling_origin_2023-01-17__inner_3_2022-10-18,Z11_ebm,42117,d20d900ee432699d648080eab4327ff21b3fdba1eb0209f691f01444f32fc8fe,P-H03-W005::C016::C018,P-H03-W005,P-H03,GEO_SE,2022-05-17,2022-10-18,154,0.7248173232,41.961835902272696,48.154872348862774,45.00768563,6.193036446590078,3.045849727727301,volatile_or_gap,True,,inner_validation,
rolling_origin_2023-01-17,rolling_origin_2023-01-17__inner_3_2022-10-18,Z11_ebm,42117,d20d900ee432699d648080eab4327ff21b3fdba1eb0209f691f01444f32fc8fe,P-H04-W001::C016::C018,P-H04-W001,P-H04,GEO_SW,2022-05-17,2022-10-18,154,0.7191476325,9.517638487987064,17.30814019697057,29.45678962,7.790501708983506,19.939151132012935,stable,False,,inner_validation,
rolling_origin_2023-01-17,rolling_origin_2023-01-17__inner_3_2022-10-18,Z11_ebm,42117,d20d900ee432699d648080eab4327ff21b3fdba1eb0209f691f01444f32fc8fe,P-H04-W007::C016::C018,P-H04-W007,P-H04,GEO_SW,2022-05-17,2022-10-18,154,0.6971430642,19.2938784823052,24.904820841911665,35.85257954,5.610942359606465,16.5587010576948,accelerating,True,,inner_validation,
rolling_origin_2023-01-17,rolling_origin_2023-01-17__inner_3_2022-10-18,Z11_ebm,42117,d20d900ee432699d648080eab4327ff21b3fdba1eb0209f691f01444f32fc8fe,P-H05-W001::C016::C018,P-H05-W001,P-H05,GEO_NE,2022-05-17,2022-10-18,154,0.8607452163,44.48951579707786,33.87754681198155,36.34698676,10.611968985096304,8.142529037077857,stable,False,,inner_validation,
rolling_origin_2023-01-17,rolling_origin_2023-01-17__inner_3_2022-10-18,Z11_ebm,42117,d20d900ee432699d648080eab4327ff21b3fdba1eb0209f691f01444f32fc8fe,P-H05-W003::C016::C018,P-H05-W003,P-H05,GEO_NE,2022-05-17,2022-10-18,154,0.9385456286,27.35038249188276,24.160841506616944,26.13137406,3.1895409852658148,1.2190084318827594,volatile_or_gap,True,,inner_validation,
rolling_origin_2023-01-17,rolling_origin_2023-01-17__inner_3_2022-10-18,Z11_ebm,42117,d20d900ee432699d648080eab4327ff21b3fdba1eb0209f691f01444f32fc8fe,P-H05-W004::C016::C018,P-H05-W004,P-H05,GEO_NE,2022-05-17,2022-10-18,154,0.9518200242,34.9152910714284,26.273738765847877,27.45017526,8.641552305580522,7.465115811428397,stable,False,,inner_validation,
rolling_origin_2023-01-17,rolling_origin_2023-01-17__inner_3_2022-10-18,Z11_ebm,42117,d20d900ee432699d648080eab4327ff21b3fdba1eb0209f691f01444f32fc8fe,P-H05-W005::C016::C018,P-H05-W005,P-H05,GEO_NE,2022-05-17,2022-10-18,154,0.941470774,31.227537331169312,17.473017513073927,16.76894609,13.754519818095385,14.458591241169312,stable,False,,inner_validation,
rolling_origin_2023-01-17,rolling_origin_2023-01-17__inner_3_2022-10-18,Z11_ebm,42117,d20d900ee432699d648080eab4327ff21b3fdba1eb0209f691f01444f32fc8fe,P-H05-W006::C016::C018,P-H05-W006,P-H05,GEO_NE,2022-05-17,2022-10-18,154,0.911930806,24.491992913960857,17.046971752578617,19.4379716,7.44502116138224,5.054021313960856,stable,False,,inner_validation,
rolling_origin_2023-01-17,rolling_origin_2023-01-17__inner_3_2022-10-18,Z11_ebm,42117,d20d900ee432699d648080eab4327ff21b3fdba1eb0209f691f01444f32fc8fe,P-H05-W007::C016::C018,P-H05-W007,P-H05,GEO_NE,2022-05-17,2022-10-18,154,0.8653420454,28.97879838701319,18.08959005924283,19.08615134,10.889208327770358,9.892647047013188,stable,False,,inner_validation,
rolling_origin_2023-01-17,rolling_origin_2023-01-17__inner_3_2022-10-18,Z11_ebm,42117,d20d900ee432699d648080eab4327ff21b3fdba1eb0209f691f01444f32fc8fe,P-H06-W001::C016::C018,P-H06-W001,P-H06,GEO_NE,2022-05-17,2022-10-18,154,1.057078752,3.623761228733787,6.534430967442745,2.526655277,2.910669738708958,1.0971059517337869,stable,False,,inner_validation,
rolling_origin_2023-01-17,rolling_origin_2023-01-17__inner_3_2022-10-18,Z11_ebm,42117,d20d900ee432699d648080eab4327ff21b3fdba1eb0209f691f01444f32fc8fe,P-H06-W002::C016::C018,P-H06-W002,P-H06,GEO_NE,2022-05-17,2022-10-18,154,1.111849815,4.010419147889608,4.078063572620967,1.636657848,0.06764442473135901,2.373761299889608,stable,False,,inner_validation,
rolling_origin_2023-01-17,rolling_origin_2023-01-17__inner_3_2022-10-18,Z11_ebm,42117,d20d900ee432699d648080eab4327ff21b3fdba1eb0209f691f01444f32fc8fe,P-H06-W003::C016::C018,P-H06-W003,P-H06,GEO_NE,2022-05-17,2022-10-18,154,1.138827426,2.3222642435064644,2.7160941021418337,1.765618414,0.39382985863536923,0.5566458295064645,stable,False,,inner_validation,
rolling_origin_2023-01-17,rolling_origin_2023-01-17__inner_3_2022-10-18,Z11_ebm,42117,d20d900ee432699d648080eab4327ff21b3fdba1eb0209f691f01444f32fc8fe,P-H06-W004::C016::C018,P-H06-W004,P-H06,GEO_NE,2022-05-17,2022-10-18,154,1.145028248,-0.4427743125000178,0.4223526999989788,2.410764816,0.8651270124989966,2.853539128500018,stable,False,,inner_validation,
rolling_origin_2023-01-17,rolling_origin_2023-01-17__inner_3_2022-10-18,Z11_ebm,42117,d20d900ee432699d648080eab4327ff21b3fdba1eb0209f691f01444f32fc8fe,P-H06-W005::C016::C018,P-H06-W005,P-H06,GEO_NE,2022-05-17,2022-10-18,154,1.133864673,-0.3362149967532031,1.5742784166302763,2.499108018,1.9104934133834794,2.835323014753203,stable,False,,inner_validation,
rolling_origin_2023-01-17,rolling_origin_2023-01-17__inner_3_2022-10-18,Z11_ebm,42117,d20d900ee432699d648080eab4327ff21b3fdba1eb0209f691f01444f32fc8fe,P-H06-W007::C016::C018,P-H06-W007,P-H06,GEO_NE,2022-05-17,2022-10-18,154,1.041156933,2.103508476331172,-0.7178855255136374,1.035606285,2.8213940018448094,1.067902191331172,stable,False,,inner_validation,
rolling_origin_2023-01-17,rolling_origin_2023-01-17__inner_3_2022-10-18,Z11_ebm,42117,d20d900ee432699d648080eab4327ff21b3fdba1eb0209f691f01444f32fc8fe,P-H07-W001::C016::C018,P-H07-W001,P-H07,GEO_NE,2022-05-17,2022-10-18,154,0.7282527176,28.919479889610425,41.2820834695888,40.7491784,12.362603579978373,11.829698510389573,accelerating,True,,inner_validation,
rolling_origin_2023-01-17,rolling_origin_2023-01-17__inner_3_2022-10-18,Z11_ebm,42117,d20d900ee432699d648080eab4327ff21b3fdba1eb0209f691f01444f32fc8fe,P-H07-W002::C016::C018,P-H07-W002,P-H07,GEO_NE,2022-05-17,2022-10-18,154,0.7421759922,31.595683241883155,33.55401334503748,39.31478662,1.9583301031543279,7.719103378116845,stable,False,,inner_validation,
rolling_origin_2023-01-17,rolling_origin_2023-01-17__inner_3_2022-10-18,Z11_ebm,42117,d20d900ee432699d648080eab4327ff21b3fdba1eb0209f691f01444f32fc8fe,P-H07-W003::C016::C018,P-H07-W003,P-H07,GEO_NE,2022-05-17,2022-10-18,154,0.7542487143,3.726289275487054,1.0197953756207334,5.657607178,2.7064938998663206,1.931317902512946,stable,False,,inner_validation,
rolling_origin_2023-01-17,rolling_origin_2023-01-17__inner_3_2022-10-18,Z11_ebm,42117,d20d900ee432699d648080eab4327ff21b3fdba1eb0209f691f01444f32fc8fe,P-H07-W004::C016::C018,P-H07-W004,P-H07,GEO_NE,2022-05-17,2022-10-18,154,0.7551761935,29.791634275324707,31.050379353047646,34.8080854,1.2587450777229385,5.016451124675296,stable,False,,inner_validation,
rolling_origin_2023-01-17,rolling_origin_2023-01-17__inner_3_2022-10-18,Z11_ebm,42117,d20d900ee432699d648080eab4327ff21b3fdba1eb0209f691f01444f32fc8fe,P-H07-W005::C016::C018,P-H07-W005,P-H07,GEO_NE,2022-05-17,2022-10-18,154,0.7485541433,0.2997422227597383,7.369122344245398,7.524883256,7.06938012148566,7.225141033240262,accelerating,True,,inner_validation,
rolling_origin_2023-01-17,rolling_origin_2023-01-17__inner_3_2022-10-18,Z11_ebm,42117,d20d900ee432699d648080eab4327ff21b3fdba1eb0209f691f01444f32fc8fe,P-H07-W006::C016::C018,P-H07-W006,P-H07,GEO_NE,2022-05-17,2022-10-18,154,0.7312347569,17.771830288977288,20.960560343053835,22.9234954,3.1887300540765473,5.151665111022712,stable,False,,inner_validation,
rolling_origin_2023-01-17,rolling_origin_2023-01-17__inner_3_2022-10-18,Z11_ebm,42117,d20d900ee432699d648080eab4327ff21b3fdba1eb0209f691f01444f32fc8fe,P-V01-W001::C016::C018,P-V01-W001,P-V01,GEO_SW,2022-05-17,2022-10-18,154,0.7029270976,38.53252167759743,29.270034309303693,33.83841113,9.262487368293737,4.6941105475974325,stable,False,,inner_validation,
rolling_origin_2023-01-17,rolling_origin_2023-01-17__inner_3_2022-10-18,Z11_ebm,42117,d20d900ee432699d648080eab4327ff21b3fdba1eb0209f691f01444f32fc8fe,P-V01-W002::C016::C018,P-V01-W002,P-V01,GEO_SW,2022-05-17,2022-10-18,154,0.7347884306,39.66788351444808,34.15848766977729,32.03870597,5.509395844670792,7.629177544448076,stable,False,,inner_validation,
rolling_origin_2023-01-17,rolling_origin_2023-01-17__inner_3_2022-10-18,Z11_ebm,42117,d20d900ee432699d648080eab4327ff21b3fdba1eb0209f691f01444f32fc8fe,P-V01-W003::C016::C018,P-V01-W003,P-V01,GEO_SW,2022-05-17,2022-10-18,154,0.7533561413,21.63937215146105,29.115809498396345,18.79877866,7.476437346935295,2.84059349146105,stable,False,,inner_validation,
rolling_origin_2023-01-17,rolling_origin_2023-01-17__inner_3_2022-10-18,Z11_ebm,42117,d20d900ee432699d648080eab4327ff21b3fdba1eb0209f691f01444f32fc8fe,P-V01-W004::C016::C018,P-V01-W004,P-V01,GEO_SW,2022-05-17,2022-10-18,154,0.7571370238,23.55181474772725,29.437303112304917,23.10346318,5.885488364577668,0.4483515677272507,stable,False,,inner_validation,
rolling_origin_2023-01-17,rolling_origin_2023-01-17__inner_3_2022-10-18,Z11_ebm,42117,d20d900ee432699d648080eab4327ff21b3fdba1eb0209f691f01444f32fc8fe,P-V01-W005::C016::C018,P-V01-W005,P-V01,GEO_SW,2022-05-17,2022-10-18,154,0.7529894848,32.786308115259786,28.391514462149328,31.37837954,4.394793653110458,1.4079285752597848,stable,False,,inner_validation,
rolling_origin_2023-01-17,rolling_origin_2023-01-17__inner_3_2022-10-18,Z11_ebm,42117,d20d900ee432699d648080eab4327ff21b3fdba1eb0209f691f01444f32fc8fe,P-V01-W007::C016::C018,P-V01-W007,P-V01,GEO_SW,2022-05-17,2022-10-18,154,0.7163964142,37.40222543133124,31.315205300045296,37.96912237,6.087020131285943,0.5668969386687621,stable,False,,inner_validation,
rolling_origin_2023-01-17,rolling_origin_2023-01-17__inner_3_2022-10-18,Z11_ebm,42117,d20d900ee432699d648080eab4327ff21b3fdba1eb0209f691f01444f32fc8fe,P-V02-W001::C016::C018,P-V02-W001,P-V02,GEO_SW,2022-05-17,2022-10-18,154,0.7144543212,23.86031651931827,32.12763239950881,34.90571532,8.26731588019054,11.045398800681728,stable,False,,inner_validation,
rolling_origin_2023-01-17,rolling_origin_2023-01-17__inner_3_2022-10-18,Z11_ebm,42117,d20d900ee432699d648080eab4327ff21b3fdba1eb0209f691f01444f32fc8fe,P-V02-W002::C016::C018,P-V02-W002,P-V02,GEO_SW,2022-05-17,2022-10-18,154,0.7275404873,29.690374167857108,40.34760128799123,44.9998835,10.657227120134124,15.309509332142895,volatile_or_gap,True,,inner_validation,
rolling_origin_2023-01-17,rolling_origin_2023-01-17__inner_3_2022-10-18,Z11_ebm,42117,d20d900ee432699d648080eab4327ff21b3fdba1eb0209f691f01444f32fc8fe,P-V02-W003::C016::C018,P-V02-W003,P-V02,GEO_NW,2022-05-17,2022-10-18,154,0.7379103382,2.968155812386356,3.9908658743226915,9.365956436,1.0227100619363356,6.3978006236136435,stable,False,,inner_validation,
rolling_origin_2023-01-17,rolling_origin_2023-01-17__inner_3_2022-10-18,Z11_ebm,42117,d20d900ee432699d648080eab4327ff21b3fdba1eb0209f691f01444f32fc8fe,P-V02-W004::C016::C018,P-V02-W004,P-V02,GEO_NW,2022-05-17,2022-10-18,154,0.7389173642,11.47957580342532,10.880528030371085,17.10214805,0.5990477730542345,5.622572246574681,stable,False,,inner_validation,
rolling_origin_2023-01-17,rolling_origin_2023-01-17__inner_3_2022-10-18,Z11_ebm,42117,d20d900ee432699d648080eab4327ff21b3fdba1eb0209f691f01444f32fc8fe,P-V02-W005::C016::C018,P-V02-W005,P-V02,GEO_NW,2022-05-17,2022-10-18,154,0.736637066,33.87410444074677,36.06066718072161,44.68145226,2.186562739974839,10.80734781925323,stable,False,,inner_validation,
rolling_origin_2023-01-17,rolling_origin_2023-01-17__inner_3_2022-10-18,Z11_ebm,42117,d20d900ee432699d648080eab4327ff21b3fdba1eb0209f691f01444f32fc8fe,P-V02-W006::C016::C018,P-V02-W006,P-V02,GEO_NW,2022-05-17,2022-10-18,154,0.7237622165,22.11564842727265,30.723510180648073,30.23344518,8.607861753375424,8.117796752727351,stable,False,,inner_validation,
rolling_origin_2023-01-17,rolling_origin_2023-01-17__inner_3_2022-10-18,Z11_ebm,42117,d20d900ee432699d648080eab4327ff21b3fdba1eb0209f691f01444f32fc8fe,P-V02-W007::C016::C018,P-V02-W007,P-V02,GEO_NW,2022-05-17,2022-10-18,154,0.7078282397,17.997803324999982,18.072289221154968,24.60306638,0.07448589615498591,6.6052630550000195,stable,False,,inner_validation,
rolling_origin_2023-01-17,rolling_origin_2023-01-17__inner_3_2022-10-18,Z11_ebm,42117,d20d900ee432699d648080eab4327ff21b3fdba1eb0209f691f01444f32fc8fe,P-V03-W001::C016::C018,P-V03-W001,P-V03,GEO_SW,2022-05-17,2022-10-18,154,0.6768878426,33.290798767694845,21.39785167380565,23.43015006,11.892947093889195,9.860648707694846,stable,False,,inner_validation,
rolling_origin_2023-01-17,rolling_origin_2023-01-17__inner_3_2022-10-18,Z11_ebm,42117,d20d900ee432699d648080eab4327ff21b3fdba1eb0209f691f01444f32fc8fe,P-V03-W002::C016::C018,P-V03-W002,P-V03,GEO_SW,2022-05-17,2022-10-18,154,0.6896094564,39.139467563960885,35.08254350480688,34.43474599,4.056924059154007,4.704721573960882,stable,False,,inner_validation,
rolling_origin_2023-01-17,rolling_origin_2023-01-17__inner_3_2022-10-18,Z11_ebm,42117,d20d900ee432699d648080eab4327ff21b3fdba1eb0209f691f01444f32fc8fe,P-V03-W003::C016::C018,P-V03-W003,P-V03,GEO_SW,2022-05-17,2022-10-18,154,0.696985136,39.7619308831168,34.089282626578246,36.23357289,5.672648256538551,3.528357993116799,stable,False,,inner_validation,
rolling_origin_2023-01-17,rolling_origin_2023-01-17__inner_3_2022-10-18,Z11_ebm,42117,d20d900ee432699d648080eab4327ff21b3fdba1eb0209f691f01444f32fc8fe,P-V03-W004::C016::C018,P-V03-W004,P-V03,GEO_SW,2022-05-17,2022-10-18,154,0.6996352167,28.994028837662157,21.27687753467731,18.93489074,7.7171513029848455,10.059138097662156,stable,False,,inner_validation,
rolling_origin_2023-01-17,rolling_origin_2023-01-17__inner_3_2022-10-18,Z11_ebm,42117,d20d900ee432699d648080eab4327ff21b3fdba1eb0209f691f01444f32fc8fe,P-V03-W005::C016::C018,P-V03-W005,P-V03,GEO_NW,2022-05-17,2022-10-18,154,0.6949253935,38.44528645860393,33.57072205935218,33.24534073,4.874564399251753,5.199945728603929,stable,False,,inner_validation,
rolling_origin_2023-01-17,rolling_origin_2023-01-17__inner_3_2022-10-18,Z11_ebm,42117,d20d900ee432699d648080eab4327ff21b3fdba1eb0209f691f01444f32fc8fe,P-V03-W006::C016::C018,P-V03-W006,P-V03,GEO_NW,2022-05-17,2022-10-18,154,0.6877883557,35.5250977665584,33.4537027474499,31.7998075,2.0713950191085004,3.725290266558403,stable,False,,inner_validation,
rolling_origin_2023-01-17,rolling_origin_2023-01-17__inner_3_2022-10-18,Z11_ebm,42117,d20d900ee432699d648080eab4327ff21b3fdba1eb0209f691f01444f32fc8fe,P-V03-W007::C016::C018,P-V03-W007,P-V03,GEO_NW,2022-05-17,2022-10-18,154,0.6777912888,3.7885217089285534,4.34945020220637,0.2086715667,0.5609284932778165,3.5798501422285534,stable,False,,inner_validation,
rolling_origin_2023-01-17,rolling_origin_2023-01-17__inner_3_2022-10-18,Z11_ebm,42117,d20d900ee432699d648080eab4327ff21b3fdba1eb0209f691f01444f32fc8fe,P-V04-W001::C016::C018,P-V04-W001,P-V04,GEO_NE,2022-05-17,2022-10-18,154,0.6837223224,-1.2327571724025792,2.0277106246508874,3.830866685,3.2604677970534666,5.063623857402579,stable,False,,inner_validation,
rolling_origin_2023-01-17,rolling_origin_2023-01-17__inner_3_2022-10-18,Z11_ebm,42117,d20d900ee432699d648080eab4327ff21b3fdba1eb0209f691f01444f32fc8fe,P-V04-W002::C016::C018,P-V04-W002,P-V04,GEO_NE,2022-05-17,2022-10-18,154,0.6958335627,-1.2176716358766062,1.0745343315963791,1.029229676,2.2922059674729853,2.246901311876606,volatile_or_gap,True,,inner_validation,
rolling_origin_2023-01-17,rolling_origin_2023-01-17__inner_3_2022-10-18,Z11_ebm,42117,d20d900ee432699d648080eab4327ff21b3fdba1eb0209f691f01444f32fc8fe,P-V04-W003::C016::C018,P-V04-W003,P-V04,GEO_NE,2022-05-17,2022-10-18,154,0.7068637112,-1.5003568733765835,-0.9001488329363135,3.704233976,0.60020804044027,5.204590849376583,stable,False,,inner_validation,
rolling_origin_2023-01-17,rolling_origin_2023-01-17__inner_3_2022-10-18,Z11_ebm,42117,d20d900ee432699d648080eab4327ff21b3fdba1eb0209f691f01444f32fc8fe,P-V04-W004::C016::C018,P-V04-W004,P-V04,GEO_NE,2022-05-17,2022-10-18,154,0.7127729736,-1.0569616358766234,-1.6478204445601448,3.084723577,0.5908588086835214,4.141685212876624,stable,False,,inner_validation,
rolling_origin_2023-01-17,rolling_origin_2023-01-17__inner_3_2022-10-18,Z11_ebm,42117,d20d900ee432699d648080eab4327ff21b3fdba1eb0209f691f01444f32fc8fe,P-V04-W005::C016::C018,P-V04-W005,P-V04,GEO_NE,2022-05-17,2022-10-18,154,0.7113404101,-2.651397896590946,2.7741388749096734,0.3084977362,5.425536771500619,2.9598956327909463,volatile_or_gap,True,,inner_validation,
rolling_origin_2023-01-17,rolling_origin_2023-01-17__inner_3_2022-10-18,Z11_ebm,42117,d20d900ee432699d648080eab4327ff21b3fdba1eb0209f691f01444f32fc8fe,P-V04-W006::C016::C018,P-V04-W006,P-V04,GEO_NE,2022-05-17,2022-10-18,154,0.7064408066,-2.328959702922064,0.6457241705992951,2.375921128,2.974683873521359,4.704880830922064,stable,False,,inner_validation,
rolling_origin_2023-01-17,rolling_origin_2023-01-17__inner_3_2022-10-18,Z11_ebm,42117,d20d900ee432699d648080eab4327ff21b3fdba1eb0209f691f01444f32fc8fe,P-V04-W007::C016::C018,P-V04-W007,P-V04,GEO_NE,2022-05-17,2022-10-18,154,0.6951414291,36.5553918832792,35.88154558768995,37.46624359,0.6738462955892501,0.9108517067207984,stable,False,,inner_validation,
rolling_origin_2023-01-17,rolling_origin_2023-01-17__inner_3_2022-10-18,Z11_ebm,42117,d20d900ee432699d648080eab4327ff21b3fdba1eb0209f691f01444f32fc8fe,P-V05-W001::C016::C018,P-V05-W001,P-V05,GEO_SE,2022-05-17,2022-10-18,154,1.436612762,22.947723029220818,21.570135662658142,25.44568013,1.3775873665626754,2.497957100779182,stable,False,,inner_validation,
rolling_origin_2023-01-17,rolling_origin_2023-01-17__inner_3_2022-10-18,Z11_ebm,42117,d20d900ee432699d648080eab4327ff21b3fdba1eb0209f691f01444f32fc8fe,P-V05-W002::C016::C018,P-V05-W002,P-V05,GEO_NE,2022-05-17,2022-10-18,154,1.461211545,21.762157105519545,23.294809343221004,26.93403103,1.532652237701459,5.171873924480455,stable,False,,inner_validation,
rolling_origin_2023-01-17,rolling_origin_2023-01-17__inner_3_2022-10-18,Z11_ebm,42117,d20d900ee432699d648080eab4327ff21b3fdba1eb0209f691f01444f32fc8fe,P-V05-W003::C016::C018,P-V05-W003,P-V05,GEO_NE,2022-05-17,2022-10-18,154,1.463038991,35.29666899350658,31.109344220564637,31.75423861,4.187324772941942,3.542430383506577,stable,False,,inner_validation,
rolling_origin_2023-01-17,rolling_origin_2023-01-17__inner_3_2022-10-18,Z11_ebm,42117,d20d900ee432699d648080eab4327ff21b3fdba1eb0209f691f01444f32fc8fe,P-V05-W004::C016::C018,P-V05-W004,P-V05,GEO_NE,2022-05-17,2022-10-18,154,1.458141844,33.71588359577951,32.699353573957126,34.61922331,1.0165300218223834,0.9033397142204933,stable,False,,inner_validation,
rolling_origin_2023-01-17,rolling_origin_2023-01-17__inner_3_2022-10-18,Z11_ebm,42117,d20d900ee432699d648080eab4327ff21b3fdba1eb0209f691f01444f32fc8fe,P-V05-W005::C016::C018,P-V05-W005,P-V05,GEO_NE,2022-05-17,2022-10-18,154,1.442099937,32.78864666396085,35.03306474539239,36.52776688,2.24441808143154,3.7391202160391543,volatile_or_gap,True,,inner_validation,
rolling_origin_2023-01-17,rolling_origin_2023-01-17__inner_3_2022-10-18,Z11_ebm,42117,d20d900ee432699d648080eab4327ff21b3fdba1eb0209f691f01444f32fc8fe,P-V05-W006::C016::C018,P-V05-W006,P-V05,GEO_NE,2022-05-17,2022-10-18,154,1.424769748,23.5232550438312,20.89046181850955,23.45148677,2.632793225321649,0.07176827383119999,stable,False,,inner_validation,
rolling_origin_2023-01-17,rolling_origin_2023-01-17__inner_3_2022-10-18,Z11_ebm,42117,d20d900ee432699d648080eab4327ff21b3fdba1eb0209f691f01444f32fc8fe,P-V05-W007::C016::C018,P-V05-W007,P-V05,GEO_NE,2022-05-17,2022-10-18,154,1.389694986,33.40339799025975,31.788247902707162,29.31909765,1.6151500875525855,4.084300340259748,stable,False,,inner_validation,
rolling_origin_2023-01-17,rolling_origin_2023-01-17__inner_3_2022-10-18,Z11_ebm,42117,d20d900ee432699d648080eab4327ff21b3fdba1eb0209f691f01444f32fc8fe,P-V06-W002::C016::C018,P-V06-W002,P-V06,GEO_NE,2022-05-17,2022-10-18,154,0.7162377617,23.95494686493508,20.901450730328545,23.82196365,3.0534961346065366,0.1329832149350807,stable,False,,inner_validation,
rolling_origin_2023-01-17,rolling_origin_2023-01-17__inner_3_2022-10-18,Z11_ebm,42117,d20d900ee432699d648080eab4327ff21b3fdba1eb0209f691f01444f32fc8fe,P-V06-W003::C016::C018,P-V06-W003,P-V06,GEO_NE,2022-05-17,2022-10-18,154,0.7243462291,33.72282429448049,28.42788034114171,29.5042684,5.29494395333878,4.218555894480488,stable,False,,inner_validation,
rolling_origin_2023-01-17,rolling_origin_2023-01-17__inner_3_2022-10-18,Z11_ebm,42117,d20d900ee432699d648080eab4327ff21b3fdba1eb0209f691f01444f32fc8fe,P-V06-W004::C016::C018,P-V06-W004,P-V06,GEO_NE,2022-05-17,2022-10-18,154,0.7315283514,23.927582761850665,17.31435459550123,21.56448878,6.613228166349437,2.363093981850664,stable,False,,inner_validation,
rolling_origin_2023-01-17,rolling_origin_2023-01-17__inner_3_2022-10-18,Z11_ebm,42117,d20d900ee432699d648080eab4327ff21b3fdba1eb0209f691f01444f32fc8fe,P-V06-W005::C016::C018,P-V06-W005,P-V06,GEO_NE,2022-05-17,2022-10-18,154,0.727595503,39.48038171542205,37.39120976446619,41.57421247,2.0891719509558584,2.093830754577951,stable,False,,inner_validation,
rolling_origin_2023-01-17,rolling_origin_2023-01-17__inner_3_2022-10-18,Z11_ebm,42117,d20d900ee432699d648080eab4327ff21b3fdba1eb0209f691f01444f32fc8fe,P-V06-W006::C016::C018,P-V06-W006,P-V06,GEO_NE,2022-05-17,2022-10-18,154,0.709831882,20.723378753084397,12.495598045135107,14.89769337,8.22778070794929,5.825685383084396,stable,False,,inner_validation,
rolling_origin_2023-01-17,rolling_origin_2023-01-17__inner_3_2022-10-18,Z11_ebm,42117,d20d900ee432699d648080eab4327ff21b3fdba1eb0209f691f01444f32fc8fe,P-V06-W007::C016::C018,P-V06-W007,P-V06,GEO_NE,2022-05-17,2022-10-18,154,0.6938808887,20.74988309561688,12.582351202997897,16.53640786,8.167531892618983,4.21347523561688,stable,False,,inner_validation,
rolling_origin_2023-01-17,rolling_origin_2023-01-17__inner_3_2022-10-18,Z11_ebm,42117,d20d900ee432699d648080eab4327ff21b3fdba1eb0209f691f01444f32fc8fe,P-D01-W001::C017::C018,P-D01-W001,P-D01,GEO_SW,2022-07-19,2022-10-18,91,0.6967133617,151.49690590384623,106.66983287877913,140.5992726,44.827073025067094,10.89763330384622,accelerating,True,,inner_validation,
rolling_origin_2023-01-17,rolling_origin_2023-01-17__inner_3_2022-10-18,Z11_ebm,42117,d20d900ee432699d648080eab4327ff21b3fdba1eb0209f691f01444f32fc8fe,P-D01-W002::C017::C018,P-D01-W002,P-D01,GEO_SW,2022-07-19,2022-10-18,91,0.7162685057,45.99918964697802,35.97951069331083,45.0199747,10.019678953667189,0.9792149469780185,stable,False,,inner_validation,
rolling_origin_2023-01-17,rolling_origin_2023-01-17__inner_3_2022-10-18,Z11_ebm,42117,d20d900ee432699d648080eab4327ff21b3fdba1eb0209f691f01444f32fc8fe,P-D01-W005::C017::C018,P-D01-W005,P-D01,GEO_SW,2022-07-19,2022-10-18,91,0.7409730276,41.86047567032968,35.75358893365098,42.74465833,6.106886736678696,0.8841826596703228,stable,False,,inner_validation,
rolling_origin_2023-01-17,rolling_origin_2023-01-17__inner_3_2022-10-18,Z11_ebm,42117,d20d900ee432699d648080eab4327ff21b3fdba1eb0209f691f01444f32fc8fe,P-D01-W006::C017::C018,P-D01-W006,P-D01,GEO_SW,2022-07-19,2022-10-18,91,0.7349848662,94.39128577005503,77.87573954238789,77.38306307,16.515546227667144,17.00822270005503,accelerating,True,,inner_validation,
rolling_origin_2023-01-17,rolling_origin_2023-01-17__inner_3_2022-10-18,Z11_ebm,42117,d20d900ee432699d648080eab4327ff21b3fdba1eb0209f691f01444f32fc8fe,P-D01-W007::C017::C018,P-D01-W007,P-D01,GEO_SW,2022-07-19,2022-10-18,91,0.7179738,26.54855266978021,15.402437602885131,21.53602464,11.14611506689508,5.01252802978021,stable,False,,inner_validation,
rolling_origin_2023-01-17,rolling_origin_2023-01-17__inner_3_2022-10-18,Z11_ebm,42117,d20d900ee432699d648080eab4327ff21b3fdba1eb0209f691f01444f32fc8fe,P-H03-W001::C017::C018,P-H03-W001,P-H03,GEO_SE,2022-07-19,2022-10-18,91,0.7021923722,37.49158194642862,48.367876309747814,40.55512027,10.876294363319197,3.063538323571386,decelerating,True,,inner_validation,
rolling_origin_2023-01-17,rolling_origin_2023-01-17__inner_3_2022-10-18,Z11_ebm,42117,d20d900ee432699d648080eab4327ff21b3fdba1eb0209f691f01444f32fc8fe,P-H03-W002::C017::C018,P-H03-W002,P-H03,GEO_SE,2022-07-19,2022-10-18,91,0.7212469117,42.59093713846139,45.56858523645797,48.26499664,2.9776480979965783,5.674059501538608,stable,False,,inner_validation,
rolling_origin_2023-01-17,rolling_origin_2023-01-17__inner_3_2022-10-18,Z11_ebm,42117,d20d900ee432699d648080eab4327ff21b3fdba1eb0209f691f01444f32fc8fe,P-H03-W004::C017::C018,P-H03-W004,P-H03,GEO_SE,2022-07-19,2022-10-18,91,0.7277592914,42.97303559917579,59.03941517830106,49.36371895,16.066379579125275,6.390683350824212,accelerating,True,,inner_validation,
rolling_origin_2023-01-17,rolling_origin_2023-01-17__inner_3_2022-10-18,Z11_ebm,42117,d20d900ee432699d648080eab4327ff21b3fdba1eb0209f691f01444f32fc8fe,P-H03-W006::C017::C018,P-H03-W006,P-H03,GEO_SE,2022-07-19,2022-10-18,91,0.7180436347,44.2253694782966,58.145577635062075,54.2157343,13.920208156765476,9.990364821703402,accelerating,True,,inner_validation,
rolling_origin_2023-01-17,rolling_origin_2023-01-17__inner_3_2022-10-18,Z11_ebm,42117,d20d900ee432699d648080eab4327ff21b3fdba1eb0209f691f01444f32fc8fe,P-H04-W002::C017::C018,P-H04-W002,P-H04,GEO_SW,2022-07-19,2022-10-18,91,0.7383906112,131.70719932417566,31.13536049154239,10.187571,100.57183883263328,121.51962832417566,decelerating,True,,inner_validation,
rolling_origin_2023-01-17,rolling_origin_2023-01-17__inner_3_2022-10-18,Z11_ebm,42117,d20d900ee432699d648080eab4327ff21b3fdba1eb0209f691f01444f32fc8fe,P-H04-W003::C017::C018,P-H04-W003,P-H04,GEO_SW,2022-07-19,2022-10-18,91,0.7533988908,29.44585093269214,37.235082518470804,7.336359798,7.789231585778666,22.10949113469214,decelerating,True,,inner_validation,
rolling_origin_2023-01-17,rolling_origin_2023-01-17__inner_3_2022-10-18,Z11_ebm,42117,d20d900ee432699d648080eab4327ff21b3fdba1eb0209f691f01444f32fc8fe,P-H04-W004::C017::C018,P-H04-W004,P-H04,GEO_SW,2022-07-19,2022-10-18,91,0.7533682995,16.79220940467036,20.899843633023917,1.380801729,4.107634228353557,15.41140767567036,decelerating,True,,inner_validation,
rolling_origin_2023-01-17,rolling_origin_2023-01-17__inner_3_2022-10-18,Z11_ebm,42117,d20d900ee432699d648080eab4327ff21b3fdba1eb0209f691f01444f32fc8fe,P-H04-W005::C017::C018,P-H04-W005,P-H04,GEO_SW,2022-07-19,2022-10-18,91,0.7463479577,23.73557016181326,36.05526502783293,20.43566101,12.31969486601967,3.29990915181326,decelerating,True,,inner_validation,
rolling_origin_2023-01-17,rolling_origin_2023-01-17__inner_3_2022-10-18,Z11_ebm,42117,d20d900ee432699d648080eab4327ff21b3fdba1eb0209f691f01444f32fc8fe,P-H04-W006::C017::C018,P-H04-W006,P-H04,GEO_SW,2022-07-19,2022-10-18,91,0.7238004984,42.59891403791213,44.61842616789037,33.15061631,2.0195121299782386,9.448297727912134,decelerating,True,,inner_validation,
rolling_origin_2023-05-16,rolling_origin_2023-05-16__inner_1_2022-07-19,Z11_ebm,42117,d20d900ee432699d648080eab4327ff21b3fdba1eb0209f691f01444f32fc8fe,P-D01-W002::C016::C017,P-D01-W002,P-D01,GEO_SW,2022-05-17,2022-07-19,63,0.7523242762,45.01997464404754,33.97339454878548,45.15365961,11.046580095262058,0.1336849659524617,stable,False,,inner_validation,
rolling_origin_2023-05-16,rolling_origin_2023-05-16__inner_1_2022-07-19,Z11_ebm,42117,d20d900ee432699d648080eab4327ff21b3fdba1eb0209f691f01444f32fc8fe,P-D01-W005::C016::C017,P-D01-W005,P-D01,GEO_SW,2022-05-17,2022-07-19,63,0.7668001593,42.74465846547624,28.53884155960021,39.07603216,14.20581690587603,3.668626305476245,stable,False,,inner_validation,
rolling_origin_2023-05-16,rolling_origin_2023-05-16__inner_1_2022-07-19,Z11_ebm,42117,d20d900ee432699d648080eab4327ff21b3fdba1eb0209f691f01444f32fc8fe,P-D01-W006::C016::C017,P-D01-W006,P-D01,GEO_SW,2022-05-17,2022-07-19,63,0.7512941698,77.38306336785723,65.19134419263192,61.19684164,12.191719175225316,16.18622172785723,accelerating,True,,inner_validation,
rolling_origin_2023-05-16,rolling_origin_2023-05-16__inner_1_2022-07-19,Z11_ebm,42117,d20d900ee432699d648080eab4327ff21b3fdba1eb0209f691f01444f32fc8fe,P-D01-W007::C016::C017,P-D01-W007,P-D01,GEO_SW,2022-05-17,2022-07-19,63,0.7234503939,21.53602413690472,9.897427250018836,21.97274873,11.638596886885885,0.43672459309527767,accelerating,True,,inner_validation,
rolling_origin_2023-05-16,rolling_origin_2023-05-16__inner_1_2022-07-19,Z11_ebm,42117,d20d900ee432699d648080eab4327ff21b3fdba1eb0209f691f01444f32fc8fe,P-H03-W001::C016::C017,P-H03-W001,P-H03,GEO_SE,2022-05-17,2022-07-19,63,0.69222479,40.55512037976189,43.83008478241045,46.94378892,3.274964402648564,6.388668540238115,stable,False,,inner_validation,
rolling_origin_2023-05-16,rolling_origin_2023-05-16__inner_1_2022-07-19,Z11_ebm,42117,d20d900ee432699d648080eab4327ff21b3fdba1eb0209f691f01444f32fc8fe,P-H03-W002::C016::C017,P-H03-W002,P-H03,GEO_SE,2022-05-17,2022-07-19,63,0.7163387265,48.26499652619066,40.185405534722854,47.21377091,8.079590991467803,1.0512256161906564,volatile_or_gap,True,,inner_validation,
rolling_origin_2023-05-16,rolling_origin_2023-05-16__inner_1_2022-07-19,Z11_ebm,42117,d20d900ee432699d648080eab4327ff21b3fdba1eb0209f691f01444f32fc8fe,P-H03-W004::C016::C017,P-H03-W004,P-H03,GEO_SE,2022-05-17,2022-07-19,63,0.7282928385,49.36371896547652,34.48811402475572,41.23788352,14.875604940720805,8.125835445476525,volatile_or_gap,True,,inner_validation,
rolling_origin_2023-05-16,rolling_origin_2023-05-16__inner_1_2022-07-19,Z11_ebm,42117,d20d900ee432699d648080eab4327ff21b3fdba1eb0209f691f01444f32fc8fe,P-H03-W006::C016::C017,P-H03-W006,P-H03,GEO_SE,2022-05-17,2022-07-19,63,0.7204949187,54.21573417142855,39.07053459004947,43.12548609,15.145199581379082,11.090248081428548,volatile_or_gap,True,,inner_validation,
rolling_origin_2023-05-16,rolling_origin_2023-05-16__inner_1_2022-07-19,Z11_ebm,42117,d20d900ee432699d648080eab4327ff21b3fdba1eb0209f691f01444f32fc8fe,P-H04-W002::C016::C017,P-H04-W002,P-H04,GEO_SW,2022-05-17,2022-07-19,63,0.7366048688,10.18757097261926,39.07358175680608,36.47401633,28.886010784186816,26.286445357380735,accelerating,True,,inner_validation,
rolling_origin_2023-05-16,rolling_origin_2023-05-16__inner_1_2022-07-19,Z11_ebm,42117,d20d900ee432699d648080eab4327ff21b3fdba1eb0209f691f01444f32fc8fe,P-H04-W003::C016::C017,P-H04-W003,P-H04,GEO_SW,2022-05-17,2022-07-19,63,0.7535778274,7.336359901190802,32.04567486632719,40.50964005,24.709314965136386,33.1732801488092,stable,False,,inner_validation,
rolling_origin_2023-05-16,rolling_origin_2023-05-16__inner_1_2022-07-19,Z11_ebm,42117,d20d900ee432699d648080eab4327ff21b3fdba1eb0209f691f01444f32fc8fe,P-H04-W004::C016::C017,P-H04-W004,P-H04,GEO_SW,2022-05-17,2022-07-19,63,0.7555283422,1.3808021154761807,14.996125901329048,22.48226526,13.615323785852867,21.10146314452382,stable,False,,inner_validation,
rolling_origin_2023-05-16,rolling_origin_2023-05-16__inner_1_2022-07-19,Z11_ebm,42117,d20d900ee432699d648080eab4327ff21b3fdba1eb0209f691f01444f32fc8fe,P-H04-W005::C016::C017,P-H04-W005,P-H04,GEO_SW,2022-05-17,2022-07-19,63,0.7497234689,20.435660971428582,29.5569089844284,36.97036362,9.121248012999818,16.534702648571418,accelerating,True,,inner_validation,
rolling_origin_2023-05-16,rolling_origin_2023-05-16__inner_1_2022-07-19,Z11_ebm,42117,d20d900ee432699d648080eab4327ff21b3fdba1eb0209f691f01444f32fc8fe,P-H04-W006::C016::C017,P-H04-W006,P-H04,GEO_SW,2022-05-17,2022-07-19,63,0.7292922394,33.15061584404759,34.35144673272721,48.01577365,1.2008308886796186,14.865157805952407,accelerating,True,,inner_validation,
rolling_origin_2023-05-16,rolling_origin_2023-05-16__inner_2_2022-10-18,Z11_ebm,42117,d20d900ee432699d648080eab4327ff21b3fdba1eb0209f691f01444f32fc8fe,P-D01-W003::C016::C018,P-D01-W003,P-D01,GEO_SW,2022-05-17,2022-10-18,154,0.7627195049,7.043165793993441,5.000570170880575,-3.417058505,2.0425956231128657,10.460224298993442,decelerating,True,,inner_validation,
rolling_origin_2023-05-16,rolling_origin_2023-05-16__inner_2_2022-10-18,Z11_ebm,42117,d20d900ee432699d648080eab4327ff21b3fdba1eb0209f691f01444f32fc8fe,P-D01-W004::C016::C018,P-D01-W004,P-D01,GEO_SW,2022-05-17,2022-10-18,154,0.7696272298,5.209091854383137,2.6758551125843044,0.36220908,2.533236741798832,4.846882774383136,stable,False,,inner_validation,
rolling_origin_2023-05-16,rolling_origin_2023-05-16__inner_2_2022-10-18,Z11_ebm,42117,d20d900ee432699d648080eab4327ff21b3fdba1eb0209f691f01444f32fc8fe,P-H01-W001::C016::C018,P-H01-W001,P-H01,GEO_SW,2022-05-17,2022-10-18,154,1.368706262,17.84098181444804,23.887640349733,23.13233246,6.046658535284962,5.291350645551962,stable,False,,inner_validation,
rolling_origin_2023-05-16,rolling_origin_2023-05-16__inner_2_2022-10-18,Z11_ebm,42117,d20d900ee432699d648080eab4327ff21b3fdba1eb0209f691f01444f32fc8fe,P-H01-W002::C016::C018,P-H01-W002,P-H01,GEO_SW,2022-05-17,2022-10-18,154,1.450769379,124.33711452905848,102.52349170035826,100.9477933,21.81362282870022,23.38932122905848,accelerating,True,,inner_validation,
rolling_origin_2023-05-16,rolling_origin_2023-05-16__inner_2_2022-10-18,Z11_ebm,42117,d20d900ee432699d648080eab4327ff21b3fdba1eb0209f691f01444f32fc8fe,P-H01-W003::C016::C018,P-H01-W003,P-H01,GEO_SW,2022-05-17,2022-10-18,154,1.512841764,70.08737779626617,89.26339615140402,94.16792811,19.176018355137856,24.080550313733838,volatile_or_gap,True,,inner_validation,
rolling_origin_2023-05-16,rolling_origin_2023-05-16__inner_2_2022-10-18,Z11_ebm,42117,d20d900ee432699d648080eab4327ff21b3fdba1eb0209f691f01444f32fc8fe,P-H01-W005::C016::C018,P-H01-W005,P-H01,GEO_SW,2022-05-17,2022-10-18,154,1.509148816,39.33312216525973,41.93527572506977,41.56917803,2.6021535598100414,2.2360558647402726,volatile_or_gap,True,,inner_validation,
rolling_origin_2023-05-16,rolling_origin_2023-05-16__inner_2_2022-10-18,Z11_ebm,42117,d20d900ee432699d648080eab4327ff21b3fdba1eb0209f691f01444f32fc8fe,P-H01-W006::C016::C018,P-H01-W006,P-H01,GEO_SW,2022-05-17,2022-10-18,154,1.461306554,23.013270936526023,26.919223064214098,26.62191227,3.9059521276880744,3.608641333473976,stable,False,,inner_validation,
rolling_origin_2023-05-16,rolling_origin_2023-05-16__inner_2_2022-10-18,Z11_ebm,42117,d20d900ee432699d648080eab4327ff21b3fdba1eb0209f691f01444f32fc8fe,P-H01-W007::C016::C018,P-H01-W007,P-H01,GEO_SW,2022-05-17,2022-10-18,154,1.356209329,39.82922416363641,41.32583950580822,39.02694972,1.4966153421718076,0.8022744436364135,stable,False,,inner_validation,
rolling_origin_2023-05-16,rolling_origin_2023-05-16__inner_2_2022-10-18,Z11_ebm,42117,d20d900ee432699d648080eab4327ff21b3fdba1eb0209f691f01444f32fc8fe,P-H02-W001::C016::C018,P-H02-W001,P-H02,GEO_SW,2022-05-17,2022-10-18,154,0.7299810702,25.48239627564928,32.95551722575994,31.13645673,7.473120950110662,5.65406045435072,stable,False,,inner_validation,
rolling_origin_2023-05-16,rolling_origin_2023-05-16__inner_2_2022-10-18,Z11_ebm,42117,d20d900ee432699d648080eab4327ff21b3fdba1eb0209f691f01444f32fc8fe,P-H02-W002::C016::C018,P-H02-W002,P-H02,GEO_SW,2022-05-17,2022-10-18,154,0.7543741622,46.6136248003247,32.23308391021887,30.16614369,14.380540890105827,16.447481110324702,volatile_or_gap,True,,inner_validation,
rolling_origin_2023-05-16,rolling_origin_2023-05-16__inner_2_2022-10-18,Z11_ebm,42117,d20d900ee432699d648080eab4327ff21b3fdba1eb0209f691f01444f32fc8fe,P-H02-W003::C016::C018,P-H02-W003,P-H02,GEO_SW,2022-05-17,2022-10-18,154,0.7663772215,93.99135734415582,91.80525071867228,67.31846991,2.186106625483532,26.67288743415581,accelerating,True,,inner_validation,
rolling_origin_2023-05-16,rolling_origin_2023-05-16__inner_2_2022-10-18,Z11_ebm,42117,d20d900ee432699d648080eab4327ff21b3fdba1eb0209f691f01444f32fc8fe,P-H02-W004::C016::C018,P-H02-W004,P-H02,GEO_SW,2022-05-17,2022-10-18,154,0.7689854562,19.1130892193182,22.7943705435993,20.37862631,3.681281324281098,1.2655370906818,stable,False,,inner_validation,
rolling_origin_2023-05-16,rolling_origin_2023-05-16__inner_2_2022-10-18,Z11_ebm,42117,d20d900ee432699d648080eab4327ff21b3fdba1eb0209f691f01444f32fc8fe,P-H02-W006::C016::C018,P-H02-W006,P-H02,GEO_SW,2022-05-17,2022-10-18,154,0.7540670304,13.72544466525971,12.187460931332302,17.98008013,1.5379837339274083,4.254635464740291,stable,False,,inner_validation,
rolling_origin_2023-05-16,rolling_origin_2023-05-16__inner_2_2022-10-18,Z11_ebm,42117,d20d900ee432699d648080eab4327ff21b3fdba1eb0209f691f01444f32fc8fe,P-H02-W007::C016::C018,P-H02-W007,P-H02,GEO_SW,2022-05-17,2022-10-18,154,0.7281005173,38.974222534577926,35.76655908851359,33.40948927,3.2076634460643376,5.564733264577924,stable,False,,inner_validation,
rolling_origin_2023-05-16,rolling_origin_2023-05-16__inner_2_2022-10-18,Z11_ebm,42117,d20d900ee432699d648080eab4327ff21b3fdba1eb0209f691f01444f32fc8fe,P-H03-W003::C016::C018,P-H03-W003,P-H03,GEO_SE,2022-05-17,2022-10-18,154,0.7231692143,40.302616387500095,35.264610212835365,43.85530117,5.03800617466473,3.5526847824999024,volatile_or_gap,True,,inner_validation,
rolling_origin_2023-05-16,rolling_origin_2023-05-16__inner_2_2022-10-18,Z11_ebm,42117,d20d900ee432699d648080eab4327ff21b3fdba1eb0209f691f01444f32fc8fe,P-H03-W005::C016::C018,P-H03-W005,P-H03,GEO_SE,2022-05-17,2022-10-18,154,0.7248173232,41.961835902272696,48.154872348862774,45.00768563,6.193036446590078,3.045849727727301,volatile_or_gap,True,,inner_validation,
rolling_origin_2023-05-16,rolling_origin_2023-05-16__inner_2_2022-10-18,Z11_ebm,42117,d20d900ee432699d648080eab4327ff21b3fdba1eb0209f691f01444f32fc8fe,P-H04-W001::C016::C018,P-H04-W001,P-H04,GEO_SW,2022-05-17,2022-10-18,154,0.7191476325,9.517638487987064,17.30814019697057,29.45678962,7.790501708983506,19.939151132012935,stable,False,,inner_validation,
rolling_origin_2023-05-16,rolling_origin_2023-05-16__inner_2_2022-10-18,Z11_ebm,42117,d20d900ee432699d648080eab4327ff21b3fdba1eb0209f691f01444f32fc8fe,P-H04-W007::C016::C018,P-H04-W007,P-H04,GEO_SW,2022-05-17,2022-10-18,154,0.6971430642,19.2938784823052,24.904820841911665,35.85257954,5.610942359606465,16.5587010576948,accelerating,True,,inner_validation,
rolling_origin_2023-05-16,rolling_origin_2023-05-16__inner_2_2022-10-18,Z11_ebm,42117,d20d900ee432699d648080eab4327ff21b3fdba1eb0209f691f01444f32fc8fe,P-H05-W001::C016::C018,P-H05-W001,P-H05,GEO_NE,2022-05-17,2022-10-18,154,0.8607452163,44.48951579707786,33.87754681198155,36.34698676,10.611968985096304,8.142529037077857,stable,False,,inner_validation,
rolling_origin_2023-05-16,rolling_origin_2023-05-16__inner_2_2022-10-18,Z11_ebm,42117,d20d900ee432699d648080eab4327ff21b3fdba1eb0209f691f01444f32fc8fe,P-H05-W003::C016::C018,P-H05-W003,P-H05,GEO_NE,2022-05-17,2022-10-18,154,0.9385456286,27.35038249188276,24.160841506616944,26.13137406,3.1895409852658148,1.2190084318827594,volatile_or_gap,True,,inner_validation,
rolling_origin_2023-05-16,rolling_origin_2023-05-16__inner_2_2022-10-18,Z11_ebm,42117,d20d900ee432699d648080eab4327ff21b3fdba1eb0209f691f01444f32fc8fe,P-H05-W004::C016::C018,P-H05-W004,P-H05,GEO_NE,2022-05-17,2022-10-18,154,0.9518200242,34.9152910714284,26.273738765847877,27.45017526,8.641552305580522,7.465115811428397,stable,False,,inner_validation,
rolling_origin_2023-05-16,rolling_origin_2023-05-16__inner_2_2022-10-18,Z11_ebm,42117,d20d900ee432699d648080eab4327ff21b3fdba1eb0209f691f01444f32fc8fe,P-H05-W005::C016::C018,P-H05-W005,P-H05,GEO_NE,2022-05-17,2022-10-18,154,0.941470774,31.227537331169312,17.473017513073927,16.76894609,13.754519818095385,14.458591241169312,stable,False,,inner_validation,
rolling_origin_2023-05-16,rolling_origin_2023-05-16__inner_2_2022-10-18,Z11_ebm,42117,d20d900ee432699d648080eab4327ff21b3fdba1eb0209f691f01444f32fc8fe,P-H05-W006::C016::C018,P-H05-W006,P-H05,GEO_NE,2022-05-17,2022-10-18,154,0.911930806,24.491992913960857,17.046971752578617,19.4379716,7.44502116138224,5.054021313960856,stable,False,,inner_validation,
rolling_origin_2023-05-16,rolling_origin_2023-05-16__inner_2_2022-10-18,Z11_ebm,42117,d20d900ee432699d648080eab4327ff21b3fdba1eb0209f691f01444f32fc8fe,P-H05-W007::C016::C018,P-H05-W007,P-H05,GEO_NE,2022-05-17,2022-10-18,154,0.8653420454,28.97879838701319,18.08959005924283,19.08615134,10.889208327770358,9.892647047013188,stable,False,,inner_validation,
rolling_origin_2023-05-16,rolling_origin_2023-05-16__inner_2_2022-10-18,Z11_ebm,42117,d20d900ee432699d648080eab4327ff21b3fdba1eb0209f691f01444f32fc8fe,P-H06-W001::C016::C018,P-H06-W001,P-H06,GEO_NE,2022-05-17,2022-10-18,154,1.057078752,3.623761228733787,6.534430967442745,2.526655277,2.910669738708958,1.0971059517337869,stable,False,,inner_validation,
rolling_origin_2023-05-16,rolling_origin_2023-05-16__inner_2_2022-10-18,Z11_ebm,42117,d20d900ee432699d648080eab4327ff21b3fdba1eb0209f691f01444f32fc8fe,P-H06-W002::C016::C018,P-H06-W002,P-H06,GEO_NE,2022-05-17,2022-10-18,154,1.111849815,4.010419147889608,4.078063572620967,1.636657848,0.06764442473135901,2.373761299889608,stable,False,,inner_validation,
rolling_origin_2023-05-16,rolling_origin_2023-05-16__inner_2_2022-10-18,Z11_ebm,42117,d20d900ee432699d648080eab4327ff21b3fdba1eb0209f691f01444f32fc8fe,P-H06-W003::C016::C018,P-H06-W003,P-H06,GEO_NE,2022-05-17,2022-10-18,154,1.138827426,2.3222642435064644,2.7160941021418337,1.765618414,0.39382985863536923,0.5566458295064645,stable,False,,inner_validation,
rolling_origin_2023-05-16,rolling_origin_2023-05-16__inner_2_2022-10-18,Z11_ebm,42117,d20d900ee432699d648080eab4327ff21b3fdba1eb0209f691f01444f32fc8fe,P-H06-W004::C016::C018,P-H06-W004,P-H06,GEO_NE,2022-05-17,2022-10-18,154,1.145028248,-0.4427743125000178,0.4223526999989788,2.410764816,0.8651270124989966,2.853539128500018,stable,False,,inner_validation,
rolling_origin_2023-05-16,rolling_origin_2023-05-16__inner_2_2022-10-18,Z11_ebm,42117,d20d900ee432699d648080eab4327ff21b3fdba1eb0209f691f01444f32fc8fe,P-H06-W005::C016::C018,P-H06-W005,P-H06,GEO_NE,2022-05-17,2022-10-18,154,1.133864673,-0.3362149967532031,1.5742784166302763,2.499108018,1.9104934133834794,2.835323014753203,stable,False,,inner_validation,
rolling_origin_2023-05-16,rolling_origin_2023-05-16__inner_2_2022-10-18,Z11_ebm,42117,d20d900ee432699d648080eab4327ff21b3fdba1eb0209f691f01444f32fc8fe,P-H06-W007::C016::C018,P-H06-W007,P-H06,GEO_NE,2022-05-17,2022-10-18,154,1.041156933,2.103508476331172,-0.7178855255136374,1.035606285,2.8213940018448094,1.067902191331172,stable,False,,inner_validation,
rolling_origin_2023-05-16,rolling_origin_2023-05-16__inner_2_2022-10-18,Z11_ebm,42117,d20d900ee432699d648080eab4327ff21b3fdba1eb0209f691f01444f32fc8fe,P-H07-W001::C016::C018,P-H07-W001,P-H07,GEO_NE,2022-05-17,2022-10-18,154,0.7282527176,28.919479889610425,41.2820834695888,40.7491784,12.362603579978373,11.829698510389573,accelerating,True,,inner_validation,
rolling_origin_2023-05-16,rolling_origin_2023-05-16__inner_2_2022-10-18,Z11_ebm,42117,d20d900ee432699d648080eab4327ff21b3fdba1eb0209f691f01444f32fc8fe,P-H07-W002::C016::C018,P-H07-W002,P-H07,GEO_NE,2022-05-17,2022-10-18,154,0.7421759922,31.595683241883155,33.55401334503748,39.31478662,1.9583301031543279,7.719103378116845,stable,False,,inner_validation,
rolling_origin_2023-05-16,rolling_origin_2023-05-16__inner_2_2022-10-18,Z11_ebm,42117,d20d900ee432699d648080eab4327ff21b3fdba1eb0209f691f01444f32fc8fe,P-H07-W003::C016::C018,P-H07-W003,P-H07,GEO_NE,2022-05-17,2022-10-18,154,0.7542487143,3.726289275487054,1.0197953756207334,5.657607178,2.7064938998663206,1.931317902512946,stable,False,,inner_validation,
rolling_origin_2023-05-16,rolling_origin_2023-05-16__inner_2_2022-10-18,Z11_ebm,42117,d20d900ee432699d648080eab4327ff21b3fdba1eb0209f691f01444f32fc8fe,P-H07-W004::C016::C018,P-H07-W004,P-H07,GEO_NE,2022-05-17,2022-10-18,154,0.7551761935,29.791634275324707,31.050379353047646,34.8080854,1.2587450777229385,5.016451124675296,stable,False,,inner_validation,
rolling_origin_2023-05-16,rolling_origin_2023-05-16__inner_2_2022-10-18,Z11_ebm,42117,d20d900ee432699d648080eab4327ff21b3fdba1eb0209f691f01444f32fc8fe,P-H07-W005::C016::C018,P-H07-W005,P-H07,GEO_NE,2022-05-17,2022-10-18,154,0.7485541433,0.2997422227597383,7.369122344245398,7.524883256,7.06938012148566,7.225141033240262,accelerating,True,,inner_validation,
rolling_origin_2023-05-16,rolling_origin_2023-05-16__inner_2_2022-10-18,Z11_ebm,42117,d20d900ee432699d648080eab4327ff21b3fdba1eb0209f691f01444f32fc8fe,P-H07-W006::C016::C018,P-H07-W006,P-H07,GEO_NE,2022-05-17,2022-10-18,154,0.7312347569,17.771830288977288,20.960560343053835,22.9234954,3.1887300540765473,5.151665111022712,stable,False,,inner_validation,
rolling_origin_2023-05-16,rolling_origin_2023-05-16__inner_2_2022-10-18,Z11_ebm,42117,d20d900ee432699d648080eab4327ff21b3fdba1eb0209f691f01444f32fc8fe,P-V01-W001::C016::C018,P-V01-W001,P-V01,GEO_SW,2022-05-17,2022-10-18,154,0.7029270976,38.53252167759743,29.270034309303693,33.83841113,9.262487368293737,4.6941105475974325,stable,False,,inner_validation,
rolling_origin_2023-05-16,rolling_origin_2023-05-16__inner_2_2022-10-18,Z11_ebm,42117,d20d900ee432699d648080eab4327ff21b3fdba1eb0209f691f01444f32fc8fe,P-V01-W002::C016::C018,P-V01-W002,P-V01,GEO_SW,2022-05-17,2022-10-18,154,0.7347884306,39.66788351444808,34.15848766977729,32.03870597,5.509395844670792,7.629177544448076,stable,False,,inner_validation,
rolling_origin_2023-05-16,rolling_origin_2023-05-16__inner_2_2022-10-18,Z11_ebm,42117,d20d900ee432699d648080eab4327ff21b3fdba1eb0209f691f01444f32fc8fe,P-V01-W003::C016::C018,P-V01-W003,P-V01,GEO_SW,2022-05-17,2022-10-18,154,0.7533561413,21.63937215146105,29.115809498396345,18.79877866,7.476437346935295,2.84059349146105,stable,False,,inner_validation,
rolling_origin_2023-05-16,rolling_origin_2023-05-16__inner_2_2022-10-18,Z11_ebm,42117,d20d900ee432699d648080eab4327ff21b3fdba1eb0209f691f01444f32fc8fe,P-V01-W004::C016::C018,P-V01-W004,P-V01,GEO_SW,2022-05-17,2022-10-18,154,0.7571370238,23.55181474772725,29.437303112304917,23.10346318,5.885488364577668,0.4483515677272507,stable,False,,inner_validation,
rolling_origin_2023-05-16,rolling_origin_2023-05-16__inner_2_2022-10-18,Z11_ebm,42117,d20d900ee432699d648080eab4327ff21b3fdba1eb0209f691f01444f32fc8fe,P-V01-W005::C016::C018,P-V01-W005,P-V01,GEO_SW,2022-05-17,2022-10-18,154,0.7529894848,32.786308115259786,28.391514462149328,31.37837954,4.394793653110458,1.4079285752597848,stable,False,,inner_validation,
rolling_origin_2023-05-16,rolling_origin_2023-05-16__inner_2_2022-10-18,Z11_ebm,42117,d20d900ee432699d648080eab4327ff21b3fdba1eb0209f691f01444f32fc8fe,P-V01-W007::C016::C018,P-V01-W007,P-V01,GEO_SW,2022-05-17,2022-10-18,154,0.7163964142,37.40222543133124,31.315205300045296,37.96912237,6.087020131285943,0.5668969386687621,stable,False,,inner_validation,
rolling_origin_2023-05-16,rolling_origin_2023-05-16__inner_2_2022-10-18,Z11_ebm,42117,d20d900ee432699d648080eab4327ff21b3fdba1eb0209f691f01444f32fc8fe,P-V02-W001::C016::C018,P-V02-W001,P-V02,GEO_SW,2022-05-17,2022-10-18,154,0.7144543212,23.86031651931827,32.12763239950881,34.90571532,8.26731588019054,11.045398800681728,stable,False,,inner_validation,
rolling_origin_2023-05-16,rolling_origin_2023-05-16__inner_2_2022-10-18,Z11_ebm,42117,d20d900ee432699d648080eab4327ff21b3fdba1eb0209f691f01444f32fc8fe,P-V02-W002::C016::C018,P-V02-W002,P-V02,GEO_SW,2022-05-17,2022-10-18,154,0.7275404873,29.690374167857108,40.34760128799123,44.9998835,10.657227120134124,15.309509332142895,volatile_or_gap,True,,inner_validation,
rolling_origin_2023-05-16,rolling_origin_2023-05-16__inner_2_2022-10-18,Z11_ebm,42117,d20d900ee432699d648080eab4327ff21b3fdba1eb0209f691f01444f32fc8fe,P-V02-W003::C016::C018,P-V02-W003,P-V02,GEO_NW,2022-05-17,2022-10-18,154,0.7379103382,2.968155812386356,3.9908658743226915,9.365956436,1.0227100619363356,6.3978006236136435,stable,False,,inner_validation,
rolling_origin_2023-05-16,rolling_origin_2023-05-16__inner_2_2022-10-18,Z11_ebm,42117,d20d900ee432699d648080eab4327ff21b3fdba1eb0209f691f01444f32fc8fe,P-V02-W004::C016::C018,P-V02-W004,P-V02,GEO_NW,2022-05-17,2022-10-18,154,0.7389173642,11.47957580342532,10.880528030371085,17.10214805,0.5990477730542345,5.622572246574681,stable,False,,inner_validation,
rolling_origin_2023-05-16,rolling_origin_2023-05-16__inner_2_2022-10-18,Z11_ebm,42117,d20d900ee432699d648080eab4327ff21b3fdba1eb0209f691f01444f32fc8fe,P-V02-W005::C016::C018,P-V02-W005,P-V02,GEO_NW,2022-05-17,2022-10-18,154,0.736637066,33.87410444074677,36.06066718072161,44.68145226,2.186562739974839,10.80734781925323,stable,False,,inner_validation,
rolling_origin_2023-05-16,rolling_origin_2023-05-16__inner_2_2022-10-18,Z11_ebm,42117,d20d900ee432699d648080eab4327ff21b3fdba1eb0209f691f01444f32fc8fe,P-V02-W006::C016::C018,P-V02-W006,P-V02,GEO_NW,2022-05-17,2022-10-18,154,0.7237622165,22.11564842727265,30.723510180648073,30.23344518,8.607861753375424,8.117796752727351,stable,False,,inner_validation,
rolling_origin_2023-05-16,rolling_origin_2023-05-16__inner_2_2022-10-18,Z11_ebm,42117,d20d900ee432699d648080eab4327ff21b3fdba1eb0209f691f01444f32fc8fe,P-V02-W007::C016::C018,P-V02-W007,P-V02,GEO_NW,2022-05-17,2022-10-18,154,0.7078282397,17.997803324999982,18.072289221154968,24.60306638,0.07448589615498591,6.6052630550000195,stable,False,,inner_validation,
rolling_origin_2023-05-16,rolling_origin_2023-05-16__inner_2_2022-10-18,Z11_ebm,42117,d20d900ee432699d648080eab4327ff21b3fdba1eb0209f691f01444f32fc8fe,P-V03-W001::C016::C018,P-V03-W001,P-V03,GEO_SW,2022-05-17,2022-10-18,154,0.6768878426,33.290798767694845,21.39785167380565,23.43015006,11.892947093889195,9.860648707694846,stable,False,,inner_validation,
rolling_origin_2023-05-16,rolling_origin_2023-05-16__inner_2_2022-10-18,Z11_ebm,42117,d20d900ee432699d648080eab4327ff21b3fdba1eb0209f691f01444f32fc8fe,P-V03-W002::C016::C018,P-V03-W002,P-V03,GEO_SW,2022-05-17,2022-10-18,154,0.6896094564,39.139467563960885,35.08254350480688,34.43474599,4.056924059154007,4.704721573960882,stable,False,,inner_validation,
rolling_origin_2023-05-16,rolling_origin_2023-05-16__inner_2_2022-10-18,Z11_ebm,42117,d20d900ee432699d648080eab4327ff21b3fdba1eb0209f691f01444f32fc8fe,P-V03-W003::C016::C018,P-V03-W003,P-V03,GEO_SW,2022-05-17,2022-10-18,154,0.696985136,39.7619308831168,34.089282626578246,36.23357289,5.672648256538551,3.528357993116799,stable,False,,inner_validation,
rolling_origin_2023-05-16,rolling_origin_2023-05-16__inner_2_2022-10-18,Z11_ebm,42117,d20d900ee432699d648080eab4327ff21b3fdba1eb0209f691f01444f32fc8fe,P-V03-W004::C016::C018,P-V03-W004,P-V03,GEO_SW,2022-05-17,2022-10-18,154,0.6996352167,28.994028837662157,21.27687753467731,18.93489074,7.7171513029848455,10.059138097662156,stable,False,,inner_validation,
rolling_origin_2023-05-16,rolling_origin_2023-05-16__inner_2_2022-10-18,Z11_ebm,42117,d20d900ee432699d648080eab4327ff21b3fdba1eb0209f691f01444f32fc8fe,P-V03-W005::C016::C018,P-V03-W005,P-V03,GEO_NW,2022-05-17,2022-10-18,154,0.6949253935,38.44528645860393,33.57072205935218,33.24534073,4.874564399251753,5.199945728603929,stable,False,,inner_validation,
rolling_origin_2023-05-16,rolling_origin_2023-05-16__inner_2_2022-10-18,Z11_ebm,42117,d20d900ee432699d648080eab4327ff21b3fdba1eb0209f691f01444f32fc8fe,P-V03-W006::C016::C018,P-V03-W006,P-V03,GEO_NW,2022-05-17,2022-10-18,154,0.6877883557,35.5250977665584,33.4537027474499,31.7998075,2.0713950191085004,3.725290266558403,stable,False,,inner_validation,
rolling_origin_2023-05-16,rolling_origin_2023-05-16__inner_2_2022-10-18,Z11_ebm,42117,d20d900ee432699d648080eab4327ff21b3fdba1eb0209f691f01444f32fc8fe,P-V03-W007::C016::C018,P-V03-W007,P-V03,GEO_NW,2022-05-17,2022-10-18,154,0.6777912888,3.7885217089285534,4.34945020220637,0.2086715667,0.5609284932778165,3.5798501422285534,stable,False,,inner_validation,
rolling_origin_2023-05-16,rolling_origin_2023-05-16__inner_2_2022-10-18,Z11_ebm,42117,d20d900ee432699d648080eab4327ff21b3fdba1eb0209f691f01444f32fc8fe,P-V04-W001::C016::C018,P-V04-W001,P-V04,GEO_NE,2022-05-17,2022-10-18,154,0.6837223224,-1.2327571724025792,2.0277106246508874,3.830866685,3.2604677970534666,5.063623857402579,stable,False,,inner_validation,
rolling_origin_2023-05-16,rolling_origin_2023-05-16__inner_2_2022-10-18,Z11_ebm,42117,d20d900ee432699d648080eab4327ff21b3fdba1eb0209f691f01444f32fc8fe,P-V04-W002::C016::C018,P-V04-W002,P-V04,GEO_NE,2022-05-17,2022-10-18,154,0.6958335627,-1.2176716358766062,1.0745343315963791,1.029229676,2.2922059674729853,2.246901311876606,volatile_or_gap,True,,inner_validation,
rolling_origin_2023-05-16,rolling_origin_2023-05-16__inner_2_2022-10-18,Z11_ebm,42117,d20d900ee432699d648080eab4327ff21b3fdba1eb0209f691f01444f32fc8fe,P-V04-W003::C016::C018,P-V04-W003,P-V04,GEO_NE,2022-05-17,2022-10-18,154,0.7068637112,-1.5003568733765835,-0.9001488329363135,3.704233976,0.60020804044027,5.204590849376583,stable,False,,inner_validation,
rolling_origin_2023-05-16,rolling_origin_2023-05-16__inner_2_2022-10-18,Z11_ebm,42117,d20d900ee432699d648080eab4327ff21b3fdba1eb0209f691f01444f32fc8fe,P-V04-W004::C016::C018,P-V04-W004,P-V04,GEO_NE,2022-05-17,2022-10-18,154,0.7127729736,-1.0569616358766234,-1.6478204445601448,3.084723577,0.5908588086835214,4.141685212876624,stable,False,,inner_validation,
rolling_origin_2023-05-16,rolling_origin_2023-05-16__inner_2_2022-10-18,Z11_ebm,42117,d20d900ee432699d648080eab4327ff21b3fdba1eb0209f691f01444f32fc8fe,P-V04-W005::C016::C018,P-V04-W005,P-V04,GEO_NE,2022-05-17,2022-10-18,154,0.7113404101,-2.651397896590946,2.7741388749096734,0.3084977362,5.425536771500619,2.9598956327909463,volatile_or_gap,True,,inner_validation,
rolling_origin_2023-05-16,rolling_origin_2023-05-16__inner_2_2022-10-18,Z11_ebm,42117,d20d900ee432699d648080eab4327ff21b3fdba1eb0209f691f01444f32fc8fe,P-V04-W006::C016::C018,P-V04-W006,P-V04,GEO_NE,2022-05-17,2022-10-18,154,0.7064408066,-2.328959702922064,0.6457241705992951,2.375921128,2.974683873521359,4.704880830922064,stable,False,,inner_validation,
rolling_origin_2023-05-16,rolling_origin_2023-05-16__inner_2_2022-10-18,Z11_ebm,42117,d20d900ee432699d648080eab4327ff21b3fdba1eb0209f691f01444f32fc8fe,P-V04-W007::C016::C018,P-V04-W007,P-V04,GEO_NE,2022-05-17,2022-10-18,154,0.6951414291,36.5553918832792,35.88154558768995,37.46624359,0.6738462955892501,0.9108517067207984,stable,False,,inner_validation,
rolling_origin_2023-05-16,rolling_origin_2023-05-16__inner_2_2022-10-18,Z11_ebm,42117,d20d900ee432699d648080eab4327ff21b3fdba1eb0209f691f01444f32fc8fe,P-V05-W001::C016::C018,P-V05-W001,P-V05,GEO_SE,2022-05-17,2022-10-18,154,1.436612762,22.947723029220818,21.570135662658142,25.44568013,1.3775873665626754,2.497957100779182,stable,False,,inner_validation,
rolling_origin_2023-05-16,rolling_origin_2023-05-16__inner_2_2022-10-18,Z11_ebm,42117,d20d900ee432699d648080eab4327ff21b3fdba1eb0209f691f01444f32fc8fe,P-V05-W002::C016::C018,P-V05-W002,P-V05,GEO_NE,2022-05-17,2022-10-18,154,1.461211545,21.762157105519545,23.294809343221004,26.93403103,1.532652237701459,5.171873924480455,stable,False,,inner_validation,
rolling_origin_2023-05-16,rolling_origin_2023-05-16__inner_2_2022-10-18,Z11_ebm,42117,d20d900ee432699d648080eab4327ff21b3fdba1eb0209f691f01444f32fc8fe,P-V05-W003::C016::C018,P-V05-W003,P-V05,GEO_NE,2022-05-17,2022-10-18,154,1.463038991,35.29666899350658,31.109344220564637,31.75423861,4.187324772941942,3.542430383506577,stable,False,,inner_validation,
rolling_origin_2023-05-16,rolling_origin_2023-05-16__inner_2_2022-10-18,Z11_ebm,42117,d20d900ee432699d648080eab4327ff21b3fdba1eb0209f691f01444f32fc8fe,P-V05-W004::C016::C018,P-V05-W004,P-V05,GEO_NE,2022-05-17,2022-10-18,154,1.458141844,33.71588359577951,32.699353573957126,34.61922331,1.0165300218223834,0.9033397142204933,stable,False,,inner_validation,
rolling_origin_2023-05-16,rolling_origin_2023-05-16__inner_2_2022-10-18,Z11_ebm,42117,d20d900ee432699d648080eab4327ff21b3fdba1eb0209f691f01444f32fc8fe,P-V05-W005::C016::C018,P-V05-W005,P-V05,GEO_NE,2022-05-17,2022-10-18,154,1.442099937,32.78864666396085,35.03306474539239,36.52776688,2.24441808143154,3.7391202160391543,volatile_or_gap,True,,inner_validation,
rolling_origin_2023-05-16,rolling_origin_2023-05-16__inner_2_2022-10-18,Z11_ebm,42117,d20d900ee432699d648080eab4327ff21b3fdba1eb0209f691f01444f32fc8fe,P-V05-W006::C016::C018,P-V05-W006,P-V05,GEO_NE,2022-05-17,2022-10-18,154,1.424769748,23.5232550438312,20.89046181850955,23.45148677,2.632793225321649,0.07176827383119999,stable,False,,inner_validation,
rolling_origin_2023-05-16,rolling_origin_2023-05-16__inner_2_2022-10-18,Z11_ebm,42117,d20d900ee432699d648080eab4327ff21b3fdba1eb0209f691f01444f32fc8fe,P-V05-W007::C016::C018,P-V05-W007,P-V05,GEO_NE,2022-05-17,2022-10-18,154,1.389694986,33.40339799025975,31.788247902707162,29.31909765,1.6151500875525855,4.084300340259748,stable,False,,inner_validation,
rolling_origin_2023-05-16,rolling_origin_2023-05-16__inner_2_2022-10-18,Z11_ebm,42117,d20d900ee432699d648080eab4327ff21b3fdba1eb0209f691f01444f32fc8fe,P-V06-W002::C016::C018,P-V06-W002,P-V06,GEO_NE,2022-05-17,2022-10-18,154,0.7162377617,23.95494686493508,20.901450730328545,23.82196365,3.0534961346065366,0.1329832149350807,stable,False,,inner_validation,
rolling_origin_2023-05-16,rolling_origin_2023-05-16__inner_2_2022-10-18,Z11_ebm,42117,d20d900ee432699d648080eab4327ff21b3fdba1eb0209f691f01444f32fc8fe,P-V06-W003::C016::C018,P-V06-W003,P-V06,GEO_NE,2022-05-17,2022-10-18,154,0.7243462291,33.72282429448049,28.42788034114171,29.5042684,5.29494395333878,4.218555894480488,stable,False,,inner_validation,
rolling_origin_2023-05-16,rolling_origin_2023-05-16__inner_2_2022-10-18,Z11_ebm,42117,d20d900ee432699d648080eab4327ff21b3fdba1eb0209f691f01444f32fc8fe,P-V06-W004::C016::C018,P-V06-W004,P-V06,GEO_NE,2022-05-17,2022-10-18,154,0.7315283514,23.927582761850665,17.31435459550123,21.56448878,6.613228166349437,2.363093981850664,stable,False,,inner_validation,
rolling_origin_2023-05-16,rolling_origin_2023-05-16__inner_2_2022-10-18,Z11_ebm,42117,d20d900ee432699d648080eab4327ff21b3fdba1eb0209f691f01444f32fc8fe,P-V06-W005::C016::C018,P-V06-W005,P-V06,GEO_NE,2022-05-17,2022-10-18,154,0.727595503,39.48038171542205,37.39120976446619,41.57421247,2.0891719509558584,2.093830754577951,stable,False,,inner_validation,
rolling_origin_2023-05-16,rolling_origin_2023-05-16__inner_2_2022-10-18,Z11_ebm,42117,d20d900ee432699d648080eab4327ff21b3fdba1eb0209f691f01444f32fc8fe,P-V06-W006::C016::C018,P-V06-W006,P-V06,GEO_NE,2022-05-17,2022-10-18,154,0.709831882,20.723378753084397,12.495598045135107,14.89769337,8.22778070794929,5.825685383084396,stable,False,,inner_validation,
rolling_origin_2023-05-16,rolling_origin_2023-05-16__inner_2_2022-10-18,Z11_ebm,42117,d20d900ee432699d648080eab4327ff21b3fdba1eb0209f691f01444f32fc8fe,P-V06-W007::C016::C018,P-V06-W007,P-V06,GEO_NE,2022-05-17,2022-10-18,154,0.6938808887,20.74988309561688,12.582351202997897,16.53640786,8.167531892618983,4.21347523561688,stable,False,,inner_validation,
rolling_origin_2023-05-16,rolling_origin_2023-05-16__inner_2_2022-10-18,Z11_ebm,42117,d20d900ee432699d648080eab4327ff21b3fdba1eb0209f691f01444f32fc8fe,P-D01-W001::C017::C018,P-D01-W001,P-D01,GEO_SW,2022-07-19,2022-10-18,91,0.6967133617,151.49690590384623,106.66983287877913,140.5992726,44.827073025067094,10.89763330384622,accelerating,True,,inner_validation,
rolling_origin_2023-05-16,rolling_origin_2023-05-16__inner_2_2022-10-18,Z11_ebm,42117,d20d900ee432699d648080eab4327ff21b3fdba1eb0209f691f01444f32fc8fe,P-D01-W002::C017::C018,P-D01-W002,P-D01,GEO_SW,2022-07-19,2022-10-18,91,0.7162685057,45.99918964697802,35.97951069331083,45.0199747,10.019678953667189,0.9792149469780185,stable,False,,inner_validation,
rolling_origin_2023-05-16,rolling_origin_2023-05-16__inner_2_2022-10-18,Z11_ebm,42117,d20d900ee432699d648080eab4327ff21b3fdba1eb0209f691f01444f32fc8fe,P-D01-W005::C017::C018,P-D01-W005,P-D01,GEO_SW,2022-07-19,2022-10-18,91,0.7409730276,41.86047567032968,35.75358893365098,42.74465833,6.106886736678696,0.8841826596703228,stable,False,,inner_validation,
rolling_origin_2023-05-16,rolling_origin_2023-05-16__inner_2_2022-10-18,Z11_ebm,42117,d20d900ee432699d648080eab4327ff21b3fdba1eb0209f691f01444f32fc8fe,P-D01-W006::C017::C018,P-D01-W006,P-D01,GEO_SW,2022-07-19,2022-10-18,91,0.7349848662,94.39128577005503,77.87573954238789,77.38306307,16.515546227667144,17.00822270005503,accelerating,True,,inner_validation,
rolling_origin_2023-05-16,rolling_origin_2023-05-16__inner_2_2022-10-18,Z11_ebm,42117,d20d900ee432699d648080eab4327ff21b3fdba1eb0209f691f01444f32fc8fe,P-D01-W007::C017::C018,P-D01-W007,P-D01,GEO_SW,2022-07-19,2022-10-18,91,0.7179738,26.54855266978021,15.402437602885131,21.53602464,11.14611506689508,5.01252802978021,stable,False,,inner_validation,
rolling_origin_2023-05-16,rolling_origin_2023-05-16__inner_2_2022-10-18,Z11_ebm,42117,d20d900ee432699d648080eab4327ff21b3fdba1eb0209f691f01444f32fc8fe,P-H03-W001::C017::C018,P-H03-W001,P-H03,GEO_SE,2022-07-19,2022-10-18,91,0.7021923722,37.49158194642862,48.367876309747814,40.55512027,10.876294363319197,3.063538323571386,decelerating,True,,inner_validation,
rolling_origin_2023-05-16,rolling_origin_2023-05-16__inner_2_2022-10-18,Z11_ebm,42117,d20d900ee432699d648080eab4327ff21b3fdba1eb0209f691f01444f32fc8fe,P-H03-W002::C017::C018,P-H03-W002,P-H03,GEO_SE,2022-07-19,2022-10-18,91,0.7212469117,42.59093713846139,45.56858523645797,48.26499664,2.9776480979965783,5.674059501538608,stable,False,,inner_validation,
rolling_origin_2023-05-16,rolling_origin_2023-05-16__inner_2_2022-10-18,Z11_ebm,42117,d20d900ee432699d648080eab4327ff21b3fdba1eb0209f691f01444f32fc8fe,P-H03-W004::C017::C018,P-H03-W004,P-H03,GEO_SE,2022-07-19,2022-10-18,91,0.7277592914,42.97303559917579,59.03941517830106,49.36371895,16.066379579125275,6.390683350824212,accelerating,True,,inner_validation,
rolling_origin_2023-05-16,rolling_origin_2023-05-16__inner_2_2022-10-18,Z11_ebm,42117,d20d900ee432699d648080eab4327ff21b3fdba1eb0209f691f01444f32fc8fe,P-H03-W006::C017::C018,P-H03-W006,P-H03,GEO_SE,2022-07-19,2022-10-18,91,0.7180436347,44.2253694782966,58.145577635062075,54.2157343,13.920208156765476,9.990364821703402,accelerating,True,,inner_validation,
rolling_origin_2023-05-16,rolling_origin_2023-05-16__inner_2_2022-10-18,Z11_ebm,42117,d20d900ee432699d648080eab4327ff21b3fdba1eb0209f691f01444f32fc8fe,P-H04-W002::C017::C018,P-H04-W002,P-H04,GEO_SW,2022-07-19,2022-10-18,91,0.7383906112,131.70719932417566,31.13536049154239,10.187571,100.57183883263328,121.51962832417566,decelerating,True,,inner_validation,
rolling_origin_2023-05-16,rolling_origin_2023-05-16__inner_2_2022-10-18,Z11_ebm,42117,d20d900ee432699d648080eab4327ff21b3fdba1eb0209f691f01444f32fc8fe,P-H04-W003::C017::C018,P-H04-W003,P-H04,GEO_SW,2022-07-19,2022-10-18,91,0.7533988908,29.44585093269214,37.235082518470804,7.336359798,7.789231585778666,22.10949113469214,decelerating,True,,inner_validation,
rolling_origin_2023-05-16,rolling_origin_2023-05-16__inner_2_2022-10-18,Z11_ebm,42117,d20d900ee432699d648080eab4327ff21b3fdba1eb0209f691f01444f32fc8fe,P-H04-W004::C017::C018,P-H04-W004,P-H04,GEO_SW,2022-07-19,2022-10-18,91,0.7533682995,16.79220940467036,20.899843633023917,1.380801729,4.107634228353557,15.41140767567036,decelerating,True,,inner_validation,
rolling_origin_2023-05-16,rolling_origin_2023-05-16__inner_2_2022-10-18,Z11_ebm,42117,d20d900ee432699d648080eab4327ff21b3fdba1eb0209f691f01444f32fc8fe,P-H04-W005::C017::C018,P-H04-W005,P-H04,GEO_SW,2022-07-19,2022-10-18,91,0.7463479577,23.73557016181326,36.05526502783293,20.43566101,12.31969486601967,3.29990915181326,decelerating,True,,inner_validation,
rolling_origin_2023-05-16,rolling_origin_2023-05-16__inner_2_2022-10-18,Z11_ebm,42117,d20d900ee432699d648080eab4327ff21b3fdba1eb0209f691f01444f32fc8fe,P-H04-W006::C017::C018,P-H04-W006,P-H04,GEO_SW,2022-07-19,2022-10-18,91,0.7238004984,42.59891403791213,44.61842616789037,33.15061631,2.0195121299782386,9.448297727912134,decelerating,True,,inner_validation,
rolling_origin_2023-05-16,rolling_origin_2023-05-16__inner_3_2023-01-17,Z11_ebm,42117,d20d900ee432699d648080eab4327ff21b3fdba1eb0209f691f01444f32fc8fe,P-H01-W001::C018::C019,P-H01-W001,P-H01,GEO_SW,2022-10-18,2023-01-17,91,0.7246197394,15.063185743681345,24.88847596624887,17.84098184,9.825290222567524,2.7777960963186565,stable,False,,inner_validation,
rolling_origin_2023-05-16,rolling_origin_2023-05-16__inner_3_2023-01-17,Z11_ebm,42117,d20d900ee432699d648080eab4327ff21b3fdba1eb0209f691f01444f32fc8fe,P-H01-W002::C018::C019,P-H01-W002,P-H01,GEO_SW,2022-10-18,2023-01-17,91,0.771101411,118.2567243824176,138.22756472284857,124.3371144,19.970840340430968,6.080390017582403,accelerating,True,,inner_validation,
rolling_origin_2023-05-16,rolling_origin_2023-05-16__inner_3_2023-01-17,Z11_ebm,42117,d20d900ee432699d648080eab4327ff21b3fdba1eb0209f691f01444f32fc8fe,P-H01-W003::C018::C019,P-H01-W003,P-H01,GEO_SW,2022-10-18,2023-01-17,91,0.8056518467,67.94134939615383,95.56253090820356,70.08737781,27.62118151204973,2.1460284138461816,decelerating,True,,inner_validation,
rolling_origin_2023-05-16,rolling_origin_2023-05-16__inner_3_2023-01-17,Z11_ebm,42117,d20d900ee432699d648080eab4327ff21b3fdba1eb0209f691f01444f32fc8fe,P-H01-W005::C018::C019,P-H01-W005,P-H01,GEO_SW,2022-10-18,2023-01-17,91,0.8048546651,29.56902768214294,41.28216477782943,39.333122,11.713137095686488,9.764094317857062,stable,False,,inner_validation,
rolling_origin_2023-05-16,rolling_origin_2023-05-16__inner_3_2023-01-17,Z11_ebm,42117,d20d900ee432699d648080eab4327ff21b3fdba1eb0209f691f01444f32fc8fe,P-H01-W006::C018::C019,P-H01-W006,P-H01,GEO_SW,2022-10-18,2023-01-17,91,0.7795346806,13.570047757417504,25.70481039219766,23.01327085,12.134762634780158,9.443223092582498,stable,False,,inner_validation,
rolling_origin_2023-05-16,rolling_origin_2023-05-16__inner_3_2023-01-17,Z11_ebm,42117,d20d900ee432699d648080eab4327ff21b3fdba1eb0209f691f01444f32fc8fe,P-H01-W007::C018::C019,P-H01-W007,P-H01,GEO_SW,2022-10-18,2023-01-17,91,0.7218764117,36.082078584065975,39.89428444399222,39.82922426,3.8122058599262445,3.7471456759340214,stable,False,,inner_validation,
rolling_origin_2023-05-16,rolling_origin_2023-05-16__inner_3_2023-01-17,Z11_ebm,42117,d20d900ee432699d648080eab4327ff21b3fdba1eb0209f691f01444f32fc8fe,P-H02-W001::C018::C019,P-H02-W001,P-H02,GEO_SW,2022-10-18,2023-01-17,91,0.7112686979,27.993995026648417,29.35600168480717,25.48239632,1.3620066581587515,2.5115987066484173,stable,False,,inner_validation,
rolling_origin_2023-05-16,rolling_origin_2023-05-16__inner_3_2023-01-17,Z11_ebm,42117,d20d900ee432699d648080eab4327ff21b3fdba1eb0209f691f01444f32fc8fe,P-H02-W002::C018::C019,P-H02-W002,P-H02,GEO_SW,2022-10-18,2023-01-17,91,0.7371147589,70.68573394038461,66.496880930624,46.61362475,4.1888530097606065,24.07210919038461,accelerating,True,,inner_validation,
rolling_origin_2023-05-16,rolling_origin_2023-05-16__inner_3_2023-01-17,Z11_ebm,42117,d20d900ee432699d648080eab4327ff21b3fdba1eb0209f691f01444f32fc8fe,P-H02-W003::C018::C019,P-H02-W003,P-H02,GEO_SW,2022-10-18,2023-01-17,91,0.7496950792,115.00903296428577,112.0753860982491,93.99135738,2.9336468660366677,21.01767558428577,accelerating,True,,inner_validation,
rolling_origin_2023-05-16,rolling_origin_2023-05-16__inner_3_2023-01-17,Z11_ebm,42117,d20d900ee432699d648080eab4327ff21b3fdba1eb0209f691f01444f32fc8fe,P-H02-W004::C018::C019,P-H02-W004,P-H02,GEO_SW,2022-10-18,2023-01-17,91,0.7523123242,29.38950610302192,21.04083119439269,19.11308924,8.348674908629228,10.276416863021918,stable,False,,inner_validation,
rolling_origin_2023-05-16,rolling_origin_2023-05-16__inner_3_2023-01-17,Z11_ebm,42117,d20d900ee432699d648080eab4327ff21b3fdba1eb0209f691f01444f32fc8fe,P-H02-W006::C018::C019,P-H02-W006,P-H02,GEO_SW,2022-10-18,2023-01-17,91,0.7359152411,20.706857758516563,17.757586264158544,13.72544466,2.949271494358019,6.981413098516562,stable,False,,inner_validation,
rolling_origin_2023-05-16,rolling_origin_2023-05-16__inner_3_2023-01-17,Z11_ebm,42117,d20d900ee432699d648080eab4327ff21b3fdba1eb0209f691f01444f32fc8fe,P-H02-W007::C018::C019,P-H02-W007,P-H02,GEO_SW,2022-10-18,2023-01-17,91,0.7077756315,37.66014522280226,38.74842129631314,38.97422235,1.0882760735108832,1.3140771271977414,stable,False,,inner_validation,
rolling_origin_2023-07-25,rolling_origin_2023-07-25__inner_1_2022-10-18,Z11_ebm,42117,d20d900ee432699d648080eab4327ff21b3fdba1eb0209f691f01444f32fc8fe,P-D01-W003::C016::C018,P-D01-W003,P-D01,GEO_SW,2022-05-17,2022-10-18,154,0.7627195049,7.043165793993441,5.000570170880575,-3.417058505,2.0425956231128657,10.460224298993442,decelerating,True,,inner_validation,
rolling_origin_2023-07-25,rolling_origin_2023-07-25__inner_1_2022-10-18,Z11_ebm,42117,d20d900ee432699d648080eab4327ff21b3fdba1eb0209f691f01444f32fc8fe,P-D01-W004::C016::C018,P-D01-W004,P-D01,GEO_SW,2022-05-17,2022-10-18,154,0.7696272298,5.209091854383137,2.6758551125843044,0.36220908,2.533236741798832,4.846882774383136,stable,False,,inner_validation,
rolling_origin_2023-07-25,rolling_origin_2023-07-25__inner_1_2022-10-18,Z11_ebm,42117,d20d900ee432699d648080eab4327ff21b3fdba1eb0209f691f01444f32fc8fe,P-H01-W001::C016::C018,P-H01-W001,P-H01,GEO_SW,2022-05-17,2022-10-18,154,1.368706262,17.84098181444804,23.887640349733,23.13233246,6.046658535284962,5.291350645551962,stable,False,,inner_validation,
rolling_origin_2023-07-25,rolling_origin_2023-07-25__inner_1_2022-10-18,Z11_ebm,42117,d20d900ee432699d648080eab4327ff21b3fdba1eb0209f691f01444f32fc8fe,P-H01-W002::C016::C018,P-H01-W002,P-H01,GEO_SW,2022-05-17,2022-10-18,154,1.450769379,124.33711452905848,102.52349170035826,100.9477933,21.81362282870022,23.38932122905848,accelerating,True,,inner_validation,
rolling_origin_2023-07-25,rolling_origin_2023-07-25__inner_1_2022-10-18,Z11_ebm,42117,d20d900ee432699d648080eab4327ff21b3fdba1eb0209f691f01444f32fc8fe,P-H01-W003::C016::C018,P-H01-W003,P-H01,GEO_SW,2022-05-17,2022-10-18,154,1.512841764,70.08737779626617,89.26339615140402,94.16792811,19.176018355137856,24.080550313733838,volatile_or_gap,True,,inner_validation,
rolling_origin_2023-07-25,rolling_origin_2023-07-25__inner_1_2022-10-18,Z11_ebm,42117,d20d900ee432699d648080eab4327ff21b3fdba1eb0209f691f01444f32fc8fe,P-H01-W005::C016::C018,P-H01-W005,P-H01,GEO_SW,2022-05-17,2022-10-18,154,1.509148816,39.33312216525973,41.93527572506977,41.56917803,2.6021535598100414,2.2360558647402726,volatile_or_gap,True,,inner_validation,
rolling_origin_2023-07-25,rolling_origin_2023-07-25__inner_1_2022-10-18,Z11_ebm,42117,d20d900ee432699d648080eab4327ff21b3fdba1eb0209f691f01444f32fc8fe,P-H01-W006::C016::C018,P-H01-W006,P-H01,GEO_SW,2022-05-17,2022-10-18,154,1.461306554,23.013270936526023,26.919223064214098,26.62191227,3.9059521276880744,3.608641333473976,stable,False,,inner_validation,
rolling_origin_2023-07-25,rolling_origin_2023-07-25__inner_1_2022-10-18,Z11_ebm,42117,d20d900ee432699d648080eab4327ff21b3fdba1eb0209f691f01444f32fc8fe,P-H01-W007::C016::C018,P-H01-W007,P-H01,GEO_SW,2022-05-17,2022-10-18,154,1.356209329,39.82922416363641,41.32583950580822,39.02694972,1.4966153421718076,0.8022744436364135,stable,False,,inner_validation,
rolling_origin_2023-07-25,rolling_origin_2023-07-25__inner_1_2022-10-18,Z11_ebm,42117,d20d900ee432699d648080eab4327ff21b3fdba1eb0209f691f01444f32fc8fe,P-H02-W001::C016::C018,P-H02-W001,P-H02,GEO_SW,2022-05-17,2022-10-18,154,0.7299810702,25.48239627564928,32.95551722575994,31.13645673,7.473120950110662,5.65406045435072,stable,False,,inner_validation,
rolling_origin_2023-07-25,rolling_origin_2023-07-25__inner_1_2022-10-18,Z11_ebm,42117,d20d900ee432699d648080eab4327ff21b3fdba1eb0209f691f01444f32fc8fe,P-H02-W002::C016::C018,P-H02-W002,P-H02,GEO_SW,2022-05-17,2022-10-18,154,0.7543741622,46.6136248003247,32.23308391021887,30.16614369,14.380540890105827,16.447481110324702,volatile_or_gap,True,,inner_validation,
rolling_origin_2023-07-25,rolling_origin_2023-07-25__inner_1_2022-10-18,Z11_ebm,42117,d20d900ee432699d648080eab4327ff21b3fdba1eb0209f691f01444f32fc8fe,P-H02-W003::C016::C018,P-H02-W003,P-H02,GEO_SW,2022-05-17,2022-10-18,154,0.7663772215,93.99135734415582,91.80525071867228,67.31846991,2.186106625483532,26.67288743415581,accelerating,True,,inner_validation,
rolling_origin_2023-07-25,rolling_origin_2023-07-25__inner_1_2022-10-18,Z11_ebm,42117,d20d900ee432699d648080eab4327ff21b3fdba1eb0209f691f01444f32fc8fe,P-H02-W004::C016::C018,P-H02-W004,P-H02,GEO_SW,2022-05-17,2022-10-18,154,0.7689854562,19.1130892193182,22.7943705435993,20.37862631,3.681281324281098,1.2655370906818,stable,False,,inner_validation,
rolling_origin_2023-07-25,rolling_origin_2023-07-25__inner_1_2022-10-18,Z11_ebm,42117,d20d900ee432699d648080eab4327ff21b3fdba1eb0209f691f01444f32fc8fe,P-H02-W006::C016::C018,P-H02-W006,P-H02,GEO_SW,2022-05-17,2022-10-18,154,0.7540670304,13.72544466525971,12.187460931332302,17.98008013,1.5379837339274083,4.254635464740291,stable,False,,inner_validation,
rolling_origin_2023-07-25,rolling_origin_2023-07-25__inner_1_2022-10-18,Z11_ebm,42117,d20d900ee432699d648080eab4327ff21b3fdba1eb0209f691f01444f32fc8fe,P-H02-W007::C016::C018,P-H02-W007,P-H02,GEO_SW,2022-05-17,2022-10-18,154,0.7281005173,38.974222534577926,35.76655908851359,33.40948927,3.2076634460643376,5.564733264577924,stable,False,,inner_validation,
rolling_origin_2023-07-25,rolling_origin_2023-07-25__inner_1_2022-10-18,Z11_ebm,42117,d20d900ee432699d648080eab4327ff21b3fdba1eb0209f691f01444f32fc8fe,P-H03-W003::C016::C018,P-H03-W003,P-H03,GEO_SE,2022-05-17,2022-10-18,154,0.7231692143,40.302616387500095,35.264610212835365,43.85530117,5.03800617466473,3.5526847824999024,volatile_or_gap,True,,inner_validation,
rolling_origin_2023-07-25,rolling_origin_2023-07-25__inner_1_2022-10-18,Z11_ebm,42117,d20d900ee432699d648080eab4327ff21b3fdba1eb0209f691f01444f32fc8fe,P-H03-W005::C016::C018,P-H03-W005,P-H03,GEO_SE,2022-05-17,2022-10-18,154,0.7248173232,41.961835902272696,48.154872348862774,45.00768563,6.193036446590078,3.045849727727301,volatile_or_gap,True,,inner_validation,
rolling_origin_2023-07-25,rolling_origin_2023-07-25__inner_1_2022-10-18,Z11_ebm,42117,d20d900ee432699d648080eab4327ff21b3fdba1eb0209f691f01444f32fc8fe,P-H04-W001::C016::C018,P-H04-W001,P-H04,GEO_SW,2022-05-17,2022-10-18,154,0.7191476325,9.517638487987064,17.30814019697057,29.45678962,7.790501708983506,19.939151132012935,stable,False,,inner_validation,
rolling_origin_2023-07-25,rolling_origin_2023-07-25__inner_1_2022-10-18,Z11_ebm,42117,d20d900ee432699d648080eab4327ff21b3fdba1eb0209f691f01444f32fc8fe,P-H04-W007::C016::C018,P-H04-W007,P-H04,GEO_SW,2022-05-17,2022-10-18,154,0.6971430642,19.2938784823052,24.904820841911665,35.85257954,5.610942359606465,16.5587010576948,accelerating,True,,inner_validation,
rolling_origin_2023-07-25,rolling_origin_2023-07-25__inner_1_2022-10-18,Z11_ebm,42117,d20d900ee432699d648080eab4327ff21b3fdba1eb0209f691f01444f32fc8fe,P-H05-W001::C016::C018,P-H05-W001,P-H05,GEO_NE,2022-05-17,2022-10-18,154,0.8607452163,44.48951579707786,33.87754681198155,36.34698676,10.611968985096304,8.142529037077857,stable,False,,inner_validation,
rolling_origin_2023-07-25,rolling_origin_2023-07-25__inner_1_2022-10-18,Z11_ebm,42117,d20d900ee432699d648080eab4327ff21b3fdba1eb0209f691f01444f32fc8fe,P-H05-W003::C016::C018,P-H05-W003,P-H05,GEO_NE,2022-05-17,2022-10-18,154,0.9385456286,27.35038249188276,24.160841506616944,26.13137406,3.1895409852658148,1.2190084318827594,volatile_or_gap,True,,inner_validation,
rolling_origin_2023-07-25,rolling_origin_2023-07-25__inner_1_2022-10-18,Z11_ebm,42117,d20d900ee432699d648080eab4327ff21b3fdba1eb0209f691f01444f32fc8fe,P-H05-W004::C016::C018,P-H05-W004,P-H05,GEO_NE,2022-05-17,2022-10-18,154,0.9518200242,34.9152910714284,26.273738765847877,27.45017526,8.641552305580522,7.465115811428397,stable,False,,inner_validation,
rolling_origin_2023-07-25,rolling_origin_2023-07-25__inner_1_2022-10-18,Z11_ebm,42117,d20d900ee432699d648080eab4327ff21b3fdba1eb0209f691f01444f32fc8fe,P-H05-W005::C016::C018,P-H05-W005,P-H05,GEO_NE,2022-05-17,2022-10-18,154,0.941470774,31.227537331169312,17.473017513073927,16.76894609,13.754519818095385,14.458591241169312,stable,False,,inner_validation,
rolling_origin_2023-07-25,rolling_origin_2023-07-25__inner_1_2022-10-18,Z11_ebm,42117,d20d900ee432699d648080eab4327ff21b3fdba1eb0209f691f01444f32fc8fe,P-H05-W006::C016::C018,P-H05-W006,P-H05,GEO_NE,2022-05-17,2022-10-18,154,0.911930806,24.491992913960857,17.046971752578617,19.4379716,7.44502116138224,5.054021313960856,stable,False,,inner_validation,
rolling_origin_2023-07-25,rolling_origin_2023-07-25__inner_1_2022-10-18,Z11_ebm,42117,d20d900ee432699d648080eab4327ff21b3fdba1eb0209f691f01444f32fc8fe,P-H05-W007::C016::C018,P-H05-W007,P-H05,GEO_NE,2022-05-17,2022-10-18,154,0.8653420454,28.97879838701319,18.08959005924283,19.08615134,10.889208327770358,9.892647047013188,stable,False,,inner_validation,
rolling_origin_2023-07-25,rolling_origin_2023-07-25__inner_1_2022-10-18,Z11_ebm,42117,d20d900ee432699d648080eab4327ff21b3fdba1eb0209f691f01444f32fc8fe,P-H06-W001::C016::C018,P-H06-W001,P-H06,GEO_NE,2022-05-17,2022-10-18,154,1.057078752,3.623761228733787,6.534430967442745,2.526655277,2.910669738708958,1.0971059517337869,stable,False,,inner_validation,
rolling_origin_2023-07-25,rolling_origin_2023-07-25__inner_1_2022-10-18,Z11_ebm,42117,d20d900ee432699d648080eab4327ff21b3fdba1eb0209f691f01444f32fc8fe,P-H06-W002::C016::C018,P-H06-W002,P-H06,GEO_NE,2022-05-17,2022-10-18,154,1.111849815,4.010419147889608,4.078063572620967,1.636657848,0.06764442473135901,2.373761299889608,stable,False,,inner_validation,
rolling_origin_2023-07-25,rolling_origin_2023-07-25__inner_1_2022-10-18,Z11_ebm,42117,d20d900ee432699d648080eab4327ff21b3fdba1eb0209f691f01444f32fc8fe,P-H06-W003::C016::C018,P-H06-W003,P-H06,GEO_NE,2022-05-17,2022-10-18,154,1.138827426,2.3222642435064644,2.7160941021418337,1.765618414,0.39382985863536923,0.5566458295064645,stable,False,,inner_validation,
rolling_origin_2023-07-25,rolling_origin_2023-07-25__inner_1_2022-10-18,Z11_ebm,42117,d20d900ee432699d648080eab4327ff21b3fdba1eb0209f691f01444f32fc8fe,P-H06-W004::C016::C018,P-H06-W004,P-H06,GEO_NE,2022-05-17,2022-10-18,154,1.145028248,-0.4427743125000178,0.4223526999989788,2.410764816,0.8651270124989966,2.853539128500018,stable,False,,inner_validation,
rolling_origin_2023-07-25,rolling_origin_2023-07-25__inner_1_2022-10-18,Z11_ebm,42117,d20d900ee432699d648080eab4327ff21b3fdba1eb0209f691f01444f32fc8fe,P-H06-W005::C016::C018,P-H06-W005,P-H06,GEO_NE,2022-05-17,2022-10-18,154,1.133864673,-0.3362149967532031,1.5742784166302763,2.499108018,1.9104934133834794,2.835323014753203,stable,False,,inner_validation,
rolling_origin_2023-07-25,rolling_origin_2023-07-25__inner_1_2022-10-18,Z11_ebm,42117,d20d900ee432699d648080eab4327ff21b3fdba1eb0209f691f01444f32fc8fe,P-H06-W007::C016::C018,P-H06-W007,P-H06,GEO_NE,2022-05-17,2022-10-18,154,1.041156933,2.103508476331172,-0.7178855255136374,1.035606285,2.8213940018448094,1.067902191331172,stable,False,,inner_validation,
rolling_origin_2023-07-25,rolling_origin_2023-07-25__inner_1_2022-10-18,Z11_ebm,42117,d20d900ee432699d648080eab4327ff21b3fdba1eb0209f691f01444f32fc8fe,P-H07-W001::C016::C018,P-H07-W001,P-H07,GEO_NE,2022-05-17,2022-10-18,154,0.7282527176,28.919479889610425,41.2820834695888,40.7491784,12.362603579978373,11.829698510389573,accelerating,True,,inner_validation,
rolling_origin_2023-07-25,rolling_origin_2023-07-25__inner_1_2022-10-18,Z11_ebm,42117,d20d900ee432699d648080eab4327ff21b3fdba1eb0209f691f01444f32fc8fe,P-H07-W002::C016::C018,P-H07-W002,P-H07,GEO_NE,2022-05-17,2022-10-18,154,0.7421759922,31.595683241883155,33.55401334503748,39.31478662,1.9583301031543279,7.719103378116845,stable,False,,inner_validation,
rolling_origin_2023-07-25,rolling_origin_2023-07-25__inner_1_2022-10-18,Z11_ebm,42117,d20d900ee432699d648080eab4327ff21b3fdba1eb0209f691f01444f32fc8fe,P-H07-W003::C016::C018,P-H07-W003,P-H07,GEO_NE,2022-05-17,2022-10-18,154,0.7542487143,3.726289275487054,1.0197953756207334,5.657607178,2.7064938998663206,1.931317902512946,stable,False,,inner_validation,
rolling_origin_2023-07-25,rolling_origin_2023-07-25__inner_1_2022-10-18,Z11_ebm,42117,d20d900ee432699d648080eab4327ff21b3fdba1eb0209f691f01444f32fc8fe,P-H07-W004::C016::C018,P-H07-W004,P-H07,GEO_NE,2022-05-17,2022-10-18,154,0.7551761935,29.791634275324707,31.050379353047646,34.8080854,1.2587450777229385,5.016451124675296,stable,False,,inner_validation,
rolling_origin_2023-07-25,rolling_origin_2023-07-25__inner_1_2022-10-18,Z11_ebm,42117,d20d900ee432699d648080eab4327ff21b3fdba1eb0209f691f01444f32fc8fe,P-H07-W005::C016::C018,P-H07-W005,P-H07,GEO_NE,2022-05-17,2022-10-18,154,0.7485541433,0.2997422227597383,7.369122344245398,7.524883256,7.06938012148566,7.225141033240262,accelerating,True,,inner_validation,
rolling_origin_2023-07-25,rolling_origin_2023-07-25__inner_1_2022-10-18,Z11_ebm,42117,d20d900ee432699d648080eab4327ff21b3fdba1eb0209f691f01444f32fc8fe,P-H07-W006::C016::C018,P-H07-W006,P-H07,GEO_NE,2022-05-17,2022-10-18,154,0.7312347569,17.771830288977288,20.960560343053835,22.9234954,3.1887300540765473,5.151665111022712,stable,False,,inner_validation,
rolling_origin_2023-07-25,rolling_origin_2023-07-25__inner_1_2022-10-18,Z11_ebm,42117,d20d900ee432699d648080eab4327ff21b3fdba1eb0209f691f01444f32fc8fe,P-V01-W001::C016::C018,P-V01-W001,P-V01,GEO_SW,2022-05-17,2022-10-18,154,0.7029270976,38.53252167759743,29.270034309303693,33.83841113,9.262487368293737,4.6941105475974325,stable,False,,inner_validation,
rolling_origin_2023-07-25,rolling_origin_2023-07-25__inner_1_2022-10-18,Z11_ebm,42117,d20d900ee432699d648080eab4327ff21b3fdba1eb0209f691f01444f32fc8fe,P-V01-W002::C016::C018,P-V01-W002,P-V01,GEO_SW,2022-05-17,2022-10-18,154,0.7347884306,39.66788351444808,34.15848766977729,32.03870597,5.509395844670792,7.629177544448076,stable,False,,inner_validation,
rolling_origin_2023-07-25,rolling_origin_2023-07-25__inner_1_2022-10-18,Z11_ebm,42117,d20d900ee432699d648080eab4327ff21b3fdba1eb0209f691f01444f32fc8fe,P-V01-W003::C016::C018,P-V01-W003,P-V01,GEO_SW,2022-05-17,2022-10-18,154,0.7533561413,21.63937215146105,29.115809498396345,18.79877866,7.476437346935295,2.84059349146105,stable,False,,inner_validation,
rolling_origin_2023-07-25,rolling_origin_2023-07-25__inner_1_2022-10-18,Z11_ebm,42117,d20d900ee432699d648080eab4327ff21b3fdba1eb0209f691f01444f32fc8fe,P-V01-W004::C016::C018,P-V01-W004,P-V01,GEO_SW,2022-05-17,2022-10-18,154,0.7571370238,23.55181474772725,29.437303112304917,23.10346318,5.885488364577668,0.4483515677272507,stable,False,,inner_validation,
rolling_origin_2023-07-25,rolling_origin_2023-07-25__inner_1_2022-10-18,Z11_ebm,42117,d20d900ee432699d648080eab4327ff21b3fdba1eb0209f691f01444f32fc8fe,P-V01-W005::C016::C018,P-V01-W005,P-V01,GEO_SW,2022-05-17,2022-10-18,154,0.7529894848,32.786308115259786,28.391514462149328,31.37837954,4.394793653110458,1.4079285752597848,stable,False,,inner_validation,
rolling_origin_2023-07-25,rolling_origin_2023-07-25__inner_1_2022-10-18,Z11_ebm,42117,d20d900ee432699d648080eab4327ff21b3fdba1eb0209f691f01444f32fc8fe,P-V01-W007::C016::C018,P-V01-W007,P-V01,GEO_SW,2022-05-17,2022-10-18,154,0.7163964142,37.40222543133124,31.315205300045296,37.96912237,6.087020131285943,0.5668969386687621,stable,False,,inner_validation,
rolling_origin_2023-07-25,rolling_origin_2023-07-25__inner_1_2022-10-18,Z11_ebm,42117,d20d900ee432699d648080eab4327ff21b3fdba1eb0209f691f01444f32fc8fe,P-V02-W001::C016::C018,P-V02-W001,P-V02,GEO_SW,2022-05-17,2022-10-18,154,0.7144543212,23.86031651931827,32.12763239950881,34.90571532,8.26731588019054,11.045398800681728,stable,False,,inner_validation,
rolling_origin_2023-07-25,rolling_origin_2023-07-25__inner_1_2022-10-18,Z11_ebm,42117,d20d900ee432699d648080eab4327ff21b3fdba1eb0209f691f01444f32fc8fe,P-V02-W002::C016::C018,P-V02-W002,P-V02,GEO_SW,2022-05-17,2022-10-18,154,0.7275404873,29.690374167857108,40.34760128799123,44.9998835,10.657227120134124,15.309509332142895,volatile_or_gap,True,,inner_validation,
rolling_origin_2023-07-25,rolling_origin_2023-07-25__inner_1_2022-10-18,Z11_ebm,42117,d20d900ee432699d648080eab4327ff21b3fdba1eb0209f691f01444f32fc8fe,P-V02-W003::C016::C018,P-V02-W003,P-V02,GEO_NW,2022-05-17,2022-10-18,154,0.7379103382,2.968155812386356,3.9908658743226915,9.365956436,1.0227100619363356,6.3978006236136435,stable,False,,inner_validation,
rolling_origin_2023-07-25,rolling_origin_2023-07-25__inner_1_2022-10-18,Z11_ebm,42117,d20d900ee432699d648080eab4327ff21b3fdba1eb0209f691f01444f32fc8fe,P-V02-W004::C016::C018,P-V02-W004,P-V02,GEO_NW,2022-05-17,2022-10-18,154,0.7389173642,11.47957580342532,10.880528030371085,17.10214805,0.5990477730542345,5.622572246574681,stable,False,,inner_validation,
rolling_origin_2023-07-25,rolling_origin_2023-07-25__inner_1_2022-10-18,Z11_ebm,42117,d20d900ee432699d648080eab4327ff21b3fdba1eb0209f691f01444f32fc8fe,P-V02-W005::C016::C018,P-V02-W005,P-V02,GEO_NW,2022-05-17,2022-10-18,154,0.736637066,33.87410444074677,36.06066718072161,44.68145226,2.186562739974839,10.80734781925323,stable,False,,inner_validation,
rolling_origin_2023-07-25,rolling_origin_2023-07-25__inner_1_2022-10-18,Z11_ebm,42117,d20d900ee432699d648080eab4327ff21b3fdba1eb0209f691f01444f32fc8fe,P-V02-W006::C016::C018,P-V02-W006,P-V02,GEO_NW,2022-05-17,2022-10-18,154,0.7237622165,22.11564842727265,30.723510180648073,30.23344518,8.607861753375424,8.117796752727351,stable,False,,inner_validation,
rolling_origin_2023-07-25,rolling_origin_2023-07-25__inner_1_2022-10-18,Z11_ebm,42117,d20d900ee432699d648080eab4327ff21b3fdba1eb0209f691f01444f32fc8fe,P-V02-W007::C016::C018,P-V02-W007,P-V02,GEO_NW,2022-05-17,2022-10-18,154,0.7078282397,17.997803324999982,18.072289221154968,24.60306638,0.07448589615498591,6.6052630550000195,stable,False,,inner_validation,
rolling_origin_2023-07-25,rolling_origin_2023-07-25__inner_1_2022-10-18,Z11_ebm,42117,d20d900ee432699d648080eab4327ff21b3fdba1eb0209f691f01444f32fc8fe,P-V03-W001::C016::C018,P-V03-W001,P-V03,GEO_SW,2022-05-17,2022-10-18,154,0.6768878426,33.290798767694845,21.39785167380565,23.43015006,11.892947093889195,9.860648707694846,stable,False,,inner_validation,
rolling_origin_2023-07-25,rolling_origin_2023-07-25__inner_1_2022-10-18,Z11_ebm,42117,d20d900ee432699d648080eab4327ff21b3fdba1eb0209f691f01444f32fc8fe,P-V03-W002::C016::C018,P-V03-W002,P-V03,GEO_SW,2022-05-17,2022-10-18,154,0.6896094564,39.139467563960885,35.08254350480688,34.43474599,4.056924059154007,4.704721573960882,stable,False,,inner_validation,
rolling_origin_2023-07-25,rolling_origin_2023-07-25__inner_1_2022-10-18,Z11_ebm,42117,d20d900ee432699d648080eab4327ff21b3fdba1eb0209f691f01444f32fc8fe,P-V03-W003::C016::C018,P-V03-W003,P-V03,GEO_SW,2022-05-17,2022-10-18,154,0.696985136,39.7619308831168,34.089282626578246,36.23357289,5.672648256538551,3.528357993116799,stable,False,,inner_validation,
rolling_origin_2023-07-25,rolling_origin_2023-07-25__inner_1_2022-10-18,Z11_ebm,42117,d20d900ee432699d648080eab4327ff21b3fdba1eb0209f691f01444f32fc8fe,P-V03-W004::C016::C018,P-V03-W004,P-V03,GEO_SW,2022-05-17,2022-10-18,154,0.6996352167,28.994028837662157,21.27687753467731,18.93489074,7.7171513029848455,10.059138097662156,stable,False,,inner_validation,
rolling_origin_2023-07-25,rolling_origin_2023-07-25__inner_1_2022-10-18,Z11_ebm,42117,d20d900ee432699d648080eab4327ff21b3fdba1eb0209f691f01444f32fc8fe,P-V03-W005::C016::C018,P-V03-W005,P-V03,GEO_NW,2022-05-17,2022-10-18,154,0.6949253935,38.44528645860393,33.57072205935218,33.24534073,4.874564399251753,5.199945728603929,stable,False,,inner_validation,
rolling_origin_2023-07-25,rolling_origin_2023-07-25__inner_1_2022-10-18,Z11_ebm,42117,d20d900ee432699d648080eab4327ff21b3fdba1eb0209f691f01444f32fc8fe,P-V03-W006::C016::C018,P-V03-W006,P-V03,GEO_NW,2022-05-17,2022-10-18,154,0.6877883557,35.5250977665584,33.4537027474499,31.7998075,2.0713950191085004,3.725290266558403,stable,False,,inner_validation,
rolling_origin_2023-07-25,rolling_origin_2023-07-25__inner_1_2022-10-18,Z11_ebm,42117,d20d900ee432699d648080eab4327ff21b3fdba1eb0209f691f01444f32fc8fe,P-V03-W007::C016::C018,P-V03-W007,P-V03,GEO_NW,2022-05-17,2022-10-18,154,0.6777912888,3.7885217089285534,4.34945020220637,0.2086715667,0.5609284932778165,3.5798501422285534,stable,False,,inner_validation,
rolling_origin_2023-07-25,rolling_origin_2023-07-25__inner_1_2022-10-18,Z11_ebm,42117,d20d900ee432699d648080eab4327ff21b3fdba1eb0209f691f01444f32fc8fe,P-V04-W001::C016::C018,P-V04-W001,P-V04,GEO_NE,2022-05-17,2022-10-18,154,0.6837223224,-1.2327571724025792,2.0277106246508874,3.830866685,3.2604677970534666,5.063623857402579,stable,False,,inner_validation,
rolling_origin_2023-07-25,rolling_origin_2023-07-25__inner_1_2022-10-18,Z11_ebm,42117,d20d900ee432699d648080eab4327ff21b3fdba1eb0209f691f01444f32fc8fe,P-V04-W002::C016::C018,P-V04-W002,P-V04,GEO_NE,2022-05-17,2022-10-18,154,0.6958335627,-1.2176716358766062,1.0745343315963791,1.029229676,2.2922059674729853,2.246901311876606,volatile_or_gap,True,,inner_validation,
rolling_origin_2023-07-25,rolling_origin_2023-07-25__inner_1_2022-10-18,Z11_ebm,42117,d20d900ee432699d648080eab4327ff21b3fdba1eb0209f691f01444f32fc8fe,P-V04-W003::C016::C018,P-V04-W003,P-V04,GEO_NE,2022-05-17,2022-10-18,154,0.7068637112,-1.5003568733765835,-0.9001488329363135,3.704233976,0.60020804044027,5.204590849376583,stable,False,,inner_validation,
rolling_origin_2023-07-25,rolling_origin_2023-07-25__inner_1_2022-10-18,Z11_ebm,42117,d20d900ee432699d648080eab4327ff21b3fdba1eb0209f691f01444f32fc8fe,P-V04-W004::C016::C018,P-V04-W004,P-V04,GEO_NE,2022-05-17,2022-10-18,154,0.7127729736,-1.0569616358766234,-1.6478204445601448,3.084723577,0.5908588086835214,4.141685212876624,stable,False,,inner_validation,
rolling_origin_2023-07-25,rolling_origin_2023-07-25__inner_1_2022-10-18,Z11_ebm,42117,d20d900ee432699d648080eab4327ff21b3fdba1eb0209f691f01444f32fc8fe,P-V04-W005::C016::C018,P-V04-W005,P-V04,GEO_NE,2022-05-17,2022-10-18,154,0.7113404101,-2.651397896590946,2.7741388749096734,0.3084977362,5.425536771500619,2.9598956327909463,volatile_or_gap,True,,inner_validation,
rolling_origin_2023-07-25,rolling_origin_2023-07-25__inner_1_2022-10-18,Z11_ebm,42117,d20d900ee432699d648080eab4327ff21b3fdba1eb0209f691f01444f32fc8fe,P-V04-W006::C016::C018,P-V04-W006,P-V04,GEO_NE,2022-05-17,2022-10-18,154,0.7064408066,-2.328959702922064,0.6457241705992951,2.375921128,2.974683873521359,4.704880830922064,stable,False,,inner_validation,
rolling_origin_2023-07-25,rolling_origin_2023-07-25__inner_1_2022-10-18,Z11_ebm,42117,d20d900ee432699d648080eab4327ff21b3fdba1eb0209f691f01444f32fc8fe,P-V04-W007::C016::C018,P-V04-W007,P-V04,GEO_NE,2022-05-17,2022-10-18,154,0.6951414291,36.5553918832792,35.88154558768995,37.46624359,0.6738462955892501,0.9108517067207984,stable,False,,inner_validation,
rolling_origin_2023-07-25,rolling_origin_2023-07-25__inner_1_2022-10-18,Z11_ebm,42117,d20d900ee432699d648080eab4327ff21b3fdba1eb0209f691f01444f32fc8fe,P-V05-W001::C016::C018,P-V05-W001,P-V05,GEO_SE,2022-05-17,2022-10-18,154,1.436612762,22.947723029220818,21.570135662658142,25.44568013,1.3775873665626754,2.497957100779182,stable,False,,inner_validation,
rolling_origin_2023-07-25,rolling_origin_2023-07-25__inner_1_2022-10-18,Z11_ebm,42117,d20d900ee432699d648080eab4327ff21b3fdba1eb0209f691f01444f32fc8fe,P-V05-W002::C016::C018,P-V05-W002,P-V05,GEO_NE,2022-05-17,2022-10-18,154,1.461211545,21.762157105519545,23.294809343221004,26.93403103,1.532652237701459,5.171873924480455,stable,False,,inner_validation,
rolling_origin_2023-07-25,rolling_origin_2023-07-25__inner_1_2022-10-18,Z11_ebm,42117,d20d900ee432699d648080eab4327ff21b3fdba1eb0209f691f01444f32fc8fe,P-V05-W003::C016::C018,P-V05-W003,P-V05,GEO_NE,2022-05-17,2022-10-18,154,1.463038991,35.29666899350658,31.109344220564637,31.75423861,4.187324772941942,3.542430383506577,stable,False,,inner_validation,
rolling_origin_2023-07-25,rolling_origin_2023-07-25__inner_1_2022-10-18,Z11_ebm,42117,d20d900ee432699d648080eab4327ff21b3fdba1eb0209f691f01444f32fc8fe,P-V05-W004::C016::C018,P-V05-W004,P-V05,GEO_NE,2022-05-17,2022-10-18,154,1.458141844,33.71588359577951,32.699353573957126,34.61922331,1.0165300218223834,0.9033397142204933,stable,False,,inner_validation,
rolling_origin_2023-07-25,rolling_origin_2023-07-25__inner_1_2022-10-18,Z11_ebm,42117,d20d900ee432699d648080eab4327ff21b3fdba1eb0209f691f01444f32fc8fe,P-V05-W005::C016::C018,P-V05-W005,P-V05,GEO_NE,2022-05-17,2022-10-18,154,1.442099937,32.78864666396085,35.03306474539239,36.52776688,2.24441808143154,3.7391202160391543,volatile_or_gap,True,,inner_validation,
rolling_origin_2023-07-25,rolling_origin_2023-07-25__inner_1_2022-10-18,Z11_ebm,42117,d20d900ee432699d648080eab4327ff21b3fdba1eb0209f691f01444f32fc8fe,P-V05-W006::C016::C018,P-V05-W006,P-V05,GEO_NE,2022-05-17,2022-10-18,154,1.424769748,23.5232550438312,20.89046181850955,23.45148677,2.632793225321649,0.07176827383119999,stable,False,,inner_validation,
rolling_origin_2023-07-25,rolling_origin_2023-07-25__inner_1_2022-10-18,Z11_ebm,42117,d20d900ee432699d648080eab4327ff21b3fdba1eb0209f691f01444f32fc8fe,P-V05-W007::C016::C018,P-V05-W007,P-V05,GEO_NE,2022-05-17,2022-10-18,154,1.389694986,33.40339799025975,31.788247902707162,29.31909765,1.6151500875525855,4.084300340259748,stable,False,,inner_validation,
rolling_origin_2023-07-25,rolling_origin_2023-07-25__inner_1_2022-10-18,Z11_ebm,42117,d20d900ee432699d648080eab4327ff21b3fdba1eb0209f691f01444f32fc8fe,P-V06-W002::C016::C018,P-V06-W002,P-V06,GEO_NE,2022-05-17,2022-10-18,154,0.7162377617,23.95494686493508,20.901450730328545,23.82196365,3.0534961346065366,0.1329832149350807,stable,False,,inner_validation,
rolling_origin_2023-07-25,rolling_origin_2023-07-25__inner_1_2022-10-18,Z11_ebm,42117,d20d900ee432699d648080eab4327ff21b3fdba1eb0209f691f01444f32fc8fe,P-V06-W003::C016::C018,P-V06-W003,P-V06,GEO_NE,2022-05-17,2022-10-18,154,0.7243462291,33.72282429448049,28.42788034114171,29.5042684,5.29494395333878,4.218555894480488,stable,False,,inner_validation,
rolling_origin_2023-07-25,rolling_origin_2023-07-25__inner_1_2022-10-18,Z11_ebm,42117,d20d900ee432699d648080eab4327ff21b3fdba1eb0209f691f01444f32fc8fe,P-V06-W004::C016::C018,P-V06-W004,P-V06,GEO_NE,2022-05-17,2022-10-18,154,0.7315283514,23.927582761850665,17.31435459550123,21.56448878,6.613228166349437,2.363093981850664,stable,False,,inner_validation,
rolling_origin_2023-07-25,rolling_origin_2023-07-25__inner_1_2022-10-18,Z11_ebm,42117,d20d900ee432699d648080eab4327ff21b3fdba1eb0209f691f01444f32fc8fe,P-V06-W005::C016::C018,P-V06-W005,P-V06,GEO_NE,2022-05-17,2022-10-18,154,0.727595503,39.48038171542205,37.39120976446619,41.57421247,2.0891719509558584,2.093830754577951,stable,False,,inner_validation,
rolling_origin_2023-07-25,rolling_origin_2023-07-25__inner_1_2022-10-18,Z11_ebm,42117,d20d900ee432699d648080eab4327ff21b3fdba1eb0209f691f01444f32fc8fe,P-V06-W006::C016::C018,P-V06-W006,P-V06,GEO_NE,2022-05-17,2022-10-18,154,0.709831882,20.723378753084397,12.495598045135107,14.89769337,8.22778070794929,5.825685383084396,stable,False,,inner_validation,
rolling_origin_2023-07-25,rolling_origin_2023-07-25__inner_1_2022-10-18,Z11_ebm,42117,d20d900ee432699d648080eab4327ff21b3fdba1eb0209f691f01444f32fc8fe,P-V06-W007::C016::C018,P-V06-W007,P-V06,GEO_NE,2022-05-17,2022-10-18,154,0.6938808887,20.74988309561688,12.582351202997897,16.53640786,8.167531892618983,4.21347523561688,stable,False,,inner_validation,
rolling_origin_2023-07-25,rolling_origin_2023-07-25__inner_1_2022-10-18,Z11_ebm,42117,d20d900ee432699d648080eab4327ff21b3fdba1eb0209f691f01444f32fc8fe,P-D01-W001::C017::C018,P-D01-W001,P-D01,GEO_SW,2022-07-19,2022-10-18,91,0.6967133617,151.49690590384623,106.66983287877913,140.5992726,44.827073025067094,10.89763330384622,accelerating,True,,inner_validation,
rolling_origin_2023-07-25,rolling_origin_2023-07-25__inner_1_2022-10-18,Z11_ebm,42117,d20d900ee432699d648080eab4327ff21b3fdba1eb0209f691f01444f32fc8fe,P-D01-W002::C017::C018,P-D01-W002,P-D01,GEO_SW,2022-07-19,2022-10-18,91,0.7162685057,45.99918964697802,35.97951069331083,45.0199747,10.019678953667189,0.9792149469780185,stable,False,,inner_validation,
rolling_origin_2023-07-25,rolling_origin_2023-07-25__inner_1_2022-10-18,Z11_ebm,42117,d20d900ee432699d648080eab4327ff21b3fdba1eb0209f691f01444f32fc8fe,P-D01-W005::C017::C018,P-D01-W005,P-D01,GEO_SW,2022-07-19,2022-10-18,91,0.7409730276,41.86047567032968,35.75358893365098,42.74465833,6.106886736678696,0.8841826596703228,stable,False,,inner_validation,
rolling_origin_2023-07-25,rolling_origin_2023-07-25__inner_1_2022-10-18,Z11_ebm,42117,d20d900ee432699d648080eab4327ff21b3fdba1eb0209f691f01444f32fc8fe,P-D01-W006::C017::C018,P-D01-W006,P-D01,GEO_SW,2022-07-19,2022-10-18,91,0.7349848662,94.39128577005503,77.87573954238789,77.38306307,16.515546227667144,17.00822270005503,accelerating,True,,inner_validation,
rolling_origin_2023-07-25,rolling_origin_2023-07-25__inner_1_2022-10-18,Z11_ebm,42117,d20d900ee432699d648080eab4327ff21b3fdba1eb0209f691f01444f32fc8fe,P-D01-W007::C017::C018,P-D01-W007,P-D01,GEO_SW,2022-07-19,2022-10-18,91,0.7179738,26.54855266978021,15.402437602885131,21.53602464,11.14611506689508,5.01252802978021,stable,False,,inner_validation,
rolling_origin_2023-07-25,rolling_origin_2023-07-25__inner_1_2022-10-18,Z11_ebm,42117,d20d900ee432699d648080eab4327ff21b3fdba1eb0209f691f01444f32fc8fe,P-H03-W001::C017::C018,P-H03-W001,P-H03,GEO_SE,2022-07-19,2022-10-18,91,0.7021923722,37.49158194642862,48.367876309747814,40.55512027,10.876294363319197,3.063538323571386,decelerating,True,,inner_validation,
rolling_origin_2023-07-25,rolling_origin_2023-07-25__inner_1_2022-10-18,Z11_ebm,42117,d20d900ee432699d648080eab4327ff21b3fdba1eb0209f691f01444f32fc8fe,P-H03-W002::C017::C018,P-H03-W002,P-H03,GEO_SE,2022-07-19,2022-10-18,91,0.7212469117,42.59093713846139,45.56858523645797,48.26499664,2.9776480979965783,5.674059501538608,stable,False,,inner_validation,
rolling_origin_2023-07-25,rolling_origin_2023-07-25__inner_1_2022-10-18,Z11_ebm,42117,d20d900ee432699d648080eab4327ff21b3fdba1eb0209f691f01444f32fc8fe,P-H03-W004::C017::C018,P-H03-W004,P-H03,GEO_SE,2022-07-19,2022-10-18,91,0.7277592914,42.97303559917579,59.03941517830106,49.36371895,16.066379579125275,6.390683350824212,accelerating,True,,inner_validation,
rolling_origin_2023-07-25,rolling_origin_2023-07-25__inner_1_2022-10-18,Z11_ebm,42117,d20d900ee432699d648080eab4327ff21b3fdba1eb0209f691f01444f32fc8fe,P-H03-W006::C017::C018,P-H03-W006,P-H03,GEO_SE,2022-07-19,2022-10-18,91,0.7180436347,44.2253694782966,58.145577635062075,54.2157343,13.920208156765476,9.990364821703402,accelerating,True,,inner_validation,
rolling_origin_2023-07-25,rolling_origin_2023-07-25__inner_1_2022-10-18,Z11_ebm,42117,d20d900ee432699d648080eab4327ff21b3fdba1eb0209f691f01444f32fc8fe,P-H04-W002::C017::C018,P-H04-W002,P-H04,GEO_SW,2022-07-19,2022-10-18,91,0.7383906112,131.70719932417566,31.13536049154239,10.187571,100.57183883263328,121.51962832417566,decelerating,True,,inner_validation,
rolling_origin_2023-07-25,rolling_origin_2023-07-25__inner_1_2022-10-18,Z11_ebm,42117,d20d900ee432699d648080eab4327ff21b3fdba1eb0209f691f01444f32fc8fe,P-H04-W003::C017::C018,P-H04-W003,P-H04,GEO_SW,2022-07-19,2022-10-18,91,0.7533988908,29.44585093269214,37.235082518470804,7.336359798,7.789231585778666,22.10949113469214,decelerating,True,,inner_validation,
rolling_origin_2023-07-25,rolling_origin_2023-07-25__inner_1_2022-10-18,Z11_ebm,42117,d20d900ee432699d648080eab4327ff21b3fdba1eb0209f691f01444f32fc8fe,P-H04-W004::C017::C018,P-H04-W004,P-H04,GEO_SW,2022-07-19,2022-10-18,91,0.7533682995,16.79220940467036,20.899843633023917,1.380801729,4.107634228353557,15.41140767567036,decelerating,True,,inner_validation,
rolling_origin_2023-07-25,rolling_origin_2023-07-25__inner_1_2022-10-18,Z11_ebm,42117,d20d900ee432699d648080eab4327ff21b3fdba1eb0209f691f01444f32fc8fe,P-H04-W005::C017::C018,P-H04-W005,P-H04,GEO_SW,2022-07-19,2022-10-18,91,0.7463479577,23.73557016181326,36.05526502783293,20.43566101,12.31969486601967,3.29990915181326,decelerating,True,,inner_validation,
rolling_origin_2023-07-25,rolling_origin_2023-07-25__inner_1_2022-10-18,Z11_ebm,42117,d20d900ee432699d648080eab4327ff21b3fdba1eb0209f691f01444f32fc8fe,P-H04-W006::C017::C018,P-H04-W006,P-H04,GEO_SW,2022-07-19,2022-10-18,91,0.7238004984,42.59891403791213,44.61842616789037,33.15061631,2.0195121299782386,9.448297727912134,decelerating,True,,inner_validation,
rolling_origin_2023-07-25,rolling_origin_2023-07-25__inner_2_2023-01-17,Z11_ebm,42117,d20d900ee432699d648080eab4327ff21b3fdba1eb0209f691f01444f32fc8fe,P-H01-W001::C018::C019,P-H01-W001,P-H01,GEO_SW,2022-10-18,2023-01-17,91,0.7246197394,15.063185743681345,24.88847596624887,17.84098184,9.825290222567524,2.7777960963186565,stable,False,,inner_validation,
rolling_origin_2023-07-25,rolling_origin_2023-07-25__inner_2_2023-01-17,Z11_ebm,42117,d20d900ee432699d648080eab4327ff21b3fdba1eb0209f691f01444f32fc8fe,P-H01-W002::C018::C019,P-H01-W002,P-H01,GEO_SW,2022-10-18,2023-01-17,91,0.771101411,118.2567243824176,138.22756472284857,124.3371144,19.970840340430968,6.080390017582403,accelerating,True,,inner_validation,
rolling_origin_2023-07-25,rolling_origin_2023-07-25__inner_2_2023-01-17,Z11_ebm,42117,d20d900ee432699d648080eab4327ff21b3fdba1eb0209f691f01444f32fc8fe,P-H01-W003::C018::C019,P-H01-W003,P-H01,GEO_SW,2022-10-18,2023-01-17,91,0.8056518467,67.94134939615383,95.56253090820356,70.08737781,27.62118151204973,2.1460284138461816,decelerating,True,,inner_validation,
rolling_origin_2023-07-25,rolling_origin_2023-07-25__inner_2_2023-01-17,Z11_ebm,42117,d20d900ee432699d648080eab4327ff21b3fdba1eb0209f691f01444f32fc8fe,P-H01-W005::C018::C019,P-H01-W005,P-H01,GEO_SW,2022-10-18,2023-01-17,91,0.8048546651,29.56902768214294,41.28216477782943,39.333122,11.713137095686488,9.764094317857062,stable,False,,inner_validation,
rolling_origin_2023-07-25,rolling_origin_2023-07-25__inner_2_2023-01-17,Z11_ebm,42117,d20d900ee432699d648080eab4327ff21b3fdba1eb0209f691f01444f32fc8fe,P-H01-W006::C018::C019,P-H01-W006,P-H01,GEO_SW,2022-10-18,2023-01-17,91,0.7795346806,13.570047757417504,25.70481039219766,23.01327085,12.134762634780158,9.443223092582498,stable,False,,inner_validation,
rolling_origin_2023-07-25,rolling_origin_2023-07-25__inner_2_2023-01-17,Z11_ebm,42117,d20d900ee432699d648080eab4327ff21b3fdba1eb0209f691f01444f32fc8fe,P-H01-W007::C018::C019,P-H01-W007,P-H01,GEO_SW,2022-10-18,2023-01-17,91,0.7218764117,36.082078584065975,39.89428444399222,39.82922426,3.8122058599262445,3.7471456759340214,stable,False,,inner_validation,
rolling_origin_2023-07-25,rolling_origin_2023-07-25__inner_2_2023-01-17,Z11_ebm,42117,d20d900ee432699d648080eab4327ff21b3fdba1eb0209f691f01444f32fc8fe,P-H02-W001::C018::C019,P-H02-W001,P-H02,GEO_SW,2022-10-18,2023-01-17,91,0.7112686979,27.993995026648417,29.35600168480717,25.48239632,1.3620066581587515,2.5115987066484173,stable,False,,inner_validation,
rolling_origin_2023-07-25,rolling_origin_2023-07-25__inner_2_2023-01-17,Z11_ebm,42117,d20d900ee432699d648080eab4327ff21b3fdba1eb0209f691f01444f32fc8fe,P-H02-W002::C018::C019,P-H02-W002,P-H02,GEO_SW,2022-10-18,2023-01-17,91,0.7371147589,70.68573394038461,66.496880930624,46.61362475,4.1888530097606065,24.07210919038461,accelerating,True,,inner_validation,
rolling_origin_2023-07-25,rolling_origin_2023-07-25__inner_2_2023-01-17,Z11_ebm,42117,d20d900ee432699d648080eab4327ff21b3fdba1eb0209f691f01444f32fc8fe,P-H02-W003::C018::C019,P-H02-W003,P-H02,GEO_SW,2022-10-18,2023-01-17,91,0.7496950792,115.00903296428577,112.0753860982491,93.99135738,2.9336468660366677,21.01767558428577,accelerating,True,,inner_validation,
rolling_origin_2023-07-25,rolling_origin_2023-07-25__inner_2_2023-01-17,Z11_ebm,42117,d20d900ee432699d648080eab4327ff21b3fdba1eb0209f691f01444f32fc8fe,P-H02-W004::C018::C019,P-H02-W004,P-H02,GEO_SW,2022-10-18,2023-01-17,91,0.7523123242,29.38950610302192,21.04083119439269,19.11308924,8.348674908629228,10.276416863021918,stable,False,,inner_validation,
rolling_origin_2023-07-25,rolling_origin_2023-07-25__inner_2_2023-01-17,Z11_ebm,42117,d20d900ee432699d648080eab4327ff21b3fdba1eb0209f691f01444f32fc8fe,P-H02-W006::C018::C019,P-H02-W006,P-H02,GEO_SW,2022-10-18,2023-01-17,91,0.7359152411,20.706857758516563,17.757586264158544,13.72544466,2.949271494358019,6.981413098516562,stable,False,,inner_validation,
rolling_origin_2023-07-25,rolling_origin_2023-07-25__inner_2_2023-01-17,Z11_ebm,42117,d20d900ee432699d648080eab4327ff21b3fdba1eb0209f691f01444f32fc8fe,P-H02-W007::C018::C019,P-H02-W007,P-H02,GEO_SW,2022-10-18,2023-01-17,91,0.7077756315,37.66014522280226,38.74842129631314,38.97422235,1.0882760735108832,1.3140771271977414,stable,False,,inner_validation,
rolling_origin_2023-07-25,rolling_origin_2023-07-25__inner_3_2023-05-16,Z11_ebm,42117,d20d900ee432699d648080eab4327ff21b3fdba1eb0209f691f01444f32fc8fe,P-D01-W001::C018::C020,P-D01-W001,P-D01,GEO_SW,2022-10-18,2023-05-16,210,0.7160666342,148.91657580535718,144.43683632308026,151.4969063,4.479739482276926,2.5803304946428227,accelerating,True,,inner_validation,
rolling_origin_2023-07-25,rolling_origin_2023-07-25__inner_3_2023-05-16,Z11_ebm,42117,d20d900ee432699d648080eab4327ff21b3fdba1eb0209f691f01444f32fc8fe,P-D01-W002::C018::C020,P-D01-W002,P-D01,GEO_SW,2022-10-18,2023-05-16,210,0.7332011732,48.90749104607144,40.15197278263883,45.99918987,8.755518263432613,2.90830117607144,stable,False,,inner_validation,
rolling_origin_2023-07-25,rolling_origin_2023-07-25__inner_3_2023-05-16,Z11_ebm,42117,d20d900ee432699d648080eab4327ff21b3fdba1eb0209f691f01444f32fc8fe,P-D01-W003::C018::C020,P-D01-W003,P-D01,GEO_SW,2022-10-18,2023-05-16,210,0.7438162597,5.898387464285749,6.965827380757181,7.043165709,1.0674399164714323,1.1447782447142512,accelerating,True,,inner_validation,
rolling_origin_2023-07-25,rolling_origin_2023-07-25__inner_3_2023-05-16,Z11_ebm,42117,d20d900ee432699d648080eab4327ff21b3fdba1eb0209f691f01444f32fc8fe,P-D01-W004::C018::C020,P-D01-W004,P-D01,GEO_SW,2022-10-18,2023-05-16,210,0.7526121944,4.963150229285698,7.665109962969545,5.209092001,2.7019597336838475,0.24594177171430243,stable,False,,inner_validation,
rolling_origin_2023-07-25,rolling_origin_2023-07-25__inner_3_2023-05-16,Z11_ebm,42117,d20d900ee432699d648080eab4327ff21b3fdba1eb0209f691f01444f32fc8fe,P-D01-W005::C018::C020,P-D01-W005,P-D01,GEO_SW,2022-10-18,2023-05-16,210,0.7519038775,44.80542186607138,41.71467038683059,41.86047592,3.0907514792407866,2.9449459460713783,stable,False,,inner_validation,
rolling_origin_2023-07-25,rolling_origin_2023-07-25__inner_3_2023-05-16,Z11_ebm,42117,d20d900ee432699d648080eab4327ff21b3fdba1eb0209f691f01444f32fc8fe,P-D01-W006::C018::C020,P-D01-W006,P-D01,GEO_SW,2022-10-18,2023-05-16,210,0.7413580904,129.02722499857134,103.34117668093806,94.39128591,25.68604831763328,34.63593908857135,accelerating,True,,inner_validation,
rolling_origin_2023-07-25,rolling_origin_2023-07-25__inner_3_2023-05-16,Z11_ebm,42117,d20d900ee432699d648080eab4327ff21b3fdba1eb0209f691f01444f32fc8fe,P-D01-W007::C018::C020,P-D01-W007,P-D01,GEO_SW,2022-10-18,2023-05-16,210,0.7203289649,21.041670552857155,22.421332345726206,26.54855263,1.3796617928690509,5.506882077142844,stable,False,,inner_validation,
rolling_origin_2023-07-25,rolling_origin_2023-07-25__inner_3_2023-05-16,Z11_ebm,42117,d20d900ee432699d648080eab4327ff21b3fdba1eb0209f691f01444f32fc8fe,P-H03-W001::C018::C020,P-H03-W001,P-H03,GEO_SE,2022-10-18,2023-05-16,210,1.273668595,39.64098270964284,39.80224821202062,37.49158188,0.16126550237778048,2.1494008296428433,stable,False,,inner_validation,
rolling_origin_2023-07-25,rolling_origin_2023-07-25__inner_3_2023-05-16,Z11_ebm,42117,d20d900ee432699d648080eab4327ff21b3fdba1eb0209f691f01444f32fc8fe,P-H03-W002::C018::C020,P-H03-W002,P-H03,GEO_SE,2022-10-18,2023-05-16,210,1.312745182,36.91361591214293,42.97927060286292,42.59093716,6.065654690719988,5.677321247857073,decelerating,True,,inner_validation,
rolling_origin_2023-07-25,rolling_origin_2023-07-25__inner_3_2023-05-16,Z11_ebm,42117,d20d900ee432699d648080eab4327ff21b3fdba1eb0209f691f01444f32fc8fe,P-H03-W003::C018::C020,P-H03-W003,P-H03,GEO_SE,2022-10-18,2023-05-16,210,1.323741767,35.120802288571376,44.84331817278306,40.30261655,9.722515884211681,5.181814261428627,stable,False,,inner_validation,
rolling_origin_2023-07-25,rolling_origin_2023-07-25__inner_3_2023-05-16,Z11_ebm,42117,d20d900ee432699d648080eab4327ff21b3fdba1eb0209f691f01444f32fc8fe,P-H03-W004::C018::C020,P-H03-W004,P-H03,GEO_SE,2022-10-18,2023-05-16,210,1.331819411,38.16679109714287,40.27820780748797,42.97303567,2.111416710345104,4.806244572857132,decelerating,True,,inner_validation,
rolling_origin_2023-07-25,rolling_origin_2023-07-25__inner_3_2023-05-16,Z11_ebm,42117,d20d900ee432699d648080eab4327ff21b3fdba1eb0209f691f01444f32fc8fe,P-H03-W005::C018::C020,P-H03-W005,P-H03,GEO_SE,2022-10-18,2023-05-16,210,1.325456803,34.5390046078571,42.82978526167462,41.96183584,8.29078065381752,7.422831232142897,stable,False,,inner_validation,
rolling_origin_2023-07-25,rolling_origin_2023-07-25__inner_3_2023-05-16,Z11_ebm,42117,d20d900ee432699d648080eab4327ff21b3fdba1eb0209f691f01444f32fc8fe,P-H03-W006::C018::C020,P-H03-W006,P-H03,GEO_SE,2022-10-18,2023-05-16,210,1.318118004,37.11071959607146,45.96022747158777,44.2253696,8.84950787551631,7.1146500039285385,decelerating,True,,inner_validation,
rolling_origin_2023-07-25,rolling_origin_2023-07-25__inner_3_2023-05-16,Z11_ebm,42117,d20d900ee432699d648080eab4327ff21b3fdba1eb0209f691f01444f32fc8fe,P-H04-W001::C018::C020,P-H04-W001,P-H04,GEO_SW,2022-10-18,2023-05-16,210,0.8690752534,22.60417561499999,36.150436324675674,9.51763854,13.546260709675686,13.086537074999988,decelerating,True,,inner_validation,
rolling_origin_2023-07-25,rolling_origin_2023-07-25__inner_3_2023-05-16,Z11_ebm,42117,d20d900ee432699d648080eab4327ff21b3fdba1eb0209f691f01444f32fc8fe,P-H04-W002::C018::C020,P-H04-W002,P-H04,GEO_SW,2022-10-18,2023-05-16,210,0.921775413,81.70204078249996,119.87467654925769,131.7071994,38.17263576675772,50.005158617500044,accelerating,True,,inner_validation,
rolling_origin_2023-07-25,rolling_origin_2023-07-25__inner_3_2023-05-16,Z11_ebm,42117,d20d900ee432699d648080eab4327ff21b3fdba1eb0209f691f01444f32fc8fe,P-H04-W003::C018::C020,P-H04-W003,P-H04,GEO_SW,2022-10-18,2023-05-16,210,1.004749854,32.61792057607136,49.92306871148551,29.44585102,17.30514813541415,3.1720695560713636,accelerating,True,,inner_validation,
rolling_origin_2023-07-25,rolling_origin_2023-07-25__inner_3_2023-05-16,Z11_ebm,42117,d20d900ee432699d648080eab4327ff21b3fdba1eb0209f691f01444f32fc8fe,P-H04-W004::C018::C020,P-H04-W004,P-H04,GEO_SW,2022-10-18,2023-05-16,210,1.081616038,16.8766093142857,25.64433269697943,16.79220953,8.767723382693728,0.08439978428570072,accelerating,True,,inner_validation,
rolling_origin_2023-07-25,rolling_origin_2023-07-25__inner_3_2023-05-16,Z11_ebm,42117,d20d900ee432699d648080eab4327ff21b3fdba1eb0209f691f01444f32fc8fe,P-H04-W005::C018::C020,P-H04-W005,P-H04,GEO_SW,2022-10-18,2023-05-16,210,1.124293202,29.34740041750001,27.035146295772705,23.73557022,2.312254121727303,5.611830197500009,volatile_or_gap,True,,inner_validation,
rolling_origin_2023-07-25,rolling_origin_2023-07-25__inner_3_2023-05-16,Z11_ebm,42117,d20d900ee432699d648080eab4327ff21b3fdba1eb0209f691f01444f32fc8fe,P-H04-W006::C018::C020,P-H04-W006,P-H04,GEO_SW,2022-10-18,2023-05-16,210,1.189607028,74.37259894821428,48.49257954348216,42.59891375,25.880019404732117,31.773685198214274,accelerating,True,,inner_validation,
rolling_origin_2023-07-25,rolling_origin_2023-07-25__inner_3_2023-05-16,Z11_ebm,42117,d20d900ee432699d648080eab4327ff21b3fdba1eb0209f691f01444f32fc8fe,P-H04-W007::C018::C020,P-H04-W007,P-H04,GEO_SW,2022-10-18,2023-05-16,210,1.24712761,28.716613841428558,35.33713868322203,19.29387846,6.620524841793472,9.42273538142856,decelerating,True,,inner_validation,
rolling_origin_2023-07-25,rolling_origin_2023-07-25__inner_3_2023-05-16,Z11_ebm,42117,d20d900ee432699d648080eab4327ff21b3fdba1eb0209f691f01444f32fc8fe,P-H05-W001::C018::C020,P-H05-W001,P-H05,GEO_NE,2022-10-18,2023-05-16,210,0.9926801109,42.691427046428416,38.20836468508662,44.48951575,4.483062361341794,1.7980887035715867,stable,False,,inner_validation,
rolling_origin_2023-07-25,rolling_origin_2023-07-25__inner_3_2023-05-16,Z11_ebm,42117,d20d900ee432699d648080eab4327ff21b3fdba1eb0209f691f01444f32fc8fe,P-H05-W003::C018::C020,P-H05-W003,P-H05,GEO_NE,2022-10-18,2023-05-16,210,1.075112046,18.891770092857374,27.688266825288935,27.35038348,8.79649673243156,8.458613387142627,stable,False,,inner_validation,
rolling_origin_2023-07-25,rolling_origin_2023-07-25__inner_3_2023-05-16,Z11_ebm,42117,d20d900ee432699d648080eab4327ff21b3fdba1eb0209f691f01444f32fc8fe,P-H05-W006::C018::C020,P-H05-W006,P-H05,GEO_NE,2022-10-18,2023-05-16,210,1.05561252,18.702396664285956,20.687711054036463,24.49199354,1.9853143897505063,5.789596875714043,stable,False,,inner_validation,
rolling_origin_2023-07-25,rolling_origin_2023-07-25__inner_3_2023-05-16,Z11_ebm,42117,d20d900ee432699d648080eab4327ff21b3fdba1eb0209f691f01444f32fc8fe,P-H05-W007::C018::C020,P-H05-W007,P-H05,GEO_NE,2022-10-18,2023-05-16,210,1.011423013,14.670970138928414,28.878704891952854,28.97879847,14.20773475302444,14.307828331071587,accelerating,True,,inner_validation,
rolling_origin_2023-07-25,rolling_origin_2023-07-25__inner_3_2023-05-16,Z11_ebm,42117,d20d900ee432699d648080eab4327ff21b3fdba1eb0209f691f01444f32fc8fe,P-H06-W001::C018::C020,P-H06-W001,P-H06,GEO_NE,2022-10-18,2023-05-16,210,1.36077196,-1.0590018496428724,6.2375730485343945,3.623761302,7.296574898177267,4.682763151642872,stable,False,,inner_validation,
rolling_origin_2023-07-25,rolling_origin_2023-07-25__inner_3_2023-05-16,Z11_ebm,42117,d20d900ee432699d648080eab4327ff21b3fdba1eb0209f691f01444f32fc8fe,P-H06-W002::C018::C020,P-H06-W002,P-H06,GEO_NE,2022-10-18,2023-05-16,210,1.44587473,-1.2361301849999646,3.129926235006988,4.010419005,4.366056420006952,5.246549189999965,stable,False,,inner_validation,
rolling_origin_2023-07-25,rolling_origin_2023-07-25__inner_3_2023-05-16,Z11_ebm,42117,d20d900ee432699d648080eab4327ff21b3fdba1eb0209f691f01444f32fc8fe,P-H06-W003::C018::C020,P-H06-W003,P-H06,GEO_NE,2022-10-18,2023-05-16,210,1.493167348,0.2174488046428203,-2.2176220322140483,2.322264088,2.4350708368568688,2.1048152833571794,stable,False,,inner_validation,
rolling_origin_2023-07-25,rolling_origin_2023-07-25__inner_3_2023-05-16,Z11_ebm,42117,d20d900ee432699d648080eab4327ff21b3fdba1eb0209f691f01444f32fc8fe,P-H06-W004::C018::C020,P-H06-W004,P-H06,GEO_NE,2022-10-18,2023-05-16,210,1.512060733,3.2127525664286107,1.9757095582678779,-0.4427741855,1.2370430081607329,3.6555267519286105,stable,False,,inner_validation,
rolling_origin_2023-07-25,rolling_origin_2023-07-25__inner_3_2023-05-16,Z11_ebm,42117,d20d900ee432699d648080eab4327ff21b3fdba1eb0209f691f01444f32fc8fe,P-H06-W007::C018::C020,P-H06-W007,P-H06,GEO_NE,2022-10-18,2023-05-16,210,1.421634012,2.1456486195357103,-1.199712805158312,2.103508466,3.345361424694022,0.04214015353571021,stable,False,,inner_validation,
rolling_origin_2023-07-25,rolling_origin_2023-07-25__inner_3_2023-05-16,Z11_ebm,42117,d20d900ee432699d648080eab4327ff21b3fdba1eb0209f691f01444f32fc8fe,P-H07-W001::C018::C020,P-H07-W001,P-H07,GEO_NE,2022-10-18,2023-05-16,210,1.008213894,36.173532621785725,36.31165001137878,28.91947996,0.13811738959305586,7.254052661785725,decelerating,True,,inner_validation,
rolling_origin_2023-07-25,rolling_origin_2023-07-25__inner_3_2023-05-16,Z11_ebm,42117,d20d900ee432699d648080eab4327ff21b3fdba1eb0209f691f01444f32fc8fe,P-H07-W002::C018::C020,P-H07-W002,P-H07,GEO_NE,2022-10-18,2023-05-16,210,1.028881531,29.66036035785716,35.58056724707833,31.59568333,5.920206889221166,1.9353229721428384,stable,False,,inner_validation,
rolling_origin_2023-07-25,rolling_origin_2023-07-25__inner_3_2023-05-16,Z11_ebm,42117,d20d900ee432699d648080eab4327ff21b3fdba1eb0209f691f01444f32fc8fe,P-H07-W003::C018::C020,P-H07-W003,P-H07,GEO_NE,2022-10-18,2023-05-16,210,1.048451293,3.750857302857168,4.7910019449267995,3.726289347,1.0401446420696314,0.02456795585716831,stable,False,,inner_validation,
rolling_origin_2023-07-25,rolling_origin_2023-07-25__inner_3_2023-05-16,Z11_ebm,42117,d20d900ee432699d648080eab4327ff21b3fdba1eb0209f691f01444f32fc8fe,P-H07-W004::C018::C020,P-H07-W004,P-H07,GEO_NE,2022-10-18,2023-05-16,210,1.051312461,30.598714914642883,34.170437158998155,29.7916341,3.5717222443552714,0.8070808146428838,stable,False,,inner_validation,
rolling_origin_2023-07-25,rolling_origin_2023-07-25__inner_3_2023-05-16,Z11_ebm,42117,d20d900ee432699d648080eab4327ff21b3fdba1eb0209f691f01444f32fc8fe,P-H07-W005::C018::C020,P-H07-W005,P-H07,GEO_NE,2022-10-18,2023-05-16,210,1.045728395,3.510374980964293,6.2442526132091585,0.2997422199,2.7338776322448655,3.210632761064293,stable,False,,inner_validation,
rolling_origin_2023-07-25,rolling_origin_2023-07-25__inner_3_2023-05-16,Z11_ebm,42117,d20d900ee432699d648080eab4327ff21b3fdba1eb0209f691f01444f32fc8fe,P-H07-W006::C018::C020,P-H07-W006,P-H07,GEO_NE,2022-10-18,2023-05-16,210,1.026041869,20.311993061071423,21.796034629884215,17.77183022,1.484041568812792,2.5401628410714245,stable,False,,inner_validation,
rolling_origin_2023-07-25,rolling_origin_2023-07-25__inner_3_2023-05-16,Z11_ebm,42117,d20d900ee432699d648080eab4327ff21b3fdba1eb0209f691f01444f32fc8fe,P-V01-W002::C018::C020,P-V01-W002,P-V01,GEO_SW,2022-10-18,2023-05-16,210,0.7455895129,34.989477520714296,32.9476213102753,39.66788351,2.0418562104389935,4.678405989285707,stable,False,,inner_validation,
rolling_origin_2023-07-25,rolling_origin_2023-07-25__inner_3_2023-05-16,Z11_ebm,42117,d20d900ee432699d648080eab4327ff21b3fdba1eb0209f691f01444f32fc8fe,P-V01-W003::C018::C020,P-V01-W003,P-V01,GEO_SW,2022-10-18,2023-05-16,210,0.7611650262,16.895367858571444,20.949861365564534,21.63937228,4.05449350699309,4.744004421428556,stable,False,,inner_validation,
rolling_origin_2023-07-25,rolling_origin_2023-07-25__inner_3_2023-05-16,Z11_ebm,42117,d20d900ee432699d648080eab4327ff21b3fdba1eb0209f691f01444f32fc8fe,P-V01-W004::C018::C020,P-V01-W004,P-V01,GEO_SW,2022-10-18,2023-05-16,210,0.7636209382,22.129670817500017,27.000616130301935,23.55181467,4.8709453128019184,1.4221438524999819,stable,False,,inner_validation,
rolling_origin_2023-07-25,rolling_origin_2023-07-25__inner_3_2023-05-16,Z11_ebm,42117,d20d900ee432699d648080eab4327ff21b3fdba1eb0209f691f01444f32fc8fe,P-V01-W005::C018::C020,P-V01-W005,P-V01,GEO_SW,2022-10-18,2023-05-16,210,0.7569180439,26.987250578214336,36.0093055770464,32.78630823,9.022054998832061,5.799057651785667,stable,False,,inner_validation,
rolling_origin_2023-07-25,rolling_origin_2023-07-25__inner_3_2023-05-16,Z11_ebm,42117,d20d900ee432699d648080eab4327ff21b3fdba1eb0209f691f01444f32fc8fe,P-V01-W006::C018::C020,P-V01-W006,P-V01,GEO_SW,2022-10-18,2023-05-16,210,0.738936054,33.92320736999999,34.993805519051186,36.89401386,1.070598149051193,2.970806490000008,volatile_or_gap,True,,inner_validation,
rolling_origin_2023-07-25,rolling_origin_2023-07-25__inner_3_2023-05-16,Z11_ebm,42117,d20d900ee432699d648080eab4327ff21b3fdba1eb0209f691f01444f32fc8fe,P-V01-W007::C018::C020,P-V01-W007,P-V01,GEO_SW,2022-10-18,2023-05-16,210,0.7077713441,35.04047424749998,37.7961556503522,37.40222559,2.7556814028522183,2.361751342500021,stable,False,,inner_validation,
rolling_origin_2023-07-25,rolling_origin_2023-07-25__inner_3_2023-05-16,Z11_ebm,42117,d20d900ee432699d648080eab4327ff21b3fdba1eb0209f691f01444f32fc8fe,P-V02-W001::C018::C020,P-V02-W001,P-V02,GEO_SW,2022-10-18,2023-05-16,210,0.7654797349,31.63773619785709,36.692093690232696,23.86031654,5.054357492375605,7.7774196578570916,decelerating,True,,inner_validation,
rolling_origin_2023-07-25,rolling_origin_2023-07-25__inner_3_2023-05-16,Z11_ebm,42117,d20d900ee432699d648080eab4327ff21b3fdba1eb0209f691f01444f32fc8fe,P-V02-W002::C018::C020,P-V02-W002,P-V02,GEO_SW,2022-10-18,2023-05-16,210,0.7836071149,41.52407221892854,46.3543146014567,29.69037425,4.830242382528162,11.833697968928536,decelerating,True,,inner_validation,
rolling_origin_2023-07-25,rolling_origin_2023-07-25__inner_3_2023-05-16,Z11_ebm,42117,d20d900ee432699d648080eab4327ff21b3fdba1eb0209f691f01444f32fc8fe,P-V02-W003::C018::C020,P-V02-W003,P-V02,GEO_NW,2022-10-18,2023-05-16,210,0.7990366611,10.126301809892858,11.832892220951281,2.968155817,1.7065904110584231,7.158145992892859,stable,False,,inner_validation,
rolling_origin_2023-07-25,rolling_origin_2023-07-25__inner_3_2023-05-16,Z11_ebm,42117,d20d900ee432699d648080eab4327ff21b3fdba1eb0209f691f01444f32fc8fe,P-V02-W004::C018::C020,P-V02-W004,P-V02,GEO_NW,2022-10-18,2023-05-16,210,0.8016225697,21.145566785,22.306523940023833,11.47957581,1.1609571550238336,9.665990975,stable,False,,inner_validation,
rolling_origin_2023-07-25,rolling_origin_2023-07-25__inner_3_2023-05-16,Z11_ebm,42117,d20d900ee432699d648080eab4327ff21b3fdba1eb0209f691f01444f32fc8fe,P-V02-W005::C018::C020,P-V02-W005,P-V02,GEO_NW,2022-10-18,2023-05-16,210,0.8000967362,38.486170741071405,46.56392507712786,33.87410438,8.077754336056458,4.612066361071406,decelerating,True,,inner_validation,
rolling_origin_2023-07-25,rolling_origin_2023-07-25__inner_3_2023-05-16,Z11_ebm,42117,d20d900ee432699d648080eab4327ff21b3fdba1eb0209f691f01444f32fc8fe,P-V02-W006::C018::C020,P-V02-W006,P-V02,GEO_NW,2022-10-18,2023-05-16,210,0.7865085693,28.237851446428596,35.43191707840719,22.11564836,7.194065631978592,6.122203086428595,stable,False,,inner_validation,
rolling_origin_2023-07-25,rolling_origin_2023-07-25__inner_3_2023-05-16,Z11_ebm,42117,d20d900ee432699d648080eab4327ff21b3fdba1eb0209f691f01444f32fc8fe,P-V02-W007::C018::C020,P-V02-W007,P-V02,GEO_NW,2022-10-18,2023-05-16,210,0.7684010526,25.004550088928585,29.16464006463399,17.99780314,4.160089975705404,7.006746948928587,stable,False,,inner_validation,
rolling_origin_2023-07-25,rolling_origin_2023-07-25__inner_3_2023-05-16,Z11_ebm,42117,d20d900ee432699d648080eab4327ff21b3fdba1eb0209f691f01444f32fc8fe,P-V03-W001::C018::C020,P-V03-W001,P-V03,GEO_SW,2022-10-18,2023-05-16,210,1.120118652,30.86456038785718,31.109153599003168,33.29079883,0.24459321114598964,2.4262384421428216,accelerating,True,,inner_validation,
rolling_origin_2023-07-25,rolling_origin_2023-07-25__inner_3_2023-05-16,Z11_ebm,42117,d20d900ee432699d648080eab4327ff21b3fdba1eb0209f691f01444f32fc8fe,P-V03-W002::C018::C020,P-V03-W002,P-V03,GEO_SW,2022-10-18,2023-05-16,210,1.138816845,38.64452157392871,41.32222758015163,39.13946762,2.6777060062229268,0.49494604607129133,stable,False,,inner_validation,
rolling_origin_2023-07-25,rolling_origin_2023-07-25__inner_3_2023-05-16,Z11_ebm,42117,d20d900ee432699d648080eab4327ff21b3fdba1eb0209f691f01444f32fc8fe,P-V03-W003::C018::C020,P-V03-W003,P-V03,GEO_SW,2022-10-18,2023-05-16,210,1.149528208,37.73387140357134,37.19836012507476,39.76192948,0.5355112784965854,2.028058076428657,stable,False,,inner_validation,
rolling_origin_2023-07-25,rolling_origin_2023-07-25__inner_3_2023-05-16,Z11_ebm,42117,d20d900ee432699d648080eab4327ff21b3fdba1eb0209f691f01444f32fc8fe,P-V03-W004::C018::C020,P-V03-W004,P-V03,GEO_SW,2022-10-18,2023-05-16,210,1.153191702,20.651558507143136,32.003441758281525,28.9940278,11.35188325113839,8.342469292856865,accelerating,True,,inner_validation,
rolling_origin_2023-07-25,rolling_origin_2023-07-25__inner_3_2023-05-16,Z11_ebm,42117,d20d900ee432699d648080eab4327ff21b3fdba1eb0209f691f01444f32fc8fe,P-V03-W005::C018::C020,P-V03-W005,P-V03,GEO_NW,2022-10-18,2023-05-16,210,1.145459232,31.008873619642845,35.34556467694604,38.44528655,4.336691057303195,7.436412930357154,stable,False,,inner_validation,
rolling_origin_2023-07-25,rolling_origin_2023-07-25__inner_3_2023-05-16,Z11_ebm,42117,d20d900ee432699d648080eab4327ff21b3fdba1eb0209f691f01444f32fc8fe,P-V03-W006::C018::C020,P-V03-W006,P-V03,GEO_NW,2022-10-18,2023-05-16,210,1.134402051,31.275699876071485,35.036154601005954,35.5250977,3.760454724934469,4.249397823928518,stable,False,,inner_validation,
rolling_origin_2023-07-25,rolling_origin_2023-07-25__inner_3_2023-05-16,Z11_ebm,42117,d20d900ee432699d648080eab4327ff21b3fdba1eb0209f691f01444f32fc8fe,P-V03-W007::C018::C020,P-V03-W007,P-V03,GEO_NW,2022-10-18,2023-05-16,210,1.11906043,1.8384117814285936,4.448079945976291,3.788521757,2.6096681645476973,1.9501099755714062,stable,False,,inner_validation,
rolling_origin_2023-07-25,rolling_origin_2023-07-25__inner_3_2023-05-16,Z11_ebm,42117,d20d900ee432699d648080eab4327ff21b3fdba1eb0209f691f01444f32fc8fe,P-V04-W001::C018::C020,P-V04-W001,P-V04,GEO_NE,2022-10-18,2023-05-16,210,0.7060097599,4.191580649642881,3.345273999676149,-1.232757176,0.8463066499667318,5.424337825642881,stable,False,,inner_validation,
rolling_origin_2023-07-25,rolling_origin_2023-07-25__inner_3_2023-05-16,Z11_ebm,42117,d20d900ee432699d648080eab4327ff21b3fdba1eb0209f691f01444f32fc8fe,P-V04-W002::C018::C020,P-V04-W002,P-V04,GEO_NE,2022-10-18,2023-05-16,210,0.7141492352,4.29638513678573,2.4329204888475426,-1.217671719,1.8634646479381876,5.51405685578573,stable,False,,inner_validation,
rolling_origin_2023-07-25,rolling_origin_2023-07-25__inner_3_2023-05-16,Z11_ebm,42117,d20d900ee432699d648080eab4327ff21b3fdba1eb0209f691f01444f32fc8fe,P-V04-W003::C018::C020,P-V04-W003,P-V04,GEO_NE,2022-10-18,2023-05-16,210,0.7202446793,3.7453865535714153,2.3477255481510704,-1.500356896,1.3976610054203449,5.245743449571416,stable,False,,inner_validation,
rolling_origin_2023-07-25,rolling_origin_2023-07-25__inner_3_2023-05-16,Z11_ebm,42117,d20d900ee432699d648080eab4327ff21b3fdba1eb0209f691f01444f32fc8fe,P-V04-W004::C018::C020,P-V04-W004,P-V04,GEO_NE,2022-10-18,2023-05-16,210,0.7190186164,5.3308171407143,2.969964320501211,-1.056961668,2.3608528202130894,6.3877788087143,stable,False,,inner_validation,
rolling_origin_2023-07-25,rolling_origin_2023-07-25__inner_3_2023-05-16,Z11_ebm,42117,d20d900ee432699d648080eab4327ff21b3fdba1eb0209f691f01444f32fc8fe,P-V04-W005::C018::C020,P-V04-W005,P-V04,GEO_NE,2022-10-18,2023-05-16,210,0.7148562428,5.701042541428585,3.0422761888762833,-2.651397803,2.6587663525523015,8.352440344428585,stable,False,,inner_validation,
rolling_origin_2023-07-25,rolling_origin_2023-07-25__inner_3_2023-05-16,Z11_ebm,42117,d20d900ee432699d648080eab4327ff21b3fdba1eb0209f691f01444f32fc8fe,P-V04-W006::C018::C020,P-V04-W006,P-V04,GEO_NE,2022-10-18,2023-05-16,210,0.7065610212,4.814938040714248,4.652325564550979,-2.328959839,0.16261247616326902,7.143897879714247,stable,False,,inner_validation,
rolling_origin_2023-07-25,rolling_origin_2023-07-25__inner_3_2023-05-16,Z11_ebm,42117,d20d900ee432699d648080eab4327ff21b3fdba1eb0209f691f01444f32fc8fe,P-V04-W007::C018::C020,P-V04-W007,P-V04,GEO_NE,2022-10-18,2023-05-16,210,0.6909486018,41.97571880178566,39.25484502030976,36.55539176,2.720873781475902,5.4203270417856615,stable,False,,inner_validation,
rolling_origin_2023-07-25,rolling_origin_2023-07-25__inner_3_2023-05-16,Z11_ebm,42117,d20d900ee432699d648080eab4327ff21b3fdba1eb0209f691f01444f32fc8fe,P-V05-W001::C018::C020,P-V05-W001,P-V05,GEO_SE,2022-10-18,2023-05-16,210,0.7109948355,24.21241554285729,22.28097789596031,22.9477233,1.9314376468969812,1.26469224285729,stable,False,,inner_validation,
rolling_origin_2023-07-25,rolling_origin_2023-07-25__inner_3_2023-05-16,Z11_ebm,42117,d20d900ee432699d648080eab4327ff21b3fdba1eb0209f691f01444f32fc8fe,P-V05-W002::C018::C020,P-V05-W002,P-V05,GEO_NE,2022-10-18,2023-05-16,210,0.722023047,20.333324878571183,22.15357406323724,21.76215736,1.8202491846660571,1.4288324814288167,stable,False,,inner_validation,
rolling_origin_2023-07-25,rolling_origin_2023-07-25__inner_3_2023-05-16,Z11_ebm,42117,d20d900ee432699d648080eab4327ff21b3fdba1eb0209f691f01444f32fc8fe,P-V05-W003::C018::C020,P-V05-W003,P-V05,GEO_NE,2022-10-18,2023-05-16,210,0.7226390839,31.94010545357124,33.78260776199015,35.29666897,1.8425023084189114,3.3565635164287606,stable,False,,inner_validation,
rolling_origin_2023-07-25,rolling_origin_2023-07-25__inner_3_2023-05-16,Z11_ebm,42117,d20d900ee432699d648080eab4327ff21b3fdba1eb0209f691f01444f32fc8fe,P-V05-W004::C018::C020,P-V05-W004,P-V05,GEO_NE,2022-10-18,2023-05-16,210,0.7198832049,34.96485027857157,37.89773766655049,33.71588363,2.932887387978923,1.2489666485715674,stable,False,,inner_validation,
rolling_origin_2023-07-25,rolling_origin_2023-07-25__inner_3_2023-05-16,Z11_ebm,42117,d20d900ee432699d648080eab4327ff21b3fdba1eb0209f691f01444f32fc8fe,P-V05-W005::C018::C020,P-V05-W005,P-V05,GEO_NE,2022-10-18,2023-05-16,210,0.7117644857,34.98955857142842,36.32338328432576,32.78864656,1.3338247128973393,2.2009120114284215,stable,False,,inner_validation,
rolling_origin_2023-07-25,rolling_origin_2023-07-25__inner_3_2023-05-16,Z11_ebm,42117,d20d900ee432699d648080eab4327ff21b3fdba1eb0209f691f01444f32fc8fe,P-V05-W007::C018::C020,P-V05-W007,P-V05,GEO_NE,2022-10-18,2023-05-16,210,0.6859396224,30.99674471071395,36.22198527141554,33.40339763,5.2252405607015895,2.4066529192860493,stable,False,,inner_validation,
rolling_origin_2023-07-25,rolling_origin_2023-07-25__inner_3_2023-05-16,Z11_ebm,42117,d20d900ee432699d648080eab4327ff21b3fdba1eb0209f691f01444f32fc8fe,P-V06-W002::C018::C020,P-V06-W002,P-V06,GEO_NE,2022-10-18,2023-05-16,210,1.395808385,19.96263943678569,25.014350840938235,23.95494697,5.051711404152545,3.992307533214312,stable,False,,inner_validation,
rolling_origin_2023-07-25,rolling_origin_2023-07-25__inner_3_2023-05-16,Z11_ebm,42117,d20d900ee432699d648080eab4327ff21b3fdba1eb0209f691f01444f32fc8fe,P-V06-W003::C018::C020,P-V06-W003,P-V06,GEO_NE,2022-10-18,2023-05-16,210,1.408700538,33.58205204285717,39.4487391057303,33.72282428,5.866687062873126,0.14077223714282638,stable,False,,inner_validation,
rolling_origin_2023-07-25,rolling_origin_2023-07-25__inner_3_2023-05-16,Z11_ebm,42117,d20d900ee432699d648080eab4327ff21b3fdba1eb0209f691f01444f32fc8fe,P-V06-W004::C018::C020,P-V06-W004,P-V06,GEO_NE,2022-10-18,2023-05-16,210,1.416638868,16.004973583571438,19.02087451208007,23.92758261,3.015900928508632,7.922609026428564,stable,False,,inner_validation,
rolling_origin_2023-07-25,rolling_origin_2023-07-25__inner_3_2023-05-16,Z11_ebm,42117,d20d900ee432699d648080eab4327ff21b3fdba1eb0209f691f01444f32fc8fe,P-V06-W005::C018::C020,P-V06-W005,P-V06,GEO_NE,2022-10-18,2023-05-16,210,1.406681642,37.878271947500025,37.468157028415675,39.48038176,0.41011491908435005,1.6021098124999753,stable,False,,inner_validation,
rolling_origin_2023-07-25,rolling_origin_2023-07-25__inner_3_2023-05-16,Z11_ebm,42117,d20d900ee432699d648080eab4327ff21b3fdba1eb0209f691f01444f32fc8fe,P-V06-W006::C018::C020,P-V06-W006,P-V06,GEO_NE,2022-10-18,2023-05-16,210,1.369198935,14.603669173928589,11.304877046732825,20.72337877,3.298792127195764,6.119709596071411,stable,False,,inner_validation,
rolling_origin_2023-07-25,rolling_origin_2023-07-25__inner_3_2023-05-16,Z11_ebm,42117,d20d900ee432699d648080eab4327ff21b3fdba1eb0209f691f01444f32fc8fe,P-V06-W007::C018::C020,P-V06-W007,P-V06,GEO_NE,2022-10-18,2023-05-16,210,1.337006622,14.24878966500002,13.86930017633887,20.74988303,0.3794894886611502,6.50109336499998,stable,False,,inner_validation,
rolling_origin_2023-07-25,rolling_origin_2023-07-25__inner_3_2023-05-16,Z11_ebm,42117,d20d900ee432699d648080eab4327ff21b3fdba1eb0209f691f01444f32fc8fe,P-H01-W001::C019::C020,P-H01-W001,P-H01,GEO_SW,2023-01-17,2023-05-16,119,0.7225723498,24.34160344474788,12.101112456072439,15.06318554,12.24049098867544,9.27841790474788,stable,False,,inner_validation,
rolling_origin_2023-07-25,rolling_origin_2023-07-25__inner_3_2023-05-16,Z11_ebm,42117,d20d900ee432699d648080eab4327ff21b3fdba1eb0209f691f01444f32fc8fe,P-H01-W002::C019::C020,P-H01-W002,P-H01,GEO_SW,2023-01-17,2023-05-16,119,0.7742429381,139.7444446619748,103.487445675764,118.2567244,36.2569989862108,21.4877202619748,decelerating,True,,inner_validation,
rolling_origin_2023-07-25,rolling_origin_2023-07-25__inner_3_2023-05-16,Z11_ebm,42117,d20d900ee432699d648080eab4327ff21b3fdba1eb0209f691f01444f32fc8fe,P-H01-W003::C019::C020,P-H01-W003,P-H01,GEO_SW,2023-01-17,2023-05-16,119,0.8161550396,76.81229967478993,71.99707153740555,67.9413496,4.815228137384381,8.870950074789931,volatile_or_gap,True,,inner_validation,
rolling_origin_2023-07-25,rolling_origin_2023-07-25__inner_3_2023-05-16,Z11_ebm,42117,d20d900ee432699d648080eab4327ff21b3fdba1eb0209f691f01444f32fc8fe,P-H01-W004::C019::C020,P-H01-W004,P-H01,GEO_SW,2023-01-17,2023-05-16,119,0.8287363673,21.559218876050373,20.2317000899272,21.57320582,1.3275187861231714,0.013986943949625186,volatile_or_gap,True,,inner_validation,
rolling_origin_2023-07-25,rolling_origin_2023-07-25__inner_3_2023-05-16,Z11_ebm,42117,d20d900ee432699d648080eab4327ff21b3fdba1eb0209f691f01444f32fc8fe,P-H01-W005::C019::C020,P-H01-W005,P-H01,GEO_SW,2023-01-17,2023-05-16,119,0.8265697257,38.99415998067223,33.48603938008527,29.56902774,5.508120600586956,9.42513224067223,decelerating,True,,inner_validation,
rolling_origin_2023-07-25,rolling_origin_2023-07-25__inner_3_2023-05-16,Z11_ebm,42117,d20d900ee432699d648080eab4327ff21b3fdba1eb0209f691f01444f32fc8fe,P-H01-W006::C019::C020,P-H01-W006,P-H01,GEO_SW,2023-01-17,2023-05-16,119,0.8070633965,20.666165130882483,13.852018617602711,13.57004782,6.814146513279772,7.096117310882484,decelerating,True,,inner_validation,
rolling_origin_2023-07-25,rolling_origin_2023-07-25__inner_3_2023-05-16,Z11_ebm,42117,d20d900ee432699d648080eab4327ff21b3fdba1eb0209f691f01444f32fc8fe,P-H01-W007::C019::C020,P-H01-W007,P-H01,GEO_SW,2023-01-17,2023-05-16,119,0.7592715663,45.064900428151184,37.388142166390615,36.0820785,7.676758261760568,8.982821928151182,stable,False,,inner_validation,
rolling_origin_2023-07-25,rolling_origin_2023-07-25__inner_3_2023-05-16,Z11_ebm,42117,d20d900ee432699d648080eab4327ff21b3fdba1eb0209f691f01444f32fc8fe,P-H02-W001::C019::C020,P-H02-W001,P-H02,GEO_SW,2023-01-17,2023-05-16,119,0.7902032097,27.70110173634446,21.74586415188382,27.99399478,5.95523758446064,0.2928930436555426,stable,False,,inner_validation,
rolling_origin_2023-07-25,rolling_origin_2023-07-25__inner_3_2023-05-16,Z11_ebm,42117,d20d900ee432699d648080eab4327ff21b3fdba1eb0209f691f01444f32fc8fe,P-H02-W002::C019::C020,P-H02-W002,P-H02,GEO_SW,2023-01-17,2023-05-16,119,0.820452373,87.94335020735303,82.12051930059967,70.68573426,5.822830906753367,17.25761594735303,accelerating,True,,inner_validation,
rolling_origin_2023-07-25,rolling_origin_2023-07-25__inner_3_2023-05-16,Z11_ebm,42117,d20d900ee432699d648080eab4327ff21b3fdba1eb0209f691f01444f32fc8fe,P-H02-W003::C019::C020,P-H02-W003,P-H02,GEO_SW,2023-01-17,2023-05-16,119,0.8356075008,118.53546738718482,113.56113158485704,115.009033,4.974335802327786,3.526434387184821,accelerating,True,,inner_validation,
rolling_origin_2023-07-25,rolling_origin_2023-07-25__inner_3_2023-05-16,Z11_ebm,42117,d20d900ee432699d648080eab4327ff21b3fdba1eb0209f691f01444f32fc8fe,P-H02-W004::C019::C020,P-H02-W004,P-H02,GEO_SW,2023-01-17,2023-05-16,119,0.8392239783,45.42345468970588,36.4487263394883,29.38950604,8.974728350217575,16.033948649705877,accelerating,True,,inner_validation,
rolling_origin_2023-07-25,rolling_origin_2023-07-25__inner_3_2023-05-16,Z11_ebm,42117,d20d900ee432699d648080eab4327ff21b3fdba1eb0209f691f01444f32fc8fe,P-H02-W005::C019::C020,P-H02-W005,P-H02,GEO_SW,2023-01-17,2023-05-16,119,0.8325381856,3.4732565397478963,3.9976866200057244,6.842676829,0.5244300802578281,3.369420289252104,volatile_or_gap,True,,inner_validation,
rolling_origin_2023-07-25,rolling_origin_2023-07-25__inner_3_2023-05-16,Z11_ebm,42117,d20d900ee432699d648080eab4327ff21b3fdba1eb0209f691f01444f32fc8fe,P-H02-W006::C019::C020,P-H02-W006,P-H02,GEO_SW,2023-01-17,2023-05-16,119,0.8225827151,22.647570875420268,11.045277174078167,20.70685785,11.6022937013421,1.9407130254202691,accelerating,True,,inner_validation,
rolling_origin_2023-07-25,rolling_origin_2023-07-25__inner_3_2023-05-16,Z11_ebm,42117,d20d900ee432699d648080eab4327ff21b3fdba1eb0209f691f01444f32fc8fe,P-H02-W007::C019::C020,P-H02-W007,P-H02,GEO_SW,2023-01-17,2023-05-16,119,0.7921648482,34.84200289159659,30.473524442889097,37.66014519,4.368478448707496,2.8181422984034086,stable,False,,inner_validation,
rolling_origin_2023-11-07,rolling_origin_2023-11-07__inner_1_2023-01-17,Z11_ebm,42117,a40ac2b986e49ebf9655fde3ea9d7d2a12798b9bbf0cf864fc9507b6910d58e7,P-H01-W001::C018::C019,P-H01-W001,P-H01,GEO_SW,2022-10-18,2023-01-17,91,0.7246197394,15.063185743681345,24.972396095571796,17.84098184,9.90921035189045,2.7777960963186565,stable,False,,inner_validation,
rolling_origin_2023-11-07,rolling_origin_2023-11-07__inner_1_2023-01-17,Z11_ebm,42117,a40ac2b986e49ebf9655fde3ea9d7d2a12798b9bbf0cf864fc9507b6910d58e7,P-H01-W002::C018::C019,P-H01-W002,P-H01,GEO_SW,2022-10-18,2023-01-17,91,0.771101411,118.2567243824176,125.82736304757368,124.3371144,7.570638665156082,6.080390017582403,accelerating,True,,inner_validation,
rolling_origin_2023-11-07,rolling_origin_2023-11-07__inner_1_2023-01-17,Z11_ebm,42117,a40ac2b986e49ebf9655fde3ea9d7d2a12798b9bbf0cf864fc9507b6910d58e7,P-H01-W003::C018::C019,P-H01-W003,P-H01,GEO_SW,2022-10-18,2023-01-17,91,0.8056518467,67.94134939615383,97.46496208360274,70.08737781,29.523612687448917,2.1460284138461816,decelerating,True,,inner_validation,
rolling_origin_2023-11-07,rolling_origin_2023-11-07__inner_1_2023-01-17,Z11_ebm,42117,a40ac2b986e49ebf9655fde3ea9d7d2a12798b9bbf0cf864fc9507b6910d58e7,P-H01-W005::C018::C019,P-H01-W005,P-H01,GEO_SW,2022-10-18,2023-01-17,91,0.8048546651,29.56902768214294,41.549376966227285,39.333122,11.980349284084344,9.764094317857062,stable,False,,inner_validation,
rolling_origin_2023-11-07,rolling_origin_2023-11-07__inner_1_2023-01-17,Z11_ebm,42117,a40ac2b986e49ebf9655fde3ea9d7d2a12798b9bbf0cf864fc9507b6910d58e7,P-H01-W006::C018::C019,P-H01-W006,P-H01,GEO_SW,2022-10-18,2023-01-17,91,0.7795346806,13.570047757417504,25.37255781362945,23.01327085,11.802510056211945,9.443223092582498,stable,False,,inner_validation,
rolling_origin_2023-11-07,rolling_origin_2023-11-07__inner_1_2023-01-17,Z11_ebm,42117,a40ac2b986e49ebf9655fde3ea9d7d2a12798b9bbf0cf864fc9507b6910d58e7,P-H01-W007::C018::C019,P-H01-W007,P-H01,GEO_SW,2022-10-18,2023-01-17,91,0.7218764117,36.082078584065975,40.16945205757119,39.82922426,4.087373473505217,3.7471456759340214,stable,False,,inner_validation,
rolling_origin_2023-11-07,rolling_origin_2023-11-07__inner_1_2023-01-17,Z11_ebm,42117,a40ac2b986e49ebf9655fde3ea9d7d2a12798b9bbf0cf864fc9507b6910d58e7,P-H02-W001::C018::C019,P-H02-W001,P-H02,GEO_SW,2022-10-18,2023-01-17,91,0.7112686979,27.993995026648417,29.48339721017612,25.48239632,1.4894021835277016,2.5115987066484173,stable,False,,inner_validation,
rolling_origin_2023-11-07,rolling_origin_2023-11-07__inner_1_2023-01-17,Z11_ebm,42117,a40ac2b986e49ebf9655fde3ea9d7d2a12798b9bbf0cf864fc9507b6910d58e7,P-H02-W002::C018::C019,P-H02-W002,P-H02,GEO_SW,2022-10-18,2023-01-17,91,0.7371147589,70.68573394038461,59.844072469293465,46.61362475,10.841661471091143,24.07210919038461,accelerating,True,,inner_validation,
rolling_origin_2023-11-07,rolling_origin_2023-11-07__inner_1_2023-01-17,Z11_ebm,42117,a40ac2b986e49ebf9655fde3ea9d7d2a12798b9bbf0cf864fc9507b6910d58e7,P-H02-W003::C018::C019,P-H02-W003,P-H02,GEO_SW,2022-10-18,2023-01-17,91,0.7496950792,115.00903296428577,110.28214469744098,93.99135738,4.726888266844782,21.01767558428577,accelerating,True,,inner_validation,
rolling_origin_2023-11-07,rolling_origin_2023-11-07__inner_1_2023-01-17,Z11_ebm,42117,a40ac2b986e49ebf9655fde3ea9d7d2a12798b9bbf0cf864fc9507b6910d58e7,P-H02-W004::C018::C019,P-H02-W004,P-H02,GEO_SW,2022-10-18,2023-01-17,91,0.7523123242,29.38950610302192,21.828653564147817,19.11308924,7.5608525388741015,10.276416863021918,stable,False,,inner_validation,
rolling_origin_2023-11-07,rolling_origin_2023-11-07__inner_1_2023-01-17,Z11_ebm,42117,a40ac2b986e49ebf9655fde3ea9d7d2a12798b9bbf0cf864fc9507b6910d58e7,P-H02-W006::C018::C019,P-H02-W006,P-H02,GEO_SW,2022-10-18,2023-01-17,91,0.7359152411,20.706857758516563,17.62714265123295,13.72544466,3.0797151072836115,6.981413098516562,stable,False,,inner_validation,
rolling_origin_2023-11-07,rolling_origin_2023-11-07__inner_1_2023-01-17,Z11_ebm,42117,a40ac2b986e49ebf9655fde3ea9d7d2a12798b9bbf0cf864fc9507b6910d58e7,P-H02-W007::C018::C019,P-H02-W007,P-H02,GEO_SW,2022-10-18,2023-01-17,91,0.7077756315,37.66014522280226,39.088360916233874,38.97422235,1.4282156934316177,1.3140771271977414,stable,False,,inner_validation,
rolling_origin_2023-11-07,rolling_origin_2023-11-07__inner_2_2023-05-16,Z11_ebm,42117,a40ac2b986e49ebf9655fde3ea9d7d2a12798b9bbf0cf864fc9507b6910d58e7,P-D01-W001::C018::C020,P-D01-W001,P-D01,GEO_SW,2022-10-18,2023-05-16,210,0.7160666342,148.91657580535718,134.35940235549913,151.4969063,14.557173449858055,2.5803304946428227,accelerating,True,,inner_validation,
rolling_origin_2023-11-07,rolling_origin_2023-11-07__inner_2_2023-05-16,Z11_ebm,42117,a40ac2b986e49ebf9655fde3ea9d7d2a12798b9bbf0cf864fc9507b6910d58e7,P-D01-W002::C018::C020,P-D01-W002,P-D01,GEO_SW,2022-10-18,2023-05-16,210,0.7332011732,48.90749104607144,40.38341704703899,45.99918987,8.524073999032453,2.90830117607144,stable,False,,inner_validation,
rolling_origin_2023-11-07,rolling_origin_2023-11-07__inner_2_2023-05-16,Z11_ebm,42117,a40ac2b986e49ebf9655fde3ea9d7d2a12798b9bbf0cf864fc9507b6910d58e7,P-D01-W003::C018::C020,P-D01-W003,P-D01,GEO_SW,2022-10-18,2023-05-16,210,0.7438162597,5.898387464285749,7.602091316922683,7.043165709,1.7037038526369344,1.1447782447142512,accelerating,True,,inner_validation,
rolling_origin_2023-11-07,rolling_origin_2023-11-07__inner_2_2023-05-16,Z11_ebm,42117,a40ac2b986e49ebf9655fde3ea9d7d2a12798b9bbf0cf864fc9507b6910d58e7,P-D01-W004::C018::C020,P-D01-W004,P-D01,GEO_SW,2022-10-18,2023-05-16,210,0.7526121944,4.963150229285698,8.654742934531267,5.209092001,3.6915927052455695,0.24594177171430243,stable,False,,inner_validation,
rolling_origin_2023-11-07,rolling_origin_2023-11-07__inner_2_2023-05-16,Z11_ebm,42117,a40ac2b986e49ebf9655fde3ea9d7d2a12798b9bbf0cf864fc9507b6910d58e7,P-D01-W005::C018::C020,P-D01-W005,P-D01,GEO_SW,2022-10-18,2023-05-16,210,0.7519038775,44.80542186607138,42.72501585554162,41.86047592,2.0804060105297566,2.9449459460713783,stable,False,,inner_validation,
rolling_origin_2023-11-07,rolling_origin_2023-11-07__inner_2_2023-05-16,Z11_ebm,42117,a40ac2b986e49ebf9655fde3ea9d7d2a12798b9bbf0cf864fc9507b6910d58e7,P-D01-W006::C018::C020,P-D01-W006,P-D01,GEO_SW,2022-10-18,2023-05-16,210,0.7413580904,129.02722499857134,102.02952379072633,94.39128591,26.99770120784501,34.63593908857135,accelerating,True,,inner_validation,
rolling_origin_2023-11-07,rolling_origin_2023-11-07__inner_2_2023-05-16,Z11_ebm,42117,a40ac2b986e49ebf9655fde3ea9d7d2a12798b9bbf0cf864fc9507b6910d58e7,P-D01-W007::C018::C020,P-D01-W007,P-D01,GEO_SW,2022-10-18,2023-05-16,210,0.7203289649,21.041670552857155,25.068497702737766,26.54855263,4.02682714988061,5.506882077142844,stable,False,,inner_validation,
rolling_origin_2023-11-07,rolling_origin_2023-11-07__inner_2_2023-05-16,Z11_ebm,42117,a40ac2b986e49ebf9655fde3ea9d7d2a12798b9bbf0cf864fc9507b6910d58e7,P-H03-W001::C018::C020,P-H03-W001,P-H03,GEO_SE,2022-10-18,2023-05-16,210,1.273668595,39.64098270964284,41.27793779160219,37.49158188,1.63695508195935,2.1494008296428433,stable,False,,inner_validation,
rolling_origin_2023-11-07,rolling_origin_2023-11-07__inner_2_2023-05-16,Z11_ebm,42117,a40ac2b986e49ebf9655fde3ea9d7d2a12798b9bbf0cf864fc9507b6910d58e7,P-H03-W002::C018::C020,P-H03-W002,P-H03,GEO_SE,2022-10-18,2023-05-16,210,1.312745182,36.91361591214293,43.630605634973115,42.59093716,6.716989722830185,5.677321247857073,decelerating,True,,inner_validation,
rolling_origin_2023-11-07,rolling_origin_2023-11-07__inner_2_2023-05-16,Z11_ebm,42117,a40ac2b986e49ebf9655fde3ea9d7d2a12798b9bbf0cf864fc9507b6910d58e7,P-H03-W003::C018::C020,P-H03-W003,P-H03,GEO_SE,2022-10-18,2023-05-16,210,1.323741767,35.120802288571376,45.208674781656285,40.30261655,10.087872493084909,5.181814261428627,stable,False,,inner_validation,
rolling_origin_2023-11-07,rolling_origin_2023-11-07__inner_2_2023-05-16,Z11_ebm,42117,a40ac2b986e49ebf9655fde3ea9d7d2a12798b9bbf0cf864fc9507b6910d58e7,P-H03-W004::C018::C020,P-H03-W004,P-H03,GEO_SE,2022-10-18,2023-05-16,210,1.331819411,38.16679109714287,42.12326560020879,42.97303567,3.9564745030659196,4.806244572857132,decelerating,True,,inner_validation,
rolling_origin_2023-11-07,rolling_origin_2023-11-07__inner_2_2023-05-16,Z11_ebm,42117,a40ac2b986e49ebf9655fde3ea9d7d2a12798b9bbf0cf864fc9507b6910d58e7,P-H03-W005::C018::C020,P-H03-W005,P-H03,GEO_SE,2022-10-18,2023-05-16,210,1.325456803,34.5390046078571,44.74421551183401,41.96183584,10.205210903976905,7.422831232142897,stable,False,,inner_validation,
rolling_origin_2023-11-07,rolling_origin_2023-11-07__inner_2_2023-05-16,Z11_ebm,42117,a40ac2b986e49ebf9655fde3ea9d7d2a12798b9bbf0cf864fc9507b6910d58e7,P-H03-W006::C018::C020,P-H03-W006,P-H03,GEO_SE,2022-10-18,2023-05-16,210,1.318118004,37.11071959607146,47.08527420777306,44.2253696,9.974554611701599,7.1146500039285385,decelerating,True,,inner_validation,
rolling_origin_2023-11-07,rolling_origin_2023-11-07__inner_2_2023-05-16,Z11_ebm,42117,a40ac2b986e49ebf9655fde3ea9d7d2a12798b9bbf0cf864fc9507b6910d58e7,P-H04-W001::C018::C020,P-H04-W001,P-H04,GEO_SW,2022-10-18,2023-05-16,210,0.8690752534,22.60417561499999,34.53489605590694,9.51763854,11.930720440906953,13.086537074999988,decelerating,True,,inner_validation,
rolling_origin_2023-11-07,rolling_origin_2023-11-07__inner_2_2023-05-16,Z11_ebm,42117,a40ac2b986e49ebf9655fde3ea9d7d2a12798b9bbf0cf864fc9507b6910d58e7,P-H04-W002::C018::C020,P-H04-W002,P-H04,GEO_SW,2022-10-18,2023-05-16,210,0.921775413,81.70204078249996,100.30552612911647,131.7071994,18.60348534661651,50.005158617500044,accelerating,True,,inner_validation,
rolling_origin_2023-11-07,rolling_origin_2023-11-07__inner_2_2023-05-16,Z11_ebm,42117,a40ac2b986e49ebf9655fde3ea9d7d2a12798b9bbf0cf864fc9507b6910d58e7,P-H04-W003::C018::C020,P-H04-W003,P-H04,GEO_SW,2022-10-18,2023-05-16,210,1.004749854,32.61792057607136,49.61719478069631,29.44585102,16.999274204624946,3.1720695560713636,accelerating,True,,inner_validation,
rolling_origin_2023-11-07,rolling_origin_2023-11-07__inner_2_2023-05-16,Z11_ebm,42117,a40ac2b986e49ebf9655fde3ea9d7d2a12798b9bbf0cf864fc9507b6910d58e7,P-H04-W004::C018::C020,P-H04-W004,P-H04,GEO_SW,2022-10-18,2023-05-16,210,1.081616038,16.8766093142857,27.55915541501274,16.79220953,10.682546100727038,0.08439978428570072,accelerating,True,,inner_validation,
rolling_origin_2023-11-07,rolling_origin_2023-11-07__inner_2_2023-05-16,Z11_ebm,42117,a40ac2b986e49ebf9655fde3ea9d7d2a12798b9bbf0cf864fc9507b6910d58e7,P-H04-W005::C018::C020,P-H04-W005,P-H04,GEO_SW,2022-10-18,2023-05-16,210,1.124293202,29.34740041750001,29.29664600606708,23.73557022,0.05075441143292991,5.611830197500009,volatile_or_gap,True,,inner_validation,
rolling_origin_2023-11-07,rolling_origin_2023-11-07__inner_2_2023-05-16,Z11_ebm,42117,a40ac2b986e49ebf9655fde3ea9d7d2a12798b9bbf0cf864fc9507b6910d58e7,P-H04-W006::C018::C020,P-H04-W006,P-H04,GEO_SW,2022-10-18,2023-05-16,210,1.189607028,74.37259894821428,50.335652819475136,42.59891375,24.03694612873914,31.773685198214274,accelerating,True,,inner_validation,
rolling_origin_2023-11-07,rolling_origin_2023-11-07__inner_2_2023-05-16,Z11_ebm,42117,a40ac2b986e49ebf9655fde3ea9d7d2a12798b9bbf0cf864fc9507b6910d58e7,P-H04-W007::C018::C020,P-H04-W007,P-H04,GEO_SW,2022-10-18,2023-05-16,210,1.24712761,28.716613841428558,37.873260476191334,19.29387846,9.156646634762776,9.42273538142856,decelerating,True,,inner_validation,
rolling_origin_2023-11-07,rolling_origin_2023-11-07__inner_2_2023-05-16,Z11_ebm,42117,a40ac2b986e49ebf9655fde3ea9d7d2a12798b9bbf0cf864fc9507b6910d58e7,P-H05-W001::C018::C020,P-H05-W001,P-H05,GEO_NE,2022-10-18,2023-05-16,210,0.9926801109,42.691427046428416,39.13531118962089,44.48951575,3.556115856807523,1.7980887035715867,stable,False,,inner_validation,
rolling_origin_2023-11-07,rolling_origin_2023-11-07__inner_2_2023-05-16,Z11_ebm,42117,a40ac2b986e49ebf9655fde3ea9d7d2a12798b9bbf0cf864fc9507b6910d58e7,P-H05-W003::C018::C020,P-H05-W003,P-H05,GEO_NE,2022-10-18,2023-05-16,210,1.075112046,18.891770092857374,26.52057112403018,27.35038348,7.628801031172806,8.458613387142627,stable,False,,inner_validation,
rolling_origin_2023-11-07,rolling_origin_2023-11-07__inner_2_2023-05-16,Z11_ebm,42117,a40ac2b986e49ebf9655fde3ea9d7d2a12798b9bbf0cf864fc9507b6910d58e7,P-H05-W006::C018::C020,P-H05-W006,P-H05,GEO_NE,2022-10-18,2023-05-16,210,1.05561252,18.702396664285956,21.161232426957145,24.49199354,2.458835762671189,5.789596875714043,stable,False,,inner_validation,
rolling_origin_2023-11-07,rolling_origin_2023-11-07__inner_2_2023-05-16,Z11_ebm,42117,a40ac2b986e49ebf9655fde3ea9d7d2a12798b9bbf0cf864fc9507b6910d58e7,P-H05-W007::C018::C020,P-H05-W007,P-H05,GEO_NE,2022-10-18,2023-05-16,210,1.011423013,14.670970138928414,26.625854206868212,28.97879847,11.954884067939798,14.307828331071587,accelerating,True,,inner_validation,
rolling_origin_2023-11-07,rolling_origin_2023-11-07__inner_2_2023-05-16,Z11_ebm,42117,a40ac2b986e49ebf9655fde3ea9d7d2a12798b9bbf0cf864fc9507b6910d58e7,P-H06-W001::C018::C020,P-H06-W001,P-H06,GEO_NE,2022-10-18,2023-05-16,210,1.36077196,-1.0590018496428724,5.299118535977667,3.623761302,6.3581203856205395,4.682763151642872,stable,False,,inner_validation,
rolling_origin_2023-11-07,rolling_origin_2023-11-07__inner_2_2023-05-16,Z11_ebm,42117,a40ac2b986e49ebf9655fde3ea9d7d2a12798b9bbf0cf864fc9507b6910d58e7,P-H06-W002::C018::C020,P-H06-W002,P-H06,GEO_NE,2022-10-18,2023-05-16,210,1.44587473,-1.2361301849999646,3.486487782446182,4.010419005,4.722617967446147,5.246549189999965,stable,False,,inner_validation,
rolling_origin_2023-11-07,rolling_origin_2023-11-07__inner_2_2023-05-16,Z11_ebm,42117,a40ac2b986e49ebf9655fde3ea9d7d2a12798b9bbf0cf864fc9507b6910d58e7,P-H06-W003::C018::C020,P-H06-W003,P-H06,GEO_NE,2022-10-18,2023-05-16,210,1.493167348,0.2174488046428203,-2.186822936050298,2.322264088,2.4042717406931184,2.1048152833571794,stable,False,,inner_validation,
rolling_origin_2023-11-07,rolling_origin_2023-11-07__inner_2_2023-05-16,Z11_ebm,42117,a40ac2b986e49ebf9655fde3ea9d7d2a12798b9bbf0cf864fc9507b6910d58e7,P-H06-W004::C018::C020,P-H06-W004,P-H06,GEO_NE,2022-10-18,2023-05-16,210,1.512060733,3.2127525664286107,1.245948813750281,-0.4427741855,1.9668037526783297,3.6555267519286105,stable,False,,inner_validation,
rolling_origin_2023-11-07,rolling_origin_2023-11-07__inner_2_2023-05-16,Z11_ebm,42117,a40ac2b986e49ebf9655fde3ea9d7d2a12798b9bbf0cf864fc9507b6910d58e7,P-H06-W007::C018::C020,P-H06-W007,P-H06,GEO_NE,2022-10-18,2023-05-16,210,1.421634012,2.1456486195357103,-1.4892424343743929,2.103508466,3.634891053910103,0.04214015353571021,stable,False,,inner_validation,
rolling_origin_2023-11-07,rolling_origin_2023-11-07__inner_2_2023-05-16,Z11_ebm,42117,a40ac2b986e49ebf9655fde3ea9d7d2a12798b9bbf0cf864fc9507b6910d58e7,P-H07-W001::C018::C020,P-H07-W001,P-H07,GEO_NE,2022-10-18,2023-05-16,210,1.008213894,36.173532621785725,36.740505703636195,28.91947996,0.5669730818504704,7.254052661785725,decelerating,True,,inner_validation,
rolling_origin_2023-11-07,rolling_origin_2023-11-07__inner_2_2023-05-16,Z11_ebm,42117,a40ac2b986e49ebf9655fde3ea9d7d2a12798b9bbf0cf864fc9507b6910d58e7,P-H07-W002::C018::C020,P-H07-W002,P-H07,GEO_NE,2022-10-18,2023-05-16,210,1.028881531,29.66036035785716,34.81537188813366,31.59568333,5.1550115302765,1.9353229721428384,stable,False,,inner_validation,
rolling_origin_2023-11-07,rolling_origin_2023-11-07__inner_2_2023-05-16,Z11_ebm,42117,a40ac2b986e49ebf9655fde3ea9d7d2a12798b9bbf0cf864fc9507b6910d58e7,P-H07-W003::C018::C020,P-H07-W003,P-H07,GEO_NE,2022-10-18,2023-05-16,210,1.048451293,3.750857302857168,4.132651369516286,3.726289347,0.38179406665911797,0.02456795585716831,stable,False,,inner_validation,
rolling_origin_2023-11-07,rolling_origin_2023-11-07__inner_2_2023-05-16,Z11_ebm,42117,a40ac2b986e49ebf9655fde3ea9d7d2a12798b9bbf0cf864fc9507b6910d58e7,P-H07-W004::C018::C020,P-H07-W004,P-H07,GEO_NE,2022-10-18,2023-05-16,210,1.051312461,30.598714914642883,33.471743304369944,29.7916341,2.873028389727061,0.8070808146428838,stable,False,,inner_validation,
rolling_origin_2023-11-07,rolling_origin_2023-11-07__inner_2_2023-05-16,Z11_ebm,42117,a40ac2b986e49ebf9655fde3ea9d7d2a12798b9bbf0cf864fc9507b6910d58e7,P-H07-W005::C018::C020,P-H07-W005,P-H07,GEO_NE,2022-10-18,2023-05-16,210,1.045728395,3.510374980964293,6.733949147972107,0.2997422199,3.2235741670078144,3.210632761064293,stable,False,,inner_validation,
rolling_origin_2023-11-07,rolling_origin_2023-11-07__inner_2_2023-05-16,Z11_ebm,42117,a40ac2b986e49ebf9655fde3ea9d7d2a12798b9bbf0cf864fc9507b6910d58e7,P-H07-W006::C018::C020,P-H07-W006,P-H07,GEO_NE,2022-10-18,2023-05-16,210,1.026041869,20.311993061071423,21.597309674247114,17.77183022,1.2853166131756915,2.5401628410714245,stable,False,,inner_validation,
rolling_origin_2023-11-07,rolling_origin_2023-11-07__inner_2_2023-05-16,Z11_ebm,42117,a40ac2b986e49ebf9655fde3ea9d7d2a12798b9bbf0cf864fc9507b6910d58e7,P-V01-W002::C018::C020,P-V01-W002,P-V01,GEO_SW,2022-10-18,2023-05-16,210,0.7455895129,34.989477520714296,34.19806552826224,39.66788351,0.7914119924520548,4.678405989285707,stable,False,,inner_validation,
rolling_origin_2023-11-07,rolling_origin_2023-11-07__inner_2_2023-05-16,Z11_ebm,42117,a40ac2b986e49ebf9655fde3ea9d7d2a12798b9bbf0cf864fc9507b6910d58e7,P-V01-W003::C018::C020,P-V01-W003,P-V01,GEO_SW,2022-10-18,2023-05-16,210,0.7611650262,16.895367858571444,22.57556740710653,21.63937228,5.680199548535086,4.744004421428556,stable,False,,inner_validation,
rolling_origin_2023-11-07,rolling_origin_2023-11-07__inner_2_2023-05-16,Z11_ebm,42117,a40ac2b986e49ebf9655fde3ea9d7d2a12798b9bbf0cf864fc9507b6910d58e7,P-V01-W004::C018::C020,P-V01-W004,P-V01,GEO_SW,2022-10-18,2023-05-16,210,0.7636209382,22.129670817500017,27.793309959841032,23.55181467,5.663639142341015,1.4221438524999819,stable,False,,inner_validation,
rolling_origin_2023-11-07,rolling_origin_2023-11-07__inner_2_2023-05-16,Z11_ebm,42117,a40ac2b986e49ebf9655fde3ea9d7d2a12798b9bbf0cf864fc9507b6910d58e7,P-V01-W005::C018::C020,P-V01-W005,P-V01,GEO_SW,2022-10-18,2023-05-16,210,0.7569180439,26.987250578214336,36.27125388701361,32.78630823,9.28400330879927,5.799057651785667,stable,False,,inner_validation,
rolling_origin_2023-11-07,rolling_origin_2023-11-07__inner_2_2023-05-16,Z11_ebm,42117,a40ac2b986e49ebf9655fde3ea9d7d2a12798b9bbf0cf864fc9507b6910d58e7,P-V01-W006::C018::C020,P-V01-W006,P-V01,GEO_SW,2022-10-18,2023-05-16,210,0.738936054,33.92320736999999,34.744390885473045,36.89401386,0.8211835154730522,2.970806490000008,volatile_or_gap,True,,inner_validation,
rolling_origin_2023-11-07,rolling_origin_2023-11-07__inner_2_2023-05-16,Z11_ebm,42117,a40ac2b986e49ebf9655fde3ea9d7d2a12798b9bbf0cf864fc9507b6910d58e7,P-V01-W007::C018::C020,P-V01-W007,P-V01,GEO_SW,2022-10-18,2023-05-16,210,0.7077713441,35.04047424749998,38.356394575379234,37.40222559,3.3159203278792546,2.361751342500021,stable,False,,inner_validation,
rolling_origin_2023-11-07,rolling_origin_2023-11-07__inner_2_2023-05-16,Z11_ebm,42117,a40ac2b986e49ebf9655fde3ea9d7d2a12798b9bbf0cf864fc9507b6910d58e7,P-V02-W001::C018::C020,P-V02-W001,P-V02,GEO_SW,2022-10-18,2023-05-16,210,0.7654797349,31.63773619785709,37.873370711337614,23.86031654,6.235634513480523,7.7774196578570916,decelerating,True,,inner_validation,
rolling_origin_2023-11-07,rolling_origin_2023-11-07__inner_2_2023-05-16,Z11_ebm,42117,a40ac2b986e49ebf9655fde3ea9d7d2a12798b9bbf0cf864fc9507b6910d58e7,P-V02-W002::C018::C020,P-V02-W002,P-V02,GEO_SW,2022-10-18,2023-05-16,210,0.7836071149,41.52407221892854,44.81418691475351,29.69037425,3.2901146958249754,11.833697968928536,decelerating,True,,inner_validation,
rolling_origin_2023-11-07,rolling_origin_2023-11-07__inner_2_2023-05-16,Z11_ebm,42117,a40ac2b986e49ebf9655fde3ea9d7d2a12798b9bbf0cf864fc9507b6910d58e7,P-V02-W003::C018::C020,P-V02-W003,P-V02,GEO_NW,2022-10-18,2023-05-16,210,0.7990366611,10.126301809892858,12.42507366154017,2.968155817,2.2987718516473112,7.158145992892859,stable,False,,inner_validation,
rolling_origin_2023-11-07,rolling_origin_2023-11-07__inner_2_2023-05-16,Z11_ebm,42117,a40ac2b986e49ebf9655fde3ea9d7d2a12798b9bbf0cf864fc9507b6910d58e7,P-V02-W004::C018::C020,P-V02-W004,P-V02,GEO_NW,2022-10-18,2023-05-16,210,0.8016225697,21.145566785,22.977873144543462,11.47957581,1.8323063595434625,9.665990975,stable,False,,inner_validation,
rolling_origin_2023-11-07,rolling_origin_2023-11-07__inner_2_2023-05-16,Z11_ebm,42117,a40ac2b986e49ebf9655fde3ea9d7d2a12798b9bbf0cf864fc9507b6910d58e7,P-V02-W005::C018::C020,P-V02-W005,P-V02,GEO_NW,2022-10-18,2023-05-16,210,0.8000967362,38.486170741071405,46.87898980906094,33.87410438,8.392819067989535,4.612066361071406,decelerating,True,,inner_validation,
rolling_origin_2023-11-07,rolling_origin_2023-11-07__inner_2_2023-05-16,Z11_ebm,42117,a40ac2b986e49ebf9655fde3ea9d7d2a12798b9bbf0cf864fc9507b6910d58e7,P-V02-W006::C018::C020,P-V02-W006,P-V02,GEO_NW,2022-10-18,2023-05-16,210,0.7865085693,28.237851446428596,35.60990148701391,22.11564836,7.372050040585311,6.122203086428595,stable,False,,inner_validation,
rolling_origin_2023-11-07,rolling_origin_2023-11-07__inner_2_2023-05-16,Z11_ebm,42117,a40ac2b986e49ebf9655fde3ea9d7d2a12798b9bbf0cf864fc9507b6910d58e7,P-V02-W007::C018::C020,P-V02-W007,P-V02,GEO_NW,2022-10-18,2023-05-16,210,0.7684010526,25.004550088928585,29.667814333519406,17.99780314,4.66326424459082,7.006746948928587,stable,False,,inner_validation,
rolling_origin_2023-11-07,rolling_origin_2023-11-07__inner_2_2023-05-16,Z11_ebm,42117,a40ac2b986e49ebf9655fde3ea9d7d2a12798b9bbf0cf864fc9507b6910d58e7,P-V03-W001::C018::C020,P-V03-W001,P-V03,GEO_SW,2022-10-18,2023-05-16,210,1.120118652,30.86456038785718,31.793685614883724,33.29079883,0.929125227026546,2.4262384421428216,accelerating,True,,inner_validation,
rolling_origin_2023-11-07,rolling_origin_2023-11-07__inner_2_2023-05-16,Z11_ebm,42117,a40ac2b986e49ebf9655fde3ea9d7d2a12798b9bbf0cf864fc9507b6910d58e7,P-V03-W002::C018::C020,P-V03-W002,P-V03,GEO_SW,2022-10-18,2023-05-16,210,1.138816845,38.64452157392871,41.5798797406227,39.13946762,2.9353581666939945,0.49494604607129133,stable,False,,inner_validation,
rolling_origin_2023-11-07,rolling_origin_2023-11-07__inner_2_2023-05-16,Z11_ebm,42117,a40ac2b986e49ebf9655fde3ea9d7d2a12798b9bbf0cf864fc9507b6910d58e7,P-V03-W003::C018::C020,P-V03-W003,P-V03,GEO_SW,2022-10-18,2023-05-16,210,1.149528208,37.73387140357134,36.87436999728358,39.76192948,0.8595014062877624,2.028058076428657,stable,False,,inner_validation,
rolling_origin_2023-11-07,rolling_origin_2023-11-07__inner_2_2023-05-16,Z11_ebm,42117,a40ac2b986e49ebf9655fde3ea9d7d2a12798b9bbf0cf864fc9507b6910d58e7,P-V03-W004::C018::C020,P-V03-W004,P-V03,GEO_SW,2022-10-18,2023-05-16,210,1.153191702,20.651558507143136,32.050936421012764,28.9940278,11.399377913869628,8.342469292856865,accelerating,True,,inner_validation,
rolling_origin_2023-11-07,rolling_origin_2023-11-07__inner_2_2023-05-16,Z11_ebm,42117,a40ac2b986e49ebf9655fde3ea9d7d2a12798b9bbf0cf864fc9507b6910d58e7,P-V03-W005::C018::C020,P-V03-W005,P-V03,GEO_NW,2022-10-18,2023-05-16,210,1.145459232,31.008873619642845,36.18942734037706,38.44528655,5.180553720734213,7.436412930357154,stable,False,,inner_validation,
rolling_origin_2023-11-07,rolling_origin_2023-11-07__inner_2_2023-05-16,Z11_ebm,42117,a40ac2b986e49ebf9655fde3ea9d7d2a12798b9bbf0cf864fc9507b6910d58e7,P-V03-W006::C018::C020,P-V03-W006,P-V03,GEO_NW,2022-10-18,2023-05-16,210,1.134402051,31.275699876071485,35.06963123060092,35.5250977,3.793931354529434,4.249397823928518,stable,False,,inner_validation,
rolling_origin_2023-11-07,rolling_origin_2023-11-07__inner_2_2023-05-16,Z11_ebm,42117,a40ac2b986e49ebf9655fde3ea9d7d2a12798b9bbf0cf864fc9507b6910d58e7,P-V03-W007::C018::C020,P-V03-W007,P-V03,GEO_NW,2022-10-18,2023-05-16,210,1.11906043,1.8384117814285936,4.192313124497944,3.788521757,2.3539013430693503,1.9501099755714062,stable,False,,inner_validation,
rolling_origin_2023-11-07,rolling_origin_2023-11-07__inner_2_2023-05-16,Z11_ebm,42117,a40ac2b986e49ebf9655fde3ea9d7d2a12798b9bbf0cf864fc9507b6910d58e7,P-V04-W001::C018::C020,P-V04-W001,P-V04,GEO_NE,2022-10-18,2023-05-16,210,0.7060097599,4.191580649642881,3.169668698141459,-1.232757176,1.021911951501422,5.424337825642881,stable,False,,inner_validation,
rolling_origin_2023-11-07,rolling_origin_2023-11-07__inner_2_2023-05-16,Z11_ebm,42117,a40ac2b986e49ebf9655fde3ea9d7d2a12798b9bbf0cf864fc9507b6910d58e7,P-V04-W002::C018::C020,P-V04-W002,P-V04,GEO_NE,2022-10-18,2023-05-16,210,0.7141492352,4.29638513678573,2.0111588656326855,-1.217671719,2.2852262711530447,5.51405685578573,stable,False,,inner_validation,
rolling_origin_2023-11-07,rolling_origin_2023-11-07__inner_2_2023-05-16,Z11_ebm,42117,a40ac2b986e49ebf9655fde3ea9d7d2a12798b9bbf0cf864fc9507b6910d58e7,P-V04-W003::C018::C020,P-V04-W003,P-V04,GEO_NE,2022-10-18,2023-05-16,210,0.7202446793,3.7453865535714153,1.762029956164625,-1.500356896,1.9833565974067902,5.245743449571416,stable,False,,inner_validation,
rolling_origin_2023-11-07,rolling_origin_2023-11-07__inner_2_2023-05-16,Z11_ebm,42117,a40ac2b986e49ebf9655fde3ea9d7d2a12798b9bbf0cf864fc9507b6910d58e7,P-V04-W004::C018::C020,P-V04-W004,P-V04,GEO_NE,2022-10-18,2023-05-16,210,0.7190186164,5.3308171407143,2.137114225388883,-1.056961668,3.1937029153254173,6.3877788087143,stable,False,,inner_validation,
rolling_origin_2023-11-07,rolling_origin_2023-11-07__inner_2_2023-05-16,Z11_ebm,42117,a40ac2b986e49ebf9655fde3ea9d7d2a12798b9bbf0cf864fc9507b6910d58e7,P-V04-W005::C018::C020,P-V04-W005,P-V04,GEO_NE,2022-10-18,2023-05-16,210,0.7148562428,5.701042541428585,2.7740979378428072,-2.651397803,2.9269446035857776,8.352440344428585,stable,False,,inner_validation,
rolling_origin_2023-11-07,rolling_origin_2023-11-07__inner_2_2023-05-16,Z11_ebm,42117,a40ac2b986e49ebf9655fde3ea9d7d2a12798b9bbf0cf864fc9507b6910d58e7,P-V04-W006::C018::C020,P-V04-W006,P-V04,GEO_NE,2022-10-18,2023-05-16,210,0.7065610212,4.814938040714248,4.101922235901633,-2.328959839,0.7130158048126143,7.143897879714247,stable,False,,inner_validation,
rolling_origin_2023-11-07,rolling_origin_2023-11-07__inner_2_2023-05-16,Z11_ebm,42117,a40ac2b986e49ebf9655fde3ea9d7d2a12798b9bbf0cf864fc9507b6910d58e7,P-V04-W007::C018::C020,P-V04-W007,P-V04,GEO_NE,2022-10-18,2023-05-16,210,0.6909486018,41.97571880178566,37.98449341445948,36.55539176,3.991225387326182,5.4203270417856615,stable,False,,inner_validation,
rolling_origin_2023-11-07,rolling_origin_2023-11-07__inner_2_2023-05-16,Z11_ebm,42117,a40ac2b986e49ebf9655fde3ea9d7d2a12798b9bbf0cf864fc9507b6910d58e7,P-V05-W001::C018::C020,P-V05-W001,P-V05,GEO_SE,2022-10-18,2023-05-16,210,0.7109948355,24.21241554285729,22.350922385461942,22.9477233,1.8614931573953477,1.26469224285729,stable,False,,inner_validation,
rolling_origin_2023-11-07,rolling_origin_2023-11-07__inner_2_2023-05-16,Z11_ebm,42117,a40ac2b986e49ebf9655fde3ea9d7d2a12798b9bbf0cf864fc9507b6910d58e7,P-V05-W002::C018::C020,P-V05-W002,P-V05,GEO_NE,2022-10-18,2023-05-16,210,0.722023047,20.333324878571183,21.19228708993297,21.76215736,0.8589622113617885,1.4288324814288167,stable,False,,inner_validation,
rolling_origin_2023-11-07,rolling_origin_2023-11-07__inner_2_2023-05-16,Z11_ebm,42117,a40ac2b986e49ebf9655fde3ea9d7d2a12798b9bbf0cf864fc9507b6910d58e7,P-V05-W003::C018::C020,P-V05-W003,P-V05,GEO_NE,2022-10-18,2023-05-16,210,0.7226390839,31.94010545357124,33.23694079629316,35.29666897,1.2968353427219235,3.3565635164287606,stable,False,,inner_validation,
rolling_origin_2023-11-07,rolling_origin_2023-11-07__inner_2_2023-05-16,Z11_ebm,42117,a40ac2b986e49ebf9655fde3ea9d7d2a12798b9bbf0cf864fc9507b6910d58e7,P-V05-W004::C018::C020,P-V05-W004,P-V05,GEO_NE,2022-10-18,2023-05-16,210,0.7198832049,34.96485027857157,36.207449444624075,33.71588363,1.242599166052507,1.2489666485715674,stable,False,,inner_validation,
rolling_origin_2023-11-07,rolling_origin_2023-11-07__inner_2_2023-05-16,Z11_ebm,42117,a40ac2b986e49ebf9655fde3ea9d7d2a12798b9bbf0cf864fc9507b6910d58e7,P-V05-W005::C018::C020,P-V05-W005,P-V05,GEO_NE,2022-10-18,2023-05-16,210,0.7117644857,34.98955857142842,35.39848404668099,32.78864656,0.4089254752525733,2.2009120114284215,stable,False,,inner_validation,
rolling_origin_2023-11-07,rolling_origin_2023-11-07__inner_2_2023-05-16,Z11_ebm,42117,a40ac2b986e49ebf9655fde3ea9d7d2a12798b9bbf0cf864fc9507b6910d58e7,P-V05-W007::C018::C020,P-V05-W007,P-V05,GEO_NE,2022-10-18,2023-05-16,210,0.6859396224,30.99674471071395,35.735010918076576,33.40339763,4.738266207362624,2.4066529192860493,stable,False,,inner_validation,
rolling_origin_2023-11-07,rolling_origin_2023-11-07__inner_2_2023-05-16,Z11_ebm,42117,a40ac2b986e49ebf9655fde3ea9d7d2a12798b9bbf0cf864fc9507b6910d58e7,P-V06-W002::C018::C020,P-V06-W002,P-V06,GEO_NE,2022-10-18,2023-05-16,210,1.395808385,19.96263943678569,24.469257940382207,23.95494697,4.506618503596517,3.992307533214312,stable,False,,inner_validation,
rolling_origin_2023-11-07,rolling_origin_2023-11-07__inner_2_2023-05-16,Z11_ebm,42117,a40ac2b986e49ebf9655fde3ea9d7d2a12798b9bbf0cf864fc9507b6910d58e7,P-V06-W003::C018::C020,P-V06-W003,P-V06,GEO_NE,2022-10-18,2023-05-16,210,1.408700538,33.58205204285717,35.793698402146525,33.72282428,2.211646359289354,0.14077223714282638,stable,False,,inner_validation,
rolling_origin_2023-11-07,rolling_origin_2023-11-07__inner_2_2023-05-16,Z11_ebm,42117,a40ac2b986e49ebf9655fde3ea9d7d2a12798b9bbf0cf864fc9507b6910d58e7,P-V06-W004::C018::C020,P-V06-W004,P-V06,GEO_NE,2022-10-18,2023-05-16,210,1.416638868,16.004973583571438,19.043316082027285,23.92758261,3.0383424984558474,7.922609026428564,stable,False,,inner_validation,
rolling_origin_2023-11-07,rolling_origin_2023-11-07__inner_2_2023-05-16,Z11_ebm,42117,a40ac2b986e49ebf9655fde3ea9d7d2a12798b9bbf0cf864fc9507b6910d58e7,P-V06-W005::C018::C020,P-V06-W005,P-V06,GEO_NE,2022-10-18,2023-05-16,210,1.406681642,37.878271947500025,37.16915257492495,39.48038176,0.7091193725750742,1.6021098124999753,stable,False,,inner_validation,
rolling_origin_2023-11-07,rolling_origin_2023-11-07__inner_2_2023-05-16,Z11_ebm,42117,a40ac2b986e49ebf9655fde3ea9d7d2a12798b9bbf0cf864fc9507b6910d58e7,P-V06-W006::C018::C020,P-V06-W006,P-V06,GEO_NE,2022-10-18,2023-05-16,210,1.369198935,14.603669173928589,12.144830569046725,20.72337877,2.458838604881864,6.119709596071411,stable,False,,inner_validation,
rolling_origin_2023-11-07,rolling_origin_2023-11-07__inner_2_2023-05-16,Z11_ebm,42117,a40ac2b986e49ebf9655fde3ea9d7d2a12798b9bbf0cf864fc9507b6910d58e7,P-V06-W007::C018::C020,P-V06-W007,P-V06,GEO_NE,2022-10-18,2023-05-16,210,1.337006622,14.24878966500002,14.088898126023606,20.74988303,0.15989153897641373,6.50109336499998,stable,False,,inner_validation,
rolling_origin_2023-11-07,rolling_origin_2023-11-07__inner_2_2023-05-16,Z11_ebm,42117,a40ac2b986e49ebf9655fde3ea9d7d2a12798b9bbf0cf864fc9507b6910d58e7,P-H01-W001::C019::C020,P-H01-W001,P-H01,GEO_SW,2023-01-17,2023-05-16,119,0.7225723498,24.34160344474788,12.182081675407373,15.06318554,12.159521769340506,9.27841790474788,stable,False,,inner_validation,
rolling_origin_2023-11-07,rolling_origin_2023-11-07__inner_2_2023-05-16,Z11_ebm,42117,a40ac2b986e49ebf9655fde3ea9d7d2a12798b9bbf0cf864fc9507b6910d58e7,P-H01-W002::C019::C020,P-H01-W002,P-H01,GEO_SW,2023-01-17,2023-05-16,119,0.7742429381,139.7444446619748,102.27647867226635,118.2567244,37.467965989708446,21.4877202619748,decelerating,True,,inner_validation,
rolling_origin_2023-11-07,rolling_origin_2023-11-07__inner_2_2023-05-16,Z11_ebm,42117,a40ac2b986e49ebf9655fde3ea9d7d2a12798b9bbf0cf864fc9507b6910d58e7,P-H01-W003::C019::C020,P-H01-W003,P-H01,GEO_SW,2023-01-17,2023-05-16,119,0.8161550396,76.81229967478993,72.09308910643277,67.9413496,4.7192105683571555,8.870950074789931,volatile_or_gap,True,,inner_validation,
rolling_origin_2023-11-07,rolling_origin_2023-11-07__inner_2_2023-05-16,Z11_ebm,42117,a40ac2b986e49ebf9655fde3ea9d7d2a12798b9bbf0cf864fc9507b6910d58e7,P-H01-W004::C019::C020,P-H01-W004,P-H01,GEO_SW,2023-01-17,2023-05-16,119,0.8287363673,21.559218876050373,20.304336193398708,21.57320582,1.2548826826516652,0.013986943949625186,volatile_or_gap,True,,inner_validation,
rolling_origin_2023-11-07,rolling_origin_2023-11-07__inner_2_2023-05-16,Z11_ebm,42117,a40ac2b986e49ebf9655fde3ea9d7d2a12798b9bbf0cf864fc9507b6910d58e7,P-H01-W005::C019::C020,P-H01-W005,P-H01,GEO_SW,2023-01-17,2023-05-16,119,0.8265697257,38.99415998067223,33.554424301409476,29.56902774,5.439735679262753,9.42513224067223,decelerating,True,,inner_validation,
rolling_origin_2023-11-07,rolling_origin_2023-11-07__inner_2_2023-05-16,Z11_ebm,42117,a40ac2b986e49ebf9655fde3ea9d7d2a12798b9bbf0cf864fc9507b6910d58e7,P-H01-W006::C019::C020,P-H01-W006,P-H01,GEO_SW,2023-01-17,2023-05-16,119,0.8070633965,20.666165130882483,13.438165291909323,13.57004782,7.22799983897316,7.096117310882484,decelerating,True,,inner_validation,
rolling_origin_2023-11-07,rolling_origin_2023-11-07__inner_2_2023-05-16,Z11_ebm,42117,a40ac2b986e49ebf9655fde3ea9d7d2a12798b9bbf0cf864fc9507b6910d58e7,P-H01-W007::C019::C020,P-H01-W007,P-H01,GEO_SW,2023-01-17,2023-05-16,119,0.7592715663,45.064900428151184,36.008782659659545,36.0820785,9.056117768491639,8.982821928151182,stable,False,,inner_validation,
rolling_origin_2023-11-07,rolling_origin_2023-11-07__inner_2_2023-05-16,Z11_ebm,42117,a40ac2b986e49ebf9655fde3ea9d7d2a12798b9bbf0cf864fc9507b6910d58e7,P-H02-W001::C019::C020,P-H02-W001,P-H02,GEO_SW,2023-01-17,2023-05-16,119,0.7902032097,27.70110173634446,22.276243957877874,27.99399478,5.424857778466585,0.2928930436555426,stable,False,,inner_validation,
rolling_origin_2023-11-07,rolling_origin_2023-11-07__inner_2_2023-05-16,Z11_ebm,42117,a40ac2b986e49ebf9655fde3ea9d7d2a12798b9bbf0cf864fc9507b6910d58e7,P-H02-W002::C019::C020,P-H02-W002,P-H02,GEO_SW,2023-01-17,2023-05-16,119,0.820452373,87.94335020735303,80.71364112921187,70.68573426,7.22970907814117,17.25761594735303,accelerating,True,,inner_validation,
rolling_origin_2023-11-07,rolling_origin_2023-11-07__inner_2_2023-05-16,Z11_ebm,42117,a40ac2b986e49ebf9655fde3ea9d7d2a12798b9bbf0cf864fc9507b6910d58e7,P-H02-W003::C019::C020,P-H02-W003,P-H02,GEO_SW,2023-01-17,2023-05-16,119,0.8356075008,118.53546738718482,114.48695472400028,115.009033,4.048512663184539,3.526434387184821,accelerating,True,,inner_validation,
rolling_origin_2023-11-07,rolling_origin_2023-11-07__inner_2_2023-05-16,Z11_ebm,42117,a40ac2b986e49ebf9655fde3ea9d7d2a12798b9bbf0cf864fc9507b6910d58e7,P-H02-W004::C019::C020,P-H02-W004,P-H02,GEO_SW,2023-01-17,2023-05-16,119,0.8392239783,45.42345468970588,37.798352523340945,29.38950604,7.6251021663649325,16.033948649705877,accelerating,True,,inner_validation,
rolling_origin_2023-11-07,rolling_origin_2023-11-07__inner_2_2023-05-16,Z11_ebm,42117,a40ac2b986e49ebf9655fde3ea9d7d2a12798b9bbf0cf864fc9507b6910d58e7,P-H02-W005::C019::C020,P-H02-W005,P-H02,GEO_SW,2023-01-17,2023-05-16,119,0.8325381856,3.4732565397478963,3.3468248399472955,6.842676829,0.12643169980060076,3.369420289252104,volatile_or_gap,True,,inner_validation,
rolling_origin_2023-11-07,rolling_origin_2023-11-07__inner_2_2023-05-16,Z11_ebm,42117,a40ac2b986e49ebf9655fde3ea9d7d2a12798b9bbf0cf864fc9507b6910d58e7,P-H02-W006::C019::C020,P-H02-W006,P-H02,GEO_SW,2023-01-17,2023-05-16,119,0.8225827151,22.647570875420268,11.777457798339789,20.70685785,10.870113077080479,1.9407130254202691,accelerating,True,,inner_validation,
rolling_origin_2023-11-07,rolling_origin_2023-11-07__inner_2_2023-05-16,Z11_ebm,42117,a40ac2b986e49ebf9655fde3ea9d7d2a12798b9bbf0cf864fc9507b6910d58e7,P-H02-W007::C019::C020,P-H02-W007,P-H02,GEO_SW,2023-01-17,2023-05-16,119,0.7921648482,34.84200289159659,30.471217082127367,37.66014519,4.370785809469226,2.8181422984034086,stable,False,,inner_validation,
rolling_origin_2023-11-07,rolling_origin_2023-11-07__inner_3_2023-07-25,Z11_ebm,42117,a40ac2b986e49ebf9655fde3ea9d7d2a12798b9bbf0cf864fc9507b6910d58e7,P-H02-W001::C020::C021,P-H02-W001,P-H02,GEO_SW,2023-05-16,2023-07-25,70,0.731271267,32.116787836071566,26.484742462949804,27.70110179,5.632045373121763,4.415686046071567,stable,False,,inner_validation,
rolling_origin_2023-11-07,rolling_origin_2023-11-07__inner_3_2023-07-25,Z11_ebm,42117,a40ac2b986e49ebf9655fde3ea9d7d2a12798b9bbf0cf864fc9507b6910d58e7,P-H02-W002::C020::C021,P-H02-W002,P-H02,GEO_SW,2023-05-16,2023-07-25,70,0.7571841548,121.56638499857144,91.10379555828212,87.94335016,30.46258944028932,33.62303483857144,accelerating,True,,inner_validation,
rolling_origin_2023-11-07,rolling_origin_2023-11-07__inner_3_2023-07-25,Z11_ebm,42117,a40ac2b986e49ebf9655fde3ea9d7d2a12798b9bbf0cf864fc9507b6910d58e7,P-H02-W003::C020::C021,P-H02-W003,P-H02,GEO_SW,2023-05-16,2023-07-25,70,0.7707117823,130.17297528857142,116.02024231244178,118.5354675,14.152732976129641,11.637507788571426,volatile_or_gap,True,,inner_validation,
rolling_origin_2023-11-07,rolling_origin_2023-11-07__inner_3_2023-07-25,Z11_ebm,42117,a40ac2b986e49ebf9655fde3ea9d7d2a12798b9bbf0cf864fc9507b6910d58e7,P-H02-W004::C020::C021,P-H02-W004,P-H02,GEO_SW,2023-05-16,2023-07-25,70,0.7744608405,81.89617133142853,56.94743848065668,45.42345465,24.948732850771854,36.47271668142854,accelerating,True,,inner_validation,
rolling_origin_2023-11-07,rolling_origin_2023-11-07__inner_3_2023-07-25,Z11_ebm,42117,a40ac2b986e49ebf9655fde3ea9d7d2a12798b9bbf0cf864fc9507b6910d58e7,P-H02-W005::C020::C021,P-H02-W005,P-H02,GEO_SW,2023-05-16,2023-07-25,70,0.7704127194,14.930854071214302,5.3306796056838115,3.473256534,9.60017446553049,11.457597537214301,stable,False,,inner_validation,
rolling_origin_2023-11-07,rolling_origin_2023-11-07__inner_3_2023-07-25,Z11_ebm,42117,a40ac2b986e49ebf9655fde3ea9d7d2a12798b9bbf0cf864fc9507b6910d58e7,P-H02-W006::C020::C021,P-H02-W006,P-H02,GEO_SW,2023-05-16,2023-07-25,70,0.7630560557,35.83305422464275,15.775698347151664,22.64757102,20.057355877491087,13.18548320464275,stable,False,,inner_validation,
rolling_origin_2023-11-07,rolling_origin_2023-11-07__inner_3_2023-07-25,Z11_ebm,42117,a40ac2b986e49ebf9655fde3ea9d7d2a12798b9bbf0cf864fc9507b6910d58e7,P-H02-W007::C020::C021,P-H02-W007,P-H02,GEO_SW,2023-05-16,2023-07-25,70,0.7398354498,42.89362840285729,37.23931907252734,34.84200301,5.654309330329951,8.05162539285729,stable,False,,inner_validation,
rolling_origin_2023-11-07,rolling_origin_2023-11-07__inner_3_2023-07-25,Z11_ebm,42117,a40ac2b986e49ebf9655fde3ea9d7d2a12798b9bbf0cf864fc9507b6910d58e7,P-H03-W001::C020::C021,P-H03-W001,P-H03,GEO_SE,2023-05-16,2023-07-25,70,0.7000888254,33.30409348821433,34.74391956637662,39.6409827,1.439826078162291,6.3368892117856745,stable,False,,inner_validation,
rolling_origin_2023-11-07,rolling_origin_2023-11-07__inner_3_2023-07-25,Z11_ebm,42117,a40ac2b986e49ebf9655fde3ea9d7d2a12798b9bbf0cf864fc9507b6910d58e7,P-H03-W002::C020::C021,P-H03-W002,P-H03,GEO_SE,2023-05-16,2023-07-25,70,0.7213139681,40.13083357285704,29.445523423681383,36.91361578,10.68531014917566,3.217217792857042,stable,False,,inner_validation,
rolling_origin_2023-11-07,rolling_origin_2023-11-07__inner_3_2023-07-25,Z11_ebm,42117,a40ac2b986e49ebf9655fde3ea9d7d2a12798b9bbf0cf864fc9507b6910d58e7,P-H03-W003::C020::C021,P-H03-W003,P-H03,GEO_SE,2023-05-16,2023-07-25,70,0.7268976926,34.390054788214314,33.24512992928187,35.12080224,1.1449248589324412,0.7307474517856889,stable,False,,inner_validation,
rolling_origin_2023-11-07,rolling_origin_2023-11-07__inner_3_2023-07-25,Z11_ebm,42117,a40ac2b986e49ebf9655fde3ea9d7d2a12798b9bbf0cf864fc9507b6910d58e7,P-H03-W004::C020::C021,P-H03-W004,P-H03,GEO_SE,2023-05-16,2023-07-25,70,0.7302950323,41.38088134821436,30.529061378337868,38.16679095,10.851819969876491,3.21409039821436,stable,False,,inner_validation,
rolling_origin_2023-11-07,rolling_origin_2023-11-07__inner_3_2023-07-25,Z11_ebm,42117,a40ac2b986e49ebf9655fde3ea9d7d2a12798b9bbf0cf864fc9507b6910d58e7,P-H03-W005::C020::C021,P-H03-W005,P-H03,GEO_SE,2023-05-16,2023-07-25,70,0.7240553094,34.77008489035731,29.492883003523193,34.53900469,5.277201886834117,0.23108020035731158,stable,False,,inner_validation,
rolling_origin_2023-11-07,rolling_origin_2023-11-07__inner_3_2023-07-25,Z11_ebm,42117,a40ac2b986e49ebf9655fde3ea9d7d2a12798b9bbf0cf864fc9507b6910d58e7,P-H03-W006::C020::C021,P-H03-W006,P-H03,GEO_SE,2023-05-16,2023-07-25,70,0.7188363618,44.514381969642834,32.2953696705127,37.11071957,12.219012299130135,7.403662399642833,volatile_or_gap,True,,inner_validation,
rolling_origin_2023-11-07,rolling_origin_2023-11-07__inner_3_2023-07-25,Z11_ebm,42117,a40ac2b986e49ebf9655fde3ea9d7d2a12798b9bbf0cf864fc9507b6910d58e7,P-H03-W007::C020::C021,P-H03-W007,P-H03,GEO_SE,2023-05-16,2023-07-25,70,0.6917417139,134.52008060571436,89.16938252726304,85.29466995,45.350698078451316,49.225410655714356,accelerating,True,,inner_validation,
