outer_fold_id,inner_fold_id,model_id,seed,parameter_sha256,sample_id,y_pred,distribution_family,distribution_loc,distribution_scale,distribution_df,q025,q10,q25,q50,q75,q90,q975,absolute_error,crps,nll,y_true,provenance_role
rolling_origin_2022-07-19,rolling_origin_2022-07-19__inner_1_2021-11-02,C04_probabilistic_gru_student_t,42117,70c1908d227951b86f26ede94b4eec73b621b327a6f0e2a87d98875e63514fba,P-D01-W001::C012::C014,46.10478197572788,student_t,46.10478197572788,4.421506497934844,3.9126791954040527,33.7199050630753,39.29634699711866,42.82276839948143,46.10478197572788,49.38679555197433,52.91321695433711,58.48965888838046,60.05526444927212,56.03242121360665,11.9853445545318,106.160046425,inner_validation_within_outer_train
rolling_origin_2022-07-19,rolling_origin_2022-07-19__inner_1_2021-11-02,C04_probabilistic_gru_student_t,42117,70c1908d227951b86f26ede94b4eec73b621b327a6f0e2a87d98875e63514fba,P-D01-W002::C012::C014,49.67774075254414,student_t,49.67774075254414,4.965422823160654,3.71560001373291,35.46521591481667,41.950626422465234,45.97274341043258,49.67774075254414,53.3827380946557,57.40485508262304,63.8902655902716,2.94923763290128,1.9484619229600149,2.801832785719325,46.72850311964286,inner_validation_within_outer_train
rolling_origin_2022-07-19,rolling_origin_2022-07-19__inner_1_2021-11-02,C04_probabilistic_gru_student_t,42117,70c1908d227951b86f26ede94b4eec73b621b327a6f0e2a87d98875e63514fba,P-D01-W003::C012::C014,5.650696690257369,student_t,5.650696690257369,3.782617174074942,4.469803333282471,-4.430197738575002,-0.0330692742814742,2.8769531174700407,5.650696690257369,8.424440263044698,11.334462654796214,15.731591119089735,0.1561550630252188,0.9831110945467068,2.3058861523054617,5.494541627232151,inner_validation_within_outer_train
rolling_origin_2022-07-19,rolling_origin_2022-07-19__inner_1_2021-11-02,C04_probabilistic_gru_student_t,42117,70c1908d227951b86f26ede94b4eec73b621b327a6f0e2a87d98875e63514fba,P-D01-W004::C012::C014,5.645335958378762,student_t,5.645335958378762,3.807896321125464,4.465314865112305,-4.50644198702652,-0.077394506038507,2.8528157207235547,5.645335958378762,8.43785619603397,11.368066422796034,15.797113903784044,3.7292581561466416,2.248970972604268,2.8432652526091515,1.9160778022321208,inner_validation_within_outer_train
rolling_origin_2022-07-19,rolling_origin_2022-07-19__inner_1_2021-11-02,C04_probabilistic_gru_student_t,42117,70c1908d227951b86f26ede94b4eec73b621b327a6f0e2a87d98875e63514fba,P-D01-W005::C012::C014,35.32442080163122,student_t,35.32442080163122,4.227990396981442,4.029491424560547,23.61944318634249,28.85119865192296,32.19495664414912,35.32442080163122,38.45388495911332,41.79764295133948,47.02939841691994,1.8886312782795471,1.41981860960883,2.5436551468346504,37.21305207991077,inner_validation_within_outer_train
rolling_origin_2022-07-19,rolling_origin_2022-07-19__inner_1_2021-11-02,C04_probabilistic_gru_student_t,42117,70c1908d227951b86f26ede94b4eec73b621b327a6f0e2a87d98875e63514fba,P-D01-W006::C012::C014,23.880996203469437,student_t,23.880996203469437,4.149398858141435,4.153888702392578,12.526803720583825,17.564385903177232,20.81843600118888,23.880996203469437,26.943556405749984,30.197606503761637,35.23518868635504,4.024713633584177,2.42908541794776,2.92763522489592,27.90570983705361,inner_validation_within_outer_train
rolling_origin_2022-07-19,rolling_origin_2022-07-19__inner_1_2021-11-02,C04_probabilistic_gru_student_t,42117,70c1908d227951b86f26ede94b4eec73b621b327a6f0e2a87d98875e63514fba,P-D01-W007::C012::C014,30.549369172485363,student_t,30.549369172485363,4.328229329530958,4.035562038421631,18.57392655468948,23.924587443356373,27.34616879463991,30.549369172485363,33.75256955033082,37.174150901614354,42.52481179028125,7.4087030086461,4.915580970765164,3.8197304081873034,23.140666163839263,inner_validation_within_outer_train
rolling_origin_2022-07-19,rolling_origin_2022-07-19__inner_1_2021-11-02,C04_probabilistic_gru_student_t,42117,70c1908d227951b86f26ede94b4eec73b621b327a6f0e2a87d98875e63514fba,P-H01-W001::C012::C014,25.659930169684124,student_t,25.659930169684124,3.9142590162179975,4.214126586914063,15.006558180266468,19.71700531838848,22.774723362793495,25.659930169684124,28.54513697657475,31.60285502097977,36.31330215910178,2.244907555398388,1.490488821046468,2.53830308033272,23.415022614285736,inner_validation_within_outer_train
rolling_origin_2022-07-19,rolling_origin_2022-07-19__inner_1_2021-11-02,C04_probabilistic_gru_student_t,42117,70c1908d227951b86f26ede94b4eec73b621b327a6f0e2a87d98875e63514fba,P-H01-W002::C012::C014,26.431032911641545,student_t,26.431032911641545,4.082549255250507,4.199597358703613,15.30539308338849,20.228689075189287,23.42083346580923,26.431032911641545,29.441232357473854,32.6333767480938,37.556672739894594,33.9708262604567,30.72980378712892,9.823874676659988,60.40185917209824,inner_validation_within_outer_train
rolling_origin_2022-07-19,rolling_origin_2022-07-19__inner_1_2021-11-02,C04_probabilistic_gru_student_t,42117,70c1908d227951b86f26ede94b4eec73b621b327a6f0e2a87d98875e63514fba,P-H01-W003::C012::C014,23.164342189670588,student_t,23.164342189670588,3.8644665409567542,4.267453193664551,12.69492974127146,17.310343451283195,20.319067288506645,23.164342189670588,26.00961709083453,29.01834092805798,33.63375463806971,69.41425584470437,65.6100062057911,13.755683883939868,92.57859803437496,inner_validation_within_outer_train
rolling_origin_2022-07-19,rolling_origin_2022-07-19__inner_1_2021-11-02,C04_probabilistic_gru_student_t,42117,70c1908d227951b86f26ede94b4eec73b621b327a6f0e2a87d98875e63514fba,P-H01-W004::C012::C014,28.31363247795714,student_t,28.31363247795714,4.219483673873802,4.108942985534668,16.71995579173781,21.87730083524755,25.19620231621804,28.31363247795714,31.43106263969624,34.74996412066673,39.90730916417646,3.06685154581427,1.9001156502556464,2.727895185612236,25.24678093214287,inner_validation_within_outer_train
rolling_origin_2022-07-19,rolling_origin_2022-07-19__inner_1_2021-11-02,C04_probabilistic_gru_student_t,42117,70c1908d227951b86f26ede94b4eec73b621b327a6f0e2a87d98875e63514fba,P-H01-W005::C012::C014,48.32909659998344,student_t,48.32909659998344,4.711968696304978,3.814877510070801,34.992358558401406,41.03635713553064,44.82266765384054,48.32909659998344,51.835525546126334,55.62183606443624,61.66583464156547,6.41349120846558,4.027037098084243,3.486833529765569,41.91560539151786,inner_validation_within_outer_train
rolling_origin_2022-07-19,rolling_origin_2022-07-19__inner_1_2021-11-02,C04_probabilistic_gru_student_t,42117,70c1908d227951b86f26ede94b4eec73b621b327a6f0e2a87d98875e63514fba,P-H01-W006::C012::C014,29.233863878494255,student_t,29.233863878494255,4.223045722830125,4.128561973571777,17.65140878469674,22.79783248879909,26.115183735833845,29.233863878494255,32.35254402115467,35.66989526818943,40.81631897229177,0.6979838040950348,1.1482899697097275,2.4364039045203727,29.931847682589293,inner_validation_within_outer_train
rolling_origin_2022-07-19,rolling_origin_2022-07-19__inner_1_2021-11-02,C04_probabilistic_gru_student_t,42117,70c1908d227951b86f26ede94b4eec73b621b327a6f0e2a87d98875e63514fba,P-H01-W007::C012::C014,32.73563763331513,student_t,32.73563763331513,4.076868192999592,4.11716365814209,21.542347812257983,26.51917616108235,29.724134917674377,32.73563763331513,35.74714034895588,38.95209910554791,43.92892745437227,0.0013158391187246,1.067039787883972,2.384428498500954,32.734321794196404,inner_validation_within_outer_train
rolling_origin_2022-07-19,rolling_origin_2022-07-19__inner_1_2021-11-02,C04_probabilistic_gru_student_t,42117,70c1908d227951b86f26ede94b4eec73b621b327a6f0e2a87d98875e63514fba,P-H02-W001::C012::C014,34.618077460415805,student_t,34.618077460415805,4.183144144857844,4.073258399963379,23.08572548081574,28.226683642225712,31.52497012049955,34.618077460415805,37.71118480033206,41.0094712786059,46.15042944001586,1.2473780047627443,1.2346723762694936,2.465577595273592,35.86545546517855,inner_validation_within_outer_train
rolling_origin_2022-07-19,rolling_origin_2022-07-19__inner_1_2021-11-02,C04_probabilistic_gru_student_t,42117,70c1908d227951b86f26ede94b4eec73b621b327a6f0e2a87d98875e63514fba,P-H02-W003::C012::C014,24.925600982711337,student_t,24.925600982711337,3.999509027680914,4.218354225158691,14.044239925660536,18.854351351641828,21.97782453226977,24.925600982711337,27.8733774331529,30.996850613780847,35.80696203976213,21.28616230791364,18.353492040604998,7.694795366627702,46.21176329062498,inner_validation_within_outer_train
rolling_origin_2022-07-19,rolling_origin_2022-07-19__inner_1_2021-11-02,C04_probabilistic_gru_student_t,42117,70c1908d227951b86f26ede94b4eec73b621b327a6f0e2a87d98875e63514fba,P-H02-W004::C012::C014,21.96375015019269,student_t,21.96375015019269,3.962434039957153,4.233511924743652,11.19750397066783,15.95269608828842,19.04424758027511,21.96375015019269,24.88325272011028,27.97480421209697,32.72999632971756,3.4715302194501803,2.0980694562464484,2.7903423568688366,25.435280369642875,inner_validation_within_outer_train
rolling_origin_2022-07-19,rolling_origin_2022-07-19__inner_1_2021-11-02,C04_probabilistic_gru_student_t,42117,70c1908d227951b86f26ede94b4eec73b621b327a6f0e2a87d98875e63514fba,P-H02-W005::C012::C014,7.467166932323838,student_t,7.467166932323838,4.094708488115933,4.334749698638916,-3.563552867610264,1.281639598333327,4.456563818809918,7.467166932323838,10.477770045837758,13.65269426631435,18.49788673225794,1.4942641892386597,1.268040926208816,2.466537106699138,8.961431121562498,inner_validation_within_outer_train
rolling_origin_2022-07-19,rolling_origin_2022-07-19__inner_1_2021-11-02,C04_probabilistic_gru_student_t,42117,70c1908d227951b86f26ede94b4eec73b621b327a6f0e2a87d98875e63514fba,P-H02-W006::C012::C014,20.556002255765147,student_t,20.556002255765147,3.8441906197406905,4.2929863929748535,10.1640452205165,14.738930967928876,17.727164125747553,20.556002255765147,23.38484038578274,26.37307354360142,30.94795929101379,3.5844203321044006,2.161337102739277,2.811304538256156,16.971581923660747,inner_validation_within_outer_train
rolling_origin_2022-07-19,rolling_origin_2022-07-19__inner_1_2021-11-02,C04_probabilistic_gru_student_t,42117,70c1908d227951b86f26ede94b4eec73b621b327a6f0e2a87d98875e63514fba,P-H02-W007::C012::C014,31.187038514714544,student_t,31.187038514714544,3.78257194367421,4.201810359954834,20.880904325662684,25.440983508012646,28.39815618963885,31.187038514714544,33.975920839790234,36.93309352141644,41.4931727037664,8.09111358483893,5.717229898014132,4.224292293781613,39.27815209955347,inner_validation_within_outer_train
rolling_origin_2022-07-19,rolling_origin_2022-07-19__inner_1_2021-11-02,C04_probabilistic_gru_student_t,42117,70c1908d227951b86f26ede94b4eec73b621b327a6f0e2a87d98875e63514fba,P-H03-W001::C012::C014,50.75425403051654,student_t,50.75425403051654,4.962578574468012,3.730447292327881,36.574264086619785,43.0380269843593,47.05290367322301,50.75425403051654,54.45560438781008,58.47048107667379,64.93424397441329,2.580516231409412,1.8034284089590908,2.752646155574434,48.17373779910713,inner_validation_within_outer_train
rolling_origin_2022-07-19,rolling_origin_2022-07-19__inner_1_2021-11-02,C04_probabilistic_gru_student_t,42117,70c1908d227951b86f26ede94b4eec73b621b327a6f0e2a87d98875e63514fba,P-H03-W003::C012::C014,45.57956656242139,student_t,45.57956656242139,4.693833164394813,3.846266269683838,32.339374563652086,38.32697703417374,42.08950184029606,45.57956656242139,49.06963128454672,52.832156090669045,58.81975856119069,4.693301546349993,2.838023036489316,3.089390778976853,40.8862650160714,inner_validation_within_outer_train
rolling_origin_2022-07-19,rolling_origin_2022-07-19__inner_1_2021-11-02,C04_probabilistic_gru_student_t,42117,70c1908d227951b86f26ede94b4eec73b621b327a6f0e2a87d98875e63514fba,P-H03-W004::C012::C014,51.68829030699232,student_t,51.68829030699232,4.901678937854273,3.729300022125244,37.68046130533857,44.06626405194125,48.03224616652635,51.68829030699232,55.34433444745828,59.310316562043376,65.69611930864606,12.140219761903095,8.879719518558568,4.87473337087865,39.54807054508922,inner_validation_within_outer_train
rolling_origin_2022-07-19,rolling_origin_2022-07-19__inner_1_2021-11-02,C04_probabilistic_gru_student_t,42117,70c1908d227951b86f26ede94b4eec73b621b327a6f0e2a87d98875e63514fba,P-H03-W005::C012::C014,52.11571883310407,student_t,52.11571883310407,5.160117702708489,3.678812265396118,37.2818876974778,44.06870068707947,48.26146070251618,52.11571883310407,55.96997696369196,60.162736979128674,66.94954996873034,9.913492635336247,6.76145942020701,4.252477803780192,42.20222619776782,inner_validation_within_outer_train
rolling_origin_2022-07-19,rolling_origin_2022-07-19__inner_1_2021-11-02,C04_probabilistic_gru_student_t,42117,70c1908d227951b86f26ede94b4eec73b621b327a6f0e2a87d98875e63514fba,P-H03-W006::C012::C014,56.21703808506406,student_t,56.21703808506406,5.448810339099278,3.5917282104492188,40.38578249649851,47.67578048661996,52.13681008923243,56.21703808506406,60.29726608089569,64.75829568350815,72.0482936736296,5.75838411988542,3.4941630918076463,3.304725107811832,50.45865396517864,inner_validation_within_outer_train
rolling_origin_2022-07-19,rolling_origin_2022-07-19__inner_1_2021-11-02,C04_probabilistic_gru_student_t,42117,70c1908d227951b86f26ede94b4eec73b621b327a6f0e2a87d98875e63514fba,P-H03-W007::C012::C014,20.84121401008312,student_t,20.84121401008312,3.656740039444432,4.376452445983887,11.023791436700549,15.326559326296117,18.15488188493771,20.84121401008312,23.527546135228533,26.35586869387013,30.658636583465693,0.49265581499386,0.9751216539188998,2.283290755107426,20.34855819508926,inner_validation_within_outer_train
rolling_origin_2022-07-19,rolling_origin_2022-07-19__inner_1_2021-11-02,C04_probabilistic_gru_student_t,42117,70c1908d227951b86f26ede94b4eec73b621b327a6f0e2a87d98875e63514fba,P-H05-W001::C012::C014,33.89990729880063,student_t,33.89990729880063,3.566678566654272,4.2967681884765625,24.26121359303684,28.503617333676974,31.27548871233882,33.89990729880063,36.52432588526244,39.29619726392428,43.53860100456441,3.9405036163779386,2.3973926672327392,2.910460139364265,37.840410915178566,inner_validation_within_outer_train
rolling_origin_2022-07-19,rolling_origin_2022-07-19__inner_1_2021-11-02,C04_probabilistic_gru_student_t,42117,70c1908d227951b86f26ede94b4eec73b621b327a6f0e2a87d98875e63514fba,P-H05-W002::C012::C014,38.54735885582505,student_t,38.54735885582505,3.948300159322759,4.120741844177246,27.710642305095583,32.52791717793895,35.63106241282188,38.54735885582505,41.46365529882823,44.56680053371115,49.38407540655452,2.4339629075678744,1.5763906740145617,2.5781929446964837,40.98132176339293,inner_validation_within_outer_train
rolling_origin_2022-07-19,rolling_origin_2022-07-19__inner_1_2021-11-02,C04_probabilistic_gru_student_t,42117,70c1908d227951b86f26ede94b4eec73b621b327a6f0e2a87d98875e63514fba,P-H05-W003::C012::C014,32.05693057036787,student_t,32.05693057036787,3.7979313822900975,4.252560615539551,21.754632150431583,26.30010150509964,29.259765299504316,32.05693057036787,34.85409584123143,37.8137596356361,42.35922899030415,5.081520092689427,3.185073526162357,3.234373856529986,26.97541047767844,inner_validation_within_outer_train
rolling_origin_2022-07-19,rolling_origin_2022-07-19__inner_1_2021-11-02,C04_probabilistic_gru_student_t,42117,70c1908d227951b86f26ede94b4eec73b621b327a6f0e2a87d98875e63514fba,P-H05-W004::C012::C014,23.17581026483715,student_t,23.17581026483715,3.630198778335112,4.428647994995117,13.470084608137023,17.712420119878963,20.511718552728645,23.17581026483715,25.83990197694565,28.639200409795336,32.88153592153727,0.3251617619483298,0.9531169974360084,2.2691354831164268,23.50097202678548,inner_validation_within_outer_train
rolling_origin_2022-07-19,rolling_origin_2022-07-19__inner_1_2021-11-02,C04_probabilistic_gru_student_t,42117,70c1908d227951b86f26ede94b4eec73b621b327a6f0e2a87d98875e63514fba,P-H05-W005::C012::C014,14.405069253392789,student_t,14.405069253392789,3.437275939144744,4.599481582641602,5.332755685479501,9.264917602999216,11.890620481272803,14.405069253392789,16.919518025512772,19.545220903786365,23.477382821306072,1.7446921260712358,1.21460731170002,2.36015608251835,16.149761379464024,inner_validation_within_outer_train
rolling_origin_2022-07-19,rolling_origin_2022-07-19__inner_1_2021-11-02,C04_probabilistic_gru_student_t,42117,70c1908d227951b86f26ede94b4eec73b621b327a6f0e2a87d98875e63514fba,P-H05-W006::C012::C014,18.46598598520252,student_t,18.46598598520252,3.5182594226700665,4.491720199584961,9.105350799381918,13.18383584414169,15.887167593847316,18.46598598520252,21.044804376557728,23.748136126263358,27.826621171023124,1.3925847692618412,1.1164981514080394,2.326269943286965,19.858570754464363,inner_validation_within_outer_train
rolling_origin_2022-07-19,rolling_origin_2022-07-19__inner_1_2021-11-02,C04_probabilistic_gru_student_t,42117,70c1908d227951b86f26ede94b4eec73b621b327a6f0e2a87d98875e63514fba,P-H05-W007::C012::C014,25.887536361710204,student_t,25.887536361710204,3.5762949835661857,4.344886779785156,16.261396636153986,20.48735466026073,23.25863376401118,25.887536361710204,28.51643895940923,31.28771806315968,35.51367608726642,0.4555930291208945,0.9519683304781116,2.260288384036513,25.43194333258931,inner_validation_within_outer_train
rolling_origin_2022-07-19,rolling_origin_2022-07-19__inner_1_2021-11-02,C04_probabilistic_gru_student_t,42117,70c1908d227951b86f26ede94b4eec73b621b327a6f0e2a87d98875e63514fba,P-H06-W001::C012::C014,5.583386418832951,student_t,5.583386418832951,3.8462129762885136,4.440699577331543,-4.690166661527407,-0.2023981490173207,2.761429117324585,5.583386418832951,8.405343720341317,11.369170986683224,15.856939499193308,0.8379955871365885,1.0663265723071689,2.3507999755766398,4.745390831696363,inner_validation_within_outer_train
rolling_origin_2022-07-19,rolling_origin_2022-07-19__inner_1_2021-11-02,C04_probabilistic_gru_student_t,42117,70c1908d227951b86f26ede94b4eec73b621b327a6f0e2a87d98875e63514fba,P-H06-W002::C012::C014,3.3429945556978247,student_t,3.3429945556978247,4.250916633802075,4.346109390258789,-8.097844545256372,-3.0755437078289365,0.2182609246032565,3.3429945556978247,6.467728186792392,9.761532819224588,14.783833656652016,1.3220132300164682,1.2590681196467997,2.4819500859422554,4.665007785714293,inner_validation_within_outer_train
rolling_origin_2022-07-19,rolling_origin_2022-07-19__inner_1_2021-11-02,C04_probabilistic_gru_student_t,42117,70c1908d227951b86f26ede94b4eec73b621b327a6f0e2a87d98875e63514fba,P-H06-W003::C012::C014,5.200846277272877,student_t,5.200846277272877,3.9446451711868495,4.424006462097168,-5.349439367288367,-0.7368530624338749,2.305730002152348,5.200846277272877,8.095962552393406,11.13854561697963,15.75113192183412,0.0663287468342481,1.024288086789188,2.347525373365971,5.267175024107125,inner_validation_within_outer_train
rolling_origin_2022-07-19,rolling_origin_2022-07-19__inner_1_2021-11-02,C04_probabilistic_gru_student_t,42117,70c1908d227951b86f26ede94b4eec73b621b327a6f0e2a87d98875e63514fba,P-H06-W004::C012::C014,6.028074370188627,student_t,6.028074370188627,3.9742881225162674,4.413731575012207,-4.610126412528491,0.0433535103218005,3.1106156661248474,6.028074370188627,8.945533074252406,12.012795230055453,16.66627515290574,5.344527257688645,3.3549674704374377,3.2844931333530374,0.6835471124999815,inner_validation_within_outer_train
rolling_origin_2022-07-19,rolling_origin_2022-07-19__inner_1_2021-11-02,C04_probabilistic_gru_student_t,42117,70c1908d227951b86f26ede94b4eec73b621b327a6f0e2a87d98875e63514fba,P-H06-W005::C012::C014,5.909191528416603,student_t,5.909191528416603,4.112060232944911,4.361583232879639,-5.143958506523635,-0.2958130120433893,2.887470431346694,5.909191528416603,8.930912625486512,12.114196068876597,16.962341563356837,4.554184904309467,2.771334745590251,3.0540574704598877,1.355006624107136,inner_validation_within_outer_train
rolling_origin_2022-07-19,rolling_origin_2022-07-19__inner_1_2021-11-02,C04_probabilistic_gru_student_t,42117,70c1908d227951b86f26ede94b4eec73b621b327a6f0e2a87d98875e63514fba,P-H06-W006::C012::C014,6.658662986122309,student_t,6.658662986122309,3.905973488357776,4.421647071838379,-3.790135710554427,0.7786336071949513,3.791797154592469,6.658662986122309,9.525528817652148,12.538692365049666,17.10746168279904,6.081474716925891,3.948750888881813,3.5224912796934547,0.5771882691964176,inner_validation_within_outer_train
rolling_origin_2022-07-19,rolling_origin_2022-07-19__inner_1_2021-11-02,C04_probabilistic_gru_student_t,42117,70c1908d227951b86f26ede94b4eec73b621b327a6f0e2a87d98875e63514fba,P-H06-W007::C012::C014,5.544783201199508,student_t,5.544783201199508,3.874356818651186,4.442296028137207,-4.802653872573076,-0.2829781468597812,2.702264693029746,5.544783201199508,8.387301709369268,11.372544549258798,15.89222027497209,6.4327122343691485,4.2470856504188,3.6428334909279303,-0.8879290331696407,inner_validation_within_outer_train
rolling_origin_2022-07-19,rolling_origin_2022-07-19__inner_1_2021-11-02,C04_probabilistic_gru_student_t,42117,70c1908d227951b86f26ede94b4eec73b621b327a6f0e2a87d98875e63514fba,P-H07-W001::C012::C014,27.02286898765991,student_t,27.02286898765991,3.670635685981817,4.2737908363342285,17.08394257666668,21.46397064187648,24.320664316872403,27.02286898765991,29.72507365844741,32.58176733344334,36.96179539865314,1.226681764125818,1.1091588511452906,2.3453178746767254,28.249550751785726,inner_validation_within_outer_train
rolling_origin_2022-07-19,rolling_origin_2022-07-19__inner_1_2021-11-02,C04_probabilistic_gru_student_t,42117,70c1908d227951b86f26ede94b4eec73b621b327a6f0e2a87d98875e63514fba,P-H07-W002::C012::C014,40.33275085583202,student_t,40.33275085583202,4.141944826141256,3.9999842643737793,28.83285057565655,33.9822902327188,37.26482324365351,40.33275085583202,43.400678468010526,46.683211478945246,51.832651136007485,5.986269696903378,3.809349224000473,3.452400626786476,34.34648115892864,inner_validation_within_outer_train
rolling_origin_2022-07-19,rolling_origin_2022-07-19__inner_1_2021-11-02,C04_probabilistic_gru_student_t,42117,70c1908d227951b86f26ede94b4eec73b621b327a6f0e2a87d98875e63514fba,P-H07-W003::C012::C014,3.097149359474976,student_t,3.097149359474976,3.844444963295495,4.467161178588867,-7.15060647609481,-2.680101280676043,0.2779258292803015,3.097149359474976,5.916372889669651,8.874399999625997,13.344905195044758,4.894569829117948,3.0406131341121605,3.167350737212802,-1.7974204696429723,inner_validation_within_outer_train
rolling_origin_2022-07-19,rolling_origin_2022-07-19__inner_1_2021-11-02,C04_probabilistic_gru_student_t,42117,70c1908d227951b86f26ede94b4eec73b621b327a6f0e2a87d98875e63514fba,P-H07-W004::C012::C014,25.402151582802244,student_t,25.402151582802244,3.5925766886408463,4.3208112716674805,15.712954537177758,19.97206237004994,22.75998542348444,25.402151582802244,28.04431774212005,30.832240795554547,35.09134862842673,2.0262406404120057,1.351981011851961,2.44416874213544,27.42839222321425,inner_validation_within_outer_train
rolling_origin_2022-07-19,rolling_origin_2022-07-19__inner_1_2021-11-02,C04_probabilistic_gru_student_t,42117,70c1908d227951b86f26ede94b4eec73b621b327a6f0e2a87d98875e63514fba,P-H07-W005::C012::C014,2.983699122547101,student_t,2.983699122547101,4.057947325021913,4.389105319976807,-7.899778368146128,-3.132931111686664,0.003380426490104,2.983699122547101,5.964017818604098,9.100329356780868,13.867176613240328,8.270909174466741,5.776275328211487,4.170760943945298,-5.287210051919641,inner_validation_within_outer_train
rolling_origin_2022-07-19,rolling_origin_2022-07-19__inner_1_2021-11-02,C04_probabilistic_gru_student_t,42117,70c1908d227951b86f26ede94b4eec73b621b327a6f0e2a87d98875e63514fba,P-H07-W006::C012::C014,15.587984260913146,student_t,15.587984260913146,4.931008684148481,4.130642890930176,2.066398739885283,8.073704700191922,11.946650196222912,15.587984260913146,19.22931832560338,23.102263821634374,29.109569781941005,1.5429812243060042,1.4699885841618283,2.6345503248485445,14.045003036607142,inner_validation_within_outer_train
rolling_origin_2022-07-19,rolling_origin_2022-07-19__inner_1_2021-11-02,C04_probabilistic_gru_student_t,42117,70c1908d227951b86f26ede94b4eec73b621b327a6f0e2a87d98875e63514fba,P-H07-W007::C012::C014,10.3712139323008,student_t,10.3712139323008,3.874149564280706,4.3711256980896,-0.0343772240912159,4.5274458419817245,7.524864496828934,10.3712139323008,13.217563367772668,16.21498202261988,20.77680508869281,3.296723750827587,1.994185324673856,2.7416510185393363,7.074490181473214,inner_validation_within_outer_train
rolling_origin_2022-07-19,rolling_origin_2022-07-19__inner_1_2021-11-02,C04_probabilistic_gru_student_t,42117,70c1908d227951b86f26ede94b4eec73b621b327a6f0e2a87d98875e63514fba,P-V01-W001::C012::C014,27.905077420841472,student_t,27.905077420841472,3.8056310835216527,4.213338851928711,17.546639823920565,22.126882972661527,25.099892817353908,27.905077420841472,30.71026202432904,33.68327186902142,38.26351501776237,2.0085377644263502,1.3812119061340953,2.481106049170535,29.913615185267822,inner_validation_within_outer_train
rolling_origin_2022-07-19,rolling_origin_2022-07-19__inner_1_2021-11-02,C04_probabilistic_gru_student_t,42117,70c1908d227951b86f26ede94b4eec73b621b327a6f0e2a87d98875e63514fba,P-V01-W002::C012::C014,28.91617297888312,student_t,28.91617297888312,3.88507394524668,4.179535865783691,18.30978100044,23.008655812885465,26.050325174043984,28.91617297888312,31.78202078372226,34.82369014488078,39.52256495732624,7.774987072902636,5.391644020615921,4.075797877364708,36.69116005178576,inner_validation_within_outer_train
rolling_origin_2022-07-19,rolling_origin_2022-07-19__inner_1_2021-11-02,C04_probabilistic_gru_student_t,42117,70c1908d227951b86f26ede94b4eec73b621b327a6f0e2a87d98875e63514fba,P-V01-W003::C012::C014,24.777705627044764,student_t,24.777705627044764,4.38213343409715,4.070595741271973,12.693719257352408,18.0814483312318,21.5372619105473,24.777705627044764,28.018149343542227,31.473962922857734,36.86169199673712,1.5538905181161873,1.3527688871271244,2.53444000691037,23.223815108928576,inner_validation_within_outer_train
rolling_origin_2022-07-19,rolling_origin_2022-07-19__inner_1_2021-11-02,C04_probabilistic_gru_student_t,42117,70c1908d227951b86f26ede94b4eec73b621b327a6f0e2a87d98875e63514fba,P-V01-W004::C012::C014,28.380479602469947,student_t,28.380479602469947,4.472155562634617,4.022688865661621,15.991356070290806,21.531210842517662,25.069757273304862,28.380479602469947,31.691201931635028,35.229748362422235,40.76960313464908,5.705435877916379,3.541925569695182,3.3315953739805417,22.675043724553568,inner_validation_within_outer_train
rolling_origin_2022-07-19,rolling_origin_2022-07-19__inner_1_2021-11-02,C04_probabilistic_gru_student_t,42117,70c1908d227951b86f26ede94b4eec73b621b327a6f0e2a87d98875e63514fba,P-V01-W005::C012::C014,39.15554231393833,student_t,39.15554231393833,4.182911796908875,4.007688522338867,27.550698874759696,32.74465310428213,36.05784143153691,39.15554231393833,42.25324319633975,45.56643152359453,50.76038575311695,4.961511504563269,3.044457372864576,3.165093622436029,34.19403080937506,inner_validation_within_outer_train
rolling_origin_2022-07-19,rolling_origin_2022-07-19__inner_1_2021-11-02,C04_probabilistic_gru_student_t,42117,70c1908d227951b86f26ede94b4eec73b621b327a6f0e2a87d98875e63514fba,P-V01-W006::C012::C014,35.338663421105736,student_t,35.338663421105736,4.131176582996988,4.050735950469971,23.92511467061071,29.02001984760181,32.2823837440076,35.338663421105736,38.39494309820388,41.65730699460966,46.75221217160076,3.0041560436263097,1.8622679719195356,2.7084948153680157,38.342819464732045,inner_validation_within_outer_train
rolling_origin_2022-07-19,rolling_origin_2022-07-19__inner_1_2021-11-02,C04_probabilistic_gru_student_t,42117,70c1908d227951b86f26ede94b4eec73b621b327a6f0e2a87d98875e63514fba,P-V01-W007::C012::C014,40.01954829900042,student_t,40.01954829900042,4.341163055559614,3.934936046600342,27.88754080155472,33.34231785015142,36.798959317335154,40.01954829900042,43.240137280665685,46.69677874784942,52.15155579644612,2.887188839392472,1.8313667567666136,2.712829460690654,42.90673713839289,inner_validation_within_outer_train
rolling_origin_2022-07-19,rolling_origin_2022-07-19__inner_1_2021-11-02,C04_probabilistic_gru_student_t,42117,70c1908d227951b86f26ede94b4eec73b621b327a6f0e2a87d98875e63514fba,P-V02-W001::C012::C014,37.64162751628991,student_t,37.64162751628991,5.134767612084215,3.8066699504852295,23.095088576292238,29.69102174152257,33.819741514139984,37.64162751628991,41.46351351843983,45.59223329105725,52.188166456287576,1.6750393261206966,1.559751863769799,2.6862085845397394,39.316666842410605,inner_validation_within_outer_train
rolling_origin_2022-07-19,rolling_origin_2022-07-19__inner_1_2021-11-02,C04_probabilistic_gru_student_t,42117,70c1908d227951b86f26ede94b4eec73b621b327a6f0e2a87d98875e63514fba,P-V02-W003::C012::C014,11.291671175044314,student_t,11.291671175044314,5.0464103340504245,4.025829792022705,-2.684028273269625,3.564068243001409,7.556107635471557,11.291671175044314,15.027234714617071,19.01927410708722,25.26737062335825,4.037880442544322,2.4642108639018936,2.969987073131336,7.253790732499992,inner_validation_within_outer_train
rolling_origin_2022-07-19,rolling_origin_2022-07-19__inner_1_2021-11-02,C04_probabilistic_gru_student_t,42117,70c1908d227951b86f26ede94b4eec73b621b327a6f0e2a87d98875e63514fba,P-V02-W004::C012::C014,17.853135121490368,student_t,17.853135121490368,4.93674674909621,4.001348495483398,4.148350329148798,10.284577063416837,14.19661932389671,17.853135121490368,21.509650919084024,25.4216931795639,31.55791991383193,0.6837422985885944,1.3323628864964543,2.589474897543315,17.169392822901774,inner_validation_within_outer_train
rolling_origin_2022-07-19,rolling_origin_2022-07-19__inner_1_2021-11-02,C04_probabilistic_gru_student_t,42117,70c1908d227951b86f26ede94b4eec73b621b327a6f0e2a87d98875e63514fba,P-V02-W005::C012::C014,47.814022709953534,student_t,47.814022709953534,5.42280719583977,3.6681017875671382,32.205104090550776,39.35209266246305,43.76231641014179,47.814022709953534,51.86572900976528,56.27595275744402,63.42294132935629,3.739821777810661,2.3587615919656915,2.961489438034244,44.07420093214287,inner_validation_within_outer_train
rolling_origin_2022-07-19,rolling_origin_2022-07-19__inner_1_2021-11-02,C04_probabilistic_gru_student_t,42117,70c1908d227951b86f26ede94b4eec73b621b327a6f0e2a87d98875e63514fba,P-V02-W006::C012::C014,26.530578208114072,student_t,26.530578208114072,4.607036954780826,4.0171332359313965,13.7608796817266,19.472859244410003,23.11955408808395,26.530578208114072,29.941602328144192,33.58829717181814,39.30027673450154,1.8261661322211715,1.477022336047192,2.604402353392442,24.7044120758929,inner_validation_within_outer_train
rolling_origin_2022-07-19,rolling_origin_2022-07-19__inner_1_2021-11-02,C04_probabilistic_gru_student_t,42117,70c1908d227951b86f26ede94b4eec73b621b327a6f0e2a87d98875e63514fba,P-V02-W007::C012::C014,22.72828085296422,student_t,22.72828085296422,4.785460352563756,3.990342140197754,9.429020950707432,15.387749127673183,19.182881834032948,22.72828085296422,26.273679871895496,30.068812578255255,36.02754075522101,1.1757822162678124,1.3651906024360208,2.584024026241956,21.55249863669641,inner_validation_within_outer_train
rolling_origin_2022-07-19,rolling_origin_2022-07-19__inner_1_2021-11-02,C04_probabilistic_gru_student_t,42117,70c1908d227951b86f26ede94b4eec73b621b327a6f0e2a87d98875e63514fba,P-V03-W001::C012::C014,28.949866529456227,student_t,28.949866529456227,3.770034758145128,4.230444431304932,18.70365155831503,23.229932729154424,26.17194079383296,28.949866529456227,31.727792265079497,34.66980032975803,39.196081500597415,3.444974075438335,2.0787815339229803,2.775687242256775,25.50489245401789,inner_validation_within_outer_train
rolling_origin_2022-07-19,rolling_origin_2022-07-19__inner_1_2021-11-02,C04_probabilistic_gru_student_t,42117,70c1908d227951b86f26ede94b4eec73b621b327a6f0e2a87d98875e63514fba,P-V03-W002::C012::C014,32.64487601870541,student_t,32.64487601870541,3.853320035351566,4.173825263977051,22.119792848604646,26.78416863229486,29.80209545525065,32.64487601870541,35.48765658216017,38.50558340511597,43.16995918880617,4.934516375937477,3.066515782391244,3.18450799282642,37.57939239464289,inner_validation_within_outer_train
rolling_origin_2022-07-19,rolling_origin_2022-07-19__inner_1_2021-11-02,C04_probabilistic_gru_student_t,42117,70c1908d227951b86f26ede94b4eec73b621b327a6f0e2a87d98875e63514fba,P-V03-W003::C012::C014,33.36855340758102,student_t,33.36855340758102,3.6510100292256,4.279300689697266,23.487393724138077,27.84065247026465,30.68110620290656,33.36855340758102,36.056000612255474,38.89645434489738,43.24971309102396,7.74393223974004,5.463114162753677,4.1683736271492045,41.11248564732106,inner_validation_within_outer_train
rolling_origin_2022-07-19,rolling_origin_2022-07-19__inner_1_2021-11-02,C04_probabilistic_gru_student_t,42117,70c1908d227951b86f26ede94b4eec73b621b327a6f0e2a87d98875e63514fba,P-V03-W004::C012::C014,23.907464662221408,student_t,23.907464662221408,3.5643550871645857,4.44063663482666,14.386730490909793,18.54566047851379,21.292302634525072,23.907464662221408,26.522626689917743,29.269268845929027,33.42819883353302,1.0096269166854768,1.0318064891177452,2.2944819531111387,22.89783774553593,inner_validation_within_outer_train
rolling_origin_2022-07-19,rolling_origin_2022-07-19__inner_1_2021-11-02,C04_probabilistic_gru_student_t,42117,70c1908d227951b86f26ede94b4eec73b621b327a6f0e2a87d98875e63514fba,P-V03-W005::C012::C014,31.063916562062904,student_t,31.063916562062904,3.862735703635571,4.188083648681641,20.52654647273604,25.19256945032936,28.21507925689528,31.063916562062904,33.91275386723053,36.93526367379645,41.60128665138976,2.9661217803478728,1.8180548843644964,2.671164138132529,34.030038342410776,inner_validation_within_outer_train
rolling_origin_2022-07-19,rolling_origin_2022-07-19__inner_1_2021-11-02,C04_probabilistic_gru_student_t,42117,70c1908d227951b86f26ede94b4eec73b621b327a6f0e2a87d98875e63514fba,P-V03-W006::C012::C014,32.870168296232364,student_t,32.870168296232364,3.891924182376806,4.16513204574585,22.23133052360607,26.948470200521072,29.998357868069963,32.870168296232364,35.74197872439476,38.79186639194366,43.50900606885866,3.3144491412676444,2.007348611728671,2.751887483785036,36.18461743750001,inner_validation_within_outer_train
rolling_origin_2022-07-19,rolling_origin_2022-07-19__inner_1_2021-11-02,C04_probabilistic_gru_student_t,42117,70c1908d227951b86f26ede94b4eec73b621b327a6f0e2a87d98875e63514fba,P-V03-W007::C012::C014,5.970273635619599,student_t,5.970273635619599,4.169985196217321,4.34461784362793,-5.254120845262717,-0.3264449195974146,2.904937955633764,5.970273635619599,9.035609315605432,12.266992190836612,17.194668116501916,0.9059313433983104,1.1582751306862948,2.432787685101596,6.876204979017909,inner_validation_within_outer_train
rolling_origin_2022-07-19,rolling_origin_2022-07-19__inner_1_2021-11-02,C04_probabilistic_gru_student_t,42117,70c1908d227951b86f26ede94b4eec73b621b327a6f0e2a87d98875e63514fba,P-V04-W001::C012::C014,6.573590178695138,student_t,6.573590178695138,3.914249102705508,4.401046276092529,-3.914467790562769,0.6763422641001497,3.6994881343615034,6.573590178695138,9.447692223028774,12.470838093290126,17.061648147953044,8.040952051016601,5.628318372577905,4.155656360650132,-1.4673618723214628,inner_validation_within_outer_train
rolling_origin_2022-07-19,rolling_origin_2022-07-19__inner_1_2021-11-02,C04_probabilistic_gru_student_t,42117,70c1908d227951b86f26ede94b4eec73b621b327a6f0e2a87d98875e63514fba,P-V04-W003::C012::C014,3.889494280318903,student_t,3.889494280318903,3.896151056264444,4.444257736206055,-6.514556656010779,-1.9706059189279967,1.0310943673022468,3.889494280318903,6.74789419333556,9.749594479565804,14.293545216648582,4.946518649068864,3.0712234954775126,3.177110737964478,-1.0570243687499608,inner_validation_within_outer_train
rolling_origin_2022-07-19,rolling_origin_2022-07-19__inner_1_2021-11-02,C04_probabilistic_gru_student_t,42117,70c1908d227951b86f26ede94b4eec73b621b327a6f0e2a87d98875e63514fba,P-V04-W004::C012::C014,6.776626349610947,student_t,6.776626349610947,3.847069255929779,4.435266017913818,-3.5035842258304357,0.9883366541549492,3.95374335910333,6.776626349610947,9.599509340118564,12.564916045066944,17.056836925052323,6.682441636664487,4.465781664914501,3.732516105336825,0.0941847129464594,inner_validation_within_outer_train
rolling_origin_2022-07-19,rolling_origin_2022-07-19__inner_1_2021-11-02,C04_probabilistic_gru_student_t,42117,70c1908d227951b86f26ede94b4eec73b621b327a6f0e2a87d98875e63514fba,P-V04-W006::C012::C014,5.290402470723343,student_t,5.290402470723343,3.930506953390741,4.413130760192871,-5.231107591053515,-0.6285293464735151,2.40504879304104,5.290402470723343,8.175756148405647,11.209334287920203,15.811912532500198,4.561430868044778,2.7916726171230497,3.064769884608608,0.7289716026785651,inner_validation_within_outer_train
rolling_origin_2022-07-19,rolling_origin_2022-07-19__inner_1_2021-11-02,C04_probabilistic_gru_student_t,42117,70c1908d227951b86f26ede94b4eec73b621b327a6f0e2a87d98875e63514fba,P-V04-W007::C012::C014,32.32583173101619,student_t,32.32583173101619,3.691123508527341,4.227255821228027,22.291295447867878,26.724856751778606,29.605865678651305,32.32583173101619,35.04579778338107,37.92680671025377,42.36036801416449,4.3500902212159005,2.667333415661576,3.026019458298607,36.67592195223209,inner_validation_within_outer_train
rolling_origin_2022-07-19,rolling_origin_2022-07-19__inner_1_2021-11-02,C04_probabilistic_gru_student_t,42117,70c1908d227951b86f26ede94b4eec73b621b327a6f0e2a87d98875e63514fba,P-V05-W001::C012::C014,20.95154396895498,student_t,20.95154396895498,3.4243713340590265,4.519794464111328,11.860041626040994,15.81575858630733,18.44286847802735,20.95154396895498,23.46021945988261,26.08732935160263,30.043046311868963,1.042378294437924,1.005366202471743,2.260748650176872,21.993922263392903,inner_validation_within_outer_train
rolling_origin_2022-07-19,rolling_origin_2022-07-19__inner_1_2021-11-02,C04_probabilistic_gru_student_t,42117,70c1908d227951b86f26ede94b4eec73b621b327a6f0e2a87d98875e63514fba,P-V05-W002::C012::C014,31.195897787110088,student_t,31.195897787110088,3.4742279373541844,4.342854499816895,21.842927240222707,25.9494047296362,28.641918620755032,31.195897787110088,33.74987695346514,36.442390844583976,40.54886833399746,3.5069975237173985,2.11837854811588,2.784451183715316,27.68890026339269,inner_validation_within_outer_train
rolling_origin_2022-07-19,rolling_origin_2022-07-19__inner_1_2021-11-02,C04_probabilistic_gru_student_t,42117,70c1908d227951b86f26ede94b4eec73b621b327a6f0e2a87d98875e63514fba,P-V05-W003::C012::C014,28.159497805367597,student_t,28.159497805367597,3.3652452867890807,4.427987098693848,19.16168611685528,23.09472821441524,25.689815552962006,28.159497805367597,30.62918005777318,33.22426739631995,37.15730949387991,6.604586288382393,4.565405307514535,3.8870400037008097,34.764084093749986,inner_validation_within_outer_train
rolling_origin_2022-07-19,rolling_origin_2022-07-19__inner_1_2021-11-02,C04_probabilistic_gru_student_t,42117,70c1908d227951b86f26ede94b4eec73b621b327a6f0e2a87d98875e63514fba,P-V05-W004::C012::C014,31.89739210407984,student_t,31.89739210407984,3.329203472945067,4.382970809936523,22.96401603015209,26.877991173112733,29.45199405811372,31.89739210407984,34.342790150045964,36.91679303504695,40.83076817800759,3.2513306771698964,1.9609058865752875,2.7081626333159616,35.14872278124974,inner_validation_within_outer_train
rolling_origin_2022-07-19,rolling_origin_2022-07-19__inner_1_2021-11-02,C04_probabilistic_gru_student_t,42117,70c1908d227951b86f26ede94b4eec73b621b327a6f0e2a87d98875e63514fba,P-V05-W006::C012::C014,22.679007597919608,student_t,22.679007597919608,3.2372494486612418,4.529108047485352,14.090302873483642,17.82554210327024,20.307828377637847,22.679007597919608,25.050186818201368,27.532473092568974,31.26771232235557,0.9162076252947636,0.9352003429442788,2.1969015191773678,23.59521522321437,inner_validation_within_outer_train
rolling_origin_2022-07-19,rolling_origin_2022-07-19__inner_1_2021-11-02,C04_probabilistic_gru_student_t,42117,70c1908d227951b86f26ede94b4eec73b621b327a6f0e2a87d98875e63514fba,P-V05-W007::C012::C014,33.243556174633255,student_t,33.243556174633255,3.3479167767550004,4.384382247924805,24.26098565270936,28.196224458492924,30.78448167493969,33.243556174633255,35.70263067432682,38.29088789077359,42.226126696557145,0.0382499325096219,0.8700559965805793,2.183910173398867,33.28180610714288,inner_validation_within_outer_train
rolling_origin_2022-07-19,rolling_origin_2022-07-19__inner_1_2021-11-02,C04_probabilistic_gru_student_t,42117,70c1908d227951b86f26ede94b4eec73b621b327a6f0e2a87d98875e63514fba,P-H04-W001::C013::C014,30.300137117659716,student_t,30.300137117659716,4.798576239384402,3.846099376678467,16.764246576238033,22.885640719757657,26.732176004247865,30.300137117659716,33.86809823107156,37.71463351556177,43.83602765908138,0.3029568631953943,1.2744366147076345,2.5540865022545285,29.99718025446432,inner_validation_within_outer_train
rolling_origin_2022-07-19,rolling_origin_2022-07-19__inner_1_2021-11-02,C04_probabilistic_gru_student_t,42117,70c1908d227951b86f26ede94b4eec73b621b327a6f0e2a87d98875e63514fba,P-H04-W002::C013::C014,31.956208896229708,student_t,31.956208896229708,4.504712157244102,3.914705276489258,19.34091460850388,25.02036171071876,28.612602818169854,31.956208896229708,35.29981497428956,38.892056081740655,44.57150318395553,1.1224711414935449,1.290888241249559,2.5259450299811768,33.07868003772325,inner_validation_within_outer_train
rolling_origin_2022-07-19,rolling_origin_2022-07-19__inner_1_2021-11-02,C04_probabilistic_gru_student_t,42117,70c1908d227951b86f26ede94b4eec73b621b327a6f0e2a87d98875e63514fba,P-H04-W003::C013::C014,31.306887304359748,student_t,31.306887304359748,4.395429932723461,3.9722957611083984,19.069577171554457,24.55869097490254,28.04902758946097,31.306887304359748,34.564747019258526,38.05508363381696,43.54419743716504,4.998672126220619,3.050807298967764,3.1625494495407933,36.30555943058037,inner_validation_within_outer_train
rolling_origin_2022-07-19,rolling_origin_2022-07-19__inner_1_2021-11-02,C04_probabilistic_gru_student_t,42117,70c1908d227951b86f26ede94b4eec73b621b327a6f0e2a87d98875e63514fba,P-H04-W004::C013::C014,21.15766324225497,student_t,21.15766324225497,4.886179780671739,3.899149417877197,7.451943696134057,13.628524832775405,17.52949548275708,21.15766324225497,24.785831001752857,28.68680165173453,34.86338278837588,3.8157383918967938,2.338998320107108,2.92477094007596,24.973401634151763,inner_validation_within_outer_train
rolling_origin_2022-07-19,rolling_origin_2022-07-19__inner_1_2021-11-02,C04_probabilistic_gru_student_t,42117,70c1908d227951b86f26ede94b4eec73b621b327a6f0e2a87d98875e63514fba,P-H04-W005::C013::C014,32.75246101890815,student_t,32.75246101890815,4.9128149103524414,3.805551767349243,18.832988173139963,25.145066556327528,29.09566937307989,32.75246101890815,36.409252664736414,40.35985548148877,46.67193386467633,2.118407825734643,1.6343660891302028,2.69039432939089,34.87086884464279,inner_validation_within_outer_train
rolling_origin_2022-07-19,rolling_origin_2022-07-19__inner_1_2021-11-02,C04_probabilistic_gru_student_t,42117,70c1908d227951b86f26ede94b4eec73b621b327a6f0e2a87d98875e63514fba,P-H04-W006::C013::C014,29.17297260640668,student_t,29.17297260640668,4.843744370866639,3.854201316833496,15.521552594789368,21.69186451343901,25.572182700331474,29.17297260640668,32.77376251248189,36.65408069937435,42.82439261802399,1.0553877438164785,1.3642473153339227,2.5905263951828106,30.22836035022316,inner_validation_within_outer_train
rolling_origin_2022-07-19,rolling_origin_2022-07-19__inner_1_2021-11-02,C04_probabilistic_gru_student_t,42117,70c1908d227951b86f26ede94b4eec73b621b327a6f0e2a87d98875e63514fba,P-H04-W007::C013::C014,34.7507329592109,student_t,34.7507329592109,4.837715096489536,3.7988944053649902,21.03395974026345,27.256941588370097,31.14920381491052,34.7507329592109,38.35226210351128,42.2445243300517,48.467506178158345,3.3156288892265664,2.090429800788792,2.840216011900716,38.06636184843747,inner_validation_within_outer_train
rolling_origin_2022-07-19,rolling_origin_2022-07-19__inner_1_2021-11-02,C04_probabilistic_gru_student_t,42117,70c1908d227951b86f26ede94b4eec73b621b327a6f0e2a87d98875e63514fba,P-V06-W001::C013::C014,3.8208828603802623,student_t,3.8208828603802623,4.441743074898215,4.167451858520508,-8.318386157827714,-2.9366895070840746,0.5435344728283114,3.8208828603802623,7.098231247932214,10.5784552278446,15.960151878588237,3.003872196794771,1.8912144975982563,2.738477280378325,0.8170106635854913,inner_validation_within_outer_train
rolling_origin_2022-07-19,rolling_origin_2022-07-19__inner_1_2021-11-02,C04_probabilistic_gru_student_t,42117,70c1908d227951b86f26ede94b4eec73b621b327a6f0e2a87d98875e63514fba,P-V06-W002::C013::C014,21.432089094984555,student_t,21.432089094984555,4.180279759342958,4.113842010498047,9.951348356435956,15.05698162969744,18.343966323910514,21.432089094984555,24.520211866058595,27.80719656027167,32.912829833533145,1.1351133311452235,1.2091524911422498,2.454948064072701,20.29697576383933,inner_validation_within_outer_train
rolling_origin_2022-07-19,rolling_origin_2022-07-19__inner_1_2021-11-02,C04_probabilistic_gru_student_t,42117,70c1908d227951b86f26ede94b4eec73b621b327a6f0e2a87d98875e63514fba,P-V06-W004::C013::C014,21.822732913410125,student_t,21.822732913410125,4.097327823993973,4.114844799041748,10.570856541659424,15.574415790512589,18.79595839372872,21.822732913410125,24.84950743309153,28.07105003630766,33.074609285160825,0.4237089595809955,1.0890152228546124,2.3961053805076933,22.24644187299112,inner_validation_within_outer_train
rolling_origin_2022-07-19,rolling_origin_2022-07-19__inner_1_2021-11-02,C04_probabilistic_gru_student_t,42117,70c1908d227951b86f26ede94b4eec73b621b327a6f0e2a87d98875e63514fba,P-V06-W005::C013::C014,36.752450813220136,student_t,36.752450813220136,4.018161921024117,3.988543510437012,25.583595724218217,30.588357671837542,33.77539037256219,36.752450813220136,39.72951125387808,42.91654395460273,47.92130590222205,5.093191266913777,3.157954130360887,3.216100182421213,41.84564208013391,inner_validation_within_outer_train
rolling_origin_2022-07-19,rolling_origin_2022-07-19__inner_1_2021-11-02,C04_probabilistic_gru_student_t,42117,70c1908d227951b86f26ede94b4eec73b621b327a6f0e2a87d98875e63514fba,P-V06-W006::C013::C014,18.638771072757145,student_t,18.638771072757145,4.095143133679137,4.134622573852539,7.4133541001436445,12.399371743977976,15.614956977600364,18.638771072757145,21.662585167913925,24.87817040153632,29.86418804537064,1.9348241696536448,1.4070911303381368,2.523646925459114,20.57359524241079,inner_validation_within_outer_train
rolling_origin_2022-07-19,rolling_origin_2022-07-19__inner_1_2021-11-02,C04_probabilistic_gru_student_t,42117,70c1908d227951b86f26ede94b4eec73b621b327a6f0e2a87d98875e63514fba,P-V06-W007::C013::C014,19.332637638910207,student_t,19.332637638910207,4.066153854579484,4.1347761154174805,8.186841460186415,13.137449472851952,16.330239273604466,19.332637638910207,22.335036004215947,25.52782580496846,30.478433817634,2.984690087570918,1.8449101738746456,2.696030202126129,16.34794755133929,inner_validation_within_outer_train
rolling_origin_2022-07-19,rolling_origin_2022-07-19__inner_1_2021-11-02,C04_probabilistic_gru_student_t,42118,70c1908d227951b86f26ede94b4eec73b621b327a6f0e2a87d98875e63514fba,P-D01-W001::C012::C014,42.08805348665027,student_t,42.08805348665027,4.165153288270569,3.614326000213623,30.02042958927847,35.56790603690542,38.97115482624455,42.08805348665027,45.204952147055984,48.60820093639512,54.155677384022056,64.07199293834974,60.07628350333415,12.096658893053965,106.160046425,inner_validation_within_outer_train
rolling_origin_2022-07-19,rolling_origin_2022-07-19__inner_1_2021-11-02,C04_probabilistic_gru_student_t,42118,70c1908d227951b86f26ede94b4eec73b621b327a6f0e2a87d98875e63514fba,P-D01-W002::C012::C014,50.95937947418948,student_t,50.95937947418948,4.4732633976553,3.6762561798095694,38.09614162888892,43.98245372253235,47.61791202176472,50.95937947418948,54.30084692661423,57.9363052258466,63.82261731949003,4.230876354546616,2.558977734159756,2.9935236659657933,46.72850311964286,inner_validation_within_outer_train
rolling_origin_2022-07-19,rolling_origin_2022-07-19__inner_1_2021-11-02,C04_probabilistic_gru_student_t,42118,70c1908d227951b86f26ede94b4eec73b621b327a6f0e2a87d98875e63514fba,P-D01-W003::C012::C014,5.736170994940355,student_t,5.736170994940355,4.249436112671247,3.42008113861084,-6.894607564774189,-0.9988371103630342,2.5368861112721897,5.736170994940355,8.935455878608522,12.471179100243743,18.36694955465489,0.2416293677082048,1.146258334898855,2.439956504002067,5.494541627232151,inner_validation_within_outer_train
rolling_origin_2022-07-19,rolling_origin_2022-07-19__inner_1_2021-11-02,C04_probabilistic_gru_student_t,42118,70c1908d227951b86f26ede94b4eec73b621b327a6f0e2a87d98875e63514fba,P-D01-W004::C012::C014,5.661579248592528,student_t,5.661579248592528,4.26086980034136,3.416881799697876,-7.0088689593947056,-1.0930145809316665,2.4533474132014708,5.661579248592528,8.869811083983585,12.416173078116724,18.33202745657976,3.745501446360407,2.2773377011766875,2.8908732880972057,1.9160778022321208,inner_validation_within_outer_train
rolling_origin_2022-07-19,rolling_origin_2022-07-19__inner_1_2021-11-02,C04_probabilistic_gru_student_t,42118,70c1908d227951b86f26ede94b4eec73b621b327a6f0e2a87d98875e63514fba,P-D01-W005::C012::C014,34.62161782356356,student_t,34.62161782356356,3.939795294998711,3.616095781326294,23.209417487013845,28.45490213308616,31.67351441307776,34.62161782356356,37.56972123404936,40.78833351404096,46.03381816011327,2.591434256347206,1.6574681338046753,2.61922419908046,37.21305207991077,inner_validation_within_outer_train
rolling_origin_2022-07-19,rolling_origin_2022-07-19__inner_1_2021-11-02,C04_probabilistic_gru_student_t,42118,70c1908d227951b86f26ede94b4eec73b621b327a6f0e2a87d98875e63514fba,P-D01-W006::C012::C014,24.25176714692109,student_t,24.25176714692109,3.9486514694215993,3.56553316116333,12.741063813745535,18.05211534382424,21.2925718454581,24.25176714692109,27.210962448384077,30.45141895001793,35.76247048009663,3.653942690132524,2.212958089681274,2.852925288042936,27.90570983705361,inner_validation_within_outer_train
rolling_origin_2022-07-19,rolling_origin_2022-07-19__inner_1_2021-11-02,C04_probabilistic_gru_student_t,42118,70c1908d227951b86f26ede94b4eec73b621b327a6f0e2a87d98875e63514fba,P-D01-W007::C012::C014,30.899000867191894,student_t,30.899000867191894,4.03859769762907,3.595574855804444,19.17070593822679,24.569796880910552,27.875128006354945,30.899000867191894,33.92287372802885,37.22820485347325,42.62729579615701,7.758334703352634,5.286068043048958,4.006351361480833,23.140666163839263,inner_validation_within_outer_train
rolling_origin_2022-07-19,rolling_origin_2022-07-19__inner_1_2021-11-02,C04_probabilistic_gru_student_t,42118,70c1908d227951b86f26ede94b4eec73b621b327a6f0e2a87d98875e63514fba,P-H01-W001::C012::C014,24.44508559721923,student_t,24.44508559721923,4.070395908533121,3.5417213439941406,12.543113025714758,18.04479562132841,21.39243624135192,24.44508559721923,27.497734953086542,30.845375573110047,36.3470581687237,1.0300629829334935,1.183805813399453,2.4330964161993043,23.415022614285736,inner_validation_within_outer_train
rolling_origin_2022-07-19,rolling_origin_2022-07-19__inner_1_2021-11-02,C04_probabilistic_gru_student_t,42118,70c1908d227951b86f26ede94b4eec73b621b327a6f0e2a87d98875e63514fba,P-H01-W002::C012::C014,21.47201204896814,student_t,21.47201204896814,4.325137862620614,3.4830586910247803,8.726879041455891,14.645617993033795,18.222365566213785,21.47201204896814,24.721658531722493,28.298406104902483,34.21714505648038,38.9298471231301,35.30299018490137,9.602081318102892,60.40185917209824,inner_validation_within_outer_train
rolling_origin_2022-07-19,rolling_origin_2022-07-19__inner_1_2021-11-02,C04_probabilistic_gru_student_t,42118,70c1908d227951b86f26ede94b4eec73b621b327a6f0e2a87d98875e63514fba,P-H01-W003::C012::C014,22.2909400535522,student_t,22.2909400535522,3.926200771403189,3.5482468605041504,10.820276837907404,16.119905885698575,19.3470207740514,22.2909400535522,25.234859333053,28.46197422140582,33.76160326919699,70.28765798082276,66.31008436626257,12.622522670599324,92.57859803437496,inner_validation_within_outer_train
rolling_origin_2022-07-19,rolling_origin_2022-07-19__inner_1_2021-11-02,C04_probabilistic_gru_student_t,42118,70c1908d227951b86f26ede94b4eec73b621b327a6f0e2a87d98875e63514fba,P-H01-W004::C012::C014,28.55629729545451,student_t,28.55629729545451,4.091912257999413,3.585370779037476,16.657936266382627,22.139550219160142,25.4915716166586,28.55629729545451,31.62102297425042,34.97304437174888,40.45465832452639,3.3095163633116407,2.025956589204941,2.7810712540084914,25.24678093214287,inner_validation_within_outer_train
rolling_origin_2022-07-19,rolling_origin_2022-07-19__inner_1_2021-11-02,C04_probabilistic_gru_student_t,42118,70c1908d227951b86f26ede94b4eec73b621b327a6f0e2a87d98875e63514fba,P-H01-W005::C012::C014,47.57221107412478,student_t,47.57221107412478,4.349129492236584,3.670347452163696,35.05711067453849,40.78657011562378,44.32292265056175,47.57221107412478,50.82149949768781,54.35785203262578,60.08731147371106,5.656605682606923,3.520041666590957,3.3413900688717213,41.91560539151786,inner_validation_within_outer_train
rolling_origin_2022-07-19,rolling_origin_2022-07-19__inner_1_2021-11-02,C04_probabilistic_gru_student_t,42118,70c1908d227951b86f26ede94b4eec73b621b327a6f0e2a87d98875e63514fba,P-H01-W006::C012::C014,33.702784228287435,student_t,33.702784228287435,4.081875446198498,3.593259334564209,21.845369399239797,27.30485551781968,30.646296540701837,33.702784228287435,36.75927191587304,40.1007129387552,45.56019905733507,3.7709365456981416,2.283450294597346,2.8836643072790684,29.931847682589293,inner_validation_within_outer_train
rolling_origin_2022-07-19,rolling_origin_2022-07-19__inner_1_2021-11-02,C04_probabilistic_gru_student_t,42118,70c1908d227951b86f26ede94b4eec73b621b327a6f0e2a87d98875e63514fba,P-H01-W007::C012::C014,29.84211487241136,student_t,29.84211487241136,4.24052851190232,3.5467028617858887,17.450653206099858,23.176390047186604,26.66235805389896,29.84211487241136,33.02187169092376,36.50783969763612,42.23357653872286,2.8922069217850463,1.8329763952886848,2.713425715349283,32.734321794196404,inner_validation_within_outer_train
rolling_origin_2022-07-19,rolling_origin_2022-07-19__inner_1_2021-11-02,C04_probabilistic_gru_student_t,42118,70c1908d227951b86f26ede94b4eec73b621b327a6f0e2a87d98875e63514fba,P-H02-W001::C012::C014,38.97736055802232,student_t,38.97736055802232,4.087593064526718,3.590528726577759,27.099267669205847,32.56940455880883,35.91634211186194,38.97736055802232,42.0383790041827,45.38531655723581,50.85545344683879,3.11190509284377,1.922907570925976,2.7391641414300176,35.86545546517855,inner_validation_within_outer_train
rolling_origin_2022-07-19,rolling_origin_2022-07-19__inner_1_2021-11-02,C04_probabilistic_gru_student_t,42118,70c1908d227951b86f26ede94b4eec73b621b327a6f0e2a87d98875e63514fba,P-H02-W003::C012::C014,21.704492591166314,student_t,21.704492591166314,4.315018644747132,3.4954724311828613,9.010301816314502,14.899548469806774,18.46372307139962,21.704492591166314,24.945262110933008,28.50943671252585,34.39868336601812,24.507270699458665,21.178457554169945,7.677992956711447,46.21176329062498,inner_validation_within_outer_train
rolling_origin_2022-07-19,rolling_origin_2022-07-19__inner_1_2021-11-02,C04_probabilistic_gru_student_t,42118,70c1908d227951b86f26ede94b4eec73b621b327a6f0e2a87d98875e63514fba,P-H02-W004::C012::C014,21.918972673061997,student_t,21.918972673061997,3.983147394911809,3.550048351287842,10.284637950972336,15.659137004325483,18.93251856659454,21.918972673061997,24.90542677952945,28.178808341798508,33.55330739515165,3.5163076965808813,2.134731771300339,2.8220815423647903,25.435280369642875,inner_validation_within_outer_train
rolling_origin_2022-07-19,rolling_origin_2022-07-19__inner_1_2021-11-02,C04_probabilistic_gru_student_t,42118,70c1908d227951b86f26ede94b4eec73b621b327a6f0e2a87d98875e63514fba,P-H02-W005::C012::C014,7.535473511753434,student_t,7.535473511753434,4.403702139301275,3.450129985809326,-5.499378891023143,0.5700164311209441,4.22330095735718,7.535473511753434,10.847646066149688,14.500930592385926,20.57032591453001,1.425957609809064,1.3507048914005142,2.5395286111594366,8.961431121562498,inner_validation_within_outer_train
rolling_origin_2022-07-19,rolling_origin_2022-07-19__inner_1_2021-11-02,C04_probabilistic_gru_student_t,42118,70c1908d227951b86f26ede94b4eec73b621b327a6f0e2a87d98875e63514fba,P-H02-W006::C012::C014,20.503427181467057,student_t,20.503427181467057,4.002227188886582,3.53226637840271,8.78640031913714,14.206578616317346,17.501027796267028,20.503427181467057,23.50582656666709,26.80027574661677,32.22045404379697,3.53184525780631,2.1445580218397637,2.8271876768472457,16.971581923660747,inner_validation_within_outer_train
rolling_origin_2022-07-19,rolling_origin_2022-07-19__inner_1_2021-11-02,C04_probabilistic_gru_student_t,42118,70c1908d227951b86f26ede94b4eec73b621b327a6f0e2a87d98875e63514fba,P-H02-W007::C012::C014,29.60567109379831,student_t,29.60567109379831,4.010924127515111,3.569125175476074,17.918787397772924,23.30964491760365,26.60013421306099,29.60567109379831,32.61120797453563,35.90169726999297,41.2925547898237,9.672481005755165,7.006174621215859,4.585765735018393,39.27815209955347,inner_validation_within_outer_train
rolling_origin_2022-07-19,rolling_origin_2022-07-19__inner_1_2021-11-02,C04_probabilistic_gru_student_t,42118,70c1908d227951b86f26ede94b4eec73b621b327a6f0e2a87d98875e63514fba,P-H03-W001::C012::C014,48.8377068798703,student_t,48.8377068798703,4.492563457485695,3.645488023757935,35.8710933406168,41.81806518118398,45.478856963814586,48.8377068798703,52.19655679592601,55.85734857855661,61.80432041912378,0.6639690807631666,1.2318027480977505,2.5030202754213944,48.17373779910713,inner_validation_within_outer_train
rolling_origin_2022-07-19,rolling_origin_2022-07-19__inner_1_2021-11-02,C04_probabilistic_gru_student_t,42118,70c1908d227951b86f26ede94b4eec73b621b327a6f0e2a87d98875e63514fba,P-H03-W003::C012::C014,44.5620448797058,student_t,44.5620448797058,4.185932939839997,3.647954225540161,32.48405331819184,38.02246483271061,41.4326695588637,44.5620448797058,47.6914202005479,51.10162492670099,56.64003644121976,3.675779863634404,2.2303646511235344,2.864053316587732,40.8862650160714,inner_validation_within_outer_train
rolling_origin_2022-07-19,rolling_origin_2022-07-19__inner_1_2021-11-02,C04_probabilistic_gru_student_t,42118,70c1908d227951b86f26ede94b4eec73b621b327a6f0e2a87d98875e63514fba,P-H03-W004::C012::C014,50.96880598537777,student_t,50.96880598537777,4.262319651542924,3.693110466003418,38.73660661298787,44.327343668739175,47.78643061051608,50.96880598537777,54.15118136023946,57.610268302016365,63.20100535776766,11.420735440288553,8.520939695349757,4.969444352212797,39.54807054508922,inner_validation_within_outer_train
rolling_origin_2022-07-19,rolling_origin_2022-07-19__inner_1_2021-11-02,C04_probabilistic_gru_student_t,42118,70c1908d227951b86f26ede94b4eec73b621b327a6f0e2a87d98875e63514fba,P-H03-W005::C012::C014,50.84639641153767,student_t,50.84639641153767,4.386120524901451,3.680751800537109,38.24048703099105,44.0071659211265,47.57044220872778,50.84639641153767,54.12235061434755,57.68562690194884,63.45230579208429,8.644170213769847,5.936765865789553,4.150514075694703,42.20222619776782,inner_validation_within_outer_train
rolling_origin_2022-07-19,rolling_origin_2022-07-19__inner_1_2021-11-02,C04_probabilistic_gru_student_t,42118,70c1908d227951b86f26ede94b4eec73b621b327a6f0e2a87d98875e63514fba,P-H03-W006::C012::C014,54.55839344020582,student_t,54.55839344020582,4.630897230356313,3.680022954940796,41.24783226062062,47.33718112926361,51.09954611424462,54.55839344020582,58.01724076616702,61.779605751148026,67.86895461979101,4.099739475027178,2.485730164004494,2.970652372239403,50.45865396517864,inner_validation_within_outer_train
rolling_origin_2022-07-19,rolling_origin_2022-07-19__inner_1_2021-11-02,C04_probabilistic_gru_student_t,42118,70c1908d227951b86f26ede94b4eec73b621b327a6f0e2a87d98875e63514fba,P-H03-W007::C012::C014,20.159137088657992,student_t,20.159137088657992,3.691047917994609,3.5241503715515137,9.341664572871242,14.34889413993504,17.38948315440104,20.159137088657992,22.928791022914943,25.969380037380944,30.97660960444474,0.1894211064312685,0.990340810463481,2.296601721056624,20.34855819508926,inner_validation_within_outer_train
rolling_origin_2022-07-19,rolling_origin_2022-07-19__inner_1_2021-11-02,C04_probabilistic_gru_student_t,42118,70c1908d227951b86f26ede94b4eec73b621b327a6f0e2a87d98875e63514fba,P-H05-W001::C012::C014,33.031839251996026,student_t,33.031839251996026,3.48326193540735,3.592515468597412,22.912389243842966,27.57192975391434,30.42353246349099,33.031839251996026,35.64014604050106,38.49174875007771,43.15128926014908,4.808571663182541,3.0247453518440945,3.212897905051177,37.840410915178566,inner_validation_within_outer_train
rolling_origin_2022-07-19,rolling_origin_2022-07-19__inner_1_2021-11-02,C04_probabilistic_gru_student_t,42118,70c1908d227951b86f26ede94b4eec73b621b327a6f0e2a87d98875e63514fba,P-H05-W002::C012::C014,40.0817605466272,student_t,40.0817605466272,3.689708664416754,3.667948007583618,29.46116860716918,34.32416398013963,37.32494455885512,40.0817605466272,42.83857653439928,45.83935711311477,50.70235248608522,0.8995612167657256,1.0618883783823092,2.329381847567749,40.98132176339293,inner_validation_within_outer_train
rolling_origin_2022-07-19,rolling_origin_2022-07-19__inner_1_2021-11-02,C04_probabilistic_gru_student_t,42118,70c1908d227951b86f26ede94b4eec73b621b327a6f0e2a87d98875e63514fba,P-H05-W003::C012::C014,33.99743364649525,student_t,33.99743364649525,3.539806751862886,3.6346263885498047,23.76718179962753,28.462920552305945,31.3500740569579,33.99743364649525,36.644793236032605,39.53194674068456,44.22768549336297,7.022023168816812,4.828492078930512,3.9511162978274266,26.97541047767844,inner_validation_within_outer_train
rolling_origin_2022-07-19,rolling_origin_2022-07-19__inner_1_2021-11-02,C04_probabilistic_gru_student_t,42118,70c1908d227951b86f26ede94b4eec73b621b327a6f0e2a87d98875e63514fba,P-H05-W004::C012::C014,23.040551539621816,student_t,23.040551539621816,3.3739527585246294,3.5387470722198486,13.171197350820265,17.734357155778994,20.509977949862368,23.040551539621816,25.571125129381265,28.34674592346464,32.90990572842337,0.4604204871636632,0.9247081030403618,2.2167150967526537,23.50097202678548,inner_validation_within_outer_train
rolling_origin_2022-07-19,rolling_origin_2022-07-19__inner_1_2021-11-02,C04_probabilistic_gru_student_t,42118,70c1908d227951b86f26ede94b4eec73b621b327a6f0e2a87d98875e63514fba,P-H05-W005::C012::C014,16.955181552097628,student_t,16.955181552097628,3.3999146987478537,3.5142781734466557,6.978010298092023,11.5998606144855,14.403201672375268,16.955181552097628,19.507161431819988,22.310502489709755,26.93235280610323,0.8054201726336032,0.9799228455995784,2.248703132531605,16.149761379464024,inner_validation_within_outer_train
rolling_origin_2022-07-19,rolling_origin_2022-07-19__inner_1_2021-11-02,C04_probabilistic_gru_student_t,42118,70c1908d227951b86f26ede94b4eec73b621b327a6f0e2a87d98875e63514fba,P-H05-W006::C012::C014,18.90318923462875,student_t,18.90318923462875,3.4186295515441136,3.5249247550964355,8.885117780567493,13.52203652579129,16.33801165701155,18.90318923462875,21.468366812245957,24.284341943466213,28.921260688690005,0.955381519835612,1.012446216108233,2.267807008911121,19.858570754464363,inner_validation_within_outer_train
rolling_origin_2022-07-19,rolling_origin_2022-07-19__inner_1_2021-11-02,C04_probabilistic_gru_student_t,42118,70c1908d227951b86f26ede94b4eec73b621b327a6f0e2a87d98875e63514fba,P-H05-W007::C012::C014,26.59635188510264,student_t,26.59635188510264,3.6312499204562463,3.5826478004455566,16.033867309207828,20.9010452880627,23.87642715655716,26.59635188510264,29.316276613648128,32.29165848214258,37.15883646099745,1.1644085525133328,1.1060684434468917,2.3422971767265706,25.43194333258931,inner_validation_within_outer_train
rolling_origin_2022-07-19,rolling_origin_2022-07-19__inner_1_2021-11-02,C04_probabilistic_gru_student_t,42118,70c1908d227951b86f26ede94b4eec73b621b327a6f0e2a87d98875e63514fba,P-H06-W001::C012::C014,5.443967735939285,student_t,5.443967735939285,4.337364631289874,3.4122300148010254,-7.462391865879244,-1.4340636320283746,2.177636185684299,5.443967735939285,8.710299286194271,12.321999103906949,18.35032733775781,0.6985769042429224,1.2067694254847507,2.4752186170583603,4.745390831696363,inner_validation_within_outer_train
rolling_origin_2022-07-19,rolling_origin_2022-07-19__inner_1_2021-11-02,C04_probabilistic_gru_student_t,42118,70c1908d227951b86f26ede94b4eec73b621b327a6f0e2a87d98875e63514fba,P-H06-W002::C012::C014,3.281211067486211,student_t,3.281211067486211,4.736780049484909,3.3883776664733887,-10.861468310543252,-4.242490571327768,-0.2887483601252767,3.281211067486211,6.8511704950977,10.804912706300192,17.423890445515667,1.3837967182280817,1.4226294819474932,2.601679545897034,4.665007785714293,inner_validation_within_outer_train
rolling_origin_2022-07-19,rolling_origin_2022-07-19__inner_1_2021-11-02,C04_probabilistic_gru_student_t,42118,70c1908d227951b86f26ede94b4eec73b621b327a6f0e2a87d98875e63514fba,P-H06-W003::C012::C014,5.038096142735576,student_t,5.038096142735576,4.3512674031643614,3.4154672622680664,-7.903736809499874,-1.8604637534523016,1.761646008505522,5.038096142735576,8.314546276965629,11.936656038923454,17.97992909497102,0.2290788813715494,1.1731621408992798,2.463434976285931,5.267175024107125,inner_validation_within_outer_train
rolling_origin_2022-07-19,rolling_origin_2022-07-19__inner_1_2021-11-02,C04_probabilistic_gru_student_t,42118,70c1908d227951b86f26ede94b4eec73b621b327a6f0e2a87d98875e63514fba,P-H06-W004::C012::C014,5.548076965724086,student_t,5.548076965724086,4.363251910372163,3.4121994972229004,-7.435369213373498,-1.3710198515125098,2.2622472049103237,5.548076965724086,8.833906726537847,12.467173782960682,18.531523144821666,4.864529853224104,2.964872863953789,3.1497241985315263,0.6835471124999815,inner_validation_within_outer_train
rolling_origin_2022-07-19,rolling_origin_2022-07-19__inner_1_2021-11-02,C04_probabilistic_gru_student_t,42118,70c1908d227951b86f26ede94b4eec73b621b327a6f0e2a87d98875e63514fba,P-H06-W005::C012::C014,5.295213002658791,student_t,5.295213002658791,4.567803609509778,3.4089608192443848,-8.303112874716138,-1.9498528327729143,1.854972146847212,5.295213002658791,8.73545385847037,12.540278838090495,18.89353888003372,3.940206378551655,2.399685247552861,2.945584912727127,1.355006624107136,inner_validation_within_outer_train
rolling_origin_2022-07-19,rolling_origin_2022-07-19__inner_1_2021-11-02,C04_probabilistic_gru_student_t,42118,70c1908d227951b86f26ede94b4eec73b621b327a6f0e2a87d98875e63514fba,P-H06-W006::C012::C014,6.1659663721589375,student_t,6.1659663721589375,4.348524148380204,3.418069362640381,-6.762982215984348,-0.7270274476621807,2.891863433871076,6.1659663721589375,9.440069310446798,13.058960191980056,19.09491496030222,5.58877810296252,3.467836622799392,3.331835406243825,0.5771882691964176,inner_validation_within_outer_train
rolling_origin_2022-07-19,rolling_origin_2022-07-19__inner_1_2021-11-02,C04_probabilistic_gru_student_t,42118,70c1908d227951b86f26ede94b4eec73b621b327a6f0e2a87d98875e63514fba,P-H06-W007::C012::C014,8.376362424879478,student_t,8.376362424879478,4.451882119796676,3.471862554550171,-4.76209304707246,1.344787611738255,5.030293835518558,8.376362424879478,11.722431014240398,15.4079372380207,21.51481789683141,9.26429145804912,6.439612455816035,4.293868592287656,-0.8879290331696407,inner_validation_within_outer_train
rolling_origin_2022-07-19,rolling_origin_2022-07-19__inner_1_2021-11-02,C04_probabilistic_gru_student_t,42118,70c1908d227951b86f26ede94b4eec73b621b327a6f0e2a87d98875e63514fba,P-H07-W001::C012::C014,33.14515689569436,student_t,33.14515689569436,3.705160732414964,3.630250930786133,22.43128831181221,27.350604752821575,30.37377828404169,33.14515689569436,35.91653550734702,38.93970903856714,43.8590254795765,4.89560614390863,3.054369675224,3.2057728685402944,28.249550751785726,inner_validation_within_outer_train
rolling_origin_2022-07-19,rolling_origin_2022-07-19__inner_1_2021-11-02,C04_probabilistic_gru_student_t,42118,70c1908d227951b86f26ede94b4eec73b621b327a6f0e2a87d98875e63514fba,P-H07-W002::C012::C014,48.586706657153,student_t,48.586706657153,3.865113707443948,3.701383829116821,37.50521259657353,42.56701332131614,45.701568776629045,48.586706657153,51.47184453767696,54.60639999298986,59.66820071773248,14.240225498224362,11.46207358603329,5.959135341747798,34.34648115892864,inner_validation_within_outer_train
rolling_origin_2022-07-19,rolling_origin_2022-07-19__inner_1_2021-11-02,C04_probabilistic_gru_student_t,42118,70c1908d227951b86f26ede94b4eec73b621b327a6f0e2a87d98875e63514fba,P-H07-W003::C012::C014,10.198260315033856,student_t,10.198260315033856,3.958983518016336,3.507666826248169,-1.4296674927672264,3.9596933185912366,7.226028460593907,10.198260315033856,13.170492169473803,16.436827311476478,21.82618812283493,11.995680784676829,9.207093263709972,5.263166514279975,-1.7974204696429723,inner_validation_within_outer_train
rolling_origin_2022-07-19,rolling_origin_2022-07-19__inner_1_2021-11-02,C04_probabilistic_gru_student_t,42118,70c1908d227951b86f26ede94b4eec73b621b327a6f0e2a87d98875e63514fba,P-H07-W004::C012::C014,31.375960632020934,student_t,31.375960632020934,3.614209831676152,3.62754225730896,20.92161469999036,25.722735778553087,28.672397274107787,31.375960632020934,34.07952398993409,37.02918548548879,41.83030656405151,3.947568408806689,2.4006734169179498,2.92978898593296,27.42839222321425,inner_validation_within_outer_train
rolling_origin_2022-07-19,rolling_origin_2022-07-19__inner_1_2021-11-02,C04_probabilistic_gru_student_t,42118,70c1908d227951b86f26ede94b4eec73b621b327a6f0e2a87d98875e63514fba,P-H07-W005::C012::C014,10.18988835373662,student_t,10.18988835373662,4.20201978243479,3.506111860275269,-2.1544026916853074,3.567684448788988,7.035041761581567,10.18988835373662,13.344734945891672,16.812092258684252,22.534179399158543,15.47709840565626,12.421315492293798,5.9914136399024045,-5.287210051919641,inner_validation_within_outer_train
rolling_origin_2022-07-19,rolling_origin_2022-07-19__inner_1_2021-11-02,C04_probabilistic_gru_student_t,42118,70c1908d227951b86f26ede94b4eec73b621b327a6f0e2a87d98875e63514fba,P-H07-W006::C012::C014,26.640128097471923,student_t,26.640128097471923,4.853425225609733,3.5246505737304688,12.41697076405268,19.000377694075105,22.99831688539893,26.640128097471923,30.28193930954492,34.27987850086874,40.86328543089117,12.59512506086478,9.298584825782411,4.985729312442454,14.045003036607142,inner_validation_within_outer_train
rolling_origin_2022-07-19,rolling_origin_2022-07-19__inner_1_2021-11-02,C04_probabilistic_gru_student_t,42118,70c1908d227951b86f26ede94b4eec73b621b327a6f0e2a87d98875e63514fba,P-H07-W007::C012::C014,16.933572573249016,student_t,16.933572573249016,4.02692236809203,3.543659448623657,5.161671387408324,10.602410255046394,13.91370645436092,16.933572573249016,19.953438692137112,23.26473489145164,28.705473759089703,9.859082391775802,7.1675896231620175,4.630970797911466,7.074490181473214,inner_validation_within_outer_train
rolling_origin_2022-07-19,rolling_origin_2022-07-19__inner_1_2021-11-02,C04_probabilistic_gru_student_t,42118,70c1908d227951b86f26ede94b4eec73b621b327a6f0e2a87d98875e63514fba,P-V01-W001::C012::C014,26.77395246134896,student_t,26.77395246134896,3.8796500147259567,3.5687344074249268,15.469008126790952,20.68384288654373,23.866749879869285,26.77395246134896,29.68115504282863,32.86406203615419,38.07889679590696,3.139662723918864,1.9222062842115823,2.7287774193715384,29.913615185267822,inner_validation_within_outer_train
rolling_origin_2022-07-19,rolling_origin_2022-07-19__inner_1_2021-11-02,C04_probabilistic_gru_student_t,42118,70c1908d227951b86f26ede94b4eec73b621b327a6f0e2a87d98875e63514fba,P-V01-W002::C012::C014,27.522932270794644,student_t,27.522932270794644,3.975942749710189,3.572096347808838,15.942352256591084,21.28296078369925,24.54387564406846,27.522932270794644,30.501988897520828,33.762903757890044,39.1035122849982,9.168227780991112,6.563251568325689,4.4525474062024815,36.69116005178576,inner_validation_within_outer_train
rolling_origin_2022-07-19,rolling_origin_2022-07-19__inner_1_2021-11-02,C04_probabilistic_gru_student_t,42118,70c1908d227951b86f26ede94b4eec73b621b327a6f0e2a87d98875e63514fba,P-V01-W003::C012::C014,24.676804038144788,student_t,24.676804038144788,3.9441030259725895,3.5856575965881348,13.208653408755106,18.49195299204214,21.72280863927204,24.676804038144788,27.630799437017536,30.861655084247435,36.14495466753446,1.452988929216211,1.248371058815877,2.445228630184145,23.223815108928576,inner_validation_within_outer_train
rolling_origin_2022-07-19,rolling_origin_2022-07-19__inner_1_2021-11-02,C04_probabilistic_gru_student_t,42118,70c1908d227951b86f26ede94b4eec73b621b327a6f0e2a87d98875e63514fba,P-V01-W004::C012::C014,27.944365910025745,student_t,27.944365910025745,3.975735805136975,3.595430612564087,16.398416647546377,21.713623124113177,24.967547680231995,27.944365910025745,30.92118413981949,34.17510869593831,39.49031517250511,5.269322185472177,3.28891174931186,3.2819157629454403,22.675043724553568,inner_validation_within_outer_train
rolling_origin_2022-07-19,rolling_origin_2022-07-19__inner_1_2021-11-02,C04_probabilistic_gru_student_t,42118,70c1908d227951b86f26ede94b4eec73b621b327a6f0e2a87d98875e63514fba,P-V01-W005::C012::C014,40.122123412727504,student_t,40.122123412727504,3.857780186579968,3.654011249542236,28.999128114550388,34.09735427486729,37.23857710557432,40.122123412727504,43.005669719880686,46.14689255058772,51.24511871090462,5.928092603352447,3.817692041085381,3.4966381570011533,34.19403080937506,inner_validation_within_outer_train
rolling_origin_2022-07-19,rolling_origin_2022-07-19__inner_1_2021-11-02,C04_probabilistic_gru_student_t,42118,70c1908d227951b86f26ede94b4eec73b621b327a6f0e2a87d98875e63514fba,P-V01-W006::C012::C014,33.8393806580943,student_t,33.8393806580943,3.846046305359786,3.61883807182312,22.70251020470176,27.820394423741472,30.96166067340309,33.8393806580943,36.7171006427855,39.85836689244713,44.97625111148683,4.503438806637746,2.758609717438371,3.076189097870108,38.342819464732045,inner_validation_within_outer_train
rolling_origin_2022-07-19,rolling_origin_2022-07-19__inner_1_2021-11-02,C04_probabilistic_gru_student_t,42118,70c1908d227951b86f26ede94b4eec73b621b327a6f0e2a87d98875e63514fba,P-V01-W007::C012::C014,43.21121851520839,student_t,43.21121851520839,3.819653127343277,3.655605316162109,32.200271824997,37.24655092805251,40.3563018508587,43.21121851520839,46.06613517955808,49.17588610236427,54.22216520541977,0.3044813768154952,1.0246855094680754,2.330740015510748,42.90673713839289,inner_validation_within_outer_train
rolling_origin_2022-07-19,rolling_origin_2022-07-19__inner_1_2021-11-02,C04_probabilistic_gru_student_t,42118,70c1908d227951b86f26ede94b4eec73b621b327a6f0e2a87d98875e63514fba,P-V02-W001::C012::C014,36.20574600280944,student_t,36.20574600280944,4.621868808653922,3.5598177909851074,22.722703797951755,28.946526027850773,32.74142791665651,36.20574600280944,39.67006408896237,43.46496597776811,49.68878820766712,3.110920839601164,1.9782545836772027,2.7922383723422746,39.316666842410605,inner_validation_within_outer_train
rolling_origin_2022-07-19,rolling_origin_2022-07-19__inner_1_2021-11-02,C04_probabilistic_gru_student_t,42118,70c1908d227951b86f26ede94b4eec73b621b327a6f0e2a87d98875e63514fba,P-V02-W003::C012::C014,9.579010279009848,student_t,9.579010279009848,4.747134093685482,3.386626720428467,-4.598137126624698,2.037950204578925,6.001036644434361,9.579010279009848,13.156983913585332,17.12007035344077,23.756157684644386,2.325219546509855,1.6888727696484347,2.699442153431627,7.253790732499992,inner_validation_within_outer_train
rolling_origin_2022-07-19,rolling_origin_2022-07-19__inner_1_2021-11-02,C04_probabilistic_gru_student_t,42118,70c1908d227951b86f26ede94b4eec73b621b327a6f0e2a87d98875e63514fba,P-V02-W004::C012::C014,15.403291805669776,student_t,15.403291805669776,4.587589121654886,3.431440830230713,1.7890132538895926,8.137908215005211,11.950710149470767,15.403291805669776,18.855873461868786,22.668675396334347,29.017570357449955,1.7661010172319962,1.4798757612277018,2.607892041040297,17.169392822901774,inner_validation_within_outer_train
rolling_origin_2022-07-19,rolling_origin_2022-07-19__inner_1_2021-11-02,C04_probabilistic_gru_student_t,42118,70c1908d227951b86f26ede94b4eec73b621b327a6f0e2a87d98875e63514fba,P-V02-W005::C012::C014,45.0741385200436,student_t,45.0741385200436,4.843007982767041,3.614016056060791,31.042040212445087,37.49273344227511,41.449949462054086,45.0741385200436,48.69832757803312,52.6555435978121,59.10623682764212,0.9999375879007316,1.3667028318045324,2.591887966256074,44.07420093214287,inner_validation_within_outer_train
rolling_origin_2022-07-19,rolling_origin_2022-07-19__inner_1_2021-11-02,C04_probabilistic_gru_student_t,42118,70c1908d227951b86f26ede94b4eec73b621b327a6f0e2a87d98875e63514fba,P-V02-W006::C012::C014,24.703463951606714,student_t,24.703463951606714,4.23827039963561,3.518116950988769,12.272391130646277,18.02925436473017,21.522593932114734,24.703463951606714,27.88433397109869,31.377673538483258,37.13453677256715,0.0009481242861859,1.133217040585606,2.4332741218733687,24.7044120758929,inner_validation_within_outer_train
rolling_origin_2022-07-19,rolling_origin_2022-07-19__inner_1_2021-11-02,C04_probabilistic_gru_student_t,42118,70c1908d227951b86f26ede94b4eec73b621b327a6f0e2a87d98875e63514fba,P-V02-W007::C012::C014,20.432447671232527,student_t,20.432447671232527,4.451335947217967,3.4780197143554688,7.306533803012842,13.40456642395716,17.08744723956736,20.432447671232527,23.777448102897694,27.460328918507894,33.55836153945221,1.1200509654638822,1.296453745172446,2.523505084524895,21.55249863669641,inner_validation_within_outer_train
rolling_origin_2022-07-19,rolling_origin_2022-07-19__inner_1_2021-11-02,C04_probabilistic_gru_student_t,42118,70c1908d227951b86f26ede94b4eec73b621b327a6f0e2a87d98875e63514fba,P-V03-W001::C012::C014,28.49990056209178,student_t,28.49990056209178,3.890273272750068,3.5875115394592285,17.190908893267036,22.40015227893652,25.586383459121077,28.49990056209178,31.41341766506249,34.599648845247046,39.80889223091653,2.9950081080738897,1.8471521075323432,2.696994362296378,25.50489245401789,inner_validation_within_outer_train
rolling_origin_2022-07-19,rolling_origin_2022-07-19__inner_1_2021-11-02,C04_probabilistic_gru_student_t,42118,70c1908d227951b86f26ede94b4eec73b621b327a6f0e2a87d98875e63514fba,P-V03-W002::C012::C014,31.795368274586348,student_t,31.795368274586348,3.912261753248663,3.5984644889831543,20.438064837686223,25.66523081778512,28.866340469363845,31.795368274586348,34.72439607980885,37.92550573138757,43.15267171148647,5.784024120056539,3.6904732450460496,3.442984512710142,37.57939239464289,inner_validation_within_outer_train
rolling_origin_2022-07-19,rolling_origin_2022-07-19__inner_1_2021-11-02,C04_probabilistic_gru_student_t,42118,70c1908d227951b86f26ede94b4eec73b621b327a6f0e2a87d98875e63514fba,P-V03-W003::C012::C014,32.368082966347075,student_t,32.368082966347075,3.532714253271303,3.58524227142334,22.095577711722363,26.82820074639269,29.72217047285648,32.368082966347075,35.01399545983767,37.90796518630145,42.64058822097178,8.744402680973984,6.38085762990128,4.534622909226016,41.11248564732106,inner_validation_within_outer_train
rolling_origin_2022-07-19,rolling_origin_2022-07-19__inner_1_2021-11-02,C04_probabilistic_gru_student_t,42118,70c1908d227951b86f26ede94b4eec73b621b327a6f0e2a87d98875e63514fba,P-V03-W004::C012::C014,23.38814159290077,student_t,23.38814159290077,3.387410971323423,3.5217537879943848,13.457428736758311,18.055055558916912,20.846138769789057,23.38814159290077,25.930144416012475,28.72122762688462,33.31885444904322,0.4903038473648351,0.932116958279642,2.22252379957437,22.89783774553593,inner_validation_within_outer_train
rolling_origin_2022-07-19,rolling_origin_2022-07-19__inner_1_2021-11-02,C04_probabilistic_gru_student_t,42118,70c1908d227951b86f26ede94b4eec73b621b327a6f0e2a87d98875e63514fba,P-V03-W005::C012::C014,29.919445226584365,student_t,29.919445226584365,3.9340411205931862,3.5903890132904053,18.487356698746677,23.75215394364556,26.97340277586716,29.919445226584365,32.865487677301566,36.08673650952318,41.35153375442205,4.110593115826411,2.492515696178154,2.96677664951205,34.030038342410776,inner_validation_within_outer_train
rolling_origin_2022-07-19,rolling_origin_2022-07-19__inner_1_2021-11-02,C04_probabilistic_gru_student_t,42118,70c1908d227951b86f26ede94b4eec73b621b327a6f0e2a87d98875e63514fba,P-V03-W006::C012::C014,30.921542723055623,student_t,30.921542723055623,3.9792030561301175,3.5862245559692383,19.35215892069394,24.681866616490623,27.941309224637617,30.921542723055623,33.90177622147363,37.16121882962062,42.4909265254173,5.263074714444386,3.2837741060446493,3.2799610189083515,36.18461743750001,inner_validation_within_outer_train
rolling_origin_2022-07-19,rolling_origin_2022-07-19__inner_1_2021-11-02,C04_probabilistic_gru_student_t,42118,70c1908d227951b86f26ede94b4eec73b621b327a6f0e2a87d98875e63514fba,P-V03-W007::C012::C014,5.8041504284578025,student_t,5.8041504284578025,4.513277741832146,3.445148468017578,-7.564203897633906,-1.336991824126697,2.409013659254833,5.8041504284578025,9.199287197660771,12.945292681042304,19.172504754549507,1.0720545505601065,1.3047929393317534,2.5336982014162848,6.876204979017909,inner_validation_within_outer_train
rolling_origin_2022-07-19,rolling_origin_2022-07-19__inner_1_2021-11-02,C04_probabilistic_gru_student_t,42118,70c1908d227951b86f26ede94b4eec73b621b327a6f0e2a87d98875e63514fba,P-V04-W001::C012::C014,6.137160183243072,student_t,6.137160183243072,4.492470208508843,3.4080381393432617,-7.238641067659788,-0.988866520615475,2.753552988568528,6.137160183243072,9.520767377917617,13.26318688710162,19.512961434145925,7.6045220555645345,5.0020782295675135,3.838571320147445,-1.4673618723214628,inner_validation_within_outer_train
rolling_origin_2022-07-19,rolling_origin_2022-07-19__inner_1_2021-11-02,C04_probabilistic_gru_student_t,42118,70c1908d227951b86f26ede94b4eec73b621b327a6f0e2a87d98875e63514fba,P-V04-W003::C012::C014,3.032136544569962,student_t,3.032136544569962,4.605120548897732,3.372514486312866,-10.74885787201066,-4.290502764580331,-0.4404554328624583,3.032136544569962,6.504728522002383,10.354775853720255,16.813130961150577,4.0891609133199225,2.485833031648205,2.97856164501645,-1.0570243687499608,inner_validation_within_outer_train
rolling_origin_2022-07-19,rolling_origin_2022-07-19__inner_1_2021-11-02,C04_probabilistic_gru_student_t,42118,70c1908d227951b86f26ede94b4eec73b621b327a6f0e2a87d98875e63514fba,P-V04-W004::C012::C014,6.360697497986813,student_t,6.360697497986813,4.353021785077707,3.410759210586548,-6.594936824832558,-0.5428534912431058,3.082415199270475,6.360697497986813,9.63897979670315,13.264248487216731,19.316331820806184,6.266512785040353,3.9714118205261815,3.509134269663051,0.0941847129464594,inner_validation_within_outer_train
rolling_origin_2022-07-19,rolling_origin_2022-07-19__inner_1_2021-11-02,C04_probabilistic_gru_student_t,42118,70c1908d227951b86f26ede94b4eec73b621b327a6f0e2a87d98875e63514fba,P-V04-W006::C012::C014,5.109639483992932,student_t,5.109639483992932,4.481705682931759,3.404683351516724,-8.240442896614903,-2.0009411448508816,1.7337632519449842,5.109639483992932,8.485515716040881,12.220220112836747,18.45972186460077,4.380667881314367,2.654128303045439,3.036139083986569,0.7289716026785651,inner_validation_within_outer_train
rolling_origin_2022-07-19,rolling_origin_2022-07-19__inner_1_2021-11-02,C04_probabilistic_gru_student_t,42118,70c1908d227951b86f26ede94b4eec73b621b327a6f0e2a87d98875e63514fba,P-V04-W007::C012::C014,30.102950383808505,student_t,30.102950383808505,3.975593917989472,3.552443027496338,18.494257608791223,23.855919342470827,27.12237768489497,30.102950383808505,33.08352308272204,36.34998142514618,41.71164315882578,6.572971568423583,4.304409516814941,3.667626161188874,36.67592195223209,inner_validation_within_outer_train
rolling_origin_2022-07-19,rolling_origin_2022-07-19__inner_1_2021-11-02,C04_probabilistic_gru_student_t,42118,70c1908d227951b86f26ede94b4eec73b621b327a6f0e2a87d98875e63514fba,P-V05-W001::C012::C014,24.89307350904479,student_t,24.89307350904479,3.596364579803565,3.514486789703369,14.339703203396631,19.228393137316203,22.193655693817117,24.89307350904479,27.592491324272466,30.557753880773376,35.44644381469295,2.899151245651886,1.7770518588215842,2.652085958229465,21.993922263392903,inner_validation_within_outer_train
rolling_origin_2022-07-19,rolling_origin_2022-07-19__inner_1_2021-11-02,C04_probabilistic_gru_student_t,42118,70c1908d227951b86f26ede94b4eec73b621b327a6f0e2a87d98875e63514fba,P-V05-W002::C012::C014,33.91489807867082,student_t,33.91489807867082,3.4746127055576768,3.5910444259643555,23.818712014929464,28.46805802478756,31.312953700467794,33.91489807867082,36.51684245687384,39.36173813255407,44.011084142412166,6.225997815278127,4.1638227873054205,3.699455043754887,27.68890026339269,inner_validation_within_outer_train
rolling_origin_2022-07-19,rolling_origin_2022-07-19__inner_1_2021-11-02,C04_probabilistic_gru_student_t,42118,70c1908d227951b86f26ede94b4eec73b621b327a6f0e2a87d98875e63514fba,P-V05-W003::C012::C014,28.88759944771349,student_t,28.88759944771349,3.4399990571066565,3.5350818634033203,18.820257001619392,23.47628590183888,26.3071977435138,28.88759944771349,31.46800115191318,34.298912993588104,38.95494189380759,5.876484646036495,3.879869283384264,3.58899416431178,34.764084093749986,inner_validation_within_outer_train
rolling_origin_2022-07-19,rolling_origin_2022-07-19__inner_1_2021-11-02,C04_probabilistic_gru_student_t,42118,70c1908d227951b86f26ede94b4eec73b621b327a6f0e2a87d98875e63514fba,P-V05-W004::C012::C014,31.7683533334584,student_t,31.7683533334584,3.434294760060844,3.561917781829834,21.75242616173214,26.37506895197729,29.194344631012484,31.7683533334584,34.34236203590431,37.1616377149395,41.78428050518465,3.3803694477913417,2.046203168638062,2.7708645708267907,35.14872278124974,inner_validation_within_outer_train
rolling_origin_2022-07-19,rolling_origin_2022-07-19__inner_1_2021-11-02,C04_probabilistic_gru_student_t,42118,70c1908d227951b86f26ede94b4eec73b621b327a6f0e2a87d98875e63514fba,P-V05-W006::C012::C014,23.193637238671084,student_t,23.193637238671084,3.360466354174694,3.5113468170166016,13.328414356651702,17.899461223118706,20.67103640778139,23.193637238671084,25.716238069560777,28.48781325422346,33.05886012069046,0.4015779845432874,0.9168018172190174,2.210485813209952,23.59521522321437,inner_validation_within_outer_train
rolling_origin_2022-07-19,rolling_origin_2022-07-19__inner_1_2021-11-02,C04_probabilistic_gru_student_t,42118,70c1908d227951b86f26ede94b4eec73b621b327a6f0e2a87d98875e63514fba,P-V05-W007::C012::C014,32.48925133744379,student_t,32.48925133744379,3.3668432210834545,3.548309803009033,22.65286918769762,27.19741222934296,29.96475089579006,32.48925133744379,35.01375177909752,37.78109044554462,42.325633487189954,0.7925547696990876,0.9682985214646748,2.2377514593391457,33.28180610714288,inner_validation_within_outer_train
rolling_origin_2022-07-19,rolling_origin_2022-07-19__inner_1_2021-11-02,C04_probabilistic_gru_student_t,42118,70c1908d227951b86f26ede94b4eec73b621b327a6f0e2a87d98875e63514fba,P-H04-W001::C013::C014,27.507273877817752,student_t,27.507273877817752,4.871591117651897,3.444551944732666,13.07640660996906,19.798883146127118,23.84252295142168,27.507273877817752,31.172024804213827,35.215664609508394,41.93814114566644,2.489906376646566,1.7666023765303969,2.7364522359838053,29.99718025446432,inner_validation_within_outer_train
rolling_origin_2022-07-19,rolling_origin_2022-07-19__inner_1_2021-11-02,C04_probabilistic_gru_student_t,42118,70c1908d227951b86f26ede94b4eec73b621b327a6f0e2a87d98875e63514fba,P-H04-W002::C013::C014,30.38088716894564,student_t,30.38088716894564,4.532328414863983,3.4834184646606445,17.02585987413891,23.22765034515125,26.97560918777784,30.38088716894564,33.78616515011343,37.53412399274002,43.735914463752366,2.697792868777615,1.7894549363047292,2.71817952289006,33.07868003772325,inner_validation_within_outer_train
rolling_origin_2022-07-19,rolling_origin_2022-07-19__inner_1_2021-11-02,C04_probabilistic_gru_student_t,42118,70c1908d227951b86f26ede94b4eec73b621b327a6f0e2a87d98875e63514fba,P-H04-W003::C013::C014,29.82814921169202,student_t,29.82814921169202,4.3893743255788085,3.4752297401428223,16.880068017636994,22.896831090981067,26.52941690891209,29.82814921169202,33.12688151447195,36.75946733240297,42.77623040574704,6.477410218888348,4.128319865051665,3.557779686130873,36.30555943058037,inner_validation_within_outer_train
rolling_origin_2022-07-19,rolling_origin_2022-07-19__inner_1_2021-11-02,C04_probabilistic_gru_student_t,42118,70c1908d227951b86f26ede94b4eec73b621b327a6f0e2a87d98875e63514fba,P-H04-W004::C013::C014,19.21502620511494,student_t,19.21502620511494,4.879968345502644,3.403547763824463,4.676263234373129,11.471969071625615,15.53901683086361,19.21502620511494,22.891035579366267,26.95808333860426,33.75378917585674,5.758375429036825,3.530639156139061,3.3316702504569067,24.973401634151763,inner_validation_within_outer_train
rolling_origin_2022-07-19,rolling_origin_2022-07-19__inner_1_2021-11-02,C04_probabilistic_gru_student_t,42118,70c1908d227951b86f26ede94b4eec73b621b327a6f0e2a87d98875e63514fba,P-H04-W005::C013::C014,29.44829594181381,student_t,29.44829594181381,4.8920389763501975,3.4577908515930176,14.98317238291659,21.714350421414565,25.769739888899903,29.44829594181381,33.12685199472772,37.18224146221307,43.91341950071103,5.422572902828978,3.302858975414208,3.2556082039538303,34.87086884464279,inner_validation_within_outer_train
rolling_origin_2022-07-19,rolling_origin_2022-07-19__inner_1_2021-11-02,C04_probabilistic_gru_student_t,42118,70c1908d227951b86f26ede94b4eec73b621b327a6f0e2a87d98875e63514fba,P-H04-W006::C013::C014,25.71417876880932,student_t,25.71417876880932,4.875292885174865,3.4282844066619877,11.239741921282636,17.991517709515556,22.04469386585577,25.71417876880932,29.383663671762868,33.43683982810308,40.188615616336,4.51418158141384,2.736809918624507,3.0693077511076208,30.22836035022316,inner_validation_within_outer_train
rolling_origin_2022-07-19,rolling_origin_2022-07-19__inner_1_2021-11-02,C04_probabilistic_gru_student_t,42118,70c1908d227951b86f26ede94b4eec73b621b327a6f0e2a87d98875e63514fba,P-H04-W007::C013::C014,32.94576316612521,student_t,32.94576316612521,4.888353937879555,3.481394529342652,18.537743221853557,25.22960533871301,29.272755932249638,32.94576316612521,36.61877040000079,40.66192099353741,47.35378311039686,5.120598682312256,3.106697562749653,3.190594340428848,38.06636184843747,inner_validation_within_outer_train
rolling_origin_2022-07-19,rolling_origin_2022-07-19__inner_1_2021-11-02,C04_probabilistic_gru_student_t,42118,70c1908d227951b86f26ede94b4eec73b621b327a6f0e2a87d98875e63514fba,P-V06-W001::C013::C014,2.9283222417817143,student_t,2.9283222417817143,5.178082226528213,3.2940115928649902,-12.74901032028856,-5.351786343468216,-0.98699456397972,2.9283222417817143,6.843639047543149,11.208430827031648,18.605654803851984,2.111311578196223,1.7120695243208273,2.743922313839536,0.8170106635854913,inner_validation_within_outer_train
rolling_origin_2022-07-19,rolling_origin_2022-07-19__inner_1_2021-11-02,C04_probabilistic_gru_student_t,42118,70c1908d227951b86f26ede94b4eec73b621b327a6f0e2a87d98875e63514fba,P-V06-W002::C013::C014,18.54022951942416,student_t,18.54022951942416,4.79242056772306,3.382575511932373,4.2195151876257935,10.925093795458594,14.927629858241731,18.54022951942416,22.152829180606588,26.155365243389724,32.86094385122252,1.7567462444151722,1.5247199716516169,2.644261342908345,20.29697576383933,inner_validation_within_outer_train
rolling_origin_2022-07-19,rolling_origin_2022-07-19__inner_1_2021-11-02,C04_probabilistic_gru_student_t,42118,70c1908d227951b86f26ede94b4eec73b621b327a6f0e2a87d98875e63514fba,P-V06-W004::C013::C014,20.45265512725296,student_t,20.45265512725296,4.610379357476056,3.420867919921875,6.750539980309526,13.145970635517036,16.981715939979793,20.45265512725296,23.923594314526127,27.75933961898889,34.15477027419639,1.79378674573816,1.492864903488375,2.6150893029652567,22.24644187299112,inner_validation_within_outer_train
rolling_origin_2022-07-19,rolling_origin_2022-07-19__inner_1_2021-11-02,C04_probabilistic_gru_student_t,42118,70c1908d227951b86f26ede94b4eec73b621b327a6f0e2a87d98875e63514fba,P-V06-W005::C013::C014,41.00738396856672,student_t,41.00738396856672,4.117858398562107,3.615981101989746,29.079228420440067,34.56191284641257,37.92602758738512,41.00738396856672,44.08874034974832,47.45285509072088,52.93553951669337,0.8382581115671925,1.160187643197707,2.428894502546552,41.84564208013391,inner_validation_within_outer_train
rolling_origin_2022-07-19,rolling_origin_2022-07-19__inner_1_2021-11-02,C04_probabilistic_gru_student_t,42118,70c1908d227951b86f26ede94b4eec73b621b327a6f0e2a87d98875e63514fba,P-V06-W006::C013::C014,17.42682682228991,student_t,17.42682682228991,4.636037076784763,3.400750637054444,3.609322825876754,10.0694070324327,13.934241667950594,17.42682682228991,20.919411976629227,24.78424661214712,31.244330818703062,3.1467684201208783,2.002135929954256,2.804902924599735,20.57359524241079,inner_validation_within_outer_train
rolling_origin_2022-07-19,rolling_origin_2022-07-19__inner_1_2021-11-02,C04_probabilistic_gru_student_t,42118,70c1908d227951b86f26ede94b4eec73b621b327a6f0e2a87d98875e63514fba,P-V06-W007::C013::C014,17.98339619722202,student_t,17.98339619722202,4.627823112092825,3.4021477699279785,4.193107009168045,10.639714883557826,14.49716153093739,17.98339619722202,21.46963086350665,25.327077510886216,31.773685385276,1.6354486458827324,1.4555020784652823,2.6028899504205096,16.34794755133929,inner_validation_within_outer_train
rolling_origin_2022-07-19,rolling_origin_2022-07-19__inner_1_2021-11-02,C04_probabilistic_gru_student_t,42119,70c1908d227951b86f26ede94b4eec73b621b327a6f0e2a87d98875e63514fba,P-D01-W001::C012::C014,48.16902435300732,student_t,48.16902435300732,3.352069299298968,4.008491516113281,38.8699581757972,43.03171434173679,45.68666050273798,48.16902435300732,50.65138820327665,53.306334364277845,57.46809053021743,57.99102207199269,54.70469076306436,13.02442200501532,106.160046425,inner_validation_within_outer_train
rolling_origin_2022-07-19,rolling_origin_2022-07-19__inner_1_2021-11-02,C04_probabilistic_gru_student_t,42119,70c1908d227951b86f26ede94b4eec73b621b327a6f0e2a87d98875e63514fba,P-D01-W002::C012::C014,48.570921866891865,student_t,48.570921866891865,3.9965259898134224,3.7446517944335938,37.16991463274169,42.36172568931689,45.59126898598246,48.570921866891865,51.55057474780127,54.78011804446684,59.97192910104204,1.842418747249006,1.3696839496979734,2.5013474338580366,46.72850311964286,inner_validation_within_outer_train
rolling_origin_2022-07-19,rolling_origin_2022-07-19__inner_1_2021-11-02,C04_probabilistic_gru_student_t,42119,70c1908d227951b86f26ede94b4eec73b621b327a6f0e2a87d98875e63514fba,P-D01-W003::C012::C014,4.235768314814894,student_t,4.235768314814894,3.4702566462104127,3.695171356201172,-5.720914868590466,-1.170878276193427,1.6449213640664806,4.235768314814894,6.8266152655633086,9.642414905823216,14.192451498220253,1.2587733124172562,1.0894898413291043,2.3121948758318203,5.494541627232151,inner_validation_within_outer_train
rolling_origin_2022-07-19,rolling_origin_2022-07-19__inner_1_2021-11-02,C04_probabilistic_gru_student_t,42119,70c1908d227951b86f26ede94b4eec73b621b327a6f0e2a87d98875e63514fba,P-D01-W004::C012::C014,4.208042698760366,student_t,4.208042698760366,3.4880916747732447,3.6932625770568848,-5.802062423746149,-1.2269854530790305,1.6037402657059774,4.208042698760366,6.812345131814754,9.643070850599765,14.21814782126688,2.291964896528245,1.4644376278266675,2.4946631309224,1.9160778022321208,inner_validation_within_outer_train
rolling_origin_2022-07-19,rolling_origin_2022-07-19__inner_1_2021-11-02,C04_probabilistic_gru_student_t,42119,70c1908d227951b86f26ede94b4eec73b621b327a6f0e2a87d98875e63514fba,P-D01-W005::C012::C014,36.68468761819387,student_t,36.68468761819387,3.3253399912496167,3.897874116897583,27.355876759669613,31.560321223577056,34.21542114725184,36.68468761819387,39.1539540891359,41.80905401281069,46.01349847671812,0.5283644617168974,0.90785947924808,2.199801986847324,37.21305207991077,inner_validation_within_outer_train
rolling_origin_2022-07-19,rolling_origin_2022-07-19__inner_1_2021-11-02,C04_probabilistic_gru_student_t,42119,70c1908d227951b86f26ede94b4eec73b621b327a6f0e2a87d98875e63514fba,P-D01-W006::C012::C014,24.407845487553068,student_t,24.407845487553068,3.288516868702537,3.8443174362182617,15.12977120017613,19.326133654177923,21.962569482201967,24.407845487553068,26.85312149290417,29.489557320928213,33.68591977493,3.497864349500542,2.122139493426051,2.798562826127661,27.90570983705361,inner_validation_within_outer_train
rolling_origin_2022-07-19,rolling_origin_2022-07-19__inner_1_2021-11-02,C04_probabilistic_gru_student_t,42119,70c1908d227951b86f26ede94b4eec73b621b327a6f0e2a87d98875e63514fba,P-D01-W007::C012::C014,30.76872252026271,student_t,30.76872252026271,3.348159657810989,3.88288140296936,21.361108589411128,25.60522176661507,28.28156555864402,30.76872252026271,33.2558794818814,35.93222327391035,40.17633645111429,7.628056356423446,5.465501209054686,4.263306550069425,23.140666163839263,inner_validation_within_outer_train
rolling_origin_2022-07-19,rolling_origin_2022-07-19__inner_1_2021-11-02,C04_probabilistic_gru_student_t,42119,70c1908d227951b86f26ede94b4eec73b621b327a6f0e2a87d98875e63514fba,P-H01-W001::C012::C014,25.145480830941047,student_t,25.145480830941047,3.5266914846367707,3.810472011566162,15.158719188610077,19.68591320976049,22.5207747652754,25.145480830941047,27.77018689660669,30.605048452121608,35.132242473272015,1.730458216655311,1.242321893736393,2.3915716994785745,23.415022614285736,inner_validation_within_outer_train
rolling_origin_2022-07-19,rolling_origin_2022-07-19__inner_1_2021-11-02,C04_probabilistic_gru_student_t,42119,70c1908d227951b86f26ede94b4eec73b621b327a6f0e2a87d98875e63514fba,P-H01-W002::C012::C014,26.078084604862116,student_t,26.078084604862116,3.638147866365227,3.8263964653015137,15.793634645007607,20.45076089815979,23.371563882118053,26.078084604862116,28.78460532760617,31.70540831156444,36.36253456471661,34.32377456723613,31.302300332620167,9.970491218232675,60.40185917209824,inner_validation_within_outer_train
rolling_origin_2022-07-19,rolling_origin_2022-07-19__inner_1_2021-11-02,C04_probabilistic_gru_student_t,42119,70c1908d227951b86f26ede94b4eec73b621b327a6f0e2a87d98875e63514fba,P-H01-W003::C012::C014,23.464002268847228,student_t,23.464002268847228,3.625816076423033,3.73055362701416,13.103782340475265,17.826317612174158,20.75968716229669,23.464002268847228,26.168317375397766,29.101686925520298,33.824222197219186,69.11459576552774,65.38971459673512,13.12761655451594,92.57859803437496,inner_validation_within_outer_train
rolling_origin_2022-07-19,rolling_origin_2022-07-19__inner_1_2021-11-02,C04_probabilistic_gru_student_t,42119,70c1908d227951b86f26ede94b4eec73b621b327a6f0e2a87d98875e63514fba,P-H01-W004::C012::C014,27.894948289455503,student_t,27.894948289455503,3.870557774786916,3.723741292953491,16.826712289390656,21.874415160170397,25.007548229553585,27.894948289455503,30.78234834935742,33.91548141874061,38.96318428952034,2.6481673573126336,1.672204716890057,2.61840056495982,25.24678093214287,inner_validation_within_outer_train
rolling_origin_2022-07-19,rolling_origin_2022-07-19__inner_1_2021-11-02,C04_probabilistic_gru_student_t,42119,70c1908d227951b86f26ede94b4eec73b621b327a6f0e2a87d98875e63514fba,P-H01-W005::C012::C014,46.800513521418,student_t,46.800513521418,4.21605855530874,3.7153007984161377,34.73247335560406,40.23943713950409,43.654635217125886,46.800513521418,49.94639182571011,53.361589903331904,58.86855368723194,4.88490812990014,2.988338569957872,3.151623388628552,41.91560539151786,inner_validation_within_outer_train
rolling_origin_2022-07-19,rolling_origin_2022-07-19__inner_1_2021-11-02,C04_probabilistic_gru_student_t,42119,70c1908d227951b86f26ede94b4eec73b621b327a6f0e2a87d98875e63514fba,P-H01-W006::C012::C014,28.98985887802724,student_t,28.98985887802724,4.222682020840672,3.617926359176636,16.761000763122833,22.381084055006003,25.83024477205485,28.98985887802724,32.14947298399962,35.59863370104847,41.21871699293164,0.9419888045620546,1.2025219577590716,2.459239493613227,29.931847682589293,inner_validation_within_outer_train
rolling_origin_2022-07-19,rolling_origin_2022-07-19__inner_1_2021-11-02,C04_probabilistic_gru_student_t,42119,70c1908d227951b86f26ede94b4eec73b621b327a6f0e2a87d98875e63514fba,P-H01-W007::C012::C014,32.677544527576984,student_t,32.677544527576984,3.593635885490878,3.8219380378723145,22.513983923685533,27.1177509891458,30.003824459734357,32.677544527576984,35.351264595419615,38.23733806600817,42.84110513146843,0.0567772666194201,0.950215034310622,2.2629777533809663,32.734321794196404,inner_validation_within_outer_train
rolling_origin_2022-07-19,rolling_origin_2022-07-19__inner_1_2021-11-02,C04_probabilistic_gru_student_t,42119,70c1908d227951b86f26ede94b4eec73b621b327a6f0e2a87d98875e63514fba,P-H02-W001::C012::C014,32.67424902044279,student_t,32.67424902044279,3.863960642022533,3.718452453613281,21.61810304371904,26.66218331185335,29.79134700065513,32.67424902044279,35.557151040230444,38.68631472903223,43.73039499716653,3.191206444735762,1.945471186962605,2.734455822168391,35.86545546517855,inner_validation_within_outer_train
rolling_origin_2022-07-19,rolling_origin_2022-07-19__inner_1_2021-11-02,C04_probabilistic_gru_student_t,42119,70c1908d227951b86f26ede94b4eec73b621b327a6f0e2a87d98875e63514fba,P-H02-W003::C012::C014,24.634289320239773,student_t,24.634289320239773,3.676534225912967,3.780158519744873,14.188154823083533,18.9334146783512,21.895850974824945,24.634289320239773,27.3727276656546,30.335163962128348,35.08042381739601,21.577473970385206,18.778830051013145,7.816309249157357,46.21176329062498,inner_validation_within_outer_train
rolling_origin_2022-07-19,rolling_origin_2022-07-19__inner_1_2021-11-02,C04_probabilistic_gru_student_t,42119,70c1908d227951b86f26ede94b4eec73b621b327a6f0e2a87d98875e63514fba,P-H02-W004::C012::C014,21.37256464843144,student_t,21.37256464843144,3.5089137685680174,3.791290760040283,11.415058796246932,15.934897211816253,18.759757052916655,21.37256464843144,23.985372243946227,26.81023208504664,31.330070500615957,4.062715721211433,2.485189468057447,2.9647818233228755,25.435280369642875,inner_validation_within_outer_train
rolling_origin_2022-07-19,rolling_origin_2022-07-19__inner_1_2021-11-02,C04_probabilistic_gru_student_t,42119,70c1908d227951b86f26ede94b4eec73b621b327a6f0e2a87d98875e63514fba,P-H02-W005::C012::C014,7.207489907800252,student_t,7.207489907800252,3.579284836973514,3.727771043777466,-3.0230569276666444,1.6412854611217922,4.537674754280891,7.207489907800252,9.877305061319612,12.773694354478712,17.43803674326714,1.7539412137622463,1.2624084080709377,2.407986474145199,8.961431121562498,inner_validation_within_outer_train
rolling_origin_2022-07-19,rolling_origin_2022-07-19__inner_1_2021-11-02,C04_probabilistic_gru_student_t,42119,70c1908d227951b86f26ede94b4eec73b621b327a6f0e2a87d98875e63514fba,P-H02-W006::C012::C014,20.010215064854243,student_t,20.010215064854243,3.498527195654589,3.765130043029785,10.053049262307477,14.580891318638455,17.40330628880873,20.010215064854243,22.61712384089976,25.43953881107003,29.96738086740101,3.038633141193497,1.8432236313288863,2.672057394591316,16.971581923660747,inner_validation_within_outer_train
rolling_origin_2022-07-19,rolling_origin_2022-07-19__inner_1_2021-11-02,C04_probabilistic_gru_student_t,42119,70c1908d227951b86f26ede94b4eec73b621b327a6f0e2a87d98875e63514fba,P-H02-W007::C012::C014,31.1931880678799,student_t,31.1931880678799,3.351632794952172,3.860210418701172,21.753145212304396,26.018254145265654,28.70200496911181,31.1931880678799,33.68437116664798,36.36812199049414,40.6332309234554,8.084964031673575,5.881725681495137,4.426352777827896,39.27815209955347,inner_validation_within_outer_train
rolling_origin_2022-07-19,rolling_origin_2022-07-19__inner_1_2021-11-02,C04_probabilistic_gru_student_t,42119,70c1908d227951b86f26ede94b4eec73b621b327a6f0e2a87d98875e63514fba,P-H03-W001::C012::C014,50.459587263661874,student_t,50.459587263661874,4.001245131555608,3.8142518997192383,39.13370167688217,44.26663121563347,47.48199671332208,50.459587263661874,53.43717781400167,56.65254331169028,61.78547285044157,2.285849464554744,1.5300363444685885,2.5680154007830938,48.17373779910713,inner_validation_within_outer_train
rolling_origin_2022-07-19,rolling_origin_2022-07-19__inner_1_2021-11-02,C04_probabilistic_gru_student_t,42119,70c1908d227951b86f26ede94b4eec73b621b327a6f0e2a87d98875e63514fba,P-H03-W003::C012::C014,44.08133741990922,student_t,44.08133741990922,4.027993337238142,3.7578470706939697,32.60780759389138,37.827830495262376,41.079305944945744,44.08133741990922,47.08336889487269,50.33484434455606,55.55486724592705,3.19507240383782,1.9572441651084855,2.746282944719459,40.8862650160714,inner_validation_within_outer_train
rolling_origin_2022-07-19,rolling_origin_2022-07-19__inner_1_2021-11-02,C04_probabilistic_gru_student_t,42119,70c1908d227951b86f26ede94b4eec73b621b327a6f0e2a87d98875e63514fba,P-H03-W004::C012::C014,50.67357043074402,student_t,50.67357043074402,4.019558796893316,3.7212414741516113,39.17592359332697,44.42038938925799,47.67480900005546,50.67357043074402,53.67233186143258,56.92675147223005,62.171217268161065,11.125499885654804,8.376596055592643,5.015698100488106,39.54807054508922,inner_validation_within_outer_train
rolling_origin_2022-07-19,rolling_origin_2022-07-19__inner_1_2021-11-02,C04_probabilistic_gru_student_t,42119,70c1908d227951b86f26ede94b4eec73b621b327a6f0e2a87d98875e63514fba,P-H03-W005::C012::C014,51.00342892774675,student_t,51.00342892774675,4.115523146776339,3.77082109451294,39.297739340847606,44.61859283552391,47.93724130585148,51.00342892774675,54.069616549642014,57.38826501996959,62.70911851464588,8.801202729978925,6.187859025939976,4.293940761727586,42.20222619776782,inner_validation_within_outer_train
rolling_origin_2022-07-19,rolling_origin_2022-07-19__inner_1_2021-11-02,C04_probabilistic_gru_student_t,42119,70c1908d227951b86f26ede94b4eec73b621b327a6f0e2a87d98875e63514fba,P-H03-W006::C012::C014,54.91395147914806,student_t,54.91395147914806,4.378288230440352,3.734966278076172,42.41000817604554,48.10795169707152,51.64880254341396,54.91395147914806,58.17910041488216,61.7199512612246,67.41789478225058,4.45529751396942,2.6971517030487755,3.04111861152086,50.45865396517864,inner_validation_within_outer_train
rolling_origin_2022-07-19,rolling_origin_2022-07-19__inner_1_2021-11-02,C04_probabilistic_gru_student_t,42119,70c1908d227951b86f26ede94b4eec73b621b327a6f0e2a87d98875e63514fba,P-H03-W007::C012::C014,21.632042163516186,student_t,21.632042163516186,3.217276818967898,3.8149688243865967,12.52596539445413,16.652669733680376,19.23789948050835,21.632042163516186,24.02618484652401,26.611414593351988,30.73811893257823,1.2834839684269213,1.0389492392290482,2.250701595163267,20.34855819508926,inner_validation_within_outer_train
rolling_origin_2022-07-19,rolling_origin_2022-07-19__inner_1_2021-11-02,C04_probabilistic_gru_student_t,42119,70c1908d227951b86f26ede94b4eec73b621b327a6f0e2a87d98875e63514fba,P-H05-W001::C012::C014,34.24418438012455,student_t,34.24418438012455,3.4133552531025257,3.649258613586426,24.396926179402,28.91199296811992,31.692479153088232,34.24418438012455,36.79588960716087,39.576375792129184,44.0914425808471,3.596226535054015,2.1813586524715127,2.8317053541140345,37.840410915178566,inner_validation_within_outer_train
rolling_origin_2022-07-19,rolling_origin_2022-07-19__inner_1_2021-11-02,C04_probabilistic_gru_student_t,42119,70c1908d227951b86f26ede94b4eec73b621b327a6f0e2a87d98875e63514fba,P-H05-W002::C012::C014,37.03939061668391,student_t,37.03939061668391,3.791093846847849,3.552487134933472,25.96949893008012,31.082289292201896,34.19714469332287,37.03939061668391,39.88163654004495,42.99649194116593,48.1092823032877,3.941931146709017,2.390168093800659,2.9258983558352964,40.98132176339293,inner_validation_within_outer_train
rolling_origin_2022-07-19,rolling_origin_2022-07-19__inner_1_2021-11-02,C04_probabilistic_gru_student_t,42119,70c1908d227951b86f26ede94b4eec73b621b327a6f0e2a87d98875e63514fba,P-H05-W003::C012::C014,31.07402454978552,student_t,31.07402454978552,3.721446155056808,3.528782367706299,20.17406749794413,25.21764944670511,28.281961408411924,31.07402454978552,33.86608769115912,36.93039965286593,41.97398160162691,4.098614072107079,2.49460765030064,2.972047847228456,26.97541047767844,inner_validation_within_outer_train
rolling_origin_2022-07-19,rolling_origin_2022-07-19__inner_1_2021-11-02,C04_probabilistic_gru_student_t,42119,70c1908d227951b86f26ede94b4eec73b621b327a6f0e2a87d98875e63514fba,P-H05-W004::C012::C014,23.602302583613195,student_t,23.602302583613195,3.4975426599454926,3.5446252822875977,13.37921382718355,18.103768535369863,20.979506127316007,23.602302583613195,26.225099039910383,29.100836631856527,33.825391340042835,0.1013305568277154,0.9352782032046192,2.241204719193303,23.50097202678548,inner_validation_within_outer_train
rolling_origin_2022-07-19,rolling_origin_2022-07-19__inner_1_2021-11-02,C04_probabilistic_gru_student_t,42119,70c1908d227951b86f26ede94b4eec73b621b327a6f0e2a87d98875e63514fba,P-H05-W005::C012::C014,14.7361917232379,student_t,14.7361917232379,3.767893129650168,3.511383533477783,3.6749515883175863,8.800157704632685,11.907751134993234,14.7361917232379,17.56463231148257,20.67222574184312,25.79743185815821,1.413569656226123,1.2022910336571642,2.404415872761568,16.149761379464024,inner_validation_within_outer_train
rolling_origin_2022-07-19,rolling_origin_2022-07-19__inner_1_2021-11-02,C04_probabilistic_gru_student_t,42119,70c1908d227951b86f26ede94b4eec73b621b327a6f0e2a87d98875e63514fba,P-H05-W006::C012::C014,18.33026132490019,student_t,18.33026132490019,3.4083758816574954,3.5819807052612305,8.415232026265477,12.98429526662328,15.77722542281007,18.33026132490019,20.883297226990308,23.6762273831771,28.2452906235349,1.5283094295641746,1.1588067405284896,2.339248407384454,19.858570754464363,inner_validation_within_outer_train
rolling_origin_2022-07-19,rolling_origin_2022-07-19__inner_1_2021-11-02,C04_probabilistic_gru_student_t,42119,70c1908d227951b86f26ede94b4eec73b621b327a6f0e2a87d98875e63514fba,P-H05-W007::C012::C014,25.40873663347328,student_t,25.40873663347328,3.4228263750970176,3.693802118301392,15.58655405120525,20.075567709641454,22.85320188951966,25.40873663347328,27.964271377426904,30.74190555730511,35.23091921574131,0.0232066991160273,0.9089957555941964,2.21634938858384,25.43194333258931,inner_validation_within_outer_train
rolling_origin_2022-07-19,rolling_origin_2022-07-19__inner_1_2021-11-02,C04_probabilistic_gru_student_t,42119,70c1908d227951b86f26ede94b4eec73b621b327a6f0e2a87d98875e63514fba,P-H06-W001::C012::C014,4.108964576563896,student_t,4.108964576563896,3.472898287491553,3.713988304138184,-5.833372869138099,-1.295999515926539,1.517512196655762,4.108964576563896,6.700416956472029,9.51392866905433,14.051302022265888,0.6364262551324673,0.9648866194248754,2.2517035518162665,4.745390831696363,inner_validation_within_outer_train
rolling_origin_2022-07-19,rolling_origin_2022-07-19__inner_1_2021-11-02,C04_probabilistic_gru_student_t,42119,70c1908d227951b86f26ede94b4eec73b621b327a6f0e2a87d98875e63514fba,P-H06-W002::C012::C014,1.9002587777227864,student_t,1.9002587777227864,3.808797831167462,3.650409698486328,-9.086288926335053,-4.049272462935006,-0.9469708456802128,1.9002587777227864,4.747488401125786,7.84979001838058,12.88680648178062,2.7647490079915062,1.7231987737276226,2.637453067094132,4.665007785714293,inner_validation_within_outer_train
rolling_origin_2022-07-19,rolling_origin_2022-07-19__inner_1_2021-11-02,C04_probabilistic_gru_student_t,42119,70c1908d227951b86f26ede94b4eec73b621b327a6f0e2a87d98875e63514fba,P-H06-W003::C012::C014,4.076961279870222,student_t,4.076961279870222,3.585065963741119,3.684102058410645,-6.222585997227185,-1.5121125764172367,1.3995620232117445,4.076961279870222,6.754360536528699,9.666035136157682,14.376508556967623,1.1902137442369032,1.0979974114555178,2.331843246129368,5.267175024107125,inner_validation_within_outer_train
rolling_origin_2022-07-19,rolling_origin_2022-07-19__inner_1_2021-11-02,C04_probabilistic_gru_student_t,42119,70c1908d227951b86f26ede94b4eec73b621b327a6f0e2a87d98875e63514fba,P-H06-W004::C012::C014,4.8247201782933935,student_t,4.8247201782933935,3.603814584439296,3.6878502368927,-5.524096669374009,-0.7923697247973038,2.1336046530789234,4.8247201782933935,7.515835703507864,10.44181008138409,15.17353702596079,4.141173065793412,2.5306528411352835,2.9853170633375075,0.6835471124999815,inner_validation_within_outer_train
rolling_origin_2022-07-19,rolling_origin_2022-07-19__inner_1_2021-11-02,C04_probabilistic_gru_student_t,42119,70c1908d227951b86f26ede94b4eec73b621b327a6f0e2a87d98875e63514fba,P-H06-W005::C012::C014,4.686458897982856,student_t,4.686458897982856,3.672520802341116,3.696049690246582,-5.849461001051175,-1.0350266307574092,1.9446720644942523,4.686458897982856,7.42824573147146,10.407944426723123,15.222378797016884,3.33145227387572,2.016808217557649,2.758671960863345,1.355006624107136,inner_validation_within_outer_train
rolling_origin_2022-07-19,rolling_origin_2022-07-19__inner_1_2021-11-02,C04_probabilistic_gru_student_t,42119,70c1908d227951b86f26ede94b4eec73b621b327a6f0e2a87d98875e63514fba,P-H06-W006::C012::C014,5.305131471904364,student_t,5.305131471904364,3.509897684682584,3.711182594299317,-4.746414065180998,-0.1582850636777966,2.68586538668011,5.305131471904364,7.924397557128618,10.768548007486526,15.35667700898972,4.727943202707946,2.9613722208076587,3.1787889581276696,0.5771882691964176,inner_validation_within_outer_train
rolling_origin_2022-07-19,rolling_origin_2022-07-19__inner_1_2021-11-02,C04_probabilistic_gru_student_t,42119,70c1908d227951b86f26ede94b4eec73b621b327a6f0e2a87d98875e63514fba,P-H06-W007::C012::C014,6.7782050764748725,student_t,6.7782050764748725,3.393293091999513,3.828486204147339,-2.8118995607422086,1.530194317990345,4.253977023936034,6.7782050764748725,9.30243312901371,12.026215834959402,16.36830971369195,7.6661341096445135,5.476530130103034,4.250754155616623,-0.8879290331696407,inner_validation_within_outer_train
rolling_origin_2022-07-19,rolling_origin_2022-07-19__inner_1_2021-11-02,C04_probabilistic_gru_student_t,42119,70c1908d227951b86f26ede94b4eec73b621b327a6f0e2a87d98875e63514fba,P-H07-W001::C012::C014,31.48248837160656,student_t,31.48248837160656,3.052802972446514,3.981656789779663,22.9911264944028,26.797740494056825,29.22028723976793,31.48248837160656,33.74468950344518,36.16723624915629,39.97385024881031,3.232937619820831,1.9602249583295768,2.715293743831632,28.249550751785726,inner_validation_within_outer_train
rolling_origin_2022-07-19,rolling_origin_2022-07-19__inner_1_2021-11-02,C04_probabilistic_gru_student_t,42119,70c1908d227951b86f26ede94b4eec73b621b327a6f0e2a87d98875e63514fba,P-H07-W002::C012::C014,42.92827075930517,student_t,42.92827075930517,3.5004522758611105,3.854542016983032,33.063092764360064,37.52195840892839,40.32609333907023,42.92827075930517,45.530448179540095,48.33458310968194,52.79344875425026,8.581789600376524,6.270593021763278,4.51701684696057,34.34648115892864,inner_validation_within_outer_train
rolling_origin_2022-07-19,rolling_origin_2022-07-19__inner_1_2021-11-02,C04_probabilistic_gru_student_t,42119,70c1908d227951b86f26ede94b4eec73b621b327a6f0e2a87d98875e63514fba,P-H07-W003::C012::C014,5.404583829197307,student_t,5.404583829197307,3.310876486324952,3.80263352394104,-3.97913894676368,0.2769532925391909,2.9399838616596394,5.404583829197307,7.8691837967349745,10.532214365855424,14.78830660515829,7.202004298840279,5.088825774319419,4.122434333741508,-1.7974204696429723,inner_validation_within_outer_train
rolling_origin_2022-07-19,rolling_origin_2022-07-19__inner_1_2021-11-02,C04_probabilistic_gru_student_t,42119,70c1908d227951b86f26ede94b4eec73b621b327a6f0e2a87d98875e63514fba,P-H07-W004::C012::C014,29.994417094176704,student_t,29.994417094176704,3.0617130515935638,3.950805187225342,21.451830923472816,25.28885744391704,27.7239060626596,29.994417094176704,32.264928125693814,34.69997674443637,38.53700326488059,2.5660248709624547,1.5589294559077909,2.505634189650568,27.42839222321425,inner_validation_within_outer_train
rolling_origin_2022-07-19,rolling_origin_2022-07-19__inner_1_2021-11-02,C04_probabilistic_gru_student_t,42119,70c1908d227951b86f26ede94b4eec73b621b327a6f0e2a87d98875e63514fba,P-H07-W005::C012::C014,5.434470590974506,student_t,5.434470590974506,3.394617785105899,3.8122541904449454,-4.176407829983196,0.1798643684497429,2.9081781620523595,5.434470590974506,7.960763019896652,10.68907681349927,15.045349011932206,10.721680642894146,8.349973742332459,5.299266461646891,-5.287210051919641,inner_validation_within_outer_train
rolling_origin_2022-07-19,rolling_origin_2022-07-19__inner_1_2021-11-02,C04_probabilistic_gru_student_t,42119,70c1908d227951b86f26ede94b4eec73b621b327a6f0e2a87d98875e63514fba,P-H07-W006::C012::C014,21.845029022593152,student_t,21.845029022593152,4.287991621525836,3.657963275909424,9.487511400027412,15.149941714648184,18.640280373938367,21.845029022593152,25.049777671247934,28.54011633053813,34.20254664515889,7.800025985986011,5.2414482792816415,3.942781367556449,14.045003036607142,inner_validation_within_outer_train
rolling_origin_2022-07-19,rolling_origin_2022-07-19__inner_1_2021-11-02,C04_probabilistic_gru_student_t,42119,70c1908d227951b86f26ede94b4eec73b621b327a6f0e2a87d98875e63514fba,P-H07-W007::C012::C014,13.686167350636987,student_t,13.686167350636987,3.1939320460418563,3.8972480297088623,4.725418348872777,8.764143859536874,11.314441726135344,13.686167350636987,16.057892975138635,18.608190841737105,22.6469163524012,6.611677169163775,4.614478199126055,3.959880073267584,7.074490181473214,inner_validation_within_outer_train
rolling_origin_2022-07-19,rolling_origin_2022-07-19__inner_1_2021-11-02,C04_probabilistic_gru_student_t,42119,70c1908d227951b86f26ede94b4eec73b621b327a6f0e2a87d98875e63514fba,P-V01-W001::C012::C014,27.39360244564246,student_t,27.39360244564246,3.222356874524148,3.9048469066619873,18.360266248992424,22.42969845949359,25.001227848690704,27.39360244564246,29.78597704259422,32.357506431791336,36.4269386422925,2.5200127396253613,1.544350291094076,2.509259308583935,29.913615185267822,inner_validation_within_outer_train
rolling_origin_2022-07-19,rolling_origin_2022-07-19__inner_1_2021-11-02,C04_probabilistic_gru_student_t,42119,70c1908d227951b86f26ede94b4eec73b621b327a6f0e2a87d98875e63514fba,P-V01-W002::C012::C014,28.361560593275858,student_t,28.361560593275858,3.3214396436795965,3.8742618560791016,19.02052361427969,23.23698729834632,25.89370964673161,28.361560593275858,30.829411539820104,33.486133888205394,37.702597572272026,8.3295994585099,6.125111441857413,4.533673889278235,36.69116005178576,inner_validation_within_outer_train
rolling_origin_2022-07-19,rolling_origin_2022-07-19__inner_1_2021-11-02,C04_probabilistic_gru_student_t,42119,70c1908d227951b86f26ede94b4eec73b621b327a6f0e2a87d98875e63514fba,P-V01-W003::C012::C014,25.442641465781318,student_t,25.442641465781318,3.37160449525372,3.837125778198242,15.92275843384836,20.230559228291582,22.93511371986997,25.442641465781318,27.950169211692657,30.65472370327105,34.96252449771426,2.218826356852737,1.4138088758942218,2.4574338017130666,23.223815108928576,inner_validation_within_outer_train
rolling_origin_2022-07-19,rolling_origin_2022-07-19__inner_1_2021-11-02,C04_probabilistic_gru_student_t,42119,70c1908d227951b86f26ede94b4eec73b621b327a6f0e2a87d98875e63514fba,P-V01-W004::C012::C014,28.61655255375644,student_t,28.61655255375644,3.4650957335679213,3.8324670791625977,18.827753163201173,23.25862419093844,26.03918000131482,28.61655255375644,31.193925106198066,33.97448091657444,38.4053519443117,5.941508829202874,3.93741414689623,3.601958465366892,22.675043724553568,inner_validation_within_outer_train
rolling_origin_2022-07-19,rolling_origin_2022-07-19__inner_1_2021-11-02,C04_probabilistic_gru_student_t,42119,70c1908d227951b86f26ede94b4eec73b621b327a6f0e2a87d98875e63514fba,P-V01-W005::C012::C014,38.71564692627671,student_t,38.71564692627671,3.5962360139384697,3.691817283630371,28.393430734652757,33.11164715054561,36.03049157173872,38.71564692627671,41.4008022808147,44.319646702007816,49.03786311790066,4.521616116901654,2.797670129249464,3.101900028331151,34.19403080937506,inner_validation_within_outer_train
rolling_origin_2022-07-19,rolling_origin_2022-07-19__inner_1_2021-11-02,C04_probabilistic_gru_student_t,42119,70c1908d227951b86f26ede94b4eec73b621b327a6f0e2a87d98875e63514fba,P-V01-W006::C012::C014,36.44809513689348,student_t,36.44809513689348,3.283489478681387,3.878787279129028,27.21820528066897,31.38325906258978,34.00872342740506,36.44809513689348,38.8874668463819,41.51293121119718,45.67798499311799,1.894724327838567,1.261857518455064,2.372541823547879,38.342819464732045,inner_validation_within_outer_train
rolling_origin_2022-07-19,rolling_origin_2022-07-19__inner_1_2021-11-02,C04_probabilistic_gru_student_t,42119,70c1908d227951b86f26ede94b4eec73b621b327a6f0e2a87d98875e63514fba,P-V01-W007::C012::C014,40.32004049363164,student_t,40.32004049363164,3.788884372751789,3.756727695465088,29.526229938099053,34.43738908631553,37.49612897297556,40.32004049363164,43.14395201428771,46.20269190094776,51.11385104916422,2.586696644761254,1.6334830329340388,2.5949867323719333,42.90673713839289,inner_validation_within_outer_train
rolling_origin_2022-07-19,rolling_origin_2022-07-19__inner_1_2021-11-02,C04_probabilistic_gru_student_t,42119,70c1908d227951b86f26ede94b4eec73b621b327a6f0e2a87d98875e63514fba,P-V02-W001::C012::C014,35.41133473420602,student_t,35.41133473420602,4.441999277236612,3.6495423316955566,22.59696059780221,28.472357343092025,32.090678365029554,35.41133473420602,38.73199110338249,42.35031212532002,48.22570887060983,3.905332108204583,2.3694465151802464,2.924351455285656,39.316666842410605,inner_validation_within_outer_train
rolling_origin_2022-07-19,rolling_origin_2022-07-19__inner_1_2021-11-02,C04_probabilistic_gru_student_t,42119,70c1908d227951b86f26ede94b4eec73b621b327a6f0e2a87d98875e63514fba,P-V02-W003::C012::C014,10.373613002323218,student_t,10.373613002323218,4.238602812101268,3.5861144065856934,-1.9501368081591688,3.727134715106362,7.199090976474075,10.373613002323218,13.54813502817236,17.020091289540076,22.6973628128056,3.119822269823226,1.9405638970252863,2.7546748794591105,7.253790732499992,inner_validation_within_outer_train
rolling_origin_2022-07-19,rolling_origin_2022-07-19__inner_1_2021-11-02,C04_probabilistic_gru_student_t,42119,70c1908d227951b86f26ede94b4eec73b621b327a6f0e2a87d98875e63514fba,P-V02-W004::C012::C014,17.339033994873482,student_t,17.339033994873482,4.153060971614446,3.63568925857544,5.337999108199774,10.846103135041265,14.23312843824337,17.339033994873482,20.444939551503595,23.831964854705703,29.340068881547182,0.1696411719717083,1.1079809262286382,2.4118088957019004,17.169392822901774,inner_validation_within_outer_train
rolling_origin_2022-07-19,rolling_origin_2022-07-19__inner_1_2021-11-02,C04_probabilistic_gru_student_t,42119,70c1908d227951b86f26ede94b4eec73b621b327a6f0e2a87d98875e63514fba,P-V02-W005::C012::C014,46.14906687520677,student_t,46.14906687520677,4.572857332298479,3.691672086715698,33.02344597689816,39.02314272407563,42.73469623416473,46.14906687520677,49.56343751624881,53.27499102633791,59.27468777351538,2.074865943063898,1.558288004393315,2.633333524635207,44.07420093214287,inner_validation_within_outer_train
rolling_origin_2022-07-19,rolling_origin_2022-07-19__inner_1_2021-11-02,C04_probabilistic_gru_student_t,42119,70c1908d227951b86f26ede94b4eec73b621b327a6f0e2a87d98875e63514fba,P-V02-W006::C012::C014,26.133252062676164,student_t,26.133252062676164,3.9302959814530776,3.6792712211608887,14.835415657977078,20.00425938554744,23.197625681376312,26.133252062676164,29.06887844397601,32.262244739804885,37.43108846737525,1.428839986783263,1.235356087809803,2.4373959053743754,24.7044120758929,inner_validation_within_outer_train
rolling_origin_2022-07-19,rolling_origin_2022-07-19__inner_1_2021-11-02,C04_probabilistic_gru_student_t,42119,70c1908d227951b86f26ede94b4eec73b621b327a6f0e2a87d98875e63514fba,P-V02-W007::C012::C014,22.164627034169424,student_t,22.164627034169424,4.01210321590681,3.681490421295166,10.634671668201136,15.9088646133219,19.16808584460731,22.164627034169424,25.161168223731536,28.42038945501695,33.694582400137705,0.6121283974730147,1.100711821310231,2.3901418566731865,21.55249863669641,inner_validation_within_outer_train
rolling_origin_2022-07-19,rolling_origin_2022-07-19__inner_1_2021-11-02,C04_probabilistic_gru_student_t,42119,70c1908d227951b86f26ede94b4eec73b621b327a6f0e2a87d98875e63514fba,P-V03-W001::C012::C014,28.75200180428993,student_t,28.75200180428993,3.288014997132765,3.822272777557373,19.4531413173134,23.66513182115104,26.305689882846615,28.75200180428993,31.19831372573324,33.83887178742882,38.05086229126646,3.247109350272037,1.9629173131037965,2.721887471762698,25.50489245401789,inner_validation_within_outer_train
rolling_origin_2022-07-19,rolling_origin_2022-07-19__inner_1_2021-11-02,C04_probabilistic_gru_student_t,42119,70c1908d227951b86f26ede94b4eec73b621b327a6f0e2a87d98875e63514fba,P-V03-W002::C012::C014,32.24370246230519,student_t,32.24370246230519,3.3504078565652096,3.828035831451416,22.77433601474398,27.061893390425308,29.751346780571303,32.24370246230519,34.73605814403907,37.42551153418506,41.7130689098664,5.335689932337701,3.470371515464045,3.419789505744446,37.57939239464289,inner_validation_within_outer_train
rolling_origin_2022-07-19,rolling_origin_2022-07-19__inner_1_2021-11-02,C04_probabilistic_gru_student_t,42119,70c1908d227951b86f26ede94b4eec73b621b327a6f0e2a87d98875e63514fba,P-V03-W003::C012::C014,33.34982538840099,student_t,33.34982538840099,3.338969831733382,3.671511173248291,23.742906879575013,28.140617796173984,30.8553226112363,33.34982538840099,35.84432816556567,38.55903298062799,42.95674389722696,7.762660258920071,5.577084286008643,4.30597585181204,41.11248564732106,inner_validation_within_outer_train
rolling_origin_2022-07-19,rolling_origin_2022-07-19__inner_1_2021-11-02,C04_probabilistic_gru_student_t,42119,70c1908d227951b86f26ede94b4eec73b621b327a6f0e2a87d98875e63514fba,P-V03-W004::C012::C014,24.32297900510458,student_t,24.32297900510458,3.311994544655389,3.601484060287476,14.711876205601142,19.13435207069246,21.843581008276747,24.32297900510458,26.802377001932417,29.511605939516706,33.93408180460802,1.425141259568651,1.1068091472178505,2.3004245019008693,22.89783774553593,inner_validation_within_outer_train
rolling_origin_2022-07-19,rolling_origin_2022-07-19__inner_1_2021-11-02,C04_probabilistic_gru_student_t,42119,70c1908d227951b86f26ede94b4eec73b621b327a6f0e2a87d98875e63514fba,P-V03-W005::C012::C014,30.887356827178653,student_t,30.887356827178653,3.3428184431600982,3.829709529876709,21.441159572110053,25.717744948964963,28.40075591531532,30.887356827178653,33.373957739041984,36.05696870539234,40.33355408224725,3.1426815152321232,1.8992304719151505,2.6917930927506477,34.030038342410776,inner_validation_within_outer_train
rolling_origin_2022-07-19,rolling_origin_2022-07-19__inner_1_2021-11-02,C04_probabilistic_gru_student_t,42119,70c1908d227951b86f26ede94b4eec73b621b327a6f0e2a87d98875e63514fba,P-V03-W006::C012::C014,32.85166240169155,student_t,32.85166240169155,3.3351896855022947,3.855445384979248,23.453146190966336,27.700835084751933,30.37239628359699,32.85166240169155,35.330928519786106,38.00248971863116,42.25017861241676,3.3329550358084603,2.0153139031064926,2.746831767513325,36.18461743750001,inner_validation_within_outer_train
rolling_origin_2022-07-19,rolling_origin_2022-07-19__inner_1_2021-11-02,C04_probabilistic_gru_student_t,42119,70c1908d227951b86f26ede94b4eec73b621b327a6f0e2a87d98875e63514fba,P-V03-W007::C012::C014,4.272307043472434,student_t,4.272307043472434,3.5546909614738174,3.713998556137085,-5.90417725131754,-1.2599499517355346,1.6198223011297546,4.272307043472434,6.924791785815113,9.804564038680404,14.448791338262405,2.6038979355454748,1.618368903880657,2.57183987110057,6.876204979017909,inner_validation_within_outer_train
rolling_origin_2022-07-19,rolling_origin_2022-07-19__inner_1_2021-11-02,C04_probabilistic_gru_student_t,42119,70c1908d227951b86f26ede94b4eec73b621b327a6f0e2a87d98875e63514fba,P-V04-W001::C012::C014,4.980218578444752,student_t,4.980218578444752,3.4938886012013795,3.736505031585693,-4.99620607759101,-0.4505242690291737,2.3747292884518707,4.980218578444752,7.585707868437634,10.410961425918678,14.956643234480511,6.447580450766215,4.352518465975472,3.77036151158632,-1.4673618723214628,inner_validation_within_outer_train
rolling_origin_2022-07-19,rolling_origin_2022-07-19__inner_1_2021-11-02,C04_probabilistic_gru_student_t,42119,70c1908d227951b86f26ede94b4eec73b621b327a6f0e2a87d98875e63514fba,P-V04-W003::C012::C014,1.0854027483937152,student_t,1.0854027483937152,3.86413195991024,3.649893760681152,-10.06145323667221,-4.95074633811327,-1.8032344039207069,1.0854027483937152,3.974039900708137,7.121551834900702,12.232258733459636,2.142427117143676,1.45710408927172,2.526380585287044,-1.0570243687499608,inner_validation_within_outer_train
rolling_origin_2022-07-19,rolling_origin_2022-07-19__inner_1_2021-11-02,C04_probabilistic_gru_student_t,42119,70c1908d227951b86f26ede94b4eec73b621b327a6f0e2a87d98875e63514fba,P-V04-W004::C012::C014,5.336510217311211,student_t,5.336510217311211,3.482657211145501,3.720529794692993,-4.626191687697867,-0.0816368868357164,2.7382487999907634,5.336510217311211,7.934771634631659,10.75465732145814,15.299212122320286,5.242325504364752,3.3616390002414573,3.355760033323307,0.0941847129464594,inner_validation_within_outer_train
rolling_origin_2022-07-19,rolling_origin_2022-07-19__inner_1_2021-11-02,C04_probabilistic_gru_student_t,42119,70c1908d227951b86f26ede94b4eec73b621b327a6f0e2a87d98875e63514fba,P-V04-W006::C012::C014,3.727554575427604,student_t,3.727554575427604,3.533718306208113,3.713112354278565,-6.389932389868463,-1.7723384024822808,1.0906543190122258,3.727554575427604,6.364454831842982,9.22744755333749,13.845041540723663,2.9985829727490385,1.8233542747488607,2.665551038170727,0.7289716026785651,inner_validation_within_outer_train
rolling_origin_2022-07-19,rolling_origin_2022-07-19__inner_1_2021-11-02,C04_probabilistic_gru_student_t,42119,70c1908d227951b86f26ede94b4eec73b621b327a6f0e2a87d98875e63514fba,P-V04-W007::C012::C014,32.29302114137383,student_t,32.29302114137383,3.281067173864072,3.898281574249268,23.08880365774809,27.236984608949275,29.85665499526036,32.29302114137383,34.72938728748729,37.34905767379838,41.497238624999554,4.38290081085826,2.7428107054087567,3.0936336636756616,36.67592195223209,inner_validation_within_outer_train
rolling_origin_2022-07-19,rolling_origin_2022-07-19__inner_1_2021-11-02,C04_probabilistic_gru_student_t,42119,70c1908d227951b86f26ede94b4eec73b621b327a6f0e2a87d98875e63514fba,P-V05-W001::C012::C014,20.931337752123603,student_t,20.931337752123603,3.537242559898069,3.619615316390991,10.689642183161062,15.395881029885995,18.28473386100921,20.931337752123603,23.577941643237992,26.46679447436121,31.173033321086145,1.0625845112693,1.0596741850779408,2.3074214699859805,21.993922263392903,inner_validation_within_outer_train
rolling_origin_2022-07-19,rolling_origin_2022-07-19__inner_1_2021-11-02,C04_probabilistic_gru_student_t,42119,70c1908d227951b86f26ede94b4eec73b621b327a6f0e2a87d98875e63514fba,P-V05-W002::C012::C014,29.707086946158668,student_t,29.707086946158668,3.411077623608102,3.5803747177124023,19.782184982725287,24.35635658882813,27.151904099499856,29.707086946158668,32.26226979281748,35.0578173034892,39.631988909592046,2.018186682765979,1.3389470240275636,2.428587607308992,27.68890026339269,inner_validation_within_outer_train
rolling_origin_2022-07-19,rolling_origin_2022-07-19__inner_1_2021-11-02,C04_probabilistic_gru_student_t,42119,70c1908d227951b86f26ede94b4eec73b621b327a6f0e2a87d98875e63514fba,P-V05-W003::C012::C014,29.036351392818595,student_t,29.036351392818595,3.29743593197028,3.634097099304199,19.505949205520665,23.880624777691164,26.57021867093909,29.036351392818595,31.5024841146981,34.19207800794602,38.566753580116526,5.727732700931391,3.801394601061816,3.580637796968098,34.764084093749986,inner_validation_within_outer_train
rolling_origin_2022-07-19,rolling_origin_2022-07-19__inner_1_2021-11-02,C04_probabilistic_gru_student_t,42119,70c1908d227951b86f26ede94b4eec73b621b327a6f0e2a87d98875e63514fba,P-V05-W004::C012::C014,32.41529847050631,student_t,32.41529847050631,3.18091157677892,3.6978163719177246,23.291628710852308,27.46020074956779,30.040649452760476,32.41529847050631,34.789947488252146,37.370396191444826,41.5389682301603,2.7334243107434304,1.660367969498113,2.5706083178365686,35.14872278124974,inner_validation_within_outer_train
rolling_origin_2022-07-19,rolling_origin_2022-07-19__inner_1_2021-11-02,C04_probabilistic_gru_student_t,42119,70c1908d227951b86f26ede94b4eec73b621b327a6f0e2a87d98875e63514fba,P-V05-W006::C012::C014,23.208590533072176,student_t,23.208590533072176,3.1277258920709388,3.669367074966431,14.20715881089138,18.328341546067083,20.87176240254557,23.208590533072176,25.54541866359878,28.088839520077272,32.210022255252966,0.3866246901421952,0.8491889384822882,2.1362976191575336,23.59521522321437,inner_validation_within_outer_train
rolling_origin_2022-07-19,rolling_origin_2022-07-19__inner_1_2021-11-02,C04_probabilistic_gru_student_t,42119,70c1908d227951b86f26ede94b4eec73b621b327a6f0e2a87d98875e63514fba,P-V05-W007::C012::C014,34.12877529508824,student_t,34.12877529508824,3.2198261406639817,3.637357234954834,24.826388179797807,29.09536959115003,31.72091503093203,34.12877529508824,36.53663555924445,39.16218099902645,43.43116241037867,0.846969187945362,0.9393691552376718,2.1998911399961125,33.28180610714288,inner_validation_within_outer_train
rolling_origin_2022-07-19,rolling_origin_2022-07-19__inner_1_2021-11-02,C04_probabilistic_gru_student_t,42119,70c1908d227951b86f26ede94b4eec73b621b327a6f0e2a87d98875e63514fba,P-H04-W001::C013::C014,29.42885120666053,student_t,29.42885120666053,4.347945137291375,3.6505236625671382,16.887296075866303,22.63719063782873,26.17859797534887,29.42885120666053,32.67910443797219,36.22051177549233,41.970406337454754,0.5683290478037897,1.1840971929246986,2.467190596141304,29.99718025446432,inner_validation_within_outer_train
rolling_origin_2022-07-19,rolling_origin_2022-07-19__inner_1_2021-11-02,C04_probabilistic_gru_student_t,42119,70c1908d227951b86f26ede94b4eec73b621b327a6f0e2a87d98875e63514fba,P-H04-W002::C013::C014,31.31116800552223,student_t,31.31116800552223,4.193162059025575,3.6147613525390634,19.163049101619297,24.74734719859371,28.173349861106956,31.31116800552223,34.44898614993751,37.87498881245075,43.45928690942516,1.7675120322010225,1.3893557849264422,2.531458042410572,33.07868003772325,inner_validation_within_outer_train
rolling_origin_2022-07-19,rolling_origin_2022-07-19__inner_1_2021-11-02,C04_probabilistic_gru_student_t,42119,70c1908d227951b86f26ede94b4eec73b621b327a6f0e2a87d98875e63514fba,P-H04-W003::C013::C014,30.768966950305025,student_t,30.768966950305025,4.122596437937475,3.5860962867736816,18.7824786537099,24.304389053332383,27.68132678290616,30.768966950305025,33.85660711770389,37.23354484727766,42.75545524690014,5.536592480275342,3.463894521025616,3.338552214125359,36.30555943058037,inner_validation_within_outer_train
rolling_origin_2022-07-19,rolling_origin_2022-07-19__inner_1_2021-11-02,C04_probabilistic_gru_student_t,42119,70c1908d227951b86f26ede94b4eec73b621b327a6f0e2a87d98875e63514fba,P-H04-W004::C013::C014,20.07570124998062,student_t,20.07570124998062,4.453494304765253,3.577340602874756,7.112799804553886,13.088500153324464,16.739356661788232,20.07570124998062,23.41204583817301,27.062902346636783,33.03860269540735,4.8977003841711415,2.980304121012324,3.148218831128392,24.973401634151763,inner_validation_within_outer_train
rolling_origin_2022-07-19,rolling_origin_2022-07-19__inner_1_2021-11-02,C04_probabilistic_gru_student_t,42119,70c1908d227951b86f26ede94b4eec73b621b327a6f0e2a87d98875e63514fba,P-H04-W005::C013::C014,32.46509388884157,student_t,32.46509388884157,4.483828413793536,3.649270534515381,19.529624501188,25.46066194027688,29.11314145165002,32.46509388884157,35.81704632603312,39.469525837406266,45.40056327649515,2.4057749558012205,1.6598866841695012,2.6636392742185,34.87086884464279,inner_validation_within_outer_train
rolling_origin_2022-07-19,rolling_origin_2022-07-19__inner_1_2021-11-02,C04_probabilistic_gru_student_t,42119,70c1908d227951b86f26ede94b4eec73b621b327a6f0e2a87d98875e63514fba,P-H04-W006::C013::C014,28.815693953453007,student_t,28.815693953453007,4.392486548905927,3.6411564350128174,16.131250850122306,21.95066661977974,25.531253781362796,28.815693953453007,32.10013412554322,35.680721287126275,41.5001370567837,1.4126663967701525,1.336345594159508,2.531696238901757,30.22836035022316,inner_validation_within_outer_train
rolling_origin_2022-07-19,rolling_origin_2022-07-19__inner_1_2021-11-02,C04_probabilistic_gru_student_t,42119,70c1908d227951b86f26ede94b4eec73b621b327a6f0e2a87d98875e63514fba,P-H04-W007::C013::C014,33.81121946708477,student_t,33.81121946708477,4.447574079025532,3.646471261978149,20.97598732444954,26.86227669930154,30.486100350057598,33.81121946708477,37.13633858411195,40.760162234868,46.64645160971999,4.255142381352698,2.5738970361716427,2.9993728024676622,38.06636184843747,inner_validation_within_outer_train
rolling_origin_2022-07-19,rolling_origin_2022-07-19__inner_1_2021-11-02,C04_probabilistic_gru_student_t,42119,70c1908d227951b86f26ede94b4eec73b621b327a6f0e2a87d98875e63514fba,P-V06-W001::C013::C014,1.555256151203551,student_t,1.555256151203551,4.609408452846632,3.464503288269043,-12.061692660776565,-5.728645471678486,-1.910027810524873,1.555256151203551,5.020540112931975,8.839157774085589,15.172204963183662,0.7382454876180596,1.2791766244700251,2.534745462992737,0.8170106635854913,inner_validation_within_outer_train
rolling_origin_2022-07-19,rolling_origin_2022-07-19__inner_1_2021-11-02,C04_probabilistic_gru_student_t,42119,70c1908d227951b86f26ede94b4eec73b621b327a6f0e2a87d98875e63514fba,P-V06-W002::C013::C014,20.1609078898264,student_t,20.1609078898264,4.442808157896288,3.574863910675049,7.225051532921034,13.189411109074475,16.832320612834703,20.1609078898264,23.48949516681809,27.13240467057832,33.09676424673176,0.1360678740129337,1.186798508513467,2.4799168971278456,20.29697576383933,inner_validation_within_outer_train
rolling_origin_2022-07-19,rolling_origin_2022-07-19__inner_1_2021-11-02,C04_probabilistic_gru_student_t,42119,70c1908d227951b86f26ede94b4eec73b621b327a6f0e2a87d98875e63514fba,P-V06-W004::C013::C014,20.851315879309745,student_t,20.851315879309745,4.4389632640367545,3.564530849456787,7.909650738547606,13.881408786406464,17.52457045050275,20.851315879309745,24.17806130811674,27.821222972213025,33.79298102007188,1.3951259936813756,1.3464074623770848,2.5410314784812504,22.24644187299112,inner_validation_within_outer_train
rolling_origin_2022-07-19,rolling_origin_2022-07-19__inner_1_2021-11-02,C04_probabilistic_gru_student_t,42119,70c1908d227951b86f26ede94b4eec73b621b327a6f0e2a87d98875e63514fba,P-V06-W005::C013::C014,38.30026889419027,student_t,38.30026889419027,4.142591063236655,3.670130729675293,26.379196807931912,31.83679389427461,35.20526872907149,38.30026889419027,41.39526905930904,44.76374389410593,50.22134098044862,3.545373185943646,2.154966317106507,2.832495837686949,41.84564208013391,inner_validation_within_outer_train
rolling_origin_2022-07-19,rolling_origin_2022-07-19__inner_1_2021-11-02,C04_probabilistic_gru_student_t,42119,70c1908d227951b86f26ede94b4eec73b621b327a6f0e2a87d98875e63514fba,P-V06-W006::C013::C014,17.396202743021313,student_t,17.396202743021313,4.402514686383413,3.5597548484802246,4.552962887525943,10.48147868391656,14.096295051401764,17.396202743021313,20.69611043464086,24.310926802126065,30.23944259851668,3.1773924993894767,1.9854899051228607,2.781836355972838,20.57359524241079,inner_validation_within_outer_train
rolling_origin_2022-07-19,rolling_origin_2022-07-19__inner_1_2021-11-02,C04_probabilistic_gru_student_t,42119,70c1908d227951b86f26ede94b4eec73b621b327a6f0e2a87d98875e63514fba,P-V06-W007::C013::C014,18.02817181556913,student_t,18.02817181556913,4.350713795451285,3.5723445415496826,5.356409701673012,11.200127118744671,14.768334716235744,18.02817181556913,21.28800891490252,24.85621651239359,30.69993392946525,1.6802242642298424,1.398548987768398,2.5519274624454136,16.34794755133929,inner_validation_within_outer_train
rolling_origin_2022-07-19,rolling_origin_2022-07-19__inner_1_2021-11-02,C04_probabilistic_gru_student_t,42120,70c1908d227951b86f26ede94b4eec73b621b327a6f0e2a87d98875e63514fba,P-D01-W001::C012::C014,41.07372147657812,student_t,41.07372147657812,4.317880551883896,3.556164026260376,28.4715814525228,34.290412509646515,37.83689772565548,41.07372147657812,44.31054522750076,47.857030443509736,53.67586150063344,65.08632494842189,60.95799672945307,11.957009709149808,106.160046425,inner_validation_within_outer_train
rolling_origin_2022-07-19,rolling_origin_2022-07-19__inner_1_2021-11-02,C04_probabilistic_gru_student_t,42120,70c1908d227951b86f26ede94b4eec73b621b327a6f0e2a87d98875e63514fba,P-D01-W002::C012::C014,49.664148087732215,student_t,49.664148087732215,3.8347414933520345,3.665738105773926,38.62316606911264,43.679465089410506,46.798787675939714,49.664148087732215,52.52950849952472,55.64883108605392,60.70513010635178,2.935644968089356,1.8104755407064603,2.6764445769686995,46.72850311964286,inner_validation_within_outer_train
rolling_origin_2022-07-19,rolling_origin_2022-07-19__inner_1_2021-11-02,C04_probabilistic_gru_student_t,42120,70c1908d227951b86f26ede94b4eec73b621b327a6f0e2a87d98875e63514fba,P-D01-W003::C012::C014,3.564573951724924,student_t,3.564573951724924,3.968016896474972,3.545872688293457,-8.031810918779632,-2.673111579596526,0.5890840797181585,3.564573951724924,6.540063823731689,9.802259483046374,15.160958822229476,1.9299676755072264,1.400747292896566,2.513645613043029,5.494541627232151,inner_validation_within_outer_train
rolling_origin_2022-07-19,rolling_origin_2022-07-19__inner_1_2021-11-02,C04_probabilistic_gru_student_t,42120,70c1908d227951b86f26ede94b4eec73b621b327a6f0e2a87d98875e63514fba,P-D01-W004::C012::C014,3.4440628155265287,student_t,3.4440628155265287,3.9946882724357136,3.5414299964904785,-8.236978899780508,-2.837299374485685,0.4481646327141275,3.4440628155265287,6.43996099833893,9.725425005538742,15.12510453083356,1.527985013294408,1.2813554973355337,2.4655585156154016,1.9160778022321208,inner_validation_within_outer_train
rolling_origin_2022-07-19,rolling_origin_2022-07-19__inner_1_2021-11-02,C04_probabilistic_gru_student_t,42120,70c1908d227951b86f26ede94b4eec73b621b327a6f0e2a87d98875e63514fba,P-D01-W005::C012::C014,33.66400365171961,student_t,33.66400365171961,3.957142083071444,3.583258628845215,22.154459616863647,27.457795032360508,30.70002936186616,33.66400365171961,36.62797794157306,39.87021227107872,45.17354768657557,3.5490484281911563,2.1519168211028434,2.827490805113724,37.21305207991077,inner_validation_within_outer_train
rolling_origin_2022-07-19,rolling_origin_2022-07-19__inner_1_2021-11-02,C04_probabilistic_gru_student_t,42120,70c1908d227951b86f26ede94b4eec73b621b327a6f0e2a87d98875e63514fba,P-D01-W006::C012::C014,23.08405946755936,student_t,23.08405946755936,3.8977483709642864,3.5553643703460693,11.7069469485626,16.960465465228115,20.16210928622868,23.08405946755936,26.006009648890032,29.2076534698906,34.46117198655611,4.821650369494254,2.975436669372265,3.1641169930673967,27.90570983705361,inner_validation_within_outer_train
rolling_origin_2022-07-19,rolling_origin_2022-07-19__inner_1_2021-11-02,C04_probabilistic_gru_student_t,42120,70c1908d227951b86f26ede94b4eec73b621b327a6f0e2a87d98875e63514fba,P-D01-W007::C012::C014,29.91480926540791,student_t,29.91480926540791,3.889945817040655,3.5899667739868164,18.610259511389277,23.816488041740755,27.001751240271552,29.91480926540791,32.82786729054427,36.01313048907507,41.21935901942655,6.774143101568647,4.496855715019267,3.75146727639766,23.140666163839263,inner_validation_within_outer_train
rolling_origin_2022-07-19,rolling_origin_2022-07-19__inner_1_2021-11-02,C04_probabilistic_gru_student_t,42120,70c1908d227951b86f26ede94b4eec73b621b327a6f0e2a87d98875e63514fba,P-H01-W001::C012::C014,24.4800183368535,student_t,24.4800183368535,3.734576912146188,3.6783742904663086,13.743641363673827,18.655932273015985,21.690507812916827,24.4800183368535,27.26952886079017,30.304104400691017,35.21639531003317,1.064995722567765,1.1046963050302734,2.3549149730773298,23.415022614285736,inner_validation_within_outer_train
rolling_origin_2022-07-19,rolling_origin_2022-07-19__inner_1_2021-11-02,C04_probabilistic_gru_student_t,42120,70c1908d227951b86f26ede94b4eec73b621b327a6f0e2a87d98875e63514fba,P-H01-W002::C012::C014,21.59103367991501,student_t,21.59103367991501,4.236118547830896,3.592163562774658,9.283867871756236,14.95090156735089,18.41894585532741,21.59103367991501,24.76312150450261,28.23116579247914,33.898199488073786,38.81082549218323,35.26936834750585,9.763322137344057,60.40185917209824,inner_validation_within_outer_train
rolling_origin_2022-07-19,rolling_origin_2022-07-19__inner_1_2021-11-02,C04_probabilistic_gru_student_t,42120,70c1908d227951b86f26ede94b4eec73b621b327a6f0e2a87d98875e63514fba,P-H01-W003::C012::C014,22.250357850988078,student_t,22.250357850988078,3.818209781884284,3.653737783432007,11.241090935182312,16.28729085886993,19.396366447220917,22.250357850988078,25.104349254755235,28.213424843106218,33.259624766793834,70.3282401833869,66.44090753571312,12.894397731224664,92.57859803437496,inner_validation_within_outer_train
rolling_origin_2022-07-19,rolling_origin_2022-07-19__inner_1_2021-11-02,C04_probabilistic_gru_student_t,42120,70c1908d227951b86f26ede94b4eec73b621b327a6f0e2a87d98875e63514fba,P-H01-W004::C012::C014,28.973664225984123,student_t,28.973664225984123,3.814398346129402,3.7062501907348633,18.043804986650517,23.03460489772762,26.12677153745864,28.973664225984123,31.82055691450961,34.91272355424063,39.90352346531773,3.7268832938412544,2.2540357728586446,2.8637192859525893,25.24678093214287,inner_validation_within_outer_train
rolling_origin_2022-07-19,rolling_origin_2022-07-19__inner_1_2021-11-02,C04_probabilistic_gru_student_t,42120,70c1908d227951b86f26ede94b4eec73b621b327a6f0e2a87d98875e63514fba,P-H01-W005::C012::C014,48.22975948727319,student_t,48.22975948727319,3.810997081953767,3.754430770874024,37.37012258623876,42.31202372382339,45.38918924189357,48.22975948727319,51.0703297326528,54.14749525072298,59.08939638830761,6.314154095755328,4.14454930413082,3.627274589371863,41.91560539151786,inner_validation_within_outer_train
rolling_origin_2022-07-19,rolling_origin_2022-07-19__inner_1_2021-11-02,C04_probabilistic_gru_student_t,42120,70c1908d227951b86f26ede94b4eec73b621b327a6f0e2a87d98875e63514fba,P-H01-W006::C012::C014,32.27053198976986,student_t,32.27053198976986,3.5603280325130613,3.821102619171143,22.200254492278567,26.762024511773973,29.621535270149128,32.27053198976986,34.91952870939059,37.77903946776574,42.34080948726115,2.3386843071805643,1.4913607244663711,2.511422515576432,29.931847682589293,inner_validation_within_outer_train
rolling_origin_2022-07-19,rolling_origin_2022-07-19__inner_1_2021-11-02,C04_probabilistic_gru_student_t,42120,70c1908d227951b86f26ede94b4eec73b621b327a6f0e2a87d98875e63514fba,P-H01-W007::C012::C014,30.79059374249639,student_t,30.79059374249639,3.7538202790770354,3.690129041671753,20.01391881602397,24.94046386151206,27.987643374152785,30.79059374249639,33.59354411084,36.64072362348072,41.56726866896881,1.9437280517000133,1.3623341833808151,2.473174523705353,32.734321794196404,inner_validation_within_outer_train
rolling_origin_2022-07-19,rolling_origin_2022-07-19__inner_1_2021-11-02,C04_probabilistic_gru_student_t,42120,70c1908d227951b86f26ede94b4eec73b621b327a6f0e2a87d98875e63514fba,P-H02-W001::C012::C014,36.51330932002093,student_t,36.51330932002093,3.2948085413633423,3.815769672393799,27.18860760743489,31.41415960862336,34.06152307037793,36.51330932002093,38.96509556966393,41.612459031418496,45.83801103260697,0.6478538548423813,0.9184910341628648,2.20038122857018,35.86545546517855,inner_validation_within_outer_train
rolling_origin_2022-07-19,rolling_origin_2022-07-19__inner_1_2021-11-02,C04_probabilistic_gru_student_t,42120,70c1908d227951b86f26ede94b4eec73b621b327a6f0e2a87d98875e63514fba,P-H02-W003::C012::C014,21.507228562897417,student_t,21.507228562897417,3.896558439668302,3.6483092308044434,10.264674931805589,15.419858452011532,18.59421757250324,21.507228562897417,24.4202395532916,27.594598673783302,32.74978219398924,24.70453472772756,21.67774198725046,8.125537545392085,46.21176329062498,inner_validation_within_outer_train
rolling_origin_2022-07-19,rolling_origin_2022-07-19__inner_1_2021-11-02,C04_probabilistic_gru_student_t,42120,70c1908d227951b86f26ede94b4eec73b621b327a6f0e2a87d98875e63514fba,P-H02-W004::C012::C014,22.431812924809144,student_t,22.431812924809144,3.759348921073428,3.661294460296631,11.602126435313505,16.56326945542865,19.622428823584823,22.431812924809144,25.24119702603346,28.30035639418964,33.26149941430478,3.0034674448337317,1.840035270782367,2.685221423127641,25.435280369642875,inner_validation_within_outer_train
rolling_origin_2022-07-19,rolling_origin_2022-07-19__inner_1_2021-11-02,C04_probabilistic_gru_student_t,42120,70c1908d227951b86f26ede94b4eec73b621b327a6f0e2a87d98875e63514fba,P-H02-W005::C012::C014,5.867676216489418,student_t,5.867676216489418,4.371116733546119,3.5285048484802246,-6.935602252170831,-1.0111949768621935,2.588161151828473,5.867676216489418,9.147191281150365,12.74654740984103,18.670954685149663,3.09375490507308,1.942878177672437,2.764525802300584,8.961431121562498,inner_validation_within_outer_train
rolling_origin_2022-07-19,rolling_origin_2022-07-19__inner_1_2021-11-02,C04_probabilistic_gru_student_t,42120,70c1908d227951b86f26ede94b4eec73b621b327a6f0e2a87d98875e63514fba,P-H02-W006::C012::C014,20.66786633069473,student_t,20.66786633069473,3.706637226181343,3.646902561187744,9.971459711236763,14.876719363396436,17.89672497023128,20.66786633069473,23.439007691158174,26.45901329799302,31.36427295015269,3.696284407033982,2.236610238315998,2.85705458056226,16.971581923660747,inner_validation_within_outer_train
rolling_origin_2022-07-19,rolling_origin_2022-07-19__inner_1_2021-11-02,C04_probabilistic_gru_student_t,42120,70c1908d227951b86f26ede94b4eec73b621b327a6f0e2a87d98875e63514fba,P-H02-W007::C012::C014,29.83919952524633,student_t,29.83919952524633,3.5771236912508404,3.700382232666016,19.582183454802035,24.26771551568459,27.16895846709198,29.83919952524633,32.50944058340069,35.41068353480808,40.09621559569063,9.43895257430714,7.016223884611525,4.747631280884075,39.27815209955347,inner_validation_within_outer_train
rolling_origin_2022-07-19,rolling_origin_2022-07-19__inner_1_2021-11-02,C04_probabilistic_gru_student_t,42120,70c1908d227951b86f26ede94b4eec73b621b327a6f0e2a87d98875e63514fba,P-H03-W001::C012::C014,49.18900706519838,student_t,49.18900706519838,3.951917971786833,3.639207363128662,37.77411114860404,43.01183300743634,46.23383059883577,49.18900706519838,52.14418353156099,55.36618112296043,60.60390298179272,1.015269266091252,1.1482682182365802,2.402727795400897,48.17373779910713,inner_validation_within_outer_train
rolling_origin_2022-07-19,rolling_origin_2022-07-19__inner_1_2021-11-02,C04_probabilistic_gru_student_t,42120,70c1908d227951b86f26ede94b4eec73b621b327a6f0e2a87d98875e63514fba,P-H03-W003::C012::C014,45.77509200843748,student_t,45.77509200843748,3.664827606852132,3.717356204986572,35.28740044923924,40.072510608244784,43.04067981399408,45.77509200843748,48.50950420288087,51.47767340863017,56.26278356763571,4.888826992366077,3.056312269072526,3.2068563325902346,40.8862650160714,inner_validation_within_outer_train
rolling_origin_2022-07-19,rolling_origin_2022-07-19__inner_1_2021-11-02,C04_probabilistic_gru_student_t,42120,70c1908d227951b86f26ede94b4eec73b621b327a6f0e2a87d98875e63514fba,P-H03-W004::C012::C014,50.7278531075684,student_t,50.7278531075684,3.930588739868778,3.6044111251831055,39.32580655899386,44.571216298796415,47.78562365473141,50.7278531075684,53.67008256040539,56.88448991634039,62.12989965614294,11.179782562479184,8.461348549331847,5.065863495814018,39.54807054508922,inner_validation_within_outer_train
rolling_origin_2022-07-19,rolling_origin_2022-07-19__inner_1_2021-11-02,C04_probabilistic_gru_student_t,42120,70c1908d227951b86f26ede94b4eec73b621b327a6f0e2a87d98875e63514fba,P-H03-W005::C012::C014,50.63880622082207,student_t,50.63880622082207,4.074681334103899,3.614859580993652,38.834084338072486,44.26048839455893,47.58965814468704,50.63880622082207,53.687954296957095,57.01712404708521,62.44352810357165,8.436580023054248,5.867856423655876,4.196566619056879,42.20222619776782,inner_validation_within_outer_train
rolling_origin_2022-07-19,rolling_origin_2022-07-19__inner_1_2021-11-02,C04_probabilistic_gru_student_t,42120,70c1908d227951b86f26ede94b4eec73b621b327a6f0e2a87d98875e63514fba,P-H03-W006::C012::C014,54.2752189127044,student_t,54.2752189127044,4.146355409807211,3.62327241897583,42.275311439783096,47.7879767044844,51.17320303380486,54.2752189127044,57.37723479160395,60.76246112092441,66.27512638562571,3.8165649475257615,2.3107994919175066,2.895096712153572,50.45865396517864,inner_validation_within_outer_train
rolling_origin_2022-07-19,rolling_origin_2022-07-19__inner_1_2021-11-02,C04_probabilistic_gru_student_t,42120,70c1908d227951b86f26ede94b4eec73b621b327a6f0e2a87d98875e63514fba,P-H03-W007::C012::C014,20.054213711660005,student_t,20.054213711660005,3.737359820980302,3.567290782928467,9.161887299689669,14.186941958160205,17.25351349199843,20.054213711660005,22.85491393132158,25.921485465159805,30.94654012363033,0.2943444834292563,1.005926686806042,2.3105202272166405,20.34855819508926,inner_validation_within_outer_train
rolling_origin_2022-07-19,rolling_origin_2022-07-19__inner_1_2021-11-02,C04_probabilistic_gru_student_t,42120,70c1908d227951b86f26ede94b4eec73b621b327a6f0e2a87d98875e63514fba,P-H05-W001::C012::C014,33.34773936851514,student_t,33.34773936851514,3.281996565659947,3.6130483150482178,23.8373656423093,28.20969435380264,30.891638649549584,33.34773936851514,35.8038400874807,38.48578438322765,42.85811309472098,4.492671546663424,2.8216869815793024,3.1394568979524244,37.840410915178566,inner_validation_within_outer_train
rolling_origin_2022-07-19,rolling_origin_2022-07-19__inner_1_2021-11-02,C04_probabilistic_gru_student_t,42120,70c1908d227951b86f26ede94b4eec73b621b327a6f0e2a87d98875e63514fba,P-H05-W002::C012::C014,41.02688880438947,student_t,41.02688880438947,3.3110416082673524,3.6715261936187744,31.5003427600586,35.86125721618049,38.5532519154954,41.02688880438947,43.50052569328355,46.19252039259845,50.55343484872034,0.0455670409965449,0.8802894488285828,2.183634109411785,40.98132176339293,inner_validation_within_outer_train
rolling_origin_2022-07-19,rolling_origin_2022-07-19__inner_1_2021-11-02,C04_probabilistic_gru_student_t,42120,70c1908d227951b86f26ede94b4eec73b621b327a6f0e2a87d98875e63514fba,P-H05-W003::C012::C014,34.57338997939067,student_t,34.57338997939067,3.2995620706019757,3.628870010375977,25.03073831535481,29.412734869400808,32.1052906616014,34.57338997939067,37.041489297179936,39.73404508938053,44.11604164342653,7.597979501712228,5.441546611594203,4.265316175583164,26.97541047767844,inner_validation_within_outer_train
rolling_origin_2022-07-19,rolling_origin_2022-07-19__inner_1_2021-11-02,C04_probabilistic_gru_student_t,42120,70c1908d227951b86f26ede94b4eec73b621b327a6f0e2a87d98875e63514fba,P-H05-W004::C012::C014,21.94543431627413,student_t,21.94543431627413,3.5107254629754423,3.495355129241944,11.617201728772246,16.408848369229545,19.308714729820416,21.94543431627413,24.58215390272785,27.48202026331872,32.27366690377601,1.5555377105113486,1.190740516918407,2.36821369293454,23.50097202678548,inner_validation_within_outer_train
rolling_origin_2022-07-19,rolling_origin_2022-07-19__inner_1_2021-11-02,C04_probabilistic_gru_student_t,42120,70c1908d227951b86f26ede94b4eec73b621b327a6f0e2a87d98875e63514fba,P-H05-W005::C012::C014,14.58117784600946,student_t,14.58117784600946,3.403549859858784,3.630433797836304,4.7396698386927305,9.25837705295365,12.035411118061823,14.58117784600946,17.126944573957097,19.903978639065272,24.422685853326183,1.5685835334545644,1.1696678204916344,2.3434523620408734,16.149761379464024,inner_validation_within_outer_train
rolling_origin_2022-07-19,rolling_origin_2022-07-19__inner_1_2021-11-02,C04_probabilistic_gru_student_t,42120,70c1908d227951b86f26ede94b4eec73b621b327a6f0e2a87d98875e63514fba,P-H05-W006::C012::C014,17.267146159057116,student_t,17.267146159057116,3.440911719850205,3.5304489135742188,7.191054309644661,11.85281388143686,14.685690665198894,17.267146159057116,19.848601652915335,22.681478436677374,27.34323800846957,2.591424595407247,1.6056562516831412,2.562103437091455,19.858570754464363,inner_validation_within_outer_train
rolling_origin_2022-07-19,rolling_origin_2022-07-19__inner_1_2021-11-02,C04_probabilistic_gru_student_t,42120,70c1908d227951b86f26ede94b4eec73b621b327a6f0e2a87d98875e63514fba,P-H05-W007::C012::C014,26.41287135676109,student_t,26.41287135676109,3.3182004034737083,3.66869854927063,16.86250021125481,21.23522008242321,23.933686013786605,26.41287135676109,28.892056699735583,31.590522631098978,35.96324250226737,0.980928024171785,0.9891221623127998,2.240678341621445,25.43194333258931,inner_validation_within_outer_train
rolling_origin_2022-07-19,rolling_origin_2022-07-19__inner_1_2021-11-02,C04_probabilistic_gru_student_t,42120,70c1908d227951b86f26ede94b4eec73b621b327a6f0e2a87d98875e63514fba,P-H06-W001::C012::C014,3.0501493967630715,student_t,3.0501493967630715,4.017452485286599,3.543992519378662,-8.693562577935033,-3.265992396351807,0.0374157052258827,3.0501493967630715,6.062883088300261,9.366291189877952,14.793861371461173,1.6952414349332914,1.3343880626971625,2.490641343566561,4.745390831696363,inner_validation_within_outer_train
rolling_origin_2022-07-19,rolling_origin_2022-07-19__inner_1_2021-11-02,C04_probabilistic_gru_student_t,42120,70c1908d227951b86f26ede94b4eec73b621b327a6f0e2a87d98875e63514fba,P-H06-W002::C012::C014,1.4626168553688998,student_t,1.4626168553688998,4.207831269334393,3.545783758163452,-10.83475804784114,-5.1520914669167,-1.69271079747561,1.4626168553688998,4.61794450821341,8.077325177654501,13.759991758578934,3.202390930345393,1.9801343952783697,2.7694288246477177,4.665007785714293,inner_validation_within_outer_train
rolling_origin_2022-07-19,rolling_origin_2022-07-19__inner_1_2021-11-02,C04_probabilistic_gru_student_t,42120,70c1908d227951b86f26ede94b4eec73b621b327a6f0e2a87d98875e63514fba,P-H06-W003::C012::C014,2.837343459289027,student_t,2.837343459289027,4.104838239096435,3.54160213470459,-9.165524941902174,-3.617151935328095,-0.2411476670328909,2.837343459289027,5.915834585610945,9.29183885390615,14.840211860480222,2.429831564818098,1.6130780228959458,2.6150663042551003,5.267175024107125,inner_validation_within_outer_train
rolling_origin_2022-07-19,rolling_origin_2022-07-19__inner_1_2021-11-02,C04_probabilistic_gru_student_t,42120,70c1908d227951b86f26ede94b4eec73b621b327a6f0e2a87d98875e63514fba,P-H06-W004::C012::C014,3.316104153070522,student_t,3.316104153070522,4.1354424913400525,3.536948680877685,-8.783554631629507,-3.1884163812234254,0.2142169549152597,3.316104153070522,6.417991351225785,9.820624687364472,15.41576293777055,2.632557040570541,1.7033158987631118,2.6544129575815703,0.6835471124999815,inner_validation_within_outer_train
rolling_origin_2022-07-19,rolling_origin_2022-07-19__inner_1_2021-11-02,C04_probabilistic_gru_student_t,42120,70c1908d227951b86f26ede94b4eec73b621b327a6f0e2a87d98875e63514fba,P-H06-W005::C012::C014,3.194750368310533,student_t,3.194750368310533,4.288099740771423,3.535930633544922,-9.353219538430926,-3.550312874694133,-0.0217419113135739,3.194750368310533,6.411242647934641,9.9398136113152,15.742720275051989,1.8397437442033973,1.4340114648980409,2.5597107506534984,1.355006624107136,inner_validation_within_outer_train
rolling_origin_2022-07-19,rolling_origin_2022-07-19__inner_1_2021-11-02,C04_probabilistic_gru_student_t,42120,70c1908d227951b86f26ede94b4eec73b621b327a6f0e2a87d98875e63514fba,P-H06-W006::C012::C014,3.809633502082995,student_t,3.809633502082995,4.082432771478758,3.54085111618042,-8.128881045820162,-2.609934009836204,0.7478750856279621,3.809633502082995,6.871391918538029,10.229201014002197,15.748148049986147,3.232445232886578,1.985551609135752,2.7654929955570946,0.5771882691964176,inner_validation_within_outer_train
rolling_origin_2022-07-19,rolling_origin_2022-07-19__inner_1_2021-11-02,C04_probabilistic_gru_student_t,42120,70c1908d227951b86f26ede94b4eec73b621b327a6f0e2a87d98875e63514fba,P-H06-W007::C012::C014,5.931281312620946,student_t,5.931281312620946,3.224097315560556,3.7243921756744394,-3.287643960478324,0.9164813672596585,3.526178135374891,5.931281312620946,8.336384489867001,10.946081257982236,15.150206585720214,6.819210345790587,4.777551349298695,4.019691646950292,-0.8879290331696407,inner_validation_within_outer_train
rolling_origin_2022-07-19,rolling_origin_2022-07-19__inner_1_2021-11-02,C04_probabilistic_gru_student_t,42120,70c1908d227951b86f26ede94b4eec73b621b327a6f0e2a87d98875e63514fba,P-H07-W001::C012::C014,30.05018602338132,student_t,30.05018602338132,3.035429851606232,3.814613342285156,21.45846826979526,25.352168411295093,27.79134391309525,30.05018602338132,32.30902813366738,34.74820363546754,38.64190377696737,1.800635271595592,1.1879922797581797,2.306548151035333,28.249550751785726,inner_validation_within_outer_train
rolling_origin_2022-07-19,rolling_origin_2022-07-19__inner_1_2021-11-02,C04_probabilistic_gru_student_t,42120,70c1908d227951b86f26ede94b4eec73b621b327a6f0e2a87d98875e63514fba,P-H07-W002::C012::C014,44.88211378312532,student_t,44.88211378312532,3.0181735243349643,3.88438081741333,36.40302952293264,40.22787386924048,42.64017026697096,44.88211378312532,47.12405729927968,49.53635369701016,53.361198043318,10.53563262419668,8.404862494732662,5.555112149697634,34.34648115892864,inner_validation_within_outer_train
rolling_origin_2022-07-19,rolling_origin_2022-07-19__inner_1_2021-11-02,C04_probabilistic_gru_student_t,42120,70c1908d227951b86f26ede94b4eec73b621b327a6f0e2a87d98875e63514fba,P-H07-W003::C012::C014,6.487325271391125,student_t,6.487325271391125,3.3257266182367005,3.685293674468994,-3.0658162894871346,1.3029143910159142,4.003689692988514,6.487325271391125,8.970960849793736,11.671736151766336,16.04046683226938,8.284745741034097,6.065293375513413,4.500509536907,-1.7974204696429723,inner_validation_within_outer_train
rolling_origin_2022-07-19,rolling_origin_2022-07-19__inner_1_2021-11-02,C04_probabilistic_gru_student_t,42120,70c1908d227951b86f26ede94b4eec73b621b327a6f0e2a87d98875e63514fba,P-H07-W004::C012::C014,28.372609822539744,student_t,28.372609822539744,3.030414543678428,3.806634426116944,19.787563920224244,23.680347350118364,26.11702384323868,28.372609822539744,30.62819580184081,33.06487229496113,36.95765572485524,0.9442175993254942,0.9103279948155468,2.1531344962402468,27.42839222321425,inner_validation_within_outer_train
rolling_origin_2022-07-19,rolling_origin_2022-07-19__inner_1_2021-11-02,C04_probabilistic_gru_student_t,42120,70c1908d227951b86f26ede94b4eec73b621b327a6f0e2a87d98875e63514fba,P-H07-W005::C012::C014,6.633234826587181,student_t,6.633234826587181,3.4510687329900525,3.687917232513428,-3.27687415888814,1.2542431611577056,4.05618574928898,6.633234826587181,9.21028390388538,12.012226492016657,16.543343812062496,11.92044487850682,9.461835346717288,5.607964558854342,-5.287210051919641,inner_validation_within_outer_train
rolling_origin_2022-07-19,rolling_origin_2022-07-19__inner_1_2021-11-02,C04_probabilistic_gru_student_t,42120,70c1908d227951b86f26ede94b4eec73b621b327a6f0e2a87d98875e63514fba,P-H07-W006::C012::C014,19.472957212251345,student_t,19.472957212251345,3.363981623743957,3.7841219902038574,9.919110702820308,14.257856623079253,16.96758803272595,19.472957212251345,21.97832639177674,24.68805780142344,29.026803721682377,5.427954175644203,3.5404889984260604,3.4497907252992808,14.045003036607142,inner_validation_within_outer_train
rolling_origin_2022-07-19,rolling_origin_2022-07-19__inner_1_2021-11-02,C04_probabilistic_gru_student_t,42120,70c1908d227951b86f26ede94b4eec73b621b327a6f0e2a87d98875e63514fba,P-H07-W007::C012::C014,13.587256518963777,student_t,13.587256518963777,3.295463762579434,3.726901054382324,4.166999450150907,8.462176148766323,11.129086431835546,13.587256518963777,16.045426606092008,18.712336889161232,23.007513587776643,6.512766337490563,4.478572892414456,3.872059331934647,7.074490181473214,inner_validation_within_outer_train
rolling_origin_2022-07-19,rolling_origin_2022-07-19__inner_1_2021-11-02,C04_probabilistic_gru_student_t,42120,70c1908d227951b86f26ede94b4eec73b621b327a6f0e2a87d98875e63514fba,P-V01-W001::C012::C014,26.54940830549302,student_t,26.54940830549302,3.666581059373682,3.667248249053955,15.994503438142791,20.8276680423572,23.809817593889026,26.54940830549302,29.28899901709702,32.271148568628846,37.10431317284325,3.3642068797748017,2.036450953512081,2.7678518778007497,29.913615185267822,inner_validation_within_outer_train
rolling_origin_2022-07-19,rolling_origin_2022-07-19__inner_1_2021-11-02,C04_probabilistic_gru_student_t,42120,70c1908d227951b86f26ede94b4eec73b621b327a6f0e2a87d98875e63514fba,P-V01-W002::C012::C014,27.851733429730928,student_t,27.851733429730928,3.6986732678824943,3.677777051925659,17.217818805575796,22.083439879331262,25.08899391079453,27.851733429730928,30.614472948667323,33.6200269801306,38.48564805388605,8.83942662205483,6.397279029226517,4.486279095555712,36.69116005178576,inner_validation_within_outer_train
rolling_origin_2022-07-19,rolling_origin_2022-07-19__inner_1_2021-11-02,C04_probabilistic_gru_student_t,42120,70c1908d227951b86f26ede94b4eec73b621b327a6f0e2a87d98875e63514fba,P-V01-W003::C012::C014,24.92540271246155,student_t,24.92540271246155,4.081699791149078,3.551692485809326,13.00573092082538,18.511342403530428,21.86521045332768,24.92540271246155,27.98559497159542,31.339463021392675,36.84507450409772,1.701587603532975,1.3490732943155708,2.5037065653889323,23.223815108928576,inner_validation_within_outer_train
rolling_origin_2022-07-19,rolling_origin_2022-07-19__inner_1_2021-11-02,C04_probabilistic_gru_student_t,42120,70c1908d227951b86f26ede94b4eec73b621b327a6f0e2a87d98875e63514fba,P-V01-W004::C012::C014,28.58487547358312,student_t,28.58487547358312,4.006702210383718,3.5717267990112305,16.914155549036217,22.296485874820743,25.582738202109876,28.58487547358312,31.587012745056363,34.87326507234549,40.25559539813001,5.90983174902955,3.7683465051796463,3.463404549662303,22.675043724553568,inner_validation_within_outer_train
rolling_origin_2022-07-19,rolling_origin_2022-07-19__inner_1_2021-11-02,C04_probabilistic_gru_student_t,42120,70c1908d227951b86f26ede94b4eec73b621b327a6f0e2a87d98875e63514fba,P-V01-W005::C012::C014,40.30861021373144,student_t,40.30861021373144,3.561985138085106,3.598848819732666,29.96865700528577,34.72745258660484,37.64185758767949,40.30861021373144,42.975362839783394,45.88976784085804,50.64856342217711,6.114579404356384,4.044675049129741,3.6333786336941865,34.19403080937506,inner_validation_within_outer_train
rolling_origin_2022-07-19,rolling_origin_2022-07-19__inner_1_2021-11-02,C04_probabilistic_gru_student_t,42120,70c1908d227951b86f26ede94b4eec73b621b327a6f0e2a87d98875e63514fba,P-V01-W006::C012::C014,33.95417185248498,student_t,33.95417185248498,3.871801301009796,3.582068920135498,22.691154767594043,27.88136556569747,31.05401591288384,33.95417185248498,36.85432779208613,40.026978139272494,45.21718893737592,4.388647612247063,2.67855822744539,3.0438393947505613,38.342819464732045,inner_validation_within_outer_train
rolling_origin_2022-07-19,rolling_origin_2022-07-19__inner_1_2021-11-02,C04_probabilistic_gru_student_t,42120,70c1908d227951b86f26ede94b4eec73b621b327a6f0e2a87d98875e63514fba,P-V01-W007::C012::C014,40.36824928527271,student_t,40.36824928527271,3.336211396883226,3.740185260772705,30.846075532834227,35.18365904514383,37.8805960944373,40.36824928527271,42.85590247610812,45.5528395254016,49.89042303771119,2.5384878531201807,1.5657496711211,2.530982325846618,42.90673713839289,inner_validation_within_outer_train
rolling_origin_2022-07-19,rolling_origin_2022-07-19__inner_1_2021-11-02,C04_probabilistic_gru_student_t,42120,70c1908d227951b86f26ede94b4eec73b621b327a6f0e2a87d98875e63514fba,P-V02-W001::C012::C014,37.11186489872347,student_t,37.11186489872347,4.769332616729945,3.486190795898437,23.063709709793056,29.585928010950266,33.5288336983109,37.11186489872347,40.69489609913604,44.637801786496674,51.16002008765388,2.204801943687137,1.6477415029482068,2.685408452579123,39.316666842410605,inner_validation_within_outer_train
rolling_origin_2022-07-19,rolling_origin_2022-07-19__inner_1_2021-11-02,C04_probabilistic_gru_student_t,42120,70c1908d227951b86f26ede94b4eec73b621b327a6f0e2a87d98875e63514fba,P-V02-W003::C012::C014,8.48952269156704,student_t,8.48952269156704,5.814032813529559,3.3097081184387207,-9.07136655743112,-0.7968599223790367,4.09578754836983,8.48952269156704,12.883257834764247,17.775905305513113,26.050411940565198,1.2357319590670477,1.6662435150862107,2.7829136178664573,7.253790732499992,inner_validation_within_outer_train
rolling_origin_2022-07-19,rolling_origin_2022-07-19__inner_1_2021-11-02,C04_probabilistic_gru_student_t,42120,70c1908d227951b86f26ede94b4eec73b621b327a6f0e2a87d98875e63514fba,P-V02-W004::C012::C014,15.085008573687409,student_t,15.085008573687409,5.637284179762795,3.34194016456604,-1.860307135615713,6.101783347644719,10.829636598350197,15.085008573687409,19.34038054902462,24.06823379973009,32.03032428299052,2.0843842492143665,1.800967846995175,2.80917194714696,17.169392822901774,inner_validation_within_outer_train
rolling_origin_2022-07-19,rolling_origin_2022-07-19__inner_1_2021-11-02,C04_probabilistic_gru_student_t,42120,70c1908d227951b86f26ede94b4eec73b621b327a6f0e2a87d98875e63514fba,P-V02-W005::C012::C014,46.0055192143613,student_t,46.0055192143613,4.931122689542108,3.5055928230285645,31.51834314891892,38.23402139863916,42.3032070852088,46.0055192143613,49.7078313435138,53.77701703008344,60.49269527980368,1.9313182822184276,1.5960247097876925,2.681411766804932,44.07420093214287,inner_validation_within_outer_train
rolling_origin_2022-07-19,rolling_origin_2022-07-19__inner_1_2021-11-02,C04_probabilistic_gru_student_t,42120,70c1908d227951b86f26ede94b4eec73b621b327a6f0e2a87d98875e63514fba,P-V02-W006::C012::C014,24.80584451265119,student_t,24.80584451265119,5.053922607936479,3.4044675827026367,9.750785374679468,16.787278180552047,20.99891452520681,24.80584451265119,28.61277450009557,32.82441084475034,39.86090365062291,0.1014324367582908,1.3590380047697923,2.611829866510885,24.7044120758929,inner_validation_within_outer_train
rolling_origin_2022-07-19,rolling_origin_2022-07-19__inner_1_2021-11-02,C04_probabilistic_gru_student_t,42120,70c1908d227951b86f26ede94b4eec73b621b327a6f0e2a87d98875e63514fba,P-V02-W007::C012::C014,20.50746941618458,student_t,20.50746941618458,5.3315316275669336,3.3831677436828613,4.577138124859859,12.03603630763123,16.48855989588156,20.50746941618458,24.5263789364876,28.978902524737933,36.4378007075093,1.0450292205118288,1.509908853452549,2.6902356802754825,21.55249863669641,inner_validation_within_outer_train
rolling_origin_2022-07-19,rolling_origin_2022-07-19__inner_1_2021-11-02,C04_probabilistic_gru_student_t,42120,70c1908d227951b86f26ede94b4eec73b621b327a6f0e2a87d98875e63514fba,P-V03-W001::C012::C014,26.185457239039494,student_t,26.185457239039494,3.5563204950892504,3.688855409622192,15.97423928213506,20.64271452994229,23.529882961492728,26.185457239039494,28.84103151658626,31.728199948136695,36.39667519594393,0.6805647850216019,0.992859311623611,2.2778276380585187,25.50489245401789,inner_validation_within_outer_train
rolling_origin_2022-07-19,rolling_origin_2022-07-19__inner_1_2021-11-02,C04_probabilistic_gru_student_t,42120,70c1908d227951b86f26ede94b4eec73b621b327a6f0e2a87d98875e63514fba,P-V03-W002::C012::C014,29.75500359897857,student_t,29.75500359897857,3.562059489428776,3.700017929077149,19.540745750316017,24.20686710517548,27.095980413555345,29.75500359897857,32.4140267844018,35.30314009278167,39.96926144764112,7.824388795664316,5.536186049602263,4.217562076176483,37.57939239464289,inner_validation_within_outer_train
rolling_origin_2022-07-19,rolling_origin_2022-07-19__inner_1_2021-11-02,C04_probabilistic_gru_student_t,42120,70c1908d227951b86f26ede94b4eec73b621b327a6f0e2a87d98875e63514fba,P-V03-W003::C012::C014,31.11356048953544,student_t,31.11356048953544,3.2603023925633785,3.626276016235352,21.681449578216117,26.01352056399979,28.67464269999222,31.11356048953544,33.55247827907866,36.21360041507109,40.545671400854765,9.998925157785616,7.710244523378838,5.127856969609804,41.11248564732106,inner_validation_within_outer_train
rolling_origin_2022-07-19,rolling_origin_2022-07-19__inner_1_2021-11-02,C04_probabilistic_gru_student_t,42120,70c1908d227951b86f26ede94b4eec73b621b327a6f0e2a87d98875e63514fba,P-V03-W004::C012::C014,20.67160620328133,student_t,20.67160620328133,3.415789330215921,3.515855312347412,10.64993256148753,15.291822001197104,18.1078369207972,20.67160620328133,23.23537548576546,26.051390405365552,30.693279845075125,2.2262315422546024,1.4303952491347278,2.4751056755469527,22.89783774553593,inner_validation_within_outer_train
rolling_origin_2022-07-19,rolling_origin_2022-07-19__inner_1_2021-11-02,C04_probabilistic_gru_student_t,42120,70c1908d227951b86f26ede94b4eec73b621b327a6f0e2a87d98875e63514fba,P-V03-W005::C012::C014,27.87790076554104,student_t,27.87790076554104,3.624337723873062,3.689978837966919,17.472766946521787,22.229513830273014,25.17162259965817,27.87790076554104,30.58417893142391,33.52628770080907,38.2830345845603,6.152137576869734,4.061366281316382,3.626872479960949,34.030038342410776,inner_validation_within_outer_train
rolling_origin_2022-07-19,rolling_origin_2022-07-19__inner_1_2021-11-02,C04_probabilistic_gru_student_t,42120,70c1908d227951b86f26ede94b4eec73b621b327a6f0e2a87d98875e63514fba,P-V03-W006::C012::C014,28.99170650891744,student_t,28.99170650891744,3.674869685206556,3.686070919036865,18.43662384625865,23.263279761646555,26.247393076147294,28.99170650891744,31.736019941687584,34.72013325618832,39.54678917157622,7.19291092858257,4.931279766336047,3.957228490696071,36.18461743750001,inner_validation_within_outer_train
rolling_origin_2022-07-19,rolling_origin_2022-07-19__inner_1_2021-11-02,C04_probabilistic_gru_student_t,42120,70c1908d227951b86f26ede94b4eec73b621b327a6f0e2a87d98875e63514fba,P-V03-W007::C012::C014,2.1024845189925934,student_t,2.1024845189925934,4.329058347012878,3.532901763916016,-10.570332998422035,-4.708306128967427,-1.1450340583443754,2.1024845189925934,5.350003096329562,8.913275166952616,14.77530203640722,4.773720460025316,2.9058240508681585,3.124575470123638,6.876204979017909,inner_validation_within_outer_train
rolling_origin_2022-07-19,rolling_origin_2022-07-19__inner_1_2021-11-02,C04_probabilistic_gru_student_t,42120,70c1908d227951b86f26ede94b4eec73b621b327a6f0e2a87d98875e63514fba,P-V04-W001::C012::C014,3.876125908727044,student_t,3.876125908727044,4.114635267814014,3.5431132316589355,-8.15303638609777,-2.5931609869576064,0.790430494303608,3.876125908727044,6.961821323150479,10.345412804411694,15.905288203551857,5.343487781048506,3.3230306811399566,3.287574971796821,-1.4673618723214628,inner_validation_within_outer_train
rolling_origin_2022-07-19,rolling_origin_2022-07-19__inner_1_2021-11-02,C04_probabilistic_gru_student_t,42120,70c1908d227951b86f26ede94b4eec73b621b327a6f0e2a87d98875e63514fba,P-V04-W003::C012::C014,0.8152744033282566,student_t,0.8152744033282566,4.113672108116223,3.5764524936676025,-11.15984474104468,-5.6391231987688375,-2.266574055468492,0.8152744033282566,3.897122862125005,7.269672005425352,12.790393547701187,1.8722987720782172,1.4079626744221458,2.531157036875148,-1.0570243687499608,inner_validation_within_outer_train
rolling_origin_2022-07-19,rolling_origin_2022-07-19__inner_1_2021-11-02,C04_probabilistic_gru_student_t,42120,70c1908d227951b86f26ede94b4eec73b621b327a6f0e2a87d98875e63514fba,P-V04-W004::C012::C014,4.138729897813104,student_t,4.138729897813104,4.040376243729109,3.542595148086548,-7.674127670866,-2.2140087779771687,1.1086754986283864,4.138729897813104,7.168784296997821,10.491468573603376,15.951587466492205,4.044545184866644,2.4488277236531126,2.9507479796954943,0.0941847129464594,inner_validation_within_outer_train
rolling_origin_2022-07-19,rolling_origin_2022-07-19__inner_1_2021-11-02,C04_probabilistic_gru_student_t,42120,70c1908d227951b86f26ede94b4eec73b621b327a6f0e2a87d98875e63514fba,P-V04-W006::C012::C014,2.8191199449555207,student_t,2.8191199449555207,4.133857568530821,3.537357807159424,-9.275258896756911,-3.682740254937914,-0.2815393808432058,2.8191199449555207,5.919779270754248,9.320980144848956,14.913498786667947,2.090148342276956,1.487448745835492,2.566262724037233,0.7289716026785651,inner_validation_within_outer_train
rolling_origin_2022-07-19,rolling_origin_2022-07-19__inner_1_2021-11-02,C04_probabilistic_gru_student_t,42120,70c1908d227951b86f26ede94b4eec73b621b327a6f0e2a87d98875e63514fba,P-V04-W007::C012::C014,30.037811481416515,student_t,30.037811481416515,3.5176261970598106,3.692934513092041,19.94255795684603,24.55666047854463,27.411433487955083,30.037811481416515,32.664189474877944,35.5189624842884,40.13306500598699,6.6381104708155725,4.505738759396047,3.827855108505725,36.67592195223209,inner_validation_within_outer_train
rolling_origin_2022-07-19,rolling_origin_2022-07-19__inner_1_2021-11-02,C04_probabilistic_gru_student_t,42120,70c1908d227951b86f26ede94b4eec73b621b327a6f0e2a87d98875e63514fba,P-V05-W001::C012::C014,20.7375682370072,student_t,20.7375682370072,2.957095444496417,3.708163738250733,12.266138056517317,16.133839978042424,18.53064544189705,20.7375682370072,22.944491032117337,25.341296495971967,29.20899841749707,1.2563540263857078,0.980376297093666,2.181698121961244,21.993922263392903,inner_validation_within_outer_train
rolling_origin_2022-07-19,rolling_origin_2022-07-19__inner_1_2021-11-02,C04_probabilistic_gru_student_t,42120,70c1908d227951b86f26ede94b4eec73b621b327a6f0e2a87d98875e63514fba,P-V05-W002::C012::C014,33.57935867431581,student_t,33.57935867431581,2.8898836886023638,3.662985801696777,25.25606206953367,29.068542292873456,31.419835964219107,33.57935867431581,35.738881384412515,38.090175055758166,41.90265527909795,5.890458410923124,4.081549333464537,3.8151423051106352,27.68890026339269,inner_validation_within_outer_train
rolling_origin_2022-07-19,rolling_origin_2022-07-19__inner_1_2021-11-02,C04_probabilistic_gru_student_t,42120,70c1908d227951b86f26ede94b4eec73b621b327a6f0e2a87d98875e63514fba,P-V05-W003::C012::C014,27.878871670170465,student_t,27.878871670170465,3.0375590882105805,3.620383739471436,19.08478767705948,23.12559199757745,25.606187759712206,27.878871670170465,30.151555580628724,32.63215134276348,36.67295566328145,6.885212423579521,4.909260946019686,4.1391032364240585,34.764084093749986,inner_validation_within_outer_train
rolling_origin_2022-07-19,rolling_origin_2022-07-19__inner_1_2021-11-02,C04_probabilistic_gru_student_t,42120,70c1908d227951b86f26ede94b4eec73b621b327a6f0e2a87d98875e63514fba,P-V05-W004::C012::C014,31.15142871315698,student_t,31.15142871315698,3.014180547382622,3.643272876739502,22.44944137674406,26.44114820909679,28.897742155431416,31.15142871315698,33.40511527088255,35.861709217217175,39.8534160495699,3.997294068092757,2.4955647375674244,3.004543113407673,35.14872278124974,inner_validation_within_outer_train
rolling_origin_2022-07-19,rolling_origin_2022-07-19__inner_1_2021-11-02,C04_probabilistic_gru_student_t,42120,70c1908d227951b86f26ede94b4eec73b621b327a6f0e2a87d98875e63514fba,P-V05-W006::C012::C014,21.371712086357363,student_t,21.371712086357363,3.1060100331658003,3.579677104949951,12.33364051344476,16.4993124702665,19.04500164909791,21.371712086357363,23.698422523616816,26.244111702448222,30.40978365926996,2.2235031368570084,1.3914523945867248,2.42765315676891,23.59521522321437,inner_validation_within_outer_train
rolling_origin_2022-07-19,rolling_origin_2022-07-19__inner_1_2021-11-02,C04_probabilistic_gru_student_t,42120,70c1908d227951b86f26ede94b4eec73b621b327a6f0e2a87d98875e63514fba,P-V05-W007::C012::C014,32.31221010015995,student_t,32.31221010015995,2.998053431143342,3.584400177001953,23.593478228170497,27.610522643201023,30.066688209461148,32.31221010015995,34.557731990858755,37.01389755711888,41.03094197214941,0.9695960069829256,0.9150384832923956,2.151742964767359,33.28180610714288,inner_validation_within_outer_train
rolling_origin_2022-07-19,rolling_origin_2022-07-19__inner_1_2021-11-02,C04_probabilistic_gru_student_t,42120,70c1908d227951b86f26ede94b4eec73b621b327a6f0e2a87d98875e63514fba,P-H04-W001::C013::C014,26.949833043178373,student_t,26.949833043178373,5.425807892151384,3.3648293018341064,10.694798158892272,18.317572807294447,22.857314044482525,26.949833043178373,31.04235204187422,35.582093279062306,43.20486792746447,3.047347211285945,2.0751035413690304,2.8789663222464954,29.99718025446432,inner_validation_within_outer_train
rolling_origin_2022-07-19,rolling_origin_2022-07-19__inner_1_2021-11-02,C04_probabilistic_gru_student_t,42120,70c1908d227951b86f26ede94b4eec73b621b327a6f0e2a87d98875e63514fba,P-H04-W002::C013::C014,29.2105977940736,student_t,29.2105977940736,5.142656909242129,3.3714187145233154,13.8185659248552,21.032592083785104,25.33252049019148,29.2105977940736,33.088675097955715,37.388603504362095,44.60262966329199,3.8680822436496527,2.403087548462343,2.9687263419992664,33.07868003772325,inner_validation_within_outer_train
rolling_origin_2022-07-19,rolling_origin_2022-07-19__inner_1_2021-11-02,C04_probabilistic_gru_student_t,42120,70c1908d227951b86f26ede94b4eec73b621b327a6f0e2a87d98875e63514fba,P-H04-W003::C013::C014,28.3999014126256,student_t,28.3999014126256,5.03841322744419,3.35273551940918,13.2787833842439,20.377144298482065,24.598009046046865,28.3999014126256,32.20179377920433,36.42265852676913,43.5210194410073,7.905658017954767,5.103809281607091,3.8079355754300654,36.30555943058037,inner_validation_within_outer_train
rolling_origin_2022-07-19,rolling_origin_2022-07-19__inner_1_2021-11-02,C04_probabilistic_gru_student_t,42120,70c1908d227951b86f26ede94b4eec73b621b327a6f0e2a87d98875e63514fba,P-H04-W004::C013::C014,18.503732923194697,student_t,18.503732923194697,5.579389886419649,3.3418562412261963,1.7322359631046886,9.612711335551968,14.292050932630248,18.503732923194697,22.715414913759147,27.39475451083743,35.2752298832847,6.469668710957066,3.9587012604651863,3.445903901096783,24.973401634151763,inner_validation_within_outer_train
rolling_origin_2022-07-19,rolling_origin_2022-07-19__inner_1_2021-11-02,C04_probabilistic_gru_student_t,42120,70c1908d227951b86f26ede94b4eec73b621b327a6f0e2a87d98875e63514fba,P-H04-W005::C013::C014,28.96533811468215,student_t,28.96533811468215,5.667370450978845,3.3548455238342285,11.961869733930428,19.942425645212484,24.68915611900942,28.96533811468215,33.241520110354884,37.98825058415182,45.96880649543387,5.905530729960642,3.584341514234657,3.337717047945459,34.87086884464279,inner_validation_within_outer_train
rolling_origin_2022-07-19,rolling_origin_2022-07-19__inner_1_2021-11-02,C04_probabilistic_gru_student_t,42120,70c1908d227951b86f26ede94b4eec73b621b327a6f0e2a87d98875e63514fba,P-H04-W006::C013::C014,24.90410415047276,student_t,24.90410415047276,5.72973697764374,3.330197334289551,7.650878472246234,15.765889015901518,20.577180347949213,24.90410415047276,29.23102795299631,34.04231928504401,42.15732982869928,5.324256199750398,3.2302936156404374,3.237801280273615,30.22836035022316,inner_validation_within_outer_train
rolling_origin_2022-07-19,rolling_origin_2022-07-19__inner_1_2021-11-02,C04_probabilistic_gru_student_t,42120,70c1908d227951b86f26ede94b4eec73b621b327a6f0e2a87d98875e63514fba,P-H04-W007::C013::C014,32.47168908537304,student_t,32.47168908537304,5.231508623711325,3.399552822113037,16.876756450610664,24.168570412089228,28.53034444916356,32.47168908537304,36.41303372158252,40.77480775865686,48.06662172013542,5.594672763064423,3.399609342606171,3.284118985447733,38.06636184843747,inner_validation_within_outer_train
rolling_origin_2022-07-19,rolling_origin_2022-07-19__inner_1_2021-11-02,C04_probabilistic_gru_student_t,42120,70c1908d227951b86f26ede94b4eec73b621b327a6f0e2a87d98875e63514fba,P-V06-W001::C013::C014,0.5219980066002137,student_t,0.5219980066002137,5.501772659978984,3.3898491859436035,-15.901275024208424,-8.215897846469993,-3.62430684282649,0.5219980066002137,4.6683028560269175,9.25989385967042,16.945271037408848,0.2950126569852777,1.485231530410305,2.6986406607708693,0.8170106635854913,inner_validation_within_outer_train
rolling_origin_2022-07-19,rolling_origin_2022-07-19__inner_1_2021-11-02,C04_probabilistic_gru_student_t,42120,70c1908d227951b86f26ede94b4eec73b621b327a6f0e2a87d98875e63514fba,P-V06-W002::C013::C014,18.34956045533879,student_t,18.34956045533879,5.054558931519387,3.453454971313477,3.395012945382488,10.35638909125788,14.548265719722387,18.34956045533879,22.15085519095519,26.342731819419697,33.30410796529509,1.947415308500542,1.629729639210607,2.7044036949465817,20.29697576383933,inner_validation_within_outer_train
rolling_origin_2022-07-19,rolling_origin_2022-07-19__inner_1_2021-11-02,C04_probabilistic_gru_student_t,42120,70c1908d227951b86f26ede94b4eec73b621b327a6f0e2a87d98875e63514fba,P-V06-W004::C013::C014,20.30237866980536,student_t,20.30237866980536,4.67401512353685,3.52278995513916,6.601650745206003,12.944167846817418,16.79498692580546,20.30237866980536,23.809770413805253,27.660589492793296,34.003106594404706,1.9440632031857632,1.544895853013016,2.6394586484333438,22.24644187299112,inner_validation_within_outer_train
rolling_origin_2022-07-19,rolling_origin_2022-07-19__inner_1_2021-11-02,C04_probabilistic_gru_student_t,42120,70c1908d227951b86f26ede94b4eec73b621b327a6f0e2a87d98875e63514fba,P-V06-W005::C013::C014,38.11832186231191,student_t,38.11832186231191,3.6266890851166247,3.761897802352905,27.792623789728943,32.48910313819539,35.415676920335684,38.11832186231191,40.82096680428813,43.74754058642843,48.44401993489487,3.7273202178220046,2.2571303496679787,2.862198833795773,41.84564208013391,inner_validation_within_outer_train
rolling_origin_2022-07-19,rolling_origin_2022-07-19__inner_1_2021-11-02,C04_probabilistic_gru_student_t,42120,70c1908d227951b86f26ede94b4eec73b621b327a6f0e2a87d98875e63514fba,P-V06-W006::C013::C014,16.95513694129143,student_t,16.95513694129143,4.703226527275716,3.513031482696533,3.151081664003588,9.546335508069347,13.4247523229163,16.95513694129143,20.485521559666555,24.36393837451351,30.759192218579265,3.618458301119361,2.234180397637441,2.888833501275472,20.57359524241079,inner_validation_within_outer_train
rolling_origin_2022-07-19,rolling_origin_2022-07-19__inner_1_2021-11-02,C04_probabilistic_gru_student_t,42120,70c1908d227951b86f26ede94b4eec73b621b327a6f0e2a87d98875e63514fba,P-V06-W007::C013::C014,17.43318138379557,student_t,17.43318138379557,4.674938319387419,3.5135715007781982,3.71312964827189,10.069195232633753,13.924089916718144,17.43318138379557,20.942272850873,24.797167534957392,31.15323311931925,1.0852338324562822,1.343666568219365,2.5657734990680607,16.34794755133929,inner_validation_within_outer_train
rolling_origin_2022-07-19,rolling_origin_2022-07-19__inner_1_2021-11-02,C04_probabilistic_gru_student_t,42121,70c1908d227951b86f26ede94b4eec73b621b327a6f0e2a87d98875e63514fba,P-D01-W001::C012::C014,42.78668969149976,student_t,42.78668969149976,4.464914051558428,3.368987560272217,29.41844336861613,35.68524439691937,39.419420033944114,42.78668969149976,46.153959349055405,49.88813498608015,56.15493601438338,63.373356733500245,59.13637625066048,11.461336860408142,106.160046425,inner_validation_within_outer_train
rolling_origin_2022-07-19,rolling_origin_2022-07-19__inner_1_2021-11-02,C04_probabilistic_gru_student_t,42121,70c1908d227951b86f26ede94b4eec73b621b327a6f0e2a87d98875e63514fba,P-D01-W002::C012::C014,50.39468845415048,student_t,50.39468845415048,4.048093603404785,3.297249317169189,38.1445911692088,43.92304632306767,47.33414541612691,50.39468845415048,53.45523149217406,56.8663305852333,62.64478573909216,3.666185334507624,2.2277115858962606,2.869261180412196,46.72850311964286,inner_validation_within_outer_train
rolling_origin_2022-07-19,rolling_origin_2022-07-19__inner_1_2021-11-02,C04_probabilistic_gru_student_t,42121,70c1908d227951b86f26ede94b4eec73b621b327a6f0e2a87d98875e63514fba,P-D01-W003::C012::C014,2.4331026388898103,student_t,2.4331026388898103,3.8556332915314977,3.438486337661743,-8.997819657299331,-3.670195013381572,-0.4679468480782986,2.4331026388898103,5.334152125857919,8.536400291161193,13.864024935078946,3.0614389883423403,1.8822414968939976,2.713857779445916,5.494541627232151,inner_validation_within_outer_train
rolling_origin_2022-07-19,rolling_origin_2022-07-19__inner_1_2021-11-02,C04_probabilistic_gru_student_t,42121,70c1908d227951b86f26ede94b4eec73b621b327a6f0e2a87d98875e63514fba,P-D01-W004::C012::C014,2.359673251881357,student_t,2.359673251881357,3.886644617381709,3.436309814453125,-9.16666425240051,-3.793610700330879,-0.5649175123886616,2.359673251881357,5.2842640161513765,8.512957204093595,13.886010756163223,0.4435954496492367,1.0618331105444805,2.356688386800325,1.9160778022321208,inner_validation_within_outer_train
rolling_origin_2022-07-19,rolling_origin_2022-07-19__inner_1_2021-11-02,C04_probabilistic_gru_student_t,42121,70c1908d227951b86f26ede94b4eec73b621b327a6f0e2a87d98875e63514fba,P-D01-W005::C012::C014,34.41814019154471,student_t,34.41814019154471,3.742967151482078,3.4255917072296143,23.301332257802127,28.488052668682613,31.600673293264947,34.41814019154471,37.23560708982447,40.3482277144068,45.534948125287286,2.794911888366059,1.7374846387678062,2.6445441011545423,37.21305207991077,inner_validation_within_outer_train
rolling_origin_2022-07-19,rolling_origin_2022-07-19__inner_1_2021-11-02,C04_probabilistic_gru_student_t,42121,70c1908d227951b86f26ede94b4eec73b621b327a6f0e2a87d98875e63514fba,P-D01-W006::C012::C014,23.5387569685566,student_t,23.5387569685566,3.5403163683642918,3.453864336013794,13.064873997803009,17.940328307770898,20.876287692567384,23.5387569685566,26.20122624454581,29.1371856293423,34.01263993931018,4.3669528684970125,2.693217434880535,3.0674519259422075,27.90570983705361,inner_validation_within_outer_train
rolling_origin_2022-07-19,rolling_origin_2022-07-19__inner_1_2021-11-02,C04_probabilistic_gru_student_t,42121,70c1908d227951b86f26ede94b4eec73b621b327a6f0e2a87d98875e63514fba,P-D01-W007::C012::C014,30.09886834014239,student_t,30.09886834014239,3.7381055029978585,3.4205479621887207,18.98866601259941,24.17446456171346,27.28459369155353,30.09886834014239,32.91314298873125,36.02327211857132,41.20907066768537,6.958202176303125,4.691481030729507,3.8559804482062754,23.140666163839263,inner_validation_within_outer_train
rolling_origin_2022-07-19,rolling_origin_2022-07-19__inner_1_2021-11-02,C04_probabilistic_gru_student_t,42121,70c1908d227951b86f26ede94b4eec73b621b327a6f0e2a87d98875e63514fba,P-H01-W001::C012::C014,23.980318445910957,student_t,23.980318445910957,4.196190637091065,3.400210380554199,11.472798200954184,17.3206910940749,20.81903713883174,23.980318445910957,27.141599752990167,30.639945797747007,36.48783869086772,0.5652958316252175,1.155984435113529,2.437382003643382,23.415022614285736,inner_validation_within_outer_train
rolling_origin_2022-07-19,rolling_origin_2022-07-19__inner_1_2021-11-02,C04_probabilistic_gru_student_t,42121,70c1908d227951b86f26ede94b4eec73b621b327a6f0e2a87d98875e63514fba,P-H01-W002::C012::C014,21.47894035500912,student_t,21.47894035500912,4.791892053588472,3.3872671127319336,7.16943750316538,13.867117041996885,17.867309906839346,21.47894035500912,25.09057080317889,29.09076366802136,35.788443206852854,38.922918817089126,34.962688906589314,9.182052921299842,60.40185917209824,inner_validation_within_outer_train
rolling_origin_2022-07-19,rolling_origin_2022-07-19__inner_1_2021-11-02,C04_probabilistic_gru_student_t,42121,70c1908d227951b86f26ede94b4eec73b621b327a6f0e2a87d98875e63514fba,P-H01-W003::C012::C014,21.76050269754196,student_t,21.76050269754196,3.958276870454207,3.426053285598755,10.004971115604633,15.48948921268245,18.781009582375216,21.76050269754196,24.739995812708703,28.031516182401468,33.516034279479285,70.81809533683301,66.78240492084143,12.431278982005454,92.57859803437496,inner_validation_within_outer_train
rolling_origin_2022-07-19,rolling_origin_2022-07-19__inner_1_2021-11-02,C04_probabilistic_gru_student_t,42121,70c1908d227951b86f26ede94b4eec73b621b327a6f0e2a87d98875e63514fba,P-H01-W004::C012::C014,28.507722633243127,student_t,28.507722633243127,4.096536911575684,3.394327163696289,16.287015373205282,22.003624569675463,25.42091024537779,28.507722633243127,31.594535021108463,35.01182069681079,40.72842989328097,3.2609417011002577,2.0053885880391844,2.7778237855931054,25.24678093214287,inner_validation_within_outer_train
rolling_origin_2022-07-19,rolling_origin_2022-07-19__inner_1_2021-11-02,C04_probabilistic_gru_student_t,42121,70c1908d227951b86f26ede94b4eec73b621b327a6f0e2a87d98875e63514fba,P-H01-W005::C012::C014,49.398434973291685,student_t,49.398434973291685,4.410522326096668,3.3053202629089355,36.06791665021888,42.35153974264907,46.06483323616993,49.398434973291685,52.73203671041344,56.445330203934304,62.728953296364494,7.482829581773828,4.919113325150229,3.8259145871909177,41.91560539151786,inner_validation_within_outer_train
rolling_origin_2022-07-19,rolling_origin_2022-07-19__inner_1_2021-11-02,C04_probabilistic_gru_student_t,42121,70c1908d227951b86f26ede94b4eec73b621b327a6f0e2a87d98875e63514fba,P-H01-W006::C012::C014,34.421826159407146,student_t,34.421826159407146,4.196979071131231,3.3351993560791016,21.793386103344705,27.73056526365493,31.25294589035167,34.421826159407146,37.590706428462624,41.11308705515936,47.050266215469584,4.489978476817853,2.7289947210149377,3.0667282077673272,29.931847682589293,inner_validation_within_outer_train
rolling_origin_2022-07-19,rolling_origin_2022-07-19__inner_1_2021-11-02,C04_probabilistic_gru_student_t,42121,70c1908d227951b86f26ede94b4eec73b621b327a6f0e2a87d98875e63514fba,P-H01-W007::C012::C014,30.11656798730029,student_t,30.11656798730029,4.630004704435008,3.329368829727173,16.17310631545336,22.731849667227483,26.62002777896198,30.11656798730029,33.6131081956386,37.50128630737309,44.06002965914721,2.617753806896115,1.779162662385493,2.7240130077291838,32.734321794196404,inner_validation_within_outer_train
rolling_origin_2022-07-19,rolling_origin_2022-07-19__inner_1_2021-11-02,C04_probabilistic_gru_student_t,42121,70c1908d227951b86f26ede94b4eec73b621b327a6f0e2a87d98875e63514fba,P-H02-W001::C012::C014,39.099706933220304,student_t,39.099706933220304,4.218294981766879,3.302982807159424,26.345668423364607,32.35879298043318,35.911132512948775,39.099706933220304,42.28828135349183,45.84062088600743,51.853745443076,3.234251468041755,2.004486173524328,2.7854188205688613,35.86545546517855,inner_validation_within_outer_train
rolling_origin_2022-07-19,rolling_origin_2022-07-19__inner_1_2021-11-02,C04_probabilistic_gru_student_t,42121,70c1908d227951b86f26ede94b4eec73b621b327a6f0e2a87d98875e63514fba,P-H02-W003::C012::C014,22.253683834428244,student_t,22.253683834428244,4.587792658458183,3.3531932830810547,8.485876798454063,14.94869435280072,18.791875743031003,22.253683834428244,25.71549192582549,29.55867331605577,36.021490870402424,23.95807945619673,20.42331585981092,7.330227732582495,46.21176329062498,inner_validation_within_outer_train
rolling_origin_2022-07-19,rolling_origin_2022-07-19__inner_1_2021-11-02,C04_probabilistic_gru_student_t,42121,70c1908d227951b86f26ede94b4eec73b621b327a6f0e2a87d98875e63514fba,P-H02-W004::C012::C014,21.66635530861987,student_t,21.66635530861987,3.837778435943687,3.438307762145996,10.28808659190105,15.591248507808524,18.778723320698774,21.66635530861987,24.553987296540967,27.741462109431215,33.044624025338685,3.7689250610230047,2.2830693846791155,2.8842869027938605,25.435280369642875,inner_validation_within_outer_train
rolling_origin_2022-07-19,rolling_origin_2022-07-19__inner_1_2021-11-02,C04_probabilistic_gru_student_t,42121,70c1908d227951b86f26ede94b4eec73b621b327a6f0e2a87d98875e63514fba,P-H02-W005::C012::C014,5.539662871998768,student_t,5.539662871998768,4.168047724120188,3.444874763488769,-6.806583976183347,-1.0553588254284287,2.4041992996207115,5.539662871998768,8.675126444376826,12.134684569425966,17.88590972018088,3.42176824956373,2.0940859512470738,2.81513562275911,8.961431121562498,inner_validation_within_outer_train
rolling_origin_2022-07-19,rolling_origin_2022-07-19__inner_1_2021-11-02,C04_probabilistic_gru_student_t,42121,70c1908d227951b86f26ede94b4eec73b621b327a6f0e2a87d98875e63514fba,P-H02-W006::C012::C014,19.60078080309968,student_t,19.60078080309968,3.8672373676975216,3.4236884117126465,8.111829431100004,13.473021279251466,16.68958896714625,19.60078080309968,22.511972639053116,25.728540326947897,31.089732175099357,2.6291988794389347,1.6713187464927843,2.6236502583835453,16.971581923660747,inner_validation_within_outer_train
rolling_origin_2022-07-19,rolling_origin_2022-07-19__inner_1_2021-11-02,C04_probabilistic_gru_student_t,42121,70c1908d227951b86f26ede94b4eec73b621b327a6f0e2a87d98875e63514fba,P-H02-W007::C012::C014,29.613969633143675,student_t,29.613969633143675,4.14566796967553,3.3871357440948486,17.23398213974351,23.028600365953334,26.4893819619976,29.613969633143675,32.73855730428975,36.19933890033401,41.99395712654383,9.664182466409798,6.918882020699481,4.513505833463776,39.27815209955347,inner_validation_within_outer_train
rolling_origin_2022-07-19,rolling_origin_2022-07-19__inner_1_2021-11-02,C04_probabilistic_gru_student_t,42121,70c1908d227951b86f26ede94b4eec73b621b327a6f0e2a87d98875e63514fba,P-H03-W001::C012::C014,49.88937689554445,student_t,49.88937689554445,4.067003318680914,3.3353500366210938,37.65229896164927,43.40540670680744,46.8186493708183,49.88937689554445,52.96010442027059,56.37334708428145,62.12645482943962,1.7156390964373145,1.3595304134558492,2.5084476691199766,48.17373779910713,inner_validation_within_outer_train
rolling_origin_2022-07-19,rolling_origin_2022-07-19__inner_1_2021-11-02,C04_probabilistic_gru_student_t,42121,70c1908d227951b86f26ede94b4eec73b621b327a6f0e2a87d98875e63514fba,P-H03-W003::C012::C014,46.01130870565507,student_t,46.01130870565507,3.993529011068993,3.3568851947784424,34.03333896076355,39.6542018785205,42.99829536402657,46.01130870565507,49.02432204728357,52.36841553278963,57.98927845054658,5.12504368958367,3.1788088886593946,3.246698012839404,40.8862650160714,inner_validation_within_outer_train
rolling_origin_2022-07-19,rolling_origin_2022-07-19__inner_1_2021-11-02,C04_probabilistic_gru_student_t,42121,70c1908d227951b86f26ede94b4eec73b621b327a6f0e2a87d98875e63514fba,P-H03-W004::C012::C014,51.82808322498245,student_t,51.82808322498245,3.728538343851126,3.347763061523437,40.62994680040597,45.88897363756314,49.01411664631372,51.82808322498245,54.64204980365118,57.76719281240177,63.026219649558925,12.280012679893233,9.583081904512175,5.449005926078794,39.54807054508922,inner_validation_within_outer_train
rolling_origin_2022-07-19,rolling_origin_2022-07-19__inner_1_2021-11-02,C04_probabilistic_gru_student_t,42121,70c1908d227951b86f26ede94b4eec73b621b327a6f0e2a87d98875e63514fba,P-H03-W005::C012::C014,51.58178944231946,student_t,51.58178944231946,3.9746942667310647,3.344877243041992,39.63928687164594,45.24928656757248,48.58174791456267,51.58178944231946,54.581830970076254,57.91429231706644,63.52429201299297,9.37956324455164,6.732560675144969,4.501929519279996,42.20222619776782,inner_validation_within_outer_train
rolling_origin_2022-07-19,rolling_origin_2022-07-19__inner_1_2021-11-02,C04_probabilistic_gru_student_t,42121,70c1908d227951b86f26ede94b4eec73b621b327a6f0e2a87d98875e63514fba,P-H03-W006::C012::C014,55.58149271288571,student_t,55.58149271288571,4.186059956718767,3.3022828102111816,42.92357353524831,48.89174902328184,52.41720602887409,55.58149271288571,58.74577939689733,62.27123640248959,68.23941189052312,5.122838747707071,3.155042564697576,3.229850520068178,50.45865396517864,inner_validation_within_outer_train
rolling_origin_2022-07-19,rolling_origin_2022-07-19__inner_1_2021-11-02,C04_probabilistic_gru_student_t,42121,70c1908d227951b86f26ede94b4eec73b621b327a6f0e2a87d98875e63514fba,P-H03-W007::C012::C014,19.23678016908371,student_t,19.23678016908371,3.437477307367184,3.493199825286865,9.121126709037531,13.81495496702749,16.654897718619903,19.23678016908371,21.818662619547517,24.658605371139927,29.352433629129884,1.1117780260055523,1.0524329749744086,2.290633681777578,20.34855819508926,inner_validation_within_outer_train
rolling_origin_2022-07-19,rolling_origin_2022-07-19__inner_1_2021-11-02,C04_probabilistic_gru_student_t,42121,70c1908d227951b86f26ede94b4eec73b621b327a6f0e2a87d98875e63514fba,P-H05-W001::C012::C014,32.97867920301175,student_t,32.97867920301175,3.438731986291614,3.3901467323303223,22.71419976744517,27.517409370503984,30.38717106121993,32.97867920301175,35.57018734480357,38.43994903551952,43.24315863857833,4.861731712166815,3.0692369241751067,3.244201379985779,37.840410915178566,inner_validation_within_outer_train
rolling_origin_2022-07-19,rolling_origin_2022-07-19__inner_1_2021-11-02,C04_probabilistic_gru_student_t,42121,70c1908d227951b86f26ede94b4eec73b621b327a6f0e2a87d98875e63514fba,P-H05-W002::C012::C014,40.6364779535074,student_t,40.6364779535074,3.4744392190891134,3.3541293144226074,30.211235420622916,35.10460981799297,38.01485657326802,40.6364779535074,43.25809933374679,46.16834608902183,51.06172048639189,0.3448438098855249,0.9486519092844956,2.2442824814186397,40.98132176339293,inner_validation_within_outer_train
rolling_origin_2022-07-19,rolling_origin_2022-07-19__inner_1_2021-11-02,C04_probabilistic_gru_student_t,42121,70c1908d227951b86f26ede94b4eec73b621b327a6f0e2a87d98875e63514fba,P-H05-W003::C012::C014,33.86544049425336,student_t,33.86544049425336,3.3596010904127347,3.379528284072876,23.821878289642704,28.525919731176888,31.332661419852787,33.86544049425336,36.39821956865393,39.20496125732983,43.909002698864,6.890030016574915,4.763935095713693,3.9741791391239016,26.97541047767844,inner_validation_within_outer_train
rolling_origin_2022-07-19,rolling_origin_2022-07-19__inner_1_2021-11-02,C04_probabilistic_gru_student_t,42121,70c1908d227951b86f26ede94b4eec73b621b327a6f0e2a87d98875e63514fba,P-H05-W004::C012::C014,21.704332735777424,student_t,21.704332735777424,3.3429906904396,3.392658233642578,11.729215671451842,16.39603495414822,19.1851897505059,21.704332735777424,24.22347572104895,27.012630517406627,31.679449800103,1.7966392910080555,1.2465197846602298,2.377967476778246,23.50097202678548,inner_validation_within_outer_train
rolling_origin_2022-07-19,rolling_origin_2022-07-19__inner_1_2021-11-02,C04_probabilistic_gru_student_t,42121,70c1908d227951b86f26ede94b4eec73b621b327a6f0e2a87d98875e63514fba,P-H05-W005::C012::C014,14.259714854896137,student_t,14.259714854896137,3.4652230602439564,3.422137975692749,3.962851927568023,8.768384367702911,11.651019518626695,14.259714854896137,16.868410191165573,19.75104534208936,24.556577782224245,1.8900465245678892,1.301450778531967,2.418131411125655,16.149761379464024,inner_validation_within_outer_train
rolling_origin_2022-07-19,rolling_origin_2022-07-19__inner_1_2021-11-02,C04_probabilistic_gru_student_t,42121,70c1908d227951b86f26ede94b4eec73b621b327a6f0e2a87d98875e63514fba,P-H05-W006::C012::C014,17.108008260633113,student_t,17.108008260633113,3.3365286292828844,3.409934759140014,7.176546125474534,11.816238491296058,14.595183273354245,17.108008260633113,19.620833247911985,22.39977802997017,27.03947039579169,2.75056249383125,1.6831357999316867,2.596948668458644,19.858570754464363,inner_validation_within_outer_train
rolling_origin_2022-07-19,rolling_origin_2022-07-19__inner_1_2021-11-02,C04_probabilistic_gru_student_t,42121,70c1908d227951b86f26ede94b4eec73b621b327a6f0e2a87d98875e63514fba,P-H05-W007::C012::C014,25.93878178614566,student_t,25.93878178614566,3.5204918217637573,3.4195384979248047,15.473879336680826,20.35888565437317,23.28825179042253,25.93878178614566,28.589311781868787,31.51867791791815,36.40368423561049,0.5068384535563517,0.972568402017342,2.2630473863484184,25.43194333258931,inner_validation_within_outer_train
rolling_origin_2022-07-19,rolling_origin_2022-07-19__inner_1_2021-11-02,C04_probabilistic_gru_student_t,42121,70c1908d227951b86f26ede94b4eec73b621b327a6f0e2a87d98875e63514fba,P-H06-W001::C012::C014,1.6741439497318211,student_t,1.6741439497318211,3.9315540681474266,3.435293197631836,-9.9870221385115,-4.550664207699352,-1.284338185500887,1.6741439497318211,4.63262608496453,7.898952107162995,13.33531003797514,3.0712468819645418,1.8933976398767889,2.7224149861754388,4.745390831696363,inner_validation_within_outer_train
rolling_origin_2022-07-19,rolling_origin_2022-07-19__inner_1_2021-11-02,C04_probabilistic_gru_student_t,42121,70c1908d227951b86f26ede94b4eec73b621b327a6f0e2a87d98875e63514fba,P-H06-W002::C012::C014,0.8486705485266803,student_t,0.8486705485266803,4.128817786619059,3.415278911590576,-11.43186286350642,-5.69729834420182,-2.2602971640781044,0.8486705485266803,3.957638261131465,7.394639441255181,13.129203960559773,3.816337237187613,2.314083194707765,2.9020730146779434,4.665007785714293,inner_validation_within_outer_train
rolling_origin_2022-07-19,rolling_origin_2022-07-19__inner_1_2021-11-02,C04_probabilistic_gru_student_t,42121,70c1908d227951b86f26ede94b4eec73b621b327a6f0e2a87d98875e63514fba,P-H06-W003::C012::C014,1.5883648045397862,student_t,1.5883648045397862,3.987871493410239,3.4335432052612305,-10.242714805831053,-4.726351744938645,-1.4126677538412866,1.5883648045397862,4.58939736292086,7.903081354018218,13.419444414910624,3.678810219567339,2.230476833970893,2.864906735320224,5.267175024107125,inner_validation_within_outer_train
rolling_origin_2022-07-19,rolling_origin_2022-07-19__inner_1_2021-11-02,C04_probabilistic_gru_student_t,42121,70c1908d227951b86f26ede94b4eec73b621b327a6f0e2a87d98875e63514fba,P-H06-W004::C012::C014,2.13569230745372,student_t,2.13569230745372,4.039783291763341,3.431334972381592,-9.853076370223723,-4.262174480086739,-0.904625752511993,2.13569230745372,5.176010367419433,8.533559094994182,14.12446098513116,1.4521451949537385,1.2753705072813593,2.468943972440756,0.6835471124999815,inner_validation_within_outer_train
rolling_origin_2022-07-19,rolling_origin_2022-07-19__inner_1_2021-11-02,C04_probabilistic_gru_student_t,42121,70c1908d227951b86f26ede94b4eec73b621b327a6f0e2a87d98875e63514fba,P-H06-W005::C012::C014,2.1204651522701106,student_t,2.1204651522701106,4.22575613910416,3.426632642745972,-10.428428077200616,-4.574048491907566,-1.060305685175002,2.1204651522701106,5.301235989715224,8.814978796447788,14.669358381740834,0.7654585281629747,1.185899866831714,2.4532385859210786,1.355006624107136,inner_validation_within_outer_train
rolling_origin_2022-07-19,rolling_origin_2022-07-19__inner_1_2021-11-02,C04_probabilistic_gru_student_t,42121,70c1908d227951b86f26ede94b4eec73b621b327a6f0e2a87d98875e63514fba,P-H06-W006::C012::C014,2.4631232330856214,student_t,2.4631232330856214,3.997732650161733,3.432429313659668,-9.39904775290323,-3.867681762935498,-0.5454399208952685,2.4631232330856214,5.471686387066511,8.793928229106742,14.325294219074472,1.885934963889204,1.3958088275693123,2.515782926995567,0.5771882691964176,inner_validation_within_outer_train
rolling_origin_2022-07-19,rolling_origin_2022-07-19__inner_1_2021-11-02,C04_probabilistic_gru_student_t,42121,70c1908d227951b86f26ede94b4eec73b621b327a6f0e2a87d98875e63514fba,P-H06-W007::C012::C014,4.967363231124217,student_t,4.967363231124217,3.994734742025507,3.41387152671814,-6.916712680503448,-1.3666313693477532,1.9592189199204908,4.967363231124217,7.975507542327944,11.301357831596189,16.85143914275188,5.855292264293858,3.725120230897863,3.453535930582475,-0.8879290331696407,inner_validation_within_outer_train
rolling_origin_2022-07-19,rolling_origin_2022-07-19__inner_1_2021-11-02,C04_probabilistic_gru_student_t,42121,70c1908d227951b86f26ede94b4eec73b621b327a6f0e2a87d98875e63514fba,P-H07-W001::C012::C014,29.92428487946275,student_t,29.92428487946275,3.807444636712669,3.453439712524414,18.659458099326223,23.90326729177682,27.06088441450401,29.92428487946275,32.78768534442149,35.94530246714868,41.18911165959928,1.6747341276770236,1.2891965741572666,2.448740236269168,28.249550751785726,inner_validation_within_outer_train
rolling_origin_2022-07-19,rolling_origin_2022-07-19__inner_1_2021-11-02,C04_probabilistic_gru_student_t,42121,70c1908d227951b86f26ede94b4eec73b621b327a6f0e2a87d98875e63514fba,P-H07-W002::C012::C014,46.33611998561166,student_t,46.33611998561166,3.964586821153664,3.338853597640991,34.41338836854311,40.01701184460102,43.34308409906766,46.33611998561166,49.32915587215566,52.6552281266223,58.25885160268021,11.98963882668302,9.17184031483298,5.231372395577635,34.34648115892864,inner_validation_within_outer_train
rolling_origin_2022-07-19,rolling_origin_2022-07-19__inner_1_2021-11-02,C04_probabilistic_gru_student_t,42121,70c1908d227951b86f26ede94b4eec73b621b327a6f0e2a87d98875e63514fba,P-H07-W003::C012::C014,4.7131485519822505,student_t,4.7131485519822505,3.488150846050916,3.51057767868042,-5.527954257803893,-0.7824556875980173,2.0946358565716485,4.7131485519822505,7.331661247392852,10.20875279156252,14.95425136176839,6.510569021625223,4.397397150726494,3.793251997175783,-1.7974204696429723,inner_validation_within_outer_train
rolling_origin_2022-07-19,rolling_origin_2022-07-19__inner_1_2021-11-02,C04_probabilistic_gru_student_t,42121,70c1908d227951b86f26ede94b4eec73b621b327a6f0e2a87d98875e63514fba,P-H07-W004::C012::C014,28.24254051131531,student_t,28.24254051131531,3.632703179427729,3.4775710105896,17.529928250814034,22.506969253008386,25.51267072791062,28.24254051131531,30.97241029472,33.97811176962224,38.95515277181658,0.8141482881010589,1.040599896895304,2.311999301397096,27.42839222321425,inner_validation_within_outer_train
rolling_origin_2022-07-19,rolling_origin_2022-07-19__inner_1_2021-11-02,C04_probabilistic_gru_student_t,42121,70c1908d227951b86f26ede94b4eec73b621b327a6f0e2a87d98875e63514fba,P-H07-W005::C012::C014,5.000080300717123,student_t,5.000080300717123,3.699303395520097,3.5029284954071045,-5.871967848651151,-0.8310560332035619,2.2223921308853725,5.000080300717123,7.777768470548873,10.831216634637808,15.872128450085397,10.287290352636765,7.727039653379956,4.921731120625911,-5.287210051919641,inner_validation_within_outer_train
rolling_origin_2022-07-19,rolling_origin_2022-07-19__inner_1_2021-11-02,C04_probabilistic_gru_student_t,42121,70c1908d227951b86f26ede94b4eec73b621b327a6f0e2a87d98875e63514fba,P-H07-W006::C012::C014,24.86857845887272,student_t,24.86857845887272,4.715496357764852,3.3266494274139404,10.661898586433995,17.34603456415787,21.307137973283396,24.86857845887272,28.43001894446205,32.391122353587576,39.075258331311446,10.82357542226558,7.708158492454583,4.597407821997206,14.045003036607142,inner_validation_within_outer_train
rolling_origin_2022-07-19,rolling_origin_2022-07-19__inner_1_2021-11-02,C04_probabilistic_gru_student_t,42121,70c1908d227951b86f26ede94b4eec73b621b327a6f0e2a87d98875e63514fba,P-H07-W007::C012::C014,12.358619152653574,student_t,12.358619152653574,3.715413782707052,3.496742486953736,1.4302342651179778,6.499754479936764,9.568291116925304,12.358619152653574,15.148947188381843,18.217483825370387,23.287004040189167,5.28412897118036,3.3418849296371205,3.3282875470931765,7.074490181473214,inner_validation_within_outer_train
rolling_origin_2022-07-19,rolling_origin_2022-07-19__inner_1_2021-11-02,C04_probabilistic_gru_student_t,42121,70c1908d227951b86f26ede94b4eec73b621b327a6f0e2a87d98875e63514fba,P-V01-W001::C012::C014,25.85576851093815,student_t,25.85576851093815,3.929971313919052,3.4286773204803467,14.188570555090989,19.630699751018888,22.897836588235744,25.85576851093815,28.81370043364056,32.080837270857415,37.52296646678531,4.057846674329671,2.4611497292761584,2.9590686723458925,29.913615185267822,inner_validation_within_outer_train
rolling_origin_2022-07-19,rolling_origin_2022-07-19__inner_1_2021-11-02,C04_probabilistic_gru_student_t,42121,70c1908d227951b86f26ede94b4eec73b621b327a6f0e2a87d98875e63514fba,P-V01-W002::C012::C014,26.962098536505795,student_t,26.962098536505795,3.996217431737192,3.4127097129821777,15.071667482317958,20.625252477945587,23.952721937260712,26.962098536505795,29.97147513575088,33.298944595066004,38.85252959069364,9.729061515279962,7.0483070851649785,4.597899092817723,36.69116005178576,inner_validation_within_outer_train
rolling_origin_2022-07-19,rolling_origin_2022-07-19__inner_1_2021-11-02,C04_probabilistic_gru_student_t,42121,70c1908d227951b86f26ede94b4eec73b621b327a6f0e2a87d98875e63514fba,P-V01-W003::C012::C014,25.09978387552696,student_t,25.09978387552696,3.5134250363451924,3.484404325485229,14.748444276996866,19.55500700247255,22.46012204911267,25.09978387552696,27.739445701941243,30.64456074858136,35.45112347405704,1.87596876659838,1.3024107721043374,2.4227114590034504,23.223815108928576,inner_validation_within_outer_train
rolling_origin_2022-07-19,rolling_origin_2022-07-19__inner_1_2021-11-02,C04_probabilistic_gru_student_t,42121,70c1908d227951b86f26ede94b4eec73b621b327a6f0e2a87d98875e63514fba,P-V01-W004::C012::C014,28.73981530926516,student_t,28.73981530926516,3.5578973631695843,3.469857931137085,18.23684654614118,23.119515927247186,26.06550091559256,28.73981530926516,31.41412970293776,34.36011469128314,39.24278407238913,6.06477158471159,3.999229614811228,3.618857901078946,22.675043724553568,inner_validation_within_outer_train
rolling_origin_2022-07-19,rolling_origin_2022-07-19__inner_1_2021-11-02,C04_probabilistic_gru_student_t,42121,70c1908d227951b86f26ede94b4eec73b621b327a6f0e2a87d98875e63514fba,P-V01-W005::C012::C014,40.929227694884446,student_t,40.929227694884446,3.335652212819375,3.3956894874572754,30.980307639763616,35.633687410289404,38.41586990948484,40.929227694884446,43.44258548028405,46.22476797947949,50.87814775000528,6.735196885509389,4.639015520467101,3.929796964525196,34.19403080937506,inner_validation_within_outer_train
rolling_origin_2022-07-19,rolling_origin_2022-07-19__inner_1_2021-11-02,C04_probabilistic_gru_student_t,42121,70c1908d227951b86f26ede94b4eec73b621b327a6f0e2a87d98875e63514fba,P-V01-W006::C012::C014,34.887299648480294,student_t,34.887299648480294,3.558060316531128,3.452073097229004,24.35833600835315,29.26014350306541,32.21133113413214,34.887299648480294,37.56326816282845,40.51445579389517,45.41626328860744,3.4555198162517518,2.0928727481604392,2.797350628041359,38.342819464732045,inner_validation_within_outer_train
rolling_origin_2022-07-19,rolling_origin_2022-07-19__inner_1_2021-11-02,C04_probabilistic_gru_student_t,42121,70c1908d227951b86f26ede94b4eec73b621b327a6f0e2a87d98875e63514fba,P-V01-W007::C012::C014,43.62666036553148,student_t,43.62666036553148,3.805585543323655,3.3648838996887207,32.22569740647809,37.572137308042144,40.756230292441934,43.62666036553148,46.49709043862102,49.68118342302081,55.02762332458486,0.7199232271385867,1.0747807811994847,2.351794500379711,42.90673713839289,inner_validation_within_outer_train
rolling_origin_2022-07-19,rolling_origin_2022-07-19__inner_1_2021-11-02,C04_probabilistic_gru_student_t,42121,70c1908d227951b86f26ede94b4eec73b621b327a6f0e2a87d98875e63514fba,P-V02-W001::C012::C014,36.68020268318424,student_t,36.68020268318424,4.07700450379632,3.3606109619140625,24.45850947786769,30.19191727983868,33.60460144324125,36.68020268318424,39.75580392312723,43.168488086529806,48.9018958885008,2.636464159226364,1.7032478925569028,2.653397180535551,39.316666842410605,inner_validation_within_outer_train
rolling_origin_2022-07-19,rolling_origin_2022-07-19__inner_1_2021-11-02,C04_probabilistic_gru_student_t,42121,70c1908d227951b86f26ede94b4eec73b621b327a6f0e2a87d98875e63514fba,P-V02-W003::C012::C014,9.73823368147907,student_t,9.73823368147907,4.347113021836802,3.4034273624420166,-3.213228170823289,2.8406025151459247,6.463603360414496,9.73823368147907,13.012864002543644,16.635864847812215,22.689695533781425,2.484442948979078,1.6776638068149692,2.6627046849757656,7.253790732499992,inner_validation_within_outer_train
rolling_origin_2022-07-19,rolling_origin_2022-07-19__inner_1_2021-11-02,C04_probabilistic_gru_student_t,42121,70c1908d227951b86f26ede94b4eec73b621b327a6f0e2a87d98875e63514fba,P-V02-W004::C012::C014,16.17385550038559,student_t,16.17385550038559,4.254627695243002,3.409034490585327,3.5079842840078577,9.42555684839299,12.969490892524522,16.17385550038559,19.37822010824665,22.92215415237819,28.83972671676332,0.995537322516185,1.2292321842458989,2.4744416544515984,17.169392822901774,inner_validation_within_outer_train
rolling_origin_2022-07-19,rolling_origin_2022-07-19__inner_1_2021-11-02,C04_probabilistic_gru_student_t,42121,70c1908d227951b86f26ede94b4eec73b621b327a6f0e2a87d98875e63514fba,P-V02-W005::C012::C014,45.884269521482445,student_t,45.884269521482445,4.278714122822152,3.332089424133301,33.003948491998145,39.06117997880412,42.65332699616601,45.884269521482445,49.11521204679888,52.70735906416077,58.76459055096674,1.810068589339572,1.4320454975515018,2.5599107429256405,44.07420093214287,inner_validation_within_outer_train
rolling_origin_2022-07-19,rolling_origin_2022-07-19__inner_1_2021-11-02,C04_probabilistic_gru_student_t,42121,70c1908d227951b86f26ede94b4eec73b621b327a6f0e2a87d98875e63514fba,P-V02-W006::C012::C014,25.159155901825542,student_t,25.159155901825542,3.880959217969079,3.419297218322754,13.622349286899851,19.007826970828248,22.23721168712713,25.159155901825542,28.081100116523952,31.31048483282284,36.69596251675124,0.4547438259326419,1.0621253443173226,2.356035025986514,24.7044120758929,inner_validation_within_outer_train
rolling_origin_2022-07-19,rolling_origin_2022-07-19__inner_1_2021-11-02,C04_probabilistic_gru_student_t,42121,70c1908d227951b86f26ede94b4eec73b621b327a6f0e2a87d98875e63514fba,P-V02-W007::C012::C014,21.21912701968881,student_t,21.21912701968881,4.09988489062169,3.411390781402588,9.017974908094262,14.717310865262592,18.13154803503319,21.21912701968881,24.30670600434442,27.72094317411502,33.42027913128335,0.3333716170076037,1.111388822829048,2.406490852242783,21.55249863669641,inner_validation_within_outer_train
rolling_origin_2022-07-19,rolling_origin_2022-07-19__inner_1_2021-11-02,C04_probabilistic_gru_student_t,42121,70c1908d227951b86f26ede94b4eec73b621b327a6f0e2a87d98875e63514fba,P-V03-W001::C012::C014,26.8547965361049,student_t,26.8547965361049,3.946551973354719,3.387219190597534,15.069559379877608,20.58575802431374,23.88029083160904,26.8547965361049,29.82930224060076,33.12383504789606,38.64003369233218,1.349904082087008,1.2307041568176025,2.439095672383646,25.50489245401789,inner_validation_within_outer_train
rolling_origin_2022-07-19,rolling_origin_2022-07-19__inner_1_2021-11-02,C04_probabilistic_gru_student_t,42121,70c1908d227951b86f26ede94b4eec73b621b327a6f0e2a87d98875e63514fba,P-V03-W002::C012::C014,30.64456878781901,student_t,30.64456878781901,4.058791832367097,3.3731043338775635,18.499519232855807,24.190916755843467,27.58400919769724,30.64456878781901,33.70512837794079,37.09822081979456,42.78961834278222,6.934823606823873,4.570867201065597,3.756280194677639,37.57939239464289,inner_validation_within_outer_train
rolling_origin_2022-07-19,rolling_origin_2022-07-19__inner_1_2021-11-02,C04_probabilistic_gru_student_t,42121,70c1908d227951b86f26ede94b4eec73b621b327a6f0e2a87d98875e63514fba,P-V03-W003::C012::C014,32.583508394597786,student_t,32.583508394597786,3.3941131253607395,3.3748464584350586,22.429920947295955,27.187379239302675,30.02430548702313,32.583508394597786,35.14271130217244,37.9796375498929,42.73709584189962,8.528977252723273,6.227048084085554,4.52110020816076,41.11248564732106,inner_validation_within_outer_train
rolling_origin_2022-07-19,rolling_origin_2022-07-19__inner_1_2021-11-02,C04_probabilistic_gru_student_t,42121,70c1908d227951b86f26ede94b4eec73b621b327a6f0e2a87d98875e63514fba,P-V03-W004::C012::C014,22.84689355152091,student_t,22.84689355152091,3.2101421879482346,3.377855062484741,13.247827317373645,17.74431920534128,20.426653548053647,22.84689355152091,25.26713355498817,27.949467897700544,32.44595978566817,0.0509441940150203,0.8641461205813445,2.158439764914404,22.89783774553593,inner_validation_within_outer_train
rolling_origin_2022-07-19,rolling_origin_2022-07-19__inner_1_2021-11-02,C04_probabilistic_gru_student_t,42121,70c1908d227951b86f26ede94b4eec73b621b327a6f0e2a87d98875e63514fba,P-V03-W005::C012::C014,28.69982265089688,student_t,28.69982265089688,4.071460371936663,3.380012035369873,16.528997151625106,22.22913872520713,25.63042816124522,28.69982265089688,31.76921714054854,35.17050657658663,40.87064815016865,5.330215691513896,3.3176578662909035,3.294191706711386,34.030038342410776,inner_validation_within_outer_train
rolling_origin_2022-07-19,rolling_origin_2022-07-19__inner_1_2021-11-02,C04_probabilistic_gru_student_t,42121,70c1908d227951b86f26ede94b4eec73b621b327a6f0e2a87d98875e63514fba,P-V03-W006::C012::C014,29.875441003427827,student_t,29.875441003427827,4.205831837784202,3.372719049453736,17.28970521638208,23.18780934773771,26.70396343755864,29.875441003427827,33.04691856929702,36.56307265911795,42.46117679047357,6.309176434072182,4.032172903795988,3.546100583479676,36.18461743750001,inner_validation_within_outer_train
rolling_origin_2022-07-19,rolling_origin_2022-07-19__inner_1_2021-11-02,C04_probabilistic_gru_student_t,42121,70c1908d227951b86f26ede94b4eec73b621b327a6f0e2a87d98875e63514fba,P-V03-W007::C012::C014,1.5494617031535398,student_t,1.5494617031535398,4.192710684410045,3.4129528999328613,-10.925192460598495,-5.098855918064086,-1.6078599381734038,1.5494617031535398,4.706783344480483,8.197779324371165,14.02411586690557,5.326743275864369,3.2993853297254154,3.2790530671140354,6.876204979017909,inner_validation_within_outer_train
rolling_origin_2022-07-19,rolling_origin_2022-07-19__inner_1_2021-11-02,C04_probabilistic_gru_student_t,42121,70c1908d227951b86f26ede94b4eec73b621b327a6f0e2a87d98875e63514fba,P-V04-W001::C012::C014,2.870063007260054,student_t,2.870063007260054,4.090379071333484,3.432461261749268,-9.266956834072213,-3.607442858101842,-0.2082196005938881,2.870063007260054,5.948345615113996,9.34756887262195,15.007082848592315,4.3374248795815165,2.6338001496433385,3.027469131301745,-1.4673618723214628,inner_validation_within_outer_train
rolling_origin_2022-07-19,rolling_origin_2022-07-19__inner_1_2021-11-02,C04_probabilistic_gru_student_t,42121,70c1908d227951b86f26ede94b4eec73b621b327a6f0e2a87d98875e63514fba,P-V04-W003::C012::C014,0.7261940584772759,student_t,0.7261940584772759,4.287463726985779,3.407999038696289,-12.039295023833576,-6.074666288937485,-2.503011987228262,0.7261940584772759,3.955400104182814,7.527054405892038,13.491683140788124,1.783218427227237,1.4222440354632604,2.556151765267148,-1.0570243687499608,inner_validation_within_outer_train
rolling_origin_2022-07-19,rolling_origin_2022-07-19__inner_1_2021-11-02,C04_probabilistic_gru_student_t,42121,70c1908d227951b86f26ede94b4eec73b621b327a6f0e2a87d98875e63514fba,P-V04-W004::C012::C014,3.0746555996366887,student_t,3.0746555996366887,3.9853172149579104,3.435024738311768,-8.746414670030557,-3.235389046857086,0.0756905482787386,3.0746555996366887,6.073620650994639,9.384700246130464,14.895725869303927,2.980470886690229,1.851951753855656,2.707904633005017,0.0941847129464594,inner_validation_within_outer_train
rolling_origin_2022-07-19,rolling_origin_2022-07-19__inner_1_2021-11-02,C04_probabilistic_gru_student_t,42121,70c1908d227951b86f26ede94b4eec73b621b327a6f0e2a87d98875e63514fba,P-V04-W006::C012::C014,1.748428377192479,student_t,1.748428377192479,4.065985634664432,3.433339834213257,-10.314738316786972,-4.69006828574076,-1.311408553418393,1.748428377192479,4.80826530780335,8.186925040125718,13.811595071171924,1.0194567745139136,1.1855738085822058,2.433686451580548,0.7289716026785651,inner_validation_within_outer_train
rolling_origin_2022-07-19,rolling_origin_2022-07-19__inner_1_2021-11-02,C04_probabilistic_gru_student_t,42121,70c1908d227951b86f26ede94b4eec73b621b327a6f0e2a87d98875e63514fba,P-V04-W007::C012::C014,29.63910317547951,student_t,29.63910317547951,4.162503282463266,3.389453411102295,17.212963350602813,23.028049622251647,26.50207115886292,29.63910317547951,32.7761351920961,36.250156728707374,42.0652430003562,7.036818776752579,4.626107212259874,3.759878065323913,36.67592195223209,inner_validation_within_outer_train
rolling_origin_2022-07-19,rolling_origin_2022-07-19__inner_1_2021-11-02,C04_probabilistic_gru_student_t,42121,70c1908d227951b86f26ede94b4eec73b621b327a6f0e2a87d98875e63514fba,P-V05-W001::C012::C014,22.90647004401459,student_t,22.90647004401459,3.409912476093341,3.401524066925049,12.74449157515648,17.495204409920774,20.337659174722774,22.90647004401459,25.47528091330641,28.31773567810841,33.0684485128727,0.9125477806216864,1.006467735624624,2.264007961603271,21.993922263392903,inner_validation_within_outer_train
rolling_origin_2022-07-19,rolling_origin_2022-07-19__inner_1_2021-11-02,C04_probabilistic_gru_student_t,42121,70c1908d227951b86f26ede94b4eec73b621b327a6f0e2a87d98875e63514fba,P-V05-W002::C012::C014,33.9136173767761,student_t,33.9136173767761,3.201117793610293,3.3609275817871094,24.318024835572103,28.81936165838089,31.498791664023468,33.9136173767761,36.32844308952874,39.00787309517131,43.5092099179801,6.224717113383413,4.242020612448887,3.7994565115306536,27.68890026339269,inner_validation_within_outer_train
rolling_origin_2022-07-19,rolling_origin_2022-07-19__inner_1_2021-11-02,C04_probabilistic_gru_student_t,42121,70c1908d227951b86f26ede94b4eec73b621b327a6f0e2a87d98875e63514fba,P-V05-W003::C012::C014,28.025150813504013,student_t,28.025150813504013,3.2009046530917726,3.387683391571045,18.467209241104715,22.94072499387739,25.6126751725865,28.025150813504013,30.43762645442153,33.10957663313064,37.583092385903306,6.738933280245973,4.693473312473748,3.990438036820564,34.764084093749986,inner_validation_within_outer_train
rolling_origin_2022-07-19,rolling_origin_2022-07-19__inner_1_2021-11-02,C04_probabilistic_gru_student_t,42121,70c1908d227951b86f26ede94b4eec73b621b327a6f0e2a87d98875e63514fba,P-V05-W004::C012::C014,31.6512257255422,student_t,31.6512257255422,3.251497954283794,3.3930320739746094,21.949630401969287,26.488341185109963,29.20105868458662,31.6512257255422,34.101392766497774,36.81411026597444,41.35282104911511,3.497497055707541,2.126161774194001,2.8152576379050043,35.14872278124974,inner_validation_within_outer_train
rolling_origin_2022-07-19,rolling_origin_2022-07-19__inner_1_2021-11-02,C04_probabilistic_gru_student_t,42121,70c1908d227951b86f26ede94b4eec73b621b327a6f0e2a87d98875e63514fba,P-V05-W006::C012::C014,22.16418836124177,student_t,22.16418836124177,3.161179659560708,3.4034643173217773,12.746056553988664,17.14830860259905,19.782910955226903,22.16418836124177,24.54546576725664,27.18006811988449,31.582320168494874,1.431026861972601,1.0847859604202372,2.271101531433644,23.59521522321437,inner_validation_within_outer_train
rolling_origin_2022-07-19,rolling_origin_2022-07-19__inner_1_2021-11-02,C04_probabilistic_gru_student_t,42121,70c1908d227951b86f26ede94b4eec73b621b327a6f0e2a87d98875e63514fba,P-V05-W007::C012::C014,33.008721095769545,student_t,33.008721095769545,3.212085855990673,3.360788345336914,23.380055549628533,27.896960775663945,30.58560987961111,33.008721095769545,35.43183231192798,38.12048141587515,42.63738664191055,0.2730850113733325,0.8735518069446967,2.16392770302767,33.28180610714288,inner_validation_within_outer_train
rolling_origin_2022-07-19,rolling_origin_2022-07-19__inner_1_2021-11-02,C04_probabilistic_gru_student_t,42121,70c1908d227951b86f26ede94b4eec73b621b327a6f0e2a87d98875e63514fba,P-H04-W001::C013::C014,27.884788488140263,student_t,27.884788488140263,4.7958404197346125,3.2859699726104736,13.346873528693605,20.211368970476176,24.2574560216813,27.884788488140263,31.512120954599236,35.55820800580436,42.422703447586926,2.112391766324052,1.6335486058229522,2.684629611416463,29.99718025446432,inner_validation_within_outer_train
rolling_origin_2022-07-19,rolling_origin_2022-07-19__inner_1_2021-11-02,C04_probabilistic_gru_student_t,42121,70c1908d227951b86f26ede94b4eec73b621b327a6f0e2a87d98875e63514fba,P-H04-W002::C013::C014,29.7763161018443,student_t,29.7763161018443,4.41743266389626,3.2936460971832275,16.401205529822207,22.712348726036964,26.436107754230303,29.7763161018443,33.1165244494583,36.84028347765164,43.1514266738664,3.302363935878951,2.057059601271043,2.8158124923599317,33.07868003772325,inner_validation_within_outer_train
rolling_origin_2022-07-19,rolling_origin_2022-07-19__inner_1_2021-11-02,C04_probabilistic_gru_student_t,42121,70c1908d227951b86f26ede94b4eec73b621b327a6f0e2a87d98875e63514fba,P-H04-W003::C013::C014,29.15721724688575,student_t,29.15721724688575,4.217765538240496,3.3027830123901367,16.40439323935436,22.417051045528872,25.969020470295167,29.15721724688575,32.34541402347634,35.89738344824263,41.91004125441714,7.148342183694616,4.69790367346709,3.779168796206859,36.30555943058037,inner_validation_within_outer_train
rolling_origin_2022-07-19,rolling_origin_2022-07-19__inner_1_2021-11-02,C04_probabilistic_gru_student_t,42121,70c1908d227951b86f26ede94b4eec73b621b327a6f0e2a87d98875e63514fba,P-H04-W004::C013::C014,19.48911871598707,student_t,19.48911871598707,4.672532433825165,3.304127693176269,5.3641414715293845,12.022948630924096,15.957333089359787,19.48911871598707,23.02090434261435,26.95528880105004,33.61409596044475,5.484282918164695,3.3603113926362598,3.285250249940658,24.973401634151763,inner_validation_within_outer_train
rolling_origin_2022-07-19,rolling_origin_2022-07-19__inner_1_2021-11-02,C04_probabilistic_gru_student_t,42121,70c1908d227951b86f26ede94b4eec73b621b327a6f0e2a87d98875e63514fba,P-H04-W005::C013::C014,29.999582034183646,student_t,29.999582034183646,4.941540861776597,3.282670497894287,15.012405646035894,22.091111429322574,26.26160727712525,29.999582034183646,33.73755679124204,37.90805263904472,44.98675842233139,4.8712868104591465,2.954006918295727,3.146961024901195,34.87086884464279,inner_validation_within_outer_train
rolling_origin_2022-07-19,rolling_origin_2022-07-19__inner_1_2021-11-02,C04_probabilistic_gru_student_t,42121,70c1908d227951b86f26ede94b4eec73b621b327a6f0e2a87d98875e63514fba,P-H04-W006::C013::C014,26.262855748610864,student_t,26.262855748610864,4.877698460939853,3.2928836345672607,11.492433020549784,18.46243511414173,22.57452070856384,26.262855748610864,29.95119078865789,34.063276383079995,41.03327847667194,3.9655046016122952,2.4350690020576864,2.9711005077718413,30.22836035022316,inner_validation_within_outer_train
rolling_origin_2022-07-19,rolling_origin_2022-07-19__inner_1_2021-11-02,C04_probabilistic_gru_student_t,42121,70c1908d227951b86f26ede94b4eec73b621b327a6f0e2a87d98875e63514fba,P-H04-W007::C013::C014,32.96779966519993,student_t,32.96779966519993,4.76750976962097,3.271704196929932,18.483952883530044,25.331634257150803,29.36004547187436,32.96779966519993,36.575553858525495,40.60396507324905,47.45164644686981,5.09856218323754,3.0995105941954986,3.1963966836767264,38.06636184843747,inner_validation_within_outer_train
rolling_origin_2022-07-19,rolling_origin_2022-07-19__inner_1_2021-11-02,C04_probabilistic_gru_student_t,42121,70c1908d227951b86f26ede94b4eec73b621b327a6f0e2a87d98875e63514fba,P-V06-W001::C013::C014,1.3068210498428634,student_t,1.3068210498428634,4.84108940830309,3.3281590938568115,-13.274958731121863,-6.415241537234455,-2.349282689150884,1.3068210498428634,4.96292478883661,9.028883636920185,15.88860083080759,0.489810386257372,1.32404113792864,2.576809882584711,0.8170106635854913,inner_validation_within_outer_train
rolling_origin_2022-07-19,rolling_origin_2022-07-19__inner_1_2021-11-02,C04_probabilistic_gru_student_t,42121,70c1908d227951b86f26ede94b4eec73b621b327a6f0e2a87d98875e63514fba,P-V06-W002::C013::C014,18.47164907921205,student_t,18.47164907921205,4.779858598412755,3.322070598602295,4.061206554231491,10.843915535601209,14.861020421347812,18.47164907921205,22.08227773707629,26.09938262282289,32.8820916041926,1.825326684627281,1.5438006781211877,2.6504085930883963,20.29697576383933,inner_validation_within_outer_train
rolling_origin_2022-07-19,rolling_origin_2022-07-19__inner_1_2021-11-02,C04_probabilistic_gru_student_t,42121,70c1908d227951b86f26ede94b4eec73b621b327a6f0e2a87d98875e63514fba,P-V06-W004::C013::C014,20.512925565620893,student_t,20.512925565620893,4.531996002398325,3.328474521636963,6.862803384047645,13.284064199680298,17.09029402207105,20.512925565620893,23.935557109170738,27.74178693156149,34.163047747194135,1.7335163073702269,1.46417426822333,2.597282100182792,22.24644187299112,inner_validation_within_outer_train
rolling_origin_2022-07-19,rolling_origin_2022-07-19__inner_1_2021-11-02,C04_probabilistic_gru_student_t,42121,70c1908d227951b86f26ede94b4eec73b621b327a6f0e2a87d98875e63514fba,P-V06-W005::C013::C014,41.543092834843165,student_t,41.543092834843165,4.345642104421198,3.288705348968506,28.375410977161174,34.59140024708893,38.25658919422127,41.543092834843165,44.82959647546506,48.4947854225974,54.71077469252516,0.3025492452907485,1.182158712145567,2.4662212637112635,41.84564208013391,inner_validation_within_outer_train
rolling_origin_2022-07-19,rolling_origin_2022-07-19__inner_1_2021-11-02,C04_probabilistic_gru_student_t,42121,70c1908d227951b86f26ede94b4eec73b621b327a6f0e2a87d98875e63514fba,P-V06-W006::C013::C014,17.29088034714563,student_t,17.29088034714563,4.536897304932502,3.329784393310547,3.62866091868837,10.054881261570854,13.864703657190246,17.29088034714563,20.71705703710101,24.52687943272041,30.953099775602887,3.2827148952651584,2.05795670192439,2.821367476052581,20.57359524241079,inner_validation_within_outer_train
rolling_origin_2022-07-19,rolling_origin_2022-07-19__inner_1_2021-11-02,C04_probabilistic_gru_student_t,42121,70c1908d227951b86f26ede94b4eec73b621b327a6f0e2a87d98875e63514fba,P-V06-W007::C013::C014,17.807913395081236,student_t,17.807913395081236,4.551792047650452,3.32748818397522,4.096151203402624,10.546961595295295,14.37021334294537,17.807913395081236,21.245613447217103,25.068865194867172,31.519675586759845,1.4599658437419478,1.399347416726395,2.5744436832054003,16.34794755133929,inner_validation_within_outer_train
rolling_origin_2022-07-19,rolling_origin_2022-07-19__inner_2_2022-03-01,C04_probabilistic_gru_student_t,42117,70c1908d227951b86f26ede94b4eec73b621b327a6f0e2a87d98875e63514fba,P-D01-W001::C014::C015,69.86120057192481,student_t,69.86120057192481,5.311667779696014,3.32522964477539,53.855005500217246,61.386730274845895,65.84929492637288,69.86120057192481,73.87310621747675,78.33567086900372,85.86739564363236,56.65120158668854,51.97135277974519,10.364690306965755,126.51240215861336,inner_validation_within_outer_train
rolling_origin_2022-07-19,rolling_origin_2022-07-19__inner_2_2022-03-01,C04_probabilistic_gru_student_t,42117,70c1908d227951b86f26ede94b4eec73b621b327a6f0e2a87d98875e63514fba,P-D01-W002::C014::C015,40.33555044830863,student_t,40.33555044830863,4.363893633827608,3.607513904571533,27.6814359142755,33.50149164410366,37.069272084494926,40.33555044830863,43.601828812122335,47.1696092525136,52.98966498234176,5.565177951061216,3.4505677024545824,3.318075772009641,45.90072839936985,inner_validation_within_outer_train
rolling_origin_2022-07-19,rolling_origin_2022-07-19__inner_2_2022-03-01,C04_probabilistic_gru_student_t,42117,70c1908d227951b86f26ede94b4eec73b621b327a6f0e2a87d98875e63514fba,P-D01-W003::C014::C015,6.585405914092771,student_t,6.585405914092771,3.857597920819613,4.046339511871338,-4.07680214652286,0.6839798528615741,3.7312286715405056,6.585405914092771,9.439583156645035,12.48683197532397,17.247613974708397,2.5124555895128244,1.600950964505635,2.5817248432570588,4.0729503245799465,inner_validation_within_outer_train
rolling_origin_2022-07-19,rolling_origin_2022-07-19__inner_2_2022-03-01,C04_probabilistic_gru_student_t,42117,70c1908d227951b86f26ede94b4eec73b621b327a6f0e2a87d98875e63514fba,P-D01-W004::C014::C015,5.126425188166799,student_t,5.126425188166799,3.855413956826901,4.055829048156738,-5.520059035857447,-0.7690282789555063,2.2744958991798376,5.126425188166799,7.97835447715376,11.021878655289104,15.772909412191042,1.475157523250869,1.2197031228788682,2.419109728425659,3.65126766491593,inner_validation_within_outer_train
rolling_origin_2022-07-19,rolling_origin_2022-07-19__inner_2_2022-03-01,C04_probabilistic_gru_student_t,42117,70c1908d227951b86f26ede94b4eec73b621b327a6f0e2a87d98875e63514fba,P-D01-W005::C014::C015,34.288206340561835,student_t,34.288206340561835,3.995927746363012,3.7473106384277344,22.892365918271928,28.08085786971115,31.30921646978942,34.288206340561835,37.26719621133425,40.49555481141252,45.684046762851736,4.756240277925642,2.919539449574375,3.131387649469448,39.04444661848748,inner_validation_within_outer_train
rolling_origin_2022-07-19,rolling_origin_2022-07-19__inner_2_2022-03-01,C04_probabilistic_gru_student_t,42117,70c1908d227951b86f26ede94b4eec73b621b327a6f0e2a87d98875e63514fba,P-D01-W006::C014::C015,23.735040543221277,student_t,23.735040543221277,3.903556995395138,3.86344575881958,12.744268415858006,17.70894953726812,20.83386792911029,23.735040543221277,26.636213157332254,29.76113154917443,34.72581267058454,21.07776280026603,18.15704021859659,7.562214497075876,44.8128033434873,inner_validation_within_outer_train
rolling_origin_2022-07-19,rolling_origin_2022-07-19__inner_2_2022-03-01,C04_probabilistic_gru_student_t,42117,70c1908d227951b86f26ede94b4eec73b621b327a6f0e2a87d98875e63514fba,P-D01-W007::C014::C015,23.792955264170537,student_t,23.792955264170537,3.91357069614484,3.827518939971924,12.731281415826636,17.73998090760015,20.881625437933167,23.792955264170537,26.704285090407907,29.84592962074093,34.85462911251444,7.604487794842797,5.211412673032562,4.004698381149044,16.18846746932774,inner_validation_within_outer_train
rolling_origin_2022-07-19,rolling_origin_2022-07-19__inner_2_2022-03-01,C04_probabilistic_gru_student_t,42117,70c1908d227951b86f26ede94b4eec73b621b327a6f0e2a87d98875e63514fba,P-H04-W001::C014::C015,30.53527289507614,student_t,30.53527289507614,4.396608230288026,3.6459994316101074,17.846396580071257,23.665768676499333,27.248212249408112,30.53527289507614,33.82233354074417,37.40477711365295,43.22414921008102,5.365199578479569,3.3045236203597907,3.2631190287371616,25.17007331659657,inner_validation_within_outer_train
rolling_origin_2022-07-19,rolling_origin_2022-07-19__inner_2_2022-03-01,C04_probabilistic_gru_student_t,42117,70c1908d227951b86f26ede94b4eec73b621b327a6f0e2a87d98875e63514fba,P-H04-W002::C014::C015,33.24868861616896,student_t,33.24868861616896,4.206095826292722,3.688496828079224,21.171267109955984,26.693096180252905,30.107882515618893,33.24868861616896,36.38949471671904,39.804281052085024,45.32611012238194,7.920354930034495,5.3725524380898095,4.001645758965315,25.328333686134467,inner_validation_within_outer_train
rolling_origin_2022-07-19,rolling_origin_2022-07-19__inner_2_2022-03-01,C04_probabilistic_gru_student_t,42117,70c1908d227951b86f26ede94b4eec73b621b327a6f0e2a87d98875e63514fba,P-H04-W003::C014::C015,35.13355361282964,student_t,35.13355361282964,4.177106115317358,3.714376926422119,23.175725670681143,28.632755274252556,32.01666004734987,35.13355361282964,38.2504471783094,41.63435195140672,47.09138155497813,1.033561545993706,1.203123031383418,2.4536461828534457,36.16711515882334,inner_validation_within_outer_train
rolling_origin_2022-07-19,rolling_origin_2022-07-19__inner_2_2022-03-01,C04_probabilistic_gru_student_t,42117,70c1908d227951b86f26ede94b4eec73b621b327a6f0e2a87d98875e63514fba,P-H04-W004::C014::C015,23.37062436022834,student_t,23.37062436022834,4.582283013650508,3.671799659729004,10.18688656313409,16.221813591844136,19.947285971403588,23.37062436022834,26.79396274905309,30.51943512861255,36.554362157322586,0.9618787963628108,1.2928092331550525,2.536308249122154,22.40874556386553,inner_validation_within_outer_train
rolling_origin_2022-07-19,rolling_origin_2022-07-19__inner_2_2022-03-01,C04_probabilistic_gru_student_t,42117,70c1908d227951b86f26ede94b4eec73b621b327a6f0e2a87d98875e63514fba,P-H04-W005::C014::C015,34.84973748163313,student_t,34.84973748163313,4.580040147330994,3.5854735374450684,21.53218268537379,27.667576002285763,31.419428481742848,34.84973748163313,38.28004648152341,42.03189896098049,48.16729227789246,2.6137009532717244,1.758511677166795,2.7088648746410824,32.2360365283614,inner_validation_within_outer_train
rolling_origin_2022-07-19,rolling_origin_2022-07-19__inner_2_2022-03-01,C04_probabilistic_gru_student_t,42117,70c1908d227951b86f26ede94b4eec73b621b327a6f0e2a87d98875e63514fba,P-H04-W006::C014::C015,31.45022059110189,student_t,31.45022059110189,4.531894972408935,3.624792098999024,18.336979721834425,24.36042040009381,28.05992171355293,31.45022059110189,34.84051946865085,38.54002078210997,44.56346146036935,7.070597383748918,4.568125083280439,3.686217262372952,24.37962320735297,inner_validation_within_outer_train
rolling_origin_2022-07-19,rolling_origin_2022-07-19__inner_2_2022-03-01,C04_probabilistic_gru_student_t,42117,70c1908d227951b86f26ede94b4eec73b621b327a6f0e2a87d98875e63514fba,P-H04-W007::C014::C015,35.752308211792126,student_t,35.752308211792126,4.452324948348036,3.5999717712402344,22.829633336803617,28.77658126943353,32.41909580870667,35.752308211792126,39.08552061487758,42.72803515415072,48.67498308678064,5.188067280279544,3.1760128198109423,3.2170533259183176,30.564240931512582,inner_validation_within_outer_train
rolling_origin_2022-07-19,rolling_origin_2022-07-19__inner_2_2022-03-01,C04_probabilistic_gru_student_t,42118,70c1908d227951b86f26ede94b4eec73b621b327a6f0e2a87d98875e63514fba,P-D01-W001::C014::C015,52.24874075735482,student_t,52.24874075735482,5.961218834580327,3.343299865722656,34.33329306738621,42.7502322107456,47.74905425313176,52.24874075735482,56.74842726157787,61.74724930396404,70.16418844732341,74.26366140125853,68.80445656511573,11.158475108653136,126.51240215861336,inner_validation_within_outer_train
rolling_origin_2022-07-19,rolling_origin_2022-07-19__inner_2_2022-03-01,C04_probabilistic_gru_student_t,42118,70c1908d227951b86f26ede94b4eec73b621b327a6f0e2a87d98875e63514fba,P-D01-W002::C014::C015,43.792336957233296,student_t,43.792336957233296,4.932858981005445,3.4381651878356934,29.16707811124301,35.983670668796464,40.08072413600888,43.792336957233296,47.50394977845771,51.60100324567013,58.41759580322358,2.1083914421365506,1.6520184114982304,2.701514857009051,45.90072839936985,inner_validation_within_outer_train
rolling_origin_2022-07-19,rolling_origin_2022-07-19__inner_2_2022-03-01,C04_probabilistic_gru_student_t,42118,70c1908d227951b86f26ede94b4eec73b621b327a6f0e2a87d98875e63514fba,P-D01-W003::C014::C015,4.340388591474127,student_t,4.340388591474127,5.044551831518117,3.104510307312012,-11.412175522038378,-3.846792983634735,0.4985960039924366,4.340388591474127,8.182181178955819,12.527570166582992,20.092952704986622,0.2674382668941808,1.3813069405543454,2.618376715251237,4.0729503245799465,inner_validation_within_outer_train
rolling_origin_2022-07-19,rolling_origin_2022-07-19__inner_2_2022-03-01,C04_probabilistic_gru_student_t,42118,70c1908d227951b86f26ede94b4eec73b621b327a6f0e2a87d98875e63514fba,P-D01-W004::C014::C015,3.4508645741050152,student_t,3.4508645741050152,5.053220239746874,3.1057262420654297,-12.325422934858588,-4.749553244259403,-0.3973416601244981,3.4508645741050152,7.299070808334529,11.651282392469431,19.22715208306861,0.2004030908109149,1.381563030312215,2.6192456787155995,3.65126766491593,inner_validation_within_outer_train
rolling_origin_2022-07-19,rolling_origin_2022-07-19__inner_2_2022-03-01,C04_probabilistic_gru_student_t,42118,70c1908d227951b86f26ede94b4eec73b621b327a6f0e2a87d98875e63514fba,P-D01-W005::C014::C015,30.869100535153127,student_t,30.869100535153127,4.789782787656757,3.3153328895568848,16.414139114093125,23.22180801781765,27.25012025354796,30.869100535153127,34.48808081675829,38.5163930524886,45.32406195621312,8.17534608333435,5.383472933480006,3.92039958119216,39.04444661848748,inner_validation_within_outer_train
rolling_origin_2022-07-19,rolling_origin_2022-07-19__inner_2_2022-03-01,C04_probabilistic_gru_student_t,42118,70c1908d227951b86f26ede94b4eec73b621b327a6f0e2a87d98875e63514fba,P-D01-W006::C014::C015,21.583620543857634,student_t,21.583620543857634,4.813056226191722,3.244171142578125,6.898308345305747,13.858523658722657,17.93774561090928,21.583620543857634,25.22949547680599,29.30871742899261,36.26893274240952,23.22918279962967,19.525756707497024,7.02618442684695,44.8128033434873,inner_validation_within_outer_train
rolling_origin_2022-07-19,rolling_origin_2022-07-19__inner_2_2022-03-01,C04_probabilistic_gru_student_t,42118,70c1908d227951b86f26ede94b4eec73b621b327a6f0e2a87d98875e63514fba,P-D01-W007::C014::C015,24.79853639771691,student_t,24.79853639771691,4.898758196108067,3.287662506103516,9.952492858861822,16.961425536693113,21.093586404465604,24.79853639771691,28.503486390968213,32.635647258740704,39.64457993657199,8.610068928389168,5.71057812946462,4.00316991239415,16.18846746932774,inner_validation_within_outer_train
rolling_origin_2022-07-19,rolling_origin_2022-07-19__inner_2_2022-03-01,C04_probabilistic_gru_student_t,42118,70c1908d227951b86f26ede94b4eec73b621b327a6f0e2a87d98875e63514fba,P-H04-W001::C014::C015,28.599641493652385,student_t,28.599641493652385,5.687267469752799,3.2158236503601074,11.168370594946932,19.45156098831196,24.28702536085957,28.599641493652385,32.912257626445204,37.74772199899281,46.03091239235783,3.4295681770558133,2.2783470934048933,2.9595917234760574,25.17007331659657,inner_validation_within_outer_train
rolling_origin_2022-07-19,rolling_origin_2022-07-19__inner_2_2022-03-01,C04_probabilistic_gru_student_t,42118,70c1908d227951b86f26ede94b4eec73b621b327a6f0e2a87d98875e63514fba,P-H04-W002::C014::C015,31.612201760911663,student_t,31.612201760911663,5.17473909706633,3.261570930480957,15.866397862830604,23.3174910344154,27.69484424369189,31.612201760911663,35.529559278131444,39.90691248740793,47.35800565899272,6.283868074777196,3.866470035733268,3.433115736986176,25.328333686134467,inner_validation_within_outer_train
rolling_origin_2022-07-19,rolling_origin_2022-07-19__inner_2_2022-03-01,C04_probabilistic_gru_student_t,42118,70c1908d227951b86f26ede94b4eec73b621b327a6f0e2a87d98875e63514fba,P-H04-W003::C014::C015,32.56232040250282,student_t,32.56232040250282,4.913120597658795,3.2739527225494385,17.6412968239462,24.69424625034226,28.844678635107773,32.56232040250282,36.27996216989787,40.43039455466338,47.48334398105944,3.6047947563205223,2.255310785106288,2.911438227881227,36.16711515882334,inner_validation_within_outer_train
rolling_origin_2022-07-19,rolling_origin_2022-07-19__inner_2_2022-03-01,C04_probabilistic_gru_student_t,42118,70c1908d227951b86f26ede94b4eec73b621b327a6f0e2a87d98875e63514fba,P-H04-W004::C014::C015,21.273633773150365,student_t,21.273633773150365,5.780143926189639,3.15662145614624,3.3843443270705613,11.932610923606644,16.88068856138478,21.273633773150365,25.66657898491595,30.614656622694085,39.162923219230166,1.1351117907151649,1.6543598243126665,2.7766052624384825,22.40874556386553,inner_validation_within_outer_train
rolling_origin_2022-07-19,rolling_origin_2022-07-19__inner_2_2022-03-01,C04_probabilistic_gru_student_t,42118,70c1908d227951b86f26ede94b4eec73b621b327a6f0e2a87d98875e63514fba,P-H04-W005::C014::C015,30.854284768802067,student_t,30.854284768802067,5.811541613115602,3.2279601097106934,13.076752180270676,21.51504320117089,26.44942450341339,30.854284768802067,35.259145034190745,40.19352633643325,48.63181735733345,1.3817517595593358,1.6959213352724185,2.7918087968733745,32.2360365283614,inner_validation_within_outer_train
rolling_origin_2022-07-19,rolling_origin_2022-07-19__inner_2_2022-03-01,C04_probabilistic_gru_student_t,42118,70c1908d227951b86f26ede94b4eec73b621b327a6f0e2a87d98875e63514fba,P-H04-W006::C014::C015,27.021339913296213,student_t,27.021339913296213,5.801221192995767,3.189427375793457,9.16434276533252,17.670717653026657,22.617931892228107,27.021339913296213,31.42474793436432,36.37196217356577,44.8783370612599,2.6417167059432423,2.0098870455137887,2.886173257932528,24.37962320735297,inner_validation_within_outer_train
rolling_origin_2022-07-19,rolling_origin_2022-07-19__inner_2_2022-03-01,C04_probabilistic_gru_student_t,42118,70c1908d227951b86f26ede94b4eec73b621b327a6f0e2a87d98875e63514fba,P-H04-W007::C014::C015,34.80644213508001,student_t,34.80644213508001,5.658386407628945,3.273498058319092,17.620856508469966,25.7445619358337,30.524805214670597,34.80644213508001,39.08807905548943,43.86832233432632,51.99202776169005,4.242201203567429,2.641831656146487,3.0659581585126188,30.564240931512582,inner_validation_within_outer_train
rolling_origin_2022-07-19,rolling_origin_2022-07-19__inner_2_2022-03-01,C04_probabilistic_gru_student_t,42119,70c1908d227951b86f26ede94b4eec73b621b327a6f0e2a87d98875e63514fba,P-D01-W001::C014::C015,52.33902673218599,student_t,52.33902673218599,5.752561156802649,3.385939121246338,35.157514274216496,43.2003608378305,48.00314995206352,52.33902673218599,56.67490351230847,61.47769262654148,69.52053919015549,74.17337542642736,68.86980986961348,11.32482956889582,126.51240215861336,inner_validation_within_outer_train
rolling_origin_2022-07-19,rolling_origin_2022-07-19__inner_2_2022-03-01,C04_probabilistic_gru_student_t,42119,70c1908d227951b86f26ede94b4eec73b621b327a6f0e2a87d98875e63514fba,P-D01-W002::C014::C015,44.264178166189694,student_t,44.264178166189694,5.841093490339508,3.186931610107422,26.277077026724005,34.84743602820916,39.83008392597308,44.264178166189694,48.69827240640631,53.68092030417023,62.25127930565537,1.6365502331801522,1.754359844410102,2.812076957383665,45.90072839936985,inner_validation_within_outer_train
rolling_origin_2022-07-19,rolling_origin_2022-07-19__inner_2_2022-03-01,C04_probabilistic_gru_student_t,42119,70c1908d227951b86f26ede94b4eec73b621b327a6f0e2a87d98875e63514fba,P-D01-W003::C014::C015,2.344125866321601,student_t,2.344125866321601,5.014566884855186,3.063444137573242,-13.429110701813306,-5.822757516129828,-1.4812253145808918,2.344125866321601,6.169477047224094,10.511009248773032,18.117362434456503,1.7288244582583454,1.5879435022348771,2.688927996518633,4.0729503245799465,inner_validation_within_outer_train
rolling_origin_2022-07-19,rolling_origin_2022-07-19__inner_2_2022-03-01,C04_probabilistic_gru_student_t,42119,70c1908d227951b86f26ede94b4eec73b621b327a6f0e2a87d98875e63514fba,P-D01-W004::C014::C015,1.371274283712399,student_t,1.371274283712399,5.030859939874039,3.0547029972076416,-14.47818428251405,-6.828322664999263,-2.467895651112751,1.371274283712399,5.21044421853755,9.570871232424064,17.22073284993884,2.279993381203531,1.748188514640943,2.746983656134288,3.65126766491593,inner_validation_within_outer_train
rolling_origin_2022-07-19,rolling_origin_2022-07-19__inner_2_2022-03-01,C04_probabilistic_gru_student_t,42119,70c1908d227951b86f26ede94b4eec73b621b327a6f0e2a87d98875e63514fba,P-D01-W005::C014::C015,31.10223182452353,student_t,31.10223182452353,5.127952948368355,3.2057504653930664,15.359630200864704,22.847367805265414,27.212270204793157,31.10223182452353,34.992193444253914,39.35709584378165,46.84483344818236,7.942214793963945,5.105972557306535,3.805220210281763,39.04444661848748,inner_validation_within_outer_train
rolling_origin_2022-07-19,rolling_origin_2022-07-19__inner_2_2022-03-01,C04_probabilistic_gru_student_t,42119,70c1908d227951b86f26ede94b4eec73b621b327a6f0e2a87d98875e63514fba,P-D01-W006::C014::C015,21.831383873150426,student_t,21.831383873150426,5.118975989609045,3.152992248535156,5.978705745854555,13.556422453442812,17.9403812463185,21.831383873150426,25.722386499982345,30.106345292858038,37.68406200044629,22.98141947033688,19.0450604289102,6.783915249097043,44.8128033434873,inner_validation_within_outer_train
rolling_origin_2022-07-19,rolling_origin_2022-07-19__inner_2_2022-03-01,C04_probabilistic_gru_student_t,42119,70c1908d227951b86f26ede94b4eec73b621b327a6f0e2a87d98875e63514fba,P-D01-W007::C014::C015,25.03770792232512,student_t,25.03770792232512,5.192047835730759,3.165304183959961,8.991897604153134,16.65292811096582,21.09304633748409,25.03770792232512,28.98236950716616,33.42248773368443,41.08351824049711,8.849240452997382,5.815305955543323,3.9999716619025296,16.18846746932774,inner_validation_within_outer_train
rolling_origin_2022-07-19,rolling_origin_2022-07-19__inner_2_2022-03-01,C04_probabilistic_gru_student_t,42119,70c1908d227951b86f26ede94b4eec73b621b327a6f0e2a87d98875e63514fba,P-H04-W001::C014::C015,28.786951198075368,student_t,28.786951198075368,6.702835141835994,3.0461440086364746,7.637182731304254,17.8541530596683,23.67003281067103,28.786951198075368,33.903869585479704,39.71974933648244,49.93671966484648,3.616877881478796,2.5311301068496608,3.0869026557562385,25.17007331659657,inner_validation_within_outer_train
rolling_origin_2022-07-19,rolling_origin_2022-07-19__inner_2_2022-03-01,C04_probabilistic_gru_student_t,42119,70c1908d227951b86f26ede94b4eec73b621b327a6f0e2a87d98875e63514fba,P-H04-W002::C014::C015,31.64396865555705,student_t,31.64396865555705,6.445381311607406,3.033868789672852,11.26082550672087,21.11980940728791,26.721055215001265,31.64396865555705,36.56688209611284,42.16812790382619,52.02711180439322,6.315634969422582,3.837402203224816,3.4179377228824186,25.328333686134467,inner_validation_within_outer_train
rolling_origin_2022-07-19,rolling_origin_2022-07-19__inner_2_2022-03-01,C04_probabilistic_gru_student_t,42119,70c1908d227951b86f26ede94b4eec73b621b327a6f0e2a87d98875e63514fba,P-H04-W003::C014::C015,32.7222025283843,student_t,32.7222025283843,6.325329824170141,3.0183629989624023,12.661284709530731,22.379917086915405,27.887810083391525,32.7222025283843,37.556594973377074,43.0644879698532,52.783120347237855,3.444912630439042,2.402620927943974,3.033299696221454,36.16711515882334,inner_validation_within_outer_train
rolling_origin_2022-07-19,rolling_origin_2022-07-19__inner_2_2022-03-01,C04_probabilistic_gru_student_t,42119,70c1908d227951b86f26ede94b4eec73b621b327a6f0e2a87d98875e63514fba,P-H04-W004::C014::C015,21.34732882420124,student_t,21.34732882420124,6.7677436748111095,3.0039849281311035,-0.174497743365265,10.267462282981503,16.171621392178224,21.34732882420124,26.52303625622426,32.427195365420985,42.86915539176773,1.0614167396642884,1.9181307027708148,2.9292770949491,22.40874556386553,inner_validation_within_outer_train
rolling_origin_2022-07-19,rolling_origin_2022-07-19__inner_2_2022-03-01,C04_probabilistic_gru_student_t,42119,70c1908d227951b86f26ede94b4eec73b621b327a6f0e2a87d98875e63514fba,P-H04-W005::C014::C015,31.1172148368595,student_t,31.1172148368595,6.863820389273044,3.0600242614746094,9.51388500977766,19.935287465331577,25.880424372508102,31.1172148368595,36.35400530121089,42.29914220838742,52.720544663941325,1.1188216915019034,1.9439579742927355,2.943143787673126,32.2360365283614,inner_validation_within_outer_train
rolling_origin_2022-07-19,rolling_origin_2022-07-19__inner_2_2022-03-01,C04_probabilistic_gru_student_t,42119,70c1908d227951b86f26ede94b4eec73b621b327a6f0e2a87d98875e63514fba,P-H04-W006::C014::C015,26.706722443083432,student_t,26.706722443083432,6.6128305553224935,3.047499895095825,5.846099399641581,15.922000230203643,21.65879902032984,26.706722443083432,31.754645865837027,37.49144465596322,47.56734548652528,2.3270992357304614,2.1074032809626853,2.969271814716501,24.37962320735297,inner_validation_within_outer_train
rolling_origin_2022-07-19,rolling_origin_2022-07-19__inner_2_2022-03-01,C04_probabilistic_gru_student_t,42119,70c1908d227951b86f26ede94b4eec73b621b327a6f0e2a87d98875e63514fba,P-H04-W007::C014::C015,35.47106974407835,student_t,35.47106974407835,7.046155136031803,3.0586535930633545,13.288372657085077,23.99074220812592,30.09486082188077,35.47106974407835,40.847278666275926,46.95139728003078,57.65376683107161,4.906828812565767,3.123544943835053,3.250501335101431,30.564240931512582,inner_validation_within_outer_train
rolling_origin_2022-07-19,rolling_origin_2022-07-19__inner_2_2022-03-01,C04_probabilistic_gru_student_t,42120,70c1908d227951b86f26ede94b4eec73b621b327a6f0e2a87d98875e63514fba,P-D01-W001::C014::C015,63.87738582816444,student_t,63.87738582816444,6.055310571148383,3.394975185394287,45.81497205855139,54.26375880938817,59.31470216019724,63.87738582816444,68.44006949613164,73.4910128469407,81.93979959777748,62.63501633044891,57.3643936429143,10.443571207206077,126.51240215861336,inner_validation_within_outer_train
rolling_origin_2022-07-19,rolling_origin_2022-07-19__inner_2_2022-03-01,C04_probabilistic_gru_student_t,42120,70c1908d227951b86f26ede94b4eec73b621b327a6f0e2a87d98875e63514fba,P-D01-W002::C014::C015,37.90875016860407,student_t,37.90875016860407,4.128660324893228,3.4742674827575684,25.72815669531304,31.388718514659438,34.805856076093555,37.90875016860407,41.01164426111459,44.42878182254872,50.08934364189511,7.991978230765774,5.448146132255555,4.044746012770686,45.90072839936985,inner_validation_within_outer_train
rolling_origin_2022-07-19,rolling_origin_2022-07-19__inner_2_2022-03-01,C04_probabilistic_gru_student_t,42120,70c1908d227951b86f26ede94b4eec73b621b327a6f0e2a87d98875e63514fba,P-D01-W003::C014::C015,3.323205835901632,student_t,3.323205835901632,3.7254033982590937,3.353032112121582,-7.856864877398708,-2.608697493382307,0.5121147587574697,3.323205835901632,6.1342969130457945,9.255109165185573,14.503276549201969,0.7497444886783144,1.0593414931055167,2.333796736406041,4.0729503245799465,inner_validation_within_outer_train
rolling_origin_2022-07-19,rolling_origin_2022-07-19__inner_2_2022-03-01,C04_probabilistic_gru_student_t,42120,70c1908d227951b86f26ede94b4eec73b621b327a6f0e2a87d98875e63514fba,P-D01-W004::C014::C015,2.1258906091672785,student_t,2.1258906091672785,3.697687259354941,3.356776475906372,-8.96492399645006,-3.760325064351867,-0.6639282491576299,2.1258906091672785,4.915709467492187,8.012106282686425,13.216705214784616,1.5253770557486517,1.2250555378206478,2.407842791195772,3.65126766491593,inner_validation_within_outer_train
rolling_origin_2022-07-19,rolling_origin_2022-07-19__inner_2_2022-03-01,C04_probabilistic_gru_student_t,42120,70c1908d227951b86f26ede94b4eec73b621b327a6f0e2a87d98875e63514fba,P-D01-W005::C014::C015,31.58883462800194,student_t,31.58883462800194,4.081970922504042,3.438447952270508,19.486817435258075,25.127237879124294,28.517480693563087,31.58883462800194,34.660188562440794,38.05043137687959,43.690851820745806,7.455611990485536,5.002879446053038,3.902227105348999,39.04444661848748,inner_validation_within_outer_train
rolling_origin_2022-07-19,rolling_origin_2022-07-19__inner_2_2022-03-01,C04_probabilistic_gru_student_t,42120,70c1908d227951b86f26ede94b4eec73b621b327a6f0e2a87d98875e63514fba,P-D01-W006::C014::C015,21.043576544332865,student_t,21.043576544332865,3.934851832144251,3.387108325958252,9.293091915002494,14.793075628567266,18.07787814481497,21.043576544332865,24.00927494385076,27.294077460098464,32.79406117366323,23.76922679915444,20.68110053873732,7.770560242833002,44.8128033434873,inner_validation_within_outer_train
rolling_origin_2022-07-19,rolling_origin_2022-07-19__inner_2_2022-03-01,C04_probabilistic_gru_student_t,42120,70c1908d227951b86f26ede94b4eec73b621b327a6f0e2a87d98875e63514fba,P-D01-W007::C014::C015,21.678810976676917,student_t,21.678810976676917,3.8914032785027737,3.4216866493225098,10.114828956319698,15.511925544336744,18.74923433617884,21.678810976676917,24.60838761717499,27.845696409017087,33.24279299703412,5.4903435073491735,3.4652517007605783,3.3635793238308427,16.18846746932774,inner_validation_within_outer_train
rolling_origin_2022-07-19,rolling_origin_2022-07-19__inner_2_2022-03-01,C04_probabilistic_gru_student_t,42120,70c1908d227951b86f26ede94b4eec73b621b327a6f0e2a87d98875e63514fba,P-H04-W001::C014::C015,29.38281644440072,student_t,29.38281644440072,4.74356307791497,3.2996649742126465,15.03340330127044,21.80067614155623,25.79677446090602,29.38281644440072,32.96885842789542,36.96495674724521,43.732229587531,4.212743127804149,2.5628890313930826,3.0112051246348,25.17007331659657,inner_validation_within_outer_train
rolling_origin_2022-07-19,rolling_origin_2022-07-19__inner_2_2022-03-01,C04_probabilistic_gru_student_t,42120,70c1908d227951b86f26ede94b4eec73b621b327a6f0e2a87d98875e63514fba,P-H04-W002::C014::C015,31.466529439879352,student_t,31.466529439879352,4.561081227935906,3.3055243492126465,17.681382361184927,24.179187691958223,28.019155759630777,31.466529439879352,34.91390312012793,38.75387118780048,45.251676518573774,6.138195753744885,3.837582896421137,3.451625191760123,25.328333686134467,inner_validation_within_outer_train
rolling_origin_2022-07-19,rolling_origin_2022-07-19__inner_2_2022-03-01,C04_probabilistic_gru_student_t,42120,70c1908d227951b86f26ede94b4eec73b621b327a6f0e2a87d98875e63514fba,P-H04-W003::C014::C015,32.94647237469847,student_t,32.94647237469847,4.56398483797317,3.28436279296875,19.107982298930864,25.643158519054392,29.494305157336324,32.94647237469847,36.39863959206063,40.24978623034256,46.78496245046608,3.2206427841248697,2.033135952623679,2.8145860991124643,36.16711515882334,inner_validation_within_outer_train
rolling_origin_2022-07-19,rolling_origin_2022-07-19__inner_2_2022-03-01,C04_probabilistic_gru_student_t,42120,70c1908d227951b86f26ede94b4eec73b621b327a6f0e2a87d98875e63514fba,P-H04-W004::C014::C015,21.989255537488862,student_t,21.989255537488862,4.73061891010853,3.2690868377685547,7.611651465198204,14.410699276785843,18.409079445748016,21.989255537488862,25.569431629229715,29.56781179819189,36.36685960977952,0.4194900263766641,1.293328657903953,2.553511732530867,22.40874556386553,inner_validation_within_outer_train
rolling_origin_2022-07-19,rolling_origin_2022-07-19__inner_2_2022-03-01,C04_probabilistic_gru_student_t,42120,70c1908d227951b86f26ede94b4eec73b621b327a6f0e2a87d98875e63514fba,P-H04-W005::C014::C015,33.35209790733421,student_t,33.35209790733421,4.978040727983229,3.310487747192383,18.31803399373381,25.40144235640593,29.59023553191146,33.35209790733421,37.11396028275696,41.302753458262494,48.38616182093461,1.1160613789728089,1.43590058408493,2.6309234284043974,32.2360365283614,inner_validation_within_outer_train
rolling_origin_2022-07-19,rolling_origin_2022-07-19__inner_2_2022-03-01,C04_probabilistic_gru_student_t,42120,70c1908d227951b86f26ede94b4eec73b621b327a6f0e2a87d98875e63514fba,P-H04-W006::C014::C015,29.850936582789608,student_t,29.850936582789608,4.890444117420328,3.291706085205078,15.0392548098136,22.029456042374854,26.15280851853979,29.850936582789608,33.54906464703942,37.67241712320436,44.66261835576561,5.471313375436637,3.3365181877310803,3.2726336798417064,24.37962320735297,inner_validation_within_outer_train
rolling_origin_2022-07-19,rolling_origin_2022-07-19__inner_2_2022-03-01,C04_probabilistic_gru_student_t,42120,70c1908d227951b86f26ede94b4eec73b621b327a6f0e2a87d98875e63514fba,P-H04-W007::C014::C015,34.5351648748506,student_t,34.5351648748506,4.839764311285376,3.31649112701416,19.93190723784317,26.808720426006253,30.878569217697468,34.5351648748506,38.19176053200373,42.26160932369495,49.138422511858025,3.9709239433380175,2.4345346603443776,2.968993775274609,30.564240931512582,inner_validation_within_outer_train
rolling_origin_2022-07-19,rolling_origin_2022-07-19__inner_2_2022-03-01,C04_probabilistic_gru_student_t,42121,70c1908d227951b86f26ede94b4eec73b621b327a6f0e2a87d98875e63514fba,P-D01-W001::C014::C015,52.76584092721999,student_t,52.76584092721999,8.317736735867676,2.9594693183898926,26.088816631883464,39.09300355505366,46.392388735291966,52.76584092721999,59.139293119148014,66.43867829938631,79.4428652225565,73.74656123139337,66.49753359542571,9.6860274830204,126.51240215861336,inner_validation_within_outer_train
rolling_origin_2022-07-19,rolling_origin_2022-07-19__inner_2_2022-03-01,C04_probabilistic_gru_student_t,42121,70c1908d227951b86f26ede94b4eec73b621b327a6f0e2a87d98875e63514fba,P-D01-W002::C014::C015,44.58527824947811,student_t,44.58527824947811,5.360655593604081,3.014623641967773,27.57200126813716,35.81737745060238,40.487524603224365,44.58527824947811,48.68303189573185,53.35317904835384,61.598555230819045,1.3154501498917384,1.5878087336701692,2.7192899107217965,45.90072839936985,inner_validation_within_outer_train
rolling_origin_2022-07-19,rolling_origin_2022-07-19__inner_2_2022-03-01,C04_probabilistic_gru_student_t,42121,70c1908d227951b86f26ede94b4eec73b621b327a6f0e2a87d98875e63514fba,P-D01-W003::C014::C015,2.29086595515669,student_t,2.29086595515669,4.741264666396089,3.0853421688079834,-12.564568330639414,-5.416498723847073,-1.322751676164589,2.29086595515669,5.904483586477969,9.998230634160452,17.14630024095279,1.7820843694232569,1.5379970909502,2.646447269159787,4.0729503245799465,inner_validation_within_outer_train
rolling_origin_2022-07-19,rolling_origin_2022-07-19__inner_2_2022-03-01,C04_probabilistic_gru_student_t,42121,70c1908d227951b86f26ede94b4eec73b621b327a6f0e2a87d98875e63514fba,P-D01-W004::C014::C015,1.4230472926173228,student_t,1.4230472926173228,4.70787162500054,3.08634090423584,-13.325153930227057,-6.229387214186512,-2.164973589458401,1.4230472926173228,5.011068174693047,9.07548179942116,16.1712485154617,2.228220372298608,1.665086254511914,2.6910604970483103,3.65126766491593,inner_validation_within_outer_train
rolling_origin_2022-07-19,rolling_origin_2022-07-19__inner_2_2022-03-01,C04_probabilistic_gru_student_t,42121,70c1908d227951b86f26ede94b4eec73b621b327a6f0e2a87d98875e63514fba,P-D01-W005::C014::C015,30.892938047395404,student_t,30.892938047395404,5.082533760922946,3.074259757995605,14.9368492426398,22.62302468336072,27.017463594028783,30.892938047395404,34.768412500762025,39.1628514114301,46.849026852151,8.151508571092073,5.275420271288453,3.863303627595004,39.04444661848748,inner_validation_within_outer_train
rolling_origin_2022-07-19,rolling_origin_2022-07-19__inner_2_2022-03-01,C04_probabilistic_gru_student_t,42121,70c1908d227951b86f26ede94b4eec73b621b327a6f0e2a87d98875e63514fba,P-D01-W006::C014::C015,21.85574380020049,student_t,21.85574380020049,4.801653285071028,3.089578151702881,6.822351844096442,14.053005742109749,18.19673017718258,21.85574380020049,25.5147574232184,29.658481858291232,36.88913575630453,22.95705954328681,19.214421381335168,6.918996259251746,44.8128033434873,inner_validation_within_outer_train
rolling_origin_2022-07-19,rolling_origin_2022-07-19__inner_2_2022-03-01,C04_probabilistic_gru_student_t,42121,70c1908d227951b86f26ede94b4eec73b621b327a6f0e2a87d98875e63514fba,P-D01-W007::C014::C015,25.08194082301261,student_t,25.08194082301261,4.867905889793475,3.078059196472168,9.809993139210672,17.16381701339751,21.370699351935954,25.08194082301261,28.79318229408927,33.00006463262772,40.35388850681454,8.893473353684872,5.940001842640169,4.079144955215792,16.18846746932774,inner_validation_within_outer_train
rolling_origin_2022-07-19,rolling_origin_2022-07-19__inner_2_2022-03-01,C04_probabilistic_gru_student_t,42121,70c1908d227951b86f26ede94b4eec73b621b327a6f0e2a87d98875e63514fba,P-H04-W001::C014::C015,29.14552536894582,student_t,29.14552536894582,5.335295242578596,3.055576801300049,12.339616514941367,20.45039855402012,25.074181281377587,29.14552536894582,33.21686945651405,37.84065218387152,45.95143422295026,3.975452052349248,2.4896620124647946,3.0123403231560424,25.17007331659657,inner_validation_within_outer_train
rolling_origin_2022-07-19,rolling_origin_2022-07-19__inner_2_2022-03-01,C04_probabilistic_gru_student_t,42121,70c1908d227951b86f26ede94b4eec73b621b327a6f0e2a87d98875e63514fba,P-H04-W002::C014::C015,31.304046532114853,student_t,31.304046532114853,5.002400349839891,3.0573458671569824,15.5517772294086,23.152696644764998,27.487013473671585,31.304046532114853,35.121079590558125,39.45539641946471,47.05631583482111,5.975712845980386,3.669569283979996,3.386387318628252,25.328333686134467,inner_validation_within_outer_train
rolling_origin_2022-07-19,rolling_origin_2022-07-19__inner_2_2022-03-01,C04_probabilistic_gru_student_t,42121,70c1908d227951b86f26ede94b4eec73b621b327a6f0e2a87d98875e63514fba,P-H04-W003::C014::C015,32.019657919877645,student_t,32.019657919877645,4.838365609918887,3.056814670562744,16.782462335938252,24.13523897084789,28.32770864729492,32.019657919877645,35.71160719246037,39.9040768689074,47.25685350381703,4.147457238945698,2.539201490199708,3.0129422951084868,36.16711515882334,inner_validation_within_outer_train
rolling_origin_2022-07-19,rolling_origin_2022-07-19__inner_2_2022-03-01,C04_probabilistic_gru_student_t,42121,70c1908d227951b86f26ede94b4eec73b621b327a6f0e2a87d98875e63514fba,P-H04-W004::C014::C015,22.322909446221125,student_t,22.322909446221125,5.317428610373268,3.065412759780884,5.602941554155763,13.664240208379251,18.266850410490083,22.322909446221125,26.378968481952167,30.981578684063,39.04287733828648,0.0858361176444049,1.4545007325108057,2.6703547600261954,22.40874556386553,inner_validation_within_outer_train
rolling_origin_2022-07-19,rolling_origin_2022-07-19__inner_2_2022-03-01,C04_probabilistic_gru_student_t,42121,70c1908d227951b86f26ede94b4eec73b621b327a6f0e2a87d98875e63514fba,P-H04-W005::C014::C015,31.24872229277125,student_t,31.24872229277125,5.585531859210252,3.0544681549072266,13.651051153180202,22.14490287092238,26.98622732432756,31.24872229277125,35.511217261214945,40.35254171462012,48.84639343236231,0.9873142355901514,1.5922853713927485,2.740282674198187,32.2360365283614,inner_validation_within_outer_train
rolling_origin_2022-07-19,rolling_origin_2022-07-19__inner_2_2022-03-01,C04_probabilistic_gru_student_t,42121,70c1908d227951b86f26ede94b4eec73b621b327a6f0e2a87d98875e63514fba,P-H04-W006::C014::C015,27.428071161631443,student_t,27.428071161631443,5.455838701781687,3.061683416366577,10.261383901839658,18.541172602939746,23.265793950193128,27.428071161631443,31.59034837306976,36.31496972032314,44.59475842142322,3.0484479542784726,2.0987667224773694,2.893167832213176,24.37962320735297,inner_validation_within_outer_train
rolling_origin_2022-07-19,rolling_origin_2022-07-19__inner_2_2022-03-01,C04_probabilistic_gru_student_t,42121,70c1908d227951b86f26ede94b4eec73b621b327a6f0e2a87d98875e63514fba,P-H04-W007::C014::C015,34.971746479557986,student_t,34.971746479557986,5.46751662215859,3.042879581451416,17.709563001467785,26.051303295705864,30.797295588228465,34.971746479557986,39.14619737088751,43.89218966341011,52.233929957648186,4.407505548045403,2.720506679480675,3.0898601360035585,30.564240931512582,inner_validation_within_outer_train
rolling_origin_2022-07-19,rolling_origin_2022-07-19__inner_3_2022-05-17,C04_probabilistic_gru_student_t,42117,70c1908d227951b86f26ede94b4eec73b621b327a6f0e2a87d98875e63514fba,P-H01-W001::C014::C016,27.519233099244563,student_t,27.519233099244563,3.688948633903971,3.5084643363952637,16.685567891482997,21.706484199432587,24.7498008052635,27.519233099244563,30.288665393225624,33.33198199905654,38.35289830700612,4.386900691846602,2.692389319692906,3.0580923934010524,23.13233240739796,inner_validation_within_outer_train
rolling_origin_2022-07-19,rolling_origin_2022-07-19__inner_3_2022-05-17,C04_probabilistic_gru_student_t,42117,70c1908d227951b86f26ede94b4eec73b621b327a6f0e2a87d98875e63514fba,P-H01-W002::C014::C016,46.20935903892973,student_t,46.20935903892973,7.12096585123921,2.8245749473571777,22.729847238835255,34.34878213858928,40.71861413466817,46.20935903892973,51.700103943191294,58.06993593927019,69.6888708390242,54.73843428390187,48.61399498837449,8.872815402197872,100.9477933228316,inner_validation_within_outer_train
rolling_origin_2022-07-19,rolling_origin_2022-07-19__inner_3_2022-05-17,C04_probabilistic_gru_student_t,42117,70c1908d227951b86f26ede94b4eec73b621b327a6f0e2a87d98875e63514fba,P-H01-W003::C014::C016,53.306397924799285,student_t,53.306397924799285,7.867099907811596,2.7428460121154785,26.888027043345563,40.089087010675925,47.21537920984054,53.306397924799285,59.39741663975803,66.52370883892264,79.724768806253,40.86153023119567,34.423501294586096,7.530283313734645,94.16792815599496,inner_validation_within_outer_train
rolling_origin_2022-07-19,rolling_origin_2022-07-19__inner_3_2022-05-17,C04_probabilistic_gru_student_t,42117,70c1908d227951b86f26ede94b4eec73b621b327a6f0e2a87d98875e63514fba,P-H01-W004::C014::C016,26.202110286052623,student_t,26.202110286052623,3.092257647559976,3.836099624633789,17.470006435694607,21.42160438551735,23.90227664404075,26.202110286052623,28.501943928064495,30.982616186587894,34.93421413641064,2.6386805713842953,1.6018878484474963,2.5325766294833585,23.563429714668327,inner_validation_within_outer_train
rolling_origin_2022-07-19,rolling_origin_2022-07-19__inner_3_2022-05-17,C04_probabilistic_gru_student_t,42117,70c1908d227951b86f26ede94b4eec73b621b327a6f0e2a87d98875e63514fba,P-H01-W005::C014::C016,39.72092763616144,student_t,39.72092763616144,3.1588388707258948,4.200980186462402,31.113607980759653,34.9222039963597,37.391880469750866,39.72092763616144,42.04997480257202,44.51965127596319,48.32824729156323,1.8482503364151057,1.2180731766161639,2.3318510031262347,41.56917797257655,inner_validation_within_outer_train
rolling_origin_2022-07-19,rolling_origin_2022-07-19__inner_3_2022-05-17,C04_probabilistic_gru_student_t,42117,70c1908d227951b86f26ede94b4eec73b621b327a6f0e2a87d98875e63514fba,P-H01-W006::C014::C016,27.27007754456764,student_t,27.27007754456764,2.914234768662568,3.9657018184661865,19.151191692922133,22.794474157236905,25.10972177470137,27.27007754456764,29.430433314433913,31.745680931898377,35.38896339621314,0.6481652723737881,0.8202646965738443,2.0817410373355427,26.621912272193853,inner_validation_within_outer_train
rolling_origin_2022-07-19,rolling_origin_2022-07-19__inner_3_2022-05-17,C04_probabilistic_gru_student_t,42117,70c1908d227951b86f26ede94b4eec73b621b327a6f0e2a87d98875e63514fba,P-H01-W007::C014::C016,34.587884756924474,student_t,34.587884756924474,4.042150506610151,3.5440139770507812,22.772008960831243,28.232921879305778,31.55663173096515,34.587884756924474,37.6191377828838,40.94284763454317,46.403760553017705,4.43906507113676,2.7011802681392885,3.0508515884254317,39.026949828061234,inner_validation_within_outer_train
rolling_origin_2022-07-19,rolling_origin_2022-07-19__inner_3_2022-05-17,C04_probabilistic_gru_student_t,42117,70c1908d227951b86f26ede94b4eec73b621b327a6f0e2a87d98875e63514fba,P-H02-W001::C014::C016,31.21894075225284,student_t,31.21894075225284,3.13778948430082,3.8977417945861816,22.416156883458,26.383557991173106,28.888934110304767,31.21894075225284,33.548947394200916,36.05432351333258,40.02172462104768,0.08248406526295682,0.8278411944006607,2.1263744838597782,31.136456686989884,inner_validation_within_outer_train
rolling_origin_2022-07-19,rolling_origin_2022-07-19__inner_3_2022-05-17,C04_probabilistic_gru_student_t,42117,70c1908d227951b86f26ede94b4eec73b621b327a6f0e2a87d98875e63514fba,P-H02-W003::C014::C016,41.762293082220104,student_t,41.762293082220104,5.456253201621978,3.028981924057007,24.491674380425426,32.84937374233557,37.594005784850914,41.762293082220104,45.930580379589294,50.67521242210464,59.03291178401478,25.556176896733994,21.288395303741527,6.946135536509811,67.3184699789541,inner_validation_within_outer_train
rolling_origin_2022-07-19,rolling_origin_2022-07-19__inner_3_2022-05-17,C04_probabilistic_gru_student_t,42117,70c1908d227951b86f26ede94b4eec73b621b327a6f0e2a87d98875e63514fba,P-H02-W004::C014::C016,24.775203616665095,student_t,24.775203616665095,3.4366567685629934,3.5612196922302246,14.75149291604185,19.377976209751036,22.199369986586245,24.775203616665095,27.351037246743946,30.172431023579154,34.798914317288336,4.396577240262047,2.727134303760258,3.085193056342346,20.378626376403048,inner_validation_within_outer_train
rolling_origin_2022-07-19,rolling_origin_2022-07-19__inner_3_2022-05-17,C04_probabilistic_gru_student_t,42117,70c1908d227951b86f26ede94b4eec73b621b327a6f0e2a87d98875e63514fba,P-H02-W005::C014::C016,7.510984968053151,student_t,7.510984968053151,3.4424205817545928,3.564600944519043,-2.5251998744577087,2.1058382972951524,4.931095944249073,7.510984968053151,10.09087399185723,12.916131638811152,17.54716981056401,0.12269311579549669,0.9204699369471622,2.225212635410851,7.388291852257654,inner_validation_within_outer_train
rolling_origin_2022-07-19,rolling_origin_2022-07-19__inner_3_2022-05-17,C04_probabilistic_gru_student_t,42117,70c1908d227951b86f26ede94b4eec73b621b327a6f0e2a87d98875e63514fba,P-H02-W006::C014::C016,21.295798000214845,student_t,21.295798000214845,3.146863950677125,3.642998218536377,12.21044827359124,16.37809245486352,18.942886039651047,21.295798000214845,23.648709960778643,26.21350354556617,30.38114772683845,3.3157178724087935,2.0112553836146967,2.7507138217283025,17.98008012780605,inner_validation_within_outer_train
rolling_origin_2022-07-19,rolling_origin_2022-07-19__inner_3_2022-05-17,C04_probabilistic_gru_student_t,42117,70c1908d227951b86f26ede94b4eec73b621b327a6f0e2a87d98875e63514fba,P-H02-W007::C014::C016,36.06271459947085,student_t,36.06271459947085,4.096635635493088,3.4144625663757324,23.87650337753371,29.56740825788989,32.97789648134875,36.06271459947085,39.14753271759295,42.55802094105181,48.24892582140799,2.6532253539351487,1.7113713577800624,2.6571136860337687,33.4094892455357,inner_validation_within_outer_train
rolling_origin_2022-07-19,rolling_origin_2022-07-19__inner_3_2022-05-17,C04_probabilistic_gru_student_t,42117,70c1908d227951b86f26ede94b4eec73b621b327a6f0e2a87d98875e63514fba,P-H03-W001::C014::C016,40.16756597169066,student_t,40.16756597169066,3.771065815838343,3.8967204093933105,29.587053559802207,34.35599116414331,37.367239426540834,40.16756597169066,42.96789251684048,45.979140779238,50.748078383579106,6.776222889916511,4.549555396019555,3.7875127511337965,46.94378886160717,inner_validation_within_outer_train
rolling_origin_2022-07-19,rolling_origin_2022-07-19__inner_3_2022-05-17,C04_probabilistic_gru_student_t,42117,70c1908d227951b86f26ede94b4eec73b621b327a6f0e2a87d98875e63514fba,P-H03-W003::C014::C016,38.20296316653317,student_t,38.20296316653317,3.114639641443432,4.1154680252075195,29.650189175191937,33.4533542729262,35.90215165624611,38.20296316653317,40.503774676820235,42.95257206014015,46.75573715787441,5.652338036400508,3.8121798480779674,3.6189831221452433,43.85530120293368,inner_validation_within_outer_train
rolling_origin_2022-07-19,rolling_origin_2022-07-19__inner_3_2022-05-17,C04_probabilistic_gru_student_t,42117,70c1908d227951b86f26ede94b4eec73b621b327a6f0e2a87d98875e63514fba,P-H03-W004::C014::C016,34.365604843689,student_t,34.365604843689,3.0311496667179045,4.225288391113281,26.12383205921926,29.76569691559775,32.1318752829856,34.365604843689,36.5993344043924,38.96551277178025,42.60737762815874,6.87227870694867,4.936180597573578,4.166068585234053,41.23788355063767,inner_validation_within_outer_train
rolling_origin_2022-07-19,rolling_origin_2022-07-19__inner_3_2022-05-17,C04_probabilistic_gru_student_t,42117,70c1908d227951b86f26ede94b4eec73b621b327a6f0e2a87d98875e63514fba,P-H03-W005::C014::C016,38.22274547850408,student_t,38.22274547850408,3.4750745649310253,4.064742565155029,28.634697878065857,32.911098975920915,35.652693642047076,38.22274547850408,40.792797314961085,43.534391981087246,47.8107930789423,6.784940159506121,4.666740842792243,3.9008337481490383,45.0076856380102,inner_validation_within_outer_train
rolling_origin_2022-07-19,rolling_origin_2022-07-19__inner_3_2022-05-17,C04_probabilistic_gru_student_t,42117,70c1908d227951b86f26ede94b4eec73b621b327a6f0e2a87d98875e63514fba,P-H03-W006::C014::C016,43.40751893662129,student_t,43.40751893662129,3.8440606181150256,3.9693894386291504,32.70215765026959,37.50498445485462,40.55812859585806,43.40751893662129,46.256909277384516,49.31005341838795,54.11288022297298,0.2820328899376321,1.0187047860804743,2.3311941002222425,43.125486046683655,inner_validation_within_outer_train
rolling_origin_2022-07-19,rolling_origin_2022-07-19__inner_3_2022-05-17,C04_probabilistic_gru_student_t,42117,70c1908d227951b86f26ede94b4eec73b621b327a6f0e2a87d98875e63514fba,P-H03-W007::C014::C016,23.552660693572587,student_t,23.552660693572587,3.3812075008114193,3.5625076293945312,13.692303070350993,18.24293977155108,21.01848633700378,23.552660693572587,26.086835050141396,28.862381615594096,33.41301831679418,9.8436307277284,7.488837670865481,4.984167702853696,33.39629142130099,inner_validation_within_outer_train
rolling_origin_2022-07-19,rolling_origin_2022-07-19__inner_3_2022-05-17,C04_probabilistic_gru_student_t,42117,70c1908d227951b86f26ede94b4eec73b621b327a6f0e2a87d98875e63514fba,P-H05-W001::C014::C016,37.610474947761475,student_t,37.610474947761475,2.9780793706665634,3.8077924251556396,29.174768198213755,32.999534595506454,35.39391090210097,37.610474947761475,39.82703899342198,42.221415300016496,46.046181697309194,1.2634877347509246,0.9842699533558804,2.1862008545060743,36.34698721301055,inner_validation_within_outer_train
rolling_origin_2022-07-19,rolling_origin_2022-07-19__inner_3_2022-05-17,C04_probabilistic_gru_student_t,42117,70c1908d227951b86f26ede94b4eec73b621b327a6f0e2a87d98875e63514fba,P-H05-W002::C014::C016,34.6372490379402,student_t,34.6372490379402,2.4678149795200577,4.250677108764648,27.94194947475414,30.89628522056983,32.81963812680259,34.6372490379402,36.454859949077814,38.37821285531057,41.33254860112626,1.0884982401210408,0.8205863170884631,1.9980652614902366,35.72574727806124,inner_validation_within_outer_train
rolling_origin_2022-07-19,rolling_origin_2022-07-19__inner_3_2022-05-17,C04_probabilistic_gru_student_t,42117,70c1908d227951b86f26ede94b4eec73b621b327a6f0e2a87d98875e63514fba,P-H05-W003::C014::C016,27.7438406706015,student_t,27.7438406706015,2.0833620554281813,4.376148700714111,22.15040308792108,24.601927015456024,26.213341844483207,27.7438406706015,29.274339496719794,30.885754325746976,33.33727825328192,1.6124654843769228,0.9855355655286037,2.0544405834211936,26.131375186224577,inner_validation_within_outer_train
rolling_origin_2022-07-19,rolling_origin_2022-07-19__inner_3_2022-05-17,C04_probabilistic_gru_student_t,42117,70c1908d227951b86f26ede94b4eec73b621b327a6f0e2a87d98875e63514fba,P-H05-W004::C014::C016,24.92072274370706,student_t,24.92072274370706,2.238770792865876,4.11446475982666,18.772506264493845,21.506597174100563,23.266885671573796,24.92072274370706,26.574559815840324,28.33484831331356,31.06893922292027,2.52945279073192,1.5425486043898708,2.476087389891262,27.45017553443898,inner_validation_within_outer_train
rolling_origin_2022-07-19,rolling_origin_2022-07-19__inner_3_2022-05-17,C04_probabilistic_gru_student_t,42117,70c1908d227951b86f26ede94b4eec73b621b327a6f0e2a87d98875e63514fba,P-H05-W005::C014::C016,17.708930621567475,student_t,17.708930621567475,2.224143331736064,4.121362686157227,11.604777076974791,14.318174164805903,16.066155196419547,17.708930621567475,19.351706046715403,21.099687078329048,23.81308416616016,0.939984459577758,0.7287389339275361,1.8870498277598218,16.768946161989717,inner_validation_within_outer_train
rolling_origin_2022-07-19,rolling_origin_2022-07-19__inner_3_2022-05-17,C04_probabilistic_gru_student_t,42117,70c1908d227951b86f26ede94b4eec73b621b327a6f0e2a87d98875e63514fba,P-H05-W006::C014::C016,19.943314258007213,student_t,19.943314258007213,2.256599324869098,4.058256149291992,13.713301183578732,16.493058890683862,18.274155481713844,19.943314258007213,21.61247303430058,23.393569625330564,26.173327332435694,0.50534285494615,0.634064263226748,1.824877585164423,19.437971403061063,inner_validation_within_outer_train
rolling_origin_2022-07-19,rolling_origin_2022-07-19__inner_3_2022-05-17,C04_probabilistic_gru_student_t,42117,70c1908d227951b86f26ede94b4eec73b621b327a6f0e2a87d98875e63514fba,P-H05-W007::C014::C016,26.581721650340064,student_t,26.581721650340064,2.655567963953879,3.8832521438598633,19.12043396645879,22.48640756982681,24.609070198431514,26.581721650340064,28.554373102248615,30.67703573085332,34.04300933422134,7.4955704147533595,5.685344170934498,4.683375549824711,19.086151235586705,inner_validation_within_outer_train
rolling_origin_2022-07-19,rolling_origin_2022-07-19__inner_3_2022-05-17,C04_probabilistic_gru_student_t,42117,70c1908d227951b86f26ede94b4eec73b621b327a6f0e2a87d98875e63514fba,P-H06-W001::C014::C016,3.9022406942435026,student_t,3.9022406942435026,2.86015272957915,3.739178419113159,-4.262114321376318,-0.5427874532010382,1.7695026463620702,3.9022406942435026,6.034978742124935,8.347268841688045,12.06659570986332,1.3755854307231008,0.999417283213462,2.1781646329045534,2.526655263520402,inner_validation_within_outer_train
rolling_origin_2022-07-19,rolling_origin_2022-07-19__inner_3_2022-05-17,C04_probabilistic_gru_student_t,42117,70c1908d227951b86f26ede94b4eec73b621b327a6f0e2a87d98875e63514fba,P-H06-W002::C014::C016,5.177213730124464,student_t,5.177213730124464,3.0649909719188426,3.6335487365722656,-3.681959101454284,0.3847718026651439,2.884888575190328,5.177213730124464,7.469538885058601,9.969655657583784,14.036386561703209,3.5405558738744807,2.165054335789024,2.831662006612153,1.6366578562499836,inner_validation_within_outer_train
rolling_origin_2022-07-19,rolling_origin_2022-07-19__inner_3_2022-05-17,C04_probabilistic_gru_student_t,42117,70c1908d227951b86f26ede94b4eec73b621b327a6f0e2a87d98875e63514fba,P-H06-W003::C014::C016,4.098129972092323,student_t,4.098129972092323,2.8380412138970583,3.7739925384521484,-3.971169712468388,-0.30405135051157295,1.9838856055738283,4.098129972092323,6.212374338610818,8.500311294696221,12.167429656653034,2.3325116584443597,1.4219149603895138,2.420597341532517,1.7656183136479635,inner_validation_within_outer_train
rolling_origin_2022-07-19,rolling_origin_2022-07-19__inner_3_2022-05-17,C04_probabilistic_gru_student_t,42117,70c1908d227951b86f26ede94b4eec73b621b327a6f0e2a87d98875e63514fba,P-H06-W004::C014::C016,3.440203339195211,student_t,3.440203339195211,2.731057038924062,3.818157911300659,-4.286993666776987,-0.7859274236689551,1.4080529405243243,3.440203339195211,5.472353737866097,7.666334102059378,11.167400345167408,1.0294385463380546,0.8649385296838258,2.0764267500957927,2.4107647928571563,inner_validation_within_outer_train
rolling_origin_2022-07-19,rolling_origin_2022-07-19__inner_3_2022-05-17,C04_probabilistic_gru_student_t,42117,70c1908d227951b86f26ede94b4eec73b621b327a6f0e2a87d98875e63514fba,P-H06-W005::C014::C016,3.826801078144424,student_t,3.826801078144424,2.989359084458339,3.7139430046081543,-4.73128816622714,-0.8256300186076482,1.596159448196087,3.826801078144424,6.057442708092761,8.479232174896495,12.384890322515982,1.3276931187056578,1.0087880443933794,2.202532778577966,2.499107959438766,inner_validation_within_outer_train
rolling_origin_2022-07-19,rolling_origin_2022-07-19__inner_3_2022-05-17,C04_probabilistic_gru_student_t,42117,70c1908d227951b86f26ede94b4eec73b621b327a6f0e2a87d98875e63514fba,P-H06-W006::C014::C016,3.0278226907380663,student_t,3.0278226907380663,2.7542013176584508,3.803145408630371,-4.777724091176845,-1.23755461908872,0.977636824701086,3.0278226907380663,5.078008556775046,7.293200000564854,10.833369472652976,1.1580263185442294,0.907134045543331,2.1062142061059195,1.8697963721938369,inner_validation_within_outer_train
rolling_origin_2022-07-19,rolling_origin_2022-07-19__inner_3_2022-05-17,C04_probabilistic_gru_student_t,42117,70c1908d227951b86f26ede94b4eec73b621b327a6f0e2a87d98875e63514fba,P-H06-W007::C014::C016,1.7685009146188229,student_t,1.7685009146188229,3.0359885990198077,3.718075752258301,-6.91890671838617,-2.9553959671245282,-0.49667468418686767,1.7685009146188229,4.033676513424513,6.492397796362175,10.455908547623812,0.732894638151985,0.8710287148886546,2.1326505306459254,1.035606276466838,inner_validation_within_outer_train
rolling_origin_2022-07-19,rolling_origin_2022-07-19__inner_3_2022-05-17,C04_probabilistic_gru_student_t,42117,70c1908d227951b86f26ede94b4eec73b621b327a6f0e2a87d98875e63514fba,P-H07-W001::C014::C016,33.653364178691184,student_t,33.653364178691184,4.313026542769477,3.3089489936828613,20.624669169323894,26.764062666269222,30.39387040841359,33.653364178691184,36.91285794896878,40.54266569111315,46.682059188058474,7.095814312890447,4.630971595474227,3.742884866829828,40.74917849158163,inner_validation_within_outer_train
rolling_origin_2022-07-19,rolling_origin_2022-07-19__inner_3_2022-05-17,C04_probabilistic_gru_student_t,42117,70c1908d227951b86f26ede94b4eec73b621b327a6f0e2a87d98875e63514fba,P-H07-W002::C014::C016,32.04487235521479,student_t,32.04487235521479,3.499807709899717,3.888922929763794,22.217406587069476,26.649177757539025,29.445463940887333,32.04487235521479,34.64428076954225,37.44056695289056,41.87233812336011,7.269914226162712,5.078212928740878,4.059981729437455,39.314786581377504,inner_validation_within_outer_train
rolling_origin_2022-07-19,rolling_origin_2022-07-19__inner_3_2022-05-17,C04_probabilistic_gru_student_t,42117,70c1908d227951b86f26ede94b4eec73b621b327a6f0e2a87d98875e63514fba,P-H07-W003::C014::C016,1.3410254186999069,student_t,1.3410254186999069,2.656314483789646,3.846388578414917,-6.151710181977203,-2.763303407642364,-0.6340511795859181,1.3410254186999069,3.316102016985732,5.445354245042179,8.833761019377015,4.31658172938687,2.8216824608785886,3.2267496813897742,5.657607148086777,inner_validation_within_outer_train
rolling_origin_2022-07-19,rolling_origin_2022-07-19__inner_3_2022-05-17,C04_probabilistic_gru_student_t,42117,70c1908d227951b86f26ede94b4eec73b621b327a6f0e2a87d98875e63514fba,P-H07-W004::C014::C016,32.98905456935981,student_t,32.98905456935981,4.224533184995616,3.3342580795288086,20.275930835784937,26.253410724155394,29.799265620106965,32.98905456935981,36.17884351861265,39.72469841456423,45.702178302934676,1.8190307819156715,1.4236926431586427,2.551075316138629,34.80808535127548,inner_validation_within_outer_train
rolling_origin_2022-07-19,rolling_origin_2022-07-19__inner_3_2022-05-17,C04_probabilistic_gru_student_t,42117,70c1908d227951b86f26ede94b4eec73b621b327a6f0e2a87d98875e63514fba,P-H07-W005::C014::C016,1.3945621737293727,student_t,1.3945621737293727,2.8594343394763246,3.753793239593506,-6.754136854839702,-3.0457388462762527,-0.7367869604374642,1.3945621737293727,3.5259113078962097,5.834863193734999,9.543261202298448,6.130321084280826,4.3120386908669435,3.9357664700074757,7.524883258010199,inner_validation_within_outer_train
rolling_origin_2022-07-19,rolling_origin_2022-07-19__inner_3_2022-05-17,C04_probabilistic_gru_student_t,42117,70c1908d227951b86f26ede94b4eec73b621b327a6f0e2a87d98875e63514fba,P-H07-W006::C014::C016,26.155358979021052,student_t,26.155358979021052,4.529599829633073,3.344524383544922,12.544860485441282,18.93859686983787,22.736441148100923,26.155358979021052,29.574276809941182,33.37212108820424,39.765857472600814,3.231863570156243,2.0321332031372825,2.811080162912098,22.92349540886481,inner_validation_within_outer_train
rolling_origin_2022-07-19,rolling_origin_2022-07-19__inner_3_2022-05-17,C04_probabilistic_gru_student_t,42117,70c1908d227951b86f26ede94b4eec73b621b327a6f0e2a87d98875e63514fba,P-V01-W001::C014::C016,29.961355122578514,student_t,29.961355122578514,4.030532617787183,3.45062255859375,18.031882706948846,23.586359129773435,26.929904292759208,29.961355122578514,32.992805952397816,36.33635111538359,41.89082753820818,3.8770559565030958,2.3480405366927584,2.9130046839614447,33.83841107908161,inner_validation_within_outer_train
rolling_origin_2022-07-19,rolling_origin_2022-07-19__inner_3_2022-05-17,C04_probabilistic_gru_student_t,42117,70c1908d227951b86f26ede94b4eec73b621b327a6f0e2a87d98875e63514fba,P-V01-W002::C014::C016,32.394503142868096,student_t,32.394503142868096,4.302507877356856,3.390941619873047,19.55314535320538,25.561790314961275,29.152119989808764,32.394503142868096,35.63688629592743,39.22721597077492,45.23586093253081,0.3557971473324031,1.167799428999977,2.4553077485714465,32.03870599553569,inner_validation_within_outer_train
rolling_origin_2022-07-19,rolling_origin_2022-07-19__inner_3_2022-05-17,C04_probabilistic_gru_student_t,42117,70c1908d227951b86f26ede94b4eec73b621b327a6f0e2a87d98875e63514fba,P-V01-W003::C014::C016,19.940943941609422,student_t,19.940943941609422,3.557212766885618,3.5804333686828613,9.590922577007875,14.361001183285092,17.27629832722711,19.940943941609422,22.605589555991735,25.520886699933754,30.290965306210964,1.142165256405331,1.083941091579741,2.3219154321737125,18.79877868520409,inner_validation_within_outer_train
rolling_origin_2022-07-19,rolling_origin_2022-07-19__inner_3_2022-05-17,C04_probabilistic_gru_student_t,42117,70c1908d227951b86f26ede94b4eec73b621b327a6f0e2a87d98875e63514fba,P-V01-W004::C014::C016,20.842360306380236,student_t,20.842360306380236,3.2603420754264336,3.7205541133880615,11.51565295208523,15.77008713923642,18.409960335329657,20.842360306380236,23.274760277430815,25.914633473524056,30.16906766067524,2.26110281555858,1.4229441216606629,2.454162440145809,23.103463121938816,inner_validation_within_outer_train
rolling_origin_2022-07-19,rolling_origin_2022-07-19__inner_3_2022-05-17,C04_probabilistic_gru_student_t,42117,70c1908d227951b86f26ede94b4eec73b621b327a6f0e2a87d98875e63514fba,P-V01-W005::C014::C016,26.582658277711648,student_t,26.582658277711648,2.6176299186355827,4.182196617126465,19.43813278931763,22.602840821786188,24.65186057403443,26.582658277711648,28.513455981388866,30.562475733637108,33.72718376610566,4.795721374073995,3.2448331912212973,3.4671698330283833,31.378379651785643,inner_validation_within_outer_train
rolling_origin_2022-07-19,rolling_origin_2022-07-19__inner_3_2022-05-17,C04_probabilistic_gru_student_t,42117,70c1908d227951b86f26ede94b4eec73b621b327a6f0e2a87d98875e63514fba,P-V01-W007::C014::C016,34.809546125153176,student_t,34.809546125153176,3.691467017797136,3.8405637741088867,24.39038877484655,29.104031517381326,32.06437636671386,34.809546125153176,37.55471588359249,40.51506073292502,45.228703475459795,3.1595763432141055,1.9174926325284922,2.7119132856330066,37.96912246836728,inner_validation_within_outer_train
rolling_origin_2022-07-19,rolling_origin_2022-07-19__inner_3_2022-05-17,C04_probabilistic_gru_student_t,42117,70c1908d227951b86f26ede94b4eec73b621b327a6f0e2a87d98875e63514fba,P-V02-W001::C014::C016,36.37609033445424,student_t,36.37609033445424,3.4163727581682957,3.8774495124816895,26.77130811330383,31.105915577685863,33.83791024351619,36.37609033445424,38.91427042539229,41.64626509122262,45.98087255560465,1.4703749626429996,1.1337058846291164,2.325134043487371,34.90571537181124,inner_validation_within_outer_train
rolling_origin_2022-07-19,rolling_origin_2022-07-19__inner_3_2022-05-17,C04_probabilistic_gru_student_t,42117,70c1908d227951b86f26ede94b4eec73b621b327a6f0e2a87d98875e63514fba,P-V02-W003::C014::C016,7.9595497266119715,student_t,7.9595497266119715,3.3651961186444526,3.6570706367492676,-1.739616282883345,2.705001270168623,5.444413142755866,7.9595497266119715,10.474686310468076,13.21409818305532,17.658715736107286,1.4064067181329332,1.1099671004808127,2.3086349505562995,9.365956444744905,inner_validation_within_outer_train
rolling_origin_2022-07-19,rolling_origin_2022-07-19__inner_3_2022-05-17,C04_probabilistic_gru_student_t,42117,70c1908d227951b86f26ede94b4eec73b621b327a6f0e2a87d98875e63514fba,P-V02-W004::C014::C016,17.95266764779671,student_t,17.95266764779671,4.01996418438551,3.4835658073425293,6.107615155064968,11.608140610313313,14.932358836856004,17.95266764779671,20.972976458737413,24.297194685280104,29.797720140528444,0.8505196016487346,1.1431625301604653,2.409694691675238,17.102148046147974,inner_validation_within_outer_train
rolling_origin_2022-07-19,rolling_origin_2022-07-19__inner_3_2022-05-17,C04_probabilistic_gru_student_t,42117,70c1908d227951b86f26ede94b4eec73b621b327a6f0e2a87d98875e63514fba,P-V02-W005::C014::C016,42.50124571070779,student_t,42.50124571070779,3.9137673328169442,3.8702030181884766,31.489641298216085,36.461513668740444,39.59298928195422,42.50124571070779,45.40950213946137,48.54097775267514,53.51285012319949,2.1802064540880792,1.4732655475948653,2.5351811207099213,44.68145216479587,inner_validation_within_outer_train
rolling_origin_2022-07-19,rolling_origin_2022-07-19__inner_3_2022-05-17,C04_probabilistic_gru_student_t,42117,70c1908d227951b86f26ede94b4eec73b621b327a6f0e2a87d98875e63514fba,P-V02-W006::C014::C016,27.639589716493038,student_t,27.639589716493038,3.8810496713439617,3.5754122734069824,16.340157346518183,21.54978983400145,24.731924414813722,27.639589716493038,30.547255018172354,33.729389598984625,38.93902208646789,2.5938554821038977,1.6524138003375133,2.6134362287617003,30.233445198596936,inner_validation_within_outer_train
rolling_origin_2022-07-19,rolling_origin_2022-07-19__inner_3_2022-05-17,C04_probabilistic_gru_student_t,42117,70c1908d227951b86f26ede94b4eec73b621b327a6f0e2a87d98875e63514fba,P-V02-W007::C014::C016,23.872355417575744,student_t,23.872355417575744,4.072256739688699,3.467029333114624,11.846372726003453,17.43834349466387,20.81114227554044,23.872355417575744,26.933568559611047,30.30636734048762,35.89833810914803,0.7307109023222367,1.1400123361859391,2.4149720949785602,24.60306631989798,inner_validation_within_outer_train
rolling_origin_2022-07-19,rolling_origin_2022-07-19__inner_3_2022-05-17,C04_probabilistic_gru_student_t,42117,70c1908d227951b86f26ede94b4eec73b621b327a6f0e2a87d98875e63514fba,P-V03-W001::C014::C016,26.602640588992596,student_t,26.602640588992596,3.4592134140850455,3.6699295043945312,16.647874624100368,21.20534197613148,24.01818862217777,26.602640588992596,29.18709255580742,31.999939201853717,36.55740655388482,3.172490412972188,1.9203862082018766,2.709145817662388,23.43015017602041,inner_validation_within_outer_train
rolling_origin_2022-07-19,rolling_origin_2022-07-19__inner_3_2022-05-17,C04_probabilistic_gru_student_t,42117,70c1908d227951b86f26ede94b4eec73b621b327a6f0e2a87d98875e63514fba,P-V03-W002::C014::C016,33.87097161963783,student_t,33.87097161963783,3.8181376781782728,3.5822105407714844,22.76425985612035,27.882387097224566,31.01102433821199,33.87097161963783,36.73091890106367,39.85955614205109,44.9776833831553,0.5637743758979354,1.049352802737335,2.3415566171871616,34.43474599553576,inner_validation_within_outer_train
rolling_origin_2022-07-19,rolling_origin_2022-07-19__inner_3_2022-05-17,C04_probabilistic_gru_student_t,42117,70c1908d227951b86f26ede94b4eec73b621b327a6f0e2a87d98875e63514fba,P-V03-W003::C014::C016,35.491659382493246,student_t,35.491659382493246,3.027276727992304,3.7693276405334473,26.879797063766887,30.794747467685557,33.23615675970251,35.491659382493246,37.74716200528398,40.18857129730094,44.103521701219606,0.7419139784763971,0.8690269858560478,2.1299029660811923,36.23357336096964,inner_validation_within_outer_train
rolling_origin_2022-07-19,rolling_origin_2022-07-19__inner_3_2022-05-17,C04_probabilistic_gru_student_t,42117,70c1908d227951b86f26ede94b4eec73b621b327a6f0e2a87d98875e63514fba,P-V03-W004::C014::C016,20.754082403813634,student_t,20.754082403813634,2.089293255986682,4.1809892654418945,15.050977306477344,17.57737401358338,19.212951926981795,20.754082403813634,22.295212880645472,23.930790794043887,26.45718750114992,1.8191925607014738,1.100187163885143,2.1467140112302454,18.93488984311216,inner_validation_within_outer_train
rolling_origin_2022-07-19,rolling_origin_2022-07-19__inner_3_2022-05-17,C04_probabilistic_gru_student_t,42117,70c1908d227951b86f26ede94b4eec73b621b327a6f0e2a87d98875e63514fba,P-V03-W005::C014::C016,32.216954450897425,student_t,32.216954450897425,3.8663585319176,3.557363986968994,20.934360721717873,26.143431422717928,29.3187121897476,32.216954450897425,35.11519671204725,38.29047747907693,43.49954818007697,1.0283862267810946,1.1333176629288275,2.385547937175684,33.24534067767852,inner_validation_within_outer_train
rolling_origin_2022-07-19,rolling_origin_2022-07-19__inner_3_2022-05-17,C04_probabilistic_gru_student_t,42117,70c1908d227951b86f26ede94b4eec73b621b327a6f0e2a87d98875e63514fba,P-V03-W006::C014::C016,34.99974577811705,student_t,34.99974577811705,4.127282515856422,3.510970115661621,22.882800325457424,28.497348708004665,31.901482677240146,34.99974577811705,38.09800887899396,41.50214284822944,47.11669123077668,3.1999382537547874,1.973184285938502,2.7633274493502378,31.799807524362265,inner_validation_within_outer_train
rolling_origin_2022-07-19,rolling_origin_2022-07-19__inner_3_2022-05-17,C04_probabilistic_gru_student_t,42117,70c1908d227951b86f26ede94b4eec73b621b327a6f0e2a87d98875e63514fba,P-V03-W007::C014::C016,3.8921609763119527,student_t,3.8921609763119527,3.0707458206900538,3.6619954109191895,-4.9530976637139545,-0.9012401408907795,1.5974202785154064,3.8921609763119527,6.1869016741084994,8.685562093514687,12.737419616337855,3.6834893652150327,2.263170760891147,2.880854461606586,0.2086716110969202,inner_validation_within_outer_train
rolling_origin_2022-07-19,rolling_origin_2022-07-19__inner_3_2022-05-17,C04_probabilistic_gru_student_t,42117,70c1908d227951b86f26ede94b4eec73b621b327a6f0e2a87d98875e63514fba,P-V04-W001::C014::C016,3.4251678423787695,student_t,3.4251678423787695,2.928810607095662,3.711333990097046,-4.96212893819609,-1.1337043071173394,1.2395480444689335,3.4251678423787695,5.610787640288605,7.984039991874879,11.812464622953629,0.4056988271365336,0.798118707115757,2.0722881024079123,3.830866669515303,inner_validation_within_outer_train
rolling_origin_2022-07-19,rolling_origin_2022-07-19__inner_3_2022-05-17,C04_probabilistic_gru_student_t,42117,70c1908d227951b86f26ede94b4eec73b621b327a6f0e2a87d98875e63514fba,P-V04-W003::C014::C016,3.7709249185116107,student_t,3.7709249185116107,2.8955918654347794,3.7158992290496826,-4.516836468392107,-0.7350741069641158,1.6103695844349963,3.7709249185116107,5.931480252588225,8.276923943987338,12.058686305415327,0.06669079670042999,0.7688084072542484,2.048990172675369,3.7042341218111807,inner_validation_within_outer_train
rolling_origin_2022-07-19,rolling_origin_2022-07-19__inner_3_2022-05-17,C04_probabilistic_gru_student_t,42117,70c1908d227951b86f26ede94b4eec73b621b327a6f0e2a87d98875e63514fba,P-V04-W004::C014::C016,3.4634143874055923,student_t,3.4634143874055923,2.748901181383477,3.7943623065948486,-4.334686936488517,-0.7957737163203866,1.416695323623805,3.4634143874055923,5.51013345118738,7.722602491131572,11.2615157112997,0.37869085360454147,0.7466745536685887,2.0072778302862124,3.084723533801051,inner_validation_within_outer_train
rolling_origin_2022-07-19,rolling_origin_2022-07-19__inner_3_2022-05-17,C04_probabilistic_gru_student_t,42117,70c1908d227951b86f26ede94b4eec73b621b327a6f0e2a87d98875e63514fba,P-V04-W006::C014::C016,2.5384543635162053,student_t,2.5384543635162053,2.860315325617913,3.7502875328063965,-5.616006921375854,-1.9040780463257896,0.4062444839811934,2.5384543635162053,4.670664243051217,6.980986773358201,10.692915648408263,0.1625333025468274,0.7613446111335039,2.037842707572028,2.375921060969378,inner_validation_within_outer_train
rolling_origin_2022-07-19,rolling_origin_2022-07-19__inner_3_2022-05-17,C04_probabilistic_gru_student_t,42117,70c1908d227951b86f26ede94b4eec73b621b327a6f0e2a87d98875e63514fba,P-V04-W007::C014::C016,38.932315209903166,student_t,38.932315209903166,4.330006391456302,3.355764865875244,25.9430064412987,32.0390417144236,35.665313031527965,38.932315209903166,42.19931738827837,45.82558870538274,51.921623978507625,1.4660717368163247,1.348098840564322,2.5311568948310934,37.46624347308684,inner_validation_within_outer_train
rolling_origin_2022-07-19,rolling_origin_2022-07-19__inner_3_2022-05-17,C04_probabilistic_gru_student_t,42117,70c1908d227951b86f26ede94b4eec73b621b327a6f0e2a87d98875e63514fba,P-V05-W001::C014::C016,23.45742330960538,student_t,23.45742330960538,2.7731922876916526,3.951270580291748,15.720213332787008,19.195390848620413,21.400897578222878,23.45742330960538,25.513949040987885,27.71945577059035,31.194633286423752,1.9882564977923636,1.2376310991067612,2.3043434428415273,25.445679807397745,inner_validation_within_outer_train
rolling_origin_2022-07-19,rolling_origin_2022-07-19__inner_3_2022-05-17,C04_probabilistic_gru_student_t,42117,70c1908d227951b86f26ede94b4eec73b621b327a6f0e2a87d98875e63514fba,P-V05-W002::C014::C016,26.799812397192802,student_t,26.799812397192802,2.116246795150121,4.2364091873168945,21.051249003327367,23.58984154491115,25.240668186597194,26.799812397192802,28.35895660778841,30.009783249474456,32.548375791058234,0.13421829923597528,0.5552887202715466,1.7295634899496635,26.934030696428778,inner_validation_within_outer_train
rolling_origin_2022-07-19,rolling_origin_2022-07-19__inner_3_2022-05-17,C04_probabilistic_gru_student_t,42117,70c1908d227951b86f26ede94b4eec73b621b327a6f0e2a87d98875e63514fba,P-V05-W003::C014::C016,34.18840576411346,student_t,34.18840576411346,2.7871399984616914,3.734020948410034,26.22775388882297,29.855598631264794,32.10981617190402,34.18840576411346,36.2669953563229,38.52121289696213,42.14905763940395,2.4341670906441806,1.476429574844147,2.450130370364413,31.75423867346928,inner_validation_within_outer_train
rolling_origin_2022-07-19,rolling_origin_2022-07-19__inner_3_2022-05-17,C04_probabilistic_gru_student_t,42117,70c1908d227951b86f26ede94b4eec73b621b327a6f0e2a87d98875e63514fba,P-V05-W004::C014::C016,34.93335868102023,student_t,34.93335868102023,2.882649406219985,3.765468120574951,26.72935705094078,30.459891740069814,32.78538762184473,34.93335868102023,37.081329740195734,39.40682562197065,43.13736031109968,0.314134414438648,0.7761243464627811,2.0508190143222054,34.61922426658158,inner_validation_within_outer_train
rolling_origin_2022-07-19,rolling_origin_2022-07-19__inner_3_2022-05-17,C04_probabilistic_gru_student_t,42117,70c1908d227951b86f26ede94b4eec73b621b327a6f0e2a87d98875e63514fba,P-V05-W006::C014::C016,23.74131228387083,student_t,23.74131228387083,2.3428698155046566,3.9777748584747314,17.22210410779595,20.14532651067713,22.005025662639095,23.74131228387083,25.477598905102564,27.33729805706453,30.26052045994571,0.289824799177115,0.6294337163856428,1.842101850348981,23.451487484693715,inner_validation_within_outer_train
rolling_origin_2022-07-19,rolling_origin_2022-07-19__inner_3_2022-05-17,C04_probabilistic_gru_student_t,42117,70c1908d227951b86f26ede94b4eec73b621b327a6f0e2a87d98875e63514fba,P-V05-W007::C014::C016,34.992079653095516,student_t,34.992079653095516,2.5784240260682596,3.9133214950561523,27.770256003458215,31.021835310432916,33.07818753565572,34.992079653095516,36.90597177053531,38.96232399575811,42.21390330273282,5.672983228350489,4.02726517854176,3.907294695853211,29.319096424745027,inner_validation_within_outer_train
rolling_origin_2022-07-19,rolling_origin_2022-07-19__inner_3_2022-05-17,C04_probabilistic_gru_student_t,42117,70c1908d227951b86f26ede94b4eec73b621b327a6f0e2a87d98875e63514fba,P-V06-W001::C014::C016,1.4863627843905505,student_t,1.4863627843905505,2.856694008899068,3.8351547718048096,-6.581367667283292,-2.9301918517636922,-0.6383253178032682,1.4863627843905505,3.611050886584369,5.902917420544795,9.554093236064391,1.442778448931622,1.0201348023983525,2.1887747224846184,0.0435843354589285,inner_validation_within_outer_train
rolling_origin_2022-07-19,rolling_origin_2022-07-19__inner_3_2022-05-17,C04_probabilistic_gru_student_t,42117,70c1908d227951b86f26ede94b4eec73b621b327a6f0e2a87d98875e63514fba,P-V06-W002::C014::C016,25.284678211463618,student_t,25.284678211463618,3.4073264215249326,3.6494574546813965,15.455049362668461,19.961967058382644,22.737494562310175,25.284678211463618,27.83186186061706,30.60738936454459,35.11430706025877,1.4627144837850565,1.1360947686511937,2.327100361315281,23.82196372767856,inner_validation_within_outer_train
rolling_origin_2022-07-19,rolling_origin_2022-07-19__inner_3_2022-05-17,C04_probabilistic_gru_student_t,42117,70c1908d227951b86f26ede94b4eec73b621b327a6f0e2a87d98875e63514fba,P-V06-W003::C014::C016,29.878943351243112,student_t,29.878943351243112,4.118563225998252,3.531787157058716,17.8205750195522,23.398863003672176,26.78922501905557,29.878943351243112,32.96866168343065,36.35902369881405,41.93731168293402,0.3746750531563734,1.1134978217914142,2.4096612471403036,29.50426829808674,inner_validation_within_outer_train
rolling_origin_2022-07-19,rolling_origin_2022-07-19__inner_3_2022-05-17,C04_probabilistic_gru_student_t,42117,70c1908d227951b86f26ede94b4eec73b621b327a6f0e2a87d98875e63514fba,P-V06-W004::C014::C016,24.37257378464664,student_t,24.37257378464664,2.83300599170045,3.8192765712738037,16.357905092908318,19.9889455066391,22.2646263715029,24.37257378464664,26.48052119779038,28.75620206265418,32.387242476384955,2.8080850153864354,1.6976025126264,2.5766566612991633,21.564488769260205,inner_validation_within_outer_train
rolling_origin_2022-07-19,rolling_origin_2022-07-19__inner_3_2022-05-17,C04_probabilistic_gru_student_t,42117,70c1908d227951b86f26ede94b4eec73b621b327a6f0e2a87d98875e63514fba,P-V06-W005::C014::C016,36.15801566173461,student_t,36.15801566173461,3.0884310765260383,4.302553653717041,27.815804254117058,31.48642064236395,33.885771089754776,36.15801566173461,38.43026023371444,40.82961068110527,44.50022706935216,5.416196797576674,3.6253275282189117,3.534042999395777,41.57421245931128,inner_validation_within_outer_train
rolling_origin_2022-07-19,rolling_origin_2022-07-19__inner_3_2022-05-17,C04_probabilistic_gru_student_t,42117,70c1908d227951b86f26ede94b4eec73b621b327a6f0e2a87d98875e63514fba,P-V06-W006::C014::C016,21.084086829498986,student_t,21.084086829498986,2.837027307039371,3.7852931022644043,13.027865094807566,16.68619123968572,18.97124012521783,21.084086829498986,23.196933533780143,25.481982419312253,29.140308564190402,6.186393380902064,4.373258028690644,3.9738482532349018,14.897693448596922,inner_validation_within_outer_train
rolling_origin_2022-07-19,rolling_origin_2022-07-19__inner_3_2022-05-17,C04_probabilistic_gru_student_t,42117,70c1908d227951b86f26ede94b4eec73b621b327a6f0e2a87d98875e63514fba,P-V06-W007::C014::C016,20.29497425040664,student_t,20.29497425040664,2.7563311402954835,3.8162426948547363,12.494632083383639,16.029297036899067,18.243914110772693,20.29497425040664,22.346034390040586,24.560651463914212,28.095316417429636,3.758566550789329,2.3608635339066733,2.9534924871676878,16.53640769961731,inner_validation_within_outer_train
rolling_origin_2022-07-19,rolling_origin_2022-07-19__inner_3_2022-05-17,C04_probabilistic_gru_student_t,42117,70c1908d227951b86f26ede94b4eec73b621b327a6f0e2a87d98875e63514fba,P-D01-W002::C015::C016,34.81660359694216,student_t,34.81660359694216,3.146427785257553,3.994536876678467,26.076005651816917,29.991205197304886,32.48574815016762,34.81660359694216,37.147459043716694,39.64200199657943,43.5572015420674,10.33705623649935,8.147178636964789,5.3958149013664745,45.15365983344151,inner_validation_within_outer_train
rolling_origin_2022-07-19,rolling_origin_2022-07-19__inner_3_2022-05-17,C04_probabilistic_gru_student_t,42117,70c1908d227951b86f26ede94b4eec73b621b327a6f0e2a87d98875e63514fba,P-D01-W003::C015::C016,0.5355258791381274,student_t,0.5355258791381274,2.920207545584593,3.8335518836975098,-7.71300896884531,-3.9796059632229053,-1.6364918447622632,0.5355258791381274,2.707543603038518,5.05065772149916,8.784060727121561,3.952584306086246,2.479314732089544,2.9991582611931777,-3.4170584269481186,inner_validation_within_outer_train
rolling_origin_2022-07-19,rolling_origin_2022-07-19__inner_3_2022-05-17,C04_probabilistic_gru_student_t,42117,70c1908d227951b86f26ede94b4eec73b621b327a6f0e2a87d98875e63514fba,P-D01-W004::C015::C016,-0.638044106256288,student_t,-0.638044106256288,2.892364364977122,3.8493523597717285,-8.794012334838754,-5.1064031800104965,-2.788467979437951,-0.638044106256288,1.512379766925375,3.8303149674979213,7.517924122326173,1.0002535185940686,0.8916012139254548,2.1194639458206463,0.3622094123377806,inner_validation_within_outer_train
rolling_origin_2022-07-19,rolling_origin_2022-07-19__inner_3_2022-05-17,C04_probabilistic_gru_student_t,42117,70c1908d227951b86f26ede94b4eec73b621b327a6f0e2a87d98875e63514fba,P-D01-W005::C015::C016,31.52675760475187,student_t,31.52675760475187,4.035033684175839,3.606576919555664,19.824885505543996,25.207351330258668,28.506539946257433,31.52675760475187,34.54697526324631,37.846163879245076,43.22862970395974,7.549274572520723,5.107476360315454,3.9448084731587603,39.076032177272594,inner_validation_within_outer_train
rolling_origin_2022-07-19,rolling_origin_2022-07-19__inner_3_2022-05-17,C04_probabilistic_gru_student_t,42117,70c1908d227951b86f26ede94b4eec73b621b327a6f0e2a87d98875e63514fba,P-D01-W006::C015::C016,29.967052475412064,student_t,29.967052475412064,5.119205214455141,3.198655605316162,14.233164343160212,21.721704421174135,26.08268719997385,29.967052475412064,33.85141775085028,38.21240052965,45.70094060766391,31.229789064198297,27.14464775642119,7.953821276499415,61.19684153961036,inner_validation_within_outer_train
rolling_origin_2022-07-19,rolling_origin_2022-07-19__inner_3_2022-05-17,C04_probabilistic_gru_student_t,42117,70c1908d227951b86f26ede94b4eec73b621b327a6f0e2a87d98875e63514fba,P-D01-W007::C015::C016,14.712356106050553,student_t,14.712356106050553,3.1502602295324347,3.75462007522583,5.735716708790704,9.82066717206136,12.364285747729054,14.712356106050553,17.06042646437205,19.60404504003975,23.6889955033104,7.260392765053357,5.209829218569508,4.228044997775532,21.97274887110391,inner_validation_within_outer_train
rolling_origin_2022-07-19,rolling_origin_2022-07-19__inner_3_2022-05-17,C04_probabilistic_gru_student_t,42117,70c1908d227951b86f26ede94b4eec73b621b327a6f0e2a87d98875e63514fba,P-H04-W001::C015::C016,27.67023845156404,student_t,27.67023845156404,3.806479294904586,3.5589582920074463,16.564650498433974,21.691370014664137,24.817020371232154,27.67023845156404,30.523456531895924,33.64910688846394,38.7758264046941,1.7865512260333745,1.3212863583994225,2.4619325194073793,29.456789677597413,inner_validation_within_outer_train
rolling_origin_2022-07-19,rolling_origin_2022-07-19__inner_3_2022-05-17,C04_probabilistic_gru_student_t,42117,70c1908d227951b86f26ede94b4eec73b621b327a6f0e2a87d98875e63514fba,P-H04-W002::C015::C016,29.383296529452196,student_t,29.383296529452196,3.4468452960109772,3.71466064453125,19.51631657920222,24.019083744950386,26.81133290654779,29.383296529452196,31.9552601523566,34.747509313954005,39.25027647970217,7.09071978840489,4.92935082086483,4.015586275971746,36.474016317857085,inner_validation_within_outer_train
rolling_origin_2022-07-19,rolling_origin_2022-07-19__inner_3_2022-05-17,C04_probabilistic_gru_student_t,42117,70c1908d227951b86f26ede94b4eec73b621b327a6f0e2a87d98875e63514fba,P-H04-W003::C015::C016,36.84977339894049,student_t,36.84977339894049,3.9890499170002567,3.542296886444092,25.186528427855542,30.577618423977324,33.858183458990595,36.84977339894049,39.84136333889039,43.12192837390366,48.513018370025435,3.65986692573496,2.2174231977440266,2.8564142401888644,40.50964032467545,inner_validation_within_outer_train
rolling_origin_2022-07-19,rolling_origin_2022-07-19__inner_3_2022-05-17,C04_probabilistic_gru_student_t,42117,70c1908d227951b86f26ede94b4eec73b621b327a6f0e2a87d98875e63514fba,P-H04-W004::C015::C016,22.76308258285595,student_t,22.76308258285595,3.8628219135155253,3.4838004112243652,11.381417632558426,16.66665910432687,19.860860677004478,22.76308258285595,25.665304488707424,28.85950606138503,34.14474753315347,0.28081755136237163,1.0421363805409256,2.3445902003178847,22.48226503149358,inner_validation_within_outer_train
rolling_origin_2022-07-19,rolling_origin_2022-07-19__inner_3_2022-05-17,C04_probabilistic_gru_student_t,42117,70c1908d227951b86f26ede94b4eec73b621b327a6f0e2a87d98875e63514fba,P-H04-W005::C015::C016,33.85490227785628,student_t,33.85490227785628,4.29042260220193,3.5306386947631836,21.291481411085414,27.103931363491476,30.636141982049168,33.85490227785628,37.0736625736634,40.60587319222109,46.41832314462715,3.1154612776630657,1.945098401747332,2.7605761548139234,36.97036355551935,inner_validation_within_outer_train
rolling_origin_2022-07-19,rolling_origin_2022-07-19__inner_3_2022-05-17,C04_probabilistic_gru_student_t,42117,70c1908d227951b86f26ede94b4eec73b621b327a6f0e2a87d98875e63514fba,P-H04-W006::C015::C016,29.804931550929297,student_t,29.804931550929297,4.280455094084204,3.4839510917663574,17.192980967142894,23.049452848653445,26.588948167335776,29.804931550929297,33.020914934522814,36.56041025320515,42.41688213471569,18.210842461733066,15.028000560300697,6.532734055249955,48.01577401266236,inner_validation_within_outer_train
rolling_origin_2022-07-19,rolling_origin_2022-07-19__inner_3_2022-05-17,C04_probabilistic_gru_student_t,42117,70c1908d227951b86f26ede94b4eec73b621b327a6f0e2a87d98875e63514fba,P-H04-W007::C015::C016,31.41140446715109,student_t,31.41140446715109,3.5489596268876284,3.686075448989868,21.2179703189765,25.879249128627144,28.76111829056694,31.41140446715109,34.06169064373524,36.94355980567504,41.604838615325676,4.441175026355413,2.745957309081996,3.082226634333896,35.852579493506504,inner_validation_within_outer_train
rolling_origin_2022-07-19,rolling_origin_2022-07-19__inner_3_2022-05-17,C04_probabilistic_gru_student_t,42118,70c1908d227951b86f26ede94b4eec73b621b327a6f0e2a87d98875e63514fba,P-H01-W001::C014::C016,24.701666930631852,student_t,24.701666930631852,3.796928786893879,3.3547208309173584,13.309763518936737,18.6565957810552,21.83677074803544,24.701666930631852,27.566563113228263,30.746738080208505,36.09357034232696,1.5693345232338913,1.258897622645094,2.4347906463952116,23.13233240739796,inner_validation_within_outer_train
rolling_origin_2022-07-19,rolling_origin_2022-07-19__inner_3_2022-05-17,C04_probabilistic_gru_student_t,42118,70c1908d227951b86f26ede94b4eec73b621b327a6f0e2a87d98875e63514fba,P-H01-W002::C014::C016,46.99548430220723,student_t,46.99548430220723,8.162997495981756,2.825357437133789,20.084701835333586,33.40040609732311,40.70150273330455,46.99548430220723,53.28946587110991,60.59056250709135,73.90626676908086,53.95230902062437,47.10819746929531,8.462839804982414,100.9477933228316,inner_validation_within_outer_train
rolling_origin_2022-07-19,rolling_origin_2022-07-19__inner_3_2022-05-17,C04_probabilistic_gru_student_t,42118,70c1908d227951b86f26ede94b4eec73b621b327a6f0e2a87d98875e63514fba,P-H01-W003::C014::C016,52.56482397614295,student_t,52.56482397614295,8.72489663944573,2.747235059738159,23.29558357711752,37.91337776285553,45.811197188845995,52.56482397614295,59.3184507634399,67.21627018943036,81.83406437516837,41.60310417985201,34.55215511116901,7.34775880655593,94.16792815599496,inner_validation_within_outer_train
rolling_origin_2022-07-19,rolling_origin_2022-07-19__inner_3_2022-05-17,C04_probabilistic_gru_student_t,42118,70c1908d227951b86f26ede94b4eec73b621b327a6f0e2a87d98875e63514fba,P-H01-W004::C014::C016,24.170543569714035,student_t,24.170543569714035,3.4435043492677186,3.4918484687805176,14.035323615412334,18.73873721214249,21.58402376631395,24.170543569714035,26.757063373114118,29.60234992728558,34.30576352401573,0.6071138550457071,0.9616251253433596,2.2460286050447946,23.563429714668327,inner_validation_within_outer_train
rolling_origin_2022-07-19,rolling_origin_2022-07-19__inner_3_2022-05-17,C04_probabilistic_gru_student_t,42118,70c1908d227951b86f26ede94b4eec73b621b327a6f0e2a87d98875e63514fba,P-H01-W005::C014::C016,40.93131356873592,student_t,40.93131356873592,3.699969925094214,3.7713184356689453,30.408161349409458,35.191324660523854,38.17476255190068,40.93131356873592,43.68786458557117,46.67130247694799,51.45446578806239,0.6378644038406236,1.0207180444902209,2.31155845872612,41.56917797257655,inner_validation_within_outer_train
rolling_origin_2022-07-19,rolling_origin_2022-07-19__inner_3_2022-05-17,C04_probabilistic_gru_student_t,42118,70c1908d227951b86f26ede94b4eec73b621b327a6f0e2a87d98875e63514fba,P-H01-W006::C014::C016,25.08852061923904,student_t,25.08852061923904,3.5670884669738516,3.421382427215576,14.487845056499669,19.435475442633198,22.403071935741963,25.08852061923904,27.77396930273612,30.741565795844885,35.68919618197841,1.533391652954812,1.1979620613738178,2.379092163568584,26.621912272193853,inner_validation_within_outer_train
rolling_origin_2022-07-19,rolling_origin_2022-07-19__inner_3_2022-05-17,C04_probabilistic_gru_student_t,42118,70c1908d227951b86f26ede94b4eec73b621b327a6f0e2a87d98875e63514fba,P-H01-W007::C014::C016,34.04817193568514,student_t,34.04817193568514,4.168142034867404,3.389859676361084,21.605921729983947,27.42834831044011,30.906933191111115,34.04817193568514,37.189410680259165,40.66799556093017,46.49042214138633,4.978777892376094,3.0572797057419603,3.1902372469770963,39.026949828061234,inner_validation_within_outer_train
rolling_origin_2022-07-19,rolling_origin_2022-07-19__inner_3_2022-05-17,C04_probabilistic_gru_student_t,42118,70c1908d227951b86f26ede94b4eec73b621b327a6f0e2a87d98875e63514fba,P-H02-W001::C014::C016,27.858453876442706,student_t,27.858453876442706,3.837757394110419,3.4641575813293457,16.52055538293764,21.79379636354141,24.97325353164208,27.858453876442706,30.743654221243332,33.923111389344,39.19635236994777,3.2780028105471786,1.9970582686500096,2.76166720608691,31.136456686989884,inner_validation_within_outer_train
rolling_origin_2022-07-19,rolling_origin_2022-07-19__inner_3_2022-05-17,C04_probabilistic_gru_student_t,42118,70c1908d227951b86f26ede94b4eec73b621b327a6f0e2a87d98875e63514fba,P-H02-W003::C014::C016,38.24422608446162,student_t,38.24422608446162,5.959904014347683,2.9980645179748535,19.270222600858737,28.48172585714995,33.685160684001424,38.24422608446162,42.80329148492182,48.0067263117733,57.2182295680645,29.074243894492476,24.374523629117817,7.1644423822749985,67.3184699789541,inner_validation_within_outer_train
rolling_origin_2022-07-19,rolling_origin_2022-07-19__inner_3_2022-05-17,C04_probabilistic_gru_student_t,42118,70c1908d227951b86f26ede94b4eec73b621b327a6f0e2a87d98875e63514fba,P-H02-W004::C014::C016,20.823633941307456,student_t,20.823633941307456,3.7093766932607672,3.3192906379699707,9.63585101201042,14.902995757272265,18.021357313082007,20.823633941307456,23.625910569532905,26.744272125342647,32.01141687060449,0.44500756490440807,1.020684974993527,2.3134245759175034,20.378626376403048,inner_validation_within_outer_train
rolling_origin_2022-07-19,rolling_origin_2022-07-19__inner_3_2022-05-17,C04_probabilistic_gru_student_t,42118,70c1908d227951b86f26ede94b4eec73b621b327a6f0e2a87d98875e63514fba,P-H02-W005::C014::C016,7.163724342238666,student_t,7.163724342238666,3.4998568596528794,3.3388571739196777,-3.361415815254901,1.5853452243825163,4.5215332757886895,7.163724342238666,9.805915408688643,12.742103460094816,17.688864499732233,0.22456751001898834,0.9488532264434306,2.2481881318934693,7.388291852257654,inner_validation_within_outer_train
rolling_origin_2022-07-19,rolling_origin_2022-07-19__inner_3_2022-05-17,C04_probabilistic_gru_student_t,42118,70c1908d227951b86f26ede94b4eec73b621b327a6f0e2a87d98875e63514fba,P-H02-W006::C014::C016,17.79663356475746,student_t,17.79663356475746,3.328510928354878,3.391986846923828,7.863770782776953,12.51108353865786,15.288345471035136,17.79663356475746,20.304921658479785,23.082183590857063,27.72949634673796,0.18344656304859086,0.8986877299340315,2.196155325279909,17.98008012780605,inner_validation_within_outer_train
rolling_origin_2022-07-19,rolling_origin_2022-07-19__inner_3_2022-05-17,C04_probabilistic_gru_student_t,42118,70c1908d227951b86f26ede94b4eec73b621b327a6f0e2a87d98875e63514fba,P-H02-W007::C014::C016,34.33704945533759,student_t,34.33704945533759,4.580873223073517,3.2722408771514893,20.421367066515444,27.00011494630364,30.870597327023592,34.33704945533759,37.803501583651595,41.673983964371544,48.25273184415974,0.9275602098018894,1.3081231693709283,2.542745156500388,33.4094892455357,inner_validation_within_outer_train
rolling_origin_2022-07-19,rolling_origin_2022-07-19__inner_3_2022-05-17,C04_probabilistic_gru_student_t,42118,70c1908d227951b86f26ede94b4eec73b621b327a6f0e2a87d98875e63514fba,P-H03-W001::C014::C016,42.24982277590858,student_t,42.24982277590858,4.149208251653919,3.643878936767578,30.27187445862221,35.76605878964602,39.14753661822257,42.24982277590858,45.352108933594586,48.733586762171136,54.22777109319494,4.693966085698591,2.864146890772289,3.1085986976748954,46.94378886160717,inner_validation_within_outer_train
rolling_origin_2022-07-19,rolling_origin_2022-07-19__inner_3_2022-05-17,C04_probabilistic_gru_student_t,42118,70c1908d227951b86f26ede94b4eec73b621b327a6f0e2a87d98875e63514fba,P-H03-W003::C014::C016,37.12137369844359,student_t,37.12137369844359,3.762868935306238,3.677985429763794,26.303160770951912,31.25303408402186,34.31069961188697,37.12137369844359,39.932047785000215,42.98971331286533,47.93958662593527,6.73392750449009,4.506291110919229,3.7763081222364168,43.85530120293368,inner_validation_within_outer_train
rolling_origin_2022-07-19,rolling_origin_2022-07-19__inner_3_2022-05-17,C04_probabilistic_gru_student_t,42118,70c1908d227951b86f26ede94b4eec73b621b327a6f0e2a87d98875e63514fba,P-H03-W004::C014::C016,36.3360669794829,student_t,36.3360669794829,3.1962699626153475,3.8780643939971924,27.350665098851845,31.40558441543479,33.96144863110182,36.3360669794829,38.710685327863985,41.26654954353101,45.32146886011395,4.901816571154768,3.159912941073481,3.300925125920623,41.23788355063767,inner_validation_within_outer_train
rolling_origin_2022-07-19,rolling_origin_2022-07-19__inner_3_2022-05-17,C04_probabilistic_gru_student_t,42118,70c1908d227951b86f26ede94b4eec73b621b327a6f0e2a87d98875e63514fba,P-H03-W005::C014::C016,39.78942075381358,student_t,39.78942075381358,3.745963893161962,3.7556800842285156,29.116613675188706,33.973071024591306,36.99741882172349,39.78942075381358,42.58142268590367,45.605770483035855,50.46222783243845,5.218264884196621,3.2903889972785016,3.295907501825252,45.0076856380102,inner_validation_within_outer_train
rolling_origin_2022-07-19,rolling_origin_2022-07-19__inner_3_2022-05-17,C04_probabilistic_gru_student_t,42118,70c1908d227951b86f26ede94b4eec73b621b327a6f0e2a87d98875e63514fba,P-H03-W006::C014::C016,45.18120802636329,student_t,45.18120802636329,4.290494935800924,3.677428960800171,32.84525849216236,38.48979974960684,41.97637309977508,45.18120802636329,48.38604295295149,51.872616303119734,57.51715756056421,2.0557219796796318,1.4987004474392562,2.5841692835732433,43.125486046683655,inner_validation_within_outer_train
rolling_origin_2022-07-19,rolling_origin_2022-07-19__inner_3_2022-05-17,C04_probabilistic_gru_student_t,42118,70c1908d227951b86f26ede94b4eec73b621b327a6f0e2a87d98875e63514fba,P-H03-W007::C014::C016,22.726003885423133,student_t,22.726003885423133,3.586618847820061,3.364872455596924,11.981014397933032,17.019842851464773,20.020732252091232,22.726003885423133,25.431275518755033,28.432164919381492,33.47099337291323,10.670287535877854,8.133818746218278,5.0833231009596,33.39629142130099,inner_validation_within_outer_train
rolling_origin_2022-07-19,rolling_origin_2022-07-19__inner_3_2022-05-17,C04_probabilistic_gru_student_t,42118,70c1908d227951b86f26ede94b4eec73b621b327a6f0e2a87d98875e63514fba,P-H05-W001::C014::C016,36.97241656162382,student_t,36.97241656162382,2.8958697624668104,3.5908942222595215,28.557725842017234,32.43277858954317,34.80385088806075,36.97241656162382,39.14098223518688,41.512054533704465,45.3871072812304,0.6254293486132667,0.8220417821143247,2.08063909618516,36.34698721301055,inner_validation_within_outer_train
rolling_origin_2022-07-19,rolling_origin_2022-07-19__inner_3_2022-05-17,C04_probabilistic_gru_student_t,42118,70c1908d227951b86f26ede94b4eec73b621b327a6f0e2a87d98875e63514fba,P-H05-W002::C014::C016,34.58583685054271,student_t,34.58583685054271,2.6518730771642627,3.808434009552002,27.074672301141543,30.480100974810064,32.61209945646521,34.58583685054271,36.559574244620215,38.69157272627536,42.09700139994388,1.1399104275185294,0.8810373481187574,2.0730498228298186,35.72574727806124,inner_validation_within_outer_train
rolling_origin_2022-07-19,rolling_origin_2022-07-19__inner_3_2022-05-17,C04_probabilistic_gru_student_t,42118,70c1908d227951b86f26ede94b4eec73b621b327a6f0e2a87d98875e63514fba,P-H05-W003::C014::C016,27.029894447345363,student_t,27.029894447345363,2.281581000665101,3.793652296066284,20.55698018124479,23.49464327028704,25.33109062752923,27.029894447345363,28.728698267161498,30.565145624403687,33.50280871344593,0.8985192611207857,0.7338066589274795,1.9050328057924437,26.131375186224577,inner_validation_within_outer_train
rolling_origin_2022-07-19,rolling_origin_2022-07-19__inner_3_2022-05-17,C04_probabilistic_gru_student_t,42118,70c1908d227951b86f26ede94b4eec73b621b327a6f0e2a87d98875e63514fba,P-H05-W004::C014::C016,25.600930598037746,student_t,25.600930598037746,2.491241792055643,3.602865695953369,18.37282175499968,21.698435226159305,23.73603419647523,25.600930598037746,27.46582699960026,29.50342596991619,32.82903944107581,1.8492449364012344,1.1479158349195904,2.2278068871222794,27.45017553443898,inner_validation_within_outer_train
rolling_origin_2022-07-19,rolling_origin_2022-07-19__inner_3_2022-05-17,C04_probabilistic_gru_student_t,42118,70c1908d227951b86f26ede94b4eec73b621b327a6f0e2a87d98875e63514fba,P-H05-W005::C014::C016,16.72785579899218,student_t,16.72785579899218,2.4560582967400464,3.5412235260009766,9.5457968223952,12.865829358955033,14.885872956803226,16.72785579899218,18.569838641181136,20.58988223902933,23.909914775589158,0.041090362997536545,0.6564640478696904,1.887408666040047,16.768946161989717,inner_validation_within_outer_train
rolling_origin_2022-07-19,rolling_origin_2022-07-19__inner_3_2022-05-17,C04_probabilistic_gru_student_t,42118,70c1908d227951b86f26ede94b4eec73b621b327a6f0e2a87d98875e63514fba,P-H05-W006::C014::C016,19.63539198179923,student_t,19.63539198179923,2.435751875294378,3.601745128631592,12.56729475148846,15.819562018317184,17.811973662340684,19.63539198179923,21.458810301257778,23.45122194528128,26.70348921211,0.19742057873816776,0.6549878457612305,1.881974304090501,19.437971403061063,inner_validation_within_outer_train
rolling_origin_2022-07-19,rolling_origin_2022-07-19__inner_3_2022-05-17,C04_probabilistic_gru_student_t,42118,70c1908d227951b86f26ede94b4eec73b621b327a6f0e2a87d98875e63514fba,P-H05-W007::C014::C016,25.06989131720081,student_t,25.06989131720081,2.9092010920556817,3.5297038555145264,16.549990350990598,20.491998992253308,22.887287763400238,25.06989131720081,27.25249487100138,29.647783642148312,33.58979228341102,5.983740081614105,4.149145956498193,3.841028265871711,19.086151235586705,inner_validation_within_outer_train
rolling_origin_2022-07-19,rolling_origin_2022-07-19__inner_3_2022-05-17,C04_probabilistic_gru_student_t,42118,70c1908d227951b86f26ede94b4eec73b621b327a6f0e2a87d98875e63514fba,P-H06-W001::C014::C016,3.739679276689941,student_t,3.739679276689941,2.7990456760909113,3.489593744277954,-4.501200060424871,-0.6761985957632319,1.63708182107912,3.739679276689941,5.842276732300762,8.155557149143114,11.980558613804753,1.2130240131695391,0.9410941687362926,2.136633546847001,2.526655263520402,inner_validation_within_outer_train
rolling_origin_2022-07-19,rolling_origin_2022-07-19__inner_3_2022-05-17,C04_probabilistic_gru_student_t,42118,70c1908d227951b86f26ede94b4eec73b621b327a6f0e2a87d98875e63514fba,P-H06-W002::C014::C016,4.156669491934235,student_t,4.156669491934235,3.0055376994332352,3.438812255859375,-4.753544580170816,-0.6008605384105268,1.8952716240360736,4.156669491934235,6.418067359832396,8.914199522278997,13.066883564039284,2.5200116356842512,1.5385027068354538,2.5039853798834226,1.6366578562499836,inner_validation_within_outer_train
rolling_origin_2022-07-19,rolling_origin_2022-07-19__inner_3_2022-05-17,C04_probabilistic_gru_student_t,42118,70c1908d227951b86f26ede94b4eec73b621b327a6f0e2a87d98875e63514fba,P-H06-W003::C014::C016,3.7985625356860453,student_t,3.7985625356860453,2.8596380482016954,3.4814581871032715,-4.629912465823473,-0.7152937202703926,1.6498944761005698,3.7985625356860453,5.94723059527152,8.312418791642484,12.22703753719556,2.032944222038082,1.2762892890782533,2.3442671389700545,1.7656183136479635,inner_validation_within_outer_train
rolling_origin_2022-07-19,rolling_origin_2022-07-19__inner_3_2022-05-17,C04_probabilistic_gru_student_t,42118,70c1908d227951b86f26ede94b4eec73b621b327a6f0e2a87d98875e63514fba,P-H06-W004::C014::C016,2.7961795949661976,student_t,2.7961795949661976,2.7954577441100636,3.5156350135803223,-5.405724896355483,-1.6066594751899546,0.6979945999134269,2.7961795949661976,4.894364590018968,7.199018665122351,10.998084086287877,0.38541480210904133,0.7673059482743207,2.029337960966859,2.4107647928571563,inner_validation_within_outer_train
rolling_origin_2022-07-19,rolling_origin_2022-07-19__inner_3_2022-05-17,C04_probabilistic_gru_student_t,42118,70c1908d227951b86f26ede94b4eec73b621b327a6f0e2a87d98875e63514fba,P-H06-W005::C014::C016,3.1892564460303916,student_t,3.1892564460303916,3.0875343253692846,3.4470558166503906,-5.953635357660705,-1.6953800849442349,0.8667864776488732,3.1892564460303916,5.5117264144119105,8.07389297700502,12.332148249721486,0.6901484865916254,0.8851903217925841,2.1499021276593107,2.499107959438766,inner_validation_within_outer_train
rolling_origin_2022-07-19,rolling_origin_2022-07-19__inner_3_2022-05-17,C04_probabilistic_gru_student_t,42118,70c1908d227951b86f26ede94b4eec73b621b327a6f0e2a87d98875e63514fba,P-H06-W006::C014::C016,2.744616248893891,student_t,2.744616248893891,2.7958920548219695,3.518678903579712,-5.455278327853206,-1.6580527841637744,0.6463042474819183,2.744616248893891,4.842928250305864,7.147285281951556,10.944510825640982,0.8748198767000541,0.8484713736605765,2.0792639049380446,1.8697963721938369,inner_validation_within_outer_train
rolling_origin_2022-07-19,rolling_origin_2022-07-19__inner_3_2022-05-17,C04_probabilistic_gru_student_t,42118,70c1908d227951b86f26ede94b4eec73b621b327a6f0e2a87d98875e63514fba,P-H06-W007::C014::C016,2.6691766327948123,student_t,2.6691766327948123,3.430220932960232,3.3458380699157715,-7.635924247853611,-2.7954957289838767,0.08018150224130105,2.6691766327948123,5.258171763348324,8.133848994573501,12.974277513443232,1.6335703563279744,1.2058642126694885,2.367778827693929,1.035606276466838,inner_validation_within_outer_train
rolling_origin_2022-07-19,rolling_origin_2022-07-19__inner_3_2022-05-17,C04_probabilistic_gru_student_t,42118,70c1908d227951b86f26ede94b4eec73b621b327a6f0e2a87d98875e63514fba,P-H07-W001::C014::C016,32.932907004171796,student_t,32.932907004171796,4.302931368940707,3.223334789276123,19.760478804627034,26.015568300156858,29.67093775870346,32.932907004171796,36.19487624964013,39.85024570818673,46.10533520371655,7.816271487409836,5.2225322686847315,3.943218803911885,40.74917849158163,inner_validation_within_outer_train
rolling_origin_2022-07-19,rolling_origin_2022-07-19__inner_3_2022-05-17,C04_probabilistic_gru_student_t,42118,70c1908d227951b86f26ede94b4eec73b621b327a6f0e2a87d98875e63514fba,P-H07-W002::C014::C016,33.128838940296944,student_t,33.128838940296944,3.717243435828235,3.479661464691162,22.170012740022628,27.260590095173555,30.335625672727645,33.128838940296944,35.922052207866244,38.997087785420334,44.087665140571254,6.18594764108056,4.054648963404257,3.6142362772485086,39.314786581377504,inner_validation_within_outer_train
rolling_origin_2022-07-19,rolling_origin_2022-07-19__inner_3_2022-05-17,C04_probabilistic_gru_student_t,42118,70c1908d227951b86f26ede94b4eec73b621b327a6f0e2a87d98875e63514fba,P-H07-W003::C014::C016,3.3198748516796783,student_t,3.3198748516796783,2.7927337967838612,3.4561691284179688,-4.93970788587114,-1.0957007683238915,1.2197760042593986,3.3198748516796783,5.419973699099958,7.735450471683249,11.579457589230497,2.337732296407099,1.427169287181589,2.42867380852379,5.657607148086777,inner_validation_within_outer_train
rolling_origin_2022-07-19,rolling_origin_2022-07-19__inner_3_2022-05-17,C04_probabilistic_gru_student_t,42118,70c1908d227951b86f26ede94b4eec73b621b327a6f0e2a87d98875e63514fba,P-H07-W004::C014::C016,32.295093748564064,student_t,32.295093748564064,4.1965373001236035,3.227447986602783,19.45681675877563,25.550925245665763,29.11426617681887,32.295093748564064,35.47592132030926,39.03926225146237,45.1333707383525,2.5129916027114163,1.6734082768002994,2.652228559570478,34.80808535127548,inner_validation_within_outer_train
rolling_origin_2022-07-19,rolling_origin_2022-07-19__inner_3_2022-05-17,C04_probabilistic_gru_student_t,42118,70c1908d227951b86f26ede94b4eec73b621b327a6f0e2a87d98875e63514fba,P-H07-W005::C014::C016,2.5968455067447955,student_t,2.5968455067447955,3.070779514545995,3.410517692565918,-6.5428402668238235,-2.2732499559945216,0.28420769630718956,2.5968455067447955,4.909483317182401,7.466940969484114,11.736531280313411,4.928037751265403,3.1999145637372752,3.3537825628849403,7.524883258010199,inner_validation_within_outer_train
rolling_origin_2022-07-19,rolling_origin_2022-07-19__inner_3_2022-05-17,C04_probabilistic_gru_student_t,42118,70c1908d227951b86f26ede94b4eec73b621b327a6f0e2a87d98875e63514fba,P-H07-W006::C014::C016,21.008941493682997,student_t,21.008941493682997,4.426892919656973,3.157292127609253,7.309447093940804,13.855231250797274,17.64456306647606,21.008941493682997,24.373319920889934,28.16265173656872,34.70843589342518,1.9145539151818127,1.5038540747623477,2.6042524415662465,22.92349540886481,inner_validation_within_outer_train
rolling_origin_2022-07-19,rolling_origin_2022-07-19__inner_3_2022-05-17,C04_probabilistic_gru_student_t,42118,70c1908d227951b86f26ede94b4eec73b621b327a6f0e2a87d98875e63514fba,P-V01-W001::C014::C016,27.512534204271102,student_t,27.512534204271102,4.1100383713271205,3.31003999710083,15.099065462789424,20.947991208576212,24.406564685166614,27.512534204271102,30.61850372337559,34.077077199966,39.92600294575277,6.325876874810508,4.064696915085286,3.5701466595879676,33.83841107908161,inner_validation_within_outer_train
rolling_origin_2022-07-19,rolling_origin_2022-07-19__inner_3_2022-05-17,C04_probabilistic_gru_student_t,42118,70c1908d227951b86f26ede94b4eec73b621b327a6f0e2a87d98875e63514fba,P-V01-W002::C014::C016,30.43399429576647,student_t,30.43399429576647,4.425892923106785,3.267507314682007,16.979234072927216,23.34277930444378,27.084246204559022,30.43399429576647,33.78374238697392,37.52520928708916,43.88875451860572,1.6047116997692221,1.4092925273187762,2.565999075238242,32.03870599553569,inner_validation_within_outer_train
rolling_origin_2022-07-19,rolling_origin_2022-07-19__inner_3_2022-05-17,C04_probabilistic_gru_student_t,42118,70c1908d227951b86f26ede94b4eec73b621b327a6f0e2a87d98875e63514fba,P-V01-W003::C014::C016,20.07710050435088,student_t,20.07710050435088,3.3093437610933587,3.5108957290649414,10.361377953876152,14.863314074930408,17.592840832537775,20.07710050435088,22.561360176163987,25.290886933771354,29.792823054825607,1.2783218191467896,1.065921095583758,2.2798830717891776,18.79877868520409,inner_validation_within_outer_train
rolling_origin_2022-07-19,rolling_origin_2022-07-19__inner_3_2022-05-17,C04_probabilistic_gru_student_t,42118,70c1908d227951b86f26ede94b4eec73b621b327a6f0e2a87d98875e63514fba,P-V01-W004::C014::C016,20.635922687796132,student_t,20.635922687796132,3.123475777884592,3.585740327835083,11.553980053853534,15.737943448294827,18.296554229472132,20.635922687796132,22.97529114612013,25.533901927297435,29.717865321738728,2.467540434142684,1.515348770571155,2.49468360897901,23.103463121938816,inner_validation_within_outer_train
rolling_origin_2022-07-19,rolling_origin_2022-07-19__inner_3_2022-05-17,C04_probabilistic_gru_student_t,42118,70c1908d227951b86f26ede94b4eec73b621b327a6f0e2a87d98875e63514fba,P-V01-W005::C014::C016,28.325742836248697,student_t,28.325742836248697,2.656964558826755,3.884347438812256,20.8613921779277,24.228506000435992,26.352108956140842,28.325742836248697,30.29937671635655,32.4229796720614,35.79009349456969,3.052636815536946,1.8655157953076706,2.6742594908271005,31.378379651785643,inner_validation_within_outer_train
rolling_origin_2022-07-19,rolling_origin_2022-07-19__inner_3_2022-05-17,C04_probabilistic_gru_student_t,42118,70c1908d227951b86f26ede94b4eec73b621b327a6f0e2a87d98875e63514fba,P-V01-W007::C014::C016,35.1007945794393,student_t,35.1007945794393,4.158692917542465,3.492154359817505,22.861070327445688,28.540974949074982,31.97710531208352,35.1007945794393,38.22448384679508,41.660614209803626,47.34051883143292,2.868327888927979,1.8143119465523885,2.7016747852975374,37.96912246836728,inner_validation_within_outer_train
rolling_origin_2022-07-19,rolling_origin_2022-07-19__inner_3_2022-05-17,C04_probabilistic_gru_student_t,42118,70c1908d227951b86f26ede94b4eec73b621b327a6f0e2a87d98875e63514fba,P-V02-W001::C014::C016,35.16395974020147,student_t,35.16395974020147,4.167678357950778,3.759218692779541,23.294389574991804,28.694080356597226,32.057938040983814,35.16395974020147,38.269981439419126,41.633839123805714,47.03352990541113,0.2582443683902298,1.110042582044965,2.4145016907652925,34.90571537181124,inner_validation_within_outer_train
rolling_origin_2022-07-19,rolling_origin_2022-07-19__inner_3_2022-05-17,C04_probabilistic_gru_student_t,42118,70c1908d227951b86f26ede94b4eec73b621b327a6f0e2a87d98875e63514fba,P-V02-W003::C014::C016,9.493034389993529,student_t,9.493034389993529,4.0088962163856605,3.4244446754455566,-2.415504362201668,3.141136340924663,6.475279227983577,9.493034389993529,12.51078955200348,15.844932439062397,21.401573142188724,0.12707794524862415,1.0779017135476787,2.3801571891315665,9.365956444744905,inner_validation_within_outer_train
rolling_origin_2022-07-19,rolling_origin_2022-07-19__inner_3_2022-05-17,C04_probabilistic_gru_student_t,42118,70c1908d227951b86f26ede94b4eec73b621b327a6f0e2a87d98875e63514fba,P-V02-W004::C014::C016,19.03210998264438,student_t,19.03210998264438,4.575755775503694,3.38883638381958,5.371099953298179,11.764402759591395,15.583562561935064,19.03210998264438,22.480657403353693,26.299817205697362,32.69312001199057,1.9299619364964045,1.526819151029536,2.6247774934952828,17.102148046147974,inner_validation_within_outer_train
rolling_origin_2022-07-19,rolling_origin_2022-07-19__inner_3_2022-05-17,C04_probabilistic_gru_student_t,42118,70c1908d227951b86f26ede94b4eec73b621b327a6f0e2a87d98875e63514fba,P-V02-W005::C014::C016,43.38789365656614,student_t,43.38789365656614,4.751228740477607,3.7931971549987793,29.907833062235248,36.02580528529534,39.85021359360851,43.38789365656614,46.925573719523776,50.74998202783695,56.867954250897036,1.2935585082297294,1.3874696863999936,2.5889205825999566,44.68145216479587,inner_validation_within_outer_train
rolling_origin_2022-07-19,rolling_origin_2022-07-19__inner_3_2022-05-17,C04_probabilistic_gru_student_t,42118,70c1908d227951b86f26ede94b4eec73b621b327a6f0e2a87d98875e63514fba,P-V02-W006::C014::C016,26.159579057198233,student_t,26.159579057198233,3.921979978364215,3.5969157218933105,14.771858836816898,20.013636441270293,23.223140146667006,26.159579057198233,29.09601796772946,32.30552167312617,37.54729927757956,4.073866141398703,2.469609215436663,2.9571863521672026,30.233445198596936,inner_validation_within_outer_train
rolling_origin_2022-07-19,rolling_origin_2022-07-19__inner_3_2022-05-17,C04_probabilistic_gru_student_t,42118,70c1908d227951b86f26ede94b4eec73b621b327a6f0e2a87d98875e63514fba,P-V02-W007::C014::C016,23.125671131062294,student_t,23.125671131062294,4.183354965383941,3.4969675540924072,10.821269927637115,16.529002197872778,19.983934970979234,23.125671131062294,26.267407291145354,29.72234006425181,35.43007233448747,1.4773951888356862,1.3111458151444997,2.4994439313240058,24.60306631989798,inner_validation_within_outer_train
rolling_origin_2022-07-19,rolling_origin_2022-07-19__inner_3_2022-05-17,C04_probabilistic_gru_student_t,42118,70c1908d227951b86f26ede94b4eec73b621b327a6f0e2a87d98875e63514fba,P-V03-W001::C014::C016,24.808854814330218,student_t,24.808854814330218,3.3296948500819954,3.484870195388794,14.99943954852985,19.554194302219877,22.307267814396393,24.808854814330218,27.310441814264042,30.06351532644056,34.618270080130586,1.3787046383098094,1.100039996234946,2.300348476954861,23.43015017602041,inner_validation_within_outer_train
rolling_origin_2022-07-19,rolling_origin_2022-07-19__inner_3_2022-05-17,C04_probabilistic_gru_student_t,42118,70c1908d227951b86f26ede94b4eec73b621b327a6f0e2a87d98875e63514fba,P-V03-W002::C014::C016,32.57618551455048,student_t,32.57618551455048,3.9227685382404225,3.376840591430664,20.84448644872056,26.340439704540003,29.618569711560824,32.57618551455048,35.53380131754014,38.81193132456096,44.3078845803804,1.8585604809852825,1.3745471698885812,2.4996242564360958,34.43474599553576,inner_validation_within_outer_train
rolling_origin_2022-07-19,rolling_origin_2022-07-19__inner_3_2022-05-17,C04_probabilistic_gru_student_t,42118,70c1908d227951b86f26ede94b4eec73b621b327a6f0e2a87d98875e63514fba,P-V03-W003::C014::C016,35.236452225818475,student_t,35.236452225818475,3.1682651133229465,3.4816503524780273,25.898573745080434,30.235499641773547,32.85590324283342,35.236452225818475,37.61700120880353,40.237404809863406,44.57433070655651,0.9971211351511684,0.9640588419758686,2.2058800727093413,36.23357336096964,inner_validation_within_outer_train
rolling_origin_2022-07-19,rolling_origin_2022-07-19__inner_3_2022-05-17,C04_probabilistic_gru_student_t,42118,70c1908d227951b86f26ede94b4eec73b621b327a6f0e2a87d98875e63514fba,P-V03-W004::C014::C016,22.048442080696653,student_t,22.048442080696653,2.3232083686500142,3.656674861907959,15.352173075189135,18.420809813048514,20.312063964263988,22.048442080696653,23.784820197129317,25.67607434834479,28.74471108620417,3.113552237584493,1.9477638184924533,2.759811784167344,18.93488984311216,inner_validation_within_outer_train
rolling_origin_2022-07-19,rolling_origin_2022-07-19__inner_3_2022-05-17,C04_probabilistic_gru_student_t,42118,70c1908d227951b86f26ede94b4eec73b621b327a6f0e2a87d98875e63514fba,P-V03-W005::C014::C016,30.84971388170024,student_t,30.84971388170024,3.892797389703585,3.3835606575012207,19.21889967767183,24.664497865110256,27.915361367708403,30.84971388170024,33.78406639569208,37.03492989829022,42.48052808572864,2.3956267959782807,1.5730453481172697,2.5835082231344195,33.24534067767852,inner_validation_within_outer_train
rolling_origin_2022-07-19,rolling_origin_2022-07-19__inner_3_2022-05-17,C04_probabilistic_gru_student_t,42118,70c1908d227951b86f26ede94b4eec73b621b327a6f0e2a87d98875e63514fba,P-V03-W006::C014::C016,33.775666075163876,student_t,33.775666075163876,4.166763677953248,3.3618950843811035,21.287237600171817,27.145133300492766,30.63249043977045,33.775666075163876,36.9188417105573,40.406198849834986,46.26409455015593,1.975858550801611,1.4612693313869909,2.56064075716992,31.799807524362265,inner_validation_within_outer_train
rolling_origin_2022-07-19,rolling_origin_2022-07-19__inner_3_2022-05-17,C04_probabilistic_gru_student_t,42118,70c1908d227951b86f26ede94b4eec73b621b327a6f0e2a87d98875e63514fba,P-V03-W007::C014::C016,3.549848710551693,student_t,3.549848710551693,2.9517140829513497,3.437455654144287,-5.202443834109152,-1.1229070231519112,1.328849981317588,3.549848710551693,5.770847439785798,8.222604444255296,12.302141255212536,3.341177099454773,2.039377074657014,2.7760346638882782,0.2086716110969202,inner_validation_within_outer_train
rolling_origin_2022-07-19,rolling_origin_2022-07-19__inner_3_2022-05-17,C04_probabilistic_gru_student_t,42118,70c1908d227951b86f26ede94b4eec73b621b327a6f0e2a87d98875e63514fba,P-V04-W001::C014::C016,2.6099471617009655,student_t,2.6099471617009655,2.918944489663705,3.4913320541381836,-5.981936177787626,-1.9945689616732158,0.41740426372912065,2.6099471617009655,4.80249005967281,7.214463285075148,11.201830501189555,1.2209195078143376,0.9677101903093311,2.1706700083152795,3.830866669515303,inner_validation_within_outer_train
rolling_origin_2022-07-19,rolling_origin_2022-07-19__inner_3_2022-05-17,C04_probabilistic_gru_student_t,42118,70c1908d227951b86f26ede94b4eec73b621b327a6f0e2a87d98875e63514fba,P-V04-W003::C014::C016,2.390352246930693,student_t,2.390352246930693,2.8745316598816504,3.4720406532287598,-6.092800311981618,-2.149805821175062,0.2298446127026419,2.390352246930693,4.550859881158743,6.930510315036448,10.873504805842998,1.313881874880488,0.9885733882350336,2.176570897967235,3.7042341218111807,inner_validation_within_outer_train
rolling_origin_2022-07-19,rolling_origin_2022-07-19__inner_3_2022-05-17,C04_probabilistic_gru_student_t,42118,70c1908d227951b86f26ede94b4eec73b621b327a6f0e2a87d98875e63514fba,P-V04-W004::C014::C016,2.909400842703697,student_t,2.909400842703697,2.7887226823371063,3.520090103149414,-5.267951043048777,-1.4815842831533326,0.8165613285993514,2.909400842703697,5.002240356808042,7.300385968560726,11.086752728456167,0.175322691097354,0.7498378140150527,2.0172002848091912,3.084723533801051,inner_validation_within_outer_train
rolling_origin_2022-07-19,rolling_origin_2022-07-19__inner_3_2022-05-17,C04_probabilistic_gru_student_t,42118,70c1908d227951b86f26ede94b4eec73b621b327a6f0e2a87d98875e63514fba,P-V04-W006::C014::C016,2.1047297392329547,student_t,2.1047297392329547,2.8707125076783786,3.4938406944274902,-6.342350691295438,-2.4229674871959714,-0.05141314221306459,2.1047297392329547,4.260872620678974,6.632426965661881,10.551810169761348,0.27119132173642324,0.7780569138494835,2.049887225536611,2.375921060969378,inner_validation_within_outer_train
rolling_origin_2022-07-19,rolling_origin_2022-07-19__inner_3_2022-05-17,C04_probabilistic_gru_student_t,42118,70c1908d227951b86f26ede94b4eec73b621b327a6f0e2a87d98875e63514fba,P-V04-W007::C014::C016,37.004153082741226,student_t,37.004153082741226,4.606002039011063,3.2708425521850586,23.009103699929277,29.626202278867243,33.51850940222752,37.004153082741226,40.48979676325493,44.38210388661521,50.99920246555317,0.4620903903456153,1.2629070259728632,2.528209228526553,37.46624347308684,inner_validation_within_outer_train
rolling_origin_2022-07-19,rolling_origin_2022-07-19__inner_3_2022-05-17,C04_probabilistic_gru_student_t,42118,70c1908d227951b86f26ede94b4eec73b621b327a6f0e2a87d98875e63514fba,P-V05-W001::C014::C016,22.112015277145453,student_t,22.112015277145453,2.738690397443495,3.4378304481506348,13.99179273645633,17.776598708604162,20.051330090935156,22.112015277145453,24.17270046335575,26.447431845686744,30.232237817834573,3.3336645302522925,2.051821470044379,2.7933928607451817,25.445679807397745,inner_validation_within_outer_train
rolling_origin_2022-07-19,rolling_origin_2022-07-19__inner_3_2022-05-17,C04_probabilistic_gru_student_t,42118,70c1908d227951b86f26ede94b4eec73b621b327a6f0e2a87d98875e63514fba,P-V05-W002::C014::C016,26.249796365748107,student_t,26.249796365748107,2.280701869231179,3.7288341522216797,19.73174428958643,22.703251457512497,24.54865391830253,26.249796365748107,27.950938813193684,29.79634127398372,32.767848441909784,0.6842343306806704,0.6806530576602655,1.866115533324022,26.934030696428778,inner_validation_within_outer_train
rolling_origin_2022-07-19,rolling_origin_2022-07-19__inner_3_2022-05-17,C04_probabilistic_gru_student_t,42118,70c1908d227951b86f26ede94b4eec73b621b327a6f0e2a87d98875e63514fba,P-V05-W003::C014::C016,32.672005276724974,student_t,32.672005276724974,2.7973838580217256,3.5051074028015137,24.453024987411453,28.263163455575622,30.57168319416693,32.672005276724974,34.77232735928302,37.080847097874326,40.890985566038495,0.9177666032556928,0.8590964742598567,2.0861896390890804,31.75423867346928,inner_validation_within_outer_train
rolling_origin_2022-07-19,rolling_origin_2022-07-19__inner_3_2022-05-17,C04_probabilistic_gru_student_t,42118,70c1908d227951b86f26ede94b4eec73b621b327a6f0e2a87d98875e63514fba,P-V05-W004::C014::C016,33.560510403193376,student_t,33.560510403193376,2.8733270272522575,3.5589401721954346,25.177419989174812,29.047346852692684,31.40675295252046,33.560510403193376,35.714267853866296,38.07367395369407,41.94360081721194,1.0587138633882063,0.9102644467790909,2.129141426913864,34.61922426658158,inner_validation_within_outer_train
rolling_origin_2022-07-19,rolling_origin_2022-07-19__inner_3_2022-05-17,C04_probabilistic_gru_student_t,42118,70c1908d227951b86f26ede94b4eec73b621b327a6f0e2a87d98875e63514fba,P-V05-W006::C014::C016,24.31004664332175,student_t,24.31004664332175,2.4778546666778047,3.593311071395874,17.11218857726702,20.42627120375948,22.45464446464129,24.31004664332175,26.16544882200221,28.193822082884026,31.507904709376483,0.8585591586280366,0.7700385683874117,1.9705568556910076,23.451487484693715,inner_validation_within_outer_train
rolling_origin_2022-07-19,rolling_origin_2022-07-19__inner_3_2022-05-17,C04_probabilistic_gru_student_t,42118,70c1908d227951b86f26ede94b4eec73b621b327a6f0e2a87d98875e63514fba,P-V05-W007::C014::C016,33.88340156130078,student_t,33.88340156130078,2.531347681518136,3.643531322479248,26.575589932742474,29.927707648664576,31.99074071651682,33.88340156130078,35.77606240608473,37.839095473936986,41.19121318985908,4.5643051365557525,3.05945819598116,3.3963455962427673,29.319096424745027,inner_validation_within_outer_train
rolling_origin_2022-07-19,rolling_origin_2022-07-19__inner_3_2022-05-17,C04_probabilistic_gru_student_t,42118,70c1908d227951b86f26ede94b4eec73b621b327a6f0e2a87d98875e63514fba,P-V06-W001::C014::C016,0.9498601530039892,student_t,0.9498601530039892,3.089677130959983,3.5342657566070557,-8.093206346517823,-3.91062721544784,-1.3678174529155829,0.9498601530039892,3.2675377589235612,5.810347521455819,9.992926652525798,0.9062758175450607,0.9237125065443456,2.1714026006318465,0.0435843354589285,inner_validation_within_outer_train
rolling_origin_2022-07-19,rolling_origin_2022-07-19__inner_3_2022-05-17,C04_probabilistic_gru_student_t,42118,70c1908d227951b86f26ede94b4eec73b621b327a6f0e2a87d98875e63514fba,P-V06-W002::C014::C016,25.87333707713988,student_t,25.87333707713988,4.260523169028197,3.4595835208892822,13.278608664722574,19.138568304785423,22.669832827931923,25.87333707713988,29.076841326347836,32.608105849494336,38.46806548955718,2.0513733494613184,1.5002034257562695,2.584295026926742,23.82196372767856,inner_validation_within_outer_train
rolling_origin_2022-07-19,rolling_origin_2022-07-19__inner_3_2022-05-17,C04_probabilistic_gru_student_t,42118,70c1908d227951b86f26ede94b4eec73b621b327a6f0e2a87d98875e63514fba,P-V06-W003::C014::C016,28.693079436081288,student_t,28.693079436081288,4.672561005684984,3.256924867630005,14.464989368226036,21.20070664664549,25.15528043260975,28.693079436081288,32.230878439552825,36.18545222551709,42.92116950393653,0.8111888620054515,1.3166028560200242,2.5559149231508997,29.50426829808674,inner_validation_within_outer_train
rolling_origin_2022-07-19,rolling_origin_2022-07-19__inner_3_2022-05-17,C04_probabilistic_gru_student_t,42118,70c1908d227951b86f26ede94b4eec73b621b327a6f0e2a87d98875e63514fba,P-V06-W004::C014::C016,24.779601746778262,student_t,24.779601746778262,3.6882076781912034,3.566706657409668,14.029726229577546,18.98928473279022,22.015686257752765,24.779601746778262,27.54351723580376,30.569918760766303,35.529477263978976,3.215112977518057,1.9530981764616957,2.7343389749442335,21.564488769260205,inner_validation_within_outer_train
rolling_origin_2022-07-19,rolling_origin_2022-07-19__inner_3_2022-05-17,C04_probabilistic_gru_student_t,42118,70c1908d227951b86f26ede94b4eec73b621b327a6f0e2a87d98875e63514fba,P-V06-W005::C014::C016,37.75406765177383,student_t,37.75406765177383,3.9415845475170843,3.785402536392212,26.561404319413917,31.64394877262071,34.81862199665263,37.75406765177383,40.68951330689503,43.86418653092695,48.94673098413374,3.820144807537453,2.309344856336512,2.886213393313089,41.57421245931128,inner_validation_within_outer_train
rolling_origin_2022-07-19,rolling_origin_2022-07-19__inner_3_2022-05-17,C04_probabilistic_gru_student_t,42118,70c1908d227951b86f26ede94b4eec73b621b327a6f0e2a87d98875e63514fba,P-V06-W006::C014::C016,21.40104215027872,student_t,21.40104215027872,3.531453659459406,3.5272703170776367,11.055521573536234,15.843122979313916,18.751399319158924,21.40104215027872,24.050684981398515,26.95896132124352,31.7465627270212,6.503348701681798,4.3779889822210585,3.7756294116499864,14.897693448596922,inner_validation_within_outer_train
rolling_origin_2022-07-19,rolling_origin_2022-07-19__inner_3_2022-05-17,C04_probabilistic_gru_student_t,42118,70c1908d227951b86f26ede94b4eec73b621b327a6f0e2a87d98875e63514fba,P-V06-W007::C014::C016,20.20054984663325,student_t,20.20054984663325,3.355589660285806,3.5843706130981445,10.442019442937069,14.938147854058457,17.687233493882808,20.20054984663325,22.713866199383695,25.462951839208046,29.95908025032943,3.6641421470159408,2.2285236983971264,2.8567326687830654,16.53640769961731,inner_validation_within_outer_train
rolling_origin_2022-07-19,rolling_origin_2022-07-19__inner_3_2022-05-17,C04_probabilistic_gru_student_t,42118,70c1908d227951b86f26ede94b4eec73b621b327a6f0e2a87d98875e63514fba,P-D01-W002::C015::C016,34.30635095227754,student_t,34.30635095227754,4.067052429976495,3.6853621006011963,22.62384749381154,27.966326604369783,31.26910294629645,34.30635095227754,37.34359895825863,40.6463753001853,45.98885441074354,10.847308881163968,8.083025050713731,4.9074768289584885,45.15365983344151,inner_validation_within_outer_train
rolling_origin_2022-07-19,rolling_origin_2022-07-19__inner_3_2022-05-17,C04_probabilistic_gru_student_t,42118,70c1908d227951b86f26ede94b4eec73b621b327a6f0e2a87d98875e63514fba,P-D01-W003::C015::C016,1.7439248015658961,student_t,1.7439248015658961,2.96502222869439,3.518784523010254,-6.951880236794631,-2.9250407795971096,-0.48131177896804234,1.7439248015658961,3.9691613820998346,6.412890382728903,10.439729839926422,5.160983228514015,3.423189122495324,3.479362152175674,-3.4170584269481186,inner_validation_within_outer_train
rolling_origin_2022-07-19,rolling_origin_2022-07-19__inner_3_2022-05-17,C04_probabilistic_gru_student_t,42118,70c1908d227951b86f26ede94b4eec73b621b327a6f0e2a87d98875e63514fba,P-D01-W004::C015::C016,0.3091748825746805,student_t,0.3091748825746805,2.8775486510191604,3.538846969604492,-8.108008392520311,-4.216299438498385,-1.8490729536711026,0.3091748825746805,2.4674227188204636,4.834649203647746,8.72635815766967,0.05303452976310008,0.769246479041509,2.0458738012688524,0.3622094123377806,inner_validation_within_outer_train
rolling_origin_2022-07-19,rolling_origin_2022-07-19__inner_3_2022-05-17,C04_probabilistic_gru_student_t,42118,70c1908d227951b86f26ede94b4eec73b621b327a6f0e2a87d98875e63514fba,P-D01-W005::C015::C016,30.848745260621406,student_t,30.848745260621406,4.0922504883335895,3.533402442932129,18.869936360200498,24.410721436012643,27.778919664927898,30.848745260621406,33.918570856314915,37.28676908523017,42.82755416104231,8.227286916651188,5.670350716416272,4.126585406058794,39.076032177272594,inner_validation_within_outer_train
rolling_origin_2022-07-19,rolling_origin_2022-07-19__inner_3_2022-05-17,C04_probabilistic_gru_student_t,42118,70c1908d227951b86f26ede94b4eec73b621b327a6f0e2a87d98875e63514fba,P-D01-W006::C015::C016,31.18361983952105,student_t,31.18361983952105,5.269050138011274,3.1774721145629883,14.932737581378856,22.68273794070934,27.182329476819326,31.18361983952105,35.184910202222774,39.68450173833276,47.43450209766324,30.01322170008931,25.843394610952856,7.706594415071143,61.19684153961036,inner_validation_within_outer_train
rolling_origin_2022-07-19,rolling_origin_2022-07-19__inner_3_2022-05-17,C04_probabilistic_gru_student_t,42118,70c1908d227951b86f26ede94b4eec73b621b327a6f0e2a87d98875e63514fba,P-D01-W007::C015::C016,14.067811807203142,student_t,14.067811807203142,3.0218588177805077,3.6336798667907715,5.333449913036263,9.342848430892198,11.80775408799001,14.067811807203142,16.327869526416276,18.792775183514088,22.80217370137002,7.904937063900768,5.857583928263516,4.546131079739091,21.97274887110391,inner_validation_within_outer_train
rolling_origin_2022-07-19,rolling_origin_2022-07-19__inner_3_2022-05-17,C04_probabilistic_gru_student_t,42118,70c1908d227951b86f26ede94b4eec73b621b327a6f0e2a87d98875e63514fba,P-H04-W001::C015::C016,27.838695984789407,student_t,27.838695984789407,3.204794817286479,3.8785758018493652,18.829815625334895,22.895193740838437,25.45777530606633,27.838695984789407,30.219616663512483,32.78219822874038,36.84757634424392,1.6180936928080065,1.1432127977310604,2.30265247701365,29.456789677597413,inner_validation_within_outer_train
rolling_origin_2022-07-19,rolling_origin_2022-07-19__inner_3_2022-05-17,C04_probabilistic_gru_student_t,42118,70c1908d227951b86f26ede94b4eec73b621b327a6f0e2a87d98875e63514fba,P-H04-W002::C015::C016,27.68211290828087,student_t,27.68211290828087,2.8264230159561463,3.980642318725586,19.819631453706773,23.34454671921909,25.587613409721214,27.68211290828087,29.776612406840528,32.01967909734265,35.544594362854966,8.791903409576214,6.838235596575841,5.090143997919229,36.474016317857085,inner_validation_within_outer_train
rolling_origin_2022-07-19,rolling_origin_2022-07-19__inner_3_2022-05-17,C04_probabilistic_gru_student_t,42118,70c1908d227951b86f26ede94b4eec73b621b327a6f0e2a87d98875e63514fba,P-H04-W003::C015::C016,36.22380152442955,student_t,36.22380152442955,3.3593018576803098,3.8368754386901855,26.738398634166586,31.030668951254192,33.725407174254016,36.22380152442955,38.72219587460508,41.4169340976049,45.70920441469251,4.285838800245905,2.659333681062886,3.0503683120332474,40.50964032467545,inner_validation_within_outer_train
rolling_origin_2022-07-19,rolling_origin_2022-07-19__inner_3_2022-05-17,C04_probabilistic_gru_student_t,42118,70c1908d227951b86f26ede94b4eec73b621b327a6f0e2a87d98875e63514fba,P-H04-W004::C015::C016,25.376192578908267,student_t,25.376192578908267,3.6208128565955793,3.6522984504699707,14.93427625930799,19.720931106147482,22.669636827794996,25.376192578908267,28.082748330021538,31.03145405166905,35.81810889850854,2.8939275474146875,1.7730130371713468,2.648237456320659,22.48226503149358,inner_validation_within_outer_train
rolling_origin_2022-07-19,rolling_origin_2022-07-19__inner_3_2022-05-17,C04_probabilistic_gru_student_t,42118,70c1908d227951b86f26ede94b4eec73b621b327a6f0e2a87d98875e63514fba,P-H04-W005::C015::C016,33.456022046503605,student_t,33.456022046503605,3.5687187550127066,3.874983310699463,23.42031721658696,27.950132988330594,30.804490052550378,33.456022046503605,36.10755404045683,38.961911104676616,43.491726876420245,3.5143415090157433,2.123883211777528,2.7994137352583675,36.97036355551935,inner_validation_within_outer_train
rolling_origin_2022-07-19,rolling_origin_2022-07-19__inner_3_2022-05-17,C04_probabilistic_gru_student_t,42118,70c1908d227951b86f26ede94b4eec73b621b327a6f0e2a87d98875e63514fba,P-H04-W006::C015::C016,29.328395018698128,student_t,29.328395018698128,3.45264434864824,3.8443403244018555,19.58728282801072,23.993065077304628,26.761078597100198,29.328395018698128,31.895711440296058,34.66372496009163,39.069507209385534,18.687378993964234,16.10035182630941,7.440067599839992,48.01577401266236,inner_validation_within_outer_train
rolling_origin_2022-07-19,rolling_origin_2022-07-19__inner_3_2022-05-17,C04_probabilistic_gru_student_t,42118,70c1908d227951b86f26ede94b4eec73b621b327a6f0e2a87d98875e63514fba,P-H04-W007::C015::C016,31.659587285616546,student_t,31.659587285616546,3.1642555444659135,3.961357831954956,22.840303877807507,26.798968279816442,29.313639434463184,31.659587285616546,34.00553513676991,36.52020629141665,40.47887069342558,4.192992207889958,2.6204032661241223,3.0435157831979547,35.852579493506504,inner_validation_within_outer_train
rolling_origin_2022-07-19,rolling_origin_2022-07-19__inner_3_2022-05-17,C04_probabilistic_gru_student_t,42119,70c1908d227951b86f26ede94b4eec73b621b327a6f0e2a87d98875e63514fba,P-H01-W001::C014::C016,26.275055011222307,student_t,26.275055011222307,3.3868377750510303,3.4284908771514893,16.220036750916528,20.910241625434924,23.725902342165405,26.275055011222307,28.82420768027921,31.63986839700969,36.330073271528086,3.142722603824346,1.9052234202701679,2.706923509008603,23.13233240739796,inner_validation_within_outer_train
rolling_origin_2022-07-19,rolling_origin_2022-07-19__inner_3_2022-05-17,C04_probabilistic_gru_student_t,42119,70c1908d227951b86f26ede94b4eec73b621b327a6f0e2a87d98875e63514fba,P-H01-W002::C014::C016,48.37243534795136,student_t,48.37243534795136,11.001590485409599,2.220569133758545,5.268615546185096,28.50546866995642,39.56386891702673,48.37243534795136,57.18100177887599,68.2394020259463,91.47625514971762,52.57535797488024,43.00103226603931,7.328814120744175,100.9477933228316,inner_validation_within_outer_train
rolling_origin_2022-07-19,rolling_origin_2022-07-19__inner_3_2022-05-17,C04_probabilistic_gru_student_t,42119,70c1908d227951b86f26ede94b4eec73b621b327a6f0e2a87d98875e63514fba,P-H01-W003::C014::C016,54.54836705599074,student_t,54.54836705599074,9.906160570476684,2.249023199081421,16.143546658435575,36.74688066335322,46.63461617509651,54.54836705599074,62.462117936884965,72.34985344862827,92.95318745354588,39.61956110000422,31.338068113500487,6.720919942859528,94.16792815599496,inner_validation_within_outer_train
rolling_origin_2022-07-19,rolling_origin_2022-07-19__inner_3_2022-05-17,C04_probabilistic_gru_student_t,42119,70c1908d227951b86f26ede94b4eec73b621b327a6f0e2a87d98875e63514fba,P-H01-W004::C014::C016,24.56393510284564,student_t,24.56393510284564,2.538046267373652,4.189774513244629,17.641299881032264,20.706397663121663,22.692149207955165,24.56393510284564,26.435720997736116,28.421472542569617,31.486570324659013,1.000505388177313,0.8090042836736209,2.003970025030663,23.563429714668327,inner_validation_within_outer_train
rolling_origin_2022-07-19,rolling_origin_2022-07-19__inner_3_2022-05-17,C04_probabilistic_gru_student_t,42119,70c1908d227951b86f26ede94b4eec73b621b327a6f0e2a87d98875e63514fba,P-H01-W005::C014::C016,42.358911734965105,student_t,42.358911734965105,3.1496528127716554,4.63924503326416,34.06938935879136,37.65552683290536,40.05650311906947,42.358911734965105,44.66132035086074,47.06229663702485,50.64843411113884,0.7897337623885576,0.887622506544661,2.1576758010150137,41.56917797257655,inner_validation_within_outer_train
rolling_origin_2022-07-19,rolling_origin_2022-07-19__inner_3_2022-05-17,C04_probabilistic_gru_student_t,42119,70c1908d227951b86f26ede94b4eec73b621b327a6f0e2a87d98875e63514fba,P-H01-W006::C014::C016,27.50656359117469,student_t,27.50656359117469,2.487196365517058,4.395688056945801,20.839379411259998,23.758535864052284,25.68010530897896,27.50656359117469,29.33302187337042,31.2545913182971,34.17374777108938,0.8846513189808363,0.7630775049333052,1.96305342569941,26.621912272193853,inner_validation_within_outer_train
rolling_origin_2022-07-19,rolling_origin_2022-07-19__inner_3_2022-05-17,C04_probabilistic_gru_student_t,42119,70c1908d227951b86f26ede94b4eec73b621b327a6f0e2a87d98875e63514fba,P-H01-W007::C014::C016,34.763459730820045,student_t,34.763459730820045,3.479358321404756,3.5392117500305176,24.586390867007367,29.291654560371025,32.15386586434524,34.763459730820045,37.37305359729485,40.23526490126907,44.940528594632724,4.263490097241188,2.627153721558086,3.0381995778847206,39.026949828061234,inner_validation_within_outer_train
rolling_origin_2022-07-19,rolling_origin_2022-07-19__inner_3_2022-05-17,C04_probabilistic_gru_student_t,42119,70c1908d227951b86f26ede94b4eec73b621b327a6f0e2a87d98875e63514fba,P-H02-W001::C014::C016,29.85826305164367,student_t,29.85826305164367,2.4935283374904955,4.581170558929443,23.26810997343883,26.126945068915305,28.033583180254286,29.85826305164367,31.682942923033057,33.58958103437204,36.44841612984851,1.2781936353462129,0.8859829287770652,2.042435232504796,31.136456686989884,inner_validation_within_outer_train
rolling_origin_2022-07-19,rolling_origin_2022-07-19__inner_3_2022-05-17,C04_probabilistic_gru_student_t,42119,70c1908d227951b86f26ede94b4eec73b621b327a6f0e2a87d98875e63514fba,P-H02-W003::C014::C016,40.605703563748406,student_t,40.605703563748406,7.201168356625863,2.4939796924591064,14.819499768223789,28.135779844816042,34.95055289819392,40.605703563748406,46.26085422930289,53.07562728268078,66.391907359273,26.712766415205692,20.976688246750044,6.265813691956423,67.3184699789541,inner_validation_within_outer_train
rolling_origin_2022-07-19,rolling_origin_2022-07-19__inner_3_2022-05-17,C04_probabilistic_gru_student_t,42119,70c1908d227951b86f26ede94b4eec73b621b327a6f0e2a87d98875e63514fba,P-H02-W004::C014::C016,23.40826366466886,student_t,23.40826366466886,3.621884877626817,3.324765920639038,12.493309454191367,17.6295551169567,20.67260767222569,23.40826366466886,26.143919657112026,29.18697221238102,34.32321787514634,3.0296372882658105,1.8525977189067582,2.6930921503378786,20.378626376403048,inner_validation_within_outer_train
rolling_origin_2022-07-19,rolling_origin_2022-07-19__inner_3_2022-05-17,C04_probabilistic_gru_student_t,42119,70c1908d227951b86f26ede94b4eec73b621b327a6f0e2a87d98875e63514fba,P-H02-W005::C014::C016,6.784926267262982,student_t,6.784926267262982,3.840282578598361,3.1905088424682617,-5.033921726190091,0.5955441516050239,3.870085538695554,6.784926267262982,9.69976699583041,12.974308382920942,18.60377426071605,0.6033655849946724,1.0777974403067136,2.357828142363159,7.388291852257654,inner_validation_within_outer_train
rolling_origin_2022-07-19,rolling_origin_2022-07-19__inner_3_2022-05-17,C04_probabilistic_gru_student_t,42119,70c1908d227951b86f26ede94b4eec73b621b327a6f0e2a87d98875e63514fba,P-H02-W006::C014::C016,19.055753795976944,student_t,19.055753795976944,3.155042902368454,3.514272928237915,9.797161183828138,14.08613706473241,16.687574580402543,19.055753795976944,21.423933011551345,24.02537052722148,28.31434640812575,1.075673668170893,0.9786393388727814,2.2116451784757976,17.98008012780605,inner_validation_within_outer_train
rolling_origin_2022-07-19,rolling_origin_2022-07-19__inner_3_2022-05-17,C04_probabilistic_gru_student_t,42119,70c1908d227951b86f26ede94b4eec73b621b327a6f0e2a87d98875e63514fba,P-H02-W007::C014::C016,34.265926980450246,student_t,34.265926980450246,3.731208148085217,3.4121761322021484,23.163175958937714,28.34909430798638,31.456067609230516,34.265926980450246,37.075786351669976,40.182759652914115,45.36867800196277,0.8564377349145431,1.075044158236861,2.3417798062134523,33.4094892455357,inner_validation_within_outer_train
rolling_origin_2022-07-19,rolling_origin_2022-07-19__inner_3_2022-05-17,C04_probabilistic_gru_student_t,42119,70c1908d227951b86f26ede94b4eec73b621b327a6f0e2a87d98875e63514fba,P-H03-W001::C014::C016,41.15628466279549,student_t,41.15628466279549,3.2184117718559917,4.523545265197754,32.61399882013629,36.330065492292185,38.7986591041622,41.15628466279549,43.51391022142879,45.9825038332988,49.6985705054547,5.787504198811675,3.9065577563299523,3.6321754927923005,46.94378886160717,inner_validation_within_outer_train
rolling_origin_2022-07-19,rolling_origin_2022-07-19__inner_3_2022-05-17,C04_probabilistic_gru_student_t,42119,70c1908d227951b86f26ede94b4eec73b621b327a6f0e2a87d98875e63514fba,P-H03-W003::C014::C016,38.63591314124771,student_t,38.63591314124771,3.1476129434564477,4.631588935852051,30.34725048794455,33.93430477815593,36.334682999405494,38.63591314124771,40.93714328308993,43.33752150433949,46.924575794550876,5.219388061685969,3.4488489391952917,3.431436431528299,43.85530120293368,inner_validation_within_outer_train
rolling_origin_2022-07-19,rolling_origin_2022-07-19__inner_3_2022-05-17,C04_probabilistic_gru_student_t,42119,70c1908d227951b86f26ede94b4eec73b621b327a6f0e2a87d98875e63514fba,P-H03-W004::C014::C016,35.89266820001118,student_t,35.89266820001118,3.116547517396374,4.93065071105957,27.84731755995417,31.283270528149508,33.62548908366068,35.89266820001118,38.15984731636168,40.50206587187285,43.93801884006818,5.345215350626489,3.5714100515508043,3.4934293716212093,41.23788355063767,inner_validation_within_outer_train
rolling_origin_2022-07-19,rolling_origin_2022-07-19__inner_3_2022-05-17,C04_probabilistic_gru_student_t,42119,70c1908d227951b86f26ede94b4eec73b621b327a6f0e2a87d98875e63514fba,P-H03-W005::C014::C016,39.19398478632392,student_t,39.19398478632392,3.2242760483795263,4.74287748336792,30.768731390995598,34.39629714107965,36.84125418946048,39.19398478632392,41.546715383187355,43.99167243156818,47.619238181652236,5.813700851686285,3.9338575315745477,3.641032697589762,45.0076856380102,inner_validation_within_outer_train
rolling_origin_2022-07-19,rolling_origin_2022-07-19__inner_3_2022-05-17,C04_probabilistic_gru_student_t,42119,70c1908d227951b86f26ede94b4eec73b621b327a6f0e2a87d98875e63514fba,P-H03-W006::C014::C016,45.15425170513835,student_t,45.15425170513835,4.073879608896888,4.455318927764893,34.28496230619409,39.02944220591129,42.16609935100928,45.15425170513835,48.14240405926742,51.27906120436541,56.02354110408261,2.028765658454695,1.4283680759141009,2.526956131500563,43.125486046683655,inner_validation_within_outer_train
rolling_origin_2022-07-19,rolling_origin_2022-07-19__inner_3_2022-05-17,C04_probabilistic_gru_student_t,42119,70c1908d227951b86f26ede94b4eec73b621b327a6f0e2a87d98875e63514fba,P-H03-W007::C014::C016,24.727146286318366,student_t,24.727146286318366,4.170936461084933,3.033853769302368,11.536766140326991,17.91674123860416,21.541427527024346,24.727146286318366,27.912865045612385,31.53755133403257,37.917526432309735,8.669145134982621,5.983713987748552,4.213915603092564,33.39629142130099,inner_validation_within_outer_train
rolling_origin_2022-07-19,rolling_origin_2022-07-19__inner_3_2022-05-17,C04_probabilistic_gru_student_t,42119,70c1908d227951b86f26ede94b4eec73b621b327a6f0e2a87d98875e63514fba,P-H05-W001::C014::C016,39.34263527814282,student_t,39.34263527814282,3.1296024955429362,3.565526247024536,30.219531370257442,34.42894405844168,36.9972505279661,39.34263527814282,41.68802002831954,44.256326497843965,48.4657391860282,2.995648065132272,1.8128882115010434,2.6511871293592777,36.34698721301055,inner_validation_within_outer_train
rolling_origin_2022-07-19,rolling_origin_2022-07-19__inner_3_2022-05-17,C04_probabilistic_gru_student_t,42119,70c1908d227951b86f26ede94b4eec73b621b327a6f0e2a87d98875e63514fba,P-H05-W002::C014::C016,34.66311015428807,student_t,34.66311015428807,2.3869824917626823,4.917880058288574,28.496230450503084,31.131345659497534,32.92631596878653,34.66311015428807,36.39990433978961,38.194874649078606,40.829989858073056,1.0626371237731718,0.7884864141425463,1.9563708539375908,35.72574727806124,inner_validation_within_outer_train
rolling_origin_2022-07-19,rolling_origin_2022-07-19__inner_3_2022-05-17,C04_probabilistic_gru_student_t,42119,70c1908d227951b86f26ede94b4eec73b621b327a6f0e2a87d98875e63514fba,P-H05-W003::C014::C016,27.29751825361148,student_t,27.29751825361148,2.0109521043023357,4.775644302368164,22.054296439271774,24.308511868252634,25.830949812583405,27.29751825361148,28.764086694639552,30.286524638970327,32.540740067951184,1.1661430673869013,0.7655053082343176,1.8660384786916748,26.131375186224577,inner_validation_within_outer_train
rolling_origin_2022-07-19,rolling_origin_2022-07-19__inner_3_2022-05-17,C04_probabilistic_gru_student_t,42119,70c1908d227951b86f26ede94b4eec73b621b327a6f0e2a87d98875e63514fba,P-H05-W004::C014::C016,26.414540774225138,student_t,26.414540774225138,2.3882562122526525,3.8768038749694824,19.699744672975346,22.730239216016173,24.640166387153677,26.414540774225138,28.1889151612966,30.098842332434106,33.12933687547493,1.035634760213842,0.7949457710705725,1.9688148594186747,27.45017553443898,inner_validation_within_outer_train
rolling_origin_2022-07-19,rolling_origin_2022-07-19__inner_3_2022-05-17,C04_probabilistic_gru_student_t,42119,70c1908d227951b86f26ede94b4eec73b621b327a6f0e2a87d98875e63514fba,P-H05-W005::C014::C016,17.524074381390783,student_t,17.524074381390783,2.5180423178365956,3.6727569103240967,10.280214516146872,13.595899823229322,15.642943180919334,17.524074381390783,19.405205581862234,21.45224893955224,24.76793424663469,0.7551282194010653,0.752760325443366,1.9662305386767844,16.768946161989717,inner_validation_within_outer_train
rolling_origin_2022-07-19,rolling_origin_2022-07-19__inner_3_2022-05-17,C04_probabilistic_gru_student_t,42119,70c1908d227951b86f26ede94b4eec73b621b327a6f0e2a87d98875e63514fba,P-H05-W006::C014::C016,21.44129981665192,student_t,21.44129981665192,2.290524091915029,3.884488821029663,15.00650545881938,17.909167115462687,19.739869635269542,21.44129981665192,23.142729998034298,24.973432517841154,27.87609417448446,2.0033284135908573,1.2136124869032114,2.2504221965838607,19.437971403061063,inner_validation_within_outer_train
rolling_origin_2022-07-19,rolling_origin_2022-07-19__inner_3_2022-05-17,C04_probabilistic_gru_student_t,42119,70c1908d227951b86f26ede94b4eec73b621b327a6f0e2a87d98875e63514fba,P-H05-W007::C014::C016,25.89455060519344,student_t,25.89455060519344,2.3777582577423075,3.9613349437713623,19.267344927525112,22.242067464053893,24.131703098833153,25.89455060519344,27.65739811155373,29.54703374633299,32.521756282861766,6.808399369606736,5.187957254475821,4.6298686490518035,19.086151235586705,inner_validation_within_outer_train
rolling_origin_2022-07-19,rolling_origin_2022-07-19__inner_3_2022-05-17,C04_probabilistic_gru_student_t,42119,70c1908d227951b86f26ede94b4eec73b621b327a6f0e2a87d98875e63514fba,P-H06-W001::C014::C016,3.7923381367572624,student_t,3.7923381367572624,2.8228242648472435,3.6623902320861816,-4.338398818081899,-0.6139584914588232,1.6828908770008986,3.7923381367572624,5.901785396513626,8.198634764973349,11.923075091596418,1.2656828732368606,0.9576571885912125,2.1487306492600498,2.526655263520402,inner_validation_within_outer_train
rolling_origin_2022-07-19,rolling_origin_2022-07-19__inner_3_2022-05-17,C04_probabilistic_gru_student_t,42119,70c1908d227951b86f26ede94b4eec73b621b327a6f0e2a87d98875e63514fba,P-H06-W002::C014::C016,2.8058710607595607,student_t,2.8058710607595607,3.231505698863551,3.441640853881836,-6.770501183129321,-2.3083815079842847,0.3746766376892223,2.8058710607595607,5.237065483829899,7.920123629503407,12.382243304648437,1.169213204509577,1.0218659431930002,2.246496585554879,1.6366578562499836,inner_validation_within_outer_train
rolling_origin_2022-07-19,rolling_origin_2022-07-19__inner_3_2022-05-17,C04_probabilistic_gru_student_t,42119,70c1908d227951b86f26ede94b4eec73b621b327a6f0e2a87d98875e63514fba,P-H06-W003::C014::C016,4.405276980495703,student_t,4.405276980495703,2.9759563486243072,3.5437121391296387,-4.294276203735382,-0.27353197763723713,2.173553991978597,4.405276980495703,6.636999969012809,9.084085938628643,13.104830164726785,2.6396586668477395,1.6021503153264223,2.5347003753660213,1.7656183136479635,inner_validation_within_outer_train
rolling_origin_2022-07-19,rolling_origin_2022-07-19__inner_3_2022-05-17,C04_probabilistic_gru_student_t,42119,70c1908d227951b86f26ede94b4eec73b621b327a6f0e2a87d98875e63514fba,P-H06-W004::C014::C016,3.978075981311431,student_t,3.978075981311431,2.9271302419498113,3.5893263816833496,-4.529125333874173,-0.6110053146085059,1.7859982982530251,3.978075981311431,6.1701536643698365,8.567157277231368,12.485277296497031,1.5673111884542745,1.083917284928812,2.2381155848600347,2.4107647928571563,inner_validation_within_outer_train
rolling_origin_2022-07-19,rolling_origin_2022-07-19__inner_3_2022-05-17,C04_probabilistic_gru_student_t,42119,70c1908d227951b86f26ede94b4eec73b621b327a6f0e2a87d98875e63514fba,P-H06-W005::C014::C016,4.167280892730179,student_t,4.167280892730179,3.2905988489439126,3.426417827606201,-5.604842708982929,-1.0458164132948449,1.6903952457118976,4.167280892730179,6.644166539748461,9.380378198755205,13.939404494443286,1.6681729332914133,1.1890895540255109,2.3420929380198645,2.499107959438766,inner_validation_within_outer_train
rolling_origin_2022-07-19,rolling_origin_2022-07-19__inner_3_2022-05-17,C04_probabilistic_gru_student_t,42119,70c1908d227951b86f26ede94b4eec73b621b327a6f0e2a87d98875e63514fba,P-H06-W006::C014::C016,3.395895609514259,student_t,3.395895609514259,2.8328424683078537,3.6631438732147217,-4.762958918525788,-1.0258443881707269,1.2790076733300806,3.395895609514259,5.512783545698437,7.817635607199245,11.554750137554302,1.526099237320422,1.050648834922796,2.205450354778952,1.8697963721938369,inner_validation_within_outer_train
rolling_origin_2022-07-19,rolling_origin_2022-07-19__inner_3_2022-05-17,C04_probabilistic_gru_student_t,42119,70c1908d227951b86f26ede94b4eec73b621b327a6f0e2a87d98875e63514fba,P-H06-W007::C014::C016,2.2683075365877556,student_t,2.2683075365877556,2.85089526537975,3.5498671531677246,-6.059037848107007,-2.2121537874054455,0.1307730230187496,2.2683075365877556,4.405842050156762,6.748768860580957,10.595652921282516,1.2327012601209177,0.955966906276077,2.152904663087659,1.035606276466838,inner_validation_within_outer_train
rolling_origin_2022-07-19,rolling_origin_2022-07-19__inner_3_2022-05-17,C04_probabilistic_gru_student_t,42119,70c1908d227951b86f26ede94b4eec73b621b327a6f0e2a87d98875e63514fba,P-H07-W001::C014::C016,36.61583293860572,student_t,36.61583293860572,3.470362680104277,3.2856950759887695,26.095473520264022,31.063085800195196,33.990999339174714,36.61583293860572,39.24066653803673,42.168580077016244,47.13619235694742,4.133345552975911,2.5372124952666733,3.0072693237055885,40.74917849158163,inner_validation_within_outer_train
rolling_origin_2022-07-19,rolling_origin_2022-07-19__inner_3_2022-05-17,C04_probabilistic_gru_student_t,42119,70c1908d227951b86f26ede94b4eec73b621b327a6f0e2a87d98875e63514fba,P-H07-W002::C014::C016,34.796257762958575,student_t,34.796257762958575,2.253357450427025,4.683145523071289,28.883932572285072,31.436459189331593,33.150313172469716,34.796257762958575,36.442202353447435,38.15605633658556,40.708582953632074,4.518528818418929,3.149152598692362,3.5456467254775683,39.314786581377504,inner_validation_within_outer_train
rolling_origin_2022-07-19,rolling_origin_2022-07-19__inner_3_2022-05-17,C04_probabilistic_gru_student_t,42119,70c1908d227951b86f26ede94b4eec73b621b327a6f0e2a87d98875e63514fba,P-H07-W003::C014::C016,2.943960228889516,student_t,2.943960228889516,2.7814030785312567,3.691861629486084,-5.039412826333369,-1.3902777049167234,0.8672083153701737,2.943960228889516,5.020712142408858,7.278198162695756,10.927333284112397,2.713646919197261,1.6413293599446908,2.5469718309705147,5.657607148086777,inner_validation_within_outer_train
rolling_origin_2022-07-19,rolling_origin_2022-07-19__inner_3_2022-05-17,C04_probabilistic_gru_student_t,42119,70c1908d227951b86f26ede94b4eec73b621b327a6f0e2a87d98875e63514fba,P-H07-W004::C014::C016,37.136573027770574,student_t,37.136573027770574,3.942653477368878,3.0737674236297607,24.75793317869537,30.721116901402013,34.13020611897478,37.136573027770574,40.142939936566364,43.552029154139134,49.51521287684577,2.3284876764950937,1.5656484824686003,2.5897701166917755,34.80808535127548,inner_validation_within_outer_train
rolling_origin_2022-07-19,rolling_origin_2022-07-19__inner_3_2022-05-17,C04_probabilistic_gru_student_t,42119,70c1908d227951b86f26ede94b4eec73b621b327a6f0e2a87d98875e63514fba,P-H07-W005::C014::C016,2.6499569154827434,student_t,2.6499569154827434,3.1121231122579336,3.5449960231781006,-6.446139781096175,-2.2425402054990773,0.3162119151467344,2.6499569154827434,4.983701915818752,7.542454036464565,11.746053612061662,4.874926342527456,3.1506024947776283,3.319251999884536,7.524883258010199,inner_validation_within_outer_train
rolling_origin_2022-07-19,rolling_origin_2022-07-19__inner_3_2022-05-17,C04_probabilistic_gru_student_t,42119,70c1908d227951b86f26ede94b4eec73b621b327a6f0e2a87d98875e63514fba,P-H07-W006::C014::C016,26.670133091858656,student_t,26.670133091858656,3.3826124418687944,3.2693357467651367,16.38987481911979,21.251213727171947,24.11016379094163,26.670133091858656,29.23010239277568,32.08905245654536,36.950391364597515,3.746637682993846,2.283103952633549,2.893149508327493,22.92349540886481,inner_validation_within_outer_train
rolling_origin_2022-07-19,rolling_origin_2022-07-19__inner_3_2022-05-17,C04_probabilistic_gru_student_t,42119,70c1908d227951b86f26ede94b4eec73b621b327a6f0e2a87d98875e63514fba,P-V01-W001::C014::C016,31.216443605728454,student_t,31.216443605728454,4.237366525576032,3.0783474445343018,17.923351289869125,24.324122591358098,27.98595695065194,31.216443605728454,34.44693026080497,38.10876462009881,44.50953592158778,2.6219674733531555,1.7315832631538732,2.6818598061392054,33.83841107908161,inner_validation_within_outer_train
rolling_origin_2022-07-19,rolling_origin_2022-07-19__inner_3_2022-05-17,C04_probabilistic_gru_student_t,42119,70c1908d227951b86f26ede94b4eec73b621b327a6f0e2a87d98875e63514fba,P-V01-W002::C014::C016,32.308731414035854,student_t,32.308731414035854,4.226435187707614,3.078596830368042,19.050519886558508,25.434336664989367,29.086611453978513,32.308731414035854,35.530851374093196,39.18312616308234,45.56694294151319,0.27002541850016115,1.1611439742469725,2.442919523214536,32.03870599553569,inner_validation_within_outer_train
rolling_origin_2022-07-19,rolling_origin_2022-07-19__inner_3_2022-05-17,C04_probabilistic_gru_student_t,42119,70c1908d227951b86f26ede94b4eec73b621b327a6f0e2a87d98875e63514fba,P-V01-W003::C014::C016,19.998358272133657,student_t,19.998358272133657,2.6857656959439744,3.7534308433532715,12.344257771501614,15.827656613039078,17.996437506334598,19.998358272133657,22.000279037932717,24.169059931228237,27.652458772765698,1.1995795869295662,0.9075370098496736,2.0958556658621665,18.79877868520409,inner_validation_within_outer_train
rolling_origin_2022-07-19,rolling_origin_2022-07-19__inner_3_2022-05-17,C04_probabilistic_gru_student_t,42119,70c1908d227951b86f26ede94b4eec73b621b327a6f0e2a87d98875e63514fba,P-V01-W004::C014::C016,18.87301686842718,student_t,18.87301686842718,2.1397881358841135,4.4029436111450195,13.140415584649213,15.649430932063012,17.30190086925289,18.87301686842718,20.444132867601468,22.096602804791345,24.605618152205142,4.230446253511637,2.9297710407203095,3.4524315106286956,23.103463121938816,inner_validation_within_outer_train
rolling_origin_2022-07-19,rolling_origin_2022-07-19__inner_3_2022-05-17,C04_probabilistic_gru_student_t,42119,70c1908d227951b86f26ede94b4eec73b621b327a6f0e2a87d98875e63514fba,P-V01-W005::C014::C016,26.784573500768936,student_t,26.784573500768936,2.1650302435482875,5.156310081481934,21.26954970463787,23.60372897624955,25.214896569811224,26.784573500768936,28.354250431726648,29.965418025288322,32.2995972969,4.593806151016707,3.265501947256767,3.671447270236122,31.378379651785643,inner_validation_within_outer_train
rolling_origin_2022-07-19,rolling_origin_2022-07-19__inner_3_2022-05-17,C04_probabilistic_gru_student_t,42119,70c1908d227951b86f26ede94b4eec73b621b327a6f0e2a87d98875e63514fba,P-V01-W007::C014::C016,35.831699013126155,student_t,35.831699013126155,2.3815066219363077,4.857417583465576,29.65539533652728,32.30131436009007,34.09721882619672,35.831699013126155,37.566179200055586,39.36208366616224,42.008002689725025,2.1374234552411266,1.286950600359731,2.287162552775243,37.96912246836728,inner_validation_within_outer_train
rolling_origin_2022-07-19,rolling_origin_2022-07-19__inner_3_2022-05-17,C04_probabilistic_gru_student_t,42119,70c1908d227951b86f26ede94b4eec73b621b327a6f0e2a87d98875e63514fba,P-V02-W001::C014::C016,34.203407257956016,student_t,34.203407257956016,2.9883825808719258,4.849482536315918,26.44925428057535,29.772254870766673,32.02665277251477,34.203407257956016,36.38016174339726,38.63455964514536,41.95756023533668,0.7023081138552243,0.8301203928461597,2.09799581940001,34.90571537181124,inner_validation_within_outer_train
rolling_origin_2022-07-19,rolling_origin_2022-07-19__inner_3_2022-05-17,C04_probabilistic_gru_student_t,42119,70c1908d227951b86f26ede94b4eec73b621b327a6f0e2a87d98875e63514fba,P-V02-W003::C014::C016,7.852167098608621,student_t,7.852167098608621,3.293226351471457,3.305506706237793,-2.101115589938045,2.5904987497563585,5.363066738016868,7.852167098608621,10.341267459200374,13.113835447460886,17.805449787155283,1.5137893461362832,1.141171882880163,2.3187751113394706,9.365956444744905,inner_validation_within_outer_train
rolling_origin_2022-07-19,rolling_origin_2022-07-19__inner_3_2022-05-17,C04_probabilistic_gru_student_t,42119,70c1908d227951b86f26ede94b4eec73b621b327a6f0e2a87d98875e63514fba,P-V02-W004::C014::C016,18.733897719306423,student_t,18.733897719306423,4.076666925401696,2.9896745681762695,5.734738708625031,12.051130734704017,15.614293596520174,18.733897719306423,21.853501842092673,25.41666470390883,31.73305672998781,1.631749673158449,1.35543387575402,2.5105775652071545,17.102148046147974,inner_validation_within_outer_train
rolling_origin_2022-07-19,rolling_origin_2022-07-19__inner_3_2022-05-17,C04_probabilistic_gru_student_t,42119,70c1908d227951b86f26ede94b4eec73b621b327a6f0e2a87d98875e63514fba,P-V02-W005::C014::C016,41.098969250013475,student_t,41.098969250013475,3.785412597874624,4.751397132873535,31.213108962623906,35.4679255553193,38.33717930744784,41.098969250013475,43.86075919257911,46.73001294470766,50.98482953740304,3.582482914782396,2.1572621145065045,2.7989592097818963,44.68145216479587,inner_validation_within_outer_train
rolling_origin_2022-07-19,rolling_origin_2022-07-19__inner_3_2022-05-17,C04_probabilistic_gru_student_t,42119,70c1908d227951b86f26ede94b4eec73b621b327a6f0e2a87d98875e63514fba,P-V02-W006::C014::C016,28.60968250585703,student_t,28.60968250585703,3.9586852613201766,3.077369213104248,16.188683041832896,22.170116648880935,25.591536323060915,28.60968250585703,31.627828688653146,35.049248362833126,41.03068196988116,1.6237626927399056,1.322618229882212,2.483319916124612,30.233445198596936,inner_validation_within_outer_train
rolling_origin_2022-07-19,rolling_origin_2022-07-19__inner_3_2022-05-17,C04_probabilistic_gru_student_t,42119,70c1908d227951b86f26ede94b4eec73b621b327a6f0e2a87d98875e63514fba,P-V02-W007::C014::C016,24.454817086702334,student_t,24.454817086702334,4.018814574750224,3.0118930339813232,11.693678363242073,17.88003495136939,21.38242554664013,24.454817086702334,27.52720862676454,31.029599222035284,37.21595581016259,0.14824923319564576,1.1043142412948272,2.3924681733968036,24.60306631989798,inner_validation_within_outer_train
rolling_origin_2022-07-19,rolling_origin_2022-07-19__inner_3_2022-05-17,C04_probabilistic_gru_student_t,42119,70c1908d227951b86f26ede94b4eec73b621b327a6f0e2a87d98875e63514fba,P-V03-W001::C014::C016,26.199083094022946,student_t,26.199083094022946,2.9293484723189476,3.602189064025879,17.699131194012594,21.610111855251716,24.006184318136665,26.199083094022946,28.391981869909227,30.788054332794175,34.69903499403329,2.7689329180025375,1.6756176387545767,2.5721555381466934,23.43015017602041,inner_validation_within_outer_train
rolling_origin_2022-07-19,rolling_origin_2022-07-19__inner_3_2022-05-17,C04_probabilistic_gru_student_t,42119,70c1908d227951b86f26ede94b4eec73b621b327a6f0e2a87d98875e63514fba,P-V03-W002::C014::C016,33.04227185099372,student_t,33.04227185099372,3.125059698231784,3.586536407470703,23.956634612717487,28.142047230648345,30.701772882524363,33.04227185099372,35.38277081946308,37.9424964713391,42.12790908926995,1.3924741445420423,1.05958625050082,2.2508256873289625,34.43474599553576,inner_validation_within_outer_train
rolling_origin_2022-07-19,rolling_origin_2022-07-19__inner_3_2022-05-17,C04_probabilistic_gru_student_t,42119,70c1908d227951b86f26ede94b4eec73b621b327a6f0e2a87d98875e63514fba,P-V03-W003::C014::C016,35.09544993018033,student_t,35.09544993018033,2.648762732407539,3.743263006210327,27.538046819541737,30.97988563724341,33.12056120920899,35.09544993018033,37.07033865115167,39.21101422311725,42.65285304081892,1.1381234307893138,0.8813091565768645,2.0732613550900854,36.23357336096964,inner_validation_within_outer_train
rolling_origin_2022-07-19,rolling_origin_2022-07-19__inner_3_2022-05-17,C04_probabilistic_gru_student_t,42119,70c1908d227951b86f26ede94b4eec73b621b327a6f0e2a87d98875e63514fba,P-V03-W004::C014::C016,20.125847167713665,student_t,20.125847167713665,1.8252581544962758,4.32334041595459,15.204150010362671,17.36730111933821,18.78352768029115,20.125847167713665,21.46816665513618,22.88439321608912,25.04754432506466,1.1909573246015057,0.7558338328234431,1.8279896442857773,18.93488984311216,inner_validation_within_outer_train
rolling_origin_2022-07-19,rolling_origin_2022-07-19__inner_3_2022-05-17,C04_probabilistic_gru_student_t,42119,70c1908d227951b86f26ede94b4eec73b621b327a6f0e2a87d98875e63514fba,P-V03-W005::C014::C016,31.64702666434259,student_t,31.64702666434259,3.298302068118784,3.4451324939727783,21.877415679940054,26.428276416809517,29.16586040767628,31.64702666434259,34.1281929210089,36.86577691187566,41.41663764874512,1.59831401333593,1.165440591997582,2.330530928392202,33.24534067767852,inner_validation_within_outer_train
rolling_origin_2022-07-19,rolling_origin_2022-07-19__inner_3_2022-05-17,C04_probabilistic_gru_student_t,42119,70c1908d227951b86f26ede94b4eec73b621b327a6f0e2a87d98875e63514fba,P-V03-W006::C014::C016,34.77516850031867,student_t,34.77516850031867,3.6052107465870207,3.354818344116211,23.9586299829389,29.035370178973025,32.054938405507,34.77516850031867,37.49539859513034,40.514966821664316,45.59170701769844,2.9753609759564057,1.821760403654074,2.677300526323375,31.799807524362265,inner_validation_within_outer_train
rolling_origin_2022-07-19,rolling_origin_2022-07-19__inner_3_2022-05-17,C04_probabilistic_gru_student_t,42119,70c1908d227951b86f26ede94b4eec73b621b327a6f0e2a87d98875e63514fba,P-V03-W007::C014::C016,4.858787626165196,student_t,4.858787626165196,2.8814784674465335,3.6097450256347656,-3.4944082835717936,0.3468663556601683,2.7022066404517324,4.858787626165196,7.0153686118786585,9.370708896670223,13.211983535902183,4.650116015068275,3.0290126100870296,3.29764278485787,0.2086716110969202,inner_validation_within_outer_train
rolling_origin_2022-07-19,rolling_origin_2022-07-19__inner_3_2022-05-17,C04_probabilistic_gru_student_t,42119,70c1908d227951b86f26ede94b4eec73b621b327a6f0e2a87d98875e63514fba,P-V04-W001::C014::C016,2.7221817049598833,student_t,2.7221817049598833,3.0852616902419308,3.5638043880462646,-6.273641197398636,-2.1224077777171386,0.4099061387731959,2.7221817049598833,5.034457271146571,7.566771187636906,11.7180046073184,1.1086849645554198,0.9696634641856555,2.196096282128929,3.830866669515303,inner_validation_within_outer_train
rolling_origin_2022-07-19,rolling_origin_2022-07-19__inner_3_2022-05-17,C04_probabilistic_gru_student_t,42119,70c1908d227951b86f26ede94b4eec73b621b327a6f0e2a87d98875e63514fba,P-V04-W003::C014::C016,3.760578122676087,student_t,3.760578122676087,3.1663476547137277,3.477874755859375,-5.576398445938132,-1.2385785720786435,1.3811838619031578,3.760578122676087,6.139972383449016,8.759734817430818,13.097554691290302,0.056344000864906096,0.8486224528659213,2.1426942943849876,3.7042341218111807,inner_validation_within_outer_train
rolling_origin_2022-07-19,rolling_origin_2022-07-19__inner_3_2022-05-17,C04_probabilistic_gru_student_t,42119,70c1908d227951b86f26ede94b4eec73b621b327a6f0e2a87d98875e63514fba,P-V04-W004::C014::C016,2.886511277155506,student_t,2.886511277155506,2.9146666064309183,3.6296451091766357,-5.5421846698545,-1.6719405620796532,0.7063662808483757,2.886511277155506,5.066656273462637,7.444963116390666,11.315207224165508,0.19821225664554465,0.7809871262772755,2.059713448752588,3.084723533801051,inner_validation_within_outer_train
rolling_origin_2022-07-19,rolling_origin_2022-07-19__inner_3_2022-05-17,C04_probabilistic_gru_student_t,42119,70c1908d227951b86f26ede94b4eec73b621b327a6f0e2a87d98875e63514fba,P-V04-W006::C014::C016,1.661803291980302,student_t,1.661803291980302,2.9719198865061105,3.6061789989471436,-6.957392952674494,-2.9927353899132116,-0.5627012212174387,1.661803291980302,3.886307805178043,6.316341973873817,10.280999536635097,0.7141177689890759,0.8553866112854814,2.113234408995482,2.375921060969378,inner_validation_within_outer_train
rolling_origin_2022-07-19,rolling_origin_2022-07-19__inner_3_2022-05-17,C04_probabilistic_gru_student_t,42119,70c1908d227951b86f26ede94b4eec73b621b327a6f0e2a87d98875e63514fba,P-V04-W007::C014::C016,40.79660924209733,student_t,40.79660924209733,4.6425920209737574,3.0953445434570312,26.27596287272185,33.256010302868916,37.25963168751785,40.79660924209733,44.33358679667681,48.33720818132575,55.31725561147281,3.3303657690104913,2.1020252519879814,2.8486249008206386,37.46624347308684,inner_validation_within_outer_train
rolling_origin_2022-07-19,rolling_origin_2022-07-19__inner_3_2022-05-17,C04_probabilistic_gru_student_t,42119,70c1908d227951b86f26ede94b4eec73b621b327a6f0e2a87d98875e63514fba,P-V05-W001::C014::C016,22.993824908937786,student_t,22.993824908937786,2.2397225670167358,3.7913405895233154,16.63803262522307,19.522997646268685,21.326084768688993,22.993824908937786,24.661565049186578,26.46465217160689,29.3496171926525,2.4518548984599597,1.4909160513034763,2.448523529151279,25.445679807397745,inner_validation_within_outer_train
rolling_origin_2022-07-19,rolling_origin_2022-07-19__inner_3_2022-05-17,C04_probabilistic_gru_student_t,42119,70c1908d227951b86f26ede94b4eec73b621b327a6f0e2a87d98875e63514fba,P-V05-W002::C014::C016,23.23953658059596,student_t,23.23953658059596,1.787465240052883,5.105883598327637,18.673223238898,20.609638899391594,21.942655877311328,23.23953658059596,24.536417283880592,25.869434261800325,27.80584992229392,3.6944941158328177,2.605726858058734,3.404479699176329,26.934030696428778,inner_validation_within_outer_train
rolling_origin_2022-07-19,rolling_origin_2022-07-19__inner_3_2022-05-17,C04_probabilistic_gru_student_t,42119,70c1908d227951b86f26ede94b4eec73b621b327a6f0e2a87d98875e63514fba,P-V05-W003::C014::C016,32.73955419361589,student_t,32.73955419361589,2.6625654668616465,3.7484028339385986,25.147226787792697,28.603726519809413,30.754653816561035,32.73955419361589,34.72445457067074,36.87538186742236,40.33188159943908,0.9853155201466066,0.8399109433033197,2.0493827884437423,31.75423867346928,inner_validation_within_outer_train
rolling_origin_2022-07-19,rolling_origin_2022-07-19__inner_3_2022-05-17,C04_probabilistic_gru_student_t,42119,70c1908d227951b86f26ede94b4eec73b621b327a6f0e2a87d98875e63514fba,P-V05-W004::C014::C016,34.645476830266745,student_t,34.645476830266745,2.8739319710694815,3.6997694969177246,26.404194383593914,30.169079616664998,32.50011538896431,34.645476830266745,36.79083827156918,39.12187404386849,42.88675927693957,0.026252563685162045,0.763121577198972,2.041482032813941,34.61922426658158,inner_validation_within_outer_train
rolling_origin_2022-07-19,rolling_origin_2022-07-19__inner_3_2022-05-17,C04_probabilistic_gru_student_t,42119,70c1908d227951b86f26ede94b4eec73b621b327a6f0e2a87d98875e63514fba,P-V05-W006::C014::C016,23.282308612329047,student_t,23.282308612329047,2.2933046078250596,4.001711845397949,16.916148313909613,19.76649031209605,21.58373422835154,23.282308612329047,24.980882996306555,26.798126912562047,29.648468910748477,0.1691788723646681,0.6071621987835111,1.81419583360221,23.451487484693715,inner_validation_within_outer_train
rolling_origin_2022-07-19,rolling_origin_2022-07-19__inner_3_2022-05-17,C04_probabilistic_gru_student_t,42119,70c1908d227951b86f26ede94b4eec73b621b327a6f0e2a87d98875e63514fba,P-V05-W007::C014::C016,34.21802977319872,student_t,34.21802977319872,2.5605284154710994,3.9663686752319336,27.085026935152975,30.285768146113995,32.31991145865956,34.21802977319872,36.11614808773788,38.15029140028345,41.35103261124447,4.898933348453696,3.348019219907543,3.545138744684755,29.319096424745027,inner_validation_within_outer_train
rolling_origin_2022-07-19,rolling_origin_2022-07-19__inner_3_2022-05-17,C04_probabilistic_gru_student_t,42119,70c1908d227951b86f26ede94b4eec73b621b327a6f0e2a87d98875e63514fba,P-V06-W001::C014::C016,0.07313736610498012,student_t,0.07313736610498012,2.4386042611264855,3.985100746154785,-6.7075084119839525,-3.668449662362183,-1.7337772009199417,0.07313736610498012,1.880051933129902,3.814724394572144,6.85378314419391,0.029553030646051616,0.641176931648844,1.8725740487504425,0.0435843354589285,inner_validation_within_outer_train
rolling_origin_2022-07-19,rolling_origin_2022-07-19__inner_3_2022-05-17,C04_probabilistic_gru_student_t,42119,70c1908d227951b86f26ede94b4eec73b621b327a6f0e2a87d98875e63514fba,P-V06-W002::C014::C016,25.173552165153378,student_t,25.173552165153378,3.8830079335218435,3.2265117168426514,13.292664020781881,18.93280164195688,22.230266485514115,25.173552165153378,28.11683784479264,31.41430268834988,37.05444030952487,1.3515884374748168,1.2242539278092062,2.4298064246379374,23.82196372767856,inner_validation_within_outer_train
rolling_origin_2022-07-19,rolling_origin_2022-07-19__inner_3_2022-05-17,C04_probabilistic_gru_student_t,42119,70c1908d227951b86f26ede94b4eec73b621b327a6f0e2a87d98875e63514fba,P-V06-W003::C014::C016,29.514452491206825,student_t,29.514452491206825,4.049084022103424,3.203320026397705,17.079027877995657,22.99509257222456,26.442617850611107,29.514452491206825,32.58628713180254,36.03381241018909,41.949877104417986,0.010184193120085894,1.098762383219601,2.394328090147016,29.50426829808674,inner_validation_within_outer_train
rolling_origin_2022-07-19,rolling_origin_2022-07-19__inner_3_2022-05-17,C04_probabilistic_gru_student_t,42119,70c1908d227951b86f26ede94b4eec73b621b327a6f0e2a87d98875e63514fba,P-V06-W004::C014::C016,24.535383733027512,student_t,24.535383733027512,2.5318787461466443,4.029839515686035,17.52624207988837,20.659040437514292,22.661358975187817,24.535383733027512,26.409408490867207,28.41172702854073,31.54452538616665,2.970894963767307,1.8205341908304316,2.648505329501549,21.564488769260205,inner_validation_within_outer_train
rolling_origin_2022-07-19,rolling_origin_2022-07-19__inner_3_2022-05-17,C04_probabilistic_gru_student_t,42119,70c1908d227951b86f26ede94b4eec73b621b327a6f0e2a87d98875e63514fba,P-V06-W005::C014::C016,39.27799315184223,student_t,39.27799315184223,2.8882428954242103,4.818821907043457,31.768777123927002,34.991088249096215,37.17312959402541,39.27799315184223,41.38285670965905,43.564898054588255,46.78720917975746,2.296219307469052,1.3944281576454944,2.3896912335722047,41.57421245931128,inner_validation_within_outer_train
rolling_origin_2022-07-19,rolling_origin_2022-07-19__inner_3_2022-05-17,C04_probabilistic_gru_student_t,42119,70c1908d227951b86f26ede94b4eec73b621b327a6f0e2a87d98875e63514fba,P-V06-W006::C014::C016,21.209628282029165,student_t,21.209628282029165,2.5233254526246265,3.9714579582214355,14.183851990886865,17.335469049621945,19.3393202788399,21.209628282029165,23.07993628521843,25.083787514436384,28.23540457317146,6.311934833432243,4.644014413320793,4.258486960575769,14.897693448596922,inner_validation_within_outer_train
rolling_origin_2022-07-19,rolling_origin_2022-07-19__inner_3_2022-05-17,C04_probabilistic_gru_student_t,42119,70c1908d227951b86f26ede94b4eec73b621b327a6f0e2a87d98875e63514fba,P-V06-W007::C014::C016,20.319038464143613,student_t,20.319038464143613,2.4380602135443117,4.027606010437012,13.56815698016771,16.585935948433338,18.514360326593188,20.319038464143613,22.12371660169404,24.05214097985389,27.069919948119512,3.782630764526303,2.4478686899693556,3.0494283587300495,16.53640769961731,inner_validation_within_outer_train
rolling_origin_2022-07-19,rolling_origin_2022-07-19__inner_3_2022-05-17,C04_probabilistic_gru_student_t,42119,70c1908d227951b86f26ede94b4eec73b621b327a6f0e2a87d98875e63514fba,P-D01-W002::C015::C016,35.16121044520382,student_t,35.16121044520382,3.3121406602544434,4.7509613037109375,26.511077995363635,30.234117190669707,32.74469604392574,35.16121044520382,37.5777248464819,40.088303699737935,43.81134289504401,9.992449388237688,7.782203539053048,5.245940004017127,45.15365983344151,inner_validation_within_outer_train
rolling_origin_2022-07-19,rolling_origin_2022-07-19__inner_3_2022-05-17,C04_probabilistic_gru_student_t,42119,70c1908d227951b86f26ede94b4eec73b621b327a6f0e2a87d98875e63514fba,P-D01-W003::C015::C016,-0.7460227136564725,student_t,-0.7460227136564725,2.605731350719084,3.9829602241516113,-7.992915644500347,-4.7444524612004075,-2.6768720577445775,-0.7460227136564725,1.1848266304316322,3.2524070338874633,6.500870217187399,2.671035713291646,1.616098832130531,2.5221385953446114,-3.4170584269481186,inner_validation_within_outer_train
rolling_origin_2022-07-19,rolling_origin_2022-07-19__inner_3_2022-05-17,C04_probabilistic_gru_student_t,42119,70c1908d227951b86f26ede94b4eec73b621b327a6f0e2a87d98875e63514fba,P-D01-W004::C015::C016,-2.2876854013755263,student_t,-2.2876854013755263,2.4884050166797285,4.05607271194458,-9.15909999192883,-6.092752373818033,-4.12839951053214,-2.2876854013755263,-0.4469712922189124,1.5173815710669811,4.583729189177773,2.649894813713307,1.6071174299661701,2.514876945295979,0.3622094123377806,inner_validation_within_outer_train
rolling_origin_2022-07-19,rolling_origin_2022-07-19__inner_3_2022-05-17,C04_probabilistic_gru_student_t,42119,70c1908d227951b86f26ede94b4eec73b621b327a6f0e2a87d98875e63514fba,P-D01-W005::C015::C016,29.895253032226442,student_t,29.895253032226442,3.187660409627446,3.92221999168396,20.975240425410693,24.989115807234057,27.529668093801448,29.895253032226442,32.26083797065144,34.80139025721883,38.81526563904219,9.180779145046152,7.002233524041703,4.937600198777878,39.076032177272594,inner_validation_within_outer_train
rolling_origin_2022-07-19,rolling_origin_2022-07-19__inner_3_2022-05-17,C04_probabilistic_gru_student_t,42119,70c1908d227951b86f26ede94b4eec73b621b327a6f0e2a87d98875e63514fba,P-D01-W006::C015::C016,25.246435994088014,student_t,25.246435994088014,3.7523901461084463,3.4528932571411133,14.143663335780824,19.312265488505055,22.42438955596858,25.246435994088014,28.068482432207446,31.180606499670972,36.3492086523952,35.950405545522344,32.7540257018521,9.6983959231115,61.19684153961036,inner_validation_within_outer_train
rolling_origin_2022-07-19,rolling_origin_2022-07-19__inner_3_2022-05-17,C04_probabilistic_gru_student_t,42119,70c1908d227951b86f26ede94b4eec73b621b327a6f0e2a87d98875e63514fba,P-D01-W007::C015::C016,10.720095380961638,student_t,10.720095380961638,2.0761936102971514,4.633586883544922,5.253596809925323,7.619091358159617,9.202237317802785,10.720095380961638,12.23795344412049,13.821099403763661,16.186593951997953,11.252653490142272,9.752248361537093,7.317672933496149,21.97274887110391,inner_validation_within_outer_train
rolling_origin_2022-07-19,rolling_origin_2022-07-19__inner_3_2022-05-17,C04_probabilistic_gru_student_t,42119,70c1908d227951b86f26ede94b4eec73b621b327a6f0e2a87d98875e63514fba,P-H04-W001::C015::C016,26.69774845254109,student_t,26.69774845254109,2.2737471791587134,4.363945960998535,20.587127148451735,23.26704149008879,25.026979184916925,26.69774845254109,28.368517720165258,30.128455414993393,32.80836975663045,2.759041225056322,1.699668266840922,2.5769165348881797,29.456789677597413,inner_validation_within_outer_train
rolling_origin_2022-07-19,rolling_origin_2022-07-19__inner_3_2022-05-17,C04_probabilistic_gru_student_t,42119,70c1908d227951b86f26ede94b4eec73b621b327a6f0e2a87d98875e63514fba,P-H04-W002::C015::C016,32.367546667084184,student_t,32.367546667084184,2.639251482375773,4.055205345153809,25.078984343837902,28.331653299362863,30.41520949260968,32.367546667084184,34.31988384155869,36.403440034805506,39.656108990330466,4.106469650772901,2.6598457273531735,3.1337110788564777,36.474016317857085,inner_validation_within_outer_train
rolling_origin_2022-07-19,rolling_origin_2022-07-19__inner_3_2022-05-17,C04_probabilistic_gru_student_t,42119,70c1908d227951b86f26ede94b4eec73b621b327a6f0e2a87d98875e63514fba,P-H04-W003::C015::C016,39.20475136432796,student_t,39.20475136432796,3.0600982530946106,3.721928596496582,30.45226639222117,34.4443765234592,36.92183176111433,39.20475136432796,41.48767096754159,43.965126205196725,47.95723633643475,1.3048889603474905,1.0156387957578037,2.2164212615379055,40.50964032467545,inner_validation_within_outer_train
rolling_origin_2022-07-19,rolling_origin_2022-07-19__inner_3_2022-05-17,C04_probabilistic_gru_student_t,42119,70c1908d227951b86f26ede94b4eec73b621b327a6f0e2a87d98875e63514fba,P-H04-W004::C015::C016,22.13449557053523,student_t,22.13449557053523,2.3733134508195355,4.19755220413208,15.66564267214568,18.528558040336282,20.384494867309837,22.13449557053523,23.88449627376062,25.740433100734176,28.60334846892478,0.34776946095835015,0.6389703452549198,1.8555137597725433,22.48226503149358,inner_validation_within_outer_train
rolling_origin_2022-07-19,rolling_origin_2022-07-19__inner_3_2022-05-17,C04_probabilistic_gru_student_t,42119,70c1908d227951b86f26ede94b4eec73b621b327a6f0e2a87d98875e63514fba,P-H04-W005::C015::C016,35.42714461278575,student_t,35.42714461278575,2.976980456374161,3.915912628173828,27.091252305991873,30.843806185551756,33.21755856864334,35.42714461278575,37.636730656928165,40.01048304001975,43.76303691957963,1.5432189427335956,1.0759110657520967,2.236179355426337,36.97036355551935,inner_validation_within_outer_train
rolling_origin_2022-07-19,rolling_origin_2022-07-19__inner_3_2022-05-17,C04_probabilistic_gru_student_t,42119,70c1908d227951b86f26ede94b4eec73b621b327a6f0e2a87d98875e63514fba,P-H04-W006::C015::C016,31.823355576904596,student_t,31.823355576904596,3.106667180538974,3.6981728076934814,22.913011060100402,26.984011489245823,29.504155548707132,31.823355576904596,34.14255560510206,36.66269966456337,40.73370009370879,16.192418435757766,13.856709271238854,7.1035570535648205,48.01577401266236,inner_validation_within_outer_train
rolling_origin_2022-07-19,rolling_origin_2022-07-19__inner_3_2022-05-17,C04_probabilistic_gru_student_t,42119,70c1908d227951b86f26ede94b4eec73b621b327a6f0e2a87d98875e63514fba,P-H04-W007::C015::C016,30.173662581809154,student_t,30.173662581809154,1.9869197297136374,4.956063270568848,25.052473645854533,27.237290250353297,28.728819941893196,30.173662581809154,31.618505221725112,33.11003491326501,35.294851517763774,5.67891691169735,4.371049577433749,4.555986894558254,35.852579493506504,inner_validation_within_outer_train
rolling_origin_2022-07-19,rolling_origin_2022-07-19__inner_3_2022-05-17,C04_probabilistic_gru_student_t,42120,70c1908d227951b86f26ede94b4eec73b621b327a6f0e2a87d98875e63514fba,P-H01-W001::C014::C016,25.625709492462214,student_t,25.625709492462214,3.498585148429548,3.791529655456543,15.697777527611988,20.204118246948518,23.020609429186297,25.625709492462214,28.23080955573813,31.04730073797591,35.55364145731244,2.493377085064253,1.557169395474844,2.537709700271869,23.13233240739796,inner_validation_within_outer_train
rolling_origin_2022-07-19,rolling_origin_2022-07-19__inner_3_2022-05-17,C04_probabilistic_gru_student_t,42120,70c1908d227951b86f26ede94b4eec73b621b327a6f0e2a87d98875e63514fba,P-H01-W002::C014::C016,49.49042963635493,student_t,49.49042963635493,7.89839562674026,2.9793009757995605,24.255124614779373,36.53058126563944,43.443577104904655,49.49042963635493,55.53728216780521,62.45027800707042,74.72573465793049,51.45736368647667,44.958322400819455,8.488581981026531,100.9477933228316,inner_validation_within_outer_train
rolling_origin_2022-07-19,rolling_origin_2022-07-19__inner_3_2022-05-17,C04_probabilistic_gru_student_t,42120,70c1908d227951b86f26ede94b4eec73b621b327a6f0e2a87d98875e63514fba,P-H01-W003::C014::C016,55.32420116466271,student_t,55.32420116466271,9.675653792268495,2.752007484436035,22.901092949289712,39.084616227117856,47.83646823584431,55.32420116466271,62.81193409348111,71.56378610220756,87.7473093800357,38.84372699133225,31.247244928259946,6.889285478051918,94.16792815599496,inner_validation_within_outer_train
rolling_origin_2022-07-19,rolling_origin_2022-07-19__inner_3_2022-05-17,C04_probabilistic_gru_student_t,42120,70c1908d227951b86f26ede94b4eec73b621b327a6f0e2a87d98875e63514fba,P-H01-W004::C014::C016,24.961900963318733,student_t,24.961900963318733,3.3999576679659205,3.869119167327881,15.394828087966388,19.71478577503838,22.435377878311904,24.961900963318733,27.488424048325562,30.20901615159909,34.52897383867108,1.3984712486504058,1.108644053781582,2.3108389903713364,23.563429714668327,inner_validation_within_outer_train
rolling_origin_2022-07-19,rolling_origin_2022-07-19__inner_3_2022-05-17,C04_probabilistic_gru_student_t,42120,70c1908d227951b86f26ede94b4eec73b621b327a6f0e2a87d98875e63514fba,P-H01-W005::C014::C016,41.26409820121336,student_t,41.26409820121336,3.8141565481721265,3.8110296726226807,30.463964839588996,35.359690902408396,38.425490913637404,41.26409820121336,44.10270548878931,47.16850550001832,52.06423156283772,0.3050797713631894,1.0174412170242983,2.326591762845328,41.56917797257655,inner_validation_within_outer_train
rolling_origin_2022-07-19,rolling_origin_2022-07-19__inner_3_2022-05-17,C04_probabilistic_gru_student_t,42120,70c1908d227951b86f26ede94b4eec73b621b327a6f0e2a87d98875e63514fba,P-H01-W006::C014::C016,25.968527475179535,student_t,25.968527475179535,3.1889797250142173,3.9411797523498535,17.062141803266083,21.065023483930222,23.603076886823374,25.968527475179535,28.333978063535696,30.872031466428847,34.87491314709298,0.6533847970143185,0.8894300162043715,2.1676126890758547,26.621912272193853,inner_validation_within_outer_train
rolling_origin_2022-07-19,rolling_origin_2022-07-19__inner_3_2022-05-17,C04_probabilistic_gru_student_t,42120,70c1908d227951b86f26ede94b4eec73b621b327a6f0e2a87d98875e63514fba,P-H01-W007::C014::C016,33.767444774314164,student_t,33.767444774314164,3.724583750536361,3.740954875946045,23.137720567633785,27.97955878034441,30.99025962761937,33.767444774314164,36.544629921008955,39.55533076828392,44.39716898099454,5.25950505374707,3.3259234238778563,3.3127605868132957,39.026949828061234,inner_validation_within_outer_train
rolling_origin_2022-07-19,rolling_origin_2022-07-19__inner_3_2022-05-17,C04_probabilistic_gru_student_t,42120,70c1908d227951b86f26ede94b4eec73b621b327a6f0e2a87d98875e63514fba,P-H02-W001::C014::C016,29.414930577971028,student_t,29.414930577971028,3.1560670101183077,3.90855073928833,20.570832044488075,24.554058566816757,27.071989785739756,29.414930577971028,31.7578713702023,34.2758025891253,38.25902911145398,1.721526109018857,1.172921951917302,2.311634867718763,31.136456686989884,inner_validation_within_outer_train
rolling_origin_2022-07-19,rolling_origin_2022-07-19__inner_3_2022-05-17,C04_probabilistic_gru_student_t,42120,70c1908d227951b86f26ede94b4eec73b621b327a6f0e2a87d98875e63514fba,P-H02-W003::C014::C016,39.86618154000709,student_t,39.86618154000709,6.17661609516832,3.172909736633301,20.801758479255746,29.897451719585625,35.174868671245854,39.86618154000709,44.55749440876833,49.83491136042856,58.93060460075843,27.452288438947008,22.716870999935086,6.943626880200659,67.3184699789541,inner_validation_within_outer_train
rolling_origin_2022-07-19,rolling_origin_2022-07-19__inner_3_2022-05-17,C04_probabilistic_gru_student_t,42120,70c1908d227951b86f26ede94b4eec73b621b327a6f0e2a87d98875e63514fba,P-H02-W004::C014::C016,22.518837984961976,student_t,22.518837984961976,3.6394588510028116,3.722337484359741,12.109760348494188,16.85732408413959,19.8037298459828,22.518837984961976,25.233946123941152,28.18035188578436,32.92791562142976,2.1402116085589284,1.4191613005837231,2.4869440208513724,20.378626376403048,inner_validation_within_outer_train
rolling_origin_2022-07-19,rolling_origin_2022-07-19__inner_3_2022-05-17,C04_probabilistic_gru_student_t,42120,70c1908d227951b86f26ede94b4eec73b621b327a6f0e2a87d98875e63514fba,P-H02-W005::C014::C016,8.712684686389515,student_t,8.712684686389515,3.2276074124665084,3.8157882690429688,-0.42181119460951777,3.7175425303133594,6.310906406593609,8.712684686389515,11.114462966185421,13.707826842465671,17.847180567388545,1.324392834131861,1.0529316528484685,2.2594708839625675,7.388291852257654,inner_validation_within_outer_train
rolling_origin_2022-07-19,rolling_origin_2022-07-19__inner_3_2022-05-17,C04_probabilistic_gru_student_t,42120,70c1908d227951b86f26ede94b4eec73b621b327a6f0e2a87d98875e63514fba,P-H02-W006::C014::C016,19.605736442683643,student_t,19.605736442683643,3.1770304617548346,3.8614585399627686,10.658661619491163,14.700708388532089,17.244406716519542,19.605736442683643,21.967066168847744,24.5107644968352,28.552811265876123,1.6256563148775918,1.1415965398216348,2.2984224348328333,17.98008012780605,inner_validation_within_outer_train
rolling_origin_2022-07-19,rolling_origin_2022-07-19__inner_3_2022-05-17,C04_probabilistic_gru_student_t,42120,70c1908d227951b86f26ede94b4eec73b621b327a6f0e2a87d98875e63514fba,P-H02-W007::C014::C016,35.05845840400784,student_t,35.05845840400784,4.035884994994763,3.6046671867370605,23.351336446982714,28.73698973371172,32.037432702096794,35.05845840400784,38.07948410591888,41.37992707430396,46.76558036103296,1.6489691584721342,1.3221418034701247,2.4869249758175647,33.4094892455357,inner_validation_within_outer_train
rolling_origin_2022-07-19,rolling_origin_2022-07-19__inner_3_2022-05-17,C04_probabilistic_gru_student_t,42120,70c1908d227951b86f26ede94b4eec73b621b327a6f0e2a87d98875e63514fba,P-H03-W001::C014::C016,41.798987855165954,student_t,41.798987855165954,3.6417843452986607,3.779963731765747,31.451362657483173,36.15193674859669,39.08641848279644,41.798987855165954,44.51155722753547,47.44603896173522,52.146613052848735,5.144801006441213,3.254385714700632,3.290065127746233,46.94378886160717,inner_validation_within_outer_train
rolling_origin_2022-07-19,rolling_origin_2022-07-19__inner_3_2022-05-17,C04_probabilistic_gru_student_t,42120,70c1908d227951b86f26ede94b4eec73b621b327a6f0e2a87d98875e63514fba,P-H03-W003::C014::C016,37.16613892268228,student_t,37.16613892268228,3.2691191703402094,3.949094772338867,28.04327993429398,32.141389284394286,34.741717308841125,37.16613892268228,39.590560536523434,42.19088856097027,46.288997911070574,6.689162280251402,4.65628556434109,3.9547330659722757,43.85530120293368,inner_validation_within_outer_train
rolling_origin_2022-07-19,rolling_origin_2022-07-19__inner_3_2022-05-17,C04_probabilistic_gru_student_t,42120,70c1908d227951b86f26ede94b4eec73b621b327a6f0e2a87d98875e63514fba,P-H03-W004::C014::C016,35.90822239673835,student_t,35.90822239673835,2.9641839008291306,4.013282299041748,27.689059334405393,31.366422750485164,33.71335640774078,35.90822239673835,38.10308838573592,40.45002204299154,44.12738545907131,5.329661153899316,3.5827145076060525,3.548308602265423,41.23788355063767,inner_validation_within_outer_train
rolling_origin_2022-07-19,rolling_origin_2022-07-19__inner_3_2022-05-17,C04_probabilistic_gru_student_t,42120,70c1908d227951b86f26ede94b4eec73b621b327a6f0e2a87d98875e63514fba,P-H03-W005::C014::C016,39.125699395930425,student_t,39.125699395930425,3.3720761567333417,3.903935432434082,29.671753615531212,33.93091822749856,36.62211125502544,39.125699395930425,41.62928753683541,44.32048056436229,48.579645176329635,5.881986242079776,3.917775494251129,3.6108382117418056,45.0076856380102,inner_validation_within_outer_train
rolling_origin_2022-07-19,rolling_origin_2022-07-19__inner_3_2022-05-17,C04_probabilistic_gru_student_t,42120,70c1908d227951b86f26ede94b4eec73b621b327a6f0e2a87d98875e63514fba,P-H03-W006::C014::C016,44.26369403551901,student_t,44.26369403551901,3.8352250999097546,3.7782139778137207,33.36429891767595,38.3161202902906,41.40690655101288,44.26369403551901,47.12048152002514,50.21126778074743,55.163089153362066,1.1382079888353545,1.140241073051347,2.3836726435508817,43.125486046683655,inner_validation_within_outer_train
rolling_origin_2022-07-19,rolling_origin_2022-07-19__inner_3_2022-05-17,C04_probabilistic_gru_student_t,42120,70c1908d227951b86f26ede94b4eec73b621b327a6f0e2a87d98875e63514fba,P-H03-W007::C014::C016,24.101775955327252,student_t,24.101775955327252,3.2391446215059836,3.801480770111084,14.920187570508379,19.084926598625913,21.69049896057986,24.101775955327252,26.513052950074645,29.11862531202859,33.28336434014612,9.294515465973735,7.071011959730196,4.926015449761342,33.39629142130099,inner_validation_within_outer_train
rolling_origin_2022-07-19,rolling_origin_2022-07-19__inner_3_2022-05-17,C04_probabilistic_gru_student_t,42120,70c1908d227951b86f26ede94b4eec73b621b327a6f0e2a87d98875e63514fba,P-H05-W001::C014::C016,37.74088129850089,student_t,37.74088129850089,2.883110919310999,3.90680193901062,29.6602070546492,33.300012863193544,35.600478367526215,37.74088129850089,39.88128422947556,42.18174973380823,45.82155554235258,1.3938940854903379,1.0062330671846222,2.1837096792358413,36.34698721301055,inner_validation_within_outer_train
rolling_origin_2022-07-19,rolling_origin_2022-07-19__inner_3_2022-05-17,C04_probabilistic_gru_student_t,42120,70c1908d227951b86f26ede94b4eec73b621b327a6f0e2a87d98875e63514fba,P-H05-W002::C014::C016,35.171675942330005,student_t,35.171675942330005,2.7259584475488485,3.991544485092163,27.596874769923033,30.990507409985074,33.15215641061279,35.171675942330005,37.19119547404722,39.35284447467494,42.746477114736976,0.554071335731237,0.7584784531563908,2.0094771777432365,35.72574727806124,inner_validation_within_outer_train
rolling_origin_2022-07-19,rolling_origin_2022-07-19__inner_3_2022-05-17,C04_probabilistic_gru_student_t,42120,70c1908d227951b86f26ede94b4eec73b621b327a6f0e2a87d98875e63514fba,P-H05-W003::C014::C016,28.571790209994507,student_t,28.571790209994507,2.413144843547386,4.11325740814209,21.9439585325337,24.891542018710798,26.7890898685099,28.571790209994507,30.354490551479113,32.25203840127822,35.199621887455315,2.44041502376993,1.475149170007659,2.4278027139243505,26.131375186224577,inner_validation_within_outer_train
rolling_origin_2022-07-19,rolling_origin_2022-07-19__inner_3_2022-05-17,C04_probabilistic_gru_student_t,42120,70c1908d227951b86f26ede94b4eec73b621b327a6f0e2a87d98875e63514fba,P-H05-W004::C014::C016,27.716822525787677,student_t,27.716822525787677,2.537470998879092,4.015272617340088,20.682229280813086,23.8292145603742,25.83801025707927,27.716822525787677,29.595634794496085,31.604430491201153,34.751415770762264,0.26664699134869707,0.6767603947996511,1.9186530020288086,27.45017553443898,inner_validation_within_outer_train
rolling_origin_2022-07-19,rolling_origin_2022-07-19__inner_3_2022-05-17,C04_probabilistic_gru_student_t,42120,70c1908d227951b86f26ede94b4eec73b621b327a6f0e2a87d98875e63514fba,P-H05-W005::C014::C016,16.344445684285795,student_t,16.344445684285795,2.2833344722048063,4.155406951904297,10.097311095127193,12.868771508928674,14.659234398527978,16.344445684285795,18.02965697004361,19.820119859642915,22.591580273444396,0.42450047770392274,0.6265203384614232,1.8255440469287127,16.768946161989717,inner_validation_within_outer_train
rolling_origin_2022-07-19,rolling_origin_2022-07-19__inner_3_2022-05-17,C04_probabilistic_gru_student_t,42120,70c1908d227951b86f26ede94b4eec73b621b327a6f0e2a87d98875e63514fba,P-H05-W006::C014::C016,21.99482310029397,student_t,21.99482310029397,2.4133300051960918,4.053471565246582,15.329060410648516,18.304104183654182,20.209534971315964,21.99482310029397,23.780111229271977,25.68554201693376,28.660585789939425,2.556851697232908,1.550126069379701,2.4786933112546694,19.437971403061063,inner_validation_within_outer_train
rolling_origin_2022-07-19,rolling_origin_2022-07-19__inner_3_2022-05-17,C04_probabilistic_gru_student_t,42120,70c1908d227951b86f26ede94b4eec73b621b327a6f0e2a87d98875e63514fba,P-H05-W007::C014::C016,26.32609656620444,student_t,26.32609656620444,2.77500959208688,3.96437931060791,18.594055743464217,22.064033918031942,24.268883646814857,26.32609656620444,28.383309485594026,30.58815921437694,34.058137388944665,7.239945330617736,5.384325009993039,4.483033926311699,19.086151235586705,inner_validation_within_outer_train
rolling_origin_2022-07-19,rolling_origin_2022-07-19__inner_3_2022-05-17,C04_probabilistic_gru_student_t,42120,70c1908d227951b86f26ede94b4eec73b621b327a6f0e2a87d98875e63514fba,P-H06-W001::C014::C016,4.911547876918288,student_t,4.911547876918288,2.4058603246282275,4.105805397033691,-1.7008492499179946,1.241161970600504,3.1339285184530734,4.911547876918288,6.689167235383502,8.581933783236073,11.52394500375457,2.384892613397886,1.4403901369987078,2.404950566555516,2.526655263520402,inner_validation_within_outer_train
rolling_origin_2022-07-19,rolling_origin_2022-07-19__inner_3_2022-05-17,C04_probabilistic_gru_student_t,42120,70c1908d227951b86f26ede94b4eec73b621b327a6f0e2a87d98875e63514fba,P-H06-W002::C014::C016,4.2740972166593565,student_t,4.2740972166593565,2.6972778664299515,4.012472152709961,-3.2055752915454825,0.14109724820278302,2.2768265214782595,4.2740972166593565,6.2713679118404535,8.40709718511593,11.753769724864192,2.637439360409373,1.5928539865390567,2.5085400933626745,1.6366578562499836,inner_validation_within_outer_train
rolling_origin_2022-07-19,rolling_origin_2022-07-19__inner_3_2022-05-17,C04_probabilistic_gru_student_t,42120,70c1908d227951b86f26ede94b4eec73b621b327a6f0e2a87d98875e63514fba,P-H06-W003::C014::C016,5.239517070057598,student_t,5.239517070057598,2.5695038095462186,4.061588287353516,-1.8521076462577524,1.3114552437466904,3.3390566995264686,5.239517070057598,7.139977440588728,9.167578896368507,12.331141786372946,3.4738987564096346,2.180436359593924,2.864020965012339,1.7656183136479635,inner_validation_within_outer_train
rolling_origin_2022-07-19,rolling_origin_2022-07-19__inner_3_2022-05-17,C04_probabilistic_gru_student_t,42120,70c1908d227951b86f26ede94b4eec73b621b327a6f0e2a87d98875e63514fba,P-H06-W004::C014::C016,4.452307421031083,student_t,4.452307421031083,2.4846243496605367,4.117576599121094,-2.369119602916534,0.6637910618286895,2.61698118172313,4.452307421031083,6.287633660339036,8.240823780233477,11.273734444978698,2.041542628173927,1.2410078052451614,2.2777237055539863,2.4107647928571563,inner_validation_within_outer_train
rolling_origin_2022-07-19,rolling_origin_2022-07-19__inner_3_2022-05-17,C04_probabilistic_gru_student_t,42120,70c1908d227951b86f26ede94b4eec73b621b327a6f0e2a87d98875e63514fba,P-H06-W005::C014::C016,4.726747277971594,student_t,4.726747277971594,2.700797174227139,4.041923522949219,-2.7412935194497585,0.5941555258317024,2.728262272536486,4.726747277971594,6.725232283406702,8.859339030111485,12.194788075392943,2.2276393185328276,1.354424305840869,2.3659089529974393,2.499107959438766,inner_validation_within_outer_train
rolling_origin_2022-07-19,rolling_origin_2022-07-19__inner_3_2022-05-17,C04_probabilistic_gru_student_t,42120,70c1908d227951b86f26ede94b4eec73b621b327a6f0e2a87d98875e63514fba,P-H06-W006::C014::C016,4.258851519640711,student_t,4.258851519640711,2.4226781955121783,4.132319450378418,-2.3834836620385174,0.5672528504606387,2.469877015877703,4.258851519640711,6.047826023403719,7.950450188820784,10.901186701319936,2.389055147446874,1.4424646142311608,2.4060720111096017,1.8697963721938369,inner_validation_within_outer_train
rolling_origin_2022-07-19,rolling_origin_2022-07-19__inner_3_2022-05-17,C04_probabilistic_gru_student_t,42120,70c1908d227951b86f26ede94b4eec73b621b327a6f0e2a87d98875e63514fba,P-H06-W007::C014::C016,6.408316747333771,student_t,6.408316747333771,2.8166913648300107,4.051326751708984,-1.3731525700535787,2.1003008728082744,4.324533198179129,6.408316747333771,8.492100296488413,10.71633262185927,14.189786064721119,5.372710470866933,3.6718302537647487,3.6341647932901915,1.035606276466838,inner_validation_within_outer_train
rolling_origin_2022-07-19,rolling_origin_2022-07-19__inner_3_2022-05-17,C04_probabilistic_gru_student_t,42120,70c1908d227951b86f26ede94b4eec73b621b327a6f0e2a87d98875e63514fba,P-H07-W001::C014::C016,36.378573788019686,student_t,36.378573788019686,4.222723608548999,3.6390786170959473,24.18127947279993,29.77805784852884,33.22088169855415,36.378573788019686,39.53626587748522,42.979089727510534,48.57586810323944,4.370604703561945,2.6486691853689552,3.0258307161241706,40.74917849158163,inner_validation_within_outer_train
rolling_origin_2022-07-19,rolling_origin_2022-07-19__inner_3_2022-05-17,C04_probabilistic_gru_student_t,42120,70c1908d227951b86f26ede94b4eec73b621b327a6f0e2a87d98875e63514fba,P-H07-W002::C014::C016,33.932576043898635,student_t,33.932576043898635,3.2298058592872017,3.958016872406006,24.927559881521745,28.970446443523983,31.537834112571275,33.932576043898635,36.327317975225995,38.89470564427329,42.937592206275525,5.382210537478869,3.5444661830193644,3.4716625016417533,39.314786581377504,inner_validation_within_outer_train
rolling_origin_2022-07-19,rolling_origin_2022-07-19__inner_3_2022-05-17,C04_probabilistic_gru_student_t,42120,70c1908d227951b86f26ede94b4eec73b621b327a6f0e2a87d98875e63514fba,P-H07-W003::C014::C016,6.856782588150377,student_t,6.856782588150377,2.5293200223617327,4.153523921966553,-0.06454192191568442,3.006348045607002,4.9899440865519855,6.856782588150377,8.723621089748768,10.707217130693753,13.778107098216438,1.1991754400636,0.870185053569059,2.0423388499388944,5.657607148086777,inner_validation_within_outer_train
rolling_origin_2022-07-19,rolling_origin_2022-07-19__inner_3_2022-05-17,C04_probabilistic_gru_student_t,42120,70c1908d227951b86f26ede94b4eec73b621b327a6f0e2a87d98875e63514fba,P-H07-W004::C014::C016,35.53843325513476,student_t,35.53843325513476,4.200977779395153,3.6505675315856934,23.420866653728375,28.976358384310576,32.39804765327237,35.53843325513476,38.678818856997154,42.10050812595895,47.65599985654114,0.7303479038592826,1.1646880535389377,2.4411188238955157,34.80808535127548,inner_validation_within_outer_train
rolling_origin_2022-07-19,rolling_origin_2022-07-19__inner_3_2022-05-17,C04_probabilistic_gru_student_t,42120,70c1908d227951b86f26ede94b4eec73b621b327a6f0e2a87d98875e63514fba,P-H07-W005::C014::C016,6.072612186753371,student_t,6.072612186753371,2.6678838410953407,4.122272491455078,-1.2487713398103795,2.005531044247415,4.102125815740598,6.072612186753371,8.043098557766145,10.139693329259329,13.393995713317121,1.4522710712568276,0.9866187723750245,2.138097321622892,7.524883258010199,inner_validation_within_outer_train
rolling_origin_2022-07-19,rolling_origin_2022-07-19__inner_3_2022-05-17,C04_probabilistic_gru_student_t,42120,70c1908d227951b86f26ede94b4eec73b621b327a6f0e2a87d98875e63514fba,P-H07-W006::C014::C016,24.408010447558716,student_t,24.408010447558716,4.169072170762154,3.7709176540374756,12.550141391152453,17.94013247736929,21.301935309713826,24.408010447558716,27.514085585403606,30.875888417748143,36.265879503964975,1.4845150386939068,1.29867276637423,2.4910956352800246,22.92349540886481,inner_validation_within_outer_train
rolling_origin_2022-07-19,rolling_origin_2022-07-19__inner_3_2022-05-17,C04_probabilistic_gru_student_t,42120,70c1908d227951b86f26ede94b4eec73b621b327a6f0e2a87d98875e63514fba,P-V01-W001::C014::C016,28.879434434611483,student_t,28.879434434611483,3.8145645838587567,3.682141065597534,17.918010822188457,22.93190217474416,26.030482589162155,28.879434434611483,31.72838628006081,34.826966694478806,39.8408580470345,4.958976644470127,3.085767987066605,3.209197713244914,33.83841107908161,inner_validation_within_outer_train
rolling_origin_2022-07-19,rolling_origin_2022-07-19__inner_3_2022-05-17,C04_probabilistic_gru_student_t,42120,70c1908d227951b86f26ede94b4eec73b621b327a6f0e2a87d98875e63514fba,P-V01-W002::C014::C016,31.04003115404197,student_t,31.04003115404197,4.06618009913735,3.610158681869507,19.25307656013559,24.673220679610306,27.996822733708946,31.04003115404197,34.08323957437499,37.406841628473636,42.82698574794834,0.9986748414937239,1.1739272096156148,2.42827093114216,32.03870599553569,inner_validation_within_outer_train
rolling_origin_2022-07-19,rolling_origin_2022-07-19__inner_3_2022-05-17,C04_probabilistic_gru_student_t,42120,70c1908d227951b86f26ede94b4eec73b621b327a6f0e2a87d98875e63514fba,P-V01-W003::C014::C016,21.479801693100832,student_t,21.479801693100832,3.2999821241466902,3.8296914100646973,12.15463372758179,16.376430548062118,19.025063994315897,21.479801693100832,23.934539391885767,26.583172838139546,30.804969658619868,2.6810230078967408,1.6359106040549654,2.5614320896757365,18.79877868520409,inner_validation_within_outer_train
rolling_origin_2022-07-19,rolling_origin_2022-07-19__inner_3_2022-05-17,C04_probabilistic_gru_student_t,42120,70c1908d227951b86f26ede94b4eec73b621b327a6f0e2a87d98875e63514fba,P-V01-W004::C014::C016,21.974353310014678,student_t,21.974353310014678,3.120997888442145,3.9169838428497314,13.236162907222825,17.16954688619844,19.65793616530002,21.974353310014678,24.290770454729337,26.779159733830916,30.71254371280653,1.1291098119241383,0.9731242601822263,2.201075109817694,23.103463121938816,inner_validation_within_outer_train
rolling_origin_2022-07-19,rolling_origin_2022-07-19__inner_3_2022-05-17,C04_probabilistic_gru_student_t,42120,70c1908d227951b86f26ede94b4eec73b621b327a6f0e2a87d98875e63514fba,P-V01-W005::C014::C016,29.299029277655432,student_t,29.299029277655432,2.7426467980140883,4.023362636566162,21.70162774100244,25.098701127765253,27.26868910679598,29.299029277655432,31.329369448514885,33.49935742754561,36.896430814308424,2.079350374130211,1.279313384151941,2.3248058877312054,31.378379651785643,inner_validation_within_outer_train
rolling_origin_2022-07-19,rolling_origin_2022-07-19__inner_3_2022-05-17,C04_probabilistic_gru_student_t,42120,70c1908d227951b86f26ede94b4eec73b621b327a6f0e2a87d98875e63514fba,P-V01-W007::C014::C016,35.02512497958958,student_t,35.02512497958958,3.483302357257572,3.8391494750976562,25.19200976514407,29.640947053318833,32.43466203141746,35.02512497958958,37.615587927761695,40.40930290586032,44.858240194035076,2.943997488777704,1.788811309464063,2.644224900733612,37.96912246836728,inner_validation_within_outer_train
rolling_origin_2022-07-19,rolling_origin_2022-07-19__inner_3_2022-05-17,C04_probabilistic_gru_student_t,42120,70c1908d227951b86f26ede94b4eec73b621b327a6f0e2a87d98875e63514fba,P-V02-W001::C014::C016,34.02210092825301,student_t,34.02210092825301,3.25391520424406,3.884570598602295,24.880920081430627,29.004379448191628,31.605056707459813,34.02210092825301,36.43914514904621,39.03982240831439,43.16328177507539,0.8836144435582298,0.9471437068235542,2.208419706505039,34.90571537181124,inner_validation_within_outer_train
rolling_origin_2022-07-19,rolling_origin_2022-07-19__inner_3_2022-05-17,C04_probabilistic_gru_student_t,42120,70c1908d227951b86f26ede94b4eec73b621b327a6f0e2a87d98875e63514fba,P-V02-W003::C014::C016,7.025664849431376,student_t,7.025664849431376,2.6453828368032837,4.102867126464844,-0.2470380176745346,2.989320540036444,5.070938759569751,7.025664849431376,8.980390939293,11.062009158826308,14.298367716537284,2.340291595313529,1.414722955083526,2.3975691521158318,9.365956444744905,inner_validation_within_outer_train
rolling_origin_2022-07-19,rolling_origin_2022-07-19__inner_3_2022-05-17,C04_probabilistic_gru_student_t,42120,70c1908d227951b86f26ede94b4eec73b621b327a6f0e2a87d98875e63514fba,P-V02-W004::C014::C016,16.964349573547835,student_t,16.964349573547835,3.1380664539790177,3.91548752784729,8.17701145799351,12.132900378285449,14.63517687160677,16.964349573547835,19.2935222754889,21.795798768810222,25.75168768910216,0.13779847260013867,0.8290530277314755,2.1269565240598607,17.102148046147974,inner_validation_within_outer_train
rolling_origin_2022-07-19,rolling_origin_2022-07-19__inner_3_2022-05-17,C04_probabilistic_gru_student_t,42120,70c1908d227951b86f26ede94b4eec73b621b327a6f0e2a87d98875e63514fba,P-V02-W005::C014::C016,41.253518948683634,student_t,41.253518948683634,4.0757052594766146,3.7013838291168213,29.568247299733677,34.90584132614569,38.211183709924754,41.253518948683634,44.295854187442515,47.60119657122158,52.93879059763359,3.427933216112237,2.086436848859892,2.8018755732649883,44.68145216479587,inner_validation_within_outer_train
rolling_origin_2022-07-19,rolling_origin_2022-07-19__inner_3_2022-05-17,C04_probabilistic_gru_student_t,42120,70c1908d227951b86f26ede94b4eec73b621b327a6f0e2a87d98875e63514fba,P-V02-W006::C014::C016,24.334163407109276,student_t,24.334163407109276,2.991280561600835,3.9476022720336914,15.985380890290086,19.736120376512783,22.115709070979538,24.334163407109276,26.552617743239015,28.932206437705773,32.682945923928465,5.89928179148766,4.0638118212758885,3.7737449586932232,30.233445198596936,inner_validation_within_outer_train
rolling_origin_2022-07-19,rolling_origin_2022-07-19__inner_3_2022-05-17,C04_probabilistic_gru_student_t,42120,70c1908d227951b86f26ede94b4eec73b621b327a6f0e2a87d98875e63514fba,P-V02-W007::C014::C016,21.103339313313164,student_t,21.103339313313164,3.094681750480094,3.913168430328369,12.43540888697987,16.33812698119919,18.806234699404154,21.103339313313164,23.400443927222174,25.86855164542714,29.771269739646456,3.4997270065848163,2.1347906821165705,2.806545716133094,24.60306631989798,inner_validation_within_outer_train
rolling_origin_2022-07-19,rolling_origin_2022-07-19__inner_3_2022-05-17,C04_probabilistic_gru_student_t,42120,70c1908d227951b86f26ede94b4eec73b621b327a6f0e2a87d98875e63514fba,P-V03-W001::C014::C016,24.861755404630074,student_t,24.861755404630074,3.0830283130935183,3.9011855125427246,16.215706975419764,20.111595369588063,22.572611369986163,24.861755404630074,27.150899439273985,29.61191543967209,33.507803833840384,1.4316052286096657,1.0561752899972598,2.2401144943231284,23.43015017602041,inner_validation_within_outer_train
rolling_origin_2022-07-19,rolling_origin_2022-07-19__inner_3_2022-05-17,C04_probabilistic_gru_student_t,42120,70c1908d227951b86f26ede94b4eec73b621b327a6f0e2a87d98875e63514fba,P-V03-W002::C014::C016,32.523257721871516,student_t,32.523257721871516,3.5969894457373064,3.73214054107666,22.24728406933078,26.930892736585584,29.840560516523666,32.523257721871516,35.205954927219366,38.11562270715745,42.79923137441225,1.9114882736642471,1.322313684103975,2.4378614048499263,34.43474599553576,inner_validation_within_outer_train
rolling_origin_2022-07-19,rolling_origin_2022-07-19__inner_3_2022-05-17,C04_probabilistic_gru_student_t,42120,70c1908d227951b86f26ede94b4eec73b621b327a6f0e2a87d98875e63514fba,P-V03-W003::C014::C016,35.3670848508932,student_t,35.3670848508932,2.9477434629553136,3.8659210205078125,27.069668113731908,30.817110803913927,33.17642425753492,35.3670848508932,37.55774544425148,39.91705889787247,43.66450158805449,0.8664885100764437,0.8723566417689058,2.117753876619683,36.23357336096964,inner_validation_within_outer_train
rolling_origin_2022-07-19,rolling_origin_2022-07-19__inner_3_2022-05-17,C04_probabilistic_gru_student_t,42120,70c1908d227951b86f26ede94b4eec73b621b327a6f0e2a87d98875e63514fba,P-V03-W004::C014::C016,23.28940101444575,student_t,23.28940101444575,2.2526055210272307,4.102668762207031,17.096409515685934,19.85232797672475,21.62489839581173,23.28940101444575,24.953903633079772,26.72647405216675,29.482392513205568,4.354511171333591,2.988176569571642,3.44349419175964,18.93488984311216,inner_validation_within_outer_train
rolling_origin_2022-07-19,rolling_origin_2022-07-19__inner_3_2022-05-17,C04_probabilistic_gru_student_t,42120,70c1908d227951b86f26ede94b4eec73b621b327a6f0e2a87d98875e63514fba,P-V03-W005::C014::C016,30.654266333393988,student_t,30.654266333393988,3.5570467705494657,3.7532310485839844,20.51689214150405,25.13049890520451,28.002894092036822,30.654266333393988,33.30563857475115,36.178033761583464,40.79164052528392,2.5910743442845323,1.611458655489289,2.5680171998731938,33.24534067767852,inner_validation_within_outer_train
rolling_origin_2022-07-19,rolling_origin_2022-07-19__inner_3_2022-05-17,C04_probabilistic_gru_student_t,42120,70c1908d227951b86f26ede94b4eec73b621b327a6f0e2a87d98875e63514fba,P-V03-W006::C014::C016,33.28569898648368,student_t,33.28569898648368,3.674369086055544,3.7297909259796143,22.785823126734094,27.572275914775336,30.54511286057882,33.28569898648368,36.02628511238854,38.99912205819203,43.78557484623326,1.4858914621214154,1.1950516074727966,2.3880839059175933,31.799807524362265,inner_validation_within_outer_train
rolling_origin_2022-07-19,rolling_origin_2022-07-19__inner_3_2022-05-17,C04_probabilistic_gru_student_t,42120,70c1908d227951b86f26ede94b4eec73b621b327a6f0e2a87d98875e63514fba,P-V03-W007::C014::C016,5.195263745134863,student_t,5.195263745134863,2.684238035062666,3.9860525131225586,-2.2676714611433706,1.076988025154547,3.206389435820353,5.195263745134863,7.184138054449373,9.31353946511518,12.658198951413093,4.986592134037942,3.380810979638768,3.5233274620370074,0.2086716110969202,inner_validation_within_outer_train
rolling_origin_2022-07-19,rolling_origin_2022-07-19__inner_3_2022-05-17,C04_probabilistic_gru_student_t,42120,70c1908d227951b86f26ede94b4eec73b621b327a6f0e2a87d98875e63514fba,P-V04-W001::C014::C016,3.5632990505491655,student_t,3.5632990505491655,2.459575749829567,4.111363410949707,-3.193243665522272,-0.1880837247087448,1.7462201295140873,3.5632990505491655,5.3803779715842435,7.314681825807076,10.3198417666206,0.26756761896613757,0.6548156809271951,1.8865174654310952,3.830866669515303,inner_validation_within_outer_train
rolling_origin_2022-07-19,rolling_origin_2022-07-19__inner_3_2022-05-17,C04_probabilistic_gru_student_t,42120,70c1908d227951b86f26ede94b4eec73b621b327a6f0e2a87d98875e63514fba,P-V04-W003::C014::C016,2.723623431052644,student_t,2.723623431052644,2.321000648290988,4.19862174987793,-3.6020434089761055,-0.8026673339074066,1.012236162028993,2.723623431052644,4.435010700076296,6.249914196012695,9.049290271081393,0.9806106907585366,0.7591783096946253,1.9281740799395046,3.7042341218111807,inner_validation_within_outer_train
rolling_origin_2022-07-19,rolling_origin_2022-07-19__inner_3_2022-05-17,C04_probabilistic_gru_student_t,42120,70c1908d227951b86f26ede94b4eec73b621b327a6f0e2a87d98875e63514fba,P-V04-W004::C014::C016,4.030532060007214,student_t,4.030532060007214,2.417187178906527,4.118592262268066,-2.605126386184363,0.34501280816991864,2.2450608305164876,4.030532060007214,5.8160032894979405,7.71605131184451,10.66619050619879,0.9458085262061635,0.7696138535574094,1.9550964722714403,3.084723533801051,inner_validation_within_outer_train
rolling_origin_2022-07-19,rolling_origin_2022-07-19__inner_3_2022-05-17,C04_probabilistic_gru_student_t,42120,70c1908d227951b86f26ede94b4eec73b621b327a6f0e2a87d98875e63514fba,P-V04-W006::C014::C016,2.9579397788078303,student_t,2.9579397788078303,2.456576223855917,4.102595329284668,-3.7958658152478684,-0.7903686598654276,1.1427154295199162,2.9579397788078303,4.773164128095744,6.70624821748109,9.711745372863527,0.5820187178384524,0.6948318137480276,1.9127484195244144,2.375921060969378,inner_validation_within_outer_train
rolling_origin_2022-07-19,rolling_origin_2022-07-19__inner_3_2022-05-17,C04_probabilistic_gru_student_t,42120,70c1908d227951b86f26ede94b4eec73b621b327a6f0e2a87d98875e63514fba,P-V04-W007::C014::C016,38.471723908598854,student_t,38.471723908598854,4.119397535330234,3.614471912384033,26.536882794076327,32.023259230031755,35.38907878902023,38.471723908598854,41.554369028177476,44.92018858716595,50.40656502312138,1.0054804355120126,1.1879648293346972,2.440716855427036,37.46624347308684,inner_validation_within_outer_train
rolling_origin_2022-07-19,rolling_origin_2022-07-19__inner_3_2022-05-17,C04_probabilistic_gru_student_t,42120,70c1908d227951b86f26ede94b4eec73b621b327a6f0e2a87d98875e63514fba,P-V05-W001::C014::C016,23.42043178343289,student_t,23.42043178343289,2.5488003261009466,4.134428024291992,16.433653711873315,19.53702116492259,21.538414063748412,23.42043178343289,25.302449503117366,27.303842401943193,30.40720985499246,2.0252480239648563,1.2359204006939122,2.2793181799422713,25.445679807397745,inner_validation_within_outer_train
rolling_origin_2022-07-19,rolling_origin_2022-07-19__inner_3_2022-05-17,C04_probabilistic_gru_student_t,42120,70c1908d227951b86f26ede94b4eec73b621b327a6f0e2a87d98875e63514fba,P-V05-W002::C014::C016,27.273894842063246,student_t,27.273894842063246,2.1690130737031286,4.180905818939209,21.353135895921437,23.975962737972736,25.673957518131353,27.273894842063246,28.87383216599514,30.571826946153756,33.19465378820505,0.33986414563446843,0.5866592367707999,1.767637865508723,26.934030696428778,inner_validation_within_outer_train
rolling_origin_2022-07-19,rolling_origin_2022-07-19__inner_3_2022-05-17,C04_probabilistic_gru_student_t,42120,70c1908d227951b86f26ede94b4eec73b621b327a6f0e2a87d98875e63514fba,P-V05-W003::C014::C016,33.26618158859114,student_t,33.26618158859114,2.657700877770356,3.939765453338623,25.842514972735785,29.179304980611587,31.294742340212792,33.26618158859114,35.237620836969484,37.353058196570686,40.68984820444649,1.5119429151218569,1.011419681207353,2.1542074155705597,31.75423867346928,inner_validation_within_outer_train
rolling_origin_2022-07-19,rolling_origin_2022-07-19__inner_3_2022-05-17,C04_probabilistic_gru_student_t,42120,70c1908d227951b86f26ede94b4eec73b621b327a6f0e2a87d98875e63514fba,P-V05-W004::C014::C016,34.07967661834423,student_t,34.07967661834423,2.6459120467241255,3.9834041595458984,26.721360835018686,30.019678482609365,32.119074379363454,34.07967661834423,36.040278857325006,38.139674754079095,41.437992401669774,0.5395476482373525,0.7366454707559758,1.9799739141752397,34.61922426658158,inner_validation_within_outer_train
rolling_origin_2022-07-19,rolling_origin_2022-07-19__inner_3_2022-05-17,C04_probabilistic_gru_student_t,42120,70c1908d227951b86f26ede94b4eec73b621b327a6f0e2a87d98875e63514fba,P-V05-W006::C014::C016,24.825947181948813,student_t,24.825947181948813,2.316807772492916,4.06978702545166,18.436725724017514,21.285542651241027,23.112711897543182,24.825947181948813,26.539182466354443,28.366351712656602,31.21516863988011,1.374459697255098,0.9029057863541875,2.03022784465206,23.451487484693715,inner_validation_within_outer_train
rolling_origin_2022-07-19,rolling_origin_2022-07-19__inner_3_2022-05-17,C04_probabilistic_gru_student_t,42120,70c1908d227951b86f26ede94b4eec73b621b327a6f0e2a87d98875e63514fba,P-V05-W007::C014::C016,34.4611498000109,student_t,34.4611498000109,2.295617737403132,4.114762306213379,28.156991253405682,30.960380018029568,32.765329856036985,34.4611498000109,36.15696974398482,37.961919581992234,40.765308346616116,5.142053375265874,3.677129386891746,3.8489196386130278,29.319096424745027,inner_validation_within_outer_train
rolling_origin_2022-07-19,rolling_origin_2022-07-19__inner_3_2022-05-17,C04_probabilistic_gru_student_t,42120,70c1908d227951b86f26ede94b4eec73b621b327a6f0e2a87d98875e63514fba,P-V06-W001::C014::C016,0.7286256766565309,student_t,0.7286256766565309,2.1913332439977014,4.210018157958984,-5.237642286546905,-2.5990140652333595,-0.886752836128655,0.7286256766565309,2.3440041894417165,4.056265418546422,6.694893639859965,0.6850413411976024,0.651869127617829,1.8220843208519903,0.0435843354589285,inner_validation_within_outer_train
rolling_origin_2022-07-19,rolling_origin_2022-07-19__inner_3_2022-05-17,C04_probabilistic_gru_student_t,42120,70c1908d227951b86f26ede94b4eec73b621b327a6f0e2a87d98875e63514fba,P-V06-W002::C014::C016,26.54490693963178,student_t,26.54490693963178,3.43668798947538,3.7276816368103027,16.721838388892046,21.200430321164774,23.981449492938385,26.54490693963178,29.108364386325174,31.88938355809879,36.36797549037151,2.7229432119532184,1.6688237096182381,2.5876760657895668,23.82196372767856,inner_validation_within_outer_train
rolling_origin_2022-07-19,rolling_origin_2022-07-19__inner_3_2022-05-17,C04_probabilistic_gru_student_t,42120,70c1908d227951b86f26ede94b4eec73b621b327a6f0e2a87d98875e63514fba,P-V06-W003::C014::C016,29.029992647824358,student_t,29.029992647824358,4.452458519249981,3.6111576557159424,16.124901410635818,22.05876816442798,25.697784224782726,29.029992647824358,32.36220107086599,36.001217131220734,41.935083885012894,0.4742756502623813,1.204785860801176,2.4880405793471336,29.50426829808674,inner_validation_within_outer_train
rolling_origin_2022-07-19,rolling_origin_2022-07-19__inner_3_2022-05-17,C04_probabilistic_gru_student_t,42120,70c1908d227951b86f26ede94b4eec73b621b327a6f0e2a87d98875e63514fba,P-V06-W004::C014::C016,24.550774097244144,student_t,24.550774097244144,2.8877235772775895,3.9029085636138916,16.45389250049543,20.101919500749084,22.406736666174773,24.550774097244144,26.694811528313515,28.999628693739204,32.64765569399285,2.986285327983939,1.8079551623781889,2.636470958411726,21.564488769260205,inner_validation_within_outer_train
rolling_origin_2022-07-19,rolling_origin_2022-07-19__inner_3_2022-05-17,C04_probabilistic_gru_student_t,42120,70c1908d227951b86f26ede94b4eec73b621b327a6f0e2a87d98875e63514fba,P-V06-W005::C014::C016,37.36111135670796,student_t,37.36111135670796,3.6029232737983348,3.9195005893707275,27.27624399820413,31.815081216558006,34.68717546746523,37.36111135670796,40.035047245950686,42.90714149685791,47.44597871521179,4.213101102603325,2.5805305889795105,2.9999433793709174,41.57421245931128,inner_validation_within_outer_train
rolling_origin_2022-07-19,rolling_origin_2022-07-19__inner_3_2022-05-17,C04_probabilistic_gru_student_t,42120,70c1908d227951b86f26ede94b4eec73b621b327a6f0e2a87d98875e63514fba,P-V06-W006::C014::C016,21.30316057141497,student_t,21.30316057141497,2.753105185427548,3.9313745498657227,13.60640446203075,17.06779829368575,19.26052744632974,21.30316057141497,23.345793696500202,25.53852284914419,28.999916680799192,6.405467122818049,4.617885949149731,4.129433682255674,14.897693448596922,inner_validation_within_outer_train
rolling_origin_2022-07-19,rolling_origin_2022-07-19__inner_3_2022-05-17,C04_probabilistic_gru_student_t,42120,70c1908d227951b86f26ede94b4eec73b621b327a6f0e2a87d98875e63514fba,P-V06-W007::C014::C016,20.24604087980543,student_t,20.24604087980543,2.608779871886924,3.993844985961914,12.998502352085048,16.245051414269827,18.3134397490216,20.24604087980543,22.17864201058926,24.247030345341038,27.49357940752581,3.7096331801881206,2.352423873347689,2.9626622365316035,16.53640769961731,inner_validation_within_outer_train
rolling_origin_2022-07-19,rolling_origin_2022-07-19__inner_3_2022-05-17,C04_probabilistic_gru_student_t,42120,70c1908d227951b86f26ede94b4eec73b621b327a6f0e2a87d98875e63514fba,P-D01-W002::C015::C016,34.75816515866807,student_t,34.75816515866807,2.8664166956048156,3.969849109649658,26.775821797703188,30.356897057471436,32.633472164224365,34.75816515866807,36.882858153111776,39.159433259864706,42.740508519632954,10.395494674773438,8.368755396134551,5.6664740976204016,45.15365983344151,inner_validation_within_outer_train
rolling_origin_2022-07-19,rolling_origin_2022-07-19__inner_3_2022-05-17,C04_probabilistic_gru_student_t,42120,70c1908d227951b86f26ede94b4eec73b621b327a6f0e2a87d98875e63514fba,P-D01-W003::C015::C016,0.9209489698985571,student_t,0.9209489698985571,2.180538227142771,4.234654426574707,-5.003157622673881,-2.386788728842603,-0.6856220586949526,0.9209489698985571,2.5275199984920667,4.2286866686397175,6.845055562470995,4.338007396846676,3.004824299715834,3.4842333058535804,-3.4170584269481186,inner_validation_within_outer_train
rolling_origin_2022-07-19,rolling_origin_2022-07-19__inner_3_2022-05-17,C04_probabilistic_gru_student_t,42120,70c1908d227951b86f26ede94b4eec73b621b327a6f0e2a87d98875e63514fba,P-D01-W004::C015::C016,-0.7603311650676474,student_t,-0.7603311650676474,2.1352043804453262,4.2587385177612305,-6.549230787676034,-3.9959854611691976,-2.3326977019568385,-0.7603311650676474,0.8120353718215436,2.4753231310339032,5.028568457540739,1.122540577405428,0.7727527390800156,1.9010322278539222,0.3622094123377806,inner_validation_within_outer_train
rolling_origin_2022-07-19,rolling_origin_2022-07-19__inner_3_2022-05-17,C04_probabilistic_gru_student_t,42120,70c1908d227951b86f26ede94b4eec73b621b327a6f0e2a87d98875e63514fba,P-D01-W005::C015::C016,30.489244646120813,student_t,30.489244646120813,2.814128158834905,3.945363998413086,22.633115060489885,26.1630295950811,28.402058611836484,30.489244646120813,32.576430680405146,34.81545969716053,38.345374231751734,8.586787531151781,6.643223971973635,5.012965743801273,39.076032177272594,inner_validation_within_outer_train
rolling_origin_2022-07-19,rolling_origin_2022-07-19__inner_3_2022-05-17,C04_probabilistic_gru_student_t,42120,70c1908d227951b86f26ede94b4eec73b621b327a6f0e2a87d98875e63514fba,P-D01-W006::C015::C016,30.192041961989325,student_t,30.192041961989325,3.7751783209708667,3.5875656604766846,19.217705077801227,24.27277620050738,27.364726751837953,30.192041961989325,33.0193571721407,36.11130772347127,41.16637884617742,31.004799577621036,27.919472029332436,9.16487103415124,61.19684153961036,inner_validation_within_outer_train
rolling_origin_2022-07-19,rolling_origin_2022-07-19__inner_3_2022-05-17,C04_probabilistic_gru_student_t,42120,70c1908d227951b86f26ede94b4eec73b621b327a6f0e2a87d98875e63514fba,P-D01-W007::C015::C016,14.3423320348092,student_t,14.3423320348092,2.3223072898420387,4.185197830200195,8.00555312953325,10.811985162325934,12.629480549243924,14.3423320348092,16.055183520374474,17.872678907292467,20.67911094008515,7.63041683629471,6.028142724658833,5.1268657106663555,21.97274887110391,inner_validation_within_outer_train
rolling_origin_2022-07-19,rolling_origin_2022-07-19__inner_3_2022-05-17,C04_probabilistic_gru_student_t,42120,70c1908d227951b86f26ede94b4eec73b621b327a6f0e2a87d98875e63514fba,P-H04-W001::C015::C016,28.421230605750882,student_t,28.421230605750882,2.564523301225772,4.108209609985352,21.374330649921042,24.509217641254324,26.526483297223884,28.421230605750882,30.31597791427788,32.33324357024744,35.46813056158072,1.0355590718465315,0.8260202089321862,2.0204137641690965,29.456789677597413,inner_validation_within_outer_train
rolling_origin_2022-07-19,rolling_origin_2022-07-19__inner_3_2022-05-17,C04_probabilistic_gru_student_t,42120,70c1908d227951b86f26ede94b4eec73b621b327a6f0e2a87d98875e63514fba,P-H04-W002::C015::C016,30.84553182503022,student_t,30.84553182503022,2.384322377292002,4.184561729431152,24.33916608356472,27.22080912959494,29.0869157607276,30.84553182503022,32.60414788933284,34.4702545204655,37.35189756649572,5.628484492826864,4.086768155318875,4.041669261773847,36.474016317857085,inner_validation_within_outer_train
rolling_origin_2022-07-19,rolling_origin_2022-07-19__inner_3_2022-05-17,C04_probabilistic_gru_student_t,42120,70c1908d227951b86f26ede94b4eec73b621b327a6f0e2a87d98875e63514fba,P-H04-W003::C015::C016,39.11000300494882,student_t,39.11000300494882,2.7344288974617625,4.006837844848633,31.523118163612477,34.91894199297853,37.08495077770155,39.11000300494882,41.135055232196095,43.30106401691911,46.696887846285165,1.3996373197266294,0.9799214569607463,2.145211638000511,40.50964032467545,inner_validation_within_outer_train
rolling_origin_2022-07-19,rolling_origin_2022-07-19__inner_3_2022-05-17,C04_probabilistic_gru_student_t,42120,70c1908d227951b86f26ede94b4eec73b621b327a6f0e2a87d98875e63514fba,P-H04-W004::C015::C016,24.894003825063432,student_t,24.894003825063432,2.8056907845420436,4.025197505950928,17.12335129201195,20.59750068851188,22.81708334697115,24.894003825063432,26.970924303155716,29.190506961614986,32.66465635811491,2.411738793569853,1.4610881217414482,2.4355531253810927,22.48226503149358,inner_validation_within_outer_train
rolling_origin_2022-07-19,rolling_origin_2022-07-19__inner_3_2022-05-17,C04_probabilistic_gru_student_t,42120,70c1908d227951b86f26ede94b4eec73b621b327a6f0e2a87d98875e63514fba,P-H04-W005::C015::C016,34.74713026628827,student_t,34.74713026628827,2.849496197563319,4.013950347900391,26.8464925998557,30.381198022406707,32.63721972623034,34.74713026628827,36.857040806346205,39.11306251016984,42.647767932720846,2.223233289231075,1.3614872166441399,2.3817492521817014,36.97036355551935,inner_validation_within_outer_train
rolling_origin_2022-07-19,rolling_origin_2022-07-19__inner_3_2022-05-17,C04_probabilistic_gru_student_t,42120,70c1908d227951b86f26ede94b4eec73b621b327a6f0e2a87d98875e63514fba,P-H04-W006::C015::C016,30.867689708403976,student_t,30.867689708403976,2.768464637849739,4.0552167892456055,23.22230043591863,26.63420830462296,28.819770052658328,30.867689708403976,32.915609364149624,35.10117111218499,38.51307898088932,17.148084304258386,15.053745626306023,7.932256094892788,48.01577401266236,inner_validation_within_outer_train
rolling_origin_2022-07-19,rolling_origin_2022-07-19__inner_3_2022-05-17,C04_probabilistic_gru_student_t,42120,70c1908d227951b86f26ede94b4eec73b621b327a6f0e2a87d98875e63514fba,P-H04-W007::C015::C016,32.775251288396134,student_t,32.775251288396134,2.5520290630303823,4.12202262878418,25.771642773683915,28.88474203088119,30.89032409230699,32.775251288396134,34.66017848448528,36.665760545911084,39.77885980310835,3.077328205110369,1.8932956499946691,2.68969972303433,35.852579493506504,inner_validation_within_outer_train
rolling_origin_2022-07-19,rolling_origin_2022-07-19__inner_3_2022-05-17,C04_probabilistic_gru_student_t,42121,70c1908d227951b86f26ede94b4eec73b621b327a6f0e2a87d98875e63514fba,P-H01-W001::C014::C016,24.60637328719876,student_t,24.60637328719876,4.092715401721993,3.412158489227295,12.427874734410853,18.116265977447462,21.524271996578328,24.60637328719876,27.688474577819193,31.09648059695006,36.784871839986664,1.4740408798007998,1.2936830432950424,2.4827654878937437,23.13233240739796,inner_validation_within_outer_train
rolling_origin_2022-07-19,rolling_origin_2022-07-19__inner_3_2022-05-17,C04_probabilistic_gru_student_t,42121,70c1908d227951b86f26ede94b4eec73b621b327a6f0e2a87d98875e63514fba,P-H01-W002::C014::C016,47.26186978198801,student_t,47.26186978198801,9.459561802044357,2.773890495300293,15.720328021423121,31.422348052458,39.94952922634321,47.26186978198801,54.57421033763281,63.10139151151803,78.80341154255288,53.68592354084359,45.88366355623308,8.037041302362383,100.9477933228316,inner_validation_within_outer_train
rolling_origin_2022-07-19,rolling_origin_2022-07-19__inner_3_2022-05-17,C04_probabilistic_gru_student_t,42121,70c1908d227951b86f26ede94b4eec73b621b327a6f0e2a87d98875e63514fba,P-H01-W003::C014::C016,51.817292706461785,student_t,51.817292706461785,10.545954344754296,2.6952743530273438,16.003198198512635,34.00502984063685,43.63170563440929,51.817292706461785,60.00287977851428,69.62955557228672,87.63138721441092,42.35063544953317,34.01695549510116,6.956507842419375,94.16792815599496,inner_validation_within_outer_train
rolling_origin_2022-07-19,rolling_origin_2022-07-19__inner_3_2022-05-17,C04_probabilistic_gru_student_t,42121,70c1908d227951b86f26ede94b4eec73b621b327a6f0e2a87d98875e63514fba,P-H01-W004::C014::C016,24.355737366686025,student_t,24.355737366686025,3.551086049227273,3.613222599029541,14.065834258778587,18.796484515612164,21.69827566548985,24.355737366686025,27.0131990678822,29.91499021775989,34.64564047459346,0.7923076520176977,1.0114611175917532,2.2861289097340975,23.563429714668327,inner_validation_within_outer_train
rolling_origin_2022-07-19,rolling_origin_2022-07-19__inner_3_2022-05-17,C04_probabilistic_gru_student_t,42121,70c1908d227951b86f26ede94b4eec73b621b327a6f0e2a87d98875e63514fba,P-H01-W005::C014::C016,41.399043021612705,student_t,41.399043021612705,3.834543185724371,3.773073196411133,30.4952995341124,35.45085446685913,38.54236763764692,41.399043021612705,44.25571840557849,47.34723157636629,52.302786509113005,0.1701349509638419,1.018133991853503,2.329771996621786,41.56917797257655,inner_validation_within_outer_train
rolling_origin_2022-07-19,rolling_origin_2022-07-19__inner_3_2022-05-17,C04_probabilistic_gru_student_t,42121,70c1908d227951b86f26ede94b4eec73b621b327a6f0e2a87d98875e63514fba,P-H01-W006::C014::C016,25.548827532034487,student_t,25.548827532034487,3.7586624583186117,3.5307512283325195,14.54269371159067,19.634622144195404,22.729014071255364,25.548827532034487,28.36864099281361,31.46303291987357,36.5549613524783,1.0730847401593664,1.1176786532582168,2.364638891585411,26.621912272193853,inner_validation_within_outer_train
rolling_origin_2022-07-19,rolling_origin_2022-07-19__inner_3_2022-05-17,C04_probabilistic_gru_student_t,42121,70c1908d227951b86f26ede94b4eec73b621b327a6f0e2a87d98875e63514fba,P-H01-W007::C014::C016,33.274128701824154,student_t,33.274128701824154,4.642910103338562,3.3768563270568848,19.38875667594902,25.89363320753486,29.773555867752247,33.274128701824154,36.774701535896064,40.654624196113446,47.15950072769929,5.75282112623708,3.549858956327165,3.347457200606346,39.026949828061234,inner_validation_within_outer_train
rolling_origin_2022-07-19,rolling_origin_2022-07-19__inner_3_2022-05-17,C04_probabilistic_gru_student_t,42121,70c1908d227951b86f26ede94b4eec73b621b327a6f0e2a87d98875e63514fba,P-H02-W001::C014::C016,29.84297438723075,student_t,29.84297438723075,4.827150889687918,3.3041415214538574,15.250619038291608,22.129749551257376,26.194320465892133,29.84297438723075,33.49162830856937,37.556199223204125,44.43532973616989,1.293482299759134,1.4307697415377763,2.614070771742981,31.136456686989884,inner_validation_within_outer_train
rolling_origin_2022-07-19,rolling_origin_2022-07-19__inner_3_2022-05-17,C04_probabilistic_gru_student_t,42121,70c1908d227951b86f26ede94b4eec73b621b327a6f0e2a87d98875e63514fba,P-H02-W003::C014::C016,38.941254900855704,student_t,38.941254900855704,7.412912912079721,2.9242796897888184,15.000686386247256,26.715452309173095,33.252149038787444,38.941254900855704,44.630360762923964,51.16705749253832,62.88182341546414,28.377215078098395,22.70121883709776,6.525513151744853,67.3184699789541,inner_validation_within_outer_train
rolling_origin_2022-07-19,rolling_origin_2022-07-19__inner_3_2022-05-17,C04_probabilistic_gru_student_t,42121,70c1908d227951b86f26ede94b4eec73b621b327a6f0e2a87d98875e63514fba,P-H02-W004::C014::C016,23.30265166425113,student_t,23.30265166425113,4.279678280689884,3.3638663291931152,10.47948075878034,16.493381425536214,20.074516744287337,23.30265166425113,26.530786584214923,30.11192190296605,36.12582256972192,2.9240252878480817,1.8584385853059302,2.72967814497607,20.378626376403048,inner_validation_within_outer_train
rolling_origin_2022-07-19,rolling_origin_2022-07-19__inner_3_2022-05-17,C04_probabilistic_gru_student_t,42121,70c1908d227951b86f26ede94b4eec73b621b327a6f0e2a87d98875e63514fba,P-H02-W005::C014::C016,7.650926370906053,student_t,7.650926370906053,3.8396587785865277,3.4048726558685303,-3.786323446847275,1.5590827803400433,4.758694695738853,7.650926370906053,10.543158046073252,13.742769961472064,19.08817618865938,0.26263451864839826,1.0386438181188968,2.339804002730565,7.388291852257654,inner_validation_within_outer_train
rolling_origin_2022-07-19,rolling_origin_2022-07-19__inner_3_2022-05-17,C04_probabilistic_gru_student_t,42121,70c1908d227951b86f26ede94b4eec73b621b327a6f0e2a87d98875e63514fba,P-H02-W006::C014::C016,19.197293956838372,student_t,19.197293956838372,3.663560777129004,3.4947357177734375,8.418543035125463,13.419448051781167,16.445734097003513,19.197293956838372,21.948853816673232,24.975139861895578,29.976044878551274,1.2172138290323211,1.1291657304799585,2.357903107248629,17.98008012780605,inner_validation_within_outer_train
rolling_origin_2022-07-19,rolling_origin_2022-07-19__inner_3_2022-05-17,C04_probabilistic_gru_student_t,42121,70c1908d227951b86f26ede94b4eec73b621b327a6f0e2a87d98875e63514fba,P-H02-W007::C014::C016,34.984976431850754,student_t,34.984976431850754,5.279892759029645,3.2356388568878174,18.85349919096146,26.505087853069533,30.984217150608906,34.984976431850754,38.9857357130926,43.464865010631975,51.116453672740036,1.5754871863150512,1.6026012671058045,2.7164827886911262,33.4094892455357,inner_validation_within_outer_train
rolling_origin_2022-07-19,rolling_origin_2022-07-19__inner_3_2022-05-17,C04_probabilistic_gru_student_t,42121,70c1908d227951b86f26ede94b4eec73b621b327a6f0e2a87d98875e63514fba,P-H03-W001::C014::C016,41.99437265252949,student_t,41.99437265252949,4.517932481938997,3.5676088333129883,28.827644416137687,34.90182126230439,38.6087599969936,41.99437265252949,45.379985308065386,49.0869240427546,55.1611008889213,4.949416209077675,3.011031410278311,3.1584719736623352,46.94378886160717,inner_validation_within_outer_train
rolling_origin_2022-07-19,rolling_origin_2022-07-19__inner_3_2022-05-17,C04_probabilistic_gru_student_t,42121,70c1908d227951b86f26ede94b4eec73b621b327a6f0e2a87d98875e63514fba,P-H03-W003::C014::C016,38.150732743936814,student_t,38.150732743936814,4.262192405928049,3.6034066677093506,25.785207136439595,31.47428652122838,34.96018745159272,38.150732743936814,41.34127803628091,44.82717896664525,50.51625835143403,5.704568458996867,3.566843564255828,3.3661244202598595,43.85530120293368,inner_validation_within_outer_train
rolling_origin_2022-07-19,rolling_origin_2022-07-19__inner_3_2022-05-17,C04_probabilistic_gru_student_t,42121,70c1908d227951b86f26ede94b4eec73b621b327a6f0e2a87d98875e63514fba,P-H03-W004::C014::C016,36.557502382494235,student_t,36.557502382494235,3.5445627332462415,3.860149383544922,26.57399757271985,31.084666471525146,33.92291524219391,36.557502382494235,39.19208952279456,42.03033829346332,46.541007192268616,4.680381168143434,2.9217572832235947,3.1541875136641373,41.23788355063767,inner_validation_within_outer_train
rolling_origin_2022-07-19,rolling_origin_2022-07-19__inner_3_2022-05-17,C04_probabilistic_gru_student_t,42121,70c1908d227951b86f26ede94b4eec73b621b327a6f0e2a87d98875e63514fba,P-H03-W005::C014::C016,39.82688461220514,student_t,39.82688461220514,4.087544167629841,3.700580596923828,28.10656575958322,33.46047659251939,36.77564333580694,39.82688461220514,42.87812588860334,46.19329263189089,51.547203464827064,5.18080102580506,3.209643034076995,3.241060819878508,45.0076856380102,inner_validation_within_outer_train
rolling_origin_2022-07-19,rolling_origin_2022-07-19__inner_3_2022-05-17,C04_probabilistic_gru_student_t,42121,70c1908d227951b86f26ede94b4eec73b621b327a6f0e2a87d98875e63514fba,P-H03-W006::C014::C016,44.50391082659723,student_t,44.50391082659723,4.478178059579307,3.647871255874634,31.582552212697735,37.50772922851032,41.15604698711498,44.50391082659723,47.85177466607947,51.500092424684134,57.42526944049672,1.3784247799135727,1.3479095759835478,2.5454833472214125,43.125486046683655,inner_validation_within_outer_train
rolling_origin_2022-07-19,rolling_origin_2022-07-19__inner_3_2022-05-17,C04_probabilistic_gru_student_t,42121,70c1908d227951b86f26ede94b4eec73b621b327a6f0e2a87d98875e63514fba,P-H03-W007::C014::C016,24.27016053671774,student_t,24.27016053671774,3.7909408631925774,3.5196704864501953,13.153398751811748,18.300972770179186,21.425153957386684,24.27016053671774,27.115167116048795,30.239348303256296,35.38692232162373,9.126130884583247,6.602878222836677,4.521110952612016,33.39629142130099,inner_validation_within_outer_train
rolling_origin_2022-07-19,rolling_origin_2022-07-19__inner_3_2022-05-17,C04_probabilistic_gru_student_t,42121,70c1908d227951b86f26ede94b4eec73b621b327a6f0e2a87d98875e63514fba,P-H05-W001::C014::C016,36.222151143724304,student_t,36.222151143724304,3.1881259412517378,3.8433361053466797,27.226363972983087,31.295317926718482,33.85146337871044,36.222151143724304,38.592838908738166,41.148984360730125,45.21793831446552,0.12483606928624624,0.8438958991302038,2.143701842843749,36.34698721301055,inner_validation_within_outer_train
rolling_origin_2022-07-19,rolling_origin_2022-07-19__inner_3_2022-05-17,C04_probabilistic_gru_student_t,42121,70c1908d227951b86f26ede94b4eec73b621b327a6f0e2a87d98875e63514fba,P-H05-W002::C014::C016,35.288258538595095,student_t,35.288258538595095,2.9836166004049045,3.9816927909851074,26.989368098634834,30.70969021781707,33.07732811384946,35.288258538595095,37.49918896334073,39.86682685937312,43.58714897855535,0.4374887394661471,0.8083953527411674,2.0876586623648956,35.72574727806124,inner_validation_within_outer_train
rolling_origin_2022-07-19,rolling_origin_2022-07-19__inner_3_2022-05-17,C04_probabilistic_gru_student_t,42121,70c1908d227951b86f26ede94b4eec73b621b327a6f0e2a87d98875e63514fba,P-H05-W003::C014::C016,27.10398352714528,student_t,27.10398352714528,2.410179629665566,4.146162986755371,20.50426783857265,23.433712309292336,25.324788904109074,27.10398352714528,28.88317815018149,30.774254744998228,33.70369921571791,0.9726083409207043,0.7754889598795557,1.9575141631160657,26.131375186224577,inner_validation_within_outer_train
rolling_origin_2022-07-19,rolling_origin_2022-07-19__inner_3_2022-05-17,C04_probabilistic_gru_student_t,42121,70c1908d227951b86f26ede94b4eec73b621b327a6f0e2a87d98875e63514fba,P-H05-W004::C014::C016,25.39726082152795,student_t,25.39726082152795,2.4544723671262147,4.086733341217041,18.639214832910994,21.64943113753876,23.582933615007224,25.39726082152795,27.211588028048677,29.145090505517143,32.1553068101449,2.0529147129110292,1.2461147371200871,2.279329823007973,27.45017553443898,inner_validation_within_outer_train
rolling_origin_2022-07-19,rolling_origin_2022-07-19__inner_3_2022-05-17,C04_probabilistic_gru_student_t,42121,70c1908d227951b86f26ede94b4eec73b621b327a6f0e2a87d98875e63514fba,P-H05-W005::C014::C016,17.7544525665341,student_t,17.7544525665341,2.56579686715677,3.9036669731140137,10.560788700220716,13.801714014254474,15.84947126161524,17.7544525665341,19.659433871452958,21.707191118813725,24.94811643284748,0.9855064045443811,0.8157461775589016,2.0155484554868286,16.768946161989717,inner_validation_within_outer_train
rolling_origin_2022-07-19,rolling_origin_2022-07-19__inner_3_2022-05-17,C04_probabilistic_gru_student_t,42121,70c1908d227951b86f26ede94b4eec73b621b327a6f0e2a87d98875e63514fba,P-H05-W006::C014::C016,20.178998143548498,student_t,20.178998143548498,2.4224732503150297,4.044567108154297,13.482261993697591,16.472743044157617,18.386573126658938,20.178998143548498,21.971423160438057,23.885253242939378,26.8757342933994,0.7410267404874347,0.71981308526163,1.922638083083628,19.437971403061063,inner_validation_within_outer_train
rolling_origin_2022-07-19,rolling_origin_2022-07-19__inner_3_2022-05-17,C04_probabilistic_gru_student_t,42121,70c1908d227951b86f26ede94b4eec73b621b327a6f0e2a87d98875e63514fba,P-H05-W007::C014::C016,24.302387937130877,student_t,24.302387937130877,2.983756321715781,3.7996623516082764,15.843015847577039,19.680635671298877,22.081119115887905,24.302387937130877,26.52365675837385,28.924140202962878,32.76176002668471,5.216236701544172,3.4728618452348066,3.493586512559994,19.086151235586705,inner_validation_within_outer_train
rolling_origin_2022-07-19,rolling_origin_2022-07-19__inner_3_2022-05-17,C04_probabilistic_gru_student_t,42121,70c1908d227951b86f26ede94b4eec73b621b327a6f0e2a87d98875e63514fba,P-H06-W001::C014::C016,3.5880556884816315,student_t,3.5880556884816315,2.8841260626404646,3.689314365386963,-4.692649803026567,-0.9069123270980315,1.4344501145644801,3.5880556884816315,5.741661262398782,8.083023704061295,11.868761179989827,1.0614004249612297,0.9097418395518758,2.129685267966675,2.526655263520402,inner_validation_within_outer_train
rolling_origin_2022-07-19,rolling_origin_2022-07-19__inner_3_2022-05-17,C04_probabilistic_gru_student_t,42121,70c1908d227951b86f26ede94b4eec73b621b327a6f0e2a87d98875e63514fba,P-H06-W002::C014::C016,3.64530433178766,student_t,3.64530433178766,3.095054546721061,3.592580795288086,-5.346265558373906,-1.2060823362260429,1.3276962385902236,3.64530433178766,5.962912424985096,8.496690999801363,12.636874221949222,2.0086464755376765,1.2904097478058514,2.372065843520855,1.6366578562499836,inner_validation_within_outer_train
rolling_origin_2022-07-19,rolling_origin_2022-07-19__inner_3_2022-05-17,C04_probabilistic_gru_student_t,42121,70c1908d227951b86f26ede94b4eec73b621b327a6f0e2a87d98875e63514fba,P-H06-W003::C014::C016,4.106263483445822,student_t,4.106263483445822,2.906474980903868,3.6949427127838135,-4.233070629770113,-0.4220727494742249,1.9363143675723857,4.106263483445822,6.276212599319258,8.63459971636587,12.445597596661756,2.3406451697978587,1.431898007303364,2.4323882991621804,1.7656183136479635,inner_validation_within_outer_train
rolling_origin_2022-07-19,rolling_origin_2022-07-19__inner_3_2022-05-17,C04_probabilistic_gru_student_t,42121,70c1908d227951b86f26ede94b4eec73b621b327a6f0e2a87d98875e63514fba,P-H06-W004::C014::C016,3.2021454278408044,student_t,3.2021454278408044,2.8249692342635533,3.722496271133423,-4.877292905978896,-1.1923154057506844,1.094671905142405,3.2021454278408044,5.309618950539203,7.596606261432294,11.281583761660503,0.7913806349836481,0.8314623569306697,2.0731081754171266,2.4107647928571563,inner_validation_within_outer_train
rolling_origin_2022-07-19,rolling_origin_2022-07-19__inner_3_2022-05-17,C04_probabilistic_gru_student_t,42121,70c1908d227951b86f26ede94b4eec73b621b327a6f0e2a87d98875e63514fba,P-H06-W005::C014::C016,3.5550171625823452,student_t,3.5550171625823452,3.1772588999157585,3.5920004844665527,-5.676039924342291,-1.4253978364661615,1.1758124251368902,3.5550171625823452,5.934221900027801,8.535432161630851,12.786074249506978,1.055909203143579,0.976185299633075,2.2132597367063718,2.499107959438766,inner_validation_within_outer_train
rolling_origin_2022-07-19,rolling_origin_2022-07-19__inner_3_2022-05-17,C04_probabilistic_gru_student_t,42121,70c1908d227951b86f26ede94b4eec73b621b327a6f0e2a87d98875e63514fba,P-H06-W006::C014::C016,2.8800643133067467,student_t,2.8800643133067467,2.8231525481042143,3.716989278793335,-5.199337636614787,-1.5129366894972351,0.7736237361448333,2.8800643133067467,4.986504890468661,7.2730653161107295,10.95946626322828,1.0102679411129099,0.8820515822013884,2.1031854066486244,1.8697963721938369,inner_validation_within_outer_train
rolling_origin_2022-07-19,rolling_origin_2022-07-19__inner_3_2022-05-17,C04_probabilistic_gru_student_t,42121,70c1908d227951b86f26ede94b4eec73b621b327a6f0e2a87d98875e63514fba,P-H06-W007::C014::C016,3.041911050172814,student_t,3.041911050172814,3.5516294785735583,3.396836519241333,-7.549453561876959,-2.5960611263905466,0.36592072326373337,3.041911050172814,5.717901377081895,8.679883226736177,13.633275662222582,2.0063047737059763,1.3617240425431758,2.456362558618779,1.035606276466838,inner_validation_within_outer_train
rolling_origin_2022-07-19,rolling_origin_2022-07-19__inner_3_2022-05-17,C04_probabilistic_gru_student_t,42121,70c1908d227951b86f26ede94b4eec73b621b327a6f0e2a87d98875e63514fba,P-H07-W001::C014::C016,32.45273339020662,student_t,32.45273339020662,5.335470310728152,3.1188106536865234,15.833018251400198,23.80368174102626,28.391708870050596,32.45273339020662,36.51375791036264,41.101785039386975,49.07244852901303,8.296445101375014,5.334264684002193,3.8542287749571025,40.74917849158163,inner_validation_within_outer_train
rolling_origin_2022-07-19,rolling_origin_2022-07-19__inner_3_2022-05-17,C04_probabilistic_gru_student_t,42121,70c1908d227951b86f26ede94b4eec73b621b327a6f0e2a87d98875e63514fba,P-H07-W002::C014::C016,32.684061185675176,student_t,32.684061185675176,4.421614421638109,3.4013333320617676,19.506724038980394,25.66721164637891,29.353077320095046,32.684061185675176,36.015045051255306,39.70091072497144,45.86139833236996,6.630725395702328,4.238153838105997,3.59485776022042,39.314786581377504,inner_validation_within_outer_train
rolling_origin_2022-07-19,rolling_origin_2022-07-19__inner_3_2022-05-17,C04_probabilistic_gru_student_t,42121,70c1908d227951b86f26ede94b4eec73b621b327a6f0e2a87d98875e63514fba,P-H07-W003::C014::C016,2.038301529449523,student_t,2.038301529449523,2.8526065423200424,3.6288375854492188,-6.211744451304904,-2.423304783580857,-0.09547343295995914,2.038301529449523,4.172076491859006,6.499907842479904,10.288347510203947,3.619305618637254,2.242179222443382,2.884986737286659,5.657607148086777,inner_validation_within_outer_train
rolling_origin_2022-07-19,rolling_origin_2022-07-19__inner_3_2022-05-17,C04_probabilistic_gru_student_t,42121,70c1908d227951b86f26ede94b4eec73b621b327a6f0e2a87d98875e63514fba,P-H07-W004::C014::C016,32.2125388556204,student_t,32.2125388556204,5.1544897913385626,3.153944969177246,16.252440235555646,23.880809161294042,28.2946870016951,32.2125388556204,36.13039070954571,40.544268549946764,48.17263747568516,2.5955464956550784,1.87204313708461,2.7974780968705097,34.80808535127548,inner_validation_within_outer_train
rolling_origin_2022-07-19,rolling_origin_2022-07-19__inner_3_2022-05-17,C04_probabilistic_gru_student_t,42121,70c1908d227951b86f26ede94b4eec73b621b327a6f0e2a87d98875e63514fba,P-H07-W005::C014::C016,1.635567833801744,student_t,1.635567833801744,3.21049155188414,3.4949631690979004,-7.809898064440535,-3.427662725893714,-0.7756918157221584,1.635567833801744,4.046827483325647,6.698798393497202,11.081033732044022,5.889315424208455,3.959083790672886,3.671655627868426,7.524883258010199,inner_validation_within_outer_train
rolling_origin_2022-07-19,rolling_origin_2022-07-19__inner_3_2022-05-17,C04_probabilistic_gru_student_t,42121,70c1908d227951b86f26ede94b4eec73b621b327a6f0e2a87d98875e63514fba,P-H07-W006::C014::C016,19.894038384723586,student_t,19.894038384723586,5.057819336581039,3.0129973888397217,3.837009862900665,11.620258821280377,16.027508177518225,19.894038384723586,23.760568591928948,28.1678179481668,35.9510669065465,3.029457024141223,2.029603457798523,2.847209493845991,22.92349540886481,inner_validation_within_outer_train
rolling_origin_2022-07-19,rolling_origin_2022-07-19__inner_3_2022-05-17,C04_probabilistic_gru_student_t,42121,70c1908d227951b86f26ede94b4eec73b621b327a6f0e2a87d98875e63514fba,P-V01-W001::C014::C016,29.223178225572337,student_t,29.223178225572337,5.221237629076522,3.204730987548828,13.191544764654708,20.81747897973964,25.26230069497119,29.223178225572337,33.18405575617348,37.62887747140503,45.25481168648996,4.615232853509273,2.81157911034011,3.107224680172421,33.83841107908161,inner_validation_within_outer_train
rolling_origin_2022-07-19,rolling_origin_2022-07-19__inner_3_2022-05-17,C04_probabilistic_gru_student_t,42121,70c1908d227951b86f26ede94b4eec73b621b327a6f0e2a87d98875e63514fba,P-V01-W002::C014::C016,31.474851891236252,student_t,31.474851891236252,5.492622164254414,3.174553632736206,14.526232938324235,22.611211825082734,27.303315031141953,31.474851891236252,35.646388751330555,40.33849195738977,48.42347084414827,0.5638541042994412,1.5141824897573106,2.7068340367043473,32.03870599553569,inner_validation_within_outer_train
rolling_origin_2022-07-19,rolling_origin_2022-07-19__inner_3_2022-05-17,C04_probabilistic_gru_student_t,42121,70c1908d227951b86f26ede94b4eec73b621b327a6f0e2a87d98875e63514fba,P-V01-W003::C014::C016,21.16793012603498,student_t,21.16793012603498,3.7647873212692895,3.524874210357666,10.135392855244412,15.241882822352798,18.343007737339796,21.16793012603498,23.992852514730167,27.093977429717167,32.20046739682555,2.3691514408308905,1.539216897660876,2.555565248389033,18.79877868520409,inner_validation_within_outer_train
rolling_origin_2022-07-19,rolling_origin_2022-07-19__inner_3_2022-05-17,C04_probabilistic_gru_student_t,42121,70c1908d227951b86f26ede94b4eec73b621b327a6f0e2a87d98875e63514fba,P-V01-W004::C014::C016,22.297673987505846,student_t,22.297673987505846,3.6185970991699983,3.585833787918091,11.77622072758519,16.62331840400872,19.587485458415685,22.297673987505846,25.007862516596006,27.97202957100297,32.8191272474265,0.8057891344329704,1.0314453323001496,2.3054001092846077,23.103463121938816,inner_validation_within_outer_train
rolling_origin_2022-07-19,rolling_origin_2022-07-19__inner_3_2022-05-17,C04_probabilistic_gru_student_t,42121,70c1908d227951b86f26ede94b4eec73b621b327a6f0e2a87d98875e63514fba,P-V01-W005::C014::C016,30.121566007282727,student_t,30.121566007282727,3.136995360301613,3.9075522422790527,21.32999946448318,25.289822484207292,27.792724833216273,30.121566007282727,32.450407181349185,34.95330953035816,38.91313255008227,1.256813644502916,1.012222931916755,2.224311899928072,31.378379651785643,inner_validation_within_outer_train
rolling_origin_2022-07-19,rolling_origin_2022-07-19__inner_3_2022-05-17,C04_probabilistic_gru_student_t,42121,70c1908d227951b86f26ede94b4eec73b621b327a6f0e2a87d98875e63514fba,P-V01-W007::C014::C016,36.3088373979951,student_t,36.3088373979951,4.9301622808392676,3.3630590438842773,21.534890436805682,28.46415673072913,32.589943962208444,36.3088373979951,40.02773083378175,44.15351806526107,51.08278435918451,1.6602850703721828,1.5322864211410399,2.6599979805549525,37.96912246836728,inner_validation_within_outer_train
rolling_origin_2022-07-19,rolling_origin_2022-07-19__inner_3_2022-05-17,C04_probabilistic_gru_student_t,42121,70c1908d227951b86f26ede94b4eec73b621b327a6f0e2a87d98875e63514fba,P-V02-W001::C014::C016,38.074102405515845,student_t,38.074102405515845,4.207035872869837,3.7504019737243652,26.080437323863556,31.53993662543,34.93799523693781,38.074102405515845,41.21020957409388,44.60826818560169,50.06776748716813,3.1683870337046045,1.9575233814678812,2.756130836594229,34.90571537181124,inner_validation_within_outer_train
rolling_origin_2022-07-19,rolling_origin_2022-07-19__inner_3_2022-05-17,C04_probabilistic_gru_student_t,42121,70c1908d227951b86f26ede94b4eec73b621b327a6f0e2a87d98875e63514fba,P-V02-W003::C014::C016,7.397959082856527,student_t,7.397959082856527,3.4959143693897854,3.681980848312378,-2.647991404631952,1.9472043895753641,4.786982980871293,7.397959082856527,10.00893518484176,12.848713776137691,17.443909570345003,1.9679973618883775,1.3289431321895324,2.4309416871186027,9.365956444744905,inner_validation_within_outer_train
rolling_origin_2022-07-19,rolling_origin_2022-07-19__inner_3_2022-05-17,C04_probabilistic_gru_student_t,42121,70c1908d227951b86f26ede94b4eec73b621b327a6f0e2a87d98875e63514fba,P-V02-W004::C014::C016,18.170259478287157,student_t,18.170259478287157,4.087885124722533,3.5903420448303223,6.29103938810783,11.761772708292776,15.109005252056551,18.170259478287157,21.231513704517763,24.57874624828154,30.04947956846648,1.0681114321391831,1.193202174800253,2.4390000237802694,17.102148046147974,inner_validation_within_outer_train
rolling_origin_2022-07-19,rolling_origin_2022-07-19__inner_3_2022-05-17,C04_probabilistic_gru_student_t,42121,70c1908d227951b86f26ede94b4eec73b621b327a6f0e2a87d98875e63514fba,P-V02-W005::C014::C016,43.7254331412646,student_t,43.7254331412646,4.609439121435035,3.762763500213623,30.602990932159834,36.57116586803262,40.290513791579365,43.7254331412646,47.16035249094984,50.87970041449658,56.847875350369364,0.9560190235312689,1.2946813092698173,2.5398288792027137,44.68145216479587,inner_validation_within_outer_train
rolling_origin_2022-07-19,rolling_origin_2022-07-19__inner_3_2022-05-17,C04_probabilistic_gru_student_t,42121,70c1908d227951b86f26ede94b4eec73b621b327a6f0e2a87d98875e63514fba,P-V02-W006::C014::C016,26.630131684261375,student_t,26.630131684261375,3.792266670056182,3.7350997924804688,15.79997220197152,20.735139885997786,23.802024151927995,26.630131684261375,29.458239216594755,32.52512348252497,37.46029116655122,3.603313514335561,2.1784368536494987,2.8306528721204036,30.233445198596936,inner_validation_within_outer_train
rolling_origin_2022-07-19,rolling_origin_2022-07-19__inner_3_2022-05-17,C04_probabilistic_gru_student_t,42121,70c1908d227951b86f26ede94b4eec73b621b327a6f0e2a87d98875e63514fba,P-V02-W007::C014::C016,23.00903845769021,student_t,23.00903845769021,4.03406521765598,3.6230244636535645,11.333752182633445,16.697388001285987,19.991008379926942,23.00903845769021,26.027068535453477,29.320688914094433,34.68432473274697,1.5940278622077706,1.3051283112919316,2.4794363546568206,24.60306631989798,inner_validation_within_outer_train
rolling_origin_2022-07-19,rolling_origin_2022-07-19__inner_3_2022-05-17,C04_probabilistic_gru_student_t,42121,70c1908d227951b86f26ede94b4eec73b621b327a6f0e2a87d98875e63514fba,P-V03-W001::C014::C016,25.748455900538975,student_t,25.748455900538975,4.126039861719866,3.453895092010498,13.541785085509066,19.223815068830973,22.645500599901776,25.748455900538975,28.851411201176173,32.27309673224698,37.95512671556888,2.3183057245185665,1.5748595404850658,2.6024906486055674,23.43015017602041,inner_validation_within_outer_train
rolling_origin_2022-07-19,rolling_origin_2022-07-19__inner_3_2022-05-17,C04_probabilistic_gru_student_t,42121,70c1908d227951b86f26ede94b4eec73b621b327a6f0e2a87d98875e63514fba,P-V03-W002::C014::C016,32.62042848402208,student_t,32.62042848402208,4.787731551179975,3.3473410606384277,18.240262939615114,24.99392430583304,29.00702525962033,32.62042848402208,36.23383170842383,40.246932662211115,47.000594028429035,1.8143175115136856,1.541154252733089,2.649974569211503,34.43474599553576,inner_validation_within_outer_train
rolling_origin_2022-07-19,rolling_origin_2022-07-19__inner_3_2022-05-17,C04_probabilistic_gru_student_t,42121,70c1908d227951b86f26ede94b4eec73b621b327a6f0e2a87d98875e63514fba,P-V03-W003::C014::C016,34.648573573833914,student_t,34.648573573833914,3.562409657767156,3.7087879180908203,24.443794789858423,29.102663957715798,31.98994249024085,34.648573573833914,37.30720465742698,40.19448318995203,44.8533523578094,1.5849997871357289,1.2031950064985935,2.3784531430765394,36.23357336096964,inner_validation_within_outer_train
rolling_origin_2022-07-19,rolling_origin_2022-07-19__inner_3_2022-05-17,C04_probabilistic_gru_student_t,42121,70c1908d227951b86f26ede94b4eec73b621b327a6f0e2a87d98875e63514fba,P-V03-W004::C014::C016,22.1410859651102,student_t,22.1410859651102,2.484259899604069,4.066790580749512,15.288120854418317,18.344261137162754,20.303895570536888,22.1410859651102,23.978276359683512,25.937910793057647,28.994051075802084,3.2061961219980404,1.9946470647892995,2.759492251865713,18.93488984311216,inner_validation_within_outer_train
rolling_origin_2022-07-19,rolling_origin_2022-07-19__inner_3_2022-05-17,C04_probabilistic_gru_student_t,42121,70c1908d227951b86f26ede94b4eec73b621b327a6f0e2a87d98875e63514fba,P-V03-W005::C014::C016,30.941741346292876,student_t,30.941741346292876,4.73770112099403,3.3436214923858643,16.704047161013328,23.39293852447952,27.36563827971286,30.941741346292876,34.51784441287289,38.49054416810623,45.17943553157242,2.3035993313856444,1.6817002356698134,2.6966180797792365,33.24534067767852,inner_validation_within_outer_train
rolling_origin_2022-07-19,rolling_origin_2022-07-19__inner_3_2022-05-17,C04_probabilistic_gru_student_t,42121,70c1908d227951b86f26ede94b4eec73b621b327a6f0e2a87d98875e63514fba,P-V03-W006::C014::C016,33.726051872290085,student_t,33.726051872290085,5.087501150721902,3.289421319961548,18.312160282684005,25.588041928021838,29.878596636656237,33.726051872290085,37.57350710792393,41.86406181655833,49.13994346189616,1.9262443479278204,1.6406598236324141,2.7121490530645818,31.799807524362265,inner_validation_within_outer_train
rolling_origin_2022-07-19,rolling_origin_2022-07-19__inner_3_2022-05-17,C04_probabilistic_gru_student_t,42121,70c1908d227951b86f26ede94b4eec73b621b327a6f0e2a87d98875e63514fba,P-V03-W007::C014::C016,3.402864364453194,student_t,3.402864364453194,3.2770134244047306,3.5473709106445312,-6.172235736234862,-1.748087127016353,0.9456488039860589,3.402864364453194,5.8600799249203295,8.553815855922743,12.977964465141246,3.194192753356274,1.9335243444459025,2.715046795652495,0.2086716110969202,inner_validation_within_outer_train
rolling_origin_2022-07-19,rolling_origin_2022-07-19__inner_3_2022-05-17,C04_probabilistic_gru_student_t,42121,70c1908d227951b86f26ede94b4eec73b621b327a6f0e2a87d98875e63514fba,P-V04-W001::C014::C016,2.218559331085064,student_t,2.218559331085064,3.0498543935345763,3.610684394836426,-6.621715924836389,-2.5567407347472653,-0.06397568951933552,2.218559331085064,4.5010943516894635,6.9938593969173946,11.058834587006512,1.6123073384302389,1.1211317561209573,2.274321451871905,3.830866669515303,inner_validation_within_outer_train
rolling_origin_2022-07-19,rolling_origin_2022-07-19__inner_3_2022-05-17,C04_probabilistic_gru_student_t,42121,70c1908d227951b86f26ede94b4eec73b621b327a6f0e2a87d98875e63514fba,P-V04-W003::C014::C016,3.123629469958889,student_t,3.123629469958889,3.2249956749541293,3.525373935699463,-6.326454919698765,-1.9525859079478698,0.7037792791248756,3.123629469958889,5.543479660792903,8.199844847865648,12.573713859616538,0.5806046518522918,0.900963817420028,2.1806170867764916,3.7042341218111807,inner_validation_within_outer_train
rolling_origin_2022-07-19,rolling_origin_2022-07-19__inner_3_2022-05-17,C04_probabilistic_gru_student_t,42121,70c1908d227951b86f26ede94b4eec73b621b327a6f0e2a87d98875e63514fba,P-V04-W004::C014::C016,2.680648617948016,student_t,2.680648617948016,2.853094021318388,3.697258949279785,-5.503292663037277,-1.763929676969914,0.5506921606637705,2.680648617948016,4.810605075232262,7.125226912865946,10.864589898933305,0.4040749158530348,0.778857168125176,2.0469035729886014,3.084723533801051,inner_validation_within_outer_train
rolling_origin_2022-07-19,rolling_origin_2022-07-19__inner_3_2022-05-17,C04_probabilistic_gru_student_t,42121,70c1908d227951b86f26ede94b4eec73b621b327a6f0e2a87d98875e63514fba,P-V04-W006::C014::C016,1.648083401135299,student_t,1.648083401135299,2.9646988913245296,3.6489665508270264,-6.905139410159391,-2.9833166597753085,-0.5682406974565999,1.648083401135299,3.8644074997271978,6.279483462045907,10.201306212429985,0.727837659834079,0.8547105261958146,2.1115138296246654,2.375921060969378,inner_validation_within_outer_train
rolling_origin_2022-07-19,rolling_origin_2022-07-19__inner_3_2022-05-17,C04_probabilistic_gru_student_t,42121,70c1908d227951b86f26ede94b4eec73b621b327a6f0e2a87d98875e63514fba,P-V04-W007::C014::C016,38.042990920882055,student_t,38.042990920882055,5.5240841886371745,3.20176362991333,21.07329710743269,29.147678260793878,33.8519024638176,38.042990920882055,42.23407937794651,46.938303580970235,55.012684734331415,0.5767474477952135,1.5214113337951825,2.7121275212885445,37.46624347308684,inner_validation_within_outer_train
rolling_origin_2022-07-19,rolling_origin_2022-07-19__inner_3_2022-05-17,C04_probabilistic_gru_student_t,42121,70c1908d227951b86f26ede94b4eec73b621b327a6f0e2a87d98875e63514fba,P-V05-W001::C014::C016,22.23199569785557,student_t,22.23199569785557,3.149559150034497,3.5992672443389893,13.0897362878022,17.2971800274151,19.8740435017924,22.23199569785557,24.58994789391874,27.16681136829604,31.374255107908937,3.213684109542175,1.946764743380226,2.719104121080384,25.445679807397745,inner_validation_within_outer_train
rolling_origin_2022-07-19,rolling_origin_2022-07-19__inner_3_2022-05-17,C04_probabilistic_gru_student_t,42121,70c1908d227951b86f26ede94b4eec73b621b327a6f0e2a87d98875e63514fba,P-V05-W002::C014::C016,27.215947592202838,student_t,27.215947592202838,2.574788335364999,4.028278350830078,20.08693726329341,23.273616267003348,25.310092117793005,27.215947592202838,29.12180306661267,31.158278917402328,34.34495792111226,0.2819168957740601,0.6873657380447512,1.9336411635888178,26.934030696428778,inner_validation_within_outer_train
rolling_origin_2022-07-19,rolling_origin_2022-07-19__inner_3_2022-05-17,C04_probabilistic_gru_student_t,42121,70c1908d227951b86f26ede94b4eec73b621b327a6f0e2a87d98875e63514fba,P-V05-W003::C014::C016,32.030240875551705,student_t,32.030240875551705,3.039628771933262,3.8307418823242188,23.44176573306482,27.32976403290767,29.769232826746105,32.030240875551705,34.291248924357305,36.73071771819574,40.61871601803858,0.27600220208242376,0.8125558461709894,2.100438454784832,31.75423867346928,inner_validation_within_outer_train
rolling_origin_2022-07-19,rolling_origin_2022-07-19__inner_3_2022-05-17,C04_probabilistic_gru_student_t,42121,70c1908d227951b86f26ede94b4eec73b621b327a6f0e2a87d98875e63514fba,P-V05-W004::C014::C016,34.21538125065096,student_t,34.21538125065096,3.3234951805887682,3.7665610313415527,24.757901629610622,29.058093598366717,31.738992676688323,34.21538125065096,36.69176982461359,39.372668902935196,43.67286087169129,0.4038430159306259,0.8985330259504466,2.1949290819203737,34.61922426658158,inner_validation_within_outer_train
rolling_origin_2022-07-19,rolling_origin_2022-07-19__inner_3_2022-05-17,C04_probabilistic_gru_student_t,42121,70c1908d227951b86f26ede94b4eec73b621b327a6f0e2a87d98875e63514fba,P-V05-W006::C014::C016,24.71792962568763,student_t,24.71792962568763,2.7178802683073995,3.938805103302002,17.125422096759962,20.538311801330725,22.70180241705813,24.71792962568763,26.734056834317133,28.89754745004454,32.3104371546153,1.2664421409939166,0.9317666727284701,2.1141302565742603,23.451487484693715,inner_validation_within_outer_train
rolling_origin_2022-07-19,rolling_origin_2022-07-19__inner_3_2022-05-17,C04_probabilistic_gru_student_t,42121,70c1908d227951b86f26ede94b4eec73b621b327a6f0e2a87d98875e63514fba,P-V05-W007::C014::C016,34.30293210781229,student_t,34.30293210781229,2.8730815876043905,3.95095157623291,26.286771718146394,29.887313021443056,32.172314423880856,34.30293210781229,36.43354979174372,38.71855119418152,42.31909249747818,4.983835683067262,3.315950744698524,3.4386454188555597,29.319096424745027,inner_validation_within_outer_train
rolling_origin_2022-07-19,rolling_origin_2022-07-19__inner_3_2022-05-17,C04_probabilistic_gru_student_t,42121,70c1908d227951b86f26ede94b4eec73b621b327a6f0e2a87d98875e63514fba,P-V06-W001::C014::C016,1.9745787199156268,student_t,1.9745787199156268,2.8366690393417917,3.845437526702881,-6.027706861193035,-2.4086389715433922,-0.13465081913385557,1.9745787199156268,4.083808258965109,6.357796411374647,9.976864301024285,1.9309943844566984,1.2187524701410095,2.301550688915417,0.0435843354589285,inner_validation_within_outer_train
rolling_origin_2022-07-19,rolling_origin_2022-07-19__inner_3_2022-05-17,C04_probabilistic_gru_student_t,42121,70c1908d227951b86f26ede94b4eec73b621b327a6f0e2a87d98875e63514fba,P-V06-W002::C014::C016,27.259745277275503,student_t,27.259745277275503,3.6914932928224116,3.7327651977539062,16.714548838563672,21.52065286575431,24.506612920972348,27.259745277275503,30.012877633578658,32.9988376887967,37.80494171598733,3.4377815495969415,2.0793050104248185,2.785570853696005,23.82196372767856,inner_validation_within_outer_train
rolling_origin_2022-07-19,rolling_origin_2022-07-19__inner_3_2022-05-17,C04_probabilistic_gru_student_t,42121,70c1908d227951b86f26ede94b4eec73b621b327a6f0e2a87d98875e63514fba,P-V06-W003::C014::C016,29.284033193376903,student_t,29.284033193376903,4.528938935467909,3.334791660308838,15.65592317938915,22.06331687723953,25.864462079950474,29.284033193376903,32.70360430680333,36.504749509514276,42.91214320736465,0.2202351047098361,1.2250535890677257,2.504904394842625,29.50426829808674,inner_validation_within_outer_train
rolling_origin_2022-07-19,rolling_origin_2022-07-19__inner_3_2022-05-17,C04_probabilistic_gru_student_t,42121,70c1908d227951b86f26ede94b4eec73b621b327a6f0e2a87d98875e63514fba,P-V06-W004::C014::C016,27.30971017445723,student_t,27.30971017445723,3.3048609326634235,3.8452935218811035,17.986503729876627,22.203004242828623,24.852343356681047,27.30971017445723,29.767076992233413,32.41641610608583,36.63291661903783,5.745221405197025,3.820869380665387,3.583637780198825,21.564488769260205,inner_validation_within_outer_train
rolling_origin_2022-07-19,rolling_origin_2022-07-19__inner_3_2022-05-17,C04_probabilistic_gru_student_t,42121,70c1908d227951b86f26ede94b4eec73b621b327a6f0e2a87d98875e63514fba,P-V06-W005::C014::C016,37.352358991229735,student_t,37.352358991229735,3.817126862500029,3.776796340942383,26.50267418687761,31.432393019999893,34.50894399664351,37.352358991229735,40.19577398581596,43.27232496245958,48.20204379558186,4.221853468081548,2.5699242517721226,2.9940510444299457,41.57421245931128,inner_validation_within_outer_train
rolling_origin_2022-07-19,rolling_origin_2022-07-19__inner_3_2022-05-17,C04_probabilistic_gru_student_t,42121,70c1908d227951b86f26ede94b4eec73b621b327a6f0e2a87d98875e63514fba,P-V06-W006::C014::C016,23.8059166977822,student_t,23.8059166977822,3.257169288844938,3.8146257400512695,14.586582851166431,18.764710251769998,21.382066007189973,23.8059166977822,26.22976738837443,28.847123143794406,33.02525054439797,8.90822324918528,6.695549172727559,4.777736305407931,14.897693448596922,inner_validation_within_outer_train
rolling_origin_2022-07-19,rolling_origin_2022-07-19__inner_3_2022-05-17,C04_probabilistic_gru_student_t,42121,70c1908d227951b86f26ede94b4eec73b621b327a6f0e2a87d98875e63514fba,P-V06-W007::C014::C016,22.402019222587356,student_t,22.402019222587356,3.1363514676233923,3.841642379760742,13.550704873464834,17.55476428912581,20.06972817182919,22.402019222587356,24.73431027334552,27.249274156048905,31.253333571709874,5.865611522970045,3.978144804973456,3.6934931084561096,16.53640769961731,inner_validation_within_outer_train
rolling_origin_2022-07-19,rolling_origin_2022-07-19__inner_3_2022-05-17,C04_probabilistic_gru_student_t,42121,70c1908d227951b86f26ede94b4eec73b621b327a6f0e2a87d98875e63514fba,P-D01-W002::C015::C016,34.33092861092019,student_t,34.33092861092019,4.098638719772911,3.7185449600219727,22.603412318134797,27.95375276867845,31.272941083936352,34.33092861092019,37.388916137904026,40.70810445316193,46.05844490370558,10.82273122252132,8.048234241624268,4.887660055012601,45.15365983344151,inner_validation_within_outer_train
rolling_origin_2022-07-19,rolling_origin_2022-07-19__inner_3_2022-05-17,C04_probabilistic_gru_student_t,42121,70c1908d227951b86f26ede94b4eec73b621b327a6f0e2a87d98875e63514fba,P-D01-W003::C015::C016,2.156100195707946,student_t,2.156100195707946,2.573676129000987,3.9086225032806396,-5.055937957501763,-1.807777831066998,0.24550707496497526,2.156100195707946,4.066693316450917,6.119978222482891,9.368138348917654,5.573158622656065,3.9382789674272973,3.8623646238964726,-3.4170584269481186,inner_validation_within_outer_train
rolling_origin_2022-07-19,rolling_origin_2022-07-19__inner_3_2022-05-17,C04_probabilistic_gru_student_t,42121,70c1908d227951b86f26ede94b4eec73b621b327a6f0e2a87d98875e63514fba,P-D01-W004::C015::C016,0.7011883679100777,student_t,0.7011883679100777,2.516187146493177,3.92431640625,-6.338324771898209,-3.1710735069663802,-1.1659940111404072,0.7011883679100777,2.5683707469605626,4.573450242786537,7.740701507718364,0.33897895557229707,0.6796801853034502,1.9161056929849367,0.3622094123377806,inner_validation_within_outer_train
rolling_origin_2022-07-19,rolling_origin_2022-07-19__inner_3_2022-05-17,C04_probabilistic_gru_student_t,42121,70c1908d227951b86f26ede94b4eec73b621b327a6f0e2a87d98875e63514fba,P-D01-W005::C015::C016,33.04770939019499,student_t,33.04770939019499,4.451498398914621,3.5696768760681152,20.078007156264327,26.060343116484784,29.7120892026249,33.04770939019499,36.38332957776508,40.0350756639052,46.01741162412565,6.028322787077606,3.777477503446957,3.428639897153661,39.076032177272594,inner_validation_within_outer_train
rolling_origin_2022-07-19,rolling_origin_2022-07-19__inner_3_2022-05-17,C04_probabilistic_gru_student_t,42121,70c1908d227951b86f26ede94b4eec73b621b327a6f0e2a87d98875e63514fba,P-D01-W006::C015::C016,30.834726839121583,student_t,30.834726839121583,5.03359870916419,3.3750038146972656,15.776913038326082,22.832150034137413,27.039351940887528,30.834726839121583,34.63010173735564,38.83730364410575,45.89254063991708,30.362114700488778,26.408948627935164,8.003482042448526,61.19684153961036,inner_validation_within_outer_train
rolling_origin_2022-07-19,rolling_origin_2022-07-19__inner_3_2022-05-17,C04_probabilistic_gru_student_t,42121,70c1908d227951b86f26ede94b4eec73b621b327a6f0e2a87d98875e63514fba,P-D01-W007::C015::C016,17.120973453625034,student_t,17.120973453625034,3.2442534137733627,3.743274211883545,7.864538696504807,12.08015760136159,14.702094092778232,17.120973453625034,19.539852814471836,22.16178930588848,26.37740821074526,4.851775417478876,3.106964456055172,3.2728062540998155,21.97274887110391,inner_validation_within_outer_train
rolling_origin_2022-07-19,rolling_origin_2022-07-19__inner_3_2022-05-17,C04_probabilistic_gru_student_t,42121,70c1908d227951b86f26ede94b4eec73b621b327a6f0e2a87d98875e63514fba,P-H04-W001::C015::C016,27.116614395472105,student_t,27.116614395472105,3.2772579366987644,3.914442539215088,17.938514709796447,22.070595535367538,24.684065706063475,27.116614395472105,29.549163084880735,32.16263325557667,36.29471408114776,2.3401752821253083,1.458596708056679,2.470040768058763,29.456789677597413,inner_validation_within_outer_train
rolling_origin_2022-07-19,rolling_origin_2022-07-19__inner_3_2022-05-17,C04_probabilistic_gru_student_t,42121,70c1908d227951b86f26ede94b4eec73b621b327a6f0e2a87d98875e63514fba,P-H04-W002::C015::C016,28.99322801422307,student_t,28.99322801422307,3.0525706129121684,4.041088581085205,20.551810757037998,24.322190102659597,26.734400072438746,28.99322801422307,31.252055956007396,33.664265925786545,37.434645271408144,7.480788303634014,5.478603164297656,4.391752145132459,36.474016317857085,inner_validation_within_outer_train
rolling_origin_2022-07-19,rolling_origin_2022-07-19__inner_3_2022-05-17,C04_probabilistic_gru_student_t,42121,70c1908d227951b86f26ede94b4eec73b621b327a6f0e2a87d98875e63514fba,P-H04-W003::C015::C016,35.946283780116474,student_t,35.946283780116474,3.3843552488394173,3.9651882648468018,26.517183295591757,30.74855059280656,33.43739086086835,35.946283780116474,38.4551766993646,41.14401696742639,45.375384264641184,4.563356544558978,2.861745474253177,3.1375027326985516,40.50964032467545,inner_validation_within_outer_train
rolling_origin_2022-07-19,rolling_origin_2022-07-19__inner_3_2022-05-17,C04_probabilistic_gru_student_t,42121,70c1908d227951b86f26ede94b4eec73b621b327a6f0e2a87d98875e63514fba,P-H04-W004::C015::C016,22.084950146404076,student_t,22.084950146404076,3.244938419138191,3.873098611831665,12.957936554121021,17.078107355478195,19.673868346186467,22.084950146404076,24.496031946621684,27.091792937329956,31.211963738687125,0.39731488508950363,0.8743672370892004,2.1693273247397613,22.48226503149358,inner_validation_within_outer_train
rolling_origin_2022-07-19,rolling_origin_2022-07-19__inner_3_2022-05-17,C04_probabilistic_gru_student_t,42121,70c1908d227951b86f26ede94b4eec73b621b327a6f0e2a87d98875e63514fba,P-H04-W005::C015::C016,34.10693803898031,student_t,34.10693803898031,3.6203238320075113,3.898555040359497,23.9513104414671,28.528193996721242,31.418674422396812,34.10693803898031,36.79520165556381,39.68568208123938,44.26256563649352,2.8634255165390385,1.7522467792550696,2.6334702049917205,36.97036355551935,inner_validation_within_outer_train
rolling_origin_2022-07-19,rolling_origin_2022-07-19__inner_3_2022-05-17,C04_probabilistic_gru_student_t,42121,70c1908d227951b86f26ede94b4eec73b621b327a6f0e2a87d98875e63514fba,P-H04-W006::C015::C016,29.24090536688979,student_t,29.24090536688979,3.5159887978181685,3.887366771697998,19.366389068245137,23.819830991460417,26.629375607158643,29.24090536688979,31.85243512662094,34.66197974231917,39.11542166553444,18.77486864577257,16.15185551699106,7.421666100247817,48.01577401266236,inner_validation_within_outer_train
rolling_origin_2022-07-19,rolling_origin_2022-07-19__inner_3_2022-05-17,C04_probabilistic_gru_student_t,42121,70c1908d227951b86f26ede94b4eec73b621b327a6f0e2a87d98875e63514fba,P-H04-W007::C015::C016,32.2804387759372,student_t,32.2804387759372,3.235743396763563,3.9906535148620605,23.288270600532854,27.317129899056255,29.883194916221257,32.2804387759372,34.67768263565314,37.24374765281814,41.272606951341544,3.5721407175693045,2.173588618643703,2.8202530274657946,35.852579493506504,inner_validation_within_outer_train
