model_id,family,outer_fold_id,inner_fold_id,parameter_index,parameter_sha256,parameter_json,seed,train_rows,validation_rows,train_sample_ids_sha256,validation_sample_ids_sha256,train_sequence_pairs_sha256,validation_sequence_pairs_sha256,train_target_sha256,validation_target_sha256,fit_cache_key,physical_fit_reused,absolute_error_sum,best_epoch,checkpoint_manifest,checkpoint_manifest_sha256,checkpoint_ranking_policy,checkpoint_role,crps,crps_sum,early_stopping_metric,epochs_completed,fit_seconds,inference_seconds,mae,nll,nll_sum,parameter_count,peak_ram_mb,peak_vram_mb,preprocessing_state_sha256,resumed_from_recovery,retained_checkpoint_count,rows,selected_checkpoint_epoch,source_fit_id,status,target_scaler_state_sha256
C03_causal_tcn,temporal_convolutional_network,rolling_origin_2022-05-17,rolling_origin_2022-05-17__inner_1_2021-07-13,0,d70f95fb96b086f27fe91b239be92d5e82b1d3234d22443c1fa04f5216ffe5a6,"{""channels"":[16,16],""dropout"":0.0,""kernel_size"":2,""weight_decay"":0.0001}",42117,400,12,7361169052bfe3cadd2368cd2ef02303aa4cc77ee8c797e07999b1f8a1146ed4,b4860670a6d31a3886d8b47a9de2a0cd076875a439a80eee28802b214ca9ca3f,9fa21e96643969d4eaee67813ebd6a585a3b32f898e4a48214608c4a2f3eb59b,f66f0702cd2af3d14cb93eea9ff18f36d2df935083344eb93d1e20db7a1a6a68,b2bdd728b334738463654ad9d97c6d4084726879a05cd64ed8b3609638304ed3,d428e315a0d44ced70e25cb6183a1693eabd86a6aa4a758a85235615bbd4d5ef,f7022ed38487c162d86cfcfc9f0a7731f758f9456cf1eeb8c6f18fb339d5e530,True,35.919751075523855,6,work/gate_c1/checkpoints/inner/f7022ed38487c162d86cfcfc9f0a7731f758f9456cf1eeb8c6f18fb339d5e530/manifest.json,e358d6bde4eb6302af2b24079037967c7d976377da8ac158621a9b54cca313f6,metric_ascending_then_epoch,inner,,,2.9933125972747803,106,2.889959199936129,0.0009861000580713153,2.993312589626988,,,961,1541.109375,64.69677734375,87c4025aac79d091af50b9805eca68776439fd9b7bbb8ff312ba8be0497a619d,False,5,12,6,f7022ed38487c162d86cfcfc9f0a7731f758f9456cf1eeb8c6f18fb339d5e530,COMPLETED,5fb085a7d6aaae842da47721e88536622bae8844c47e6c83911d0314b5b9ed13
C03_causal_tcn,temporal_convolutional_network,rolling_origin_2022-05-17,rolling_origin_2022-05-17__inner_1_2021-07-13,0,d70f95fb96b086f27fe91b239be92d5e82b1d3234d22443c1fa04f5216ffe5a6,"{""channels"":[16,16],""dropout"":0.0,""kernel_size"":2,""weight_decay"":0.0001}",42118,400,12,7361169052bfe3cadd2368cd2ef02303aa4cc77ee8c797e07999b1f8a1146ed4,b4860670a6d31a3886d8b47a9de2a0cd076875a439a80eee28802b214ca9ca3f,9fa21e96643969d4eaee67813ebd6a585a3b32f898e4a48214608c4a2f3eb59b,f66f0702cd2af3d14cb93eea9ff18f36d2df935083344eb93d1e20db7a1a6a68,b2bdd728b334738463654ad9d97c6d4084726879a05cd64ed8b3609638304ed3,d428e315a0d44ced70e25cb6183a1693eabd86a6aa4a758a85235615bbd4d5ef,cc5c98f0c6ffcf6788e44375f939c4425edfd8efe6e910d18190c543fa7f28b7,True,44.163814909371936,12,work/gate_c1/checkpoints/inner/cc5c98f0c6ffcf6788e44375f939c4425edfd8efe6e910d18190c543fa7f28b7/manifest.json,d70cf3f3d08f65a9fa137d26e19593589c4a098729a80f142f9db72dcf0f1074,metric_ascending_then_epoch,inner,,,3.6803178787231445,112,2.7326247000601143,0.0009286000858992338,3.680317909114328,,,961,1544.2421875,64.69677734375,7b97344627d8f1ecc54262369ba9c77ae103c42914d3afa61d9321d054c16de7,False,5,12,12,cc5c98f0c6ffcf6788e44375f939c4425edfd8efe6e910d18190c543fa7f28b7,COMPLETED,efafb035f373f24bc3ea2e65960b75eb63782b6eb15abc18226a16c8628c05ec
C03_causal_tcn,temporal_convolutional_network,rolling_origin_2022-05-17,rolling_origin_2022-05-17__inner_1_2021-07-13,0,d70f95fb96b086f27fe91b239be92d5e82b1d3234d22443c1fa04f5216ffe5a6,"{""channels"":[16,16],""dropout"":0.0,""kernel_size"":2,""weight_decay"":0.0001}",42119,400,12,7361169052bfe3cadd2368cd2ef02303aa4cc77ee8c797e07999b1f8a1146ed4,b4860670a6d31a3886d8b47a9de2a0cd076875a439a80eee28802b214ca9ca3f,9fa21e96643969d4eaee67813ebd6a585a3b32f898e4a48214608c4a2f3eb59b,f66f0702cd2af3d14cb93eea9ff18f36d2df935083344eb93d1e20db7a1a6a68,b2bdd728b334738463654ad9d97c6d4084726879a05cd64ed8b3609638304ed3,d428e315a0d44ced70e25cb6183a1693eabd86a6aa4a758a85235615bbd4d5ef,512dc37c50b9de4d2f7b89f67644fa58050eb37c39315bda11007dcce22e52d3,True,45.89850110055834,14,work/gate_c1/checkpoints/inner/512dc37c50b9de4d2f7b89f67644fa58050eb37c39315bda11007dcce22e52d3/manifest.json,f6336aa56801705071090eaa109a10baa69e2151aa7187ce73356389d5c71161,metric_ascending_then_epoch,inner,,,3.8248746395111084,114,2.8106616999721155,0.0009702000534161925,3.8248750917131953,,,961,1544.3046875,64.69677734375,21587e74c5df0f0dff9e1695a8962a4140979c54d62120fabdf12fd056a792c6,False,5,12,14,512dc37c50b9de4d2f7b89f67644fa58050eb37c39315bda11007dcce22e52d3,COMPLETED,c4c9351d90b66026c4b6626035b114f559c1cf252855176e77a499e09aba77b1
C03_causal_tcn,temporal_convolutional_network,rolling_origin_2022-05-17,rolling_origin_2022-05-17__inner_1_2021-07-13,0,d70f95fb96b086f27fe91b239be92d5e82b1d3234d22443c1fa04f5216ffe5a6,"{""channels"":[16,16],""dropout"":0.0,""kernel_size"":2,""weight_decay"":0.0001}",42120,400,12,7361169052bfe3cadd2368cd2ef02303aa4cc77ee8c797e07999b1f8a1146ed4,b4860670a6d31a3886d8b47a9de2a0cd076875a439a80eee28802b214ca9ca3f,9fa21e96643969d4eaee67813ebd6a585a3b32f898e4a48214608c4a2f3eb59b,f66f0702cd2af3d14cb93eea9ff18f36d2df935083344eb93d1e20db7a1a6a68,b2bdd728b334738463654ad9d97c6d4084726879a05cd64ed8b3609638304ed3,d428e315a0d44ced70e25cb6183a1693eabd86a6aa4a758a85235615bbd4d5ef,fd62c988926b57f7204ba48128834ff869a2d18c3fd71d01f5c8ef2aee208883,True,49.64359905140632,17,work/gate_c1/checkpoints/inner/fd62c988926b57f7204ba48128834ff869a2d18c3fd71d01f5c8ef2aee208883/manifest.json,20ccfc13e68120e27253ca7b0d33406b921b4d565d8cdb67b9b8abe3f4d201b9,metric_ascending_then_epoch,inner,,,4.136966705322266,117,2.834576699999161,0.0012038999702781439,4.136966587617193,,,961,1544.35546875,64.69677734375,f64c3eb4ba7bca75ac372fbdefc26a80aaae2808cc7831e5f5ff097b4ef7a8fc,False,5,12,17,fd62c988926b57f7204ba48128834ff869a2d18c3fd71d01f5c8ef2aee208883,COMPLETED,eea3a8278fe6ce2be0f1b84625cc01a6a98bea86d55ea4704aa666edd26f76ed
C03_causal_tcn,temporal_convolutional_network,rolling_origin_2022-05-17,rolling_origin_2022-05-17__inner_1_2021-07-13,0,d70f95fb96b086f27fe91b239be92d5e82b1d3234d22443c1fa04f5216ffe5a6,"{""channels"":[16,16],""dropout"":0.0,""kernel_size"":2,""weight_decay"":0.0001}",42121,400,12,7361169052bfe3cadd2368cd2ef02303aa4cc77ee8c797e07999b1f8a1146ed4,b4860670a6d31a3886d8b47a9de2a0cd076875a439a80eee28802b214ca9ca3f,9fa21e96643969d4eaee67813ebd6a585a3b32f898e4a48214608c4a2f3eb59b,f66f0702cd2af3d14cb93eea9ff18f36d2df935083344eb93d1e20db7a1a6a68,b2bdd728b334738463654ad9d97c6d4084726879a05cd64ed8b3609638304ed3,d428e315a0d44ced70e25cb6183a1693eabd86a6aa4a758a85235615bbd4d5ef,c79bbee0d4e6914e2b774facb27924ebb408f0302ff7872d07398be5ea41d6e7,True,28.84676460493892,5,work/gate_c1/checkpoints/inner/c79bbee0d4e6914e2b774facb27924ebb408f0302ff7872d07398be5ea41d6e7/manifest.json,643c6dfef5dfc9a3af566eb27d8b84429e8886ee3b714aea519a8f5ccdeeac85,metric_ascending_then_epoch,inner,,,2.403897285461426,105,2.5636094000656158,0.0009062000317499042,2.4038970504115764,,,961,1544.4140625,64.69677734375,c0d3a316169b4c89d4d744f63052c2203a8e19f5863e69d2974cbd2c80f02f38,False,5,12,5,c79bbee0d4e6914e2b774facb27924ebb408f0302ff7872d07398be5ea41d6e7,COMPLETED,f426fd20cd55341791c89d1e0d9f1f5d6eea89aa1f27fd2465331a058cf26898
C03_causal_tcn,temporal_convolutional_network,rolling_origin_2022-05-17,rolling_origin_2022-05-17__inner_2_2021-11-02,0,d70f95fb96b086f27fe91b239be92d5e82b1d3234d22443c1fa04f5216ffe5a6,"{""channels"":[16,16],""dropout"":0.0,""kernel_size"":2,""weight_decay"":0.0001}",42117,412,91,010c62a504d18f06befdb638b6898ac83ed39ef7db251812d6aaedfd6ba961f9,4addff335526e77628b914bf83380de2c81030fb22994a739cb072c37c504f5d,7f05fb1c5e91cc3379f52fbf863cec9f54ac307f58aa857ffe585f6291b77a09,8a00835d13809d189a545d27b156834a3b8a30dce15741eee57ecbb851955632,36f84953e3a28962ea8d373098a8b9484d9e8539a87ca2cfd298364bf9a5b1c6,ccc0c75b3414027ea1b2b86a97407abd5011c87de895d7b1f0e3319cf4615b15,a2e36fd3929a18a810d0b1f581f02402b6094fd3a52cd1b4a69af5f9f487761a,True,550.800041079702,33,work/gate_c1/checkpoints/inner/a2e36fd3929a18a810d0b1f581f02402b6094fd3a52cd1b4a69af5f9f487761a/manifest.json,a91e85a70e2186b0c65adb4d53a141e0c5c39e87f6d89b6ffa828301610c44db,metric_ascending_then_epoch,inner,,,6.052748203277588,133,3.5200076000764966,0.0009584000799804926,6.05274770417255,,,961,1540.8671875,64.90625,1b891629ca52d683629dcaf4d6c2aedc378667f2d140229e46f6436013a85649,False,5,91,33,a2e36fd3929a18a810d0b1f581f02402b6094fd3a52cd1b4a69af5f9f487761a,COMPLETED,fb6962ac5fd303b7b67117e268845a0e5949d14f381e451781fc94f1623e7bd7
C03_causal_tcn,temporal_convolutional_network,rolling_origin_2022-05-17,rolling_origin_2022-05-17__inner_2_2021-11-02,0,d70f95fb96b086f27fe91b239be92d5e82b1d3234d22443c1fa04f5216ffe5a6,"{""channels"":[16,16],""dropout"":0.0,""kernel_size"":2,""weight_decay"":0.0001}",42118,412,91,010c62a504d18f06befdb638b6898ac83ed39ef7db251812d6aaedfd6ba961f9,4addff335526e77628b914bf83380de2c81030fb22994a739cb072c37c504f5d,7f05fb1c5e91cc3379f52fbf863cec9f54ac307f58aa857ffe585f6291b77a09,8a00835d13809d189a545d27b156834a3b8a30dce15741eee57ecbb851955632,36f84953e3a28962ea8d373098a8b9484d9e8539a87ca2cfd298364bf9a5b1c6,ccc0c75b3414027ea1b2b86a97407abd5011c87de895d7b1f0e3319cf4615b15,ea82e89d8a79cc1354543c1960cc6f97ad8794d7cf84ea7eca2ad5fd97cee23a,True,577.269369500779,21,work/gate_c1/checkpoints/inner/ea82e89d8a79cc1354543c1960cc6f97ad8794d7cf84ea7eca2ad5fd97cee23a/manifest.json,d15ca9e3a52a254c9bfc44a04e1b93818234e93296b91b10ef9eea072fa2bab7,metric_ascending_then_epoch,inner,,,6.343619346618652,121,2.9094956000335515,0.0009578999597579241,6.3436194450635055,,,961,1543.87890625,64.90625,e90c4e1545c41f12ce4b39b9be88ef20324d7eb217b1ac5f7d3874b6b424b9aa,False,5,91,21,ea82e89d8a79cc1354543c1960cc6f97ad8794d7cf84ea7eca2ad5fd97cee23a,COMPLETED,b6ba2ac017d532319431e47619130a3d94842be0406ffb3ee96c6c747278048d
C03_causal_tcn,temporal_convolutional_network,rolling_origin_2022-05-17,rolling_origin_2022-05-17__inner_2_2021-11-02,0,d70f95fb96b086f27fe91b239be92d5e82b1d3234d22443c1fa04f5216ffe5a6,"{""channels"":[16,16],""dropout"":0.0,""kernel_size"":2,""weight_decay"":0.0001}",42119,412,91,010c62a504d18f06befdb638b6898ac83ed39ef7db251812d6aaedfd6ba961f9,4addff335526e77628b914bf83380de2c81030fb22994a739cb072c37c504f5d,7f05fb1c5e91cc3379f52fbf863cec9f54ac307f58aa857ffe585f6291b77a09,8a00835d13809d189a545d27b156834a3b8a30dce15741eee57ecbb851955632,36f84953e3a28962ea8d373098a8b9484d9e8539a87ca2cfd298364bf9a5b1c6,ccc0c75b3414027ea1b2b86a97407abd5011c87de895d7b1f0e3319cf4615b15,4239f54703155484473e6d43e19878dcfada19cfdc1a3e7cde77a7cdf15ede95,True,549.925082725846,18,work/gate_c1/checkpoints/inner/4239f54703155484473e6d43e19878dcfada19cfdc1a3e7cde77a7cdf15ede95/manifest.json,01cf0577bc8fad4108a19dbdbfdc55823162c7c474b1ad2c2453522a2f12272f,metric_ascending_then_epoch,inner,,,6.043132781982422,118,2.8255197000689805,0.0009318999946117401,6.043132777207099,,,961,1544.265625,64.90625,40a4a90336a489a5a1cc302404fb50b11bb38708dff6e2f5b8cf5183dc804d34,False,5,91,18,4239f54703155484473e6d43e19878dcfada19cfdc1a3e7cde77a7cdf15ede95,COMPLETED,3bd4d8cc7e08e6084c876274b78ec6b22d374090950bcaddc3390dd9e3cf98b6
C03_causal_tcn,temporal_convolutional_network,rolling_origin_2022-05-17,rolling_origin_2022-05-17__inner_2_2021-11-02,0,d70f95fb96b086f27fe91b239be92d5e82b1d3234d22443c1fa04f5216ffe5a6,"{""channels"":[16,16],""dropout"":0.0,""kernel_size"":2,""weight_decay"":0.0001}",42120,412,91,010c62a504d18f06befdb638b6898ac83ed39ef7db251812d6aaedfd6ba961f9,4addff335526e77628b914bf83380de2c81030fb22994a739cb072c37c504f5d,7f05fb1c5e91cc3379f52fbf863cec9f54ac307f58aa857ffe585f6291b77a09,8a00835d13809d189a545d27b156834a3b8a30dce15741eee57ecbb851955632,36f84953e3a28962ea8d373098a8b9484d9e8539a87ca2cfd298364bf9a5b1c6,ccc0c75b3414027ea1b2b86a97407abd5011c87de895d7b1f0e3319cf4615b15,2ea7e9251ae5e4a4e5418c430da12c5852dc462c8939f4ebd9ff966772a8831b,True,575.055506177681,14,work/gate_c1/checkpoints/inner/2ea7e9251ae5e4a4e5418c430da12c5852dc462c8939f4ebd9ff966772a8831b/manifest.json,0039fe13369e4e0c417c3e3bfb69d440ed1c3af987f54a6faf2e66f09cf0417a,metric_ascending_then_epoch,inner,,,6.319291591644287,114,2.7462228999938816,0.0009525999194011092,6.319291276677813,,,961,1544.359375,64.90625,1aec8e4a7526b2307b109da858964e84ed4f744469a335bbf19b78da2d9adb96,False,5,91,14,2ea7e9251ae5e4a4e5418c430da12c5852dc462c8939f4ebd9ff966772a8831b,COMPLETED,13832ae4edf4da159e19bdea054e9113beb27836b1b9a0f4e5a9637619d13900
C03_causal_tcn,temporal_convolutional_network,rolling_origin_2022-05-17,rolling_origin_2022-05-17__inner_2_2021-11-02,0,d70f95fb96b086f27fe91b239be92d5e82b1d3234d22443c1fa04f5216ffe5a6,"{""channels"":[16,16],""dropout"":0.0,""kernel_size"":2,""weight_decay"":0.0001}",42121,412,91,010c62a504d18f06befdb638b6898ac83ed39ef7db251812d6aaedfd6ba961f9,4addff335526e77628b914bf83380de2c81030fb22994a739cb072c37c504f5d,7f05fb1c5e91cc3379f52fbf863cec9f54ac307f58aa857ffe585f6291b77a09,8a00835d13809d189a545d27b156834a3b8a30dce15741eee57ecbb851955632,36f84953e3a28962ea8d373098a8b9484d9e8539a87ca2cfd298364bf9a5b1c6,ccc0c75b3414027ea1b2b86a97407abd5011c87de895d7b1f0e3319cf4615b15,0f643b965fc3d534486c613703b180cb50fffc1d4d93747e3be33e759ca783e8,True,627.3557984104068,26,work/gate_c1/checkpoints/inner/0f643b965fc3d534486c613703b180cb50fffc1d4d93747e3be33e759ca783e8/manifest.json,b0693d5381cfdbc703688ca8140fdd26a6a6644883fadaf13273a61eb228af5a,metric_ascending_then_epoch,inner,,,6.894019603729248,126,3.037971700076014,0.000936600030399859,6.894019762751723,,,961,1544.36328125,64.90625,61d0fd80d7712ba28727f3db85b9a840d9c8d941659ba90d179afff0f91a3623,False,5,91,26,0f643b965fc3d534486c613703b180cb50fffc1d4d93747e3be33e759ca783e8,COMPLETED,327c30befedb5f304b1b0051684021a5a06f7a8274d980018ab51c001c62ea80
C03_causal_tcn,temporal_convolutional_network,rolling_origin_2022-05-17,rolling_origin_2022-05-17__inner_3_2022-03-01,0,d70f95fb96b086f27fe91b239be92d5e82b1d3234d22443c1fa04f5216ffe5a6,"{""channels"":[16,16],""dropout"":0.0,""kernel_size"":2,""weight_decay"":0.0001}",42117,503,14,39aa646abc71af790b5651b8d371ac3c5da9fc850975ea1f0e8eec1efe1ac7db,9400eab919178645d0c73e6bb3aa0c337b1fad589dd35096e9a2f2224f92f670,27b9d01554473ba0d7d5e204594bbe3764c21dd3a9ac94c3b6ba29d175b53e9c,baa127dc377d14a943bf7c5e7dc2bc49cb4fbb6b4bfc7fa7e4552964e94e8504,e86643bea02486a38d5b4d4b4c1e2929c4f5105d99aa1faa3b7b234c0750b1ba,9c550f8d59add4345a65b64acb3a283518f28cff2d54771a03c2797412edb43c,50f48c8a7617bd9cfdbf0cd77060c61e6aa5214ae357dc53c69a1c739f7acc67,False,130.3061885110239,16,work/gate_c1/checkpoints/inner/50f48c8a7617bd9cfdbf0cd77060c61e6aa5214ae357dc53c69a1c739f7acc67/manifest.json,af19eb40f453a3a1b3a2297ff7a3776de47ff3faef679a6d9a092300fa1625c4,metric_ascending_then_epoch,inner,,,9.307584762573242,116,3.847455200040713,0.0009428000776097178,9.307584893644563,,,961,1540.953125,64.76806640625,47e7861c1c6a9f1bef8617591db1c219c483a0829c17fb33267e8209cc26bfc2,False,5,14,16,50f48c8a7617bd9cfdbf0cd77060c61e6aa5214ae357dc53c69a1c739f7acc67,COMPLETED,8db9e8cf8dbd267239b9c785b251283bd1c3ed96e65686a88a06458364958572
C03_causal_tcn,temporal_convolutional_network,rolling_origin_2022-05-17,rolling_origin_2022-05-17__inner_3_2022-03-01,0,d70f95fb96b086f27fe91b239be92d5e82b1d3234d22443c1fa04f5216ffe5a6,"{""channels"":[16,16],""dropout"":0.0,""kernel_size"":2,""weight_decay"":0.0001}",42118,503,14,39aa646abc71af790b5651b8d371ac3c5da9fc850975ea1f0e8eec1efe1ac7db,9400eab919178645d0c73e6bb3aa0c337b1fad589dd35096e9a2f2224f92f670,27b9d01554473ba0d7d5e204594bbe3764c21dd3a9ac94c3b6ba29d175b53e9c,baa127dc377d14a943bf7c5e7dc2bc49cb4fbb6b4bfc7fa7e4552964e94e8504,e86643bea02486a38d5b4d4b4c1e2929c4f5105d99aa1faa3b7b234c0750b1ba,9c550f8d59add4345a65b64acb3a283518f28cff2d54771a03c2797412edb43c,a31b4ffadb7a58e3e8929ddd2362dd45937fab13011eb55cd196adabb0702bb2,False,107.76343013550391,21,work/gate_c1/checkpoints/inner/a31b4ffadb7a58e3e8929ddd2362dd45937fab13011eb55cd196adabb0702bb2/manifest.json,56676213c6fdcb11d214489279d6ee3dbdbb140dfea337c5aacbdf985c0e3aa9,metric_ascending_then_epoch,inner,,,7.697388172149658,121,3.591237499960698,0.0010012999409809709,7.697387866821708,,,961,1544.65625,64.76806640625,95a7fc32d19608d4f431a4bf7105755559366b0f42fff40ff9633c1dfba11c69,False,5,14,21,a31b4ffadb7a58e3e8929ddd2362dd45937fab13011eb55cd196adabb0702bb2,COMPLETED,2e1ba8b9dd93632e9761a344d42875c1373f68e7b8aade6e9951a843bdb4068c
C03_causal_tcn,temporal_convolutional_network,rolling_origin_2022-05-17,rolling_origin_2022-05-17__inner_3_2022-03-01,0,d70f95fb96b086f27fe91b239be92d5e82b1d3234d22443c1fa04f5216ffe5a6,"{""channels"":[16,16],""dropout"":0.0,""kernel_size"":2,""weight_decay"":0.0001}",42119,503,14,39aa646abc71af790b5651b8d371ac3c5da9fc850975ea1f0e8eec1efe1ac7db,9400eab919178645d0c73e6bb3aa0c337b1fad589dd35096e9a2f2224f92f670,27b9d01554473ba0d7d5e204594bbe3764c21dd3a9ac94c3b6ba29d175b53e9c,baa127dc377d14a943bf7c5e7dc2bc49cb4fbb6b4bfc7fa7e4552964e94e8504,e86643bea02486a38d5b4d4b4c1e2929c4f5105d99aa1faa3b7b234c0750b1ba,9c550f8d59add4345a65b64acb3a283518f28cff2d54771a03c2797412edb43c,c414027f8c51a89c8aba2537ae2dea398db6a0a600cefe7ddce8897d6f99cad1,False,119.27077477009497,14,work/gate_c1/checkpoints/inner/c414027f8c51a89c8aba2537ae2dea398db6a0a600cefe7ddce8897d6f99cad1/manifest.json,1f653decaad18a38cc25e582fd25641c2f0f21e5fbd1d4db89c5272003f18869,metric_ascending_then_epoch,inner,,,8.519341468811035,114,3.4358709000516683,0.0012981999898329377,8.519341055006784,,,961,1544.73046875,64.76806640625,0f485a70da287f8c62b920b52104748d46d2a263c5b4c8ab27c9cd90a7150962,False,5,14,14,c414027f8c51a89c8aba2537ae2dea398db6a0a600cefe7ddce8897d6f99cad1,COMPLETED,c0a184954fa40c21ec36d5830cf7dfd84bf8b94b55fd23d35ff888c044e47039
C03_causal_tcn,temporal_convolutional_network,rolling_origin_2022-05-17,rolling_origin_2022-05-17__inner_3_2022-03-01,0,d70f95fb96b086f27fe91b239be92d5e82b1d3234d22443c1fa04f5216ffe5a6,"{""channels"":[16,16],""dropout"":0.0,""kernel_size"":2,""weight_decay"":0.0001}",42120,503,14,39aa646abc71af790b5651b8d371ac3c5da9fc850975ea1f0e8eec1efe1ac7db,9400eab919178645d0c73e6bb3aa0c337b1fad589dd35096e9a2f2224f92f670,27b9d01554473ba0d7d5e204594bbe3764c21dd3a9ac94c3b6ba29d175b53e9c,baa127dc377d14a943bf7c5e7dc2bc49cb4fbb6b4bfc7fa7e4552964e94e8504,e86643bea02486a38d5b4d4b4c1e2929c4f5105d99aa1faa3b7b234c0750b1ba,9c550f8d59add4345a65b64acb3a283518f28cff2d54771a03c2797412edb43c,cd3eecd50ebbcd178078cc4ec0d7354a146ee6b9a170e01768140576630087f4,False,129.4807033111068,9,work/gate_c1/checkpoints/inner/cd3eecd50ebbcd178078cc4ec0d7354a146ee6b9a170e01768140576630087f4/manifest.json,ddf2960e59e247879084583d87baba14d1a52f679ff53fab5481f64d833dc359,metric_ascending_then_epoch,inner,,,9.248621940612793,109,3.3041969999903813,0.0009558000601828098,9.248621665079057,,,961,1544.79296875,64.76806640625,a2301fa797677375180c154dc645bfb555b7646c362d1287aeefb3095ab68c5d,False,5,14,9,cd3eecd50ebbcd178078cc4ec0d7354a146ee6b9a170e01768140576630087f4,COMPLETED,3d9a36cc6a5ddcac5bc47aaec4fa1c0e68f753361bd3346ec4b98289fef5c54f
C03_causal_tcn,temporal_convolutional_network,rolling_origin_2022-05-17,rolling_origin_2022-05-17__inner_3_2022-03-01,0,d70f95fb96b086f27fe91b239be92d5e82b1d3234d22443c1fa04f5216ffe5a6,"{""channels"":[16,16],""dropout"":0.0,""kernel_size"":2,""weight_decay"":0.0001}",42121,503,14,39aa646abc71af790b5651b8d371ac3c5da9fc850975ea1f0e8eec1efe1ac7db,9400eab919178645d0c73e6bb3aa0c337b1fad589dd35096e9a2f2224f92f670,27b9d01554473ba0d7d5e204594bbe3764c21dd3a9ac94c3b6ba29d175b53e9c,baa127dc377d14a943bf7c5e7dc2bc49cb4fbb6b4bfc7fa7e4552964e94e8504,e86643bea02486a38d5b4d4b4c1e2929c4f5105d99aa1faa3b7b234c0750b1ba,9c550f8d59add4345a65b64acb3a283518f28cff2d54771a03c2797412edb43c,d08fb7b0f653876d8b66f0b6ef185f502ee78cbfba30fb93b2519f169c1d4387,False,119.69069993181611,13,work/gate_c1/checkpoints/inner/d08fb7b0f653876d8b66f0b6ef185f502ee78cbfba30fb93b2519f169c1d4387/manifest.json,02f9cd6a1ce9059783378ca88c4ce17b8c8b239e32f9032c52ab6409e214dc4a,metric_ascending_then_epoch,inner,,,8.549335479736328,113,3.414696399937384,0.0011035999050363898,8.549335709415436,,,961,1544.828125,64.76806640625,1652b81c57b79bf65759169f7a54c75caedddebc3b5e2f0c9fed4b061ffd2b55,False,5,14,13,d08fb7b0f653876d8b66f0b6ef185f502ee78cbfba30fb93b2519f169c1d4387,COMPLETED,0ac15db09f71c5e6f95f94a1c4f40a310238d69699a4371b12b6e99162946b0d
C03_causal_tcn,temporal_convolutional_network,rolling_origin_2022-05-17,rolling_origin_2022-05-17__inner_1_2021-07-13,1,e27d31298d882eebee84b2e05b4d3562a394fd7890d671bd4c7e8246f8c78d87,"{""channels"":[16,16],""dropout"":0.0,""kernel_size"":2,""weight_decay"":0.01}",42117,400,12,7361169052bfe3cadd2368cd2ef02303aa4cc77ee8c797e07999b1f8a1146ed4,b4860670a6d31a3886d8b47a9de2a0cd076875a439a80eee28802b214ca9ca3f,9fa21e96643969d4eaee67813ebd6a585a3b32f898e4a48214608c4a2f3eb59b,f66f0702cd2af3d14cb93eea9ff18f36d2df935083344eb93d1e20db7a1a6a68,b2bdd728b334738463654ad9d97c6d4084726879a05cd64ed8b3609638304ed3,d428e315a0d44ced70e25cb6183a1693eabd86a6aa4a758a85235615bbd4d5ef,e88986d6c48d8222699b71beb94210a05a4f22ea3a0c8f0157d5d2f0ce31991a,True,35.961875411838356,6,work/gate_c1/checkpoints/inner/e88986d6c48d8222699b71beb94210a05a4f22ea3a0c8f0157d5d2f0ce31991a/manifest.json,4f90766025ffa45b53219180081feb2ed4e8b1f3f4698cee8e8ee96072ecc91d,metric_ascending_then_epoch,inner,,,2.9968230724334717,106,2.67527839995455,0.0009587999666109681,2.99682295098653,,,961,1544.5234375,64.69677734375,87c4025aac79d091af50b9805eca68776439fd9b7bbb8ff312ba8be0497a619d,False,5,12,6,e88986d6c48d8222699b71beb94210a05a4f22ea3a0c8f0157d5d2f0ce31991a,COMPLETED,5fb085a7d6aaae842da47721e88536622bae8844c47e6c83911d0314b5b9ed13
C03_causal_tcn,temporal_convolutional_network,rolling_origin_2022-05-17,rolling_origin_2022-05-17__inner_1_2021-07-13,1,e27d31298d882eebee84b2e05b4d3562a394fd7890d671bd4c7e8246f8c78d87,"{""channels"":[16,16],""dropout"":0.0,""kernel_size"":2,""weight_decay"":0.01}",42118,400,12,7361169052bfe3cadd2368cd2ef02303aa4cc77ee8c797e07999b1f8a1146ed4,b4860670a6d31a3886d8b47a9de2a0cd076875a439a80eee28802b214ca9ca3f,9fa21e96643969d4eaee67813ebd6a585a3b32f898e4a48214608c4a2f3eb59b,f66f0702cd2af3d14cb93eea9ff18f36d2df935083344eb93d1e20db7a1a6a68,b2bdd728b334738463654ad9d97c6d4084726879a05cd64ed8b3609638304ed3,d428e315a0d44ced70e25cb6183a1693eabd86a6aa4a758a85235615bbd4d5ef,6c887f5031711cf90d765929cfc71bf7500341474b5538d2c89c1827065d3785,True,44.22887962363749,12,work/gate_c1/checkpoints/inner/6c887f5031711cf90d765929cfc71bf7500341474b5538d2c89c1827065d3785/manifest.json,90af51c04368d6712f5682ee4ea8adeaad2d643570a5aff06df3f15d1450a3c9,metric_ascending_then_epoch,inner,,,3.685739517211914,112,2.730998900020495,0.00101200002245605,3.6857399686364576,,,961,1544.56640625,64.69677734375,7b97344627d8f1ecc54262369ba9c77ae103c42914d3afa61d9321d054c16de7,False,5,12,12,6c887f5031711cf90d765929cfc71bf7500341474b5538d2c89c1827065d3785,COMPLETED,efafb035f373f24bc3ea2e65960b75eb63782b6eb15abc18226a16c8628c05ec
C03_causal_tcn,temporal_convolutional_network,rolling_origin_2022-05-17,rolling_origin_2022-05-17__inner_1_2021-07-13,1,e27d31298d882eebee84b2e05b4d3562a394fd7890d671bd4c7e8246f8c78d87,"{""channels"":[16,16],""dropout"":0.0,""kernel_size"":2,""weight_decay"":0.01}",42119,400,12,7361169052bfe3cadd2368cd2ef02303aa4cc77ee8c797e07999b1f8a1146ed4,b4860670a6d31a3886d8b47a9de2a0cd076875a439a80eee28802b214ca9ca3f,9fa21e96643969d4eaee67813ebd6a585a3b32f898e4a48214608c4a2f3eb59b,f66f0702cd2af3d14cb93eea9ff18f36d2df935083344eb93d1e20db7a1a6a68,b2bdd728b334738463654ad9d97c6d4084726879a05cd64ed8b3609638304ed3,d428e315a0d44ced70e25cb6183a1693eabd86a6aa4a758a85235615bbd4d5ef,234ada4c87e7e2651eb2307c64352e1dd0f75dbc06edc6447f05b70b7a5ddee3,True,45.87308557451174,14,work/gate_c1/checkpoints/inner/234ada4c87e7e2651eb2307c64352e1dd0f75dbc06edc6447f05b70b7a5ddee3/manifest.json,2bd5528f8fa8220739fa46affb919898f6261011c56d19b7518e911bf12eb72e,metric_ascending_then_epoch,inner,,,3.8227572441101074,114,2.755524899926968,0.0011942998971790075,3.8227571312093116,,,961,1544.58203125,64.69677734375,21587e74c5df0f0dff9e1695a8962a4140979c54d62120fabdf12fd056a792c6,False,5,12,14,234ada4c87e7e2651eb2307c64352e1dd0f75dbc06edc6447f05b70b7a5ddee3,COMPLETED,c4c9351d90b66026c4b6626035b114f559c1cf252855176e77a499e09aba77b1
C03_causal_tcn,temporal_convolutional_network,rolling_origin_2022-05-17,rolling_origin_2022-05-17__inner_1_2021-07-13,1,e27d31298d882eebee84b2e05b4d3562a394fd7890d671bd4c7e8246f8c78d87,"{""channels"":[16,16],""dropout"":0.0,""kernel_size"":2,""weight_decay"":0.01}",42120,400,12,7361169052bfe3cadd2368cd2ef02303aa4cc77ee8c797e07999b1f8a1146ed4,b4860670a6d31a3886d8b47a9de2a0cd076875a439a80eee28802b214ca9ca3f,9fa21e96643969d4eaee67813ebd6a585a3b32f898e4a48214608c4a2f3eb59b,f66f0702cd2af3d14cb93eea9ff18f36d2df935083344eb93d1e20db7a1a6a68,b2bdd728b334738463654ad9d97c6d4084726879a05cd64ed8b3609638304ed3,d428e315a0d44ced70e25cb6183a1693eabd86a6aa4a758a85235615bbd4d5ef,c60a83cf131daefe6a15485ca95430c631ce810470773b2cfc157551d599bc67,True,49.59000226321293,17,work/gate_c1/checkpoints/inner/c60a83cf131daefe6a15485ca95430c631ce810470773b2cfc157551d599bc67/manifest.json,614937a5ae867d540deb83af72c4cb3a1c8dac836219eb134e93984dbb3786b9,metric_ascending_then_epoch,inner,,,4.132500171661377,117,3.8728032999206334,0.0017206999473273754,4.132500188601077,,,961,1544.59375,64.69677734375,f64c3eb4ba7bca75ac372fbdefc26a80aaae2808cc7831e5f5ff097b4ef7a8fc,False,5,12,17,c60a83cf131daefe6a15485ca95430c631ce810470773b2cfc157551d599bc67,COMPLETED,eea3a8278fe6ce2be0f1b84625cc01a6a98bea86d55ea4704aa666edd26f76ed
C03_causal_tcn,temporal_convolutional_network,rolling_origin_2022-05-17,rolling_origin_2022-05-17__inner_1_2021-07-13,1,e27d31298d882eebee84b2e05b4d3562a394fd7890d671bd4c7e8246f8c78d87,"{""channels"":[16,16],""dropout"":0.0,""kernel_size"":2,""weight_decay"":0.01}",42121,400,12,7361169052bfe3cadd2368cd2ef02303aa4cc77ee8c797e07999b1f8a1146ed4,b4860670a6d31a3886d8b47a9de2a0cd076875a439a80eee28802b214ca9ca3f,9fa21e96643969d4eaee67813ebd6a585a3b32f898e4a48214608c4a2f3eb59b,f66f0702cd2af3d14cb93eea9ff18f36d2df935083344eb93d1e20db7a1a6a68,b2bdd728b334738463654ad9d97c6d4084726879a05cd64ed8b3609638304ed3,d428e315a0d44ced70e25cb6183a1693eabd86a6aa4a758a85235615bbd4d5ef,c21e3df9239d6e183f1687cf10644eb826571f0cfee9339af982bb9edfec521d,True,28.865649391871138,5,work/gate_c1/checkpoints/inner/c21e3df9239d6e183f1687cf10644eb826571f0cfee9339af982bb9edfec521d/manifest.json,c6a74c6563d9097165af64ec7ada7fd7c26e790099da09425d3da565321a8fd6,metric_ascending_then_epoch,inner,,,2.405470848083496,105,3.3664798999670893,0.0009224999230355024,2.4054707826559283,,,961,1544.625,64.69677734375,c0d3a316169b4c89d4d744f63052c2203a8e19f5863e69d2974cbd2c80f02f38,False,5,12,5,c21e3df9239d6e183f1687cf10644eb826571f0cfee9339af982bb9edfec521d,COMPLETED,f426fd20cd55341791c89d1e0d9f1f5d6eea89aa1f27fd2465331a058cf26898
C03_causal_tcn,temporal_convolutional_network,rolling_origin_2022-05-17,rolling_origin_2022-05-17__inner_2_2021-11-02,1,e27d31298d882eebee84b2e05b4d3562a394fd7890d671bd4c7e8246f8c78d87,"{""channels"":[16,16],""dropout"":0.0,""kernel_size"":2,""weight_decay"":0.01}",42117,412,91,010c62a504d18f06befdb638b6898ac83ed39ef7db251812d6aaedfd6ba961f9,4addff335526e77628b914bf83380de2c81030fb22994a739cb072c37c504f5d,7f05fb1c5e91cc3379f52fbf863cec9f54ac307f58aa857ffe585f6291b77a09,8a00835d13809d189a545d27b156834a3b8a30dce15741eee57ecbb851955632,36f84953e3a28962ea8d373098a8b9484d9e8539a87ca2cfd298364bf9a5b1c6,ccc0c75b3414027ea1b2b86a97407abd5011c87de895d7b1f0e3319cf4615b15,f0c5dd5ef12d1ae50d9dbdc219bef14d56acc5c8e4cda7730acbed10471f92bb,True,550.4089671852228,33,work/gate_c1/checkpoints/inner/f0c5dd5ef12d1ae50d9dbdc219bef14d56acc5c8e4cda7730acbed10471f92bb/manifest.json,26491ee079a3e4a626ab0c1f9bfdbbb01c8f4e81ff1bd75ec1e06085caefaa35,metric_ascending_then_epoch,inner,,,6.048449993133545,133,3.267209899961017,0.0009179000044241548,6.0484501888486015,,,961,1544.50390625,64.90625,1b891629ca52d683629dcaf4d6c2aedc378667f2d140229e46f6436013a85649,False,5,91,33,f0c5dd5ef12d1ae50d9dbdc219bef14d56acc5c8e4cda7730acbed10471f92bb,COMPLETED,fb6962ac5fd303b7b67117e268845a0e5949d14f381e451781fc94f1623e7bd7
C03_causal_tcn,temporal_convolutional_network,rolling_origin_2022-05-17,rolling_origin_2022-05-17__inner_2_2021-11-02,1,e27d31298d882eebee84b2e05b4d3562a394fd7890d671bd4c7e8246f8c78d87,"{""channels"":[16,16],""dropout"":0.0,""kernel_size"":2,""weight_decay"":0.01}",42118,412,91,010c62a504d18f06befdb638b6898ac83ed39ef7db251812d6aaedfd6ba961f9,4addff335526e77628b914bf83380de2c81030fb22994a739cb072c37c504f5d,7f05fb1c5e91cc3379f52fbf863cec9f54ac307f58aa857ffe585f6291b77a09,8a00835d13809d189a545d27b156834a3b8a30dce15741eee57ecbb851955632,36f84953e3a28962ea8d373098a8b9484d9e8539a87ca2cfd298364bf9a5b1c6,ccc0c75b3414027ea1b2b86a97407abd5011c87de895d7b1f0e3319cf4615b15,7300af89f2b44b0b4fb15fd52e5b2edbfc512cc9b59ebf72573e728548baa7a8,True,576.0205810615507,21,work/gate_c1/checkpoints/inner/7300af89f2b44b0b4fb15fd52e5b2edbfc512cc9b59ebf72573e728548baa7a8/manifest.json,5961c3b92064c1949cd44d0d0f69a0b74737dfe8b08d5675d2527f1a6624602f,metric_ascending_then_epoch,inner,,,6.329896450042725,121,2.9371529000345618,0.0010155000491067767,6.329896495181877,,,961,1544.84375,64.90625,e90c4e1545c41f12ce4b39b9be88ef20324d7eb217b1ac5f7d3874b6b424b9aa,False,5,91,21,7300af89f2b44b0b4fb15fd52e5b2edbfc512cc9b59ebf72573e728548baa7a8,COMPLETED,b6ba2ac017d532319431e47619130a3d94842be0406ffb3ee96c6c747278048d
C03_causal_tcn,temporal_convolutional_network,rolling_origin_2022-05-17,rolling_origin_2022-05-17__inner_2_2021-11-02,1,e27d31298d882eebee84b2e05b4d3562a394fd7890d671bd4c7e8246f8c78d87,"{""channels"":[16,16],""dropout"":0.0,""kernel_size"":2,""weight_decay"":0.01}",42119,412,91,010c62a504d18f06befdb638b6898ac83ed39ef7db251812d6aaedfd6ba961f9,4addff335526e77628b914bf83380de2c81030fb22994a739cb072c37c504f5d,7f05fb1c5e91cc3379f52fbf863cec9f54ac307f58aa857ffe585f6291b77a09,8a00835d13809d189a545d27b156834a3b8a30dce15741eee57ecbb851955632,36f84953e3a28962ea8d373098a8b9484d9e8539a87ca2cfd298364bf9a5b1c6,ccc0c75b3414027ea1b2b86a97407abd5011c87de895d7b1f0e3319cf4615b15,d412dc3c534bd0643d5dfeb1b1b570bf06a0aa52f89e079ba626992e340757d8,True,548.8420857353469,22,work/gate_c1/checkpoints/inner/d412dc3c534bd0643d5dfeb1b1b570bf06a0aa52f89e079ba626992e340757d8/manifest.json,6ec1618e48b81bda69c4ea93f4c0277cbc4a249229f32191ff24821134376a6a,metric_ascending_then_epoch,inner,,,6.0312323570251465,122,2.9180938999634236,0.0012372001074254513,6.031231711377439,,,961,1544.890625,64.90625,40a4a90336a489a5a1cc302404fb50b11bb38708dff6e2f5b8cf5183dc804d34,False,5,91,22,d412dc3c534bd0643d5dfeb1b1b570bf06a0aa52f89e079ba626992e340757d8,COMPLETED,3bd4d8cc7e08e6084c876274b78ec6b22d374090950bcaddc3390dd9e3cf98b6
C03_causal_tcn,temporal_convolutional_network,rolling_origin_2022-05-17,rolling_origin_2022-05-17__inner_2_2021-11-02,1,e27d31298d882eebee84b2e05b4d3562a394fd7890d671bd4c7e8246f8c78d87,"{""channels"":[16,16],""dropout"":0.0,""kernel_size"":2,""weight_decay"":0.01}",42120,412,91,010c62a504d18f06befdb638b6898ac83ed39ef7db251812d6aaedfd6ba961f9,4addff335526e77628b914bf83380de2c81030fb22994a739cb072c37c504f5d,7f05fb1c5e91cc3379f52fbf863cec9f54ac307f58aa857ffe585f6291b77a09,8a00835d13809d189a545d27b156834a3b8a30dce15741eee57ecbb851955632,36f84953e3a28962ea8d373098a8b9484d9e8539a87ca2cfd298364bf9a5b1c6,ccc0c75b3414027ea1b2b86a97407abd5011c87de895d7b1f0e3319cf4615b15,4c2780dee9a6eaab17f76e4add992087f9697017c8c8f099d82ad2a04147538b,True,576.5933543730208,14,work/gate_c1/checkpoints/inner/4c2780dee9a6eaab17f76e4add992087f9697017c8c8f099d82ad2a04147538b/manifest.json,1e7dbf2d7ee12423f5923f911fc0bb4a1fa0e5f07bcbb9d105d6cd0cbb36a85f,metric_ascending_then_epoch,inner,,,6.336191177368164,114,2.7613429999910295,0.000942799961194396,6.336190707395833,,,961,1544.8828125,64.90625,1aec8e4a7526b2307b109da858964e84ed4f744469a335bbf19b78da2d9adb96,False,5,91,14,4c2780dee9a6eaab17f76e4add992087f9697017c8c8f099d82ad2a04147538b,COMPLETED,13832ae4edf4da159e19bdea054e9113beb27836b1b9a0f4e5a9637619d13900
C03_causal_tcn,temporal_convolutional_network,rolling_origin_2022-05-17,rolling_origin_2022-05-17__inner_2_2021-11-02,1,e27d31298d882eebee84b2e05b4d3562a394fd7890d671bd4c7e8246f8c78d87,"{""channels"":[16,16],""dropout"":0.0,""kernel_size"":2,""weight_decay"":0.01}",42121,412,91,010c62a504d18f06befdb638b6898ac83ed39ef7db251812d6aaedfd6ba961f9,4addff335526e77628b914bf83380de2c81030fb22994a739cb072c37c504f5d,7f05fb1c5e91cc3379f52fbf863cec9f54ac307f58aa857ffe585f6291b77a09,8a00835d13809d189a545d27b156834a3b8a30dce15741eee57ecbb851955632,36f84953e3a28962ea8d373098a8b9484d9e8539a87ca2cfd298364bf9a5b1c6,ccc0c75b3414027ea1b2b86a97407abd5011c87de895d7b1f0e3319cf4615b15,97b8649b4534e0cc4c9e0279048a5e487d82ba8ee61efd3ab96fb6aa87909a60,True,628.1945497224024,26,work/gate_c1/checkpoints/inner/97b8649b4534e0cc4c9e0279048a5e487d82ba8ee61efd3ab96fb6aa87909a60/manifest.json,fcf89bab7cae8ca06e48d20faf8ff514922e0fb7a43acb8183812ebb99bc9b19,metric_ascending_then_epoch,inner,,,6.9032368659973145,126,3.0028791000368074,0.000969099928624928,6.90323681013629,,,961,1544.90234375,64.90625,61d0fd80d7712ba28727f3db85b9a840d9c8d941659ba90d179afff0f91a3623,False,5,91,26,97b8649b4534e0cc4c9e0279048a5e487d82ba8ee61efd3ab96fb6aa87909a60,COMPLETED,327c30befedb5f304b1b0051684021a5a06f7a8274d980018ab51c001c62ea80
C03_causal_tcn,temporal_convolutional_network,rolling_origin_2022-05-17,rolling_origin_2022-05-17__inner_3_2022-03-01,1,e27d31298d882eebee84b2e05b4d3562a394fd7890d671bd4c7e8246f8c78d87,"{""channels"":[16,16],""dropout"":0.0,""kernel_size"":2,""weight_decay"":0.01}",42117,503,14,39aa646abc71af790b5651b8d371ac3c5da9fc850975ea1f0e8eec1efe1ac7db,9400eab919178645d0c73e6bb3aa0c337b1fad589dd35096e9a2f2224f92f670,27b9d01554473ba0d7d5e204594bbe3764c21dd3a9ac94c3b6ba29d175b53e9c,baa127dc377d14a943bf7c5e7dc2bc49cb4fbb6b4bfc7fa7e4552964e94e8504,e86643bea02486a38d5b4d4b4c1e2929c4f5105d99aa1faa3b7b234c0750b1ba,9c550f8d59add4345a65b64acb3a283518f28cff2d54771a03c2797412edb43c,adc2423e35ece5368af74a49789607b90213cc4d203bf061af1e075116eb3d65,False,130.2239279019211,16,work/gate_c1/checkpoints/inner/adc2423e35ece5368af74a49789607b90213cc4d203bf061af1e075116eb3d65/manifest.json,3aacfbff30138a335e7cfa245055eb02b57077b8b781c8a6dd15897544b56369,metric_ascending_then_epoch,inner,,,9.301709175109863,116,3.4424320000689477,0.0011134999804198742,9.301709135851507,,,961,1544.98828125,64.76806640625,47e7861c1c6a9f1bef8617591db1c219c483a0829c17fb33267e8209cc26bfc2,False,5,14,16,adc2423e35ece5368af74a49789607b90213cc4d203bf061af1e075116eb3d65,COMPLETED,8db9e8cf8dbd267239b9c785b251283bd1c3ed96e65686a88a06458364958572
C03_causal_tcn,temporal_convolutional_network,rolling_origin_2022-05-17,rolling_origin_2022-05-17__inner_3_2022-03-01,1,e27d31298d882eebee84b2e05b4d3562a394fd7890d671bd4c7e8246f8c78d87,"{""channels"":[16,16],""dropout"":0.0,""kernel_size"":2,""weight_decay"":0.01}",42118,503,14,39aa646abc71af790b5651b8d371ac3c5da9fc850975ea1f0e8eec1efe1ac7db,9400eab919178645d0c73e6bb3aa0c337b1fad589dd35096e9a2f2224f92f670,27b9d01554473ba0d7d5e204594bbe3764c21dd3a9ac94c3b6ba29d175b53e9c,baa127dc377d14a943bf7c5e7dc2bc49cb4fbb6b4bfc7fa7e4552964e94e8504,e86643bea02486a38d5b4d4b4c1e2929c4f5105d99aa1faa3b7b234c0750b1ba,9c550f8d59add4345a65b64acb3a283518f28cff2d54771a03c2797412edb43c,a5875de21d6752756509407309dd5504fe984cf75fcdd315c724f9c60e459b4c,False,107.85534920023517,21,work/gate_c1/checkpoints/inner/a5875de21d6752756509407309dd5504fe984cf75fcdd315c724f9c60e459b4c/manifest.json,57af78c12a32e41c5257c5b88c302ecbfef64af9d8fc9e30f5b34a78553deeee,metric_ascending_then_epoch,inner,,,7.703953742980957,121,3.492888600099832,0.0009487000061199069,7.703953514302512,,,961,1545.05078125,64.76806640625,95a7fc32d19608d4f431a4bf7105755559366b0f42fff40ff9633c1dfba11c69,False,5,14,21,a5875de21d6752756509407309dd5504fe984cf75fcdd315c724f9c60e459b4c,COMPLETED,2e1ba8b9dd93632e9761a344d42875c1373f68e7b8aade6e9951a843bdb4068c
C03_causal_tcn,temporal_convolutional_network,rolling_origin_2022-05-17,rolling_origin_2022-05-17__inner_3_2022-03-01,1,e27d31298d882eebee84b2e05b4d3562a394fd7890d671bd4c7e8246f8c78d87,"{""channels"":[16,16],""dropout"":0.0,""kernel_size"":2,""weight_decay"":0.01}",42119,503,14,39aa646abc71af790b5651b8d371ac3c5da9fc850975ea1f0e8eec1efe1ac7db,9400eab919178645d0c73e6bb3aa0c337b1fad589dd35096e9a2f2224f92f670,27b9d01554473ba0d7d5e204594bbe3764c21dd3a9ac94c3b6ba29d175b53e9c,baa127dc377d14a943bf7c5e7dc2bc49cb4fbb6b4bfc7fa7e4552964e94e8504,e86643bea02486a38d5b4d4b4c1e2929c4f5105d99aa1faa3b7b234c0750b1ba,9c550f8d59add4345a65b64acb3a283518f28cff2d54771a03c2797412edb43c,552d007dfb89f03cf8a382d0adbff3688a4eb5333350fc357c0149dffc53ef94,False,119.21160043967271,14,work/gate_c1/checkpoints/inner/552d007dfb89f03cf8a382d0adbff3688a4eb5333350fc357c0149dffc53ef94/manifest.json,20025bfce9a3eca53617e4d89d1cac89eba3df7818e387893ab2145f1fab3649,metric_ascending_then_epoch,inner,,,8.515114784240723,114,3.2952131000347435,0.0018656000029295683,8.51511431711948,,,961,1545.07421875,64.76806640625,0f485a70da287f8c62b920b52104748d46d2a263c5b4c8ab27c9cd90a7150962,False,5,14,14,552d007dfb89f03cf8a382d0adbff3688a4eb5333350fc357c0149dffc53ef94,COMPLETED,c0a184954fa40c21ec36d5830cf7dfd84bf8b94b55fd23d35ff888c044e47039
C03_causal_tcn,temporal_convolutional_network,rolling_origin_2022-05-17,rolling_origin_2022-05-17__inner_3_2022-03-01,1,e27d31298d882eebee84b2e05b4d3562a394fd7890d671bd4c7e8246f8c78d87,"{""channels"":[16,16],""dropout"":0.0,""kernel_size"":2,""weight_decay"":0.01}",42120,503,14,39aa646abc71af790b5651b8d371ac3c5da9fc850975ea1f0e8eec1efe1ac7db,9400eab919178645d0c73e6bb3aa0c337b1fad589dd35096e9a2f2224f92f670,27b9d01554473ba0d7d5e204594bbe3764c21dd3a9ac94c3b6ba29d175b53e9c,baa127dc377d14a943bf7c5e7dc2bc49cb4fbb6b4bfc7fa7e4552964e94e8504,e86643bea02486a38d5b4d4b4c1e2929c4f5105d99aa1faa3b7b234c0750b1ba,9c550f8d59add4345a65b64acb3a283518f28cff2d54771a03c2797412edb43c,4d9fc2d5cd3bfebcda418aba88e2ee39ea657001073bd0d6d0e68380af8b31b6,False,129.5350785515634,9,work/gate_c1/checkpoints/inner/4d9fc2d5cd3bfebcda418aba88e2ee39ea657001073bd0d6d0e68380af8b31b6/manifest.json,1a3b950623bcd9d7cf73fad2057862fd76737c988a32859fb2499599efbd7993,metric_ascending_then_epoch,inner,,,9.2525053024292,109,3.160675900056958,0.0009231000440195203,9.252505610825958,,,961,1545.08203125,64.76806640625,a2301fa797677375180c154dc645bfb555b7646c362d1287aeefb3095ab68c5d,False,5,14,9,4d9fc2d5cd3bfebcda418aba88e2ee39ea657001073bd0d6d0e68380af8b31b6,COMPLETED,3d9a36cc6a5ddcac5bc47aaec4fa1c0e68f753361bd3346ec4b98289fef5c54f
C03_causal_tcn,temporal_convolutional_network,rolling_origin_2022-05-17,rolling_origin_2022-05-17__inner_3_2022-03-01,1,e27d31298d882eebee84b2e05b4d3562a394fd7890d671bd4c7e8246f8c78d87,"{""channels"":[16,16],""dropout"":0.0,""kernel_size"":2,""weight_decay"":0.01}",42121,503,14,39aa646abc71af790b5651b8d371ac3c5da9fc850975ea1f0e8eec1efe1ac7db,9400eab919178645d0c73e6bb3aa0c337b1fad589dd35096e9a2f2224f92f670,27b9d01554473ba0d7d5e204594bbe3764c21dd3a9ac94c3b6ba29d175b53e9c,baa127dc377d14a943bf7c5e7dc2bc49cb4fbb6b4bfc7fa7e4552964e94e8504,e86643bea02486a38d5b4d4b4c1e2929c4f5105d99aa1faa3b7b234c0750b1ba,9c550f8d59add4345a65b64acb3a283518f28cff2d54771a03c2797412edb43c,c487df7811190a96a68cbfdc7c153e049996125c720841f93b06548cce481fd2,False,119.79588168568326,12,work/gate_c1/checkpoints/inner/c487df7811190a96a68cbfdc7c153e049996125c720841f93b06548cce481fd2/manifest.json,8663554579418f6c72ac95f08301551280be98d3a097a8664816da5306e0a4db,metric_ascending_then_epoch,inner,,,8.556848526000977,112,3.237765899975784,0.0012806999729946256,8.556848691834519,,,961,1545.09375,64.76806640625,1652b81c57b79bf65759169f7a54c75caedddebc3b5e2f0c9fed4b061ffd2b55,False,5,14,12,c487df7811190a96a68cbfdc7c153e049996125c720841f93b06548cce481fd2,COMPLETED,0ac15db09f71c5e6f95f94a1c4f40a310238d69699a4371b12b6e99162946b0d
C03_causal_tcn,temporal_convolutional_network,rolling_origin_2022-05-17,rolling_origin_2022-05-17__inner_1_2021-07-13,2,979a33c73df5cdc829940664e90441e472ef9d27981b969989a13da8012655c4,"{""channels"":[16,16],""dropout"":0.0,""kernel_size"":3,""weight_decay"":0.0001}",42117,400,12,7361169052bfe3cadd2368cd2ef02303aa4cc77ee8c797e07999b1f8a1146ed4,b4860670a6d31a3886d8b47a9de2a0cd076875a439a80eee28802b214ca9ca3f,9fa21e96643969d4eaee67813ebd6a585a3b32f898e4a48214608c4a2f3eb59b,f66f0702cd2af3d14cb93eea9ff18f36d2df935083344eb93d1e20db7a1a6a68,b2bdd728b334738463654ad9d97c6d4084726879a05cd64ed8b3609638304ed3,d428e315a0d44ced70e25cb6183a1693eabd86a6aa4a758a85235615bbd4d5ef,0a62d86773229a0b72a0def79e31481d0ea95f6ad909458acc404aeff9768a7f,True,56.22459070396303,20,work/gate_c1/checkpoints/inner/0a62d86773229a0b72a0def79e31481d0ea95f6ad909458acc404aeff9768a7f/manifest.json,8cceef51ce79cdae2f159d26da08645c450258135ec93498cf5ce2244c7d4800,metric_ascending_then_epoch,inner,,,4.68538236618042,120,3.7794555999571458,0.0009472999954596162,4.685382558663586,,,1345,1544.88671875,64.72802734375,87c4025aac79d091af50b9805eca68776439fd9b7bbb8ff312ba8be0497a619d,False,5,12,20,0a62d86773229a0b72a0def79e31481d0ea95f6ad909458acc404aeff9768a7f,COMPLETED,5fb085a7d6aaae842da47721e88536622bae8844c47e6c83911d0314b5b9ed13
C03_causal_tcn,temporal_convolutional_network,rolling_origin_2022-05-17,rolling_origin_2022-05-17__inner_1_2021-07-13,2,979a33c73df5cdc829940664e90441e472ef9d27981b969989a13da8012655c4,"{""channels"":[16,16],""dropout"":0.0,""kernel_size"":3,""weight_decay"":0.0001}",42118,400,12,7361169052bfe3cadd2368cd2ef02303aa4cc77ee8c797e07999b1f8a1146ed4,b4860670a6d31a3886d8b47a9de2a0cd076875a439a80eee28802b214ca9ca3f,9fa21e96643969d4eaee67813ebd6a585a3b32f898e4a48214608c4a2f3eb59b,f66f0702cd2af3d14cb93eea9ff18f36d2df935083344eb93d1e20db7a1a6a68,b2bdd728b334738463654ad9d97c6d4084726879a05cd64ed8b3609638304ed3,d428e315a0d44ced70e25cb6183a1693eabd86a6aa4a758a85235615bbd4d5ef,b2b697c8f7a27a08dbcdfec30beef7e31af3d8158ec34ae5cc04fcac4d6c5ee7,True,47.40373138541664,16,work/gate_c1/checkpoints/inner/b2b697c8f7a27a08dbcdfec30beef7e31af3d8158ec34ae5cc04fcac4d6c5ee7/manifest.json,bd0b83645cc9fc793aaed9d9b0250a4cbaf0b8294ddbaf451a70824115b36458,metric_ascending_then_epoch,inner,,,3.9503109455108643,116,3.2558141000336036,0.0012329000746831298,3.95031094878472,,,1345,1545.21875,64.72802734375,7b97344627d8f1ecc54262369ba9c77ae103c42914d3afa61d9321d054c16de7,False,5,12,16,b2b697c8f7a27a08dbcdfec30beef7e31af3d8158ec34ae5cc04fcac4d6c5ee7,COMPLETED,efafb035f373f24bc3ea2e65960b75eb63782b6eb15abc18226a16c8628c05ec
C03_causal_tcn,temporal_convolutional_network,rolling_origin_2022-05-17,rolling_origin_2022-05-17__inner_1_2021-07-13,2,979a33c73df5cdc829940664e90441e472ef9d27981b969989a13da8012655c4,"{""channels"":[16,16],""dropout"":0.0,""kernel_size"":3,""weight_decay"":0.0001}",42119,400,12,7361169052bfe3cadd2368cd2ef02303aa4cc77ee8c797e07999b1f8a1146ed4,b4860670a6d31a3886d8b47a9de2a0cd076875a439a80eee28802b214ca9ca3f,9fa21e96643969d4eaee67813ebd6a585a3b32f898e4a48214608c4a2f3eb59b,f66f0702cd2af3d14cb93eea9ff18f36d2df935083344eb93d1e20db7a1a6a68,b2bdd728b334738463654ad9d97c6d4084726879a05cd64ed8b3609638304ed3,d428e315a0d44ced70e25cb6183a1693eabd86a6aa4a758a85235615bbd4d5ef,f745041e69c26e1516abc8633384b46e7c569b3eff10a6b96d6482ffe0a45b68,True,34.50531493484817,27,work/gate_c1/checkpoints/inner/f745041e69c26e1516abc8633384b46e7c569b3eff10a6b96d6482ffe0a45b68/manifest.json,5d64a2738c41d742fe504070c4357a4d610752eb9975f86a93208de23654a0bd,metric_ascending_then_epoch,inner,,,2.8754429817199707,127,3.03602429991588,0.0009919999865815043,2.875442911237348,,,1345,1545.2421875,64.72802734375,21587e74c5df0f0dff9e1695a8962a4140979c54d62120fabdf12fd056a792c6,False,5,12,27,f745041e69c26e1516abc8633384b46e7c569b3eff10a6b96d6482ffe0a45b68,COMPLETED,c4c9351d90b66026c4b6626035b114f559c1cf252855176e77a499e09aba77b1
C03_causal_tcn,temporal_convolutional_network,rolling_origin_2022-05-17,rolling_origin_2022-05-17__inner_1_2021-07-13,2,979a33c73df5cdc829940664e90441e472ef9d27981b969989a13da8012655c4,"{""channels"":[16,16],""dropout"":0.0,""kernel_size"":3,""weight_decay"":0.0001}",42120,400,12,7361169052bfe3cadd2368cd2ef02303aa4cc77ee8c797e07999b1f8a1146ed4,b4860670a6d31a3886d8b47a9de2a0cd076875a439a80eee28802b214ca9ca3f,9fa21e96643969d4eaee67813ebd6a585a3b32f898e4a48214608c4a2f3eb59b,f66f0702cd2af3d14cb93eea9ff18f36d2df935083344eb93d1e20db7a1a6a68,b2bdd728b334738463654ad9d97c6d4084726879a05cd64ed8b3609638304ed3,d428e315a0d44ced70e25cb6183a1693eabd86a6aa4a758a85235615bbd4d5ef,30fd986ac685c5066076f05da67881d6e6ddfbef933c15c246de288dc87d76f2,True,46.224315811625566,9,work/gate_c1/checkpoints/inner/30fd986ac685c5066076f05da67881d6e6ddfbef933c15c246de288dc87d76f2/manifest.json,052da0dbee169f826c5fc91907fdbb8ddd25c5c8ae3aefda61d1b6649384527a,metric_ascending_then_epoch,inner,,,3.8520264625549316,109,3.5637256000190973,0.001192399999126792,3.8520263176354637,,,1345,1545.25390625,64.72802734375,f64c3eb4ba7bca75ac372fbdefc26a80aaae2808cc7831e5f5ff097b4ef7a8fc,False,5,12,9,30fd986ac685c5066076f05da67881d6e6ddfbef933c15c246de288dc87d76f2,COMPLETED,eea3a8278fe6ce2be0f1b84625cc01a6a98bea86d55ea4704aa666edd26f76ed
C03_causal_tcn,temporal_convolutional_network,rolling_origin_2022-05-17,rolling_origin_2022-05-17__inner_1_2021-07-13,2,979a33c73df5cdc829940664e90441e472ef9d27981b969989a13da8012655c4,"{""channels"":[16,16],""dropout"":0.0,""kernel_size"":3,""weight_decay"":0.0001}",42121,400,12,7361169052bfe3cadd2368cd2ef02303aa4cc77ee8c797e07999b1f8a1146ed4,b4860670a6d31a3886d8b47a9de2a0cd076875a439a80eee28802b214ca9ca3f,9fa21e96643969d4eaee67813ebd6a585a3b32f898e4a48214608c4a2f3eb59b,f66f0702cd2af3d14cb93eea9ff18f36d2df935083344eb93d1e20db7a1a6a68,b2bdd728b334738463654ad9d97c6d4084726879a05cd64ed8b3609638304ed3,d428e315a0d44ced70e25cb6183a1693eabd86a6aa4a758a85235615bbd4d5ef,bc3387d606ec4e9690da23d46b1709fd80d2680163bafa7912d30ec018325035,True,38.76815404539512,17,work/gate_c1/checkpoints/inner/bc3387d606ec4e9690da23d46b1709fd80d2680163bafa7912d30ec018325035/manifest.json,fff9c08cb1e63261bebc039908e92144ca94123262f4dd0225ea4b0de6b76a36,metric_ascending_then_epoch,inner,,,3.2306792736053467,117,3.7975329000037163,0.0010112999007105827,3.230679503782927,,,1345,1545.28125,64.72802734375,c0d3a316169b4c89d4d744f63052c2203a8e19f5863e69d2974cbd2c80f02f38,False,5,12,17,bc3387d606ec4e9690da23d46b1709fd80d2680163bafa7912d30ec018325035,COMPLETED,f426fd20cd55341791c89d1e0d9f1f5d6eea89aa1f27fd2465331a058cf26898
C03_causal_tcn,temporal_convolutional_network,rolling_origin_2022-05-17,rolling_origin_2022-05-17__inner_2_2021-11-02,2,979a33c73df5cdc829940664e90441e472ef9d27981b969989a13da8012655c4,"{""channels"":[16,16],""dropout"":0.0,""kernel_size"":3,""weight_decay"":0.0001}",42117,412,91,010c62a504d18f06befdb638b6898ac83ed39ef7db251812d6aaedfd6ba961f9,4addff335526e77628b914bf83380de2c81030fb22994a739cb072c37c504f5d,7f05fb1c5e91cc3379f52fbf863cec9f54ac307f58aa857ffe585f6291b77a09,8a00835d13809d189a545d27b156834a3b8a30dce15741eee57ecbb851955632,36f84953e3a28962ea8d373098a8b9484d9e8539a87ca2cfd298364bf9a5b1c6,ccc0c75b3414027ea1b2b86a97407abd5011c87de895d7b1f0e3319cf4615b15,7787e4daee7d166068891bb010fbb6737021119d809e9d5ee4c1f52c4a872b48,True,502.4921653318814,22,work/gate_c1/checkpoints/inner/7787e4daee7d166068891bb010fbb6737021119d809e9d5ee4c1f52c4a872b48/manifest.json,09e3d516fb1d1113f78c9b5ed89c6990d550149ee021858e5aed3b30a7fd372f,metric_ascending_then_epoch,inner,,,5.521892070770264,122,2.9625259999884292,0.0010154000483453274,5.5218919267239714,,,1345,1545.16796875,64.93408203125,1b891629ca52d683629dcaf4d6c2aedc378667f2d140229e46f6436013a85649,False,5,91,22,7787e4daee7d166068891bb010fbb6737021119d809e9d5ee4c1f52c4a872b48,COMPLETED,fb6962ac5fd303b7b67117e268845a0e5949d14f381e451781fc94f1623e7bd7
C03_causal_tcn,temporal_convolutional_network,rolling_origin_2022-05-17,rolling_origin_2022-05-17__inner_2_2021-11-02,2,979a33c73df5cdc829940664e90441e472ef9d27981b969989a13da8012655c4,"{""channels"":[16,16],""dropout"":0.0,""kernel_size"":3,""weight_decay"":0.0001}",42118,412,91,010c62a504d18f06befdb638b6898ac83ed39ef7db251812d6aaedfd6ba961f9,4addff335526e77628b914bf83380de2c81030fb22994a739cb072c37c504f5d,7f05fb1c5e91cc3379f52fbf863cec9f54ac307f58aa857ffe585f6291b77a09,8a00835d13809d189a545d27b156834a3b8a30dce15741eee57ecbb851955632,36f84953e3a28962ea8d373098a8b9484d9e8539a87ca2cfd298364bf9a5b1c6,ccc0c75b3414027ea1b2b86a97407abd5011c87de895d7b1f0e3319cf4615b15,e21cfcefce4e5d5625f69008379a3c5c1538762c334f9817ea412fa4b12ba392,True,534.7318663406816,24,work/gate_c1/checkpoints/inner/e21cfcefce4e5d5625f69008379a3c5c1538762c334f9817ea412fa4b12ba392/manifest.json,a24724776f23d3a1e0759d18021b53656725fcdc2791653f84068c516c0a395c,metric_ascending_then_epoch,inner,,,5.8761749267578125,124,2.9304921999573708,0.001076500047929585,5.876174355392105,,,1345,1545.51953125,64.93408203125,e90c4e1545c41f12ce4b39b9be88ef20324d7eb217b1ac5f7d3874b6b424b9aa,False,5,91,24,e21cfcefce4e5d5625f69008379a3c5c1538762c334f9817ea412fa4b12ba392,COMPLETED,b6ba2ac017d532319431e47619130a3d94842be0406ffb3ee96c6c747278048d
C03_causal_tcn,temporal_convolutional_network,rolling_origin_2022-05-17,rolling_origin_2022-05-17__inner_2_2021-11-02,2,979a33c73df5cdc829940664e90441e472ef9d27981b969989a13da8012655c4,"{""channels"":[16,16],""dropout"":0.0,""kernel_size"":3,""weight_decay"":0.0001}",42119,412,91,010c62a504d18f06befdb638b6898ac83ed39ef7db251812d6aaedfd6ba961f9,4addff335526e77628b914bf83380de2c81030fb22994a739cb072c37c504f5d,7f05fb1c5e91cc3379f52fbf863cec9f54ac307f58aa857ffe585f6291b77a09,8a00835d13809d189a545d27b156834a3b8a30dce15741eee57ecbb851955632,36f84953e3a28962ea8d373098a8b9484d9e8539a87ca2cfd298364bf9a5b1c6,ccc0c75b3414027ea1b2b86a97407abd5011c87de895d7b1f0e3319cf4615b15,3d4a1c8c158043b1ab9957326d968ae0db0821ad5f45132e9e5dd5be61cea30c,True,501.8810246675308,24,work/gate_c1/checkpoints/inner/3d4a1c8c158043b1ab9957326d968ae0db0821ad5f45132e9e5dd5be61cea30c/manifest.json,65358d8e1485bc7e2356dd7922e4874501288d3766ff94c4765cc17cec013bc6,metric_ascending_then_epoch,inner,,,5.515176296234131,124,2.9306933000916615,0.0009564000647515059,5.5151760952475914,,,1345,1545.5625,64.93408203125,40a4a90336a489a5a1cc302404fb50b11bb38708dff6e2f5b8cf5183dc804d34,False,5,91,24,3d4a1c8c158043b1ab9957326d968ae0db0821ad5f45132e9e5dd5be61cea30c,COMPLETED,3bd4d8cc7e08e6084c876274b78ec6b22d374090950bcaddc3390dd9e3cf98b6
C03_causal_tcn,temporal_convolutional_network,rolling_origin_2022-05-17,rolling_origin_2022-05-17__inner_2_2021-11-02,2,979a33c73df5cdc829940664e90441e472ef9d27981b969989a13da8012655c4,"{""channels"":[16,16],""dropout"":0.0,""kernel_size"":3,""weight_decay"":0.0001}",42120,412,91,010c62a504d18f06befdb638b6898ac83ed39ef7db251812d6aaedfd6ba961f9,4addff335526e77628b914bf83380de2c81030fb22994a739cb072c37c504f5d,7f05fb1c5e91cc3379f52fbf863cec9f54ac307f58aa857ffe585f6291b77a09,8a00835d13809d189a545d27b156834a3b8a30dce15741eee57ecbb851955632,36f84953e3a28962ea8d373098a8b9484d9e8539a87ca2cfd298364bf9a5b1c6,ccc0c75b3414027ea1b2b86a97407abd5011c87de895d7b1f0e3319cf4615b15,e7764d0e9bcdc167279f9a504094daa2dd4916ebec63566b86611835ccd66554,True,647.8359029597901,106,work/gate_c1/checkpoints/inner/e7764d0e9bcdc167279f9a504094daa2dd4916ebec63566b86611835ccd66554/manifest.json,918b8ebb2c132eb380ff7058b65ed0fdf008ebc09196f3f940f56f6bb4b3691a,metric_ascending_then_epoch,inner,,,7.119075775146484,206,4.919287099968642,0.0009165999945253134,7.119075856700991,,,1345,1545.5703125,64.93408203125,1aec8e4a7526b2307b109da858964e84ed4f744469a335bbf19b78da2d9adb96,False,5,91,106,e7764d0e9bcdc167279f9a504094daa2dd4916ebec63566b86611835ccd66554,COMPLETED,13832ae4edf4da159e19bdea054e9113beb27836b1b9a0f4e5a9637619d13900
C03_causal_tcn,temporal_convolutional_network,rolling_origin_2022-05-17,rolling_origin_2022-05-17__inner_2_2021-11-02,2,979a33c73df5cdc829940664e90441e472ef9d27981b969989a13da8012655c4,"{""channels"":[16,16],""dropout"":0.0,""kernel_size"":3,""weight_decay"":0.0001}",42121,412,91,010c62a504d18f06befdb638b6898ac83ed39ef7db251812d6aaedfd6ba961f9,4addff335526e77628b914bf83380de2c81030fb22994a739cb072c37c504f5d,7f05fb1c5e91cc3379f52fbf863cec9f54ac307f58aa857ffe585f6291b77a09,8a00835d13809d189a545d27b156834a3b8a30dce15741eee57ecbb851955632,36f84953e3a28962ea8d373098a8b9484d9e8539a87ca2cfd298364bf9a5b1c6,ccc0c75b3414027ea1b2b86a97407abd5011c87de895d7b1f0e3319cf4615b15,630162d2e495acfd8bbf395dbe5b336cae4740d59809ee0b953e79b97ec5755e,True,531.2697873812187,40,work/gate_c1/checkpoints/inner/630162d2e495acfd8bbf395dbe5b336cae4740d59809ee0b953e79b97ec5755e/manifest.json,17453643743230baa39a0c843a85fac3f53c296b4957e532a52f065989e8145f,metric_ascending_then_epoch,inner,,,5.838128566741943,140,3.35414710000623,0.0009411000646650791,5.838129531661744,,,1345,1545.66015625,64.93408203125,61d0fd80d7712ba28727f3db85b9a840d9c8d941659ba90d179afff0f91a3623,False,5,91,40,630162d2e495acfd8bbf395dbe5b336cae4740d59809ee0b953e79b97ec5755e,COMPLETED,327c30befedb5f304b1b0051684021a5a06f7a8274d980018ab51c001c62ea80
C03_causal_tcn,temporal_convolutional_network,rolling_origin_2022-05-17,rolling_origin_2022-05-17__inner_3_2022-03-01,2,979a33c73df5cdc829940664e90441e472ef9d27981b969989a13da8012655c4,"{""channels"":[16,16],""dropout"":0.0,""kernel_size"":3,""weight_decay"":0.0001}",42117,503,14,39aa646abc71af790b5651b8d371ac3c5da9fc850975ea1f0e8eec1efe1ac7db,9400eab919178645d0c73e6bb3aa0c337b1fad589dd35096e9a2f2224f92f670,27b9d01554473ba0d7d5e204594bbe3764c21dd3a9ac94c3b6ba29d175b53e9c,baa127dc377d14a943bf7c5e7dc2bc49cb4fbb6b4bfc7fa7e4552964e94e8504,e86643bea02486a38d5b4d4b4c1e2929c4f5105d99aa1faa3b7b234c0750b1ba,9c550f8d59add4345a65b64acb3a283518f28cff2d54771a03c2797412edb43c,9a96d5314fbe128b9b81fc57540fdbbb13cafa52cc68a6aec9fac28e442896c2,False,105.00972919656266,11,work/gate_c1/checkpoints/inner/9a96d5314fbe128b9b81fc57540fdbbb13cafa52cc68a6aec9fac28e442896c2/manifest.json,6de29401fada8e4fdf8529bc70b1b93b8ff7d3de3eb958a510459117491f950d,metric_ascending_then_epoch,inner,,,7.500694751739502,111,3.1903972999425605,0.0012005000608041883,7.500694942611618,,,1345,1545.37109375,64.79931640625,47e7861c1c6a9f1bef8617591db1c219c483a0829c17fb33267e8209cc26bfc2,False,5,14,11,9a96d5314fbe128b9b81fc57540fdbbb13cafa52cc68a6aec9fac28e442896c2,COMPLETED,8db9e8cf8dbd267239b9c785b251283bd1c3ed96e65686a88a06458364958572
C03_causal_tcn,temporal_convolutional_network,rolling_origin_2022-05-17,rolling_origin_2022-05-17__inner_3_2022-03-01,2,979a33c73df5cdc829940664e90441e472ef9d27981b969989a13da8012655c4,"{""channels"":[16,16],""dropout"":0.0,""kernel_size"":3,""weight_decay"":0.0001}",42118,503,14,39aa646abc71af790b5651b8d371ac3c5da9fc850975ea1f0e8eec1efe1ac7db,9400eab919178645d0c73e6bb3aa0c337b1fad589dd35096e9a2f2224f92f670,27b9d01554473ba0d7d5e204594bbe3764c21dd3a9ac94c3b6ba29d175b53e9c,baa127dc377d14a943bf7c5e7dc2bc49cb4fbb6b4bfc7fa7e4552964e94e8504,e86643bea02486a38d5b4d4b4c1e2929c4f5105d99aa1faa3b7b234c0750b1ba,9c550f8d59add4345a65b64acb3a283518f28cff2d54771a03c2797412edb43c,6a8f46eb273fb4a289bb20f5e38f3bd593e4d6b5e9e602b48798a53d520205e2,False,117.97607993581964,8,work/gate_c1/checkpoints/inner/6a8f46eb273fb4a289bb20f5e38f3bd593e4d6b5e9e602b48798a53d520205e2/manifest.json,9c5ec97485881659c16ca8b6cb0d72a761e435aa553725bda0f15014c81cbb15,metric_ascending_then_epoch,inner,,,8.426863670349121,108,3.164892900036648,0.0009368000319227576,8.426862852558546,,,1345,1545.796875,64.79931640625,95a7fc32d19608d4f431a4bf7105755559366b0f42fff40ff9633c1dfba11c69,False,5,14,8,6a8f46eb273fb4a289bb20f5e38f3bd593e4d6b5e9e602b48798a53d520205e2,COMPLETED,2e1ba8b9dd93632e9761a344d42875c1373f68e7b8aade6e9951a843bdb4068c
C03_causal_tcn,temporal_convolutional_network,rolling_origin_2022-05-17,rolling_origin_2022-05-17__inner_3_2022-03-01,2,979a33c73df5cdc829940664e90441e472ef9d27981b969989a13da8012655c4,"{""channels"":[16,16],""dropout"":0.0,""kernel_size"":3,""weight_decay"":0.0001}",42119,503,14,39aa646abc71af790b5651b8d371ac3c5da9fc850975ea1f0e8eec1efe1ac7db,9400eab919178645d0c73e6bb3aa0c337b1fad589dd35096e9a2f2224f92f670,27b9d01554473ba0d7d5e204594bbe3764c21dd3a9ac94c3b6ba29d175b53e9c,baa127dc377d14a943bf7c5e7dc2bc49cb4fbb6b4bfc7fa7e4552964e94e8504,e86643bea02486a38d5b4d4b4c1e2929c4f5105d99aa1faa3b7b234c0750b1ba,9c550f8d59add4345a65b64acb3a283518f28cff2d54771a03c2797412edb43c,6bd2b0e5f1234475c511a700ad0726b0dfca3da07cab5bcce3e3cca423b32b00,False,118.01902027231634,6,work/gate_c1/checkpoints/inner/6bd2b0e5f1234475c511a700ad0726b0dfca3da07cab5bcce3e3cca423b32b00/manifest.json,8320c891b412db42a9e0456b5b51b32e6702d735e923728aa637c76439eb6509,metric_ascending_then_epoch,inner,,,8.429930686950684,106,3.170497599989176,0.000928599969483912,8.429930019451167,,,1345,1545.82421875,64.79931640625,0f485a70da287f8c62b920b52104748d46d2a263c5b4c8ab27c9cd90a7150962,False,5,14,6,6bd2b0e5f1234475c511a700ad0726b0dfca3da07cab5bcce3e3cca423b32b00,COMPLETED,c0a184954fa40c21ec36d5830cf7dfd84bf8b94b55fd23d35ff888c044e47039
C03_causal_tcn,temporal_convolutional_network,rolling_origin_2022-05-17,rolling_origin_2022-05-17__inner_3_2022-03-01,2,979a33c73df5cdc829940664e90441e472ef9d27981b969989a13da8012655c4,"{""channels"":[16,16],""dropout"":0.0,""kernel_size"":3,""weight_decay"":0.0001}",42120,503,14,39aa646abc71af790b5651b8d371ac3c5da9fc850975ea1f0e8eec1efe1ac7db,9400eab919178645d0c73e6bb3aa0c337b1fad589dd35096e9a2f2224f92f670,27b9d01554473ba0d7d5e204594bbe3764c21dd3a9ac94c3b6ba29d175b53e9c,baa127dc377d14a943bf7c5e7dc2bc49cb4fbb6b4bfc7fa7e4552964e94e8504,e86643bea02486a38d5b4d4b4c1e2929c4f5105d99aa1faa3b7b234c0750b1ba,9c550f8d59add4345a65b64acb3a283518f28cff2d54771a03c2797412edb43c,cb824620b9b99f4d8aa761e61c918319b76f7ad8f8e1c9287a2281aaf1b49ded,False,123.72053279979204,23,work/gate_c1/checkpoints/inner/cb824620b9b99f4d8aa761e61c918319b76f7ad8f8e1c9287a2281aaf1b49ded/manifest.json,23037b15f6edebf8d88a014c37673368c8d2fb99d0d1fc4b73a6e8261a446342,metric_ascending_then_epoch,inner,,,8.83718204498291,123,3.6258848999859765,0.0009576999582350254,8.83718091427086,,,1345,1545.83203125,64.79931640625,a2301fa797677375180c154dc645bfb555b7646c362d1287aeefb3095ab68c5d,False,5,14,23,cb824620b9b99f4d8aa761e61c918319b76f7ad8f8e1c9287a2281aaf1b49ded,COMPLETED,3d9a36cc6a5ddcac5bc47aaec4fa1c0e68f753361bd3346ec4b98289fef5c54f
C03_causal_tcn,temporal_convolutional_network,rolling_origin_2022-05-17,rolling_origin_2022-05-17__inner_3_2022-03-01,2,979a33c73df5cdc829940664e90441e472ef9d27981b969989a13da8012655c4,"{""channels"":[16,16],""dropout"":0.0,""kernel_size"":3,""weight_decay"":0.0001}",42121,503,14,39aa646abc71af790b5651b8d371ac3c5da9fc850975ea1f0e8eec1efe1ac7db,9400eab919178645d0c73e6bb3aa0c337b1fad589dd35096e9a2f2224f92f670,27b9d01554473ba0d7d5e204594bbe3764c21dd3a9ac94c3b6ba29d175b53e9c,baa127dc377d14a943bf7c5e7dc2bc49cb4fbb6b4bfc7fa7e4552964e94e8504,e86643bea02486a38d5b4d4b4c1e2929c4f5105d99aa1faa3b7b234c0750b1ba,9c550f8d59add4345a65b64acb3a283518f28cff2d54771a03c2797412edb43c,358ed85682392cb98a2a72a9499660b0d1cb46b4b9889ec5b0e16b960397158b,False,114.56604315556574,23,work/gate_c1/checkpoints/inner/358ed85682392cb98a2a72a9499660b0d1cb46b4b9889ec5b0e16b960397158b/manifest.json,256c9d691ac0b8c76b748c59984c81c217767e272bb82c77578b1383f48b57ca,metric_ascending_then_epoch,inner,,,8.18328857421875,123,3.7128838000353426,0.0009074000408872962,8.183288796826124,,,1345,1545.84765625,64.79931640625,1652b81c57b79bf65759169f7a54c75caedddebc3b5e2f0c9fed4b061ffd2b55,False,5,14,23,358ed85682392cb98a2a72a9499660b0d1cb46b4b9889ec5b0e16b960397158b,COMPLETED,0ac15db09f71c5e6f95f94a1c4f40a310238d69699a4371b12b6e99162946b0d
C03_causal_tcn,temporal_convolutional_network,rolling_origin_2022-05-17,rolling_origin_2022-05-17__inner_1_2021-07-13,3,cfc6bf8fb46aea2c037b83732b1a2a41bbd51196c4345807273180bba0664d82,"{""channels"":[16,16],""dropout"":0.0,""kernel_size"":3,""weight_decay"":0.01}",42117,400,12,7361169052bfe3cadd2368cd2ef02303aa4cc77ee8c797e07999b1f8a1146ed4,b4860670a6d31a3886d8b47a9de2a0cd076875a439a80eee28802b214ca9ca3f,9fa21e96643969d4eaee67813ebd6a585a3b32f898e4a48214608c4a2f3eb59b,f66f0702cd2af3d14cb93eea9ff18f36d2df935083344eb93d1e20db7a1a6a68,b2bdd728b334738463654ad9d97c6d4084726879a05cd64ed8b3609638304ed3,d428e315a0d44ced70e25cb6183a1693eabd86a6aa4a758a85235615bbd4d5ef,d32ffdeed1b3e0c6c0f72031e6403e74bb8e3e0a2d8336a7d6b0779797c3af03,True,56.3762189629699,20,work/gate_c1/checkpoints/inner/d32ffdeed1b3e0c6c0f72031e6403e74bb8e3e0a2d8336a7d6b0779797c3af03/manifest.json,9ad0175c5c0628deaf4e3278f0cc6cebf7ee6ba845f6b420dffc3fceaceb2971,metric_ascending_then_epoch,inner,,,4.6980180740356445,120,3.7485814000247046,0.0010163000551983714,4.698018246914159,,,1345,1545.3203125,64.72802734375,87c4025aac79d091af50b9805eca68776439fd9b7bbb8ff312ba8be0497a619d,False,5,12,20,d32ffdeed1b3e0c6c0f72031e6403e74bb8e3e0a2d8336a7d6b0779797c3af03,COMPLETED,5fb085a7d6aaae842da47721e88536622bae8844c47e6c83911d0314b5b9ed13
C03_causal_tcn,temporal_convolutional_network,rolling_origin_2022-05-17,rolling_origin_2022-05-17__inner_1_2021-07-13,3,cfc6bf8fb46aea2c037b83732b1a2a41bbd51196c4345807273180bba0664d82,"{""channels"":[16,16],""dropout"":0.0,""kernel_size"":3,""weight_decay"":0.01}",42118,400,12,7361169052bfe3cadd2368cd2ef02303aa4cc77ee8c797e07999b1f8a1146ed4,b4860670a6d31a3886d8b47a9de2a0cd076875a439a80eee28802b214ca9ca3f,9fa21e96643969d4eaee67813ebd6a585a3b32f898e4a48214608c4a2f3eb59b,f66f0702cd2af3d14cb93eea9ff18f36d2df935083344eb93d1e20db7a1a6a68,b2bdd728b334738463654ad9d97c6d4084726879a05cd64ed8b3609638304ed3,d428e315a0d44ced70e25cb6183a1693eabd86a6aa4a758a85235615bbd4d5ef,dd2dd608c2e8b58ecf95789c7811aa2c392cdbabc2c42615d5ee51626656cac1,True,47.04506213827387,16,work/gate_c1/checkpoints/inner/dd2dd608c2e8b58ecf95789c7811aa2c392cdbabc2c42615d5ee51626656cac1/manifest.json,5f386452e40969b2153da071b992476a4628f4230e65ab8eb26363a54eec6006,metric_ascending_then_epoch,inner,,,3.920422077178955,116,3.5848422000417486,0.000911500072106719,3.920421844856156,,,1345,1545.3359375,64.72802734375,7b97344627d8f1ecc54262369ba9c77ae103c42914d3afa61d9321d054c16de7,False,5,12,16,dd2dd608c2e8b58ecf95789c7811aa2c392cdbabc2c42615d5ee51626656cac1,COMPLETED,efafb035f373f24bc3ea2e65960b75eb63782b6eb15abc18226a16c8628c05ec
C03_causal_tcn,temporal_convolutional_network,rolling_origin_2022-05-17,rolling_origin_2022-05-17__inner_1_2021-07-13,3,cfc6bf8fb46aea2c037b83732b1a2a41bbd51196c4345807273180bba0664d82,"{""channels"":[16,16],""dropout"":0.0,""kernel_size"":3,""weight_decay"":0.01}",42119,400,12,7361169052bfe3cadd2368cd2ef02303aa4cc77ee8c797e07999b1f8a1146ed4,b4860670a6d31a3886d8b47a9de2a0cd076875a439a80eee28802b214ca9ca3f,9fa21e96643969d4eaee67813ebd6a585a3b32f898e4a48214608c4a2f3eb59b,f66f0702cd2af3d14cb93eea9ff18f36d2df935083344eb93d1e20db7a1a6a68,b2bdd728b334738463654ad9d97c6d4084726879a05cd64ed8b3609638304ed3,d428e315a0d44ced70e25cb6183a1693eabd86a6aa4a758a85235615bbd4d5ef,b56e6e30fd361847097ab3de7f7ff99102a05bf4dce4cac271d51f9ce4fe9522,True,34.99830705078451,35,work/gate_c1/checkpoints/inner/b56e6e30fd361847097ab3de7f7ff99102a05bf4dce4cac271d51f9ce4fe9522/manifest.json,be04a0ba576f0de1d1fb9c3636f42c86c1542b1b517a65d3a167af1452d4c610,metric_ascending_then_epoch,inner,,,2.9165256023406982,135,4.335074599948712,0.0009295999770984054,2.916525587565376,,,1345,1545.3671875,64.72802734375,21587e74c5df0f0dff9e1695a8962a4140979c54d62120fabdf12fd056a792c6,False,5,12,35,b56e6e30fd361847097ab3de7f7ff99102a05bf4dce4cac271d51f9ce4fe9522,COMPLETED,c4c9351d90b66026c4b6626035b114f559c1cf252855176e77a499e09aba77b1
C03_causal_tcn,temporal_convolutional_network,rolling_origin_2022-05-17,rolling_origin_2022-05-17__inner_1_2021-07-13,3,cfc6bf8fb46aea2c037b83732b1a2a41bbd51196c4345807273180bba0664d82,"{""channels"":[16,16],""dropout"":0.0,""kernel_size"":3,""weight_decay"":0.01}",42120,400,12,7361169052bfe3cadd2368cd2ef02303aa4cc77ee8c797e07999b1f8a1146ed4,b4860670a6d31a3886d8b47a9de2a0cd076875a439a80eee28802b214ca9ca3f,9fa21e96643969d4eaee67813ebd6a585a3b32f898e4a48214608c4a2f3eb59b,f66f0702cd2af3d14cb93eea9ff18f36d2df935083344eb93d1e20db7a1a6a68,b2bdd728b334738463654ad9d97c6d4084726879a05cd64ed8b3609638304ed3,d428e315a0d44ced70e25cb6183a1693eabd86a6aa4a758a85235615bbd4d5ef,54152db339a7ac17390ce3adc2f27f5bcfdadb4c10bf0d75876a2da4deb27a49,True,46.18219920039497,9,work/gate_c1/checkpoints/inner/54152db339a7ac17390ce3adc2f27f5bcfdadb4c10bf0d75876a2da4deb27a49/manifest.json,92833ad31f5839a9b0d5bc7e74fc185fa81622e70d57b46bdbd31ef76bce2d87,metric_ascending_then_epoch,inner,,,3.8485162258148193,109,3.390586799941957,0.0009328000014647841,3.848516600032914,,,1345,1545.3828125,64.72802734375,f64c3eb4ba7bca75ac372fbdefc26a80aaae2808cc7831e5f5ff097b4ef7a8fc,False,5,12,9,54152db339a7ac17390ce3adc2f27f5bcfdadb4c10bf0d75876a2da4deb27a49,COMPLETED,eea3a8278fe6ce2be0f1b84625cc01a6a98bea86d55ea4704aa666edd26f76ed
C03_causal_tcn,temporal_convolutional_network,rolling_origin_2022-05-17,rolling_origin_2022-05-17__inner_1_2021-07-13,3,cfc6bf8fb46aea2c037b83732b1a2a41bbd51196c4345807273180bba0664d82,"{""channels"":[16,16],""dropout"":0.0,""kernel_size"":3,""weight_decay"":0.01}",42121,400,12,7361169052bfe3cadd2368cd2ef02303aa4cc77ee8c797e07999b1f8a1146ed4,b4860670a6d31a3886d8b47a9de2a0cd076875a439a80eee28802b214ca9ca3f,9fa21e96643969d4eaee67813ebd6a585a3b32f898e4a48214608c4a2f3eb59b,f66f0702cd2af3d14cb93eea9ff18f36d2df935083344eb93d1e20db7a1a6a68,b2bdd728b334738463654ad9d97c6d4084726879a05cd64ed8b3609638304ed3,d428e315a0d44ced70e25cb6183a1693eabd86a6aa4a758a85235615bbd4d5ef,93d51ae7cd3c8afd3807d49495522ec8186022df1ffabdcad69689763dd59db2,True,38.81698156966674,17,work/gate_c1/checkpoints/inner/93d51ae7cd3c8afd3807d49495522ec8186022df1ffabdcad69689763dd59db2/manifest.json,41935f198367c8c046efcd6fc84f9234a8a07f4e1f5e2ee515505855b8f95655,metric_ascending_then_epoch,inner,,,3.234748601913452,117,3.3546428000554442,0.000951700028963387,3.2347484641388946,,,1345,1545.42578125,64.72802734375,c0d3a316169b4c89d4d744f63052c2203a8e19f5863e69d2974cbd2c80f02f38,False,5,12,17,93d51ae7cd3c8afd3807d49495522ec8186022df1ffabdcad69689763dd59db2,COMPLETED,f426fd20cd55341791c89d1e0d9f1f5d6eea89aa1f27fd2465331a058cf26898
C03_causal_tcn,temporal_convolutional_network,rolling_origin_2022-05-17,rolling_origin_2022-05-17__inner_2_2021-11-02,3,cfc6bf8fb46aea2c037b83732b1a2a41bbd51196c4345807273180bba0664d82,"{""channels"":[16,16],""dropout"":0.0,""kernel_size"":3,""weight_decay"":0.01}",42117,412,91,010c62a504d18f06befdb638b6898ac83ed39ef7db251812d6aaedfd6ba961f9,4addff335526e77628b914bf83380de2c81030fb22994a739cb072c37c504f5d,7f05fb1c5e91cc3379f52fbf863cec9f54ac307f58aa857ffe585f6291b77a09,8a00835d13809d189a545d27b156834a3b8a30dce15741eee57ecbb851955632,36f84953e3a28962ea8d373098a8b9484d9e8539a87ca2cfd298364bf9a5b1c6,ccc0c75b3414027ea1b2b86a97407abd5011c87de895d7b1f0e3319cf4615b15,97cb7d37b2475fa2ac3f7f0019f1ab21e98350e9103b94eed04f04ba5cc9c1f0,True,501.86004279506466,25,work/gate_c1/checkpoints/inner/97cb7d37b2475fa2ac3f7f0019f1ab21e98350e9103b94eed04f04ba5cc9c1f0/manifest.json,efe50af8b7875d578e4567f64140d14f7c9faf8af14020a9ca539f1cf68f6d91,metric_ascending_then_epoch,inner,,,5.5149455070495605,125,3.040627900045365,0.0009851999348029494,5.514945525220491,,,1345,1545.6328125,64.93408203125,1b891629ca52d683629dcaf4d6c2aedc378667f2d140229e46f6436013a85649,False,5,91,25,97cb7d37b2475fa2ac3f7f0019f1ab21e98350e9103b94eed04f04ba5cc9c1f0,COMPLETED,fb6962ac5fd303b7b67117e268845a0e5949d14f381e451781fc94f1623e7bd7
C03_causal_tcn,temporal_convolutional_network,rolling_origin_2022-05-17,rolling_origin_2022-05-17__inner_2_2021-11-02,3,cfc6bf8fb46aea2c037b83732b1a2a41bbd51196c4345807273180bba0664d82,"{""channels"":[16,16],""dropout"":0.0,""kernel_size"":3,""weight_decay"":0.01}",42118,412,91,010c62a504d18f06befdb638b6898ac83ed39ef7db251812d6aaedfd6ba961f9,4addff335526e77628b914bf83380de2c81030fb22994a739cb072c37c504f5d,7f05fb1c5e91cc3379f52fbf863cec9f54ac307f58aa857ffe585f6291b77a09,8a00835d13809d189a545d27b156834a3b8a30dce15741eee57ecbb851955632,36f84953e3a28962ea8d373098a8b9484d9e8539a87ca2cfd298364bf9a5b1c6,ccc0c75b3414027ea1b2b86a97407abd5011c87de895d7b1f0e3319cf4615b15,3ef1d02728f5d595beeab229b8305b2ea66a9b5e5bbbd658315c3c881765f0b1,True,534.1548557676922,24,work/gate_c1/checkpoints/inner/3ef1d02728f5d595beeab229b8305b2ea66a9b5e5bbbd658315c3c881765f0b1/manifest.json,5f3cd7c9a8c4eaf1fbba5f8aa16228d9e12bcb98aa5db976a1514235d822c8ca,metric_ascending_then_epoch,inner,,,5.869833946228027,124,3.030036900076084,0.001777700032107532,5.86983357986475,,,1345,1545.6484375,64.93408203125,e90c4e1545c41f12ce4b39b9be88ef20324d7eb217b1ac5f7d3874b6b424b9aa,False,5,91,24,3ef1d02728f5d595beeab229b8305b2ea66a9b5e5bbbd658315c3c881765f0b1,COMPLETED,b6ba2ac017d532319431e47619130a3d94842be0406ffb3ee96c6c747278048d
C03_causal_tcn,temporal_convolutional_network,rolling_origin_2022-05-17,rolling_origin_2022-05-17__inner_2_2021-11-02,3,cfc6bf8fb46aea2c037b83732b1a2a41bbd51196c4345807273180bba0664d82,"{""channels"":[16,16],""dropout"":0.0,""kernel_size"":3,""weight_decay"":0.01}",42119,412,91,010c62a504d18f06befdb638b6898ac83ed39ef7db251812d6aaedfd6ba961f9,4addff335526e77628b914bf83380de2c81030fb22994a739cb072c37c504f5d,7f05fb1c5e91cc3379f52fbf863cec9f54ac307f58aa857ffe585f6291b77a09,8a00835d13809d189a545d27b156834a3b8a30dce15741eee57ecbb851955632,36f84953e3a28962ea8d373098a8b9484d9e8539a87ca2cfd298364bf9a5b1c6,ccc0c75b3414027ea1b2b86a97407abd5011c87de895d7b1f0e3319cf4615b15,5ea0ef956462e3a510ea7762718ac8cb073ce95f7cd96c4859387b4eb4bba9c3,True,501.5733290138113,24,work/gate_c1/checkpoints/inner/5ea0ef956462e3a510ea7762718ac8cb073ce95f7cd96c4859387b4eb4bba9c3/manifest.json,a0e52a8078b740d623e4060556d5eb811d03f25e4b575a5789b88131f3ee5668,metric_ascending_then_epoch,inner,,,5.511794567108154,124,4.275678400066681,0.0015948000364005566,5.5117948243275965,,,1345,1545.6796875,64.93408203125,40a4a90336a489a5a1cc302404fb50b11bb38708dff6e2f5b8cf5183dc804d34,False,5,91,24,5ea0ef956462e3a510ea7762718ac8cb073ce95f7cd96c4859387b4eb4bba9c3,COMPLETED,3bd4d8cc7e08e6084c876274b78ec6b22d374090950bcaddc3390dd9e3cf98b6
C03_causal_tcn,temporal_convolutional_network,rolling_origin_2022-05-17,rolling_origin_2022-05-17__inner_2_2021-11-02,3,cfc6bf8fb46aea2c037b83732b1a2a41bbd51196c4345807273180bba0664d82,"{""channels"":[16,16],""dropout"":0.0,""kernel_size"":3,""weight_decay"":0.01}",42120,412,91,010c62a504d18f06befdb638b6898ac83ed39ef7db251812d6aaedfd6ba961f9,4addff335526e77628b914bf83380de2c81030fb22994a739cb072c37c504f5d,7f05fb1c5e91cc3379f52fbf863cec9f54ac307f58aa857ffe585f6291b77a09,8a00835d13809d189a545d27b156834a3b8a30dce15741eee57ecbb851955632,36f84953e3a28962ea8d373098a8b9484d9e8539a87ca2cfd298364bf9a5b1c6,ccc0c75b3414027ea1b2b86a97407abd5011c87de895d7b1f0e3319cf4615b15,169f9b60a8cfc8cf9a912d8585238523f5cd67e0fdbaa920b9da4584149ddf00,True,657.926468999048,69,work/gate_c1/checkpoints/inner/169f9b60a8cfc8cf9a912d8585238523f5cd67e0fdbaa920b9da4584149ddf00/manifest.json,7e3e8da1ed82fd46a2d780e8a4cc6794f3b85cf72b6ee0f2f03b212ecfe3113f,metric_ascending_then_epoch,inner,,,7.22996187210083,169,5.806214499985799,0.0014681000029668212,7.229961197791736,,,1345,1545.6875,64.93408203125,1aec8e4a7526b2307b109da858964e84ed4f744469a335bbf19b78da2d9adb96,False,5,91,69,169f9b60a8cfc8cf9a912d8585238523f5cd67e0fdbaa920b9da4584149ddf00,COMPLETED,13832ae4edf4da159e19bdea054e9113beb27836b1b9a0f4e5a9637619d13900
C03_causal_tcn,temporal_convolutional_network,rolling_origin_2022-05-17,rolling_origin_2022-05-17__inner_2_2021-11-02,3,cfc6bf8fb46aea2c037b83732b1a2a41bbd51196c4345807273180bba0664d82,"{""channels"":[16,16],""dropout"":0.0,""kernel_size"":3,""weight_decay"":0.01}",42121,412,91,010c62a504d18f06befdb638b6898ac83ed39ef7db251812d6aaedfd6ba961f9,4addff335526e77628b914bf83380de2c81030fb22994a739cb072c37c504f5d,7f05fb1c5e91cc3379f52fbf863cec9f54ac307f58aa857ffe585f6291b77a09,8a00835d13809d189a545d27b156834a3b8a30dce15741eee57ecbb851955632,36f84953e3a28962ea8d373098a8b9484d9e8539a87ca2cfd298364bf9a5b1c6,ccc0c75b3414027ea1b2b86a97407abd5011c87de895d7b1f0e3319cf4615b15,7a19b82ada788457c6c64ee153ac0566b40021fd4d1bd708e7368014306e4364,True,533.0040825045788,40,work/gate_c1/checkpoints/inner/7a19b82ada788457c6c64ee153ac0566b40021fd4d1bd708e7368014306e4364/manifest.json,3e693e1f8e3068d9a58d8b717e289ae898cbed05926aabac88632934ce3f93b0,metric_ascending_then_epoch,inner,,,5.857187271118164,140,4.467237000004388,0.0010130999144166708,5.857187719830536,,,1345,1545.72265625,64.93408203125,61d0fd80d7712ba28727f3db85b9a840d9c8d941659ba90d179afff0f91a3623,False,5,91,40,7a19b82ada788457c6c64ee153ac0566b40021fd4d1bd708e7368014306e4364,COMPLETED,327c30befedb5f304b1b0051684021a5a06f7a8274d980018ab51c001c62ea80
C03_causal_tcn,temporal_convolutional_network,rolling_origin_2022-05-17,rolling_origin_2022-05-17__inner_3_2022-03-01,3,cfc6bf8fb46aea2c037b83732b1a2a41bbd51196c4345807273180bba0664d82,"{""channels"":[16,16],""dropout"":0.0,""kernel_size"":3,""weight_decay"":0.01}",42117,503,14,39aa646abc71af790b5651b8d371ac3c5da9fc850975ea1f0e8eec1efe1ac7db,9400eab919178645d0c73e6bb3aa0c337b1fad589dd35096e9a2f2224f92f670,27b9d01554473ba0d7d5e204594bbe3764c21dd3a9ac94c3b6ba29d175b53e9c,baa127dc377d14a943bf7c5e7dc2bc49cb4fbb6b4bfc7fa7e4552964e94e8504,e86643bea02486a38d5b4d4b4c1e2929c4f5105d99aa1faa3b7b234c0750b1ba,9c550f8d59add4345a65b64acb3a283518f28cff2d54771a03c2797412edb43c,f6daba33d8d4223326a0007036563993213882d7af22ca399b7f8a9fed21f5e5,False,105.22849671101201,11,work/gate_c1/checkpoints/inner/f6daba33d8d4223326a0007036563993213882d7af22ca399b7f8a9fed21f5e5/manifest.json,46305098e7af3de3783264aeb4644b314c063be1b1d06416588a9f71c45cb04b,metric_ascending_then_epoch,inner,,,7.516321182250977,111,3.3278037999989465,0.0009410999482497573,7.516321193643715,,,1345,1545.890625,64.79931640625,47e7861c1c6a9f1bef8617591db1c219c483a0829c17fb33267e8209cc26bfc2,False,5,14,11,f6daba33d8d4223326a0007036563993213882d7af22ca399b7f8a9fed21f5e5,COMPLETED,8db9e8cf8dbd267239b9c785b251283bd1c3ed96e65686a88a06458364958572
C03_causal_tcn,temporal_convolutional_network,rolling_origin_2022-05-17,rolling_origin_2022-05-17__inner_3_2022-03-01,3,cfc6bf8fb46aea2c037b83732b1a2a41bbd51196c4345807273180bba0664d82,"{""channels"":[16,16],""dropout"":0.0,""kernel_size"":3,""weight_decay"":0.01}",42118,503,14,39aa646abc71af790b5651b8d371ac3c5da9fc850975ea1f0e8eec1efe1ac7db,9400eab919178645d0c73e6bb3aa0c337b1fad589dd35096e9a2f2224f92f670,27b9d01554473ba0d7d5e204594bbe3764c21dd3a9ac94c3b6ba29d175b53e9c,baa127dc377d14a943bf7c5e7dc2bc49cb4fbb6b4bfc7fa7e4552964e94e8504,e86643bea02486a38d5b4d4b4c1e2929c4f5105d99aa1faa3b7b234c0750b1ba,9c550f8d59add4345a65b64acb3a283518f28cff2d54771a03c2797412edb43c,1ab6d47c3f679dc9c446a0cc60b16b9d9591be4aecf7f9a36bc28a79838871e2,False,117.88248291775804,8,work/gate_c1/checkpoints/inner/1ab6d47c3f679dc9c446a0cc60b16b9d9591be4aecf7f9a36bc28a79838871e2/manifest.json,c5f42e34d721be89f98d93cd08beacdbd09f7e41eed9e9222da14b7d33e0d933,metric_ascending_then_epoch,inner,,,8.420177459716797,108,3.162196100107394,0.0009707000572234392,8.420177351268432,,,1345,1545.93359375,64.79931640625,95a7fc32d19608d4f431a4bf7105755559366b0f42fff40ff9633c1dfba11c69,False,5,14,8,1ab6d47c3f679dc9c446a0cc60b16b9d9591be4aecf7f9a36bc28a79838871e2,COMPLETED,2e1ba8b9dd93632e9761a344d42875c1373f68e7b8aade6e9951a843bdb4068c
C03_causal_tcn,temporal_convolutional_network,rolling_origin_2022-05-17,rolling_origin_2022-05-17__inner_3_2022-03-01,3,cfc6bf8fb46aea2c037b83732b1a2a41bbd51196c4345807273180bba0664d82,"{""channels"":[16,16],""dropout"":0.0,""kernel_size"":3,""weight_decay"":0.01}",42119,503,14,39aa646abc71af790b5651b8d371ac3c5da9fc850975ea1f0e8eec1efe1ac7db,9400eab919178645d0c73e6bb3aa0c337b1fad589dd35096e9a2f2224f92f670,27b9d01554473ba0d7d5e204594bbe3764c21dd3a9ac94c3b6ba29d175b53e9c,baa127dc377d14a943bf7c5e7dc2bc49cb4fbb6b4bfc7fa7e4552964e94e8504,e86643bea02486a38d5b4d4b4c1e2929c4f5105d99aa1faa3b7b234c0750b1ba,9c550f8d59add4345a65b64acb3a283518f28cff2d54771a03c2797412edb43c,fc32513694889c99402034d24a3cdba18b3452578c3391cb918f12cd0135bbf1,False,118.0697499775727,6,work/gate_c1/checkpoints/inner/fc32513694889c99402034d24a3cdba18b3452578c3391cb918f12cd0135bbf1/manifest.json,3dcc6aa6a818de4679299930c931b39fd04766aaabe51b9baa55cde69bc479a5,metric_ascending_then_epoch,inner,,,8.433553695678711,106,3.061089299968444,0.0009522000327706337,8.433553569826621,,,1345,1546.0390625,64.79931640625,0f485a70da287f8c62b920b52104748d46d2a263c5b4c8ab27c9cd90a7150962,False,5,14,6,fc32513694889c99402034d24a3cdba18b3452578c3391cb918f12cd0135bbf1,COMPLETED,c0a184954fa40c21ec36d5830cf7dfd84bf8b94b55fd23d35ff888c044e47039
C03_causal_tcn,temporal_convolutional_network,rolling_origin_2022-05-17,rolling_origin_2022-05-17__inner_3_2022-03-01,3,cfc6bf8fb46aea2c037b83732b1a2a41bbd51196c4345807273180bba0664d82,"{""channels"":[16,16],""dropout"":0.0,""kernel_size"":3,""weight_decay"":0.01}",42120,503,14,39aa646abc71af790b5651b8d371ac3c5da9fc850975ea1f0e8eec1efe1ac7db,9400eab919178645d0c73e6bb3aa0c337b1fad589dd35096e9a2f2224f92f670,27b9d01554473ba0d7d5e204594bbe3764c21dd3a9ac94c3b6ba29d175b53e9c,baa127dc377d14a943bf7c5e7dc2bc49cb4fbb6b4bfc7fa7e4552964e94e8504,e86643bea02486a38d5b4d4b4c1e2929c4f5105d99aa1faa3b7b234c0750b1ba,9c550f8d59add4345a65b64acb3a283518f28cff2d54771a03c2797412edb43c,2195085822f7ccb3425d44dc6201d93682d6c6f4c236706193d12fdd9fd837cf,False,123.29742578902571,47,work/gate_c1/checkpoints/inner/2195085822f7ccb3425d44dc6201d93682d6c6f4c236706193d12fdd9fd837cf/manifest.json,82b445b1c8e6f2ae88d3f957ac40f65d058cddd0d0c1683a33a13db4d7c66dae,metric_ascending_then_epoch,inner,,,8.806960105895996,147,4.245118399965577,0.0009371999185532331,8.806958984930407,,,1345,1546.0390625,64.79931640625,a2301fa797677375180c154dc645bfb555b7646c362d1287aeefb3095ab68c5d,False,5,14,47,2195085822f7ccb3425d44dc6201d93682d6c6f4c236706193d12fdd9fd837cf,COMPLETED,3d9a36cc6a5ddcac5bc47aaec4fa1c0e68f753361bd3346ec4b98289fef5c54f
C03_causal_tcn,temporal_convolutional_network,rolling_origin_2022-05-17,rolling_origin_2022-05-17__inner_3_2022-03-01,3,cfc6bf8fb46aea2c037b83732b1a2a41bbd51196c4345807273180bba0664d82,"{""channels"":[16,16],""dropout"":0.0,""kernel_size"":3,""weight_decay"":0.01}",42121,503,14,39aa646abc71af790b5651b8d371ac3c5da9fc850975ea1f0e8eec1efe1ac7db,9400eab919178645d0c73e6bb3aa0c337b1fad589dd35096e9a2f2224f92f670,27b9d01554473ba0d7d5e204594bbe3764c21dd3a9ac94c3b6ba29d175b53e9c,baa127dc377d14a943bf7c5e7dc2bc49cb4fbb6b4bfc7fa7e4552964e94e8504,e86643bea02486a38d5b4d4b4c1e2929c4f5105d99aa1faa3b7b234c0750b1ba,9c550f8d59add4345a65b64acb3a283518f28cff2d54771a03c2797412edb43c,f7ba619cfee861644594c04572cbf0f5227a777e4b314699712aa12cd45b82c5,False,114.859016004436,23,work/gate_c1/checkpoints/inner/f7ba619cfee861644594c04572cbf0f5227a777e4b314699712aa12cd45b82c5/manifest.json,e77df1ec0c243542a1222d64c31df09accd496cdb3f9415a697524d25bc8e166,metric_ascending_then_epoch,inner,,,8.204216003417969,123,3.510927499970421,0.0009201000211760402,8.204215428888286,,,1345,1546.0390625,64.79931640625,1652b81c57b79bf65759169f7a54c75caedddebc3b5e2f0c9fed4b061ffd2b55,False,5,14,23,f7ba619cfee861644594c04572cbf0f5227a777e4b314699712aa12cd45b82c5,COMPLETED,0ac15db09f71c5e6f95f94a1c4f40a310238d69699a4371b12b6e99162946b0d
C03_causal_tcn,temporal_convolutional_network,rolling_origin_2022-05-17,rolling_origin_2022-05-17__inner_1_2021-07-13,4,59b60d393107520ed24b14d33c8003817da316e6b4abb39bd7d8ae54931c5e1e,"{""channels"":[16,16],""dropout"":0.1,""kernel_size"":2,""weight_decay"":0.0001}",42117,400,12,7361169052bfe3cadd2368cd2ef02303aa4cc77ee8c797e07999b1f8a1146ed4,b4860670a6d31a3886d8b47a9de2a0cd076875a439a80eee28802b214ca9ca3f,9fa21e96643969d4eaee67813ebd6a585a3b32f898e4a48214608c4a2f3eb59b,f66f0702cd2af3d14cb93eea9ff18f36d2df935083344eb93d1e20db7a1a6a68,b2bdd728b334738463654ad9d97c6d4084726879a05cd64ed8b3609638304ed3,d428e315a0d44ced70e25cb6183a1693eabd86a6aa4a758a85235615bbd4d5ef,f8d467834bf531aedc32cd89ab56a6ba596dd70d71d447c5ed909a9cbeba380d,True,37.41862440347802,6,work/gate_c1/checkpoints/inner/f8d467834bf531aedc32cd89ab56a6ba596dd70d71d447c5ed909a9cbeba380d/manifest.json,aa3d8f894e5199c84981f15b85f535d44a0e92a99ebc793cce901caf7a43064e,metric_ascending_then_epoch,inner,,,3.1182186603546143,106,2.9667346000205725,0.0016907999524846673,3.118218700289835,,,961,1559.83984375,64.74365234375,87c4025aac79d091af50b9805eca68776439fd9b7bbb8ff312ba8be0497a619d,False,5,12,6,f8d467834bf531aedc32cd89ab56a6ba596dd70d71d447c5ed909a9cbeba380d,COMPLETED,5fb085a7d6aaae842da47721e88536622bae8844c47e6c83911d0314b5b9ed13
C03_causal_tcn,temporal_convolutional_network,rolling_origin_2022-05-17,rolling_origin_2022-05-17__inner_1_2021-07-13,4,59b60d393107520ed24b14d33c8003817da316e6b4abb39bd7d8ae54931c5e1e,"{""channels"":[16,16],""dropout"":0.1,""kernel_size"":2,""weight_decay"":0.0001}",42118,400,12,7361169052bfe3cadd2368cd2ef02303aa4cc77ee8c797e07999b1f8a1146ed4,b4860670a6d31a3886d8b47a9de2a0cd076875a439a80eee28802b214ca9ca3f,9fa21e96643969d4eaee67813ebd6a585a3b32f898e4a48214608c4a2f3eb59b,f66f0702cd2af3d14cb93eea9ff18f36d2df935083344eb93d1e20db7a1a6a68,b2bdd728b334738463654ad9d97c6d4084726879a05cd64ed8b3609638304ed3,d428e315a0d44ced70e25cb6183a1693eabd86a6aa4a758a85235615bbd4d5ef,19ac29882e0b490f9452586b63f982fc7f83ca0514e3892d0ef5ecbafde3db3d,True,42.90469193512791,12,work/gate_c1/checkpoints/inner/19ac29882e0b490f9452586b63f982fc7f83ca0514e3892d0ef5ecbafde3db3d/manifest.json,278bace3e3c84461cfcb79cfb0073841dfb5f20ecc3344eba57ce49b26bc2361,metric_ascending_then_epoch,inner,,,3.5753910541534424,112,3.3592353001004085,0.0016830000095069408,3.575390994593992,,,961,1562.4765625,64.74365234375,7b97344627d8f1ecc54262369ba9c77ae103c42914d3afa61d9321d054c16de7,False,5,12,12,19ac29882e0b490f9452586b63f982fc7f83ca0514e3892d0ef5ecbafde3db3d,COMPLETED,efafb035f373f24bc3ea2e65960b75eb63782b6eb15abc18226a16c8628c05ec
C03_causal_tcn,temporal_convolutional_network,rolling_origin_2022-05-17,rolling_origin_2022-05-17__inner_1_2021-07-13,4,59b60d393107520ed24b14d33c8003817da316e6b4abb39bd7d8ae54931c5e1e,"{""channels"":[16,16],""dropout"":0.1,""kernel_size"":2,""weight_decay"":0.0001}",42119,400,12,7361169052bfe3cadd2368cd2ef02303aa4cc77ee8c797e07999b1f8a1146ed4,b4860670a6d31a3886d8b47a9de2a0cd076875a439a80eee28802b214ca9ca3f,9fa21e96643969d4eaee67813ebd6a585a3b32f898e4a48214608c4a2f3eb59b,f66f0702cd2af3d14cb93eea9ff18f36d2df935083344eb93d1e20db7a1a6a68,b2bdd728b334738463654ad9d97c6d4084726879a05cd64ed8b3609638304ed3,d428e315a0d44ced70e25cb6183a1693eabd86a6aa4a758a85235615bbd4d5ef,33cb74b344ed52bd5f0a4808e8e6843c810366e3bf0ab5da0b71ed2219eeb092,True,45.56310261525807,23,work/gate_c1/checkpoints/inner/33cb74b344ed52bd5f0a4808e8e6843c810366e3bf0ab5da0b71ed2219eeb092/manifest.json,9a0b87ba423da2a26934b8ae7fbe0252cd693bcf186af8c49fc2cbc8a8680fd4,metric_ascending_then_epoch,inner,,,3.7969253063201904,123,3.773390999995172,0.0009445999749004841,3.7969252179381723,,,961,1562.5,64.74365234375,21587e74c5df0f0dff9e1695a8962a4140979c54d62120fabdf12fd056a792c6,False,5,12,23,33cb74b344ed52bd5f0a4808e8e6843c810366e3bf0ab5da0b71ed2219eeb092,COMPLETED,c4c9351d90b66026c4b6626035b114f559c1cf252855176e77a499e09aba77b1
C03_causal_tcn,temporal_convolutional_network,rolling_origin_2022-05-17,rolling_origin_2022-05-17__inner_1_2021-07-13,4,59b60d393107520ed24b14d33c8003817da316e6b4abb39bd7d8ae54931c5e1e,"{""channels"":[16,16],""dropout"":0.1,""kernel_size"":2,""weight_decay"":0.0001}",42120,400,12,7361169052bfe3cadd2368cd2ef02303aa4cc77ee8c797e07999b1f8a1146ed4,b4860670a6d31a3886d8b47a9de2a0cd076875a439a80eee28802b214ca9ca3f,9fa21e96643969d4eaee67813ebd6a585a3b32f898e4a48214608c4a2f3eb59b,f66f0702cd2af3d14cb93eea9ff18f36d2df935083344eb93d1e20db7a1a6a68,b2bdd728b334738463654ad9d97c6d4084726879a05cd64ed8b3609638304ed3,d428e315a0d44ced70e25cb6183a1693eabd86a6aa4a758a85235615bbd4d5ef,b9624d251d424318f7ad7f0c3f1abbbb9d03ce500f5ea6ef3fd6fdd36d6b44dd,True,47.51026750330033,16,work/gate_c1/checkpoints/inner/b9624d251d424318f7ad7f0c3f1abbbb9d03ce500f5ea6ef3fd6fdd36d6b44dd/manifest.json,1bd8579a78cfcd9df5c7aaa659fb53b91fe9d2ed7b80be621e1e5ccd01cd2f55,metric_ascending_then_epoch,inner,,,3.9591891765594482,116,3.6328687000786886,0.000994000001810491,3.9591889586083604,,,961,1562.5078125,64.74365234375,f64c3eb4ba7bca75ac372fbdefc26a80aaae2808cc7831e5f5ff097b4ef7a8fc,False,5,12,16,b9624d251d424318f7ad7f0c3f1abbbb9d03ce500f5ea6ef3fd6fdd36d6b44dd,COMPLETED,eea3a8278fe6ce2be0f1b84625cc01a6a98bea86d55ea4704aa666edd26f76ed
C03_causal_tcn,temporal_convolutional_network,rolling_origin_2022-05-17,rolling_origin_2022-05-17__inner_1_2021-07-13,4,59b60d393107520ed24b14d33c8003817da316e6b4abb39bd7d8ae54931c5e1e,"{""channels"":[16,16],""dropout"":0.1,""kernel_size"":2,""weight_decay"":0.0001}",42121,400,12,7361169052bfe3cadd2368cd2ef02303aa4cc77ee8c797e07999b1f8a1146ed4,b4860670a6d31a3886d8b47a9de2a0cd076875a439a80eee28802b214ca9ca3f,9fa21e96643969d4eaee67813ebd6a585a3b32f898e4a48214608c4a2f3eb59b,f66f0702cd2af3d14cb93eea9ff18f36d2df935083344eb93d1e20db7a1a6a68,b2bdd728b334738463654ad9d97c6d4084726879a05cd64ed8b3609638304ed3,d428e315a0d44ced70e25cb6183a1693eabd86a6aa4a758a85235615bbd4d5ef,7d9b43979f1f70d2bdae141b87c597f1471f1ff13fdc652178ca66ed2f4c5434,True,30.017677577164974,5,work/gate_c1/checkpoints/inner/7d9b43979f1f70d2bdae141b87c597f1471f1ff13fdc652178ca66ed2f4c5434/manifest.json,70a9572ff79f2bed6ddc977ebfcb6d53f4db99941b98674738df2b881c4b42db,metric_ascending_then_epoch,inner,,,2.5014731884002686,105,2.7039036999922246,0.0017422999953851104,2.5014731314304144,,,961,1562.52734375,64.74365234375,c0d3a316169b4c89d4d744f63052c2203a8e19f5863e69d2974cbd2c80f02f38,False,5,12,5,7d9b43979f1f70d2bdae141b87c597f1471f1ff13fdc652178ca66ed2f4c5434,COMPLETED,f426fd20cd55341791c89d1e0d9f1f5d6eea89aa1f27fd2465331a058cf26898
C03_causal_tcn,temporal_convolutional_network,rolling_origin_2022-05-17,rolling_origin_2022-05-17__inner_2_2021-11-02,4,59b60d393107520ed24b14d33c8003817da316e6b4abb39bd7d8ae54931c5e1e,"{""channels"":[16,16],""dropout"":0.1,""kernel_size"":2,""weight_decay"":0.0001}",42117,412,91,010c62a504d18f06befdb638b6898ac83ed39ef7db251812d6aaedfd6ba961f9,4addff335526e77628b914bf83380de2c81030fb22994a739cb072c37c504f5d,7f05fb1c5e91cc3379f52fbf863cec9f54ac307f58aa857ffe585f6291b77a09,8a00835d13809d189a545d27b156834a3b8a30dce15741eee57ecbb851955632,36f84953e3a28962ea8d373098a8b9484d9e8539a87ca2cfd298364bf9a5b1c6,ccc0c75b3414027ea1b2b86a97407abd5011c87de895d7b1f0e3319cf4615b15,14492b85b42a01f0bf49181a236e42ca7c9d8074a81459ebb5e1e620bc226abc,True,538.2628532579802,23,work/gate_c1/checkpoints/inner/14492b85b42a01f0bf49181a236e42ca7c9d8074a81459ebb5e1e620bc226abc/manifest.json,fffb76f2658b32520bdafa749021cf22029662d9266ab9f1e784424c3b2b7f04,metric_ascending_then_epoch,inner,,,5.914977073669434,123,4.228233499918133,0.0010801999596878886,5.914976409428354,,,961,1560.0859375,64.90625,1b891629ca52d683629dcaf4d6c2aedc378667f2d140229e46f6436013a85649,False,5,91,23,14492b85b42a01f0bf49181a236e42ca7c9d8074a81459ebb5e1e620bc226abc,COMPLETED,fb6962ac5fd303b7b67117e268845a0e5949d14f381e451781fc94f1623e7bd7
C03_causal_tcn,temporal_convolutional_network,rolling_origin_2022-05-17,rolling_origin_2022-05-17__inner_2_2021-11-02,4,59b60d393107520ed24b14d33c8003817da316e6b4abb39bd7d8ae54931c5e1e,"{""channels"":[16,16],""dropout"":0.1,""kernel_size"":2,""weight_decay"":0.0001}",42118,412,91,010c62a504d18f06befdb638b6898ac83ed39ef7db251812d6aaedfd6ba961f9,4addff335526e77628b914bf83380de2c81030fb22994a739cb072c37c504f5d,7f05fb1c5e91cc3379f52fbf863cec9f54ac307f58aa857ffe585f6291b77a09,8a00835d13809d189a545d27b156834a3b8a30dce15741eee57ecbb851955632,36f84953e3a28962ea8d373098a8b9484d9e8539a87ca2cfd298364bf9a5b1c6,ccc0c75b3414027ea1b2b86a97407abd5011c87de895d7b1f0e3319cf4615b15,5b61c7df634a0982ed8063e5148e156706392fb75c0614ff798c132cf985dd86,True,558.2511369517088,49,work/gate_c1/checkpoints/inner/5b61c7df634a0982ed8063e5148e156706392fb75c0614ff798c132cf985dd86/manifest.json,65c220907d1c9d0a910a7f98cacf54eb2556d6cffae8c79e6469530157553a54,metric_ascending_then_epoch,inner,,,6.1346282958984375,149,4.513654300011694,0.0012285999255254865,6.134627878590206,,,961,1562.7265625,64.90625,e90c4e1545c41f12ce4b39b9be88ef20324d7eb217b1ac5f7d3874b6b424b9aa,False,5,91,49,5b61c7df634a0982ed8063e5148e156706392fb75c0614ff798c132cf985dd86,COMPLETED,b6ba2ac017d532319431e47619130a3d94842be0406ffb3ee96c6c747278048d
C03_causal_tcn,temporal_convolutional_network,rolling_origin_2022-05-17,rolling_origin_2022-05-17__inner_2_2021-11-02,4,59b60d393107520ed24b14d33c8003817da316e6b4abb39bd7d8ae54931c5e1e,"{""channels"":[16,16],""dropout"":0.1,""kernel_size"":2,""weight_decay"":0.0001}",42119,412,91,010c62a504d18f06befdb638b6898ac83ed39ef7db251812d6aaedfd6ba961f9,4addff335526e77628b914bf83380de2c81030fb22994a739cb072c37c504f5d,7f05fb1c5e91cc3379f52fbf863cec9f54ac307f58aa857ffe585f6291b77a09,8a00835d13809d189a545d27b156834a3b8a30dce15741eee57ecbb851955632,36f84953e3a28962ea8d373098a8b9484d9e8539a87ca2cfd298364bf9a5b1c6,ccc0c75b3414027ea1b2b86a97407abd5011c87de895d7b1f0e3319cf4615b15,c045e878d2ebf9ae4171b00638df4d67dceb5f91ec5199a73179ccd83ffdd207,True,539.5459399511965,14,work/gate_c1/checkpoints/inner/c045e878d2ebf9ae4171b00638df4d67dceb5f91ec5199a73179ccd83ffdd207/manifest.json,db04692af580c8a65428b5c9fbe9d0d50f30160dc213ecfa082649f9395ffcb8,metric_ascending_then_epoch,inner,,,5.929076671600342,114,3.1431956000160426,0.0018617999739944935,5.929076263199962,,,961,1563.06640625,64.90625,40a4a90336a489a5a1cc302404fb50b11bb38708dff6e2f5b8cf5183dc804d34,False,5,91,14,c045e878d2ebf9ae4171b00638df4d67dceb5f91ec5199a73179ccd83ffdd207,COMPLETED,3bd4d8cc7e08e6084c876274b78ec6b22d374090950bcaddc3390dd9e3cf98b6
C03_causal_tcn,temporal_convolutional_network,rolling_origin_2022-05-17,rolling_origin_2022-05-17__inner_2_2021-11-02,4,59b60d393107520ed24b14d33c8003817da316e6b4abb39bd7d8ae54931c5e1e,"{""channels"":[16,16],""dropout"":0.1,""kernel_size"":2,""weight_decay"":0.0001}",42120,412,91,010c62a504d18f06befdb638b6898ac83ed39ef7db251812d6aaedfd6ba961f9,4addff335526e77628b914bf83380de2c81030fb22994a739cb072c37c504f5d,7f05fb1c5e91cc3379f52fbf863cec9f54ac307f58aa857ffe585f6291b77a09,8a00835d13809d189a545d27b156834a3b8a30dce15741eee57ecbb851955632,36f84953e3a28962ea8d373098a8b9484d9e8539a87ca2cfd298364bf9a5b1c6,ccc0c75b3414027ea1b2b86a97407abd5011c87de895d7b1f0e3319cf4615b15,cd462f81e16aa3c59e65571590a464c3f5e6a7eedfa56151bc886b2821a5a148,True,565.425858328602,23,work/gate_c1/checkpoints/inner/cd462f81e16aa3c59e65571590a464c3f5e6a7eedfa56151bc886b2821a5a148/manifest.json,6f0ccfac01d8cb5478a64d5e055cfd46c229488a19e2c1bfe7d5ce86abc3b311,metric_ascending_then_epoch,inner,,,6.213470458984375,123,3.1886525000445545,0.0009620999917387962,6.213470970643978,,,961,1563.375,64.90625,1aec8e4a7526b2307b109da858964e84ed4f744469a335bbf19b78da2d9adb96,False,5,91,23,cd462f81e16aa3c59e65571590a464c3f5e6a7eedfa56151bc886b2821a5a148,COMPLETED,13832ae4edf4da159e19bdea054e9113beb27836b1b9a0f4e5a9637619d13900
C03_causal_tcn,temporal_convolutional_network,rolling_origin_2022-05-17,rolling_origin_2022-05-17__inner_2_2021-11-02,4,59b60d393107520ed24b14d33c8003817da316e6b4abb39bd7d8ae54931c5e1e,"{""channels"":[16,16],""dropout"":0.1,""kernel_size"":2,""weight_decay"":0.0001}",42121,412,91,010c62a504d18f06befdb638b6898ac83ed39ef7db251812d6aaedfd6ba961f9,4addff335526e77628b914bf83380de2c81030fb22994a739cb072c37c504f5d,7f05fb1c5e91cc3379f52fbf863cec9f54ac307f58aa857ffe585f6291b77a09,8a00835d13809d189a545d27b156834a3b8a30dce15741eee57ecbb851955632,36f84953e3a28962ea8d373098a8b9484d9e8539a87ca2cfd298364bf9a5b1c6,ccc0c75b3414027ea1b2b86a97407abd5011c87de895d7b1f0e3319cf4615b15,6c5b25c609bff88e5c2f0b8b9cab0afcd365165d2346de81aa51c521c6caab52,True,593.4596459184602,46,work/gate_c1/checkpoints/inner/6c5b25c609bff88e5c2f0b8b9cab0afcd365165d2346de81aa51c521c6caab52/manifest.json,e49908ba50abfbf8f7097c69e479ed84fbfa251b46a6ff0e428f73b3de12ec4d,metric_ascending_then_epoch,inner,,,6.521534442901611,146,4.759604100021534,0.0011768999975174665,6.52153457053253,,,961,1563.40234375,64.90625,61d0fd80d7712ba28727f3db85b9a840d9c8d941659ba90d179afff0f91a3623,False,5,91,46,6c5b25c609bff88e5c2f0b8b9cab0afcd365165d2346de81aa51c521c6caab52,COMPLETED,327c30befedb5f304b1b0051684021a5a06f7a8274d980018ab51c001c62ea80
C03_causal_tcn,temporal_convolutional_network,rolling_origin_2022-05-17,rolling_origin_2022-05-17__inner_3_2022-03-01,4,59b60d393107520ed24b14d33c8003817da316e6b4abb39bd7d8ae54931c5e1e,"{""channels"":[16,16],""dropout"":0.1,""kernel_size"":2,""weight_decay"":0.0001}",42117,503,14,39aa646abc71af790b5651b8d371ac3c5da9fc850975ea1f0e8eec1efe1ac7db,9400eab919178645d0c73e6bb3aa0c337b1fad589dd35096e9a2f2224f92f670,27b9d01554473ba0d7d5e204594bbe3764c21dd3a9ac94c3b6ba29d175b53e9c,baa127dc377d14a943bf7c5e7dc2bc49cb4fbb6b4bfc7fa7e4552964e94e8504,e86643bea02486a38d5b4d4b4c1e2929c4f5105d99aa1faa3b7b234c0750b1ba,9c550f8d59add4345a65b64acb3a283518f28cff2d54771a03c2797412edb43c,d8fa1095ce9317ee6e7d796093e8ccfdecd0e8ba320ed985002e5a170a135546,False,121.80502951959325,100,work/gate_c1/checkpoints/inner/d8fa1095ce9317ee6e7d796093e8ccfdecd0e8ba320ed985002e5a170a135546/manifest.json,34fef76e9cb1c8db7522c27b22ba647f0b254ece2b3875d5eac885c74bf184c8,metric_ascending_then_epoch,inner,,,8.700358390808105,200,6.157815200043842,0.0009304999839514494,8.700359251399517,,,961,1560.265625,64.81494140625,47e7861c1c6a9f1bef8617591db1c219c483a0829c17fb33267e8209cc26bfc2,False,5,14,100,d8fa1095ce9317ee6e7d796093e8ccfdecd0e8ba320ed985002e5a170a135546,COMPLETED,8db9e8cf8dbd267239b9c785b251283bd1c3ed96e65686a88a06458364958572
C03_causal_tcn,temporal_convolutional_network,rolling_origin_2022-05-17,rolling_origin_2022-05-17__inner_3_2022-03-01,4,59b60d393107520ed24b14d33c8003817da316e6b4abb39bd7d8ae54931c5e1e,"{""channels"":[16,16],""dropout"":0.1,""kernel_size"":2,""weight_decay"":0.0001}",42118,503,14,39aa646abc71af790b5651b8d371ac3c5da9fc850975ea1f0e8eec1efe1ac7db,9400eab919178645d0c73e6bb3aa0c337b1fad589dd35096e9a2f2224f92f670,27b9d01554473ba0d7d5e204594bbe3764c21dd3a9ac94c3b6ba29d175b53e9c,baa127dc377d14a943bf7c5e7dc2bc49cb4fbb6b4bfc7fa7e4552964e94e8504,e86643bea02486a38d5b4d4b4c1e2929c4f5105d99aa1faa3b7b234c0750b1ba,9c550f8d59add4345a65b64acb3a283518f28cff2d54771a03c2797412edb43c,92e2ff58966d56c1c74c8244111ef842ed879edcafa0ca51fab39dc08fce6cbf,False,111.25493023660205,20,work/gate_c1/checkpoints/inner/92e2ff58966d56c1c74c8244111ef842ed879edcafa0ca51fab39dc08fce6cbf/manifest.json,30ace3b7b94b86f58a955a4c87e02e136f1fcea92f585a7f7f741ca1a4374c9c,metric_ascending_then_epoch,inner,,,7.946781158447266,120,4.910886299912818,0.0009550000540912151,7.946780731185861,,,961,1563.70703125,64.81494140625,95a7fc32d19608d4f431a4bf7105755559366b0f42fff40ff9633c1dfba11c69,False,5,14,20,92e2ff58966d56c1c74c8244111ef842ed879edcafa0ca51fab39dc08fce6cbf,COMPLETED,2e1ba8b9dd93632e9761a344d42875c1373f68e7b8aade6e9951a843bdb4068c
C03_causal_tcn,temporal_convolutional_network,rolling_origin_2022-05-17,rolling_origin_2022-05-17__inner_3_2022-03-01,4,59b60d393107520ed24b14d33c8003817da316e6b4abb39bd7d8ae54931c5e1e,"{""channels"":[16,16],""dropout"":0.1,""kernel_size"":2,""weight_decay"":0.0001}",42119,503,14,39aa646abc71af790b5651b8d371ac3c5da9fc850975ea1f0e8eec1efe1ac7db,9400eab919178645d0c73e6bb3aa0c337b1fad589dd35096e9a2f2224f92f670,27b9d01554473ba0d7d5e204594bbe3764c21dd3a9ac94c3b6ba29d175b53e9c,baa127dc377d14a943bf7c5e7dc2bc49cb4fbb6b4bfc7fa7e4552964e94e8504,e86643bea02486a38d5b4d4b4c1e2929c4f5105d99aa1faa3b7b234c0750b1ba,9c550f8d59add4345a65b64acb3a283518f28cff2d54771a03c2797412edb43c,1a8ff636c6fc346e36823f92c39ca0554c144fae3db3358bc704aca270f17de6,False,117.7546341019804,11,work/gate_c1/checkpoints/inner/1a8ff636c6fc346e36823f92c39ca0554c144fae3db3358bc704aca270f17de6/manifest.json,9dd05f6840dfcc54cbe8256648c7923254d65a7a2ff72876198be3ab587e3470,metric_ascending_then_epoch,inner,,,8.41104507446289,111,5.002362599945627,0.001643999945372343,8.4110452929986,,,961,1563.734375,64.81494140625,0f485a70da287f8c62b920b52104748d46d2a263c5b4c8ab27c9cd90a7150962,False,5,14,11,1a8ff636c6fc346e36823f92c39ca0554c144fae3db3358bc704aca270f17de6,COMPLETED,c0a184954fa40c21ec36d5830cf7dfd84bf8b94b55fd23d35ff888c044e47039
C03_causal_tcn,temporal_convolutional_network,rolling_origin_2022-05-17,rolling_origin_2022-05-17__inner_3_2022-03-01,4,59b60d393107520ed24b14d33c8003817da316e6b4abb39bd7d8ae54931c5e1e,"{""channels"":[16,16],""dropout"":0.1,""kernel_size"":2,""weight_decay"":0.0001}",42120,503,14,39aa646abc71af790b5651b8d371ac3c5da9fc850975ea1f0e8eec1efe1ac7db,9400eab919178645d0c73e6bb3aa0c337b1fad589dd35096e9a2f2224f92f670,27b9d01554473ba0d7d5e204594bbe3764c21dd3a9ac94c3b6ba29d175b53e9c,baa127dc377d14a943bf7c5e7dc2bc49cb4fbb6b4bfc7fa7e4552964e94e8504,e86643bea02486a38d5b4d4b4c1e2929c4f5105d99aa1faa3b7b234c0750b1ba,9c550f8d59add4345a65b64acb3a283518f28cff2d54771a03c2797412edb43c,3294464a2a54b8db82297fbb93ef8a037a21cda26f1ee0289044d14355936b68,False,128.9469074983361,10,work/gate_c1/checkpoints/inner/3294464a2a54b8db82297fbb93ef8a037a21cda26f1ee0289044d14355936b68/manifest.json,e4851f34cd706f7fef611ca220af37b90b48e70e3525afaec4ebc0dcdd6638d4,metric_ascending_then_epoch,inner,,,9.210494041442871,110,4.757652599946596,0.0009015999967232347,9.210493392738291,,,961,1563.74609375,64.81494140625,a2301fa797677375180c154dc645bfb555b7646c362d1287aeefb3095ab68c5d,False,5,14,10,3294464a2a54b8db82297fbb93ef8a037a21cda26f1ee0289044d14355936b68,COMPLETED,3d9a36cc6a5ddcac5bc47aaec4fa1c0e68f753361bd3346ec4b98289fef5c54f
C03_causal_tcn,temporal_convolutional_network,rolling_origin_2022-05-17,rolling_origin_2022-05-17__inner_3_2022-03-01,4,59b60d393107520ed24b14d33c8003817da316e6b4abb39bd7d8ae54931c5e1e,"{""channels"":[16,16],""dropout"":0.1,""kernel_size"":2,""weight_decay"":0.0001}",42121,503,14,39aa646abc71af790b5651b8d371ac3c5da9fc850975ea1f0e8eec1efe1ac7db,9400eab919178645d0c73e6bb3aa0c337b1fad589dd35096e9a2f2224f92f670,27b9d01554473ba0d7d5e204594bbe3764c21dd3a9ac94c3b6ba29d175b53e9c,baa127dc377d14a943bf7c5e7dc2bc49cb4fbb6b4bfc7fa7e4552964e94e8504,e86643bea02486a38d5b4d4b4c1e2929c4f5105d99aa1faa3b7b234c0750b1ba,9c550f8d59add4345a65b64acb3a283518f28cff2d54771a03c2797412edb43c,fd61e8c67d672947ccef58e72ee11e4deb1cc890a097c5eacc45de339814f369,False,92.4960137434351,435,work/gate_c1/checkpoints/inner/fd61e8c67d672947ccef58e72ee11e4deb1cc890a097c5eacc45de339814f369/manifest.json,62cb90df344e035d86f06a3a08d0d4f1bc3e83a71cd33631b474c56b71d6983a,metric_ascending_then_epoch,inner,,,6.60685920715332,535,17.919861900038086,0.0009303000988438725,6.606858124531079,,,961,1563.7578125,64.81494140625,1652b81c57b79bf65759169f7a54c75caedddebc3b5e2f0c9fed4b061ffd2b55,False,5,14,435,fd61e8c67d672947ccef58e72ee11e4deb1cc890a097c5eacc45de339814f369,COMPLETED,0ac15db09f71c5e6f95f94a1c4f40a310238d69699a4371b12b6e99162946b0d
C03_causal_tcn,temporal_convolutional_network,rolling_origin_2022-05-17,rolling_origin_2022-05-17__inner_1_2021-07-13,5,92e2c7c1f70c24b6008eb72e90fb8244c710cd38d8231ad3761d9525f572c08e,"{""channels"":[16,16],""dropout"":0.1,""kernel_size"":2,""weight_decay"":0.01}",42117,400,12,7361169052bfe3cadd2368cd2ef02303aa4cc77ee8c797e07999b1f8a1146ed4,b4860670a6d31a3886d8b47a9de2a0cd076875a439a80eee28802b214ca9ca3f,9fa21e96643969d4eaee67813ebd6a585a3b32f898e4a48214608c4a2f3eb59b,f66f0702cd2af3d14cb93eea9ff18f36d2df935083344eb93d1e20db7a1a6a68,b2bdd728b334738463654ad9d97c6d4084726879a05cd64ed8b3609638304ed3,d428e315a0d44ced70e25cb6183a1693eabd86a6aa4a758a85235615bbd4d5ef,5d2f71a18ab0727a850c33f1141280727ab5a2d677a007e999700a3cbd9f51bc,True,37.43583604648008,6,work/gate_c1/checkpoints/inner/5d2f71a18ab0727a850c33f1141280727ab5a2d677a007e999700a3cbd9f51bc/manifest.json,ec2f8af67683a9da7cf1e606d3286a409497ebe53bd474c59e599ce336059647,metric_ascending_then_epoch,inner,,,3.1196532249450684,106,3.5448743000160903,0.0013521000510081649,3.11965300387334,,,961,1562.6875,64.74365234375,87c4025aac79d091af50b9805eca68776439fd9b7bbb8ff312ba8be0497a619d,False,5,12,6,5d2f71a18ab0727a850c33f1141280727ab5a2d677a007e999700a3cbd9f51bc,COMPLETED,5fb085a7d6aaae842da47721e88536622bae8844c47e6c83911d0314b5b9ed13
C03_causal_tcn,temporal_convolutional_network,rolling_origin_2022-05-17,rolling_origin_2022-05-17__inner_1_2021-07-13,5,92e2c7c1f70c24b6008eb72e90fb8244c710cd38d8231ad3761d9525f572c08e,"{""channels"":[16,16],""dropout"":0.1,""kernel_size"":2,""weight_decay"":0.01}",42118,400,12,7361169052bfe3cadd2368cd2ef02303aa4cc77ee8c797e07999b1f8a1146ed4,b4860670a6d31a3886d8b47a9de2a0cd076875a439a80eee28802b214ca9ca3f,9fa21e96643969d4eaee67813ebd6a585a3b32f898e4a48214608c4a2f3eb59b,f66f0702cd2af3d14cb93eea9ff18f36d2df935083344eb93d1e20db7a1a6a68,b2bdd728b334738463654ad9d97c6d4084726879a05cd64ed8b3609638304ed3,d428e315a0d44ced70e25cb6183a1693eabd86a6aa4a758a85235615bbd4d5ef,33e82e044f0e307b13e3cf0f73839236b38a73032f5144048e8b7229f90beb3c,True,42.8039159526872,12,work/gate_c1/checkpoints/inner/33e82e044f0e307b13e3cf0f73839236b38a73032f5144048e8b7229f90beb3c/manifest.json,ec05773f32b6e08c810b2b506603e98bad03a51e2cbff76851ba4e79c8f3827e,metric_ascending_then_epoch,inner,,,3.566993236541748,112,3.2287342000054196,0.0009077999275177717,3.5669929960572664,,,961,1562.69140625,64.74365234375,7b97344627d8f1ecc54262369ba9c77ae103c42914d3afa61d9321d054c16de7,False,5,12,12,33e82e044f0e307b13e3cf0f73839236b38a73032f5144048e8b7229f90beb3c,COMPLETED,efafb035f373f24bc3ea2e65960b75eb63782b6eb15abc18226a16c8628c05ec
C03_causal_tcn,temporal_convolutional_network,rolling_origin_2022-05-17,rolling_origin_2022-05-17__inner_1_2021-07-13,5,92e2c7c1f70c24b6008eb72e90fb8244c710cd38d8231ad3761d9525f572c08e,"{""channels"":[16,16],""dropout"":0.1,""kernel_size"":2,""weight_decay"":0.01}",42119,400,12,7361169052bfe3cadd2368cd2ef02303aa4cc77ee8c797e07999b1f8a1146ed4,b4860670a6d31a3886d8b47a9de2a0cd076875a439a80eee28802b214ca9ca3f,9fa21e96643969d4eaee67813ebd6a585a3b32f898e4a48214608c4a2f3eb59b,f66f0702cd2af3d14cb93eea9ff18f36d2df935083344eb93d1e20db7a1a6a68,b2bdd728b334738463654ad9d97c6d4084726879a05cd64ed8b3609638304ed3,d428e315a0d44ced70e25cb6183a1693eabd86a6aa4a758a85235615bbd4d5ef,767b5bc4546c7de09fbc089fb51dfee2e433f78170fa1ec545c7d52fa622faed,True,45.592805360577756,32,work/gate_c1/checkpoints/inner/767b5bc4546c7de09fbc089fb51dfee2e433f78170fa1ec545c7d52fa622faed/manifest.json,1ed0c501f384b96b9c0f90dda9417eacb951d05febcb722ab72588008dd676e7,metric_ascending_then_epoch,inner,,,3.7994003295898438,132,3.8048908000346273,0.0009044000180438161,3.799400446714813,,,961,1562.75390625,64.74365234375,21587e74c5df0f0dff9e1695a8962a4140979c54d62120fabdf12fd056a792c6,False,5,12,32,767b5bc4546c7de09fbc089fb51dfee2e433f78170fa1ec545c7d52fa622faed,COMPLETED,c4c9351d90b66026c4b6626035b114f559c1cf252855176e77a499e09aba77b1
C03_causal_tcn,temporal_convolutional_network,rolling_origin_2022-05-17,rolling_origin_2022-05-17__inner_1_2021-07-13,5,92e2c7c1f70c24b6008eb72e90fb8244c710cd38d8231ad3761d9525f572c08e,"{""channels"":[16,16],""dropout"":0.1,""kernel_size"":2,""weight_decay"":0.01}",42120,400,12,7361169052bfe3cadd2368cd2ef02303aa4cc77ee8c797e07999b1f8a1146ed4,b4860670a6d31a3886d8b47a9de2a0cd076875a439a80eee28802b214ca9ca3f,9fa21e96643969d4eaee67813ebd6a585a3b32f898e4a48214608c4a2f3eb59b,f66f0702cd2af3d14cb93eea9ff18f36d2df935083344eb93d1e20db7a1a6a68,b2bdd728b334738463654ad9d97c6d4084726879a05cd64ed8b3609638304ed3,d428e315a0d44ced70e25cb6183a1693eabd86a6aa4a758a85235615bbd4d5ef,0f86632b5559d99dcdb0007bca59583a1f7b7faef4cdfd2e05186c7daf21e5ef,True,47.49350812884687,16,work/gate_c1/checkpoints/inner/0f86632b5559d99dcdb0007bca59583a1f7b7faef4cdfd2e05186c7daf21e5ef/manifest.json,5f2eb2c7584f9ce8f4af8a99c4c12efc64f089fa3886e87e690102cb6c17e17e,metric_ascending_then_epoch,inner,,,3.957792282104492,116,4.284669099957682,0.0017100999830290675,3.9577923440705725,,,961,1562.80078125,64.74365234375,f64c3eb4ba7bca75ac372fbdefc26a80aaae2808cc7831e5f5ff097b4ef7a8fc,False,5,12,16,0f86632b5559d99dcdb0007bca59583a1f7b7faef4cdfd2e05186c7daf21e5ef,COMPLETED,eea3a8278fe6ce2be0f1b84625cc01a6a98bea86d55ea4704aa666edd26f76ed
C03_causal_tcn,temporal_convolutional_network,rolling_origin_2022-05-17,rolling_origin_2022-05-17__inner_1_2021-07-13,5,92e2c7c1f70c24b6008eb72e90fb8244c710cd38d8231ad3761d9525f572c08e,"{""channels"":[16,16],""dropout"":0.1,""kernel_size"":2,""weight_decay"":0.01}",42121,400,12,7361169052bfe3cadd2368cd2ef02303aa4cc77ee8c797e07999b1f8a1146ed4,b4860670a6d31a3886d8b47a9de2a0cd076875a439a80eee28802b214ca9ca3f,9fa21e96643969d4eaee67813ebd6a585a3b32f898e4a48214608c4a2f3eb59b,f66f0702cd2af3d14cb93eea9ff18f36d2df935083344eb93d1e20db7a1a6a68,b2bdd728b334738463654ad9d97c6d4084726879a05cd64ed8b3609638304ed3,d428e315a0d44ced70e25cb6183a1693eabd86a6aa4a758a85235615bbd4d5ef,0e67519f0ff0e61b693112774440bbff6243c0cb6a8f5e6d059eaced7cbff0fa,True,30.02418475087189,5,work/gate_c1/checkpoints/inner/0e67519f0ff0e61b693112774440bbff6243c0cb6a8f5e6d059eaced7cbff0fa/manifest.json,4b9c937da7eda0e2a119672a24aaa5efe9c02bc98bb32a530485203b05d36bb3,metric_ascending_then_epoch,inner,,,2.5020155906677246,105,3.6583275999873877,0.0010733000235632062,2.5020153959059908,,,961,1562.80078125,64.74365234375,c0d3a316169b4c89d4d744f63052c2203a8e19f5863e69d2974cbd2c80f02f38,False,5,12,5,0e67519f0ff0e61b693112774440bbff6243c0cb6a8f5e6d059eaced7cbff0fa,COMPLETED,f426fd20cd55341791c89d1e0d9f1f5d6eea89aa1f27fd2465331a058cf26898
C03_causal_tcn,temporal_convolutional_network,rolling_origin_2022-05-17,rolling_origin_2022-05-17__inner_2_2021-11-02,5,92e2c7c1f70c24b6008eb72e90fb8244c710cd38d8231ad3761d9525f572c08e,"{""channels"":[16,16],""dropout"":0.1,""kernel_size"":2,""weight_decay"":0.01}",42117,412,91,010c62a504d18f06befdb638b6898ac83ed39ef7db251812d6aaedfd6ba961f9,4addff335526e77628b914bf83380de2c81030fb22994a739cb072c37c504f5d,7f05fb1c5e91cc3379f52fbf863cec9f54ac307f58aa857ffe585f6291b77a09,8a00835d13809d189a545d27b156834a3b8a30dce15741eee57ecbb851955632,36f84953e3a28962ea8d373098a8b9484d9e8539a87ca2cfd298364bf9a5b1c6,ccc0c75b3414027ea1b2b86a97407abd5011c87de895d7b1f0e3319cf4615b15,5c8897c7903bc37bfc2890e38f142d953a80ba4bbc8654fd6c9d7d7f1599be46,True,538.3950747308065,23,work/gate_c1/checkpoints/inner/5c8897c7903bc37bfc2890e38f142d953a80ba4bbc8654fd6c9d7d7f1599be46/manifest.json,c7b23e619d332651f9a5ff291dc37d68c1889792d42d16c6685b107d1a87fb29,metric_ascending_then_epoch,inner,,,5.91642951965332,123,4.110992899979465,0.0017447000136598945,5.916429392646226,,,961,1563.52734375,64.90625,1b891629ca52d683629dcaf4d6c2aedc378667f2d140229e46f6436013a85649,False,5,91,23,5c8897c7903bc37bfc2890e38f142d953a80ba4bbc8654fd6c9d7d7f1599be46,COMPLETED,fb6962ac5fd303b7b67117e268845a0e5949d14f381e451781fc94f1623e7bd7
C03_causal_tcn,temporal_convolutional_network,rolling_origin_2022-05-17,rolling_origin_2022-05-17__inner_2_2021-11-02,5,92e2c7c1f70c24b6008eb72e90fb8244c710cd38d8231ad3761d9525f572c08e,"{""channels"":[16,16],""dropout"":0.1,""kernel_size"":2,""weight_decay"":0.01}",42118,412,91,010c62a504d18f06befdb638b6898ac83ed39ef7db251812d6aaedfd6ba961f9,4addff335526e77628b914bf83380de2c81030fb22994a739cb072c37c504f5d,7f05fb1c5e91cc3379f52fbf863cec9f54ac307f58aa857ffe585f6291b77a09,8a00835d13809d189a545d27b156834a3b8a30dce15741eee57ecbb851955632,36f84953e3a28962ea8d373098a8b9484d9e8539a87ca2cfd298364bf9a5b1c6,ccc0c75b3414027ea1b2b86a97407abd5011c87de895d7b1f0e3319cf4615b15,90ad3b6237e2ed9df4f72eb866250826c9f6d887b80b952043b321684325df04,True,556.735085327423,49,work/gate_c1/checkpoints/inner/90ad3b6237e2ed9df4f72eb866250826c9f6d887b80b952043b321684325df04/manifest.json,48bab52980769efca6b22ae8101ab78d2151facc7d4bddbd50415b0cb85c9791,metric_ascending_then_epoch,inner,,,6.1179680824279785,149,5.189193700090982,0.0009444000897929072,6.117967970631022,,,961,1563.5546875,64.90625,e90c4e1545c41f12ce4b39b9be88ef20324d7eb217b1ac5f7d3874b6b424b9aa,False,5,91,49,90ad3b6237e2ed9df4f72eb866250826c9f6d887b80b952043b321684325df04,COMPLETED,b6ba2ac017d532319431e47619130a3d94842be0406ffb3ee96c6c747278048d
C03_causal_tcn,temporal_convolutional_network,rolling_origin_2022-05-17,rolling_origin_2022-05-17__inner_2_2021-11-02,5,92e2c7c1f70c24b6008eb72e90fb8244c710cd38d8231ad3761d9525f572c08e,"{""channels"":[16,16],""dropout"":0.1,""kernel_size"":2,""weight_decay"":0.01}",42119,412,91,010c62a504d18f06befdb638b6898ac83ed39ef7db251812d6aaedfd6ba961f9,4addff335526e77628b914bf83380de2c81030fb22994a739cb072c37c504f5d,7f05fb1c5e91cc3379f52fbf863cec9f54ac307f58aa857ffe585f6291b77a09,8a00835d13809d189a545d27b156834a3b8a30dce15741eee57ecbb851955632,36f84953e3a28962ea8d373098a8b9484d9e8539a87ca2cfd298364bf9a5b1c6,ccc0c75b3414027ea1b2b86a97407abd5011c87de895d7b1f0e3319cf4615b15,9efb377bd1c1758f15afa646e5d743b58293c7e73626e7c9cd8ace8fa3b773c4,True,539.0365487498531,14,work/gate_c1/checkpoints/inner/9efb377bd1c1758f15afa646e5d743b58293c7e73626e7c9cd8ace8fa3b773c4/manifest.json,8de772ab050ac8e51252421ca84bdab57642831a0e71041e5dd71c72991fb8c4,metric_ascending_then_epoch,inner,,,5.923478603363037,114,3.073562299949117,0.0009949000086635351,5.923478557690693,,,961,1563.640625,64.90625,40a4a90336a489a5a1cc302404fb50b11bb38708dff6e2f5b8cf5183dc804d34,False,5,91,14,9efb377bd1c1758f15afa646e5d743b58293c7e73626e7c9cd8ace8fa3b773c4,COMPLETED,3bd4d8cc7e08e6084c876274b78ec6b22d374090950bcaddc3390dd9e3cf98b6
C03_causal_tcn,temporal_convolutional_network,rolling_origin_2022-05-17,rolling_origin_2022-05-17__inner_2_2021-11-02,5,92e2c7c1f70c24b6008eb72e90fb8244c710cd38d8231ad3761d9525f572c08e,"{""channels"":[16,16],""dropout"":0.1,""kernel_size"":2,""weight_decay"":0.01}",42120,412,91,010c62a504d18f06befdb638b6898ac83ed39ef7db251812d6aaedfd6ba961f9,4addff335526e77628b914bf83380de2c81030fb22994a739cb072c37c504f5d,7f05fb1c5e91cc3379f52fbf863cec9f54ac307f58aa857ffe585f6291b77a09,8a00835d13809d189a545d27b156834a3b8a30dce15741eee57ecbb851955632,36f84953e3a28962ea8d373098a8b9484d9e8539a87ca2cfd298364bf9a5b1c6,ccc0c75b3414027ea1b2b86a97407abd5011c87de895d7b1f0e3319cf4615b15,4ede47431ac39c932a7184ea784ba6afe2a7186bd6783366f6bf70836845ef47,True,566.5224566152257,23,work/gate_c1/checkpoints/inner/4ede47431ac39c932a7184ea784ba6afe2a7186bd6783366f6bf70836845ef47/manifest.json,dc5bc2f5c658bd05769af1a4fe5e60a64b555c9ea20fcff1787cc85e697006e3,metric_ascending_then_epoch,inner,,,6.225521564483643,123,4.0459447000175714,0.0009977000299841166,6.225521501266217,,,961,1563.625,64.90625,1aec8e4a7526b2307b109da858964e84ed4f744469a335bbf19b78da2d9adb96,False,5,91,23,4ede47431ac39c932a7184ea784ba6afe2a7186bd6783366f6bf70836845ef47,COMPLETED,13832ae4edf4da159e19bdea054e9113beb27836b1b9a0f4e5a9637619d13900
C03_causal_tcn,temporal_convolutional_network,rolling_origin_2022-05-17,rolling_origin_2022-05-17__inner_2_2021-11-02,5,92e2c7c1f70c24b6008eb72e90fb8244c710cd38d8231ad3761d9525f572c08e,"{""channels"":[16,16],""dropout"":0.1,""kernel_size"":2,""weight_decay"":0.01}",42121,412,91,010c62a504d18f06befdb638b6898ac83ed39ef7db251812d6aaedfd6ba961f9,4addff335526e77628b914bf83380de2c81030fb22994a739cb072c37c504f5d,7f05fb1c5e91cc3379f52fbf863cec9f54ac307f58aa857ffe585f6291b77a09,8a00835d13809d189a545d27b156834a3b8a30dce15741eee57ecbb851955632,36f84953e3a28962ea8d373098a8b9484d9e8539a87ca2cfd298364bf9a5b1c6,ccc0c75b3414027ea1b2b86a97407abd5011c87de895d7b1f0e3319cf4615b15,acc14971264c044fe6006068f9167252062de9c9fc3f426d5c2e3246b34a01b5,True,593.4737559447053,46,work/gate_c1/checkpoints/inner/acc14971264c044fe6006068f9167252062de9c9fc3f426d5c2e3246b34a01b5/manifest.json,c46b8d27bb7a9833a9bb7e4e87d99870bbd1103d4bf8e4c3720799d606f265f0,metric_ascending_then_epoch,inner,,,6.521689414978027,146,4.020909000071697,0.0009506000205874443,6.521689625765992,,,961,1563.625,64.90625,61d0fd80d7712ba28727f3db85b9a840d9c8d941659ba90d179afff0f91a3623,False,5,91,46,acc14971264c044fe6006068f9167252062de9c9fc3f426d5c2e3246b34a01b5,COMPLETED,327c30befedb5f304b1b0051684021a5a06f7a8274d980018ab51c001c62ea80
C03_causal_tcn,temporal_convolutional_network,rolling_origin_2022-05-17,rolling_origin_2022-05-17__inner_3_2022-03-01,5,92e2c7c1f70c24b6008eb72e90fb8244c710cd38d8231ad3761d9525f572c08e,"{""channels"":[16,16],""dropout"":0.1,""kernel_size"":2,""weight_decay"":0.01}",42117,503,14,39aa646abc71af790b5651b8d371ac3c5da9fc850975ea1f0e8eec1efe1ac7db,9400eab919178645d0c73e6bb3aa0c337b1fad589dd35096e9a2f2224f92f670,27b9d01554473ba0d7d5e204594bbe3764c21dd3a9ac94c3b6ba29d175b53e9c,baa127dc377d14a943bf7c5e7dc2bc49cb4fbb6b4bfc7fa7e4552964e94e8504,e86643bea02486a38d5b4d4b4c1e2929c4f5105d99aa1faa3b7b234c0750b1ba,9c550f8d59add4345a65b64acb3a283518f28cff2d54771a03c2797412edb43c,e7f47580f85c95cead0e2ca4ed87e6f0d5b6f5a22451a60c8cd25b7f8aca2207,False,121.27574145117458,100,work/gate_c1/checkpoints/inner/e7f47580f85c95cead0e2ca4ed87e6f0d5b6f5a22451a60c8cd25b7f8aca2207/manifest.json,bd7dc160c301a3802a018b9ebd2cd9c04c7d6e4e66c5d0ed8f093538ce68d255,metric_ascending_then_epoch,inner,,,8.662553787231445,200,8.181639799964614,0.0009150999831035733,8.662552960798184,,,961,1563.86328125,64.81494140625,47e7861c1c6a9f1bef8617591db1c219c483a0829c17fb33267e8209cc26bfc2,False,5,14,100,e7f47580f85c95cead0e2ca4ed87e6f0d5b6f5a22451a60c8cd25b7f8aca2207,COMPLETED,8db9e8cf8dbd267239b9c785b251283bd1c3ed96e65686a88a06458364958572
C03_causal_tcn,temporal_convolutional_network,rolling_origin_2022-05-17,rolling_origin_2022-05-17__inner_3_2022-03-01,5,92e2c7c1f70c24b6008eb72e90fb8244c710cd38d8231ad3761d9525f572c08e,"{""channels"":[16,16],""dropout"":0.1,""kernel_size"":2,""weight_decay"":0.01}",42118,503,14,39aa646abc71af790b5651b8d371ac3c5da9fc850975ea1f0e8eec1efe1ac7db,9400eab919178645d0c73e6bb3aa0c337b1fad589dd35096e9a2f2224f92f670,27b9d01554473ba0d7d5e204594bbe3764c21dd3a9ac94c3b6ba29d175b53e9c,baa127dc377d14a943bf7c5e7dc2bc49cb4fbb6b4bfc7fa7e4552964e94e8504,e86643bea02486a38d5b4d4b4c1e2929c4f5105d99aa1faa3b7b234c0750b1ba,9c550f8d59add4345a65b64acb3a283518f28cff2d54771a03c2797412edb43c,d05b407afa0f4394692c9eb180425def160ec70c891b3ecf6a74168994bd92b4,False,111.5609220256625,20,work/gate_c1/checkpoints/inner/d05b407afa0f4394692c9eb180425def160ec70c891b3ecf6a74168994bd92b4/manifest.json,a951a05856fa2ff95b8547613c880aa1c3799993eedaa84425c59ff4a853f5d7,metric_ascending_then_epoch,inner,,,7.968637466430664,120,5.122944299946539,0.0017894000047817826,7.968637287547322,,,961,1563.9296875,64.81494140625,95a7fc32d19608d4f431a4bf7105755559366b0f42fff40ff9633c1dfba11c69,False,5,14,20,d05b407afa0f4394692c9eb180425def160ec70c891b3ecf6a74168994bd92b4,COMPLETED,2e1ba8b9dd93632e9761a344d42875c1373f68e7b8aade6e9951a843bdb4068c
C03_causal_tcn,temporal_convolutional_network,rolling_origin_2022-05-17,rolling_origin_2022-05-17__inner_3_2022-03-01,5,92e2c7c1f70c24b6008eb72e90fb8244c710cd38d8231ad3761d9525f572c08e,"{""channels"":[16,16],""dropout"":0.1,""kernel_size"":2,""weight_decay"":0.01}",42119,503,14,39aa646abc71af790b5651b8d371ac3c5da9fc850975ea1f0e8eec1efe1ac7db,9400eab919178645d0c73e6bb3aa0c337b1fad589dd35096e9a2f2224f92f670,27b9d01554473ba0d7d5e204594bbe3764c21dd3a9ac94c3b6ba29d175b53e9c,baa127dc377d14a943bf7c5e7dc2bc49cb4fbb6b4bfc7fa7e4552964e94e8504,e86643bea02486a38d5b4d4b4c1e2929c4f5105d99aa1faa3b7b234c0750b1ba,9c550f8d59add4345a65b64acb3a283518f28cff2d54771a03c2797412edb43c,eff06bad01f3d4c77c91a036146d91764b94958ce669f6cfca956cb75256f9cd,False,117.80134784354348,11,work/gate_c1/checkpoints/inner/eff06bad01f3d4c77c91a036146d91764b94958ce669f6cfca956cb75256f9cd/manifest.json,5b74484dce5e79c36ee4ac62bd77d793d5079c7ee7781c21b493013d83fb246b,metric_ascending_then_epoch,inner,,,8.414382934570312,111,4.656178200035356,0.0013939000200480223,8.414381988824534,,,961,1563.9296875,64.81494140625,0f485a70da287f8c62b920b52104748d46d2a263c5b4c8ab27c9cd90a7150962,False,5,14,11,eff06bad01f3d4c77c91a036146d91764b94958ce669f6cfca956cb75256f9cd,COMPLETED,c0a184954fa40c21ec36d5830cf7dfd84bf8b94b55fd23d35ff888c044e47039
C03_causal_tcn,temporal_convolutional_network,rolling_origin_2022-05-17,rolling_origin_2022-05-17__inner_3_2022-03-01,5,92e2c7c1f70c24b6008eb72e90fb8244c710cd38d8231ad3761d9525f572c08e,"{""channels"":[16,16],""dropout"":0.1,""kernel_size"":2,""weight_decay"":0.01}",42120,503,14,39aa646abc71af790b5651b8d371ac3c5da9fc850975ea1f0e8eec1efe1ac7db,9400eab919178645d0c73e6bb3aa0c337b1fad589dd35096e9a2f2224f92f670,27b9d01554473ba0d7d5e204594bbe3764c21dd3a9ac94c3b6ba29d175b53e9c,baa127dc377d14a943bf7c5e7dc2bc49cb4fbb6b4bfc7fa7e4552964e94e8504,e86643bea02486a38d5b4d4b4c1e2929c4f5105d99aa1faa3b7b234c0750b1ba,9c550f8d59add4345a65b64acb3a283518f28cff2d54771a03c2797412edb43c,038041160c19af08fc5a0a3c78736a05cd4d9ac3f56af30f01553bc3ea979223,False,128.95748832472714,10,work/gate_c1/checkpoints/inner/038041160c19af08fc5a0a3c78736a05cd4d9ac3f56af30f01553bc3ea979223/manifest.json,91e4e20b35f0499304a19ae3a3acbe3193c6f270951ffa9088f6b775b4be1c72,metric_ascending_then_epoch,inner,,,9.211250305175781,110,3.654899600078352,0.0010382001055404544,9.211249166051939,,,961,1563.9296875,64.81494140625,a2301fa797677375180c154dc645bfb555b7646c362d1287aeefb3095ab68c5d,False,5,14,10,038041160c19af08fc5a0a3c78736a05cd4d9ac3f56af30f01553bc3ea979223,COMPLETED,3d9a36cc6a5ddcac5bc47aaec4fa1c0e68f753361bd3346ec4b98289fef5c54f
C03_causal_tcn,temporal_convolutional_network,rolling_origin_2022-05-17,rolling_origin_2022-05-17__inner_3_2022-03-01,5,92e2c7c1f70c24b6008eb72e90fb8244c710cd38d8231ad3761d9525f572c08e,"{""channels"":[16,16],""dropout"":0.1,""kernel_size"":2,""weight_decay"":0.01}",42121,503,14,39aa646abc71af790b5651b8d371ac3c5da9fc850975ea1f0e8eec1efe1ac7db,9400eab919178645d0c73e6bb3aa0c337b1fad589dd35096e9a2f2224f92f670,27b9d01554473ba0d7d5e204594bbe3764c21dd3a9ac94c3b6ba29d175b53e9c,baa127dc377d14a943bf7c5e7dc2bc49cb4fbb6b4bfc7fa7e4552964e94e8504,e86643bea02486a38d5b4d4b4c1e2929c4f5105d99aa1faa3b7b234c0750b1ba,9c550f8d59add4345a65b64acb3a283518f28cff2d54771a03c2797412edb43c,11b9d5c1e74e40f2fbd2da58a38e329be952d0db9a65d588fea2bb7a5af3dc66,False,92.27328207187266,502,work/gate_c1/checkpoints/inner/11b9d5c1e74e40f2fbd2da58a38e329be952d0db9a65d588fea2bb7a5af3dc66/manifest.json,bc51b80b5fa3a99f5997432cf235c9a77c61e1267309e38d165a10d0b772bcf9,metric_ascending_then_epoch,inner,,,6.590949058532715,602,18.743365700007416,0.0009460999863222241,6.590948719419475,,,961,1563.9375,64.81494140625,1652b81c57b79bf65759169f7a54c75caedddebc3b5e2f0c9fed4b061ffd2b55,False,5,14,502,11b9d5c1e74e40f2fbd2da58a38e329be952d0db9a65d588fea2bb7a5af3dc66,COMPLETED,0ac15db09f71c5e6f95f94a1c4f40a310238d69699a4371b12b6e99162946b0d
C03_causal_tcn,temporal_convolutional_network,rolling_origin_2022-05-17,rolling_origin_2022-05-17__inner_1_2021-07-13,6,34a29caed87808aba2effbfa60df2dce5d50db35e5d810184f1c82b26edfa198,"{""channels"":[16,16],""dropout"":0.1,""kernel_size"":3,""weight_decay"":0.0001}",42117,400,12,7361169052bfe3cadd2368cd2ef02303aa4cc77ee8c797e07999b1f8a1146ed4,b4860670a6d31a3886d8b47a9de2a0cd076875a439a80eee28802b214ca9ca3f,9fa21e96643969d4eaee67813ebd6a585a3b32f898e4a48214608c4a2f3eb59b,f66f0702cd2af3d14cb93eea9ff18f36d2df935083344eb93d1e20db7a1a6a68,b2bdd728b334738463654ad9d97c6d4084726879a05cd64ed8b3609638304ed3,d428e315a0d44ced70e25cb6183a1693eabd86a6aa4a758a85235615bbd4d5ef,9b85647091aa5e5fe139de7baf36a6558d2867ef9e797c35cfe3013ba2f061d0,True,57.4237144341108,17,work/gate_c1/checkpoints/inner/9b85647091aa5e5fe139de7baf36a6558d2867ef9e797c35cfe3013ba2f061d0/manifest.json,a767f35feb3f236629aa27e1e792f7d29ad553a374b63b1d0392e5525cd39424,metric_ascending_then_epoch,inner,,,4.785309791564941,117,3.130318899988197,0.0010086999973282218,4.7853095361759,,,1345,1563.1796875,64.77490234375,87c4025aac79d091af50b9805eca68776439fd9b7bbb8ff312ba8be0497a619d,False,5,12,17,9b85647091aa5e5fe139de7baf36a6558d2867ef9e797c35cfe3013ba2f061d0,COMPLETED,5fb085a7d6aaae842da47721e88536622bae8844c47e6c83911d0314b5b9ed13
C03_causal_tcn,temporal_convolutional_network,rolling_origin_2022-05-17,rolling_origin_2022-05-17__inner_1_2021-07-13,6,34a29caed87808aba2effbfa60df2dce5d50db35e5d810184f1c82b26edfa198,"{""channels"":[16,16],""dropout"":0.1,""kernel_size"":3,""weight_decay"":0.0001}",42118,400,12,7361169052bfe3cadd2368cd2ef02303aa4cc77ee8c797e07999b1f8a1146ed4,b4860670a6d31a3886d8b47a9de2a0cd076875a439a80eee28802b214ca9ca3f,9fa21e96643969d4eaee67813ebd6a585a3b32f898e4a48214608c4a2f3eb59b,f66f0702cd2af3d14cb93eea9ff18f36d2df935083344eb93d1e20db7a1a6a68,b2bdd728b334738463654ad9d97c6d4084726879a05cd64ed8b3609638304ed3,d428e315a0d44ced70e25cb6183a1693eabd86a6aa4a758a85235615bbd4d5ef,3906d8954c4bfbeb3cf34850283f859d4ccac1d94b737593b1ebae195474efca,True,49.810997686093096,22,work/gate_c1/checkpoints/inner/3906d8954c4bfbeb3cf34850283f859d4ccac1d94b737593b1ebae195474efca/manifest.json,392190fe49f30b95f5d498473d3bbe5270c6953de887fb54ec0eba79aae51d79,metric_ascending_then_epoch,inner,,,4.150917053222656,122,3.0972845000214875,0.0008959000697359443,4.150916473841091,,,1345,1563.19140625,64.77490234375,7b97344627d8f1ecc54262369ba9c77ae103c42914d3afa61d9321d054c16de7,False,5,12,22,3906d8954c4bfbeb3cf34850283f859d4ccac1d94b737593b1ebae195474efca,COMPLETED,efafb035f373f24bc3ea2e65960b75eb63782b6eb15abc18226a16c8628c05ec
C03_causal_tcn,temporal_convolutional_network,rolling_origin_2022-05-17,rolling_origin_2022-05-17__inner_1_2021-07-13,6,34a29caed87808aba2effbfa60df2dce5d50db35e5d810184f1c82b26edfa198,"{""channels"":[16,16],""dropout"":0.1,""kernel_size"":3,""weight_decay"":0.0001}",42119,400,12,7361169052bfe3cadd2368cd2ef02303aa4cc77ee8c797e07999b1f8a1146ed4,b4860670a6d31a3886d8b47a9de2a0cd076875a439a80eee28802b214ca9ca3f,9fa21e96643969d4eaee67813ebd6a585a3b32f898e4a48214608c4a2f3eb59b,f66f0702cd2af3d14cb93eea9ff18f36d2df935083344eb93d1e20db7a1a6a68,b2bdd728b334738463654ad9d97c6d4084726879a05cd64ed8b3609638304ed3,d428e315a0d44ced70e25cb6183a1693eabd86a6aa4a758a85235615bbd4d5ef,794dda49b7d6ac808a60805aff495a085f159e95c055e9f8e317539ad1d5e205,True,32.06737542511789,176,work/gate_c1/checkpoints/inner/794dda49b7d6ac808a60805aff495a085f159e95c055e9f8e317539ad1d5e205/manifest.json,17ae658fb5de497bffa6159c49b68076241fc9a8f43cff1ec31663c950018c15,metric_ascending_then_epoch,inner,,,2.672281503677368,276,6.941898899967782,0.000951100024394691,2.672281285426491,,,1345,1563.28125,64.77490234375,21587e74c5df0f0dff9e1695a8962a4140979c54d62120fabdf12fd056a792c6,False,5,12,176,794dda49b7d6ac808a60805aff495a085f159e95c055e9f8e317539ad1d5e205,COMPLETED,c4c9351d90b66026c4b6626035b114f559c1cf252855176e77a499e09aba77b1
C03_causal_tcn,temporal_convolutional_network,rolling_origin_2022-05-17,rolling_origin_2022-05-17__inner_1_2021-07-13,6,34a29caed87808aba2effbfa60df2dce5d50db35e5d810184f1c82b26edfa198,"{""channels"":[16,16],""dropout"":0.1,""kernel_size"":3,""weight_decay"":0.0001}",42120,400,12,7361169052bfe3cadd2368cd2ef02303aa4cc77ee8c797e07999b1f8a1146ed4,b4860670a6d31a3886d8b47a9de2a0cd076875a439a80eee28802b214ca9ca3f,9fa21e96643969d4eaee67813ebd6a585a3b32f898e4a48214608c4a2f3eb59b,f66f0702cd2af3d14cb93eea9ff18f36d2df935083344eb93d1e20db7a1a6a68,b2bdd728b334738463654ad9d97c6d4084726879a05cd64ed8b3609638304ed3,d428e315a0d44ced70e25cb6183a1693eabd86a6aa4a758a85235615bbd4d5ef,a1c9a94a08fc92704b5210238e8b6ba49a8cd99b481e0d6d61d5472373512962,True,47.580470224733745,9,work/gate_c1/checkpoints/inner/a1c9a94a08fc92704b5210238e8b6ba49a8cd99b481e0d6d61d5472373512962/manifest.json,3e76236c54d02435865410e3317c691aafdd2ec954a03f7895d0e4885cfd1281,metric_ascending_then_epoch,inner,,,3.9650394916534424,109,2.79482419998385,0.0009496000129729509,3.965039185394479,,,1345,1563.265625,64.77490234375,f64c3eb4ba7bca75ac372fbdefc26a80aaae2808cc7831e5f5ff097b4ef7a8fc,False,5,12,9,a1c9a94a08fc92704b5210238e8b6ba49a8cd99b481e0d6d61d5472373512962,COMPLETED,eea3a8278fe6ce2be0f1b84625cc01a6a98bea86d55ea4704aa666edd26f76ed
C03_causal_tcn,temporal_convolutional_network,rolling_origin_2022-05-17,rolling_origin_2022-05-17__inner_1_2021-07-13,6,34a29caed87808aba2effbfa60df2dce5d50db35e5d810184f1c82b26edfa198,"{""channels"":[16,16],""dropout"":0.1,""kernel_size"":3,""weight_decay"":0.0001}",42121,400,12,7361169052bfe3cadd2368cd2ef02303aa4cc77ee8c797e07999b1f8a1146ed4,b4860670a6d31a3886d8b47a9de2a0cd076875a439a80eee28802b214ca9ca3f,9fa21e96643969d4eaee67813ebd6a585a3b32f898e4a48214608c4a2f3eb59b,f66f0702cd2af3d14cb93eea9ff18f36d2df935083344eb93d1e20db7a1a6a68,b2bdd728b334738463654ad9d97c6d4084726879a05cd64ed8b3609638304ed3,d428e315a0d44ced70e25cb6183a1693eabd86a6aa4a758a85235615bbd4d5ef,3ebecd6eb314e27da6441bb3da0200c166a0f2af60d67d90b544572537495b61,True,43.68881794438392,17,work/gate_c1/checkpoints/inner/3ebecd6eb314e27da6441bb3da0200c166a0f2af60d67d90b544572537495b61/manifest.json,be4c8765caec23b32293acc2b6b3f26f8a8f5d418473d22624d4f33ae1ec604d,metric_ascending_then_epoch,inner,,,3.6407346725463867,117,2.988925499957986,0.0009376000380143523,3.64073482869866,,,1345,1563.29296875,64.77490234375,c0d3a316169b4c89d4d744f63052c2203a8e19f5863e69d2974cbd2c80f02f38,False,5,12,17,3ebecd6eb314e27da6441bb3da0200c166a0f2af60d67d90b544572537495b61,COMPLETED,f426fd20cd55341791c89d1e0d9f1f5d6eea89aa1f27fd2465331a058cf26898
C03_causal_tcn,temporal_convolutional_network,rolling_origin_2022-05-17,rolling_origin_2022-05-17__inner_2_2021-11-02,6,34a29caed87808aba2effbfa60df2dce5d50db35e5d810184f1c82b26edfa198,"{""channels"":[16,16],""dropout"":0.1,""kernel_size"":3,""weight_decay"":0.0001}",42117,412,91,010c62a504d18f06befdb638b6898ac83ed39ef7db251812d6aaedfd6ba961f9,4addff335526e77628b914bf83380de2c81030fb22994a739cb072c37c504f5d,7f05fb1c5e91cc3379f52fbf863cec9f54ac307f58aa857ffe585f6291b77a09,8a00835d13809d189a545d27b156834a3b8a30dce15741eee57ecbb851955632,36f84953e3a28962ea8d373098a8b9484d9e8539a87ca2cfd298364bf9a5b1c6,ccc0c75b3414027ea1b2b86a97407abd5011c87de895d7b1f0e3319cf4615b15,8f95ec0c2ebcbaa5166aa424fc3b2c17b9e020f6eb275839a914e048eed91ca8,True,533.825710722311,40,work/gate_c1/checkpoints/inner/8f95ec0c2ebcbaa5166aa424fc3b2c17b9e020f6eb275839a914e048eed91ca8/manifest.json,7d8a2027f1e25e4133384c0ef3cd4294b36e5bcfc7091a9160b9d68f17e0e9e8,metric_ascending_then_epoch,inner,,,5.866216659545898,140,3.607264199992642,0.0009428000776097178,5.866216601344076,,,1345,1563.70703125,64.93408203125,1b891629ca52d683629dcaf4d6c2aedc378667f2d140229e46f6436013a85649,False,5,91,40,8f95ec0c2ebcbaa5166aa424fc3b2c17b9e020f6eb275839a914e048eed91ca8,COMPLETED,fb6962ac5fd303b7b67117e268845a0e5949d14f381e451781fc94f1623e7bd7
C03_causal_tcn,temporal_convolutional_network,rolling_origin_2022-05-17,rolling_origin_2022-05-17__inner_2_2021-11-02,6,34a29caed87808aba2effbfa60df2dce5d50db35e5d810184f1c82b26edfa198,"{""channels"":[16,16],""dropout"":0.1,""kernel_size"":3,""weight_decay"":0.0001}",42118,412,91,010c62a504d18f06befdb638b6898ac83ed39ef7db251812d6aaedfd6ba961f9,4addff335526e77628b914bf83380de2c81030fb22994a739cb072c37c504f5d,7f05fb1c5e91cc3379f52fbf863cec9f54ac307f58aa857ffe585f6291b77a09,8a00835d13809d189a545d27b156834a3b8a30dce15741eee57ecbb851955632,36f84953e3a28962ea8d373098a8b9484d9e8539a87ca2cfd298364bf9a5b1c6,ccc0c75b3414027ea1b2b86a97407abd5011c87de895d7b1f0e3319cf4615b15,9d63fc67e052826339b5dd67de3605e5c1df137d06a893e4a832c6ed2820bd84,True,524.3305033924378,111,work/gate_c1/checkpoints/inner/9d63fc67e052826339b5dd67de3605e5c1df137d06a893e4a832c6ed2820bd84/manifest.json,13af05f263351865b4fc9e07dd574607026a565ab80d4128c2732724a40946f7,metric_ascending_then_epoch,inner,,,5.761874198913574,211,5.704079800052568,0.0009385000448673964,5.761873663653162,,,1345,1563.72265625,64.93408203125,e90c4e1545c41f12ce4b39b9be88ef20324d7eb217b1ac5f7d3874b6b424b9aa,False,5,91,111,9d63fc67e052826339b5dd67de3605e5c1df137d06a893e4a832c6ed2820bd84,COMPLETED,b6ba2ac017d532319431e47619130a3d94842be0406ffb3ee96c6c747278048d
C03_causal_tcn,temporal_convolutional_network,rolling_origin_2022-05-17,rolling_origin_2022-05-17__inner_2_2021-11-02,6,34a29caed87808aba2effbfa60df2dce5d50db35e5d810184f1c82b26edfa198,"{""channels"":[16,16],""dropout"":0.1,""kernel_size"":3,""weight_decay"":0.0001}",42119,412,91,010c62a504d18f06befdb638b6898ac83ed39ef7db251812d6aaedfd6ba961f9,4addff335526e77628b914bf83380de2c81030fb22994a739cb072c37c504f5d,7f05fb1c5e91cc3379f52fbf863cec9f54ac307f58aa857ffe585f6291b77a09,8a00835d13809d189a545d27b156834a3b8a30dce15741eee57ecbb851955632,36f84953e3a28962ea8d373098a8b9484d9e8539a87ca2cfd298364bf9a5b1c6,ccc0c75b3414027ea1b2b86a97407abd5011c87de895d7b1f0e3319cf4615b15,0f4cb19d9764755baa698a22a461338ccb190b4e7286a78d00dc297928a55bbc,True,491.6679459743201,27,work/gate_c1/checkpoints/inner/0f4cb19d9764755baa698a22a461338ccb190b4e7286a78d00dc297928a55bbc/manifest.json,464e0eaedc002f632ba6f7be28602e2f29fb4ed89ba994369e73f2e0cf258a49,metric_ascending_then_epoch,inner,,,5.402944564819336,127,3.6132713000988588,0.0010766000486910343,5.402944461256265,,,1345,1563.7734375,64.93408203125,40a4a90336a489a5a1cc302404fb50b11bb38708dff6e2f5b8cf5183dc804d34,False,5,91,27,0f4cb19d9764755baa698a22a461338ccb190b4e7286a78d00dc297928a55bbc,COMPLETED,3bd4d8cc7e08e6084c876274b78ec6b22d374090950bcaddc3390dd9e3cf98b6
C03_causal_tcn,temporal_convolutional_network,rolling_origin_2022-05-17,rolling_origin_2022-05-17__inner_2_2021-11-02,6,34a29caed87808aba2effbfa60df2dce5d50db35e5d810184f1c82b26edfa198,"{""channels"":[16,16],""dropout"":0.1,""kernel_size"":3,""weight_decay"":0.0001}",42120,412,91,010c62a504d18f06befdb638b6898ac83ed39ef7db251812d6aaedfd6ba961f9,4addff335526e77628b914bf83380de2c81030fb22994a739cb072c37c504f5d,7f05fb1c5e91cc3379f52fbf863cec9f54ac307f58aa857ffe585f6291b77a09,8a00835d13809d189a545d27b156834a3b8a30dce15741eee57ecbb851955632,36f84953e3a28962ea8d373098a8b9484d9e8539a87ca2cfd298364bf9a5b1c6,ccc0c75b3414027ea1b2b86a97407abd5011c87de895d7b1f0e3319cf4615b15,a19b292baf25267a808c9d50d5817ad96e3c233e29bef9da8aeba22f9164df6c,True,592.6507674276202,117,work/gate_c1/checkpoints/inner/a19b292baf25267a808c9d50d5817ad96e3c233e29bef9da8aeba22f9164df6c/manifest.json,31a9154a8a0577d61f4c3ad10cd8654e7d0ca31368cb1886099658aa5157d142,metric_ascending_then_epoch,inner,,,6.512645721435547,217,5.566696500056423,0.00100320007186383,6.512645795907914,,,1345,1563.77734375,64.93408203125,1aec8e4a7526b2307b109da858964e84ed4f744469a335bbf19b78da2d9adb96,False,5,91,117,a19b292baf25267a808c9d50d5817ad96e3c233e29bef9da8aeba22f9164df6c,COMPLETED,13832ae4edf4da159e19bdea054e9113beb27836b1b9a0f4e5a9637619d13900
C03_causal_tcn,temporal_convolutional_network,rolling_origin_2022-05-17,rolling_origin_2022-05-17__inner_2_2021-11-02,6,34a29caed87808aba2effbfa60df2dce5d50db35e5d810184f1c82b26edfa198,"{""channels"":[16,16],""dropout"":0.1,""kernel_size"":3,""weight_decay"":0.0001}",42121,412,91,010c62a504d18f06befdb638b6898ac83ed39ef7db251812d6aaedfd6ba961f9,4addff335526e77628b914bf83380de2c81030fb22994a739cb072c37c504f5d,7f05fb1c5e91cc3379f52fbf863cec9f54ac307f58aa857ffe585f6291b77a09,8a00835d13809d189a545d27b156834a3b8a30dce15741eee57ecbb851955632,36f84953e3a28962ea8d373098a8b9484d9e8539a87ca2cfd298364bf9a5b1c6,ccc0c75b3414027ea1b2b86a97407abd5011c87de895d7b1f0e3319cf4615b15,6e22548b8687f17d193ef49c0c81a3a7902eff0749229930cbfbced0fb6881a3,True,499.52391125712734,118,work/gate_c1/checkpoints/inner/6e22548b8687f17d193ef49c0c81a3a7902eff0749229930cbfbced0fb6881a3/manifest.json,4fb46b18ea9ad9c80f32afc648f306eeefbe7a8fb4e0dc11c9e64634892664da,metric_ascending_then_epoch,inner,,,5.489273548126221,218,6.004235800006427,0.0009944000048562884,5.489273750078322,,,1345,1563.79296875,64.93408203125,61d0fd80d7712ba28727f3db85b9a840d9c8d941659ba90d179afff0f91a3623,False,5,91,118,6e22548b8687f17d193ef49c0c81a3a7902eff0749229930cbfbced0fb6881a3,COMPLETED,327c30befedb5f304b1b0051684021a5a06f7a8274d980018ab51c001c62ea80
C03_causal_tcn,temporal_convolutional_network,rolling_origin_2022-05-17,rolling_origin_2022-05-17__inner_3_2022-03-01,6,34a29caed87808aba2effbfa60df2dce5d50db35e5d810184f1c82b26edfa198,"{""channels"":[16,16],""dropout"":0.1,""kernel_size"":3,""weight_decay"":0.0001}",42117,503,14,39aa646abc71af790b5651b8d371ac3c5da9fc850975ea1f0e8eec1efe1ac7db,9400eab919178645d0c73e6bb3aa0c337b1fad589dd35096e9a2f2224f92f670,27b9d01554473ba0d7d5e204594bbe3764c21dd3a9ac94c3b6ba29d175b53e9c,baa127dc377d14a943bf7c5e7dc2bc49cb4fbb6b4bfc7fa7e4552964e94e8504,e86643bea02486a38d5b4d4b4c1e2929c4f5105d99aa1faa3b7b234c0750b1ba,9c550f8d59add4345a65b64acb3a283518f28cff2d54771a03c2797412edb43c,2d93dae6d4f06373f9eb8b2b44a631b402f3f24e0d95177ad48edaed386979d6,False,105.94293157820577,15,work/gate_c1/checkpoints/inner/2d93dae6d4f06373f9eb8b2b44a631b402f3f24e0d95177ad48edaed386979d6/manifest.json,a97f18a669963433184a82b7cdc034f9f2638bd3fc10415e4b9305bbf571b0ad,metric_ascending_then_epoch,inner,,,7.567352771759033,115,3.935685599921271,0.0012102000182494521,7.567352255586127,,,1345,1564.0859375,64.84619140625,47e7861c1c6a9f1bef8617591db1c219c483a0829c17fb33267e8209cc26bfc2,False,5,14,15,2d93dae6d4f06373f9eb8b2b44a631b402f3f24e0d95177ad48edaed386979d6,COMPLETED,8db9e8cf8dbd267239b9c785b251283bd1c3ed96e65686a88a06458364958572
C03_causal_tcn,temporal_convolutional_network,rolling_origin_2022-05-17,rolling_origin_2022-05-17__inner_3_2022-03-01,6,34a29caed87808aba2effbfa60df2dce5d50db35e5d810184f1c82b26edfa198,"{""channels"":[16,16],""dropout"":0.1,""kernel_size"":3,""weight_decay"":0.0001}",42118,503,14,39aa646abc71af790b5651b8d371ac3c5da9fc850975ea1f0e8eec1efe1ac7db,9400eab919178645d0c73e6bb3aa0c337b1fad589dd35096e9a2f2224f92f670,27b9d01554473ba0d7d5e204594bbe3764c21dd3a9ac94c3b6ba29d175b53e9c,baa127dc377d14a943bf7c5e7dc2bc49cb4fbb6b4bfc7fa7e4552964e94e8504,e86643bea02486a38d5b4d4b4c1e2929c4f5105d99aa1faa3b7b234c0750b1ba,9c550f8d59add4345a65b64acb3a283518f28cff2d54771a03c2797412edb43c,236be56b328380de0c93cf9e1689e1a9c3d54bb61a50c3ca92b128bbead0bdca,False,119.31855263152066,36,work/gate_c1/checkpoints/inner/236be56b328380de0c93cf9e1689e1a9c3d54bb61a50c3ca92b128bbead0bdca/manifest.json,ae19fb81b41ffcf85ee847235b393f3b4686413d980758465147bd9af48e59a3,metric_ascending_then_epoch,inner,,,8.522753715515137,136,4.253665399970487,0.0009608999826014042,8.522753759394332,,,1345,1564.1796875,64.84619140625,95a7fc32d19608d4f431a4bf7105755559366b0f42fff40ff9633c1dfba11c69,False,5,14,36,236be56b328380de0c93cf9e1689e1a9c3d54bb61a50c3ca92b128bbead0bdca,COMPLETED,2e1ba8b9dd93632e9761a344d42875c1373f68e7b8aade6e9951a843bdb4068c
C03_causal_tcn,temporal_convolutional_network,rolling_origin_2022-05-17,rolling_origin_2022-05-17__inner_3_2022-03-01,6,34a29caed87808aba2effbfa60df2dce5d50db35e5d810184f1c82b26edfa198,"{""channels"":[16,16],""dropout"":0.1,""kernel_size"":3,""weight_decay"":0.0001}",42119,503,14,39aa646abc71af790b5651b8d371ac3c5da9fc850975ea1f0e8eec1efe1ac7db,9400eab919178645d0c73e6bb3aa0c337b1fad589dd35096e9a2f2224f92f670,27b9d01554473ba0d7d5e204594bbe3764c21dd3a9ac94c3b6ba29d175b53e9c,baa127dc377d14a943bf7c5e7dc2bc49cb4fbb6b4bfc7fa7e4552964e94e8504,e86643bea02486a38d5b4d4b4c1e2929c4f5105d99aa1faa3b7b234c0750b1ba,9c550f8d59add4345a65b64acb3a283518f28cff2d54771a03c2797412edb43c,ffef303274007b6d55090390df3e54147a6189b8e0847634a4c21aed12fdee8b,False,120.54622948684008,5,work/gate_c1/checkpoints/inner/ffef303274007b6d55090390df3e54147a6189b8e0847634a4c21aed12fdee8b/manifest.json,d6f2ae114db0551a24c08df4f3e1abc2a6ea4da1562bb3d02a82d33a7a1b9adb,metric_ascending_then_epoch,inner,,,8.610444068908691,105,3.3690877999179065,0.0010557998903095722,8.610444963345719,,,1345,1564.1796875,64.84619140625,0f485a70da287f8c62b920b52104748d46d2a263c5b4c8ab27c9cd90a7150962,False,5,14,5,ffef303274007b6d55090390df3e54147a6189b8e0847634a4c21aed12fdee8b,COMPLETED,c0a184954fa40c21ec36d5830cf7dfd84bf8b94b55fd23d35ff888c044e47039
C03_causal_tcn,temporal_convolutional_network,rolling_origin_2022-05-17,rolling_origin_2022-05-17__inner_3_2022-03-01,6,34a29caed87808aba2effbfa60df2dce5d50db35e5d810184f1c82b26edfa198,"{""channels"":[16,16],""dropout"":0.1,""kernel_size"":3,""weight_decay"":0.0001}",42120,503,14,39aa646abc71af790b5651b8d371ac3c5da9fc850975ea1f0e8eec1efe1ac7db,9400eab919178645d0c73e6bb3aa0c337b1fad589dd35096e9a2f2224f92f670,27b9d01554473ba0d7d5e204594bbe3764c21dd3a9ac94c3b6ba29d175b53e9c,baa127dc377d14a943bf7c5e7dc2bc49cb4fbb6b4bfc7fa7e4552964e94e8504,e86643bea02486a38d5b4d4b4c1e2929c4f5105d99aa1faa3b7b234c0750b1ba,9c550f8d59add4345a65b64acb3a283518f28cff2d54771a03c2797412edb43c,b218b217287deeb754690e0f0faa7ac266e5c766aa27099ea006105f532706ec,False,94.38096181211974,344,work/gate_c1/checkpoints/inner/b218b217287deeb754690e0f0faa7ac266e5c766aa27099ea006105f532706ec/manifest.json,f08d88cf93cb723734457e47b7933b103db61d11eee6bc66efae8b6583caeba3,metric_ascending_then_epoch,inner,,,6.741497039794922,444,13.842549600056373,0.001257800031453371,6.741497272294267,,,1345,1564.18359375,64.84619140625,a2301fa797677375180c154dc645bfb555b7646c362d1287aeefb3095ab68c5d,False,5,14,344,b218b217287deeb754690e0f0faa7ac266e5c766aa27099ea006105f532706ec,COMPLETED,3d9a36cc6a5ddcac5bc47aaec4fa1c0e68f753361bd3346ec4b98289fef5c54f
C03_causal_tcn,temporal_convolutional_network,rolling_origin_2022-05-17,rolling_origin_2022-05-17__inner_3_2022-03-01,6,34a29caed87808aba2effbfa60df2dce5d50db35e5d810184f1c82b26edfa198,"{""channels"":[16,16],""dropout"":0.1,""kernel_size"":3,""weight_decay"":0.0001}",42121,503,14,39aa646abc71af790b5651b8d371ac3c5da9fc850975ea1f0e8eec1efe1ac7db,9400eab919178645d0c73e6bb3aa0c337b1fad589dd35096e9a2f2224f92f670,27b9d01554473ba0d7d5e204594bbe3764c21dd3a9ac94c3b6ba29d175b53e9c,baa127dc377d14a943bf7c5e7dc2bc49cb4fbb6b4bfc7fa7e4552964e94e8504,e86643bea02486a38d5b4d4b4c1e2929c4f5105d99aa1faa3b7b234c0750b1ba,9c550f8d59add4345a65b64acb3a283518f28cff2d54771a03c2797412edb43c,4fd00b7b87cddd9f2760eeb789acf66cda6b2b06bc10aa28291f3a4e9c04f416,False,111.3926562578075,20,work/gate_c1/checkpoints/inner/4fd00b7b87cddd9f2760eeb789acf66cda6b2b06bc10aa28291f3a4e9c04f416/manifest.json,9d9e7e189adfe4276e5044eb2d6cd3dfe6913f8f8ea439a4ef85c81167c0f093,metric_ascending_then_epoch,inner,,,7.956618309020996,120,3.8135476000607014,0.0009575000731274486,7.956618304129107,,,1345,1564.2109375,64.84619140625,1652b81c57b79bf65759169f7a54c75caedddebc3b5e2f0c9fed4b061ffd2b55,False,5,14,20,4fd00b7b87cddd9f2760eeb789acf66cda6b2b06bc10aa28291f3a4e9c04f416,COMPLETED,0ac15db09f71c5e6f95f94a1c4f40a310238d69699a4371b12b6e99162946b0d
C03_causal_tcn,temporal_convolutional_network,rolling_origin_2022-05-17,rolling_origin_2022-05-17__inner_1_2021-07-13,7,e80626fc7584ce5cb150e464363a573fc27ff6baf5e315f842f85aa7bccebc18,"{""channels"":[16,16],""dropout"":0.1,""kernel_size"":3,""weight_decay"":0.01}",42117,400,12,7361169052bfe3cadd2368cd2ef02303aa4cc77ee8c797e07999b1f8a1146ed4,b4860670a6d31a3886d8b47a9de2a0cd076875a439a80eee28802b214ca9ca3f,9fa21e96643969d4eaee67813ebd6a585a3b32f898e4a48214608c4a2f3eb59b,f66f0702cd2af3d14cb93eea9ff18f36d2df935083344eb93d1e20db7a1a6a68,b2bdd728b334738463654ad9d97c6d4084726879a05cd64ed8b3609638304ed3,d428e315a0d44ced70e25cb6183a1693eabd86a6aa4a758a85235615bbd4d5ef,2499f144d3c23985feada214e8f8593347c3a5b049dfcde43c145ed4a2fbf86d,True,57.32694581943789,17,work/gate_c1/checkpoints/inner/2499f144d3c23985feada214e8f8593347c3a5b049dfcde43c145ed4a2fbf86d/manifest.json,5792e75dc20acc8deb8d50bae50d148602ccbb4996b69c1ac67cfc2ccd2aa544,metric_ascending_then_epoch,inner,,,4.77724552154541,117,2.996782200061716,0.00092889997176826,4.777245484953157,,,1345,1563.3984375,64.77490234375,87c4025aac79d091af50b9805eca68776439fd9b7bbb8ff312ba8be0497a619d,False,5,12,17,2499f144d3c23985feada214e8f8593347c3a5b049dfcde43c145ed4a2fbf86d,COMPLETED,5fb085a7d6aaae842da47721e88536622bae8844c47e6c83911d0314b5b9ed13
C03_causal_tcn,temporal_convolutional_network,rolling_origin_2022-05-17,rolling_origin_2022-05-17__inner_1_2021-07-13,7,e80626fc7584ce5cb150e464363a573fc27ff6baf5e315f842f85aa7bccebc18,"{""channels"":[16,16],""dropout"":0.1,""kernel_size"":3,""weight_decay"":0.01}",42118,400,12,7361169052bfe3cadd2368cd2ef02303aa4cc77ee8c797e07999b1f8a1146ed4,b4860670a6d31a3886d8b47a9de2a0cd076875a439a80eee28802b214ca9ca3f,9fa21e96643969d4eaee67813ebd6a585a3b32f898e4a48214608c4a2f3eb59b,f66f0702cd2af3d14cb93eea9ff18f36d2df935083344eb93d1e20db7a1a6a68,b2bdd728b334738463654ad9d97c6d4084726879a05cd64ed8b3609638304ed3,d428e315a0d44ced70e25cb6183a1693eabd86a6aa4a758a85235615bbd4d5ef,515dc4df5eda0cc6044b5b8bbf767396b066a672187ac7f8a047f6d607d547ef,True,49.3620392188947,22,work/gate_c1/checkpoints/inner/515dc4df5eda0cc6044b5b8bbf767396b066a672187ac7f8a047f6d607d547ef/manifest.json,de0f6ba09268851d60ef3462fe3ecb681545071e17c5760eaeb41f07595d0bb5,metric_ascending_then_epoch,inner,,,4.113503456115723,122,3.188347400049679,0.0009334000060334802,4.113503268241225,,,1345,1563.4140625,64.77490234375,7b97344627d8f1ecc54262369ba9c77ae103c42914d3afa61d9321d054c16de7,False,5,12,22,515dc4df5eda0cc6044b5b8bbf767396b066a672187ac7f8a047f6d607d547ef,COMPLETED,efafb035f373f24bc3ea2e65960b75eb63782b6eb15abc18226a16c8628c05ec
C03_causal_tcn,temporal_convolutional_network,rolling_origin_2022-05-17,rolling_origin_2022-05-17__inner_1_2021-07-13,7,e80626fc7584ce5cb150e464363a573fc27ff6baf5e315f842f85aa7bccebc18,"{""channels"":[16,16],""dropout"":0.1,""kernel_size"":3,""weight_decay"":0.01}",42119,400,12,7361169052bfe3cadd2368cd2ef02303aa4cc77ee8c797e07999b1f8a1146ed4,b4860670a6d31a3886d8b47a9de2a0cd076875a439a80eee28802b214ca9ca3f,9fa21e96643969d4eaee67813ebd6a585a3b32f898e4a48214608c4a2f3eb59b,f66f0702cd2af3d14cb93eea9ff18f36d2df935083344eb93d1e20db7a1a6a68,b2bdd728b334738463654ad9d97c6d4084726879a05cd64ed8b3609638304ed3,d428e315a0d44ced70e25cb6183a1693eabd86a6aa4a758a85235615bbd4d5ef,4a556ae3b70d8b792454b19b0a376d4c7ec53bc74f27cba5c536c29c94d7a46e,True,36.044686052223305,109,work/gate_c1/checkpoints/inner/4a556ae3b70d8b792454b19b0a376d4c7ec53bc74f27cba5c536c29c94d7a46e/manifest.json,d4e3d7f2421adfc0883c22c854522e22d0bcb2f23baa84f98397d983dc6b1637,metric_ascending_then_epoch,inner,,,3.0037238597869873,209,5.4773747000144795,0.0010720000136643648,3.0037238376852753,,,1345,1563.4453125,64.77490234375,21587e74c5df0f0dff9e1695a8962a4140979c54d62120fabdf12fd056a792c6,False,5,12,109,4a556ae3b70d8b792454b19b0a376d4c7ec53bc74f27cba5c536c29c94d7a46e,COMPLETED,c4c9351d90b66026c4b6626035b114f559c1cf252855176e77a499e09aba77b1
C03_causal_tcn,temporal_convolutional_network,rolling_origin_2022-05-17,rolling_origin_2022-05-17__inner_1_2021-07-13,7,e80626fc7584ce5cb150e464363a573fc27ff6baf5e315f842f85aa7bccebc18,"{""channels"":[16,16],""dropout"":0.1,""kernel_size"":3,""weight_decay"":0.01}",42120,400,12,7361169052bfe3cadd2368cd2ef02303aa4cc77ee8c797e07999b1f8a1146ed4,b4860670a6d31a3886d8b47a9de2a0cd076875a439a80eee28802b214ca9ca3f,9fa21e96643969d4eaee67813ebd6a585a3b32f898e4a48214608c4a2f3eb59b,f66f0702cd2af3d14cb93eea9ff18f36d2df935083344eb93d1e20db7a1a6a68,b2bdd728b334738463654ad9d97c6d4084726879a05cd64ed8b3609638304ed3,d428e315a0d44ced70e25cb6183a1693eabd86a6aa4a758a85235615bbd4d5ef,9bf6f506f6f3c51c96a2c1167757c73bd48dc3b60532a7824b450c2e6c5122dd,True,47.53066418983421,9,work/gate_c1/checkpoints/inner/9bf6f506f6f3c51c96a2c1167757c73bd48dc3b60532a7824b450c2e6c5122dd/manifest.json,7d1811d0b5c6595600528fb71206ed24de9b54805b438c233512f65b39d45d45,metric_ascending_then_epoch,inner,,,3.960888624191284,109,2.800888799945824,0.0009274999611079693,3.960888682486184,,,1345,1563.46484375,64.77490234375,f64c3eb4ba7bca75ac372fbdefc26a80aaae2808cc7831e5f5ff097b4ef7a8fc,False,5,12,9,9bf6f506f6f3c51c96a2c1167757c73bd48dc3b60532a7824b450c2e6c5122dd,COMPLETED,eea3a8278fe6ce2be0f1b84625cc01a6a98bea86d55ea4704aa666edd26f76ed
C03_causal_tcn,temporal_convolutional_network,rolling_origin_2022-05-17,rolling_origin_2022-05-17__inner_1_2021-07-13,7,e80626fc7584ce5cb150e464363a573fc27ff6baf5e315f842f85aa7bccebc18,"{""channels"":[16,16],""dropout"":0.1,""kernel_size"":3,""weight_decay"":0.01}",42121,400,12,7361169052bfe3cadd2368cd2ef02303aa4cc77ee8c797e07999b1f8a1146ed4,b4860670a6d31a3886d8b47a9de2a0cd076875a439a80eee28802b214ca9ca3f,9fa21e96643969d4eaee67813ebd6a585a3b32f898e4a48214608c4a2f3eb59b,f66f0702cd2af3d14cb93eea9ff18f36d2df935083344eb93d1e20db7a1a6a68,b2bdd728b334738463654ad9d97c6d4084726879a05cd64ed8b3609638304ed3,d428e315a0d44ced70e25cb6183a1693eabd86a6aa4a758a85235615bbd4d5ef,0006e33f45dc5519940581757f242280db263e58e686b652524f2a9a213677f4,True,43.792537329784935,15,work/gate_c1/checkpoints/inner/0006e33f45dc5519940581757f242280db263e58e686b652524f2a9a213677f4/manifest.json,b4edcb7d64b3006cf5a2a2e2bda4676648fcd09c3936a9ec127d447fa38eb0bd,metric_ascending_then_epoch,inner,,,3.6493782997131348,115,3.1141465000109747,0.0009479000000283122,3.649378110815411,,,1345,1563.484375,64.77490234375,c0d3a316169b4c89d4d744f63052c2203a8e19f5863e69d2974cbd2c80f02f38,False,5,12,15,0006e33f45dc5519940581757f242280db263e58e686b652524f2a9a213677f4,COMPLETED,f426fd20cd55341791c89d1e0d9f1f5d6eea89aa1f27fd2465331a058cf26898
C03_causal_tcn,temporal_convolutional_network,rolling_origin_2022-05-17,rolling_origin_2022-05-17__inner_2_2021-11-02,7,e80626fc7584ce5cb150e464363a573fc27ff6baf5e315f842f85aa7bccebc18,"{""channels"":[16,16],""dropout"":0.1,""kernel_size"":3,""weight_decay"":0.01}",42117,412,91,010c62a504d18f06befdb638b6898ac83ed39ef7db251812d6aaedfd6ba961f9,4addff335526e77628b914bf83380de2c81030fb22994a739cb072c37c504f5d,7f05fb1c5e91cc3379f52fbf863cec9f54ac307f58aa857ffe585f6291b77a09,8a00835d13809d189a545d27b156834a3b8a30dce15741eee57ecbb851955632,36f84953e3a28962ea8d373098a8b9484d9e8539a87ca2cfd298364bf9a5b1c6,ccc0c75b3414027ea1b2b86a97407abd5011c87de895d7b1f0e3319cf4615b15,e22abbcfcf9262d8d80e3b8671877b28839bb50e92850a7a074bb1c13c45a8e9,True,533.0561524411079,40,work/gate_c1/checkpoints/inner/e22abbcfcf9262d8d80e3b8671877b28839bb50e92850a7a074bb1c13c45a8e9/manifest.json,1115dcc2893de9be78932b2d910aa491ebe1f4af9518fa3720f4d8f506bbc37f,metric_ascending_then_epoch,inner,,,5.857759952545166,140,3.81166080001276,0.0009960000170394778,5.857759916935252,,,1345,1563.91015625,64.93408203125,1b891629ca52d683629dcaf4d6c2aedc378667f2d140229e46f6436013a85649,False,5,91,40,e22abbcfcf9262d8d80e3b8671877b28839bb50e92850a7a074bb1c13c45a8e9,COMPLETED,fb6962ac5fd303b7b67117e268845a0e5949d14f381e451781fc94f1623e7bd7
C03_causal_tcn,temporal_convolutional_network,rolling_origin_2022-05-17,rolling_origin_2022-05-17__inner_2_2021-11-02,7,e80626fc7584ce5cb150e464363a573fc27ff6baf5e315f842f85aa7bccebc18,"{""channels"":[16,16],""dropout"":0.1,""kernel_size"":3,""weight_decay"":0.01}",42118,412,91,010c62a504d18f06befdb638b6898ac83ed39ef7db251812d6aaedfd6ba961f9,4addff335526e77628b914bf83380de2c81030fb22994a739cb072c37c504f5d,7f05fb1c5e91cc3379f52fbf863cec9f54ac307f58aa857ffe585f6291b77a09,8a00835d13809d189a545d27b156834a3b8a30dce15741eee57ecbb851955632,36f84953e3a28962ea8d373098a8b9484d9e8539a87ca2cfd298364bf9a5b1c6,ccc0c75b3414027ea1b2b86a97407abd5011c87de895d7b1f0e3319cf4615b15,122c53259e65817013160e366c5415bf076555408000a5e8d49923ea15b37894,True,524.0717667568186,111,work/gate_c1/checkpoints/inner/122c53259e65817013160e366c5415bf076555408000a5e8d49923ea15b37894/manifest.json,0e5b8ff8294fe016b201aafec877a909e86022ed522cc3029e7d14315fa37644,metric_ascending_then_epoch,inner,,,5.759030818939209,211,5.384697099914774,0.0009393999353051186,5.759030403921084,,,1345,1563.98828125,64.93408203125,e90c4e1545c41f12ce4b39b9be88ef20324d7eb217b1ac5f7d3874b6b424b9aa,False,5,91,111,122c53259e65817013160e366c5415bf076555408000a5e8d49923ea15b37894,COMPLETED,b6ba2ac017d532319431e47619130a3d94842be0406ffb3ee96c6c747278048d
C03_causal_tcn,temporal_convolutional_network,rolling_origin_2022-05-17,rolling_origin_2022-05-17__inner_2_2021-11-02,7,e80626fc7584ce5cb150e464363a573fc27ff6baf5e315f842f85aa7bccebc18,"{""channels"":[16,16],""dropout"":0.1,""kernel_size"":3,""weight_decay"":0.01}",42119,412,91,010c62a504d18f06befdb638b6898ac83ed39ef7db251812d6aaedfd6ba961f9,4addff335526e77628b914bf83380de2c81030fb22994a739cb072c37c504f5d,7f05fb1c5e91cc3379f52fbf863cec9f54ac307f58aa857ffe585f6291b77a09,8a00835d13809d189a545d27b156834a3b8a30dce15741eee57ecbb851955632,36f84953e3a28962ea8d373098a8b9484d9e8539a87ca2cfd298364bf9a5b1c6,ccc0c75b3414027ea1b2b86a97407abd5011c87de895d7b1f0e3319cf4615b15,650789c26c468a4be4c8ff7576536fe38f95bde0b06dad1598acbb66c21b7fe2,True,491.9004796672377,27,work/gate_c1/checkpoints/inner/650789c26c468a4be4c8ff7576536fe38f95bde0b06dad1598acbb66c21b7fe2/manifest.json,bdc1c1bfdbd59430dee3739d60b50670f058c15473dac4210be190ccec93c38d,metric_ascending_then_epoch,inner,,,5.4054999351501465,127,3.26961710001342,0.000965900020673871,5.405499776563051,,,1345,1563.99609375,64.93408203125,40a4a90336a489a5a1cc302404fb50b11bb38708dff6e2f5b8cf5183dc804d34,False,5,91,27,650789c26c468a4be4c8ff7576536fe38f95bde0b06dad1598acbb66c21b7fe2,COMPLETED,3bd4d8cc7e08e6084c876274b78ec6b22d374090950bcaddc3390dd9e3cf98b6
C03_causal_tcn,temporal_convolutional_network,rolling_origin_2022-05-17,rolling_origin_2022-05-17__inner_2_2021-11-02,7,e80626fc7584ce5cb150e464363a573fc27ff6baf5e315f842f85aa7bccebc18,"{""channels"":[16,16],""dropout"":0.1,""kernel_size"":3,""weight_decay"":0.01}",42120,412,91,010c62a504d18f06befdb638b6898ac83ed39ef7db251812d6aaedfd6ba961f9,4addff335526e77628b914bf83380de2c81030fb22994a739cb072c37c504f5d,7f05fb1c5e91cc3379f52fbf863cec9f54ac307f58aa857ffe585f6291b77a09,8a00835d13809d189a545d27b156834a3b8a30dce15741eee57ecbb851955632,36f84953e3a28962ea8d373098a8b9484d9e8539a87ca2cfd298364bf9a5b1c6,ccc0c75b3414027ea1b2b86a97407abd5011c87de895d7b1f0e3319cf4615b15,0713fd8a8320ac7f2c8d5185693655520130058e9f70c97b60ff0177606752cf,True,582.9939509794376,117,work/gate_c1/checkpoints/inner/0713fd8a8320ac7f2c8d5185693655520130058e9f70c97b60ff0177606752cf/manifest.json,35f1d49b3b16eccd1a9bf4cb3fdd0318e82c3667861a9b42f2d4a6a4758b264b,metric_ascending_then_epoch,inner,,,6.406526565551758,217,5.496762600028887,0.000966200022958219,6.406526933839974,,,1345,1564.0,64.93408203125,1aec8e4a7526b2307b109da858964e84ed4f744469a335bbf19b78da2d9adb96,False,5,91,117,0713fd8a8320ac7f2c8d5185693655520130058e9f70c97b60ff0177606752cf,COMPLETED,13832ae4edf4da159e19bdea054e9113beb27836b1b9a0f4e5a9637619d13900
C03_causal_tcn,temporal_convolutional_network,rolling_origin_2022-05-17,rolling_origin_2022-05-17__inner_2_2021-11-02,7,e80626fc7584ce5cb150e464363a573fc27ff6baf5e315f842f85aa7bccebc18,"{""channels"":[16,16],""dropout"":0.1,""kernel_size"":3,""weight_decay"":0.01}",42121,412,91,010c62a504d18f06befdb638b6898ac83ed39ef7db251812d6aaedfd6ba961f9,4addff335526e77628b914bf83380de2c81030fb22994a739cb072c37c504f5d,7f05fb1c5e91cc3379f52fbf863cec9f54ac307f58aa857ffe585f6291b77a09,8a00835d13809d189a545d27b156834a3b8a30dce15741eee57ecbb851955632,36f84953e3a28962ea8d373098a8b9484d9e8539a87ca2cfd298364bf9a5b1c6,ccc0c75b3414027ea1b2b86a97407abd5011c87de895d7b1f0e3319cf4615b15,5de1175d30767b85640fa64230697e2dfa0e7002f95882ea85f8ed66682b41bb,True,501.0698175791734,118,work/gate_c1/checkpoints/inner/5de1175d30767b85640fa64230697e2dfa0e7002f95882ea85f8ed66682b41bb/manifest.json,b939a11862f4b2068fbedcb48ecb9e518c0e6f60cedf288f36d70ee175acfc62,metric_ascending_then_epoch,inner,,,5.506261348724365,218,5.558850700035691,0.0009367000311613083,5.506261731639268,,,1345,1564.31640625,64.93408203125,61d0fd80d7712ba28727f3db85b9a840d9c8d941659ba90d179afff0f91a3623,False,5,91,118,5de1175d30767b85640fa64230697e2dfa0e7002f95882ea85f8ed66682b41bb,COMPLETED,327c30befedb5f304b1b0051684021a5a06f7a8274d980018ab51c001c62ea80
C03_causal_tcn,temporal_convolutional_network,rolling_origin_2022-05-17,rolling_origin_2022-05-17__inner_3_2022-03-01,7,e80626fc7584ce5cb150e464363a573fc27ff6baf5e315f842f85aa7bccebc18,"{""channels"":[16,16],""dropout"":0.1,""kernel_size"":3,""weight_decay"":0.01}",42117,503,14,39aa646abc71af790b5651b8d371ac3c5da9fc850975ea1f0e8eec1efe1ac7db,9400eab919178645d0c73e6bb3aa0c337b1fad589dd35096e9a2f2224f92f670,27b9d01554473ba0d7d5e204594bbe3764c21dd3a9ac94c3b6ba29d175b53e9c,baa127dc377d14a943bf7c5e7dc2bc49cb4fbb6b4bfc7fa7e4552964e94e8504,e86643bea02486a38d5b4d4b4c1e2929c4f5105d99aa1faa3b7b234c0750b1ba,9c550f8d59add4345a65b64acb3a283518f28cff2d54771a03c2797412edb43c,e3abc292719956113f350ecdb8df6d5b48eae7e04a3dd7889ab04f81c240b90d,False,106.16917358429092,15,work/gate_c1/checkpoints/inner/e3abc292719956113f350ecdb8df6d5b48eae7e04a3dd7889ab04f81c240b90d/manifest.json,7da96689635357edf23b9d27631ef3ee6f88ece60d2100bd2f13373bd88351ad,metric_ascending_then_epoch,inner,,,7.583512783050537,115,3.5684051000280306,0.0009797000093385577,7.5835123988779225,,,1345,1564.31640625,64.84619140625,47e7861c1c6a9f1bef8617591db1c219c483a0829c17fb33267e8209cc26bfc2,False,5,14,15,e3abc292719956113f350ecdb8df6d5b48eae7e04a3dd7889ab04f81c240b90d,COMPLETED,8db9e8cf8dbd267239b9c785b251283bd1c3ed96e65686a88a06458364958572
C03_causal_tcn,temporal_convolutional_network,rolling_origin_2022-05-17,rolling_origin_2022-05-17__inner_3_2022-03-01,7,e80626fc7584ce5cb150e464363a573fc27ff6baf5e315f842f85aa7bccebc18,"{""channels"":[16,16],""dropout"":0.1,""kernel_size"":3,""weight_decay"":0.01}",42118,503,14,39aa646abc71af790b5651b8d371ac3c5da9fc850975ea1f0e8eec1efe1ac7db,9400eab919178645d0c73e6bb3aa0c337b1fad589dd35096e9a2f2224f92f670,27b9d01554473ba0d7d5e204594bbe3764c21dd3a9ac94c3b6ba29d175b53e9c,baa127dc377d14a943bf7c5e7dc2bc49cb4fbb6b4bfc7fa7e4552964e94e8504,e86643bea02486a38d5b4d4b4c1e2929c4f5105d99aa1faa3b7b234c0750b1ba,9c550f8d59add4345a65b64acb3a283518f28cff2d54771a03c2797412edb43c,2c6af7ac821a8645dfc8a6e10794506909caed0b8afceb0068cc994bcc90f72b,False,119.26041054148608,36,work/gate_c1/checkpoints/inner/2c6af7ac821a8645dfc8a6e10794506909caed0b8afceb0068cc994bcc90f72b/manifest.json,d52897d8b7718e204db6d0e6ac94fa7f8afa2aa8642bd86d6630c6470acdd99f,metric_ascending_then_epoch,inner,,,8.518600463867188,136,4.312645100057125,0.0008992000948637724,8.518600752963291,,,1345,1564.38671875,64.84619140625,95a7fc32d19608d4f431a4bf7105755559366b0f42fff40ff9633c1dfba11c69,False,5,14,36,2c6af7ac821a8645dfc8a6e10794506909caed0b8afceb0068cc994bcc90f72b,COMPLETED,2e1ba8b9dd93632e9761a344d42875c1373f68e7b8aade6e9951a843bdb4068c
C03_causal_tcn,temporal_convolutional_network,rolling_origin_2022-05-17,rolling_origin_2022-05-17__inner_3_2022-03-01,7,e80626fc7584ce5cb150e464363a573fc27ff6baf5e315f842f85aa7bccebc18,"{""channels"":[16,16],""dropout"":0.1,""kernel_size"":3,""weight_decay"":0.01}",42119,503,14,39aa646abc71af790b5651b8d371ac3c5da9fc850975ea1f0e8eec1efe1ac7db,9400eab919178645d0c73e6bb3aa0c337b1fad589dd35096e9a2f2224f92f670,27b9d01554473ba0d7d5e204594bbe3764c21dd3a9ac94c3b6ba29d175b53e9c,baa127dc377d14a943bf7c5e7dc2bc49cb4fbb6b4bfc7fa7e4552964e94e8504,e86643bea02486a38d5b4d4b4c1e2929c4f5105d99aa1faa3b7b234c0750b1ba,9c550f8d59add4345a65b64acb3a283518f28cff2d54771a03c2797412edb43c,7fabe04ed71b1d4e691286d909ce00d19631955451184c088145471a130d4a0a,False,120.56378939967526,5,work/gate_c1/checkpoints/inner/7fabe04ed71b1d4e691286d909ce00d19631955451184c088145471a130d4a0a/manifest.json,7e5730bcc70d75951222d44da639d7da1b60026fd7decf6e37af2c0af235b70a,metric_ascending_then_epoch,inner,,,8.611700057983398,105,3.3308467000024393,0.0009342000121250749,8.611699242833946,,,1345,1564.38671875,64.84619140625,0f485a70da287f8c62b920b52104748d46d2a263c5b4c8ab27c9cd90a7150962,False,5,14,5,7fabe04ed71b1d4e691286d909ce00d19631955451184c088145471a130d4a0a,COMPLETED,c0a184954fa40c21ec36d5830cf7dfd84bf8b94b55fd23d35ff888c044e47039
C03_causal_tcn,temporal_convolutional_network,rolling_origin_2022-05-17,rolling_origin_2022-05-17__inner_3_2022-03-01,7,e80626fc7584ce5cb150e464363a573fc27ff6baf5e315f842f85aa7bccebc18,"{""channels"":[16,16],""dropout"":0.1,""kernel_size"":3,""weight_decay"":0.01}",42120,503,14,39aa646abc71af790b5651b8d371ac3c5da9fc850975ea1f0e8eec1efe1ac7db,9400eab919178645d0c73e6bb3aa0c337b1fad589dd35096e9a2f2224f92f670,27b9d01554473ba0d7d5e204594bbe3764c21dd3a9ac94c3b6ba29d175b53e9c,baa127dc377d14a943bf7c5e7dc2bc49cb4fbb6b4bfc7fa7e4552964e94e8504,e86643bea02486a38d5b4d4b4c1e2929c4f5105d99aa1faa3b7b234c0750b1ba,9c550f8d59add4345a65b64acb3a283518f28cff2d54771a03c2797412edb43c,dbb84fe8396ab5a10abb1225a99f58eb7372a67ba0707bdb1d61cfae79be0599,False,99.35316983637927,332,work/gate_c1/checkpoints/inner/dbb84fe8396ab5a10abb1225a99f58eb7372a67ba0707bdb1d61cfae79be0599/manifest.json,301ae79fb112f794e6f1763909d350e184c2c64831c94c3eac194af413ebdd8e,metric_ascending_then_epoch,inner,,,7.09665584564209,432,13.75981810002122,0.0010359999723732471,7.096654988312805,,,1345,1564.3984375,64.84619140625,a2301fa797677375180c154dc645bfb555b7646c362d1287aeefb3095ab68c5d,False,5,14,332,dbb84fe8396ab5a10abb1225a99f58eb7372a67ba0707bdb1d61cfae79be0599,COMPLETED,3d9a36cc6a5ddcac5bc47aaec4fa1c0e68f753361bd3346ec4b98289fef5c54f
C03_causal_tcn,temporal_convolutional_network,rolling_origin_2022-05-17,rolling_origin_2022-05-17__inner_3_2022-03-01,7,e80626fc7584ce5cb150e464363a573fc27ff6baf5e315f842f85aa7bccebc18,"{""channels"":[16,16],""dropout"":0.1,""kernel_size"":3,""weight_decay"":0.01}",42121,503,14,39aa646abc71af790b5651b8d371ac3c5da9fc850975ea1f0e8eec1efe1ac7db,9400eab919178645d0c73e6bb3aa0c337b1fad589dd35096e9a2f2224f92f670,27b9d01554473ba0d7d5e204594bbe3764c21dd3a9ac94c3b6ba29d175b53e9c,baa127dc377d14a943bf7c5e7dc2bc49cb4fbb6b4bfc7fa7e4552964e94e8504,e86643bea02486a38d5b4d4b4c1e2929c4f5105d99aa1faa3b7b234c0750b1ba,9c550f8d59add4345a65b64acb3a283518f28cff2d54771a03c2797412edb43c,4bae15678e641e2e669fe1f949ea0e156258d0a98b1bbb84248faeca91d67976,False,111.79416900414284,20,work/gate_c1/checkpoints/inner/4bae15678e641e2e669fe1f949ea0e156258d0a98b1bbb84248faeca91d67976/manifest.json,9ce406640e8071e6972446aed769239ea06c08e6c92e827c2bd94c42b860be91,metric_ascending_then_epoch,inner,,,7.985297679901123,120,3.7929388999473304,0.0012199999764561653,7.985297786010203,,,1345,1564.43359375,64.84619140625,1652b81c57b79bf65759169f7a54c75caedddebc3b5e2f0c9fed4b061ffd2b55,False,5,14,20,4bae15678e641e2e669fe1f949ea0e156258d0a98b1bbb84248faeca91d67976,COMPLETED,0ac15db09f71c5e6f95f94a1c4f40a310238d69699a4371b12b6e99162946b0d
C03_causal_tcn,temporal_convolutional_network,rolling_origin_2022-05-17,rolling_origin_2022-05-17__inner_1_2021-07-13,8,e87db55ad339d3b73cc73517d5aa1d6c7f992b720cdf4055f68ee9eb54a0e17e,"{""channels"":[32,32],""dropout"":0.0,""kernel_size"":2,""weight_decay"":0.0001}",42117,400,12,7361169052bfe3cadd2368cd2ef02303aa4cc77ee8c797e07999b1f8a1146ed4,b4860670a6d31a3886d8b47a9de2a0cd076875a439a80eee28802b214ca9ca3f,9fa21e96643969d4eaee67813ebd6a585a3b32f898e4a48214608c4a2f3eb59b,f66f0702cd2af3d14cb93eea9ff18f36d2df935083344eb93d1e20db7a1a6a68,b2bdd728b334738463654ad9d97c6d4084726879a05cd64ed8b3609638304ed3,d428e315a0d44ced70e25cb6183a1693eabd86a6aa4a758a85235615bbd4d5ef,3dc2e651c0b07cebc6e14b7275af5a69ee336e0c2eb43b84d012dd5e2354d398,True,37.96238051363061,7,work/gate_c1/checkpoints/inner/3dc2e651c0b07cebc6e14b7275af5a69ee336e0c2eb43b84d012dd5e2354d398/manifest.json,9942bd2c33a619db62667ab30b2d3af98969a044617c86f21d9b747f4188539a,metric_ascending_then_epoch,inner,,,3.16353178024292,107,2.5994226000038907,0.0009245999390259385,3.163531709469218,,,2945,1563.78515625,65.05126953125,87c4025aac79d091af50b9805eca68776439fd9b7bbb8ff312ba8be0497a619d,False,5,12,7,3dc2e651c0b07cebc6e14b7275af5a69ee336e0c2eb43b84d012dd5e2354d398,COMPLETED,5fb085a7d6aaae842da47721e88536622bae8844c47e6c83911d0314b5b9ed13
C03_causal_tcn,temporal_convolutional_network,rolling_origin_2022-05-17,rolling_origin_2022-05-17__inner_1_2021-07-13,8,e87db55ad339d3b73cc73517d5aa1d6c7f992b720cdf4055f68ee9eb54a0e17e,"{""channels"":[32,32],""dropout"":0.0,""kernel_size"":2,""weight_decay"":0.0001}",42118,400,12,7361169052bfe3cadd2368cd2ef02303aa4cc77ee8c797e07999b1f8a1146ed4,b4860670a6d31a3886d8b47a9de2a0cd076875a439a80eee28802b214ca9ca3f,9fa21e96643969d4eaee67813ebd6a585a3b32f898e4a48214608c4a2f3eb59b,f66f0702cd2af3d14cb93eea9ff18f36d2df935083344eb93d1e20db7a1a6a68,b2bdd728b334738463654ad9d97c6d4084726879a05cd64ed8b3609638304ed3,d428e315a0d44ced70e25cb6183a1693eabd86a6aa4a758a85235615bbd4d5ef,13a35792560ee976e7be13b20c7a223ff5b7c629866a1fc6f8e39cee638b2ffb,True,37.40565926659414,6,work/gate_c1/checkpoints/inner/13a35792560ee976e7be13b20c7a223ff5b7c629866a1fc6f8e39cee638b2ffb/manifest.json,6a4d4090eb3485b58db051145aa2c8e8a59b9c6120d1ab450b3f8f79979753f5,metric_ascending_then_epoch,inner,,,3.117138385772705,106,2.5730362000176683,0.0012935999548062682,3.1171382722161787,,,2945,1564.390625,65.05126953125,7b97344627d8f1ecc54262369ba9c77ae103c42914d3afa61d9321d054c16de7,False,5,12,6,13a35792560ee976e7be13b20c7a223ff5b7c629866a1fc6f8e39cee638b2ffb,COMPLETED,efafb035f373f24bc3ea2e65960b75eb63782b6eb15abc18226a16c8628c05ec
C03_causal_tcn,temporal_convolutional_network,rolling_origin_2022-05-17,rolling_origin_2022-05-17__inner_1_2021-07-13,8,e87db55ad339d3b73cc73517d5aa1d6c7f992b720cdf4055f68ee9eb54a0e17e,"{""channels"":[32,32],""dropout"":0.0,""kernel_size"":2,""weight_decay"":0.0001}",42119,400,12,7361169052bfe3cadd2368cd2ef02303aa4cc77ee8c797e07999b1f8a1146ed4,b4860670a6d31a3886d8b47a9de2a0cd076875a439a80eee28802b214ca9ca3f,9fa21e96643969d4eaee67813ebd6a585a3b32f898e4a48214608c4a2f3eb59b,f66f0702cd2af3d14cb93eea9ff18f36d2df935083344eb93d1e20db7a1a6a68,b2bdd728b334738463654ad9d97c6d4084726879a05cd64ed8b3609638304ed3,d428e315a0d44ced70e25cb6183a1693eabd86a6aa4a758a85235615bbd4d5ef,174dabf76d9a6e61bb11f8b6af7283fe3c1cf8d21b4cd67e8a80b25e189a9c72,True,54.30659892819276,14,work/gate_c1/checkpoints/inner/174dabf76d9a6e61bb11f8b6af7283fe3c1cf8d21b4cd67e8a80b25e189a9c72/manifest.json,d4c3ab4723845d505d4f81029be4cdfdb9912bc607fc1138fb0a14529e1a1b0b,metric_ascending_then_epoch,inner,,,4.52554988861084,114,2.7373071999754757,0.0014649999793618917,4.52554991068273,,,2945,1564.33203125,65.05126953125,21587e74c5df0f0dff9e1695a8962a4140979c54d62120fabdf12fd056a792c6,False,5,12,14,174dabf76d9a6e61bb11f8b6af7283fe3c1cf8d21b4cd67e8a80b25e189a9c72,COMPLETED,c4c9351d90b66026c4b6626035b114f559c1cf252855176e77a499e09aba77b1
C03_causal_tcn,temporal_convolutional_network,rolling_origin_2022-05-17,rolling_origin_2022-05-17__inner_1_2021-07-13,8,e87db55ad339d3b73cc73517d5aa1d6c7f992b720cdf4055f68ee9eb54a0e17e,"{""channels"":[32,32],""dropout"":0.0,""kernel_size"":2,""weight_decay"":0.0001}",42120,400,12,7361169052bfe3cadd2368cd2ef02303aa4cc77ee8c797e07999b1f8a1146ed4,b4860670a6d31a3886d8b47a9de2a0cd076875a439a80eee28802b214ca9ca3f,9fa21e96643969d4eaee67813ebd6a585a3b32f898e4a48214608c4a2f3eb59b,f66f0702cd2af3d14cb93eea9ff18f36d2df935083344eb93d1e20db7a1a6a68,b2bdd728b334738463654ad9d97c6d4084726879a05cd64ed8b3609638304ed3,d428e315a0d44ced70e25cb6183a1693eabd86a6aa4a758a85235615bbd4d5ef,a19f449b3359b7c4b31202c2f636c79a8db2ec96c31866d6727ecf535e368d56,True,42.863735500901036,11,work/gate_c1/checkpoints/inner/a19f449b3359b7c4b31202c2f636c79a8db2ec96c31866d6727ecf535e368d56/manifest.json,f1a95b269f8a4f9370ab8e580691949b1329ec858eaafd8dc53d614be97b8fad,metric_ascending_then_epoch,inner,,,3.5719783306121826,111,2.6733340000500903,0.0013296999968588352,3.5719779584084197,,,2945,1564.33203125,65.05126953125,f64c3eb4ba7bca75ac372fbdefc26a80aaae2808cc7831e5f5ff097b4ef7a8fc,False,5,12,11,a19f449b3359b7c4b31202c2f636c79a8db2ec96c31866d6727ecf535e368d56,COMPLETED,eea3a8278fe6ce2be0f1b84625cc01a6a98bea86d55ea4704aa666edd26f76ed
C03_causal_tcn,temporal_convolutional_network,rolling_origin_2022-05-17,rolling_origin_2022-05-17__inner_1_2021-07-13,8,e87db55ad339d3b73cc73517d5aa1d6c7f992b720cdf4055f68ee9eb54a0e17e,"{""channels"":[32,32],""dropout"":0.0,""kernel_size"":2,""weight_decay"":0.0001}",42121,400,12,7361169052bfe3cadd2368cd2ef02303aa4cc77ee8c797e07999b1f8a1146ed4,b4860670a6d31a3886d8b47a9de2a0cd076875a439a80eee28802b214ca9ca3f,9fa21e96643969d4eaee67813ebd6a585a3b32f898e4a48214608c4a2f3eb59b,f66f0702cd2af3d14cb93eea9ff18f36d2df935083344eb93d1e20db7a1a6a68,b2bdd728b334738463654ad9d97c6d4084726879a05cd64ed8b3609638304ed3,d428e315a0d44ced70e25cb6183a1693eabd86a6aa4a758a85235615bbd4d5ef,98788f8938ee9ac2d1be9389702b705cb1e1a12bed463579b095d12acb7023cb,True,31.50623415821694,5,work/gate_c1/checkpoints/inner/98788f8938ee9ac2d1be9389702b705cb1e1a12bed463579b095d12acb7023cb/manifest.json,096328bce22e19dbcf208123eb37036b14b44aac375509f6c32120b2caf4abc4,metric_ascending_then_epoch,inner,,,2.6255197525024414,105,2.5767116000643,0.0019368999637663364,2.625519513184745,,,2945,1564.39453125,65.05126953125,c0d3a316169b4c89d4d744f63052c2203a8e19f5863e69d2974cbd2c80f02f38,False,5,12,5,98788f8938ee9ac2d1be9389702b705cb1e1a12bed463579b095d12acb7023cb,COMPLETED,f426fd20cd55341791c89d1e0d9f1f5d6eea89aa1f27fd2465331a058cf26898
C03_causal_tcn,temporal_convolutional_network,rolling_origin_2022-05-17,rolling_origin_2022-05-17__inner_2_2021-11-02,8,e87db55ad339d3b73cc73517d5aa1d6c7f992b720cdf4055f68ee9eb54a0e17e,"{""channels"":[32,32],""dropout"":0.0,""kernel_size"":2,""weight_decay"":0.0001}",42117,412,91,010c62a504d18f06befdb638b6898ac83ed39ef7db251812d6aaedfd6ba961f9,4addff335526e77628b914bf83380de2c81030fb22994a739cb072c37c504f5d,7f05fb1c5e91cc3379f52fbf863cec9f54ac307f58aa857ffe585f6291b77a09,8a00835d13809d189a545d27b156834a3b8a30dce15741eee57ecbb851955632,36f84953e3a28962ea8d373098a8b9484d9e8539a87ca2cfd298364bf9a5b1c6,ccc0c75b3414027ea1b2b86a97407abd5011c87de895d7b1f0e3319cf4615b15,53042aa6551a670c79db9c99020afa9555123d28b3de265b049d886a7f94808b,True,563.3607861719024,15,work/gate_c1/checkpoints/inner/53042aa6551a670c79db9c99020afa9555123d28b3de265b049d886a7f94808b/manifest.json,90911e09dc6598d210b716a58d3a7079d4405590e360b70105d409b7195df1c2,metric_ascending_then_epoch,inner,,,6.1907782554626465,115,2.860731999971904,0.0010366999777033925,6.190777870020906,,,2945,1564.65234375,65.40087890625,1b891629ca52d683629dcaf4d6c2aedc378667f2d140229e46f6436013a85649,False,5,91,15,53042aa6551a670c79db9c99020afa9555123d28b3de265b049d886a7f94808b,COMPLETED,fb6962ac5fd303b7b67117e268845a0e5949d14f381e451781fc94f1623e7bd7
C03_causal_tcn,temporal_convolutional_network,rolling_origin_2022-05-17,rolling_origin_2022-05-17__inner_2_2021-11-02,8,e87db55ad339d3b73cc73517d5aa1d6c7f992b720cdf4055f68ee9eb54a0e17e,"{""channels"":[32,32],""dropout"":0.0,""kernel_size"":2,""weight_decay"":0.0001}",42118,412,91,010c62a504d18f06befdb638b6898ac83ed39ef7db251812d6aaedfd6ba961f9,4addff335526e77628b914bf83380de2c81030fb22994a739cb072c37c504f5d,7f05fb1c5e91cc3379f52fbf863cec9f54ac307f58aa857ffe585f6291b77a09,8a00835d13809d189a545d27b156834a3b8a30dce15741eee57ecbb851955632,36f84953e3a28962ea8d373098a8b9484d9e8539a87ca2cfd298364bf9a5b1c6,ccc0c75b3414027ea1b2b86a97407abd5011c87de895d7b1f0e3319cf4615b15,3dd8b0cba560d535b524b0bfd6a9b3eb6ae0f79deb316d8d5a39c68db34e04ce,True,582.7420815865433,3,work/gate_c1/checkpoints/inner/3dd8b0cba560d535b524b0bfd6a9b3eb6ae0f79deb316d8d5a39c68db34e04ce/manifest.json,ae0edcd69fd23b59b7f38d6b43244a465e79fc3cbb6020e59cdb784a68b1f5d2,metric_ascending_then_epoch,inner,,,6.403758525848389,103,2.5738899999996647,0.0010083999950438738,6.403759138313664,,,2945,1565.61328125,65.40087890625,e90c4e1545c41f12ce4b39b9be88ef20324d7eb217b1ac5f7d3874b6b424b9aa,False,5,91,3,3dd8b0cba560d535b524b0bfd6a9b3eb6ae0f79deb316d8d5a39c68db34e04ce,COMPLETED,b6ba2ac017d532319431e47619130a3d94842be0406ffb3ee96c6c747278048d
C03_causal_tcn,temporal_convolutional_network,rolling_origin_2022-05-17,rolling_origin_2022-05-17__inner_2_2021-11-02,8,e87db55ad339d3b73cc73517d5aa1d6c7f992b720cdf4055f68ee9eb54a0e17e,"{""channels"":[32,32],""dropout"":0.0,""kernel_size"":2,""weight_decay"":0.0001}",42119,412,91,010c62a504d18f06befdb638b6898ac83ed39ef7db251812d6aaedfd6ba961f9,4addff335526e77628b914bf83380de2c81030fb22994a739cb072c37c504f5d,7f05fb1c5e91cc3379f52fbf863cec9f54ac307f58aa857ffe585f6291b77a09,8a00835d13809d189a545d27b156834a3b8a30dce15741eee57ecbb851955632,36f84953e3a28962ea8d373098a8b9484d9e8539a87ca2cfd298364bf9a5b1c6,ccc0c75b3414027ea1b2b86a97407abd5011c87de895d7b1f0e3319cf4615b15,141fc6a5230b9b43ab774372c03f4835807f1079608ed56824371bd2a71fb28e,True,556.7396381520875,10,work/gate_c1/checkpoints/inner/141fc6a5230b9b43ab774372c03f4835807f1079608ed56824371bd2a71fb28e/manifest.json,40569e253af736d56bbc24d9f85b362c750b2c1ef2fd5c062a3bf5c5fc816a0d,metric_ascending_then_epoch,inner,,,6.11801815032959,110,2.7007098000030965,0.0009238999336957932,6.118018001671292,,,2945,1565.4921875,65.40087890625,40a4a90336a489a5a1cc302404fb50b11bb38708dff6e2f5b8cf5183dc804d34,False,5,91,10,141fc6a5230b9b43ab774372c03f4835807f1079608ed56824371bd2a71fb28e,COMPLETED,3bd4d8cc7e08e6084c876274b78ec6b22d374090950bcaddc3390dd9e3cf98b6
C03_causal_tcn,temporal_convolutional_network,rolling_origin_2022-05-17,rolling_origin_2022-05-17__inner_2_2021-11-02,8,e87db55ad339d3b73cc73517d5aa1d6c7f992b720cdf4055f68ee9eb54a0e17e,"{""channels"":[32,32],""dropout"":0.0,""kernel_size"":2,""weight_decay"":0.0001}",42120,412,91,010c62a504d18f06befdb638b6898ac83ed39ef7db251812d6aaedfd6ba961f9,4addff335526e77628b914bf83380de2c81030fb22994a739cb072c37c504f5d,7f05fb1c5e91cc3379f52fbf863cec9f54ac307f58aa857ffe585f6291b77a09,8a00835d13809d189a545d27b156834a3b8a30dce15741eee57ecbb851955632,36f84953e3a28962ea8d373098a8b9484d9e8539a87ca2cfd298364bf9a5b1c6,ccc0c75b3414027ea1b2b86a97407abd5011c87de895d7b1f0e3319cf4615b15,b445497b24a62f9dc82a593495bdbb42a4d6aad5681cd25ed7f9f8caba4ed7f2,True,581.8199019162067,13,work/gate_c1/checkpoints/inner/b445497b24a62f9dc82a593495bdbb42a4d6aad5681cd25ed7f9f8caba4ed7f2/manifest.json,55c43483edc4080f3f9f39895e6f882526e425d1b8007cf5071fcf2e72bee301,metric_ascending_then_epoch,inner,,,6.393625736236572,113,2.8131520999595523,0.0009472999954596162,6.393625295782492,,,2945,1565.50390625,65.40087890625,1aec8e4a7526b2307b109da858964e84ed4f744469a335bbf19b78da2d9adb96,False,5,91,13,b445497b24a62f9dc82a593495bdbb42a4d6aad5681cd25ed7f9f8caba4ed7f2,COMPLETED,13832ae4edf4da159e19bdea054e9113beb27836b1b9a0f4e5a9637619d13900
C03_causal_tcn,temporal_convolutional_network,rolling_origin_2022-05-17,rolling_origin_2022-05-17__inner_2_2021-11-02,8,e87db55ad339d3b73cc73517d5aa1d6c7f992b720cdf4055f68ee9eb54a0e17e,"{""channels"":[32,32],""dropout"":0.0,""kernel_size"":2,""weight_decay"":0.0001}",42121,412,91,010c62a504d18f06befdb638b6898ac83ed39ef7db251812d6aaedfd6ba961f9,4addff335526e77628b914bf83380de2c81030fb22994a739cb072c37c504f5d,7f05fb1c5e91cc3379f52fbf863cec9f54ac307f58aa857ffe585f6291b77a09,8a00835d13809d189a545d27b156834a3b8a30dce15741eee57ecbb851955632,36f84953e3a28962ea8d373098a8b9484d9e8539a87ca2cfd298364bf9a5b1c6,ccc0c75b3414027ea1b2b86a97407abd5011c87de895d7b1f0e3319cf4615b15,00f24723f0cbda8068e3ed1113acc40269683afaab4a16ffca8fc8a4673bcb9b,True,522.414959300175,26,work/gate_c1/checkpoints/inner/00f24723f0cbda8068e3ed1113acc40269683afaab4a16ffca8fc8a4673bcb9b/manifest.json,5200da252f70e3d42660801b1ec2c2989d14aa44a56222851bebe49210545e0c,metric_ascending_then_epoch,inner,,,5.740823745727539,126,3.159060599980876,0.0009541000472381711,5.7408237285733525,,,2945,1565.4609375,65.40087890625,61d0fd80d7712ba28727f3db85b9a840d9c8d941659ba90d179afff0f91a3623,False,5,91,26,00f24723f0cbda8068e3ed1113acc40269683afaab4a16ffca8fc8a4673bcb9b,COMPLETED,327c30befedb5f304b1b0051684021a5a06f7a8274d980018ab51c001c62ea80
C03_causal_tcn,temporal_convolutional_network,rolling_origin_2022-05-17,rolling_origin_2022-05-17__inner_3_2022-03-01,8,e87db55ad339d3b73cc73517d5aa1d6c7f992b720cdf4055f68ee9eb54a0e17e,"{""channels"":[32,32],""dropout"":0.0,""kernel_size"":2,""weight_decay"":0.0001}",42117,503,14,39aa646abc71af790b5651b8d371ac3c5da9fc850975ea1f0e8eec1efe1ac7db,9400eab919178645d0c73e6bb3aa0c337b1fad589dd35096e9a2f2224f92f670,27b9d01554473ba0d7d5e204594bbe3764c21dd3a9ac94c3b6ba29d175b53e9c,baa127dc377d14a943bf7c5e7dc2bc49cb4fbb6b4bfc7fa7e4552964e94e8504,e86643bea02486a38d5b4d4b4c1e2929c4f5105d99aa1faa3b7b234c0750b1ba,9c550f8d59add4345a65b64acb3a283518f28cff2d54771a03c2797412edb43c,8cf86db82b67466db68cacca1d19bb2fca28ae7257705dd0c20178891e8a7e7f,False,124.08024270592692,13,work/gate_c1/checkpoints/inner/8cf86db82b67466db68cacca1d19bb2fca28ae7257705dd0c20178891e8a7e7f/manifest.json,2b7388f57ef24415ce3d8b36f2c6cfbc4238e796144bce3704b72d066b826d13,metric_ascending_then_epoch,inner,,,8.862874984741211,113,3.465782899991609,0.001110799959860742,8.86287447899478,,,2945,1564.59765625,65.12255859375,47e7861c1c6a9f1bef8617591db1c219c483a0829c17fb33267e8209cc26bfc2,False,5,14,13,8cf86db82b67466db68cacca1d19bb2fca28ae7257705dd0c20178891e8a7e7f,COMPLETED,8db9e8cf8dbd267239b9c785b251283bd1c3ed96e65686a88a06458364958572
C03_causal_tcn,temporal_convolutional_network,rolling_origin_2022-05-17,rolling_origin_2022-05-17__inner_3_2022-03-01,8,e87db55ad339d3b73cc73517d5aa1d6c7f992b720cdf4055f68ee9eb54a0e17e,"{""channels"":[32,32],""dropout"":0.0,""kernel_size"":2,""weight_decay"":0.0001}",42118,503,14,39aa646abc71af790b5651b8d371ac3c5da9fc850975ea1f0e8eec1efe1ac7db,9400eab919178645d0c73e6bb3aa0c337b1fad589dd35096e9a2f2224f92f670,27b9d01554473ba0d7d5e204594bbe3764c21dd3a9ac94c3b6ba29d175b53e9c,baa127dc377d14a943bf7c5e7dc2bc49cb4fbb6b4bfc7fa7e4552964e94e8504,e86643bea02486a38d5b4d4b4c1e2929c4f5105d99aa1faa3b7b234c0750b1ba,9c550f8d59add4345a65b64acb3a283518f28cff2d54771a03c2797412edb43c,853b9810c7d8f2c50758cc27ee40addf289f859022748915ea3b69b6b6cf488b,False,135.89165276989536,30,work/gate_c1/checkpoints/inner/853b9810c7d8f2c50758cc27ee40addf289f859022748915ea3b69b6b6cf488b/manifest.json,22ccdcce3e29cc30b47866c79c46966823006a1855b85b2660f59df20e607308,metric_ascending_then_epoch,inner,,,9.706546783447266,130,3.8641122999833897,0.0009054000256583095,9.706546626421098,,,2945,1564.96875,65.12255859375,95a7fc32d19608d4f431a4bf7105755559366b0f42fff40ff9633c1dfba11c69,False,5,14,30,853b9810c7d8f2c50758cc27ee40addf289f859022748915ea3b69b6b6cf488b,COMPLETED,2e1ba8b9dd93632e9761a344d42875c1373f68e7b8aade6e9951a843bdb4068c
C03_causal_tcn,temporal_convolutional_network,rolling_origin_2022-05-17,rolling_origin_2022-05-17__inner_3_2022-03-01,8,e87db55ad339d3b73cc73517d5aa1d6c7f992b720cdf4055f68ee9eb54a0e17e,"{""channels"":[32,32],""dropout"":0.0,""kernel_size"":2,""weight_decay"":0.0001}",42119,503,14,39aa646abc71af790b5651b8d371ac3c5da9fc850975ea1f0e8eec1efe1ac7db,9400eab919178645d0c73e6bb3aa0c337b1fad589dd35096e9a2f2224f92f670,27b9d01554473ba0d7d5e204594bbe3764c21dd3a9ac94c3b6ba29d175b53e9c,baa127dc377d14a943bf7c5e7dc2bc49cb4fbb6b4bfc7fa7e4552964e94e8504,e86643bea02486a38d5b4d4b4c1e2929c4f5105d99aa1faa3b7b234c0750b1ba,9c550f8d59add4345a65b64acb3a283518f28cff2d54771a03c2797412edb43c,41651e0891a69e1ead22d251101e31995e7947bfb8f8c60b3a07e99732289794,False,119.760434154738,4,work/gate_c1/checkpoints/inner/41651e0891a69e1ead22d251101e31995e7947bfb8f8c60b3a07e99732289794/manifest.json,7afce13d2db595440b0b3765046f08a480b914011434fe50d958a9a45439e7e6,metric_ascending_then_epoch,inner,,,8.554316520690918,104,3.0738577999873087,0.0009423000738024712,8.554316725338428,,,2945,1565.03125,65.12255859375,0f485a70da287f8c62b920b52104748d46d2a263c5b4c8ab27c9cd90a7150962,False,5,14,4,41651e0891a69e1ead22d251101e31995e7947bfb8f8c60b3a07e99732289794,COMPLETED,c0a184954fa40c21ec36d5830cf7dfd84bf8b94b55fd23d35ff888c044e47039
C03_causal_tcn,temporal_convolutional_network,rolling_origin_2022-05-17,rolling_origin_2022-05-17__inner_3_2022-03-01,8,e87db55ad339d3b73cc73517d5aa1d6c7f992b720cdf4055f68ee9eb54a0e17e,"{""channels"":[32,32],""dropout"":0.0,""kernel_size"":2,""weight_decay"":0.0001}",42120,503,14,39aa646abc71af790b5651b8d371ac3c5da9fc850975ea1f0e8eec1efe1ac7db,9400eab919178645d0c73e6bb3aa0c337b1fad589dd35096e9a2f2224f92f670,27b9d01554473ba0d7d5e204594bbe3764c21dd3a9ac94c3b6ba29d175b53e9c,baa127dc377d14a943bf7c5e7dc2bc49cb4fbb6b4bfc7fa7e4552964e94e8504,e86643bea02486a38d5b4d4b4c1e2929c4f5105d99aa1faa3b7b234c0750b1ba,9c550f8d59add4345a65b64acb3a283518f28cff2d54771a03c2797412edb43c,2db4ec39b17b76a66821c1494ccc94dbbf590b12c4247923a25f9b497c06bb3e,False,125.63022043101498,26,work/gate_c1/checkpoints/inner/2db4ec39b17b76a66821c1494ccc94dbbf590b12c4247923a25f9b497c06bb3e/manifest.json,9e4bb23afae5b4e6cf64bb1e2eb04578a756524b3f88ae8617f0ee6a8203dee5,metric_ascending_then_epoch,inner,,,8.973587036132812,126,3.7003494000528008,0.0011566999601200223,8.973587173643926,,,2945,1565.03125,65.12255859375,a2301fa797677375180c154dc645bfb555b7646c362d1287aeefb3095ab68c5d,False,5,14,26,2db4ec39b17b76a66821c1494ccc94dbbf590b12c4247923a25f9b497c06bb3e,COMPLETED,3d9a36cc6a5ddcac5bc47aaec4fa1c0e68f753361bd3346ec4b98289fef5c54f
C03_causal_tcn,temporal_convolutional_network,rolling_origin_2022-05-17,rolling_origin_2022-05-17__inner_3_2022-03-01,8,e87db55ad339d3b73cc73517d5aa1d6c7f992b720cdf4055f68ee9eb54a0e17e,"{""channels"":[32,32],""dropout"":0.0,""kernel_size"":2,""weight_decay"":0.0001}",42121,503,14,39aa646abc71af790b5651b8d371ac3c5da9fc850975ea1f0e8eec1efe1ac7db,9400eab919178645d0c73e6bb3aa0c337b1fad589dd35096e9a2f2224f92f670,27b9d01554473ba0d7d5e204594bbe3764c21dd3a9ac94c3b6ba29d175b53e9c,baa127dc377d14a943bf7c5e7dc2bc49cb4fbb6b4bfc7fa7e4552964e94e8504,e86643bea02486a38d5b4d4b4c1e2929c4f5105d99aa1faa3b7b234c0750b1ba,9c550f8d59add4345a65b64acb3a283518f28cff2d54771a03c2797412edb43c,b951cd3e81bd0b3d81484907c9202d480d66ffc4ba342075ebff19e8c6237e6c,False,117.28332666001643,8,work/gate_c1/checkpoints/inner/b951cd3e81bd0b3d81484907c9202d480d66ffc4ba342075ebff19e8c6237e6c/manifest.json,c885202f8fd0820322f35830362f487f70438c2adc81a2f656c61471f7a31a00,metric_ascending_then_epoch,inner,,,8.37738037109375,108,3.181567499996163,0.001089500030502677,8.377380475715459,,,2945,1565.04296875,65.12255859375,1652b81c57b79bf65759169f7a54c75caedddebc3b5e2f0c9fed4b061ffd2b55,False,5,14,8,b951cd3e81bd0b3d81484907c9202d480d66ffc4ba342075ebff19e8c6237e6c,COMPLETED,0ac15db09f71c5e6f95f94a1c4f40a310238d69699a4371b12b6e99162946b0d
C03_causal_tcn,temporal_convolutional_network,rolling_origin_2022-05-17,rolling_origin_2022-05-17__inner_1_2021-07-13,9,b7953e247357c73847a1e408be42b8433808ac2e28fc3553df9479fce65884d1,"{""channels"":[32,32],""dropout"":0.0,""kernel_size"":2,""weight_decay"":0.01}",42117,400,12,7361169052bfe3cadd2368cd2ef02303aa4cc77ee8c797e07999b1f8a1146ed4,b4860670a6d31a3886d8b47a9de2a0cd076875a439a80eee28802b214ca9ca3f,9fa21e96643969d4eaee67813ebd6a585a3b32f898e4a48214608c4a2f3eb59b,f66f0702cd2af3d14cb93eea9ff18f36d2df935083344eb93d1e20db7a1a6a68,b2bdd728b334738463654ad9d97c6d4084726879a05cd64ed8b3609638304ed3,d428e315a0d44ced70e25cb6183a1693eabd86a6aa4a758a85235615bbd4d5ef,22168b8b488b9ef93f8611e020a1a97e101300eec9c999f3728d7858d5ae39a3,True,37.866414371309986,7,work/gate_c1/checkpoints/inner/22168b8b488b9ef93f8611e020a1a97e101300eec9c999f3728d7858d5ae39a3/manifest.json,eb05e4a6db374c2c981285c6034c83ca5035ba71d852345eaffac96bbc8bdab9,metric_ascending_then_epoch,inner,,,3.155534505844116,107,2.613955400069244,0.001357200089842081,3.1555345309424987,,,2945,1564.4609375,65.05126953125,87c4025aac79d091af50b9805eca68776439fd9b7bbb8ff312ba8be0497a619d,False,5,12,7,22168b8b488b9ef93f8611e020a1a97e101300eec9c999f3728d7858d5ae39a3,COMPLETED,5fb085a7d6aaae842da47721e88536622bae8844c47e6c83911d0314b5b9ed13
C03_causal_tcn,temporal_convolutional_network,rolling_origin_2022-05-17,rolling_origin_2022-05-17__inner_1_2021-07-13,9,b7953e247357c73847a1e408be42b8433808ac2e28fc3553df9479fce65884d1,"{""channels"":[32,32],""dropout"":0.0,""kernel_size"":2,""weight_decay"":0.01}",42118,400,12,7361169052bfe3cadd2368cd2ef02303aa4cc77ee8c797e07999b1f8a1146ed4,b4860670a6d31a3886d8b47a9de2a0cd076875a439a80eee28802b214ca9ca3f,9fa21e96643969d4eaee67813ebd6a585a3b32f898e4a48214608c4a2f3eb59b,f66f0702cd2af3d14cb93eea9ff18f36d2df935083344eb93d1e20db7a1a6a68,b2bdd728b334738463654ad9d97c6d4084726879a05cd64ed8b3609638304ed3,d428e315a0d44ced70e25cb6183a1693eabd86a6aa4a758a85235615bbd4d5ef,b930335560a2a8a9f1c46d9f073591a1e02aa8e001e319f1b66d5a18e16191b6,True,37.374051344501964,6,work/gate_c1/checkpoints/inner/b930335560a2a8a9f1c46d9f073591a1e02aa8e001e319f1b66d5a18e16191b6/manifest.json,55cf1a99cf8a04aa2f5555c2c230f8ec16b8ca2d413953af2ff97bf0c46134e3,metric_ascending_then_epoch,inner,,,3.114504337310791,106,2.6045559000922367,0.0008946000598371029,3.114504278708497,,,2945,1564.4765625,65.05126953125,7b97344627d8f1ecc54262369ba9c77ae103c42914d3afa61d9321d054c16de7,False,5,12,6,b930335560a2a8a9f1c46d9f073591a1e02aa8e001e319f1b66d5a18e16191b6,COMPLETED,efafb035f373f24bc3ea2e65960b75eb63782b6eb15abc18226a16c8628c05ec
C03_causal_tcn,temporal_convolutional_network,rolling_origin_2022-05-17,rolling_origin_2022-05-17__inner_1_2021-07-13,9,b7953e247357c73847a1e408be42b8433808ac2e28fc3553df9479fce65884d1,"{""channels"":[32,32],""dropout"":0.0,""kernel_size"":2,""weight_decay"":0.01}",42119,400,12,7361169052bfe3cadd2368cd2ef02303aa4cc77ee8c797e07999b1f8a1146ed4,b4860670a6d31a3886d8b47a9de2a0cd076875a439a80eee28802b214ca9ca3f,9fa21e96643969d4eaee67813ebd6a585a3b32f898e4a48214608c4a2f3eb59b,f66f0702cd2af3d14cb93eea9ff18f36d2df935083344eb93d1e20db7a1a6a68,b2bdd728b334738463654ad9d97c6d4084726879a05cd64ed8b3609638304ed3,d428e315a0d44ced70e25cb6183a1693eabd86a6aa4a758a85235615bbd4d5ef,aa2d6d930621f08ffba3577009cb35d73b4a29b67e09cfea04e93511afe8f658,True,54.09519990029845,12,work/gate_c1/checkpoints/inner/aa2d6d930621f08ffba3577009cb35d73b4a29b67e09cfea04e93511afe8f658/manifest.json,0c2366dd1bbc3808d2f745cc891a67a069c1fd325665af647356e56753123709,metric_ascending_then_epoch,inner,,,4.507933139801025,112,2.721729899989441,0.0009637000039219856,4.5079333250248705,,,2945,1564.5,65.05126953125,21587e74c5df0f0dff9e1695a8962a4140979c54d62120fabdf12fd056a792c6,False,5,12,12,aa2d6d930621f08ffba3577009cb35d73b4a29b67e09cfea04e93511afe8f658,COMPLETED,c4c9351d90b66026c4b6626035b114f559c1cf252855176e77a499e09aba77b1
C03_causal_tcn,temporal_convolutional_network,rolling_origin_2022-05-17,rolling_origin_2022-05-17__inner_1_2021-07-13,9,b7953e247357c73847a1e408be42b8433808ac2e28fc3553df9479fce65884d1,"{""channels"":[32,32],""dropout"":0.0,""kernel_size"":2,""weight_decay"":0.01}",42120,400,12,7361169052bfe3cadd2368cd2ef02303aa4cc77ee8c797e07999b1f8a1146ed4,b4860670a6d31a3886d8b47a9de2a0cd076875a439a80eee28802b214ca9ca3f,9fa21e96643969d4eaee67813ebd6a585a3b32f898e4a48214608c4a2f3eb59b,f66f0702cd2af3d14cb93eea9ff18f36d2df935083344eb93d1e20db7a1a6a68,b2bdd728b334738463654ad9d97c6d4084726879a05cd64ed8b3609638304ed3,d428e315a0d44ced70e25cb6183a1693eabd86a6aa4a758a85235615bbd4d5ef,323561d14fc7319a82b76d3068415f9283a5280e1d83248bf503e014ea0cbb69,True,42.84797632973535,11,work/gate_c1/checkpoints/inner/323561d14fc7319a82b76d3068415f9283a5280e1d83248bf503e014ea0cbb69/manifest.json,00fc02774ece352c84a1e2543b393ab79f23d6df98ffc560655809a3bb420859,metric_ascending_then_epoch,inner,,,3.570664882659912,111,2.721826900029555,0.0009204000234603882,3.5706646941446127,,,2945,1564.5,65.05126953125,f64c3eb4ba7bca75ac372fbdefc26a80aaae2808cc7831e5f5ff097b4ef7a8fc,False,5,12,11,323561d14fc7319a82b76d3068415f9283a5280e1d83248bf503e014ea0cbb69,COMPLETED,eea3a8278fe6ce2be0f1b84625cc01a6a98bea86d55ea4704aa666edd26f76ed
C03_causal_tcn,temporal_convolutional_network,rolling_origin_2022-05-17,rolling_origin_2022-05-17__inner_1_2021-07-13,9,b7953e247357c73847a1e408be42b8433808ac2e28fc3553df9479fce65884d1,"{""channels"":[32,32],""dropout"":0.0,""kernel_size"":2,""weight_decay"":0.01}",42121,400,12,7361169052bfe3cadd2368cd2ef02303aa4cc77ee8c797e07999b1f8a1146ed4,b4860670a6d31a3886d8b47a9de2a0cd076875a439a80eee28802b214ca9ca3f,9fa21e96643969d4eaee67813ebd6a585a3b32f898e4a48214608c4a2f3eb59b,f66f0702cd2af3d14cb93eea9ff18f36d2df935083344eb93d1e20db7a1a6a68,b2bdd728b334738463654ad9d97c6d4084726879a05cd64ed8b3609638304ed3,d428e315a0d44ced70e25cb6183a1693eabd86a6aa4a758a85235615bbd4d5ef,0730d857dcbfb420dec3b017d70e931ee2369f45f90a64481c16b242fbfae47a,True,31.50534179397922,5,work/gate_c1/checkpoints/inner/0730d857dcbfb420dec3b017d70e931ee2369f45f90a64481c16b242fbfae47a/manifest.json,0bad87fbfba1af471a4c6964d7c794cf8f8238d40637488cddb963e809a8695a,metric_ascending_then_epoch,inner,,,2.6254453659057617,105,2.602003899984993,0.0009775999933481216,2.6254451494982685,,,2945,1564.57421875,65.05126953125,c0d3a316169b4c89d4d744f63052c2203a8e19f5863e69d2974cbd2c80f02f38,False,5,12,5,0730d857dcbfb420dec3b017d70e931ee2369f45f90a64481c16b242fbfae47a,COMPLETED,f426fd20cd55341791c89d1e0d9f1f5d6eea89aa1f27fd2465331a058cf26898
C03_causal_tcn,temporal_convolutional_network,rolling_origin_2022-05-17,rolling_origin_2022-05-17__inner_2_2021-11-02,9,b7953e247357c73847a1e408be42b8433808ac2e28fc3553df9479fce65884d1,"{""channels"":[32,32],""dropout"":0.0,""kernel_size"":2,""weight_decay"":0.01}",42117,412,91,010c62a504d18f06befdb638b6898ac83ed39ef7db251812d6aaedfd6ba961f9,4addff335526e77628b914bf83380de2c81030fb22994a739cb072c37c504f5d,7f05fb1c5e91cc3379f52fbf863cec9f54ac307f58aa857ffe585f6291b77a09,8a00835d13809d189a545d27b156834a3b8a30dce15741eee57ecbb851955632,36f84953e3a28962ea8d373098a8b9484d9e8539a87ca2cfd298364bf9a5b1c6,ccc0c75b3414027ea1b2b86a97407abd5011c87de895d7b1f0e3319cf4615b15,eab3589c10511207953ad8766a0a6f7a7b552239c95a084cd722f245d71faae8,True,562.7754245489314,15,work/gate_c1/checkpoints/inner/eab3589c10511207953ad8766a0a6f7a7b552239c95a084cd722f245d71faae8/manifest.json,99b645660668d840211deb27db1b736e642ea0621356b8b44235933475898389,metric_ascending_then_epoch,inner,,,6.184345245361328,115,2.808854000060819,0.0009008999913930893,6.184345324713531,,,2945,1565.6953125,65.40087890625,1b891629ca52d683629dcaf4d6c2aedc378667f2d140229e46f6436013a85649,False,5,91,15,eab3589c10511207953ad8766a0a6f7a7b552239c95a084cd722f245d71faae8,COMPLETED,fb6962ac5fd303b7b67117e268845a0e5949d14f381e451781fc94f1623e7bd7
C03_causal_tcn,temporal_convolutional_network,rolling_origin_2022-05-17,rolling_origin_2022-05-17__inner_2_2021-11-02,9,b7953e247357c73847a1e408be42b8433808ac2e28fc3553df9479fce65884d1,"{""channels"":[32,32],""dropout"":0.0,""kernel_size"":2,""weight_decay"":0.01}",42118,412,91,010c62a504d18f06befdb638b6898ac83ed39ef7db251812d6aaedfd6ba961f9,4addff335526e77628b914bf83380de2c81030fb22994a739cb072c37c504f5d,7f05fb1c5e91cc3379f52fbf863cec9f54ac307f58aa857ffe585f6291b77a09,8a00835d13809d189a545d27b156834a3b8a30dce15741eee57ecbb851955632,36f84953e3a28962ea8d373098a8b9484d9e8539a87ca2cfd298364bf9a5b1c6,ccc0c75b3414027ea1b2b86a97407abd5011c87de895d7b1f0e3319cf4615b15,645c595a9297609db4b7b3bccb7c7ab058142a1a635082e781965455a51427fd,True,582.9624180759421,3,work/gate_c1/checkpoints/inner/645c595a9297609db4b7b3bccb7c7ab058142a1a635082e781965455a51427fd/manifest.json,9401a47487ea8312ba07ce124927dea366781cd0ffaf0e268aca11fd2298b523,metric_ascending_then_epoch,inner,,,6.406180381774902,103,2.4963040000293404,0.0009219999192282557,6.4061804184169455,,,2945,1565.71484375,65.40087890625,e90c4e1545c41f12ce4b39b9be88ef20324d7eb217b1ac5f7d3874b6b424b9aa,False,5,91,3,645c595a9297609db4b7b3bccb7c7ab058142a1a635082e781965455a51427fd,COMPLETED,b6ba2ac017d532319431e47619130a3d94842be0406ffb3ee96c6c747278048d
C03_causal_tcn,temporal_convolutional_network,rolling_origin_2022-05-17,rolling_origin_2022-05-17__inner_2_2021-11-02,9,b7953e247357c73847a1e408be42b8433808ac2e28fc3553df9479fce65884d1,"{""channels"":[32,32],""dropout"":0.0,""kernel_size"":2,""weight_decay"":0.01}",42119,412,91,010c62a504d18f06befdb638b6898ac83ed39ef7db251812d6aaedfd6ba961f9,4addff335526e77628b914bf83380de2c81030fb22994a739cb072c37c504f5d,7f05fb1c5e91cc3379f52fbf863cec9f54ac307f58aa857ffe585f6291b77a09,8a00835d13809d189a545d27b156834a3b8a30dce15741eee57ecbb851955632,36f84953e3a28962ea8d373098a8b9484d9e8539a87ca2cfd298364bf9a5b1c6,ccc0c75b3414027ea1b2b86a97407abd5011c87de895d7b1f0e3319cf4615b15,542b03bb51790044f1846d065078bf63e87240b08e0bf792d9c5ee03a1f4d41c,True,555.1979861728896,14,work/gate_c1/checkpoints/inner/542b03bb51790044f1846d065078bf63e87240b08e0bf792d9c5ee03a1f4d41c/manifest.json,dcab8d12482d6a794a8384326c81b89cd02dadc69f09bfd4fb5b956a6bd314ef,metric_ascending_then_epoch,inner,,,6.101077079772949,114,2.7722452000016347,0.001006699982099235,6.101076771130655,,,2945,1565.74609375,65.40087890625,40a4a90336a489a5a1cc302404fb50b11bb38708dff6e2f5b8cf5183dc804d34,False,5,91,14,542b03bb51790044f1846d065078bf63e87240b08e0bf792d9c5ee03a1f4d41c,COMPLETED,3bd4d8cc7e08e6084c876274b78ec6b22d374090950bcaddc3390dd9e3cf98b6
C03_causal_tcn,temporal_convolutional_network,rolling_origin_2022-05-17,rolling_origin_2022-05-17__inner_2_2021-11-02,9,b7953e247357c73847a1e408be42b8433808ac2e28fc3553df9479fce65884d1,"{""channels"":[32,32],""dropout"":0.0,""kernel_size"":2,""weight_decay"":0.01}",42120,412,91,010c62a504d18f06befdb638b6898ac83ed39ef7db251812d6aaedfd6ba961f9,4addff335526e77628b914bf83380de2c81030fb22994a739cb072c37c504f5d,7f05fb1c5e91cc3379f52fbf863cec9f54ac307f58aa857ffe585f6291b77a09,8a00835d13809d189a545d27b156834a3b8a30dce15741eee57ecbb851955632,36f84953e3a28962ea8d373098a8b9484d9e8539a87ca2cfd298364bf9a5b1c6,ccc0c75b3414027ea1b2b86a97407abd5011c87de895d7b1f0e3319cf4615b15,756fe668912f153022a2f33ff39f8a93a1f57877bec6f94a7a57bf7bedebead8,True,581.6679499202497,13,work/gate_c1/checkpoints/inner/756fe668912f153022a2f33ff39f8a93a1f57877bec6f94a7a57bf7bedebead8/manifest.json,01f6cb0e0c3e4cf9ff8b2a9e9a80442f514e4f2a2b9c09d686996be857bf521e,metric_ascending_then_epoch,inner,,,6.391955852508545,113,2.7923432000679895,0.0010551000013947487,6.391955493629118,,,2945,1565.75390625,65.40087890625,1aec8e4a7526b2307b109da858964e84ed4f744469a335bbf19b78da2d9adb96,False,5,91,13,756fe668912f153022a2f33ff39f8a93a1f57877bec6f94a7a57bf7bedebead8,COMPLETED,13832ae4edf4da159e19bdea054e9113beb27836b1b9a0f4e5a9637619d13900
C03_causal_tcn,temporal_convolutional_network,rolling_origin_2022-05-17,rolling_origin_2022-05-17__inner_2_2021-11-02,9,b7953e247357c73847a1e408be42b8433808ac2e28fc3553df9479fce65884d1,"{""channels"":[32,32],""dropout"":0.0,""kernel_size"":2,""weight_decay"":0.01}",42121,412,91,010c62a504d18f06befdb638b6898ac83ed39ef7db251812d6aaedfd6ba961f9,4addff335526e77628b914bf83380de2c81030fb22994a739cb072c37c504f5d,7f05fb1c5e91cc3379f52fbf863cec9f54ac307f58aa857ffe585f6291b77a09,8a00835d13809d189a545d27b156834a3b8a30dce15741eee57ecbb851955632,36f84953e3a28962ea8d373098a8b9484d9e8539a87ca2cfd298364bf9a5b1c6,ccc0c75b3414027ea1b2b86a97407abd5011c87de895d7b1f0e3319cf4615b15,1d0933fececca16923076837b368ce115fc9c650ce51a43afffef6bfd1a7970b,True,523.3449434284208,26,work/gate_c1/checkpoints/inner/1d0933fececca16923076837b368ce115fc9c650ce51a43afffef6bfd1a7970b/manifest.json,f790681142603ad618b41c7ac071ee7f04d6c88406de539b1c982bbcd4acca2d,metric_ascending_then_epoch,inner,,,5.751043319702148,126,3.0906635000137612,0.0009870999492704868,5.7510433343782505,,,2945,1565.76953125,65.40087890625,61d0fd80d7712ba28727f3db85b9a840d9c8d941659ba90d179afff0f91a3623,False,5,91,26,1d0933fececca16923076837b368ce115fc9c650ce51a43afffef6bfd1a7970b,COMPLETED,327c30befedb5f304b1b0051684021a5a06f7a8274d980018ab51c001c62ea80
C03_causal_tcn,temporal_convolutional_network,rolling_origin_2022-05-17,rolling_origin_2022-05-17__inner_3_2022-03-01,9,b7953e247357c73847a1e408be42b8433808ac2e28fc3553df9479fce65884d1,"{""channels"":[32,32],""dropout"":0.0,""kernel_size"":2,""weight_decay"":0.01}",42117,503,14,39aa646abc71af790b5651b8d371ac3c5da9fc850975ea1f0e8eec1efe1ac7db,9400eab919178645d0c73e6bb3aa0c337b1fad589dd35096e9a2f2224f92f670,27b9d01554473ba0d7d5e204594bbe3764c21dd3a9ac94c3b6ba29d175b53e9c,baa127dc377d14a943bf7c5e7dc2bc49cb4fbb6b4bfc7fa7e4552964e94e8504,e86643bea02486a38d5b4d4b4c1e2929c4f5105d99aa1faa3b7b234c0750b1ba,9c550f8d59add4345a65b64acb3a283518f28cff2d54771a03c2797412edb43c,f08cf481213c38fc2d3347d115ef77774c97146ebda2201027dc3ec5d636b075,False,124.17827349745065,13,work/gate_c1/checkpoints/inner/f08cf481213c38fc2d3347d115ef77774c97146ebda2201027dc3ec5d636b075/manifest.json,492cf9d368d25392f4f08d819b070e66e68071aba063269ed2812002bdedbfaf,metric_ascending_then_epoch,inner,,,8.869877815246582,113,3.354499400011264,0.0010099000064656138,8.869876678389332,,,2945,1565.18359375,65.12255859375,47e7861c1c6a9f1bef8617591db1c219c483a0829c17fb33267e8209cc26bfc2,False,5,14,13,f08cf481213c38fc2d3347d115ef77774c97146ebda2201027dc3ec5d636b075,COMPLETED,8db9e8cf8dbd267239b9c785b251283bd1c3ed96e65686a88a06458364958572
C03_causal_tcn,temporal_convolutional_network,rolling_origin_2022-05-17,rolling_origin_2022-05-17__inner_3_2022-03-01,9,b7953e247357c73847a1e408be42b8433808ac2e28fc3553df9479fce65884d1,"{""channels"":[32,32],""dropout"":0.0,""kernel_size"":2,""weight_decay"":0.01}",42118,503,14,39aa646abc71af790b5651b8d371ac3c5da9fc850975ea1f0e8eec1efe1ac7db,9400eab919178645d0c73e6bb3aa0c337b1fad589dd35096e9a2f2224f92f670,27b9d01554473ba0d7d5e204594bbe3764c21dd3a9ac94c3b6ba29d175b53e9c,baa127dc377d14a943bf7c5e7dc2bc49cb4fbb6b4bfc7fa7e4552964e94e8504,e86643bea02486a38d5b4d4b4c1e2929c4f5105d99aa1faa3b7b234c0750b1ba,9c550f8d59add4345a65b64acb3a283518f28cff2d54771a03c2797412edb43c,3e420980c1329ca960196d29ba65818b25c68f8704a411bad94a58f555dcf265,False,135.64023871711444,30,work/gate_c1/checkpoints/inner/3e420980c1329ca960196d29ba65818b25c68f8704a411bad94a58f555dcf265/manifest.json,f6484ba3314fbed752ebfe734fcda28911e123dbbd02a30adeed758eb846113b,metric_ascending_then_epoch,inner,,,9.68858814239502,130,3.8441512000281364,0.0009132999693974853,9.68858847979389,,,2945,1565.26171875,65.12255859375,95a7fc32d19608d4f431a4bf7105755559366b0f42fff40ff9633c1dfba11c69,False,5,14,30,3e420980c1329ca960196d29ba65818b25c68f8704a411bad94a58f555dcf265,COMPLETED,2e1ba8b9dd93632e9761a344d42875c1373f68e7b8aade6e9951a843bdb4068c
C03_causal_tcn,temporal_convolutional_network,rolling_origin_2022-05-17,rolling_origin_2022-05-17__inner_3_2022-03-01,9,b7953e247357c73847a1e408be42b8433808ac2e28fc3553df9479fce65884d1,"{""channels"":[32,32],""dropout"":0.0,""kernel_size"":2,""weight_decay"":0.01}",42119,503,14,39aa646abc71af790b5651b8d371ac3c5da9fc850975ea1f0e8eec1efe1ac7db,9400eab919178645d0c73e6bb3aa0c337b1fad589dd35096e9a2f2224f92f670,27b9d01554473ba0d7d5e204594bbe3764c21dd3a9ac94c3b6ba29d175b53e9c,baa127dc377d14a943bf7c5e7dc2bc49cb4fbb6b4bfc7fa7e4552964e94e8504,e86643bea02486a38d5b4d4b4c1e2929c4f5105d99aa1faa3b7b234c0750b1ba,9c550f8d59add4345a65b64acb3a283518f28cff2d54771a03c2797412edb43c,f189ca5fe6e71be536ddc5b7fff99d88458c692a80d40746a5a1e20ddaec9cd0,False,119.78583219714875,4,work/gate_c1/checkpoints/inner/f189ca5fe6e71be536ddc5b7fff99d88458c692a80d40746a5a1e20ddaec9cd0/manifest.json,1dea0a1b73998455560fae06721b1cf87d3fc2c79118c74891e7bd97144f2cf4,metric_ascending_then_epoch,inner,,,8.556131362915039,104,3.104214600054547,0.0009476999985054135,8.55613087122491,,,2945,1565.26171875,65.12255859375,0f485a70da287f8c62b920b52104748d46d2a263c5b4c8ab27c9cd90a7150962,False,5,14,4,f189ca5fe6e71be536ddc5b7fff99d88458c692a80d40746a5a1e20ddaec9cd0,COMPLETED,c0a184954fa40c21ec36d5830cf7dfd84bf8b94b55fd23d35ff888c044e47039
C03_causal_tcn,temporal_convolutional_network,rolling_origin_2022-05-17,rolling_origin_2022-05-17__inner_3_2022-03-01,9,b7953e247357c73847a1e408be42b8433808ac2e28fc3553df9479fce65884d1,"{""channels"":[32,32],""dropout"":0.0,""kernel_size"":2,""weight_decay"":0.01}",42120,503,14,39aa646abc71af790b5651b8d371ac3c5da9fc850975ea1f0e8eec1efe1ac7db,9400eab919178645d0c73e6bb3aa0c337b1fad589dd35096e9a2f2224f92f670,27b9d01554473ba0d7d5e204594bbe3764c21dd3a9ac94c3b6ba29d175b53e9c,baa127dc377d14a943bf7c5e7dc2bc49cb4fbb6b4bfc7fa7e4552964e94e8504,e86643bea02486a38d5b4d4b4c1e2929c4f5105d99aa1faa3b7b234c0750b1ba,9c550f8d59add4345a65b64acb3a283518f28cff2d54771a03c2797412edb43c,0484e837ec8bfe0be4cce1bdf824a9118a1fc4665bd5f1bd9a656078ecb10a89,False,116.05088993825339,185,work/gate_c1/checkpoints/inner/0484e837ec8bfe0be4cce1bdf824a9118a1fc4665bd5f1bd9a656078ecb10a89/manifest.json,4dc0a56d7e9dbf03b9c8bda18c396dc328658f92a8366a9caac0613c2e02dc6b,metric_ascending_then_epoch,inner,,,8.289349555969238,285,8.407794800004922,0.0010553000029176474,8.289349281303814,,,2945,1565.26171875,65.12255859375,a2301fa797677375180c154dc645bfb555b7646c362d1287aeefb3095ab68c5d,False,5,14,185,0484e837ec8bfe0be4cce1bdf824a9118a1fc4665bd5f1bd9a656078ecb10a89,COMPLETED,3d9a36cc6a5ddcac5bc47aaec4fa1c0e68f753361bd3346ec4b98289fef5c54f
C03_causal_tcn,temporal_convolutional_network,rolling_origin_2022-05-17,rolling_origin_2022-05-17__inner_3_2022-03-01,9,b7953e247357c73847a1e408be42b8433808ac2e28fc3553df9479fce65884d1,"{""channels"":[32,32],""dropout"":0.0,""kernel_size"":2,""weight_decay"":0.01}",42121,503,14,39aa646abc71af790b5651b8d371ac3c5da9fc850975ea1f0e8eec1efe1ac7db,9400eab919178645d0c73e6bb3aa0c337b1fad589dd35096e9a2f2224f92f670,27b9d01554473ba0d7d5e204594bbe3764c21dd3a9ac94c3b6ba29d175b53e9c,baa127dc377d14a943bf7c5e7dc2bc49cb4fbb6b4bfc7fa7e4552964e94e8504,e86643bea02486a38d5b4d4b4c1e2929c4f5105d99aa1faa3b7b234c0750b1ba,9c550f8d59add4345a65b64acb3a283518f28cff2d54771a03c2797412edb43c,bbe324e7dc1eff39d9067ec3027ed0b24f1332ad7566e7fee7ba87802be7b10e,False,117.27176456053603,8,work/gate_c1/checkpoints/inner/bbe324e7dc1eff39d9067ec3027ed0b24f1332ad7566e7fee7ba87802be7b10e/manifest.json,fdd153fd904142be7b0533493ab575fe4d83da734993be87a597479546ea58e4,metric_ascending_then_epoch,inner,,,8.376555442810059,108,3.1563350999495015,0.0009624999947845936,8.37655461146686,,,2945,1565.328125,65.12255859375,1652b81c57b79bf65759169f7a54c75caedddebc3b5e2f0c9fed4b061ffd2b55,False,5,14,8,bbe324e7dc1eff39d9067ec3027ed0b24f1332ad7566e7fee7ba87802be7b10e,COMPLETED,0ac15db09f71c5e6f95f94a1c4f40a310238d69699a4371b12b6e99162946b0d
C03_causal_tcn,temporal_convolutional_network,rolling_origin_2022-05-17,rolling_origin_2022-05-17__inner_1_2021-07-13,10,0daf57fe2c1dc3443a5823a55e04c221791ee97b3773c34a7330b40ce985489d,"{""channels"":[32,32],""dropout"":0.0,""kernel_size"":3,""weight_decay"":0.0001}",42117,400,12,7361169052bfe3cadd2368cd2ef02303aa4cc77ee8c797e07999b1f8a1146ed4,b4860670a6d31a3886d8b47a9de2a0cd076875a439a80eee28802b214ca9ca3f,9fa21e96643969d4eaee67813ebd6a585a3b32f898e4a48214608c4a2f3eb59b,f66f0702cd2af3d14cb93eea9ff18f36d2df935083344eb93d1e20db7a1a6a68,b2bdd728b334738463654ad9d97c6d4084726879a05cd64ed8b3609638304ed3,d428e315a0d44ced70e25cb6183a1693eabd86a6aa4a758a85235615bbd4d5ef,fbb4bae3007129601d317c56aebb96b075c3d3a457ffb088eb3a3435bf0d9b2f,True,33.60771162491422,6,work/gate_c1/checkpoints/inner/fbb4bae3007129601d317c56aebb96b075c3d3a457ffb088eb3a3435bf0d9b2f/manifest.json,539ca6fd0a33ac10492d16eed7f7b502ed950cb8a88470215425d52416169906,metric_ascending_then_epoch,inner,,,2.800642728805542,106,2.5518909000093117,0.0013541999505832791,2.800642635409518,,,4225,1564.85546875,65.14794921875,87c4025aac79d091af50b9805eca68776439fd9b7bbb8ff312ba8be0497a619d,False,5,12,6,fbb4bae3007129601d317c56aebb96b075c3d3a457ffb088eb3a3435bf0d9b2f,COMPLETED,5fb085a7d6aaae842da47721e88536622bae8844c47e6c83911d0314b5b9ed13
C03_causal_tcn,temporal_convolutional_network,rolling_origin_2022-05-17,rolling_origin_2022-05-17__inner_1_2021-07-13,10,0daf57fe2c1dc3443a5823a55e04c221791ee97b3773c34a7330b40ce985489d,"{""channels"":[32,32],""dropout"":0.0,""kernel_size"":3,""weight_decay"":0.0001}",42118,400,12,7361169052bfe3cadd2368cd2ef02303aa4cc77ee8c797e07999b1f8a1146ed4,b4860670a6d31a3886d8b47a9de2a0cd076875a439a80eee28802b214ca9ca3f,9fa21e96643969d4eaee67813ebd6a585a3b32f898e4a48214608c4a2f3eb59b,f66f0702cd2af3d14cb93eea9ff18f36d2df935083344eb93d1e20db7a1a6a68,b2bdd728b334738463654ad9d97c6d4084726879a05cd64ed8b3609638304ed3,d428e315a0d44ced70e25cb6183a1693eabd86a6aa4a758a85235615bbd4d5ef,16433cf1842cc693b5d7eeaa6f3dd071bda71f7b8895d1cf645c790c0cc1f2c1,True,35.63387085006935,7,work/gate_c1/checkpoints/inner/16433cf1842cc693b5d7eeaa6f3dd071bda71f7b8895d1cf645c790c0cc1f2c1/manifest.json,55550cf11722b23b35155c94b95d9c0d8e1ee0c7a300cac0ada76104842c55dc,metric_ascending_then_epoch,inner,,,2.969489097595215,107,2.5944212999893352,0.0009480000007897615,2.9694892375057793,,,4225,1564.91796875,65.14794921875,7b97344627d8f1ecc54262369ba9c77ae103c42914d3afa61d9321d054c16de7,False,5,12,7,16433cf1842cc693b5d7eeaa6f3dd071bda71f7b8895d1cf645c790c0cc1f2c1,COMPLETED,efafb035f373f24bc3ea2e65960b75eb63782b6eb15abc18226a16c8628c05ec
C03_causal_tcn,temporal_convolutional_network,rolling_origin_2022-05-17,rolling_origin_2022-05-17__inner_1_2021-07-13,10,0daf57fe2c1dc3443a5823a55e04c221791ee97b3773c34a7330b40ce985489d,"{""channels"":[32,32],""dropout"":0.0,""kernel_size"":3,""weight_decay"":0.0001}",42119,400,12,7361169052bfe3cadd2368cd2ef02303aa4cc77ee8c797e07999b1f8a1146ed4,b4860670a6d31a3886d8b47a9de2a0cd076875a439a80eee28802b214ca9ca3f,9fa21e96643969d4eaee67813ebd6a585a3b32f898e4a48214608c4a2f3eb59b,f66f0702cd2af3d14cb93eea9ff18f36d2df935083344eb93d1e20db7a1a6a68,b2bdd728b334738463654ad9d97c6d4084726879a05cd64ed8b3609638304ed3,d428e315a0d44ced70e25cb6183a1693eabd86a6aa4a758a85235615bbd4d5ef,2cfd02c6a9093d65acd1f3d2b047697cabaa959306b8c2cf4679efa588ed0445,True,25.75235250483091,77,work/gate_c1/checkpoints/inner/2cfd02c6a9093d65acd1f3d2b047697cabaa959306b8c2cf4679efa588ed0445/manifest.json,c403c4d06bed7a39dc0bd8c4157df6759cc166a452bd6a5b2d1bf4759b63639a,metric_ascending_then_epoch,inner,,,2.146029472351074,177,4.366443500039168,0.0010519999777898192,2.1460293754025757,,,4225,1564.921875,65.14794921875,21587e74c5df0f0dff9e1695a8962a4140979c54d62120fabdf12fd056a792c6,False,5,12,77,2cfd02c6a9093d65acd1f3d2b047697cabaa959306b8c2cf4679efa588ed0445,COMPLETED,c4c9351d90b66026c4b6626035b114f559c1cf252855176e77a499e09aba77b1
C03_causal_tcn,temporal_convolutional_network,rolling_origin_2022-05-17,rolling_origin_2022-05-17__inner_1_2021-07-13,10,0daf57fe2c1dc3443a5823a55e04c221791ee97b3773c34a7330b40ce985489d,"{""channels"":[32,32],""dropout"":0.0,""kernel_size"":3,""weight_decay"":0.0001}",42120,400,12,7361169052bfe3cadd2368cd2ef02303aa4cc77ee8c797e07999b1f8a1146ed4,b4860670a6d31a3886d8b47a9de2a0cd076875a439a80eee28802b214ca9ca3f,9fa21e96643969d4eaee67813ebd6a585a3b32f898e4a48214608c4a2f3eb59b,f66f0702cd2af3d14cb93eea9ff18f36d2df935083344eb93d1e20db7a1a6a68,b2bdd728b334738463654ad9d97c6d4084726879a05cd64ed8b3609638304ed3,d428e315a0d44ced70e25cb6183a1693eabd86a6aa4a758a85235615bbd4d5ef,304618786da8f67ebaeec88da120c82719aa77bddfaa278e19d00ad676c509c9,True,35.6369438408737,103,work/gate_c1/checkpoints/inner/304618786da8f67ebaeec88da120c82719aa77bddfaa278e19d00ad676c509c9/manifest.json,f53fff7e7f2cbbe087e97b51012b9cc661863977f0eedeebfddaa0bcdcf6ff38,metric_ascending_then_epoch,inner,,,2.969745397567749,203,4.909678700030781,0.0009213000303134322,2.9697453200728083,,,4225,1564.921875,65.14794921875,f64c3eb4ba7bca75ac372fbdefc26a80aaae2808cc7831e5f5ff097b4ef7a8fc,False,5,12,103,304618786da8f67ebaeec88da120c82719aa77bddfaa278e19d00ad676c509c9,COMPLETED,eea3a8278fe6ce2be0f1b84625cc01a6a98bea86d55ea4704aa666edd26f76ed
C03_causal_tcn,temporal_convolutional_network,rolling_origin_2022-05-17,rolling_origin_2022-05-17__inner_1_2021-07-13,10,0daf57fe2c1dc3443a5823a55e04c221791ee97b3773c34a7330b40ce985489d,"{""channels"":[32,32],""dropout"":0.0,""kernel_size"":3,""weight_decay"":0.0001}",42121,400,12,7361169052bfe3cadd2368cd2ef02303aa4cc77ee8c797e07999b1f8a1146ed4,b4860670a6d31a3886d8b47a9de2a0cd076875a439a80eee28802b214ca9ca3f,9fa21e96643969d4eaee67813ebd6a585a3b32f898e4a48214608c4a2f3eb59b,f66f0702cd2af3d14cb93eea9ff18f36d2df935083344eb93d1e20db7a1a6a68,b2bdd728b334738463654ad9d97c6d4084726879a05cd64ed8b3609638304ed3,d428e315a0d44ced70e25cb6183a1693eabd86a6aa4a758a85235615bbd4d5ef,343a50bedf983da5eef7759ae48e829f80399fa51fee5416001361b6b3536f0c,True,37.646957664367534,43,work/gate_c1/checkpoints/inner/343a50bedf983da5eef7759ae48e829f80399fa51fee5416001361b6b3536f0c/manifest.json,72b6fc6287f23d40eab57b390e2e8d1b7831485479f138039d35c7e9ece41f44,metric_ascending_then_epoch,inner,,,3.1372463703155518,143,3.374678699998185,0.0009381999261677265,3.1372464720306277,,,4225,1564.984375,65.14794921875,c0d3a316169b4c89d4d744f63052c2203a8e19f5863e69d2974cbd2c80f02f38,False,5,12,43,343a50bedf983da5eef7759ae48e829f80399fa51fee5416001361b6b3536f0c,COMPLETED,f426fd20cd55341791c89d1e0d9f1f5d6eea89aa1f27fd2465331a058cf26898
C03_causal_tcn,temporal_convolutional_network,rolling_origin_2022-05-17,rolling_origin_2022-05-17__inner_2_2021-11-02,10,0daf57fe2c1dc3443a5823a55e04c221791ee97b3773c34a7330b40ce985489d,"{""channels"":[32,32],""dropout"":0.0,""kernel_size"":3,""weight_decay"":0.0001}",42117,412,91,010c62a504d18f06befdb638b6898ac83ed39ef7db251812d6aaedfd6ba961f9,4addff335526e77628b914bf83380de2c81030fb22994a739cb072c37c504f5d,7f05fb1c5e91cc3379f52fbf863cec9f54ac307f58aa857ffe585f6291b77a09,8a00835d13809d189a545d27b156834a3b8a30dce15741eee57ecbb851955632,36f84953e3a28962ea8d373098a8b9484d9e8539a87ca2cfd298364bf9a5b1c6,ccc0c75b3414027ea1b2b86a97407abd5011c87de895d7b1f0e3319cf4615b15,d94e87fbe17b95ade3b14e40082064cdf274861b4b542ad3c58d976ec6aebab2,True,563.7962107240992,20,work/gate_c1/checkpoints/inner/d94e87fbe17b95ade3b14e40082064cdf274861b4b542ad3c58d976ec6aebab2/manifest.json,974af53831763643026da599fde237b2f709a5aeed05e43ab3bf9a52f97700a1,metric_ascending_then_epoch,inner,,,6.195562839508057,120,2.9196786999236792,0.0009505999041721225,6.195562755209881,,,4225,1566.10546875,65.49365234375,1b891629ca52d683629dcaf4d6c2aedc378667f2d140229e46f6436013a85649,False,5,91,20,d94e87fbe17b95ade3b14e40082064cdf274861b4b542ad3c58d976ec6aebab2,COMPLETED,fb6962ac5fd303b7b67117e268845a0e5949d14f381e451781fc94f1623e7bd7
C03_causal_tcn,temporal_convolutional_network,rolling_origin_2022-05-17,rolling_origin_2022-05-17__inner_2_2021-11-02,10,0daf57fe2c1dc3443a5823a55e04c221791ee97b3773c34a7330b40ce985489d,"{""channels"":[32,32],""dropout"":0.0,""kernel_size"":3,""weight_decay"":0.0001}",42118,412,91,010c62a504d18f06befdb638b6898ac83ed39ef7db251812d6aaedfd6ba961f9,4addff335526e77628b914bf83380de2c81030fb22994a739cb072c37c504f5d,7f05fb1c5e91cc3379f52fbf863cec9f54ac307f58aa857ffe585f6291b77a09,8a00835d13809d189a545d27b156834a3b8a30dce15741eee57ecbb851955632,36f84953e3a28962ea8d373098a8b9484d9e8539a87ca2cfd298364bf9a5b1c6,ccc0c75b3414027ea1b2b86a97407abd5011c87de895d7b1f0e3319cf4615b15,17cf023275bb8ea3cdca0fc6aa96e6609dd20b9ae27517cada890a28c0c78fa4,True,534.3609766219615,38,work/gate_c1/checkpoints/inner/17cf023275bb8ea3cdca0fc6aa96e6609dd20b9ae27517cada890a28c0c78fa4/manifest.json,e9c1727a6d54c4d87cb2f826b87909828c6e7036aaff12a577ad2b3f5d99dff9,metric_ascending_then_epoch,inner,,,5.872097969055176,138,3.3136187000200152,0.0010291000362485647,5.872098644197379,,,4225,1566.12109375,65.49365234375,e90c4e1545c41f12ce4b39b9be88ef20324d7eb217b1ac5f7d3874b6b424b9aa,False,5,91,38,17cf023275bb8ea3cdca0fc6aa96e6609dd20b9ae27517cada890a28c0c78fa4,COMPLETED,b6ba2ac017d532319431e47619130a3d94842be0406ffb3ee96c6c747278048d
C03_causal_tcn,temporal_convolutional_network,rolling_origin_2022-05-17,rolling_origin_2022-05-17__inner_2_2021-11-02,10,0daf57fe2c1dc3443a5823a55e04c221791ee97b3773c34a7330b40ce985489d,"{""channels"":[32,32],""dropout"":0.0,""kernel_size"":3,""weight_decay"":0.0001}",42119,412,91,010c62a504d18f06befdb638b6898ac83ed39ef7db251812d6aaedfd6ba961f9,4addff335526e77628b914bf83380de2c81030fb22994a739cb072c37c504f5d,7f05fb1c5e91cc3379f52fbf863cec9f54ac307f58aa857ffe585f6291b77a09,8a00835d13809d189a545d27b156834a3b8a30dce15741eee57ecbb851955632,36f84953e3a28962ea8d373098a8b9484d9e8539a87ca2cfd298364bf9a5b1c6,ccc0c75b3414027ea1b2b86a97407abd5011c87de895d7b1f0e3319cf4615b15,0e31d8e331467daecbaed390102cd13852f1a7a5b6a87fbd7e8a9f4f1ecb6469,True,529.0795993882873,24,work/gate_c1/checkpoints/inner/0e31d8e331467daecbaed390102cd13852f1a7a5b6a87fbd7e8a9f4f1ecb6469/manifest.json,655e8d643c3c0331f8a01f880446035d78a508bf8d865bf4f16ca6d0f2318a53,metric_ascending_then_epoch,inner,,,5.814061641693115,124,3.0836506999330595,0.0009239999344572425,5.814061531739421,,,4225,1566.50390625,65.49365234375,40a4a90336a489a5a1cc302404fb50b11bb38708dff6e2f5b8cf5183dc804d34,False,5,91,24,0e31d8e331467daecbaed390102cd13852f1a7a5b6a87fbd7e8a9f4f1ecb6469,COMPLETED,3bd4d8cc7e08e6084c876274b78ec6b22d374090950bcaddc3390dd9e3cf98b6
C03_causal_tcn,temporal_convolutional_network,rolling_origin_2022-05-17,rolling_origin_2022-05-17__inner_2_2021-11-02,10,0daf57fe2c1dc3443a5823a55e04c221791ee97b3773c34a7330b40ce985489d,"{""channels"":[32,32],""dropout"":0.0,""kernel_size"":3,""weight_decay"":0.0001}",42120,412,91,010c62a504d18f06befdb638b6898ac83ed39ef7db251812d6aaedfd6ba961f9,4addff335526e77628b914bf83380de2c81030fb22994a739cb072c37c504f5d,7f05fb1c5e91cc3379f52fbf863cec9f54ac307f58aa857ffe585f6291b77a09,8a00835d13809d189a545d27b156834a3b8a30dce15741eee57ecbb851955632,36f84953e3a28962ea8d373098a8b9484d9e8539a87ca2cfd298364bf9a5b1c6,ccc0c75b3414027ea1b2b86a97407abd5011c87de895d7b1f0e3319cf4615b15,88be5d5652a7b5e23ac3c71e632b6feade3fd4472b0ce3c8ee66763cefcb71a3,True,517.3497908434467,13,work/gate_c1/checkpoints/inner/88be5d5652a7b5e23ac3c71e632b6feade3fd4472b0ce3c8ee66763cefcb71a3/manifest.json,baafb2440bd98b3dd0cbfe68808571e81291ec5f2b3d15e4d9008eab56f983cc,metric_ascending_then_epoch,inner,,,5.685162544250488,113,2.740826900000684,0.0010668999748304486,5.6851625367411724,,,4225,1566.50390625,65.49365234375,1aec8e4a7526b2307b109da858964e84ed4f744469a335bbf19b78da2d9adb96,False,5,91,13,88be5d5652a7b5e23ac3c71e632b6feade3fd4472b0ce3c8ee66763cefcb71a3,COMPLETED,13832ae4edf4da159e19bdea054e9113beb27836b1b9a0f4e5a9637619d13900
C03_causal_tcn,temporal_convolutional_network,rolling_origin_2022-05-17,rolling_origin_2022-05-17__inner_2_2021-11-02,10,0daf57fe2c1dc3443a5823a55e04c221791ee97b3773c34a7330b40ce985489d,"{""channels"":[32,32],""dropout"":0.0,""kernel_size"":3,""weight_decay"":0.0001}",42121,412,91,010c62a504d18f06befdb638b6898ac83ed39ef7db251812d6aaedfd6ba961f9,4addff335526e77628b914bf83380de2c81030fb22994a739cb072c37c504f5d,7f05fb1c5e91cc3379f52fbf863cec9f54ac307f58aa857ffe585f6291b77a09,8a00835d13809d189a545d27b156834a3b8a30dce15741eee57ecbb851955632,36f84953e3a28962ea8d373098a8b9484d9e8539a87ca2cfd298364bf9a5b1c6,ccc0c75b3414027ea1b2b86a97407abd5011c87de895d7b1f0e3319cf4615b15,46fe191968be8ee183dc59be0ecce3ba4bef1bdd93cbdd3ccf2ec28de0e18487,True,575.6882578497575,13,work/gate_c1/checkpoints/inner/46fe191968be8ee183dc59be0ecce3ba4bef1bdd93cbdd3ccf2ec28de0e18487/manifest.json,61ab152af33f9a1a061e4d2fe8a859a8dfe038bd80db9878f9daed20c4392a52,metric_ascending_then_epoch,inner,,,6.326245307922363,113,2.7898336000507697,0.0018744999542832375,6.326244591755577,,,4225,1566.50390625,65.49365234375,61d0fd80d7712ba28727f3db85b9a840d9c8d941659ba90d179afff0f91a3623,False,5,91,13,46fe191968be8ee183dc59be0ecce3ba4bef1bdd93cbdd3ccf2ec28de0e18487,COMPLETED,327c30befedb5f304b1b0051684021a5a06f7a8274d980018ab51c001c62ea80
C03_causal_tcn,temporal_convolutional_network,rolling_origin_2022-05-17,rolling_origin_2022-05-17__inner_3_2022-03-01,10,0daf57fe2c1dc3443a5823a55e04c221791ee97b3773c34a7330b40ce985489d,"{""channels"":[32,32],""dropout"":0.0,""kernel_size"":3,""weight_decay"":0.0001}",42117,503,14,39aa646abc71af790b5651b8d371ac3c5da9fc850975ea1f0e8eec1efe1ac7db,9400eab919178645d0c73e6bb3aa0c337b1fad589dd35096e9a2f2224f92f670,27b9d01554473ba0d7d5e204594bbe3764c21dd3a9ac94c3b6ba29d175b53e9c,baa127dc377d14a943bf7c5e7dc2bc49cb4fbb6b4bfc7fa7e4552964e94e8504,e86643bea02486a38d5b4d4b4c1e2929c4f5105d99aa1faa3b7b234c0750b1ba,9c550f8d59add4345a65b64acb3a283518f28cff2d54771a03c2797412edb43c,56d3fc39cff25ca5327177bb4de51130318c0fce8d70e3766bc115f14be364ed,False,106.64083029579318,7,work/gate_c1/checkpoints/inner/56d3fc39cff25ca5327177bb4de51130318c0fce8d70e3766bc115f14be364ed/manifest.json,bd3c54eb3613cc58fd2891c1cc7ed26574393dc5e40dc708d60b28228780574a,metric_ascending_then_epoch,inner,,,7.6172027587890625,107,3.191521000000648,0.000978299998678267,7.617202163985227,,,4225,1565.62109375,65.21923828125,47e7861c1c6a9f1bef8617591db1c219c483a0829c17fb33267e8209cc26bfc2,False,5,14,7,56d3fc39cff25ca5327177bb4de51130318c0fce8d70e3766bc115f14be364ed,COMPLETED,8db9e8cf8dbd267239b9c785b251283bd1c3ed96e65686a88a06458364958572
C03_causal_tcn,temporal_convolutional_network,rolling_origin_2022-05-17,rolling_origin_2022-05-17__inner_3_2022-03-01,10,0daf57fe2c1dc3443a5823a55e04c221791ee97b3773c34a7330b40ce985489d,"{""channels"":[32,32],""dropout"":0.0,""kernel_size"":3,""weight_decay"":0.0001}",42118,503,14,39aa646abc71af790b5651b8d371ac3c5da9fc850975ea1f0e8eec1efe1ac7db,9400eab919178645d0c73e6bb3aa0c337b1fad589dd35096e9a2f2224f92f670,27b9d01554473ba0d7d5e204594bbe3764c21dd3a9ac94c3b6ba29d175b53e9c,baa127dc377d14a943bf7c5e7dc2bc49cb4fbb6b4bfc7fa7e4552964e94e8504,e86643bea02486a38d5b4d4b4c1e2929c4f5105d99aa1faa3b7b234c0750b1ba,9c550f8d59add4345a65b64acb3a283518f28cff2d54771a03c2797412edb43c,3cfa5c1ea398c219910df0c8fef6326e297f64b4fd209c685afe57dceb549648,False,107.81558502498763,16,work/gate_c1/checkpoints/inner/3cfa5c1ea398c219910df0c8fef6326e297f64b4fd209c685afe57dceb549648/manifest.json,d9b786f335f65fd57b516f0514ccb8389ec81fb119e96dd3cea4d6620f4f79c7,metric_ascending_then_epoch,inner,,,7.701112747192383,116,3.41948629997205,0.0009211000287905335,7.701113216070545,,,4225,1566.0546875,65.21923828125,95a7fc32d19608d4f431a4bf7105755559366b0f42fff40ff9633c1dfba11c69,False,5,14,16,3cfa5c1ea398c219910df0c8fef6326e297f64b4fd209c685afe57dceb549648,COMPLETED,2e1ba8b9dd93632e9761a344d42875c1373f68e7b8aade6e9951a843bdb4068c
C03_causal_tcn,temporal_convolutional_network,rolling_origin_2022-05-17,rolling_origin_2022-05-17__inner_3_2022-03-01,10,0daf57fe2c1dc3443a5823a55e04c221791ee97b3773c34a7330b40ce985489d,"{""channels"":[32,32],""dropout"":0.0,""kernel_size"":3,""weight_decay"":0.0001}",42119,503,14,39aa646abc71af790b5651b8d371ac3c5da9fc850975ea1f0e8eec1efe1ac7db,9400eab919178645d0c73e6bb3aa0c337b1fad589dd35096e9a2f2224f92f670,27b9d01554473ba0d7d5e204594bbe3764c21dd3a9ac94c3b6ba29d175b53e9c,baa127dc377d14a943bf7c5e7dc2bc49cb4fbb6b4bfc7fa7e4552964e94e8504,e86643bea02486a38d5b4d4b4c1e2929c4f5105d99aa1faa3b7b234c0750b1ba,9c550f8d59add4345a65b64acb3a283518f28cff2d54771a03c2797412edb43c,acc9e9aa5a11de2e544af9bbb54d537190150ddf88d9e9d3fed5ddcc6f629966,False,134.0769174443389,19,work/gate_c1/checkpoints/inner/acc9e9aa5a11de2e544af9bbb54d537190150ddf88d9e9d3fed5ddcc6f629966/manifest.json,c3bfff2fc2bdb58f99213a01e36ebaead01b826c816f0b39ceeb7b4ab3b6fe37,metric_ascending_then_epoch,inner,,,9.576923370361328,119,3.592659200076014,0.0008879000088199973,9.576922674595636,,,4225,1566.06640625,65.21923828125,0f485a70da287f8c62b920b52104748d46d2a263c5b4c8ab27c9cd90a7150962,False,5,14,19,acc9e9aa5a11de2e544af9bbb54d537190150ddf88d9e9d3fed5ddcc6f629966,COMPLETED,c0a184954fa40c21ec36d5830cf7dfd84bf8b94b55fd23d35ff888c044e47039
C03_causal_tcn,temporal_convolutional_network,rolling_origin_2022-05-17,rolling_origin_2022-05-17__inner_3_2022-03-01,10,0daf57fe2c1dc3443a5823a55e04c221791ee97b3773c34a7330b40ce985489d,"{""channels"":[32,32],""dropout"":0.0,""kernel_size"":3,""weight_decay"":0.0001}",42120,503,14,39aa646abc71af790b5651b8d371ac3c5da9fc850975ea1f0e8eec1efe1ac7db,9400eab919178645d0c73e6bb3aa0c337b1fad589dd35096e9a2f2224f92f670,27b9d01554473ba0d7d5e204594bbe3764c21dd3a9ac94c3b6ba29d175b53e9c,baa127dc377d14a943bf7c5e7dc2bc49cb4fbb6b4bfc7fa7e4552964e94e8504,e86643bea02486a38d5b4d4b4c1e2929c4f5105d99aa1faa3b7b234c0750b1ba,9c550f8d59add4345a65b64acb3a283518f28cff2d54771a03c2797412edb43c,8e705f3964a43444354fbec4c780de03443791e636d4e28d09dccb73b1e8cd48,False,139.77811910850983,4,work/gate_c1/checkpoints/inner/8e705f3964a43444354fbec4c780de03443791e636d4e28d09dccb73b1e8cd48/manifest.json,b0aaef71d852624ad6fb8ee8bd86982e1845e13f963331cdd9e004f69a37685e,metric_ascending_then_epoch,inner,,,9.984150886535645,104,3.1055065999971703,0.0019389999797567725,9.98415136489356,,,4225,1566.06640625,65.21923828125,a2301fa797677375180c154dc645bfb555b7646c362d1287aeefb3095ab68c5d,False,5,14,4,8e705f3964a43444354fbec4c780de03443791e636d4e28d09dccb73b1e8cd48,COMPLETED,3d9a36cc6a5ddcac5bc47aaec4fa1c0e68f753361bd3346ec4b98289fef5c54f
C03_causal_tcn,temporal_convolutional_network,rolling_origin_2022-05-17,rolling_origin_2022-05-17__inner_3_2022-03-01,10,0daf57fe2c1dc3443a5823a55e04c221791ee97b3773c34a7330b40ce985489d,"{""channels"":[32,32],""dropout"":0.0,""kernel_size"":3,""weight_decay"":0.0001}",42121,503,14,39aa646abc71af790b5651b8d371ac3c5da9fc850975ea1f0e8eec1efe1ac7db,9400eab919178645d0c73e6bb3aa0c337b1fad589dd35096e9a2f2224f92f670,27b9d01554473ba0d7d5e204594bbe3764c21dd3a9ac94c3b6ba29d175b53e9c,baa127dc377d14a943bf7c5e7dc2bc49cb4fbb6b4bfc7fa7e4552964e94e8504,e86643bea02486a38d5b4d4b4c1e2929c4f5105d99aa1faa3b7b234c0750b1ba,9c550f8d59add4345a65b64acb3a283518f28cff2d54771a03c2797412edb43c,f91465ef6beca9aca7671d9d0ac828821090fe1be373a756ec41547fcc91ed02,False,135.8758388344077,8,work/gate_c1/checkpoints/inner/f91465ef6beca9aca7671d9d0ac828821090fe1be373a756ec41547fcc91ed02/manifest.json,9d0ccf75ee23a13757845d61bbb46a1b35a803ea8ffd024d3965698d3c7f4945,metric_ascending_then_epoch,inner,,,9.705416679382324,108,3.23772969993297,0.0009450999787077308,9.70541705960055,,,4225,1566.28125,65.21923828125,1652b81c57b79bf65759169f7a54c75caedddebc3b5e2f0c9fed4b061ffd2b55,False,5,14,8,f91465ef6beca9aca7671d9d0ac828821090fe1be373a756ec41547fcc91ed02,COMPLETED,0ac15db09f71c5e6f95f94a1c4f40a310238d69699a4371b12b6e99162946b0d
C03_causal_tcn,temporal_convolutional_network,rolling_origin_2022-05-17,rolling_origin_2022-05-17__inner_1_2021-07-13,11,55d4191e6de7874b627ed38b092204a7f0f0a3d2e0c092942193108c38cc9e14,"{""channels"":[32,32],""dropout"":0.0,""kernel_size"":3,""weight_decay"":0.01}",42117,400,12,7361169052bfe3cadd2368cd2ef02303aa4cc77ee8c797e07999b1f8a1146ed4,b4860670a6d31a3886d8b47a9de2a0cd076875a439a80eee28802b214ca9ca3f,9fa21e96643969d4eaee67813ebd6a585a3b32f898e4a48214608c4a2f3eb59b,f66f0702cd2af3d14cb93eea9ff18f36d2df935083344eb93d1e20db7a1a6a68,b2bdd728b334738463654ad9d97c6d4084726879a05cd64ed8b3609638304ed3,d428e315a0d44ced70e25cb6183a1693eabd86a6aa4a758a85235615bbd4d5ef,f248839db291b7507db2e12d2f293a6d537c45bfc5f738da753234306576e6a4,True,33.46072551708491,6,work/gate_c1/checkpoints/inner/f248839db291b7507db2e12d2f293a6d537c45bfc5f738da753234306576e6a4/manifest.json,abc8f802e97dc03beac9fc7880dcd5932a227ee1ae17048bdebdcf39ba7f9703,metric_ascending_then_epoch,inner,,,2.78839373588562,106,2.5864643999375403,0.0009729999583214521,2.788393793090409,,,4225,1565.03515625,65.14794921875,87c4025aac79d091af50b9805eca68776439fd9b7bbb8ff312ba8be0497a619d,False,5,12,6,f248839db291b7507db2e12d2f293a6d537c45bfc5f738da753234306576e6a4,COMPLETED,5fb085a7d6aaae842da47721e88536622bae8844c47e6c83911d0314b5b9ed13
C03_causal_tcn,temporal_convolutional_network,rolling_origin_2022-05-17,rolling_origin_2022-05-17__inner_1_2021-07-13,11,55d4191e6de7874b627ed38b092204a7f0f0a3d2e0c092942193108c38cc9e14,"{""channels"":[32,32],""dropout"":0.0,""kernel_size"":3,""weight_decay"":0.01}",42118,400,12,7361169052bfe3cadd2368cd2ef02303aa4cc77ee8c797e07999b1f8a1146ed4,b4860670a6d31a3886d8b47a9de2a0cd076875a439a80eee28802b214ca9ca3f,9fa21e96643969d4eaee67813ebd6a585a3b32f898e4a48214608c4a2f3eb59b,f66f0702cd2af3d14cb93eea9ff18f36d2df935083344eb93d1e20db7a1a6a68,b2bdd728b334738463654ad9d97c6d4084726879a05cd64ed8b3609638304ed3,d428e315a0d44ced70e25cb6183a1693eabd86a6aa4a758a85235615bbd4d5ef,de29ffe395e9f449e9e1a37b8d65c40e0be75a3ce688f47503334ba8f979ff44,True,35.61318627464964,7,work/gate_c1/checkpoints/inner/de29ffe395e9f449e9e1a37b8d65c40e0be75a3ce688f47503334ba8f979ff44/manifest.json,c18f0420ad5fe071f245f0c1df7da390eb45c3f178c76f4d5e81c193aaa0a222,metric_ascending_then_epoch,inner,,,2.9677655696868896,107,2.6240499999839813,0.0009753999765962362,2.96776552288747,,,4225,1565.05078125,65.14794921875,7b97344627d8f1ecc54262369ba9c77ae103c42914d3afa61d9321d054c16de7,False,5,12,7,de29ffe395e9f449e9e1a37b8d65c40e0be75a3ce688f47503334ba8f979ff44,COMPLETED,efafb035f373f24bc3ea2e65960b75eb63782b6eb15abc18226a16c8628c05ec
C03_causal_tcn,temporal_convolutional_network,rolling_origin_2022-05-17,rolling_origin_2022-05-17__inner_1_2021-07-13,11,55d4191e6de7874b627ed38b092204a7f0f0a3d2e0c092942193108c38cc9e14,"{""channels"":[32,32],""dropout"":0.0,""kernel_size"":3,""weight_decay"":0.01}",42119,400,12,7361169052bfe3cadd2368cd2ef02303aa4cc77ee8c797e07999b1f8a1146ed4,b4860670a6d31a3886d8b47a9de2a0cd076875a439a80eee28802b214ca9ca3f,9fa21e96643969d4eaee67813ebd6a585a3b32f898e4a48214608c4a2f3eb59b,f66f0702cd2af3d14cb93eea9ff18f36d2df935083344eb93d1e20db7a1a6a68,b2bdd728b334738463654ad9d97c6d4084726879a05cd64ed8b3609638304ed3,d428e315a0d44ced70e25cb6183a1693eabd86a6aa4a758a85235615bbd4d5ef,d8d4cb030e32faa6baff4d87a31cf66b4a7a92befd383126de1ce3bc2b5d762c,True,25.428099623037447,77,work/gate_c1/checkpoints/inner/d8d4cb030e32faa6baff4d87a31cf66b4a7a92befd383126de1ce3bc2b5d762c/manifest.json,0f62033cd04be0f6b852c6983c12127609f88d0ccfdeccc9b114d1f33a73414d,metric_ascending_then_epoch,inner,,,2.1190085411071777,177,4.2509617999894544,0.0009887999622151256,2.1190083019197874,,,4225,1565.08203125,65.14794921875,21587e74c5df0f0dff9e1695a8962a4140979c54d62120fabdf12fd056a792c6,False,5,12,77,d8d4cb030e32faa6baff4d87a31cf66b4a7a92befd383126de1ce3bc2b5d762c,COMPLETED,c4c9351d90b66026c4b6626035b114f559c1cf252855176e77a499e09aba77b1
C03_causal_tcn,temporal_convolutional_network,rolling_origin_2022-05-17,rolling_origin_2022-05-17__inner_1_2021-07-13,11,55d4191e6de7874b627ed38b092204a7f0f0a3d2e0c092942193108c38cc9e14,"{""channels"":[32,32],""dropout"":0.0,""kernel_size"":3,""weight_decay"":0.01}",42120,400,12,7361169052bfe3cadd2368cd2ef02303aa4cc77ee8c797e07999b1f8a1146ed4,b4860670a6d31a3886d8b47a9de2a0cd076875a439a80eee28802b214ca9ca3f,9fa21e96643969d4eaee67813ebd6a585a3b32f898e4a48214608c4a2f3eb59b,f66f0702cd2af3d14cb93eea9ff18f36d2df935083344eb93d1e20db7a1a6a68,b2bdd728b334738463654ad9d97c6d4084726879a05cd64ed8b3609638304ed3,d428e315a0d44ced70e25cb6183a1693eabd86a6aa4a758a85235615bbd4d5ef,bc00c03c7fb8a00e51c3ecd0ffa7443fe0646df474bf2f9df6b2a889cb8966d9,True,35.725286527510015,103,work/gate_c1/checkpoints/inner/bc00c03c7fb8a00e51c3ecd0ffa7443fe0646df474bf2f9df6b2a889cb8966d9/manifest.json,3d2d710f6824ad028c04f04e2b5f3c7b8799bda90947c34d2355616c8c7b1534,metric_ascending_then_epoch,inner,,,2.977107524871826,203,4.943119100062177,0.000924500054679811,2.9771072106258347,,,4225,1565.0859375,65.14794921875,f64c3eb4ba7bca75ac372fbdefc26a80aaae2808cc7831e5f5ff097b4ef7a8fc,False,5,12,103,bc00c03c7fb8a00e51c3ecd0ffa7443fe0646df474bf2f9df6b2a889cb8966d9,COMPLETED,eea3a8278fe6ce2be0f1b84625cc01a6a98bea86d55ea4704aa666edd26f76ed
C03_causal_tcn,temporal_convolutional_network,rolling_origin_2022-05-17,rolling_origin_2022-05-17__inner_1_2021-07-13,11,55d4191e6de7874b627ed38b092204a7f0f0a3d2e0c092942193108c38cc9e14,"{""channels"":[32,32],""dropout"":0.0,""kernel_size"":3,""weight_decay"":0.01}",42121,400,12,7361169052bfe3cadd2368cd2ef02303aa4cc77ee8c797e07999b1f8a1146ed4,b4860670a6d31a3886d8b47a9de2a0cd076875a439a80eee28802b214ca9ca3f,9fa21e96643969d4eaee67813ebd6a585a3b32f898e4a48214608c4a2f3eb59b,f66f0702cd2af3d14cb93eea9ff18f36d2df935083344eb93d1e20db7a1a6a68,b2bdd728b334738463654ad9d97c6d4084726879a05cd64ed8b3609638304ed3,d428e315a0d44ced70e25cb6183a1693eabd86a6aa4a758a85235615bbd4d5ef,ab839056363aa6caf2b869de2e92fca56d20e53a2b4d6b9d4b386e6176485113,True,37.75466957242577,43,work/gate_c1/checkpoints/inner/ab839056363aa6caf2b869de2e92fca56d20e53a2b4d6b9d4b386e6176485113/manifest.json,a70bdc80fbeacf7fe0cabbdf87bdf828b11b1a90da32f5499b3b3a52f7e56526,metric_ascending_then_epoch,inner,,,3.1462225914001465,143,3.488747700001113,0.0009529000381007791,3.146222464368814,,,4225,1565.1015625,65.14794921875,c0d3a316169b4c89d4d744f63052c2203a8e19f5863e69d2974cbd2c80f02f38,False,5,12,43,ab839056363aa6caf2b869de2e92fca56d20e53a2b4d6b9d4b386e6176485113,COMPLETED,f426fd20cd55341791c89d1e0d9f1f5d6eea89aa1f27fd2465331a058cf26898
C03_causal_tcn,temporal_convolutional_network,rolling_origin_2022-05-17,rolling_origin_2022-05-17__inner_2_2021-11-02,11,55d4191e6de7874b627ed38b092204a7f0f0a3d2e0c092942193108c38cc9e14,"{""channels"":[32,32],""dropout"":0.0,""kernel_size"":3,""weight_decay"":0.01}",42117,412,91,010c62a504d18f06befdb638b6898ac83ed39ef7db251812d6aaedfd6ba961f9,4addff335526e77628b914bf83380de2c81030fb22994a739cb072c37c504f5d,7f05fb1c5e91cc3379f52fbf863cec9f54ac307f58aa857ffe585f6291b77a09,8a00835d13809d189a545d27b156834a3b8a30dce15741eee57ecbb851955632,36f84953e3a28962ea8d373098a8b9484d9e8539a87ca2cfd298364bf9a5b1c6,ccc0c75b3414027ea1b2b86a97407abd5011c87de895d7b1f0e3319cf4615b15,f1646475208eca3f9d52c3b1dbbe9303fd29325f77a60d6b502db285a324d302,True,565.2896309611114,20,work/gate_c1/checkpoints/inner/f1646475208eca3f9d52c3b1dbbe9303fd29325f77a60d6b502db285a324d302/manifest.json,2aa2c0ca16203cff861d9fabaf7520c206f4729968c86d34b0825398f06fed56,metric_ascending_then_epoch,inner,,,6.211974143981934,120,2.989354999968782,0.000942799961194396,6.211973966605619,,,4225,1566.61328125,65.49365234375,1b891629ca52d683629dcaf4d6c2aedc378667f2d140229e46f6436013a85649,False,5,91,20,f1646475208eca3f9d52c3b1dbbe9303fd29325f77a60d6b502db285a324d302,COMPLETED,fb6962ac5fd303b7b67117e268845a0e5949d14f381e451781fc94f1623e7bd7
C03_causal_tcn,temporal_convolutional_network,rolling_origin_2022-05-17,rolling_origin_2022-05-17__inner_2_2021-11-02,11,55d4191e6de7874b627ed38b092204a7f0f0a3d2e0c092942193108c38cc9e14,"{""channels"":[32,32],""dropout"":0.0,""kernel_size"":3,""weight_decay"":0.01}",42118,412,91,010c62a504d18f06befdb638b6898ac83ed39ef7db251812d6aaedfd6ba961f9,4addff335526e77628b914bf83380de2c81030fb22994a739cb072c37c504f5d,7f05fb1c5e91cc3379f52fbf863cec9f54ac307f58aa857ffe585f6291b77a09,8a00835d13809d189a545d27b156834a3b8a30dce15741eee57ecbb851955632,36f84953e3a28962ea8d373098a8b9484d9e8539a87ca2cfd298364bf9a5b1c6,ccc0c75b3414027ea1b2b86a97407abd5011c87de895d7b1f0e3319cf4615b15,bd408676aa6385ae611dfec2197833d25e0760a3d9b597389085f8801cbd2c36,True,532.9763899753589,38,work/gate_c1/checkpoints/inner/bd408676aa6385ae611dfec2197833d25e0760a3d9b597389085f8801cbd2c36/manifest.json,ec795e8c2e5e66f854727b2dbbf8bda5831f177f67d1199678b9f5834b094957,metric_ascending_then_epoch,inner,,,5.8568830490112305,138,3.367836100049317,0.0009632000001147389,5.856883406322625,,,4225,1566.625,65.49365234375,e90c4e1545c41f12ce4b39b9be88ef20324d7eb217b1ac5f7d3874b6b424b9aa,False,5,91,38,bd408676aa6385ae611dfec2197833d25e0760a3d9b597389085f8801cbd2c36,COMPLETED,b6ba2ac017d532319431e47619130a3d94842be0406ffb3ee96c6c747278048d
C03_causal_tcn,temporal_convolutional_network,rolling_origin_2022-05-17,rolling_origin_2022-05-17__inner_2_2021-11-02,11,55d4191e6de7874b627ed38b092204a7f0f0a3d2e0c092942193108c38cc9e14,"{""channels"":[32,32],""dropout"":0.0,""kernel_size"":3,""weight_decay"":0.01}",42119,412,91,010c62a504d18f06befdb638b6898ac83ed39ef7db251812d6aaedfd6ba961f9,4addff335526e77628b914bf83380de2c81030fb22994a739cb072c37c504f5d,7f05fb1c5e91cc3379f52fbf863cec9f54ac307f58aa857ffe585f6291b77a09,8a00835d13809d189a545d27b156834a3b8a30dce15741eee57ecbb851955632,36f84953e3a28962ea8d373098a8b9484d9e8539a87ca2cfd298364bf9a5b1c6,ccc0c75b3414027ea1b2b86a97407abd5011c87de895d7b1f0e3319cf4615b15,5a8edff34030907a71ca2f0fb7cce3aac05fe4b5c4da28cd7a6514dad430c837,True,528.3194120768155,24,work/gate_c1/checkpoints/inner/5a8edff34030907a71ca2f0fb7cce3aac05fe4b5c4da28cd7a6514dad430c837/manifest.json,0afbb0921dd7cdad0d905b737161d38dfacaea00eb79b49184b4c9885954ade2,metric_ascending_then_epoch,inner,,,5.805707931518555,124,2.9828984999330714,0.0009139999747276306,5.805707825019951,,,4225,1566.65625,65.49365234375,40a4a90336a489a5a1cc302404fb50b11bb38708dff6e2f5b8cf5183dc804d34,False,5,91,24,5a8edff34030907a71ca2f0fb7cce3aac05fe4b5c4da28cd7a6514dad430c837,COMPLETED,3bd4d8cc7e08e6084c876274b78ec6b22d374090950bcaddc3390dd9e3cf98b6
C03_causal_tcn,temporal_convolutional_network,rolling_origin_2022-05-17,rolling_origin_2022-05-17__inner_2_2021-11-02,11,55d4191e6de7874b627ed38b092204a7f0f0a3d2e0c092942193108c38cc9e14,"{""channels"":[32,32],""dropout"":0.0,""kernel_size"":3,""weight_decay"":0.01}",42120,412,91,010c62a504d18f06befdb638b6898ac83ed39ef7db251812d6aaedfd6ba961f9,4addff335526e77628b914bf83380de2c81030fb22994a739cb072c37c504f5d,7f05fb1c5e91cc3379f52fbf863cec9f54ac307f58aa857ffe585f6291b77a09,8a00835d13809d189a545d27b156834a3b8a30dce15741eee57ecbb851955632,36f84953e3a28962ea8d373098a8b9484d9e8539a87ca2cfd298364bf9a5b1c6,ccc0c75b3414027ea1b2b86a97407abd5011c87de895d7b1f0e3319cf4615b15,2d1eb14424e25c6fdf889928158365c4930e91c323639141ad5bb9928b287195,True,517.0998717357357,13,work/gate_c1/checkpoints/inner/2d1eb14424e25c6fdf889928158365c4930e91c323639141ad5bb9928b287195/manifest.json,9ed92b0fbca6e9fd4506d17664fbfd1ab7a41f954f875b7605c9bb9884567055,metric_ascending_then_epoch,inner,,,5.682415962219238,113,2.738248800043948,0.0009283000836148858,5.682416172920173,,,4225,1566.66015625,65.49365234375,1aec8e4a7526b2307b109da858964e84ed4f744469a335bbf19b78da2d9adb96,False,5,91,13,2d1eb14424e25c6fdf889928158365c4930e91c323639141ad5bb9928b287195,COMPLETED,13832ae4edf4da159e19bdea054e9113beb27836b1b9a0f4e5a9637619d13900
C03_causal_tcn,temporal_convolutional_network,rolling_origin_2022-05-17,rolling_origin_2022-05-17__inner_2_2021-11-02,11,55d4191e6de7874b627ed38b092204a7f0f0a3d2e0c092942193108c38cc9e14,"{""channels"":[32,32],""dropout"":0.0,""kernel_size"":3,""weight_decay"":0.01}",42121,412,91,010c62a504d18f06befdb638b6898ac83ed39ef7db251812d6aaedfd6ba961f9,4addff335526e77628b914bf83380de2c81030fb22994a739cb072c37c504f5d,7f05fb1c5e91cc3379f52fbf863cec9f54ac307f58aa857ffe585f6291b77a09,8a00835d13809d189a545d27b156834a3b8a30dce15741eee57ecbb851955632,36f84953e3a28962ea8d373098a8b9484d9e8539a87ca2cfd298364bf9a5b1c6,ccc0c75b3414027ea1b2b86a97407abd5011c87de895d7b1f0e3319cf4615b15,5114c0b5f55b9248e3a6fb2a3eedbe9b159a02b70c1fdaa14516eb21d76f95bf,True,575.447180472172,13,work/gate_c1/checkpoints/inner/5114c0b5f55b9248e3a6fb2a3eedbe9b159a02b70c1fdaa14516eb21d76f95bf/manifest.json,8462142d0b07aa90dfd950a3f19f25831bfca2bd8c415f0cc4d22bf50c1f7d36,metric_ascending_then_epoch,inner,,,6.323596000671387,113,2.74764309998136,0.0015074999537318945,6.323595389804088,,,4225,1566.6640625,65.49365234375,61d0fd80d7712ba28727f3db85b9a840d9c8d941659ba90d179afff0f91a3623,False,5,91,13,5114c0b5f55b9248e3a6fb2a3eedbe9b159a02b70c1fdaa14516eb21d76f95bf,COMPLETED,327c30befedb5f304b1b0051684021a5a06f7a8274d980018ab51c001c62ea80
C03_causal_tcn,temporal_convolutional_network,rolling_origin_2022-05-17,rolling_origin_2022-05-17__inner_3_2022-03-01,11,55d4191e6de7874b627ed38b092204a7f0f0a3d2e0c092942193108c38cc9e14,"{""channels"":[32,32],""dropout"":0.0,""kernel_size"":3,""weight_decay"":0.01}",42117,503,14,39aa646abc71af790b5651b8d371ac3c5da9fc850975ea1f0e8eec1efe1ac7db,9400eab919178645d0c73e6bb3aa0c337b1fad589dd35096e9a2f2224f92f670,27b9d01554473ba0d7d5e204594bbe3764c21dd3a9ac94c3b6ba29d175b53e9c,baa127dc377d14a943bf7c5e7dc2bc49cb4fbb6b4bfc7fa7e4552964e94e8504,e86643bea02486a38d5b4d4b4c1e2929c4f5105d99aa1faa3b7b234c0750b1ba,9c550f8d59add4345a65b64acb3a283518f28cff2d54771a03c2797412edb43c,db43a149de5fda0b41e88b63b5fdf06b5b1cc97cc143f0b0a3563fd43452005a,False,106.66743064761553,7,work/gate_c1/checkpoints/inner/db43a149de5fda0b41e88b63b5fdf06b5b1cc97cc143f0b0a3563fd43452005a/manifest.json,b151718ae9595ae4e364bb43adae35e768fbbf2e8835f52492264b34a69fec58,metric_ascending_then_epoch,inner,,,7.619102478027344,107,3.2312875000061467,0.0010024000657722354,7.619102189115395,,,4225,1566.38671875,65.21923828125,47e7861c1c6a9f1bef8617591db1c219c483a0829c17fb33267e8209cc26bfc2,False,5,14,7,db43a149de5fda0b41e88b63b5fdf06b5b1cc97cc143f0b0a3563fd43452005a,COMPLETED,8db9e8cf8dbd267239b9c785b251283bd1c3ed96e65686a88a06458364958572
C03_causal_tcn,temporal_convolutional_network,rolling_origin_2022-05-17,rolling_origin_2022-05-17__inner_3_2022-03-01,11,55d4191e6de7874b627ed38b092204a7f0f0a3d2e0c092942193108c38cc9e14,"{""channels"":[32,32],""dropout"":0.0,""kernel_size"":3,""weight_decay"":0.01}",42118,503,14,39aa646abc71af790b5651b8d371ac3c5da9fc850975ea1f0e8eec1efe1ac7db,9400eab919178645d0c73e6bb3aa0c337b1fad589dd35096e9a2f2224f92f670,27b9d01554473ba0d7d5e204594bbe3764c21dd3a9ac94c3b6ba29d175b53e9c,baa127dc377d14a943bf7c5e7dc2bc49cb4fbb6b4bfc7fa7e4552964e94e8504,e86643bea02486a38d5b4d4b4c1e2929c4f5105d99aa1faa3b7b234c0750b1ba,9c550f8d59add4345a65b64acb3a283518f28cff2d54771a03c2797412edb43c,c971137437b3321711cdb8cde8006808b914661a47f0a852e21636496f300767,False,108.05164761336346,16,work/gate_c1/checkpoints/inner/c971137437b3321711cdb8cde8006808b914661a47f0a852e21636496f300767/manifest.json,9bd491fb215ac404fe31a89f75ae937b002ab7bbef3b78168464d48fad28988d,metric_ascending_then_epoch,inner,,,7.71797513961792,116,3.429845899925567,0.0009112999541684985,7.717974829525962,,,4225,1566.43359375,65.21923828125,95a7fc32d19608d4f431a4bf7105755559366b0f42fff40ff9633c1dfba11c69,False,5,14,16,c971137437b3321711cdb8cde8006808b914661a47f0a852e21636496f300767,COMPLETED,2e1ba8b9dd93632e9761a344d42875c1373f68e7b8aade6e9951a843bdb4068c
C03_causal_tcn,temporal_convolutional_network,rolling_origin_2022-05-17,rolling_origin_2022-05-17__inner_3_2022-03-01,11,55d4191e6de7874b627ed38b092204a7f0f0a3d2e0c092942193108c38cc9e14,"{""channels"":[32,32],""dropout"":0.0,""kernel_size"":3,""weight_decay"":0.01}",42119,503,14,39aa646abc71af790b5651b8d371ac3c5da9fc850975ea1f0e8eec1efe1ac7db,9400eab919178645d0c73e6bb3aa0c337b1fad589dd35096e9a2f2224f92f670,27b9d01554473ba0d7d5e204594bbe3764c21dd3a9ac94c3b6ba29d175b53e9c,baa127dc377d14a943bf7c5e7dc2bc49cb4fbb6b4bfc7fa7e4552964e94e8504,e86643bea02486a38d5b4d4b4c1e2929c4f5105d99aa1faa3b7b234c0750b1ba,9c550f8d59add4345a65b64acb3a283518f28cff2d54771a03c2797412edb43c,b2752e5c46735530b6eee6e41cdcf1d9c0c0c51ba89f6feef17e6d8c4cc175e2,False,133.17856215991128,19,work/gate_c1/checkpoints/inner/b2752e5c46735530b6eee6e41cdcf1d9c0c0c51ba89f6feef17e6d8c4cc175e2/manifest.json,b87a490f2a326ba2abed9ff671bd32bbe124ffac6a22fe86d8bca516bbe4d077,metric_ascending_then_epoch,inner,,,9.512754440307617,119,3.568273900076747,0.0009830000344663858,9.512754439993662,,,4225,1566.43359375,65.21923828125,0f485a70da287f8c62b920b52104748d46d2a263c5b4c8ab27c9cd90a7150962,False,5,14,19,b2752e5c46735530b6eee6e41cdcf1d9c0c0c51ba89f6feef17e6d8c4cc175e2,COMPLETED,c0a184954fa40c21ec36d5830cf7dfd84bf8b94b55fd23d35ff888c044e47039
C03_causal_tcn,temporal_convolutional_network,rolling_origin_2022-05-17,rolling_origin_2022-05-17__inner_3_2022-03-01,11,55d4191e6de7874b627ed38b092204a7f0f0a3d2e0c092942193108c38cc9e14,"{""channels"":[32,32],""dropout"":0.0,""kernel_size"":3,""weight_decay"":0.01}",42120,503,14,39aa646abc71af790b5651b8d371ac3c5da9fc850975ea1f0e8eec1efe1ac7db,9400eab919178645d0c73e6bb3aa0c337b1fad589dd35096e9a2f2224f92f670,27b9d01554473ba0d7d5e204594bbe3764c21dd3a9ac94c3b6ba29d175b53e9c,baa127dc377d14a943bf7c5e7dc2bc49cb4fbb6b4bfc7fa7e4552964e94e8504,e86643bea02486a38d5b4d4b4c1e2929c4f5105d99aa1faa3b7b234c0750b1ba,9c550f8d59add4345a65b64acb3a283518f28cff2d54771a03c2797412edb43c,5d9ccf6d0aee054adaa4958a44b28ebb42800d2cde0525ba691f30b8a8280b55,False,139.82448492959338,4,work/gate_c1/checkpoints/inner/5d9ccf6d0aee054adaa4958a44b28ebb42800d2cde0525ba691f30b8a8280b55/manifest.json,d363ba4d1d38f7dcdf0766ba1d0aa121a1dabb7c019efef79a854097389c9b8f,metric_ascending_then_epoch,inner,,,9.987462997436523,104,3.0317341999616474,0.0009354000212624669,9.98746320925667,,,4225,1566.45703125,65.21923828125,a2301fa797677375180c154dc645bfb555b7646c362d1287aeefb3095ab68c5d,False,5,14,4,5d9ccf6d0aee054adaa4958a44b28ebb42800d2cde0525ba691f30b8a8280b55,COMPLETED,3d9a36cc6a5ddcac5bc47aaec4fa1c0e68f753361bd3346ec4b98289fef5c54f
C03_causal_tcn,temporal_convolutional_network,rolling_origin_2022-05-17,rolling_origin_2022-05-17__inner_3_2022-03-01,11,55d4191e6de7874b627ed38b092204a7f0f0a3d2e0c092942193108c38cc9e14,"{""channels"":[32,32],""dropout"":0.0,""kernel_size"":3,""weight_decay"":0.01}",42121,503,14,39aa646abc71af790b5651b8d371ac3c5da9fc850975ea1f0e8eec1efe1ac7db,9400eab919178645d0c73e6bb3aa0c337b1fad589dd35096e9a2f2224f92f670,27b9d01554473ba0d7d5e204594bbe3764c21dd3a9ac94c3b6ba29d175b53e9c,baa127dc377d14a943bf7c5e7dc2bc49cb4fbb6b4bfc7fa7e4552964e94e8504,e86643bea02486a38d5b4d4b4c1e2929c4f5105d99aa1faa3b7b234c0750b1ba,9c550f8d59add4345a65b64acb3a283518f28cff2d54771a03c2797412edb43c,5eeca89a30caecd37f890e0583f6fb6d90046045bcf1590c0e2111488129c278,False,135.91245529037778,8,work/gate_c1/checkpoints/inner/5eeca89a30caecd37f890e0583f6fb6d90046045bcf1590c0e2111488129c278/manifest.json,fa36238242eb40b0e93419567bb6a23f3e984caf1650a55e498fdb1a71645e27,metric_ascending_then_epoch,inner,,,9.708032608032227,108,3.141511099995114,0.0009071999229490757,9.70803252074127,,,4225,1566.45703125,65.21923828125,1652b81c57b79bf65759169f7a54c75caedddebc3b5e2f0c9fed4b061ffd2b55,False,5,14,8,5eeca89a30caecd37f890e0583f6fb6d90046045bcf1590c0e2111488129c278,COMPLETED,0ac15db09f71c5e6f95f94a1c4f40a310238d69699a4371b12b6e99162946b0d
C03_causal_tcn,temporal_convolutional_network,rolling_origin_2022-05-17,rolling_origin_2022-05-17__inner_1_2021-07-13,12,4e38a9fe08dbc28d102f5e51668ed1a033c806002ad946d9f0f35ef04acff590,"{""channels"":[32,32],""dropout"":0.1,""kernel_size"":2,""weight_decay"":0.0001}",42117,400,12,7361169052bfe3cadd2368cd2ef02303aa4cc77ee8c797e07999b1f8a1146ed4,b4860670a6d31a3886d8b47a9de2a0cd076875a439a80eee28802b214ca9ca3f,9fa21e96643969d4eaee67813ebd6a585a3b32f898e4a48214608c4a2f3eb59b,f66f0702cd2af3d14cb93eea9ff18f36d2df935083344eb93d1e20db7a1a6a68,b2bdd728b334738463654ad9d97c6d4084726879a05cd64ed8b3609638304ed3,d428e315a0d44ced70e25cb6183a1693eabd86a6aa4a758a85235615bbd4d5ef,c32bf9e1bdef5c36e9e2b80af023ca0d0c7438ec31a755ce685f438ecbf7f152,True,35.6549438183248,8,work/gate_c1/checkpoints/inner/c32bf9e1bdef5c36e9e2b80af023ca0d0c7438ec31a755ce685f438ecbf7f152/manifest.json,ee413afe93cfb9ec344f377729d476e1b7481c09e8f2cacf8f79e89991452afa,metric_ascending_then_epoch,inner,,,2.971245050430298,108,2.832451599999331,0.0009230000432580709,2.9712453181937337,,,2945,1565.359375,65.14501953125,87c4025aac79d091af50b9805eca68776439fd9b7bbb8ff312ba8be0497a619d,False,5,12,8,c32bf9e1bdef5c36e9e2b80af023ca0d0c7438ec31a755ce685f438ecbf7f152,COMPLETED,5fb085a7d6aaae842da47721e88536622bae8844c47e6c83911d0314b5b9ed13
C03_causal_tcn,temporal_convolutional_network,rolling_origin_2022-05-17,rolling_origin_2022-05-17__inner_1_2021-07-13,12,4e38a9fe08dbc28d102f5e51668ed1a033c806002ad946d9f0f35ef04acff590,"{""channels"":[32,32],""dropout"":0.1,""kernel_size"":2,""weight_decay"":0.0001}",42118,400,12,7361169052bfe3cadd2368cd2ef02303aa4cc77ee8c797e07999b1f8a1146ed4,b4860670a6d31a3886d8b47a9de2a0cd076875a439a80eee28802b214ca9ca3f,9fa21e96643969d4eaee67813ebd6a585a3b32f898e4a48214608c4a2f3eb59b,f66f0702cd2af3d14cb93eea9ff18f36d2df935083344eb93d1e20db7a1a6a68,b2bdd728b334738463654ad9d97c6d4084726879a05cd64ed8b3609638304ed3,d428e315a0d44ced70e25cb6183a1693eabd86a6aa4a758a85235615bbd4d5ef,9fccdc900330c42ac837ea8b45601276c3c77241ff2f5d3a1fd21b2578c89094,True,36.62857345700547,6,work/gate_c1/checkpoints/inner/9fccdc900330c42ac837ea8b45601276c3c77241ff2f5d3a1fd21b2578c89094/manifest.json,5df994d2613cf3a7e9a38b48a10c41a5415d7605ade8cf71828fbf353f2d0573,metric_ascending_then_epoch,inner,,,3.0523812770843506,106,2.7054627999896184,0.0009417999535799026,3.0523811214171226,,,2945,1565.4296875,65.14501953125,7b97344627d8f1ecc54262369ba9c77ae103c42914d3afa61d9321d054c16de7,False,5,12,6,9fccdc900330c42ac837ea8b45601276c3c77241ff2f5d3a1fd21b2578c89094,COMPLETED,efafb035f373f24bc3ea2e65960b75eb63782b6eb15abc18226a16c8628c05ec
C03_causal_tcn,temporal_convolutional_network,rolling_origin_2022-05-17,rolling_origin_2022-05-17__inner_1_2021-07-13,12,4e38a9fe08dbc28d102f5e51668ed1a033c806002ad946d9f0f35ef04acff590,"{""channels"":[32,32],""dropout"":0.1,""kernel_size"":2,""weight_decay"":0.0001}",42119,400,12,7361169052bfe3cadd2368cd2ef02303aa4cc77ee8c797e07999b1f8a1146ed4,b4860670a6d31a3886d8b47a9de2a0cd076875a439a80eee28802b214ca9ca3f,9fa21e96643969d4eaee67813ebd6a585a3b32f898e4a48214608c4a2f3eb59b,f66f0702cd2af3d14cb93eea9ff18f36d2df935083344eb93d1e20db7a1a6a68,b2bdd728b334738463654ad9d97c6d4084726879a05cd64ed8b3609638304ed3,d428e315a0d44ced70e25cb6183a1693eabd86a6aa4a758a85235615bbd4d5ef,fad8f0d1805444f1ad71faef8350d2a4e00840f239ff518aaff53ac71e3379a8,True,49.70268936570751,59,work/gate_c1/checkpoints/inner/fad8f0d1805444f1ad71faef8350d2a4e00840f239ff518aaff53ac71e3379a8/manifest.json,35109f021108fd87f1f3127a8b26828c5373cf9498e801c3c2948013c033d33b,metric_ascending_then_epoch,inner,,,4.141890525817871,159,4.090178300044499,0.0012324999552220106,4.141890780475626,,,2945,1565.4453125,65.14501953125,21587e74c5df0f0dff9e1695a8962a4140979c54d62120fabdf12fd056a792c6,False,5,12,59,fad8f0d1805444f1ad71faef8350d2a4e00840f239ff518aaff53ac71e3379a8,COMPLETED,c4c9351d90b66026c4b6626035b114f559c1cf252855176e77a499e09aba77b1
C03_causal_tcn,temporal_convolutional_network,rolling_origin_2022-05-17,rolling_origin_2022-05-17__inner_1_2021-07-13,12,4e38a9fe08dbc28d102f5e51668ed1a033c806002ad946d9f0f35ef04acff590,"{""channels"":[32,32],""dropout"":0.1,""kernel_size"":2,""weight_decay"":0.0001}",42120,400,12,7361169052bfe3cadd2368cd2ef02303aa4cc77ee8c797e07999b1f8a1146ed4,b4860670a6d31a3886d8b47a9de2a0cd076875a439a80eee28802b214ca9ca3f,9fa21e96643969d4eaee67813ebd6a585a3b32f898e4a48214608c4a2f3eb59b,f66f0702cd2af3d14cb93eea9ff18f36d2df935083344eb93d1e20db7a1a6a68,b2bdd728b334738463654ad9d97c6d4084726879a05cd64ed8b3609638304ed3,d428e315a0d44ced70e25cb6183a1693eabd86a6aa4a758a85235615bbd4d5ef,0341498ed45b4d8915d7912afa66ffd858f717ad17ccd5dfe36ed54e1c826ba2,True,45.56884717142495,11,work/gate_c1/checkpoints/inner/0341498ed45b4d8915d7912afa66ffd858f717ad17ccd5dfe36ed54e1c826ba2/manifest.json,1d1c9ac9596c90483ade2edee069cdec1d207d5f82e76c7e1cf554e0ebb55362,metric_ascending_then_epoch,inner,,,3.7974040508270264,111,2.8723312000511214,0.0010810999665409327,3.797403930952079,,,2945,1565.4453125,65.14501953125,f64c3eb4ba7bca75ac372fbdefc26a80aaae2808cc7831e5f5ff097b4ef7a8fc,False,5,12,11,0341498ed45b4d8915d7912afa66ffd858f717ad17ccd5dfe36ed54e1c826ba2,COMPLETED,eea3a8278fe6ce2be0f1b84625cc01a6a98bea86d55ea4704aa666edd26f76ed
C03_causal_tcn,temporal_convolutional_network,rolling_origin_2022-05-17,rolling_origin_2022-05-17__inner_1_2021-07-13,12,4e38a9fe08dbc28d102f5e51668ed1a033c806002ad946d9f0f35ef04acff590,"{""channels"":[32,32],""dropout"":0.1,""kernel_size"":2,""weight_decay"":0.0001}",42121,400,12,7361169052bfe3cadd2368cd2ef02303aa4cc77ee8c797e07999b1f8a1146ed4,b4860670a6d31a3886d8b47a9de2a0cd076875a439a80eee28802b214ca9ca3f,9fa21e96643969d4eaee67813ebd6a585a3b32f898e4a48214608c4a2f3eb59b,f66f0702cd2af3d14cb93eea9ff18f36d2df935083344eb93d1e20db7a1a6a68,b2bdd728b334738463654ad9d97c6d4084726879a05cd64ed8b3609638304ed3,d428e315a0d44ced70e25cb6183a1693eabd86a6aa4a758a85235615bbd4d5ef,929a5122e4cdf59949c76cc7fd5c65b953d313bf9ea847e0ea7f28d4cb7e23d0,True,31.825428085820377,5,work/gate_c1/checkpoints/inner/929a5122e4cdf59949c76cc7fd5c65b953d313bf9ea847e0ea7f28d4cb7e23d0/manifest.json,81858b4b881c2eb2067472f3f88c017248a2206078da5f8a956dbbf5a18a7d53,metric_ascending_then_epoch,inner,,,2.6521191596984863,105,2.7009928999468684,0.0009958000155165792,2.6521190071516982,,,2945,1565.44921875,65.14501953125,c0d3a316169b4c89d4d744f63052c2203a8e19f5863e69d2974cbd2c80f02f38,False,5,12,5,929a5122e4cdf59949c76cc7fd5c65b953d313bf9ea847e0ea7f28d4cb7e23d0,COMPLETED,f426fd20cd55341791c89d1e0d9f1f5d6eea89aa1f27fd2465331a058cf26898
C03_causal_tcn,temporal_convolutional_network,rolling_origin_2022-05-17,rolling_origin_2022-05-17__inner_2_2021-11-02,12,4e38a9fe08dbc28d102f5e51668ed1a033c806002ad946d9f0f35ef04acff590,"{""channels"":[32,32],""dropout"":0.1,""kernel_size"":2,""weight_decay"":0.0001}",42117,412,91,010c62a504d18f06befdb638b6898ac83ed39ef7db251812d6aaedfd6ba961f9,4addff335526e77628b914bf83380de2c81030fb22994a739cb072c37c504f5d,7f05fb1c5e91cc3379f52fbf863cec9f54ac307f58aa857ffe585f6291b77a09,8a00835d13809d189a545d27b156834a3b8a30dce15741eee57ecbb851955632,36f84953e3a28962ea8d373098a8b9484d9e8539a87ca2cfd298364bf9a5b1c6,ccc0c75b3414027ea1b2b86a97407abd5011c87de895d7b1f0e3319cf4615b15,8c084a0e69acea477fe24a28f082dacc2518b12cbd155906d533f4f98c66933f,True,519.682974700902,33,work/gate_c1/checkpoints/inner/8c084a0e69acea477fe24a28f082dacc2518b12cbd155906d533f4f98c66933f/manifest.json,ef32012dd0e2b2abbb7ca674a2ac5d194b9c081b5b0853f378b52087ea416ae0,metric_ascending_then_epoch,inner,,,5.71080207824707,133,3.3812436000443995,0.0009457999840378761,5.710801919790132,,,2945,1566.640625,65.40087890625,1b891629ca52d683629dcaf4d6c2aedc378667f2d140229e46f6436013a85649,False,5,91,33,8c084a0e69acea477fe24a28f082dacc2518b12cbd155906d533f4f98c66933f,COMPLETED,fb6962ac5fd303b7b67117e268845a0e5949d14f381e451781fc94f1623e7bd7
C03_causal_tcn,temporal_convolutional_network,rolling_origin_2022-05-17,rolling_origin_2022-05-17__inner_2_2021-11-02,12,4e38a9fe08dbc28d102f5e51668ed1a033c806002ad946d9f0f35ef04acff590,"{""channels"":[32,32],""dropout"":0.1,""kernel_size"":2,""weight_decay"":0.0001}",42118,412,91,010c62a504d18f06befdb638b6898ac83ed39ef7db251812d6aaedfd6ba961f9,4addff335526e77628b914bf83380de2c81030fb22994a739cb072c37c504f5d,7f05fb1c5e91cc3379f52fbf863cec9f54ac307f58aa857ffe585f6291b77a09,8a00835d13809d189a545d27b156834a3b8a30dce15741eee57ecbb851955632,36f84953e3a28962ea8d373098a8b9484d9e8539a87ca2cfd298364bf9a5b1c6,ccc0c75b3414027ea1b2b86a97407abd5011c87de895d7b1f0e3319cf4615b15,7bad28e2181924ba0a055fffefc721eac8594fef0e3c51890e9748ab54a069cf,True,573.3872441316157,15,work/gate_c1/checkpoints/inner/7bad28e2181924ba0a055fffefc721eac8594fef0e3c51890e9748ab54a069cf/manifest.json,ddf21ae6ef04e48387a5974a2868431161691c51d53bf919b64e8290fea0be5f,metric_ascending_then_epoch,inner,,,6.30095911026001,115,2.9508790000109,0.0009252000600099564,6.300958726721052,,,2945,1566.609375,65.40087890625,e90c4e1545c41f12ce4b39b9be88ef20324d7eb217b1ac5f7d3874b6b424b9aa,False,5,91,15,7bad28e2181924ba0a055fffefc721eac8594fef0e3c51890e9748ab54a069cf,COMPLETED,b6ba2ac017d532319431e47619130a3d94842be0406ffb3ee96c6c747278048d
C03_causal_tcn,temporal_convolutional_network,rolling_origin_2022-05-17,rolling_origin_2022-05-17__inner_2_2021-11-02,12,4e38a9fe08dbc28d102f5e51668ed1a033c806002ad946d9f0f35ef04acff590,"{""channels"":[32,32],""dropout"":0.1,""kernel_size"":2,""weight_decay"":0.0001}",42119,412,91,010c62a504d18f06befdb638b6898ac83ed39ef7db251812d6aaedfd6ba961f9,4addff335526e77628b914bf83380de2c81030fb22994a739cb072c37c504f5d,7f05fb1c5e91cc3379f52fbf863cec9f54ac307f58aa857ffe585f6291b77a09,8a00835d13809d189a545d27b156834a3b8a30dce15741eee57ecbb851955632,36f84953e3a28962ea8d373098a8b9484d9e8539a87ca2cfd298364bf9a5b1c6,ccc0c75b3414027ea1b2b86a97407abd5011c87de895d7b1f0e3319cf4615b15,bdbf863d4eefafa4ab5e96147a163c952f8298b20f076a8d06c175af537dcb6c,True,543.0272480031692,21,work/gate_c1/checkpoints/inner/bdbf863d4eefafa4ab5e96147a163c952f8298b20f076a8d06c175af537dcb6c/manifest.json,5b9a53dd12fa9b9653e228617fea112b123af6e7530b058494c37d62b88995a8,metric_ascending_then_epoch,inner,,,5.967332363128662,121,3.14996179996524,0.0009636000031605363,5.967332395639223,,,2945,1566.640625,65.40087890625,40a4a90336a489a5a1cc302404fb50b11bb38708dff6e2f5b8cf5183dc804d34,False,5,91,21,bdbf863d4eefafa4ab5e96147a163c952f8298b20f076a8d06c175af537dcb6c,COMPLETED,3bd4d8cc7e08e6084c876274b78ec6b22d374090950bcaddc3390dd9e3cf98b6
C03_causal_tcn,temporal_convolutional_network,rolling_origin_2022-05-17,rolling_origin_2022-05-17__inner_2_2021-11-02,12,4e38a9fe08dbc28d102f5e51668ed1a033c806002ad946d9f0f35ef04acff590,"{""channels"":[32,32],""dropout"":0.1,""kernel_size"":2,""weight_decay"":0.0001}",42120,412,91,010c62a504d18f06befdb638b6898ac83ed39ef7db251812d6aaedfd6ba961f9,4addff335526e77628b914bf83380de2c81030fb22994a739cb072c37c504f5d,7f05fb1c5e91cc3379f52fbf863cec9f54ac307f58aa857ffe585f6291b77a09,8a00835d13809d189a545d27b156834a3b8a30dce15741eee57ecbb851955632,36f84953e3a28962ea8d373098a8b9484d9e8539a87ca2cfd298364bf9a5b1c6,ccc0c75b3414027ea1b2b86a97407abd5011c87de895d7b1f0e3319cf4615b15,7ae0c80248d4ad608199502a32f7229e79b51a565c5790ac6307707f7d39c3c5,True,555.58519260835,13,work/gate_c1/checkpoints/inner/7ae0c80248d4ad608199502a32f7229e79b51a565c5790ac6307707f7d39c3c5/manifest.json,1ca2621addcc7bc851bac6941373fcb5cd2838b2ea91ded9fbfd52883914c35c,metric_ascending_then_epoch,inner,,,6.105331897735596,113,3.003994799917564,0.0009495000122115016,6.105331786904945,,,2945,1566.578125,65.40087890625,1aec8e4a7526b2307b109da858964e84ed4f744469a335bbf19b78da2d9adb96,False,5,91,13,7ae0c80248d4ad608199502a32f7229e79b51a565c5790ac6307707f7d39c3c5,COMPLETED,13832ae4edf4da159e19bdea054e9113beb27836b1b9a0f4e5a9637619d13900
C03_causal_tcn,temporal_convolutional_network,rolling_origin_2022-05-17,rolling_origin_2022-05-17__inner_2_2021-11-02,12,4e38a9fe08dbc28d102f5e51668ed1a033c806002ad946d9f0f35ef04acff590,"{""channels"":[32,32],""dropout"":0.1,""kernel_size"":2,""weight_decay"":0.0001}",42121,412,91,010c62a504d18f06befdb638b6898ac83ed39ef7db251812d6aaedfd6ba961f9,4addff335526e77628b914bf83380de2c81030fb22994a739cb072c37c504f5d,7f05fb1c5e91cc3379f52fbf863cec9f54ac307f58aa857ffe585f6291b77a09,8a00835d13809d189a545d27b156834a3b8a30dce15741eee57ecbb851955632,36f84953e3a28962ea8d373098a8b9484d9e8539a87ca2cfd298364bf9a5b1c6,ccc0c75b3414027ea1b2b86a97407abd5011c87de895d7b1f0e3319cf4615b15,235311df857b97b888c323ff1f72340448b288ae1dede01c1d076cc22a272496,True,508.82442473564936,22,work/gate_c1/checkpoints/inner/235311df857b97b888c323ff1f72340448b288ae1dede01c1d076cc22a272496/manifest.json,45a0dbee3d4bb2ae39d702527517a0f6620b7bf0991d0849b913278d105e4722,metric_ascending_then_epoch,inner,,,5.591477394104004,122,3.1972167999483645,0.0009822999127209187,5.591477194897245,,,2945,1566.65234375,65.40087890625,61d0fd80d7712ba28727f3db85b9a840d9c8d941659ba90d179afff0f91a3623,False,5,91,22,235311df857b97b888c323ff1f72340448b288ae1dede01c1d076cc22a272496,COMPLETED,327c30befedb5f304b1b0051684021a5a06f7a8274d980018ab51c001c62ea80
C03_causal_tcn,temporal_convolutional_network,rolling_origin_2022-05-17,rolling_origin_2022-05-17__inner_3_2022-03-01,12,4e38a9fe08dbc28d102f5e51668ed1a033c806002ad946d9f0f35ef04acff590,"{""channels"":[32,32],""dropout"":0.1,""kernel_size"":2,""weight_decay"":0.0001}",42117,503,14,39aa646abc71af790b5651b8d371ac3c5da9fc850975ea1f0e8eec1efe1ac7db,9400eab919178645d0c73e6bb3aa0c337b1fad589dd35096e9a2f2224f92f670,27b9d01554473ba0d7d5e204594bbe3764c21dd3a9ac94c3b6ba29d175b53e9c,baa127dc377d14a943bf7c5e7dc2bc49cb4fbb6b4bfc7fa7e4552964e94e8504,e86643bea02486a38d5b4d4b4c1e2929c4f5105d99aa1faa3b7b234c0750b1ba,9c550f8d59add4345a65b64acb3a283518f28cff2d54771a03c2797412edb43c,05fd0e3aa6b3171da957a7567fca63c074bda12ca6d6043951b96230e478a079,False,100.00488538550808,355,work/gate_c1/checkpoints/inner/05fd0e3aa6b3171da957a7567fca63c074bda12ca6d6043951b96230e478a079/manifest.json,94f95d907f0917ca612a717b3e1564559479e7c9d5f2a10b05e969f58b7cbc11,metric_ascending_then_epoch,inner,,,7.143206596374512,455,13.97573469998315,0.0009806000161916018,7.143206098964862,,,2945,1566.3671875,65.21630859375,47e7861c1c6a9f1bef8617591db1c219c483a0829c17fb33267e8209cc26bfc2,False,5,14,355,05fd0e3aa6b3171da957a7567fca63c074bda12ca6d6043951b96230e478a079,COMPLETED,8db9e8cf8dbd267239b9c785b251283bd1c3ed96e65686a88a06458364958572
C03_causal_tcn,temporal_convolutional_network,rolling_origin_2022-05-17,rolling_origin_2022-05-17__inner_3_2022-03-01,12,4e38a9fe08dbc28d102f5e51668ed1a033c806002ad946d9f0f35ef04acff590,"{""channels"":[32,32],""dropout"":0.1,""kernel_size"":2,""weight_decay"":0.0001}",42118,503,14,39aa646abc71af790b5651b8d371ac3c5da9fc850975ea1f0e8eec1efe1ac7db,9400eab919178645d0c73e6bb3aa0c337b1fad589dd35096e9a2f2224f92f670,27b9d01554473ba0d7d5e204594bbe3764c21dd3a9ac94c3b6ba29d175b53e9c,baa127dc377d14a943bf7c5e7dc2bc49cb4fbb6b4bfc7fa7e4552964e94e8504,e86643bea02486a38d5b4d4b4c1e2929c4f5105d99aa1faa3b7b234c0750b1ba,9c550f8d59add4345a65b64acb3a283518f28cff2d54771a03c2797412edb43c,3a7d688ef44e7fdd0dfb0d8c487da6aad4c20cbdce9324700c9cf24a4393ccf7,False,76.92840982579933,400,work/gate_c1/checkpoints/inner/3a7d688ef44e7fdd0dfb0d8c487da6aad4c20cbdce9324700c9cf24a4393ccf7/manifest.json,f041bcfa1e5abbfd39d46eaa685189446e5271cb0d73f468b0db1726d6cf280f,metric_ascending_then_epoch,inner,,,5.49488639831543,500,15.664885800099,0.0009255000622943044,5.494886416128524,,,2945,1566.43359375,65.21630859375,95a7fc32d19608d4f431a4bf7105755559366b0f42fff40ff9633c1dfba11c69,False,5,14,400,3a7d688ef44e7fdd0dfb0d8c487da6aad4c20cbdce9324700c9cf24a4393ccf7,COMPLETED,2e1ba8b9dd93632e9761a344d42875c1373f68e7b8aade6e9951a843bdb4068c
C03_causal_tcn,temporal_convolutional_network,rolling_origin_2022-05-17,rolling_origin_2022-05-17__inner_3_2022-03-01,12,4e38a9fe08dbc28d102f5e51668ed1a033c806002ad946d9f0f35ef04acff590,"{""channels"":[32,32],""dropout"":0.1,""kernel_size"":2,""weight_decay"":0.0001}",42119,503,14,39aa646abc71af790b5651b8d371ac3c5da9fc850975ea1f0e8eec1efe1ac7db,9400eab919178645d0c73e6bb3aa0c337b1fad589dd35096e9a2f2224f92f670,27b9d01554473ba0d7d5e204594bbe3764c21dd3a9ac94c3b6ba29d175b53e9c,baa127dc377d14a943bf7c5e7dc2bc49cb4fbb6b4bfc7fa7e4552964e94e8504,e86643bea02486a38d5b4d4b4c1e2929c4f5105d99aa1faa3b7b234c0750b1ba,9c550f8d59add4345a65b64acb3a283518f28cff2d54771a03c2797412edb43c,37aa8529b60f7e99bc91ae94e8a9bf5f405168a616a0bc1ba49016b64725ba75,False,123.58504005829376,4,work/gate_c1/checkpoints/inner/37aa8529b60f7e99bc91ae94e8a9bf5f405168a616a0bc1ba49016b64725ba75/manifest.json,4e26a07a78122c6e46e159ff7310ca0b4a4be22954d20d6143a9c3960c7a939c,metric_ascending_then_epoch,inner,,,8.827503204345703,104,3.3160976000363007,0.0008702999912202358,8.827502861306696,,,2945,1566.43359375,65.21630859375,0f485a70da287f8c62b920b52104748d46d2a263c5b4c8ab27c9cd90a7150962,False,5,14,4,37aa8529b60f7e99bc91ae94e8a9bf5f405168a616a0bc1ba49016b64725ba75,COMPLETED,c0a184954fa40c21ec36d5830cf7dfd84bf8b94b55fd23d35ff888c044e47039
C03_causal_tcn,temporal_convolutional_network,rolling_origin_2022-05-17,rolling_origin_2022-05-17__inner_3_2022-03-01,12,4e38a9fe08dbc28d102f5e51668ed1a033c806002ad946d9f0f35ef04acff590,"{""channels"":[32,32],""dropout"":0.1,""kernel_size"":2,""weight_decay"":0.0001}",42120,503,14,39aa646abc71af790b5651b8d371ac3c5da9fc850975ea1f0e8eec1efe1ac7db,9400eab919178645d0c73e6bb3aa0c337b1fad589dd35096e9a2f2224f92f670,27b9d01554473ba0d7d5e204594bbe3764c21dd3a9ac94c3b6ba29d175b53e9c,baa127dc377d14a943bf7c5e7dc2bc49cb4fbb6b4bfc7fa7e4552964e94e8504,e86643bea02486a38d5b4d4b4c1e2929c4f5105d99aa1faa3b7b234c0750b1ba,9c550f8d59add4345a65b64acb3a283518f28cff2d54771a03c2797412edb43c,8d3870d1f26d23a508e966c09dc6d741b0472a945d46004df99162bef8b47b8b,False,121.36721213890884,26,work/gate_c1/checkpoints/inner/8d3870d1f26d23a508e966c09dc6d741b0472a945d46004df99162bef8b47b8b/manifest.json,038cf15bff1aedb991206167260b86050765f279a4e5bb1f24c2fe4e1e5f5b9d,metric_ascending_then_epoch,inner,,,8.669087409973145,126,4.107193400035612,0.0009791000047698617,8.669086581350632,,,2945,1566.43359375,65.21630859375,a2301fa797677375180c154dc645bfb555b7646c362d1287aeefb3095ab68c5d,False,5,14,26,8d3870d1f26d23a508e966c09dc6d741b0472a945d46004df99162bef8b47b8b,COMPLETED,3d9a36cc6a5ddcac5bc47aaec4fa1c0e68f753361bd3346ec4b98289fef5c54f
C03_causal_tcn,temporal_convolutional_network,rolling_origin_2022-05-17,rolling_origin_2022-05-17__inner_3_2022-03-01,12,4e38a9fe08dbc28d102f5e51668ed1a033c806002ad946d9f0f35ef04acff590,"{""channels"":[32,32],""dropout"":0.1,""kernel_size"":2,""weight_decay"":0.0001}",42121,503,14,39aa646abc71af790b5651b8d371ac3c5da9fc850975ea1f0e8eec1efe1ac7db,9400eab919178645d0c73e6bb3aa0c337b1fad589dd35096e9a2f2224f92f670,27b9d01554473ba0d7d5e204594bbe3764c21dd3a9ac94c3b6ba29d175b53e9c,baa127dc377d14a943bf7c5e7dc2bc49cb4fbb6b4bfc7fa7e4552964e94e8504,e86643bea02486a38d5b4d4b4c1e2929c4f5105d99aa1faa3b7b234c0750b1ba,9c550f8d59add4345a65b64acb3a283518f28cff2d54771a03c2797412edb43c,4affed4ee55b3ca38089c3795eb2e4734391eed7ffec42753828ed5eda924297,False,97.75557010818608,491,work/gate_c1/checkpoints/inner/4affed4ee55b3ca38089c3795eb2e4734391eed7ffec42753828ed5eda924297/manifest.json,ebbbb64988820c1afd8eda3403b338124b610c526a360946761b0f07f5f1f8b9,metric_ascending_then_epoch,inner,,,6.982540607452393,591,18.550706100068055,0.0009643000084906816,6.982540722013291,,,2945,1566.43359375,65.21630859375,1652b81c57b79bf65759169f7a54c75caedddebc3b5e2f0c9fed4b061ffd2b55,False,5,14,491,4affed4ee55b3ca38089c3795eb2e4734391eed7ffec42753828ed5eda924297,COMPLETED,0ac15db09f71c5e6f95f94a1c4f40a310238d69699a4371b12b6e99162946b0d
C03_causal_tcn,temporal_convolutional_network,rolling_origin_2022-05-17,rolling_origin_2022-05-17__inner_1_2021-07-13,13,bd3a9033698ba7d4b2d4e15848560c0b4d3504bf42de3c6ad9293504f3fe2cba,"{""channels"":[32,32],""dropout"":0.1,""kernel_size"":2,""weight_decay"":0.01}",42117,400,12,7361169052bfe3cadd2368cd2ef02303aa4cc77ee8c797e07999b1f8a1146ed4,b4860670a6d31a3886d8b47a9de2a0cd076875a439a80eee28802b214ca9ca3f,9fa21e96643969d4eaee67813ebd6a585a3b32f898e4a48214608c4a2f3eb59b,f66f0702cd2af3d14cb93eea9ff18f36d2df935083344eb93d1e20db7a1a6a68,b2bdd728b334738463654ad9d97c6d4084726879a05cd64ed8b3609638304ed3,d428e315a0d44ced70e25cb6183a1693eabd86a6aa4a758a85235615bbd4d5ef,ec56550d986ca8103d0bdc4a54943b0ce65830fd28d9f49309b6a0738ca92762,True,35.67736825430841,8,work/gate_c1/checkpoints/inner/ec56550d986ca8103d0bdc4a54943b0ce65830fd28d9f49309b6a0738ca92762/manifest.json,b268b049b4da7a13665262632a5e0a721dcb6ac796ab6501a195abc2a4315299,metric_ascending_then_epoch,inner,,,2.973114252090454,108,2.7558653000742197,0.0009284000843763351,2.9731140211923677,,,2945,1565.578125,65.14501953125,87c4025aac79d091af50b9805eca68776439fd9b7bbb8ff312ba8be0497a619d,False,5,12,8,ec56550d986ca8103d0bdc4a54943b0ce65830fd28d9f49309b6a0738ca92762,COMPLETED,5fb085a7d6aaae842da47721e88536622bae8844c47e6c83911d0314b5b9ed13
C03_causal_tcn,temporal_convolutional_network,rolling_origin_2022-05-17,rolling_origin_2022-05-17__inner_1_2021-07-13,13,bd3a9033698ba7d4b2d4e15848560c0b4d3504bf42de3c6ad9293504f3fe2cba,"{""channels"":[32,32],""dropout"":0.1,""kernel_size"":2,""weight_decay"":0.01}",42118,400,12,7361169052bfe3cadd2368cd2ef02303aa4cc77ee8c797e07999b1f8a1146ed4,b4860670a6d31a3886d8b47a9de2a0cd076875a439a80eee28802b214ca9ca3f,9fa21e96643969d4eaee67813ebd6a585a3b32f898e4a48214608c4a2f3eb59b,f66f0702cd2af3d14cb93eea9ff18f36d2df935083344eb93d1e20db7a1a6a68,b2bdd728b334738463654ad9d97c6d4084726879a05cd64ed8b3609638304ed3,d428e315a0d44ced70e25cb6183a1693eabd86a6aa4a758a85235615bbd4d5ef,caccab6dc3d328001af46b77f8c66602c55bd2c9c645e8ac6d6259ba24b5c191,True,36.64346460965238,6,work/gate_c1/checkpoints/inner/caccab6dc3d328001af46b77f8c66602c55bd2c9c645e8ac6d6259ba24b5c191/manifest.json,f88da809a0d2a7b29ffffaab6fb1518f319c90281530aa766a2df26f9e0662b3,metric_ascending_then_epoch,inner,,,3.053622007369995,106,2.7875195000087842,0.0011320000048726797,3.0536220508043654,,,2945,1565.58984375,65.14501953125,7b97344627d8f1ecc54262369ba9c77ae103c42914d3afa61d9321d054c16de7,False,5,12,6,caccab6dc3d328001af46b77f8c66602c55bd2c9c645e8ac6d6259ba24b5c191,COMPLETED,efafb035f373f24bc3ea2e65960b75eb63782b6eb15abc18226a16c8628c05ec
C03_causal_tcn,temporal_convolutional_network,rolling_origin_2022-05-17,rolling_origin_2022-05-17__inner_1_2021-07-13,13,bd3a9033698ba7d4b2d4e15848560c0b4d3504bf42de3c6ad9293504f3fe2cba,"{""channels"":[32,32],""dropout"":0.1,""kernel_size"":2,""weight_decay"":0.01}",42119,400,12,7361169052bfe3cadd2368cd2ef02303aa4cc77ee8c797e07999b1f8a1146ed4,b4860670a6d31a3886d8b47a9de2a0cd076875a439a80eee28802b214ca9ca3f,9fa21e96643969d4eaee67813ebd6a585a3b32f898e4a48214608c4a2f3eb59b,f66f0702cd2af3d14cb93eea9ff18f36d2df935083344eb93d1e20db7a1a6a68,b2bdd728b334738463654ad9d97c6d4084726879a05cd64ed8b3609638304ed3,d428e315a0d44ced70e25cb6183a1693eabd86a6aa4a758a85235615bbd4d5ef,fbbae2d65863189ee41756855b9ea26971581fb1c18d64746685707f3e756953,True,50.45444297985246,59,work/gate_c1/checkpoints/inner/fbbae2d65863189ee41756855b9ea26971581fb1c18d64746685707f3e756953/manifest.json,39383034e2d65afb132a6c55d54b7eaf827b901e24c373cb987641b0bffe9bb7,metric_ascending_then_epoch,inner,,,4.2045369148254395,159,4.04636090004351,0.001526299980469048,4.204536914987705,,,2945,1565.62890625,65.14501953125,21587e74c5df0f0dff9e1695a8962a4140979c54d62120fabdf12fd056a792c6,False,5,12,59,fbbae2d65863189ee41756855b9ea26971581fb1c18d64746685707f3e756953,COMPLETED,c4c9351d90b66026c4b6626035b114f559c1cf252855176e77a499e09aba77b1
C03_causal_tcn,temporal_convolutional_network,rolling_origin_2022-05-17,rolling_origin_2022-05-17__inner_1_2021-07-13,13,bd3a9033698ba7d4b2d4e15848560c0b4d3504bf42de3c6ad9293504f3fe2cba,"{""channels"":[32,32],""dropout"":0.1,""kernel_size"":2,""weight_decay"":0.01}",42120,400,12,7361169052bfe3cadd2368cd2ef02303aa4cc77ee8c797e07999b1f8a1146ed4,b4860670a6d31a3886d8b47a9de2a0cd076875a439a80eee28802b214ca9ca3f,9fa21e96643969d4eaee67813ebd6a585a3b32f898e4a48214608c4a2f3eb59b,f66f0702cd2af3d14cb93eea9ff18f36d2df935083344eb93d1e20db7a1a6a68,b2bdd728b334738463654ad9d97c6d4084726879a05cd64ed8b3609638304ed3,d428e315a0d44ced70e25cb6183a1693eabd86a6aa4a758a85235615bbd4d5ef,8be0ddb0fe49cc5a1095480dbb4d9b3781717b1f9bac83bb02fd9c6ccb573875,True,45.542207648750775,11,work/gate_c1/checkpoints/inner/8be0ddb0fe49cc5a1095480dbb4d9b3781717b1f9bac83bb02fd9c6ccb573875/manifest.json,4179020d5ff6b90c58e9ed208a423dab45136c97e63350633afa001bb90fb6ed,metric_ascending_then_epoch,inner,,,3.7951838970184326,111,2.856408999999985,0.001858099945820868,3.7951839707292314,,,2945,1565.6328125,65.14501953125,f64c3eb4ba7bca75ac372fbdefc26a80aaae2808cc7831e5f5ff097b4ef7a8fc,False,5,12,11,8be0ddb0fe49cc5a1095480dbb4d9b3781717b1f9bac83bb02fd9c6ccb573875,COMPLETED,eea3a8278fe6ce2be0f1b84625cc01a6a98bea86d55ea4704aa666edd26f76ed
C03_causal_tcn,temporal_convolutional_network,rolling_origin_2022-05-17,rolling_origin_2022-05-17__inner_1_2021-07-13,13,bd3a9033698ba7d4b2d4e15848560c0b4d3504bf42de3c6ad9293504f3fe2cba,"{""channels"":[32,32],""dropout"":0.1,""kernel_size"":2,""weight_decay"":0.01}",42121,400,12,7361169052bfe3cadd2368cd2ef02303aa4cc77ee8c797e07999b1f8a1146ed4,b4860670a6d31a3886d8b47a9de2a0cd076875a439a80eee28802b214ca9ca3f,9fa21e96643969d4eaee67813ebd6a585a3b32f898e4a48214608c4a2f3eb59b,f66f0702cd2af3d14cb93eea9ff18f36d2df935083344eb93d1e20db7a1a6a68,b2bdd728b334738463654ad9d97c6d4084726879a05cd64ed8b3609638304ed3,d428e315a0d44ced70e25cb6183a1693eabd86a6aa4a758a85235615bbd4d5ef,2457c6af50bb48f58be8bf6f6fc31cf9b92742d50b1916baad84e300fbc18983,True,31.81967906277223,5,work/gate_c1/checkpoints/inner/2457c6af50bb48f58be8bf6f6fc31cf9b92742d50b1916baad84e300fbc18983/manifest.json,fc1ce1393d07711f8276e4b8331923617ee63667a6efc74669a391210dc7cb3b,metric_ascending_then_epoch,inner,,,2.6516401767730713,105,2.723374899942428,0.0009490998927503824,2.651639921897686,,,2945,1565.63671875,65.14501953125,c0d3a316169b4c89d4d744f63052c2203a8e19f5863e69d2974cbd2c80f02f38,False,5,12,5,2457c6af50bb48f58be8bf6f6fc31cf9b92742d50b1916baad84e300fbc18983,COMPLETED,f426fd20cd55341791c89d1e0d9f1f5d6eea89aa1f27fd2465331a058cf26898
C03_causal_tcn,temporal_convolutional_network,rolling_origin_2022-05-17,rolling_origin_2022-05-17__inner_2_2021-11-02,13,bd3a9033698ba7d4b2d4e15848560c0b4d3504bf42de3c6ad9293504f3fe2cba,"{""channels"":[32,32],""dropout"":0.1,""kernel_size"":2,""weight_decay"":0.01}",42117,412,91,010c62a504d18f06befdb638b6898ac83ed39ef7db251812d6aaedfd6ba961f9,4addff335526e77628b914bf83380de2c81030fb22994a739cb072c37c504f5d,7f05fb1c5e91cc3379f52fbf863cec9f54ac307f58aa857ffe585f6291b77a09,8a00835d13809d189a545d27b156834a3b8a30dce15741eee57ecbb851955632,36f84953e3a28962ea8d373098a8b9484d9e8539a87ca2cfd298364bf9a5b1c6,ccc0c75b3414027ea1b2b86a97407abd5011c87de895d7b1f0e3319cf4615b15,cd9abaca4e15b4059276714f005b216bf345240fb7c569d48eaedc2dddb95983,True,519.9512518524089,33,work/gate_c1/checkpoints/inner/cd9abaca4e15b4059276714f005b216bf345240fb7c569d48eaedc2dddb95983/manifest.json,37908b55b79d638705a50bc796efdf301f709de00b16e7992c19d531c00c130e,metric_ascending_then_epoch,inner,,,5.713749885559082,133,3.3874815000453964,0.001124100061133504,5.713750020356141,,,2945,1566.59765625,65.40087890625,1b891629ca52d683629dcaf4d6c2aedc378667f2d140229e46f6436013a85649,False,5,91,33,cd9abaca4e15b4059276714f005b216bf345240fb7c569d48eaedc2dddb95983,COMPLETED,fb6962ac5fd303b7b67117e268845a0e5949d14f381e451781fc94f1623e7bd7
C03_causal_tcn,temporal_convolutional_network,rolling_origin_2022-05-17,rolling_origin_2022-05-17__inner_2_2021-11-02,13,bd3a9033698ba7d4b2d4e15848560c0b4d3504bf42de3c6ad9293504f3fe2cba,"{""channels"":[32,32],""dropout"":0.1,""kernel_size"":2,""weight_decay"":0.01}",42118,412,91,010c62a504d18f06befdb638b6898ac83ed39ef7db251812d6aaedfd6ba961f9,4addff335526e77628b914bf83380de2c81030fb22994a739cb072c37c504f5d,7f05fb1c5e91cc3379f52fbf863cec9f54ac307f58aa857ffe585f6291b77a09,8a00835d13809d189a545d27b156834a3b8a30dce15741eee57ecbb851955632,36f84953e3a28962ea8d373098a8b9484d9e8539a87ca2cfd298364bf9a5b1c6,ccc0c75b3414027ea1b2b86a97407abd5011c87de895d7b1f0e3319cf4615b15,07a43bab6a801a676640320532432d5907ff2a8a5abe93c4297f2e0eaed3e8f6,True,573.5165826310913,15,work/gate_c1/checkpoints/inner/07a43bab6a801a676640320532432d5907ff2a8a5abe93c4297f2e0eaed3e8f6/manifest.json,64b5dccd13cfa83db37ed5d962e2ee915faace60c1332638d4a91cdba44f0765,metric_ascending_then_epoch,inner,,,6.302379608154297,115,3.0031099000480026,0.0011195000261068344,6.302380028913091,,,2945,1566.69921875,65.40087890625,e90c4e1545c41f12ce4b39b9be88ef20324d7eb217b1ac5f7d3874b6b424b9aa,False,5,91,15,07a43bab6a801a676640320532432d5907ff2a8a5abe93c4297f2e0eaed3e8f6,COMPLETED,b6ba2ac017d532319431e47619130a3d94842be0406ffb3ee96c6c747278048d
C03_causal_tcn,temporal_convolutional_network,rolling_origin_2022-05-17,rolling_origin_2022-05-17__inner_2_2021-11-02,13,bd3a9033698ba7d4b2d4e15848560c0b4d3504bf42de3c6ad9293504f3fe2cba,"{""channels"":[32,32],""dropout"":0.1,""kernel_size"":2,""weight_decay"":0.01}",42119,412,91,010c62a504d18f06befdb638b6898ac83ed39ef7db251812d6aaedfd6ba961f9,4addff335526e77628b914bf83380de2c81030fb22994a739cb072c37c504f5d,7f05fb1c5e91cc3379f52fbf863cec9f54ac307f58aa857ffe585f6291b77a09,8a00835d13809d189a545d27b156834a3b8a30dce15741eee57ecbb851955632,36f84953e3a28962ea8d373098a8b9484d9e8539a87ca2cfd298364bf9a5b1c6,ccc0c75b3414027ea1b2b86a97407abd5011c87de895d7b1f0e3319cf4615b15,33e61b54ac33a7c4f93ebd5b9fc09f76c809b6dc5bda94a99c9145f1694c7b9e,True,543.5292640159164,21,work/gate_c1/checkpoints/inner/33e61b54ac33a7c4f93ebd5b9fc09f76c809b6dc5bda94a99c9145f1694c7b9e/manifest.json,0731a618c51d8596bd0f3b997315117873dbce8c54d36cf10df472204aac669d,metric_ascending_then_epoch,inner,,,5.972848892211914,121,3.133096499950625,0.0010019999463111162,5.97284905511996,,,2945,1566.734375,65.40087890625,40a4a90336a489a5a1cc302404fb50b11bb38708dff6e2f5b8cf5183dc804d34,False,5,91,21,33e61b54ac33a7c4f93ebd5b9fc09f76c809b6dc5bda94a99c9145f1694c7b9e,COMPLETED,3bd4d8cc7e08e6084c876274b78ec6b22d374090950bcaddc3390dd9e3cf98b6
C03_causal_tcn,temporal_convolutional_network,rolling_origin_2022-05-17,rolling_origin_2022-05-17__inner_2_2021-11-02,13,bd3a9033698ba7d4b2d4e15848560c0b4d3504bf42de3c6ad9293504f3fe2cba,"{""channels"":[32,32],""dropout"":0.1,""kernel_size"":2,""weight_decay"":0.01}",42120,412,91,010c62a504d18f06befdb638b6898ac83ed39ef7db251812d6aaedfd6ba961f9,4addff335526e77628b914bf83380de2c81030fb22994a739cb072c37c504f5d,7f05fb1c5e91cc3379f52fbf863cec9f54ac307f58aa857ffe585f6291b77a09,8a00835d13809d189a545d27b156834a3b8a30dce15741eee57ecbb851955632,36f84953e3a28962ea8d373098a8b9484d9e8539a87ca2cfd298364bf9a5b1c6,ccc0c75b3414027ea1b2b86a97407abd5011c87de895d7b1f0e3319cf4615b15,b750d365747c8c1b0ee361644ff25506b2f5c5ef001b5cc5fad47da79e1bf80a,True,555.3859681829863,13,work/gate_c1/checkpoints/inner/b750d365747c8c1b0ee361644ff25506b2f5c5ef001b5cc5fad47da79e1bf80a/manifest.json,e15b79fedc3bbf25791c8e4101a76ab7a6500e84db1cc162b8d72c5671291df3,metric_ascending_then_epoch,inner,,,6.103142738342285,113,2.8901421999325976,0.0012122999178245664,6.103142507505344,,,2945,1566.73828125,65.40087890625,1aec8e4a7526b2307b109da858964e84ed4f744469a335bbf19b78da2d9adb96,False,5,91,13,b750d365747c8c1b0ee361644ff25506b2f5c5ef001b5cc5fad47da79e1bf80a,COMPLETED,13832ae4edf4da159e19bdea054e9113beb27836b1b9a0f4e5a9637619d13900
C03_causal_tcn,temporal_convolutional_network,rolling_origin_2022-05-17,rolling_origin_2022-05-17__inner_2_2021-11-02,13,bd3a9033698ba7d4b2d4e15848560c0b4d3504bf42de3c6ad9293504f3fe2cba,"{""channels"":[32,32],""dropout"":0.1,""kernel_size"":2,""weight_decay"":0.01}",42121,412,91,010c62a504d18f06befdb638b6898ac83ed39ef7db251812d6aaedfd6ba961f9,4addff335526e77628b914bf83380de2c81030fb22994a739cb072c37c504f5d,7f05fb1c5e91cc3379f52fbf863cec9f54ac307f58aa857ffe585f6291b77a09,8a00835d13809d189a545d27b156834a3b8a30dce15741eee57ecbb851955632,36f84953e3a28962ea8d373098a8b9484d9e8539a87ca2cfd298364bf9a5b1c6,ccc0c75b3414027ea1b2b86a97407abd5011c87de895d7b1f0e3319cf4615b15,6d45ac71f37e609b34cecca7c350f92eb9dc15fc73002babf8aaf4426202cd1c,True,509.54779007628105,22,work/gate_c1/checkpoints/inner/6d45ac71f37e609b34cecca7c350f92eb9dc15fc73002babf8aaf4426202cd1c/manifest.json,d5fce47a49f27fc00e5bb444e577abb8be2c442ab48cb185824bfb9b8990c1a7,metric_ascending_then_epoch,inner,,,5.59942626953125,122,3.183501399937086,0.0013262999709695578,5.599426264574517,,,2945,1566.7578125,65.40087890625,61d0fd80d7712ba28727f3db85b9a840d9c8d941659ba90d179afff0f91a3623,False,5,91,22,6d45ac71f37e609b34cecca7c350f92eb9dc15fc73002babf8aaf4426202cd1c,COMPLETED,327c30befedb5f304b1b0051684021a5a06f7a8274d980018ab51c001c62ea80
C03_causal_tcn,temporal_convolutional_network,rolling_origin_2022-05-17,rolling_origin_2022-05-17__inner_3_2022-03-01,13,bd3a9033698ba7d4b2d4e15848560c0b4d3504bf42de3c6ad9293504f3fe2cba,"{""channels"":[32,32],""dropout"":0.1,""kernel_size"":2,""weight_decay"":0.01}",42117,503,14,39aa646abc71af790b5651b8d371ac3c5da9fc850975ea1f0e8eec1efe1ac7db,9400eab919178645d0c73e6bb3aa0c337b1fad589dd35096e9a2f2224f92f670,27b9d01554473ba0d7d5e204594bbe3764c21dd3a9ac94c3b6ba29d175b53e9c,baa127dc377d14a943bf7c5e7dc2bc49cb4fbb6b4bfc7fa7e4552964e94e8504,e86643bea02486a38d5b4d4b4c1e2929c4f5105d99aa1faa3b7b234c0750b1ba,9c550f8d59add4345a65b64acb3a283518f28cff2d54771a03c2797412edb43c,2fe66dba0b374ac2e836239bb23113bc9718a4d8bcef5dba4d77e93c08426c50,False,99.95275304988142,319,work/gate_c1/checkpoints/inner/2fe66dba0b374ac2e836239bb23113bc9718a4d8bcef5dba4d77e93c08426c50/manifest.json,0d7054509fa12c89538a2d7d6c9d27e487025aecc09e718644b1d2fa40262c16,metric_ascending_then_epoch,inner,,,7.139482498168945,419,13.01212970004417,0.0008784000528976321,7.1394823607058155,,,2945,1566.5625,65.21630859375,47e7861c1c6a9f1bef8617591db1c219c483a0829c17fb33267e8209cc26bfc2,False,5,14,319,2fe66dba0b374ac2e836239bb23113bc9718a4d8bcef5dba4d77e93c08426c50,COMPLETED,8db9e8cf8dbd267239b9c785b251283bd1c3ed96e65686a88a06458364958572
C03_causal_tcn,temporal_convolutional_network,rolling_origin_2022-05-17,rolling_origin_2022-05-17__inner_3_2022-03-01,13,bd3a9033698ba7d4b2d4e15848560c0b4d3504bf42de3c6ad9293504f3fe2cba,"{""channels"":[32,32],""dropout"":0.1,""kernel_size"":2,""weight_decay"":0.01}",42118,503,14,39aa646abc71af790b5651b8d371ac3c5da9fc850975ea1f0e8eec1efe1ac7db,9400eab919178645d0c73e6bb3aa0c337b1fad589dd35096e9a2f2224f92f670,27b9d01554473ba0d7d5e204594bbe3764c21dd3a9ac94c3b6ba29d175b53e9c,baa127dc377d14a943bf7c5e7dc2bc49cb4fbb6b4bfc7fa7e4552964e94e8504,e86643bea02486a38d5b4d4b4c1e2929c4f5105d99aa1faa3b7b234c0750b1ba,9c550f8d59add4345a65b64acb3a283518f28cff2d54771a03c2797412edb43c,63c6bc20e21aa2ce7fd8893ff5dfd32a999d1a27cce1f4a3c632cd57ad108cb0,False,86.30849410177461,400,work/gate_c1/checkpoints/inner/63c6bc20e21aa2ce7fd8893ff5dfd32a999d1a27cce1f4a3c632cd57ad108cb0/manifest.json,9c576ad4155dd1b3e28767d3788d4c129d0fbd442e0a5fa8bdd0654c70f11cc4,metric_ascending_then_epoch,inner,,,6.16489315032959,500,15.420112100080587,0.00103859999217093,6.164892435841044,,,2945,1566.58984375,65.21630859375,95a7fc32d19608d4f431a4bf7105755559366b0f42fff40ff9633c1dfba11c69,False,5,14,400,63c6bc20e21aa2ce7fd8893ff5dfd32a999d1a27cce1f4a3c632cd57ad108cb0,COMPLETED,2e1ba8b9dd93632e9761a344d42875c1373f68e7b8aade6e9951a843bdb4068c
C03_causal_tcn,temporal_convolutional_network,rolling_origin_2022-05-17,rolling_origin_2022-05-17__inner_3_2022-03-01,13,bd3a9033698ba7d4b2d4e15848560c0b4d3504bf42de3c6ad9293504f3fe2cba,"{""channels"":[32,32],""dropout"":0.1,""kernel_size"":2,""weight_decay"":0.01}",42119,503,14,39aa646abc71af790b5651b8d371ac3c5da9fc850975ea1f0e8eec1efe1ac7db,9400eab919178645d0c73e6bb3aa0c337b1fad589dd35096e9a2f2224f92f670,27b9d01554473ba0d7d5e204594bbe3764c21dd3a9ac94c3b6ba29d175b53e9c,baa127dc377d14a943bf7c5e7dc2bc49cb4fbb6b4bfc7fa7e4552964e94e8504,e86643bea02486a38d5b4d4b4c1e2929c4f5105d99aa1faa3b7b234c0750b1ba,9c550f8d59add4345a65b64acb3a283518f28cff2d54771a03c2797412edb43c,18bbfd40f3bfd6714fdcbb590c09f3065706e97f6e89db3f6a6cd6b2a7a0c0c4,False,123.64867257765043,4,work/gate_c1/checkpoints/inner/18bbfd40f3bfd6714fdcbb590c09f3065706e97f6e89db3f6a6cd6b2a7a0c0c4/manifest.json,76ed61a1736b15c9a6a04169f1e72623b3e7f6d375181181abd298ac36bb58f2,metric_ascending_then_epoch,inner,,,8.832047462463379,104,3.2733844000613317,0.0009068000363186002,8.832048041260744,,,2945,1566.59765625,65.21630859375,0f485a70da287f8c62b920b52104748d46d2a263c5b4c8ab27c9cd90a7150962,False,5,14,4,18bbfd40f3bfd6714fdcbb590c09f3065706e97f6e89db3f6a6cd6b2a7a0c0c4,COMPLETED,c0a184954fa40c21ec36d5830cf7dfd84bf8b94b55fd23d35ff888c044e47039
C03_causal_tcn,temporal_convolutional_network,rolling_origin_2022-05-17,rolling_origin_2022-05-17__inner_3_2022-03-01,13,bd3a9033698ba7d4b2d4e15848560c0b4d3504bf42de3c6ad9293504f3fe2cba,"{""channels"":[32,32],""dropout"":0.1,""kernel_size"":2,""weight_decay"":0.01}",42120,503,14,39aa646abc71af790b5651b8d371ac3c5da9fc850975ea1f0e8eec1efe1ac7db,9400eab919178645d0c73e6bb3aa0c337b1fad589dd35096e9a2f2224f92f670,27b9d01554473ba0d7d5e204594bbe3764c21dd3a9ac94c3b6ba29d175b53e9c,baa127dc377d14a943bf7c5e7dc2bc49cb4fbb6b4bfc7fa7e4552964e94e8504,e86643bea02486a38d5b4d4b4c1e2929c4f5105d99aa1faa3b7b234c0750b1ba,9c550f8d59add4345a65b64acb3a283518f28cff2d54771a03c2797412edb43c,e1a3e00c1221a7f4f91a4add6d84bf376c864ae15b667dc322cac873c5d68837,False,121.65300805971137,26,work/gate_c1/checkpoints/inner/e1a3e00c1221a7f4f91a4add6d84bf376c864ae15b667dc322cac873c5d68837/manifest.json,849845c7a71a33632e504973254fa0903028f69f55cd6df2eb63b2e317a53018,metric_ascending_then_epoch,inner,,,8.689499855041504,126,3.9417837999062613,0.001143299974501133,8.68950057569367,,,2945,1566.66796875,65.21630859375,a2301fa797677375180c154dc645bfb555b7646c362d1287aeefb3095ab68c5d,False,5,14,26,e1a3e00c1221a7f4f91a4add6d84bf376c864ae15b667dc322cac873c5d68837,COMPLETED,3d9a36cc6a5ddcac5bc47aaec4fa1c0e68f753361bd3346ec4b98289fef5c54f
C03_causal_tcn,temporal_convolutional_network,rolling_origin_2022-05-17,rolling_origin_2022-05-17__inner_3_2022-03-01,13,bd3a9033698ba7d4b2d4e15848560c0b4d3504bf42de3c6ad9293504f3fe2cba,"{""channels"":[32,32],""dropout"":0.1,""kernel_size"":2,""weight_decay"":0.01}",42121,503,14,39aa646abc71af790b5651b8d371ac3c5da9fc850975ea1f0e8eec1efe1ac7db,9400eab919178645d0c73e6bb3aa0c337b1fad589dd35096e9a2f2224f92f670,27b9d01554473ba0d7d5e204594bbe3764c21dd3a9ac94c3b6ba29d175b53e9c,baa127dc377d14a943bf7c5e7dc2bc49cb4fbb6b4bfc7fa7e4552964e94e8504,e86643bea02486a38d5b4d4b4c1e2929c4f5105d99aa1faa3b7b234c0750b1ba,9c550f8d59add4345a65b64acb3a283518f28cff2d54771a03c2797412edb43c,77326f742fcdeed6b8138328cda20bf0681445f97b96d3bc8366afef6f0e8bd8,False,100.5912773283785,417,work/gate_c1/checkpoints/inner/77326f742fcdeed6b8138328cda20bf0681445f97b96d3bc8366afef6f0e8bd8/manifest.json,4ea729aa9c1a370a6fa4ef1058550e2246fc4d31909b72809b94258bc15001df,metric_ascending_then_epoch,inner,,,7.185091018676758,517,16.036939999903552,0.0009763999842107296,7.185091237741321,,,2945,1566.66796875,65.21630859375,1652b81c57b79bf65759169f7a54c75caedddebc3b5e2f0c9fed4b061ffd2b55,False,5,14,417,77326f742fcdeed6b8138328cda20bf0681445f97b96d3bc8366afef6f0e8bd8,COMPLETED,0ac15db09f71c5e6f95f94a1c4f40a310238d69699a4371b12b6e99162946b0d
C03_causal_tcn,temporal_convolutional_network,rolling_origin_2022-05-17,rolling_origin_2022-05-17__inner_1_2021-07-13,14,a5dbec6e83e80adadf7fd92874eb057b458f2e7b86380f52cab706804cbe13a6,"{""channels"":[32,32],""dropout"":0.1,""kernel_size"":3,""weight_decay"":0.0001}",42117,400,12,7361169052bfe3cadd2368cd2ef02303aa4cc77ee8c797e07999b1f8a1146ed4,b4860670a6d31a3886d8b47a9de2a0cd076875a439a80eee28802b214ca9ca3f,9fa21e96643969d4eaee67813ebd6a585a3b32f898e4a48214608c4a2f3eb59b,f66f0702cd2af3d14cb93eea9ff18f36d2df935083344eb93d1e20db7a1a6a68,b2bdd728b334738463654ad9d97c6d4084726879a05cd64ed8b3609638304ed3,d428e315a0d44ced70e25cb6183a1693eabd86a6aa4a758a85235615bbd4d5ef,e887c8a2ea89813521ac7745dec7d8b83da118bb2a8480d30c04f9370dd3d51b,True,32.5576416257914,7,work/gate_c1/checkpoints/inner/e887c8a2ea89813521ac7745dec7d8b83da118bb2a8480d30c04f9370dd3d51b/manifest.json,edaa8de6baacbc51de6875569d6bb78b0e5a9cb557a4fe176f8b89f66cb22c16,metric_ascending_then_epoch,inner,,,2.713136911392212,107,2.9054004999343306,0.0011627000058069825,2.713136802149283,,,4225,1566.203125,65.24169921875,87c4025aac79d091af50b9805eca68776439fd9b7bbb8ff312ba8be0497a619d,False,5,12,7,e887c8a2ea89813521ac7745dec7d8b83da118bb2a8480d30c04f9370dd3d51b,COMPLETED,5fb085a7d6aaae842da47721e88536622bae8844c47e6c83911d0314b5b9ed13
C03_causal_tcn,temporal_convolutional_network,rolling_origin_2022-05-17,rolling_origin_2022-05-17__inner_1_2021-07-13,14,a5dbec6e83e80adadf7fd92874eb057b458f2e7b86380f52cab706804cbe13a6,"{""channels"":[32,32],""dropout"":0.1,""kernel_size"":3,""weight_decay"":0.0001}",42118,400,12,7361169052bfe3cadd2368cd2ef02303aa4cc77ee8c797e07999b1f8a1146ed4,b4860670a6d31a3886d8b47a9de2a0cd076875a439a80eee28802b214ca9ca3f,9fa21e96643969d4eaee67813ebd6a585a3b32f898e4a48214608c4a2f3eb59b,f66f0702cd2af3d14cb93eea9ff18f36d2df935083344eb93d1e20db7a1a6a68,b2bdd728b334738463654ad9d97c6d4084726879a05cd64ed8b3609638304ed3,d428e315a0d44ced70e25cb6183a1693eabd86a6aa4a758a85235615bbd4d5ef,48be6406955a27480c0b9eec273bfd802566df1816c57ff555d73864a33d925d,True,40.204117804971624,5,work/gate_c1/checkpoints/inner/48be6406955a27480c0b9eec273bfd802566df1816c57ff555d73864a33d925d/manifest.json,5e66082cd09c1f5f1a25bec941ae81afaa9c1bab30e42cd8af1893f77b1062aa,metric_ascending_then_epoch,inner,,,3.3503432273864746,105,2.8567596999928355,0.0009978999150916934,3.350343150414302,,,4225,1566.2734375,65.24169921875,7b97344627d8f1ecc54262369ba9c77ae103c42914d3afa61d9321d054c16de7,False,5,12,5,48be6406955a27480c0b9eec273bfd802566df1816c57ff555d73864a33d925d,COMPLETED,efafb035f373f24bc3ea2e65960b75eb63782b6eb15abc18226a16c8628c05ec
C03_causal_tcn,temporal_convolutional_network,rolling_origin_2022-05-17,rolling_origin_2022-05-17__inner_1_2021-07-13,14,a5dbec6e83e80adadf7fd92874eb057b458f2e7b86380f52cab706804cbe13a6,"{""channels"":[32,32],""dropout"":0.1,""kernel_size"":3,""weight_decay"":0.0001}",42119,400,12,7361169052bfe3cadd2368cd2ef02303aa4cc77ee8c797e07999b1f8a1146ed4,b4860670a6d31a3886d8b47a9de2a0cd076875a439a80eee28802b214ca9ca3f,9fa21e96643969d4eaee67813ebd6a585a3b32f898e4a48214608c4a2f3eb59b,f66f0702cd2af3d14cb93eea9ff18f36d2df935083344eb93d1e20db7a1a6a68,b2bdd728b334738463654ad9d97c6d4084726879a05cd64ed8b3609638304ed3,d428e315a0d44ced70e25cb6183a1693eabd86a6aa4a758a85235615bbd4d5ef,d7d7790754b55bbd4fa22c098261b974125b76f62dc138645a43162b7f81349c,True,24.695096748669705,91,work/gate_c1/checkpoints/inner/d7d7790754b55bbd4fa22c098261b974125b76f62dc138645a43162b7f81349c/manifest.json,396595a6cd92d0b056a5f6ff644a0f7e1afb7ef77bd721d2ad1479ff6ce020d3,metric_ascending_then_epoch,inner,,,2.057924747467041,191,5.042050900054164,0.0009108000667765737,2.057924729055809,,,4225,1566.28515625,65.24169921875,21587e74c5df0f0dff9e1695a8962a4140979c54d62120fabdf12fd056a792c6,False,5,12,91,d7d7790754b55bbd4fa22c098261b974125b76f62dc138645a43162b7f81349c,COMPLETED,c4c9351d90b66026c4b6626035b114f559c1cf252855176e77a499e09aba77b1
C03_causal_tcn,temporal_convolutional_network,rolling_origin_2022-05-17,rolling_origin_2022-05-17__inner_1_2021-07-13,14,a5dbec6e83e80adadf7fd92874eb057b458f2e7b86380f52cab706804cbe13a6,"{""channels"":[32,32],""dropout"":0.1,""kernel_size"":3,""weight_decay"":0.0001}",42120,400,12,7361169052bfe3cadd2368cd2ef02303aa4cc77ee8c797e07999b1f8a1146ed4,b4860670a6d31a3886d8b47a9de2a0cd076875a439a80eee28802b214ca9ca3f,9fa21e96643969d4eaee67813ebd6a585a3b32f898e4a48214608c4a2f3eb59b,f66f0702cd2af3d14cb93eea9ff18f36d2df935083344eb93d1e20db7a1a6a68,b2bdd728b334738463654ad9d97c6d4084726879a05cd64ed8b3609638304ed3,d428e315a0d44ced70e25cb6183a1693eabd86a6aa4a758a85235615bbd4d5ef,686a2067c50080d5f7ab520d9e46cd78ce52602880f9bee40062ffac11a0c52c,True,33.36979459851702,288,work/gate_c1/checkpoints/inner/686a2067c50080d5f7ab520d9e46cd78ce52602880f9bee40062ffac11a0c52c/manifest.json,310c61697c8a2ee9eaf9bd2d323fd0c19926d5a6bc8c7b3b88b751885adbdb6d,metric_ascending_then_epoch,inner,,,2.7808163166046143,388,9.869552400079556,0.0009579000761732459,2.780816216543085,,,4225,1566.28515625,65.24169921875,f64c3eb4ba7bca75ac372fbdefc26a80aaae2808cc7831e5f5ff097b4ef7a8fc,False,5,12,288,686a2067c50080d5f7ab520d9e46cd78ce52602880f9bee40062ffac11a0c52c,COMPLETED,eea3a8278fe6ce2be0f1b84625cc01a6a98bea86d55ea4704aa666edd26f76ed
C03_causal_tcn,temporal_convolutional_network,rolling_origin_2022-05-17,rolling_origin_2022-05-17__inner_1_2021-07-13,14,a5dbec6e83e80adadf7fd92874eb057b458f2e7b86380f52cab706804cbe13a6,"{""channels"":[32,32],""dropout"":0.1,""kernel_size"":3,""weight_decay"":0.0001}",42121,400,12,7361169052bfe3cadd2368cd2ef02303aa4cc77ee8c797e07999b1f8a1146ed4,b4860670a6d31a3886d8b47a9de2a0cd076875a439a80eee28802b214ca9ca3f,9fa21e96643969d4eaee67813ebd6a585a3b32f898e4a48214608c4a2f3eb59b,f66f0702cd2af3d14cb93eea9ff18f36d2df935083344eb93d1e20db7a1a6a68,b2bdd728b334738463654ad9d97c6d4084726879a05cd64ed8b3609638304ed3,d428e315a0d44ced70e25cb6183a1693eabd86a6aa4a758a85235615bbd4d5ef,c166a61d32154465f3b563b598c995e3df1927c800069b7a77e3509337d44f68,True,47.422417084100296,4,work/gate_c1/checkpoints/inner/c166a61d32154465f3b563b598c995e3df1927c800069b7a77e3509337d44f68/manifest.json,f01177e334c58b15b47cc59cf3025fa2cd8cee9190ba0741abe9d7ba803b2042,metric_ascending_then_epoch,inner,,,3.9518678188323975,104,2.6968657999532297,0.0009442999726161361,3.951868090341691,,,4225,1566.34765625,65.24169921875,c0d3a316169b4c89d4d744f63052c2203a8e19f5863e69d2974cbd2c80f02f38,False,5,12,4,c166a61d32154465f3b563b598c995e3df1927c800069b7a77e3509337d44f68,COMPLETED,f426fd20cd55341791c89d1e0d9f1f5d6eea89aa1f27fd2465331a058cf26898
C03_causal_tcn,temporal_convolutional_network,rolling_origin_2022-05-17,rolling_origin_2022-05-17__inner_2_2021-11-02,14,a5dbec6e83e80adadf7fd92874eb057b458f2e7b86380f52cab706804cbe13a6,"{""channels"":[32,32],""dropout"":0.1,""kernel_size"":3,""weight_decay"":0.0001}",42117,412,91,010c62a504d18f06befdb638b6898ac83ed39ef7db251812d6aaedfd6ba961f9,4addff335526e77628b914bf83380de2c81030fb22994a739cb072c37c504f5d,7f05fb1c5e91cc3379f52fbf863cec9f54ac307f58aa857ffe585f6291b77a09,8a00835d13809d189a545d27b156834a3b8a30dce15741eee57ecbb851955632,36f84953e3a28962ea8d373098a8b9484d9e8539a87ca2cfd298364bf9a5b1c6,ccc0c75b3414027ea1b2b86a97407abd5011c87de895d7b1f0e3319cf4615b15,631617a9c053101713e093cd5b68bbcedb356a24ab8df9342aca7264ecf8ede2,True,541.0716373016562,31,work/gate_c1/checkpoints/inner/631617a9c053101713e093cd5b68bbcedb356a24ab8df9342aca7264ecf8ede2/manifest.json,102efa85a634a494861065d3061559ddb2360afb6ba380b70f03959e310364ad,metric_ascending_then_epoch,inner,,,5.945842742919922,131,3.3800377999432385,0.0009216000325977802,5.945842168150068,,,4225,1567.10546875,65.49365234375,1b891629ca52d683629dcaf4d6c2aedc378667f2d140229e46f6436013a85649,False,5,91,31,631617a9c053101713e093cd5b68bbcedb356a24ab8df9342aca7264ecf8ede2,COMPLETED,fb6962ac5fd303b7b67117e268845a0e5949d14f381e451781fc94f1623e7bd7
C03_causal_tcn,temporal_convolutional_network,rolling_origin_2022-05-17,rolling_origin_2022-05-17__inner_2_2021-11-02,14,a5dbec6e83e80adadf7fd92874eb057b458f2e7b86380f52cab706804cbe13a6,"{""channels"":[32,32],""dropout"":0.1,""kernel_size"":3,""weight_decay"":0.0001}",42118,412,91,010c62a504d18f06befdb638b6898ac83ed39ef7db251812d6aaedfd6ba961f9,4addff335526e77628b914bf83380de2c81030fb22994a739cb072c37c504f5d,7f05fb1c5e91cc3379f52fbf863cec9f54ac307f58aa857ffe585f6291b77a09,8a00835d13809d189a545d27b156834a3b8a30dce15741eee57ecbb851955632,36f84953e3a28962ea8d373098a8b9484d9e8539a87ca2cfd298364bf9a5b1c6,ccc0c75b3414027ea1b2b86a97407abd5011c87de895d7b1f0e3319cf4615b15,1011214941368d3aa133e71136098d9d43d2853b59db11e4966e245019e774f6,True,504.4082009118281,41,work/gate_c1/checkpoints/inner/1011214941368d3aa133e71136098d9d43d2853b59db11e4966e245019e774f6/manifest.json,e8dbeb03ed4ec44f7b1723b88b4821ce9d824092b7dcde6061071e2939d14385,metric_ascending_then_epoch,inner,,,5.542947292327881,141,3.5806973999133334,0.0009269999573007226,5.542947262767342,,,4225,1567.12890625,65.49365234375,e90c4e1545c41f12ce4b39b9be88ef20324d7eb217b1ac5f7d3874b6b424b9aa,False,5,91,41,1011214941368d3aa133e71136098d9d43d2853b59db11e4966e245019e774f6,COMPLETED,b6ba2ac017d532319431e47619130a3d94842be0406ffb3ee96c6c747278048d
C03_causal_tcn,temporal_convolutional_network,rolling_origin_2022-05-17,rolling_origin_2022-05-17__inner_2_2021-11-02,14,a5dbec6e83e80adadf7fd92874eb057b458f2e7b86380f52cab706804cbe13a6,"{""channels"":[32,32],""dropout"":0.1,""kernel_size"":3,""weight_decay"":0.0001}",42119,412,91,010c62a504d18f06befdb638b6898ac83ed39ef7db251812d6aaedfd6ba961f9,4addff335526e77628b914bf83380de2c81030fb22994a739cb072c37c504f5d,7f05fb1c5e91cc3379f52fbf863cec9f54ac307f58aa857ffe585f6291b77a09,8a00835d13809d189a545d27b156834a3b8a30dce15741eee57ecbb851955632,36f84953e3a28962ea8d373098a8b9484d9e8539a87ca2cfd298364bf9a5b1c6,ccc0c75b3414027ea1b2b86a97407abd5011c87de895d7b1f0e3319cf4615b15,0d557acb42457311a118591672757088a5d3caea1101c0c12e207f054fa82f24,True,506.1778058049134,15,work/gate_c1/checkpoints/inner/0d557acb42457311a118591672757088a5d3caea1101c0c12e207f054fa82f24/manifest.json,7d20ded15af4bd5dafc690af27336cd6e94475df8c4d02e24ec4e298e61006c5,metric_ascending_then_epoch,inner,,,5.562393665313721,115,2.9596335999667645,0.0009305999847128987,5.562393470383664,,,4225,1567.37890625,65.49365234375,40a4a90336a489a5a1cc302404fb50b11bb38708dff6e2f5b8cf5183dc804d34,False,5,91,15,0d557acb42457311a118591672757088a5d3caea1101c0c12e207f054fa82f24,COMPLETED,3bd4d8cc7e08e6084c876274b78ec6b22d374090950bcaddc3390dd9e3cf98b6
C03_causal_tcn,temporal_convolutional_network,rolling_origin_2022-05-17,rolling_origin_2022-05-17__inner_2_2021-11-02,14,a5dbec6e83e80adadf7fd92874eb057b458f2e7b86380f52cab706804cbe13a6,"{""channels"":[32,32],""dropout"":0.1,""kernel_size"":3,""weight_decay"":0.0001}",42120,412,91,010c62a504d18f06befdb638b6898ac83ed39ef7db251812d6aaedfd6ba961f9,4addff335526e77628b914bf83380de2c81030fb22994a739cb072c37c504f5d,7f05fb1c5e91cc3379f52fbf863cec9f54ac307f58aa857ffe585f6291b77a09,8a00835d13809d189a545d27b156834a3b8a30dce15741eee57ecbb851955632,36f84953e3a28962ea8d373098a8b9484d9e8539a87ca2cfd298364bf9a5b1c6,ccc0c75b3414027ea1b2b86a97407abd5011c87de895d7b1f0e3319cf4615b15,f283a20ed9a3f0e3af12b7c6ceb9adc49c42dbd44eff18ea765bbb6d6ab6b1c5,True,501.8864263019944,18,work/gate_c1/checkpoints/inner/f283a20ed9a3f0e3af12b7c6ceb9adc49c42dbd44eff18ea765bbb6d6ab6b1c5/manifest.json,1ee4e779e1bd773fc6309dead71e297adf9820ce6abb1e3381881f48324be1c6,metric_ascending_then_epoch,inner,,,5.51523494720459,118,3.062931500026025,0.0008831999730318785,5.51523545386807,,,4225,1567.6953125,65.49365234375,1aec8e4a7526b2307b109da858964e84ed4f744469a335bbf19b78da2d9adb96,False,5,91,18,f283a20ed9a3f0e3af12b7c6ceb9adc49c42dbd44eff18ea765bbb6d6ab6b1c5,COMPLETED,13832ae4edf4da159e19bdea054e9113beb27836b1b9a0f4e5a9637619d13900
C03_causal_tcn,temporal_convolutional_network,rolling_origin_2022-05-17,rolling_origin_2022-05-17__inner_2_2021-11-02,14,a5dbec6e83e80adadf7fd92874eb057b458f2e7b86380f52cab706804cbe13a6,"{""channels"":[32,32],""dropout"":0.1,""kernel_size"":3,""weight_decay"":0.0001}",42121,412,91,010c62a504d18f06befdb638b6898ac83ed39ef7db251812d6aaedfd6ba961f9,4addff335526e77628b914bf83380de2c81030fb22994a739cb072c37c504f5d,7f05fb1c5e91cc3379f52fbf863cec9f54ac307f58aa857ffe585f6291b77a09,8a00835d13809d189a545d27b156834a3b8a30dce15741eee57ecbb851955632,36f84953e3a28962ea8d373098a8b9484d9e8539a87ca2cfd298364bf9a5b1c6,ccc0c75b3414027ea1b2b86a97407abd5011c87de895d7b1f0e3319cf4615b15,f985ebd484637badb6c7a0df76fa251a363ca9e90a1c4255b73e8ec0d72a8a01,True,539.5749334790646,31,work/gate_c1/checkpoints/inner/f985ebd484637badb6c7a0df76fa251a363ca9e90a1c4255b73e8ec0d72a8a01/manifest.json,e10384024aba619d154168d54d0c47915b6413e2ef9c61cfde99381c0a18e50f,metric_ascending_then_epoch,inner,,,5.9293951988220215,131,3.404819199931808,0.0011063999263569713,5.929394873396315,,,4225,1567.7421875,65.49365234375,61d0fd80d7712ba28727f3db85b9a840d9c8d941659ba90d179afff0f91a3623,False,5,91,31,f985ebd484637badb6c7a0df76fa251a363ca9e90a1c4255b73e8ec0d72a8a01,COMPLETED,327c30befedb5f304b1b0051684021a5a06f7a8274d980018ab51c001c62ea80
C03_causal_tcn,temporal_convolutional_network,rolling_origin_2022-05-17,rolling_origin_2022-05-17__inner_3_2022-03-01,14,a5dbec6e83e80adadf7fd92874eb057b458f2e7b86380f52cab706804cbe13a6,"{""channels"":[32,32],""dropout"":0.1,""kernel_size"":3,""weight_decay"":0.0001}",42117,503,14,39aa646abc71af790b5651b8d371ac3c5da9fc850975ea1f0e8eec1efe1ac7db,9400eab919178645d0c73e6bb3aa0c337b1fad589dd35096e9a2f2224f92f670,27b9d01554473ba0d7d5e204594bbe3764c21dd3a9ac94c3b6ba29d175b53e9c,baa127dc377d14a943bf7c5e7dc2bc49cb4fbb6b4bfc7fa7e4552964e94e8504,e86643bea02486a38d5b4d4b4c1e2929c4f5105d99aa1faa3b7b234c0750b1ba,9c550f8d59add4345a65b64acb3a283518f28cff2d54771a03c2797412edb43c,bfb88eeedf2c8f9f4af696c15e674436d9a6e0ed73b597a9ce413e220e6511ec,False,110.50510872107205,8,work/gate_c1/checkpoints/inner/bfb88eeedf2c8f9f4af696c15e674436d9a6e0ed73b597a9ce413e220e6511ec/manifest.json,1a058852b4c14c712bb2fe4ec322287a885e5128671db51ed7bf9f36ed90fa16,metric_ascending_then_epoch,inner,,,7.893222332000732,108,3.4221286999527365,0.0009194000158458948,7.8932220515051466,,,4225,1566.99609375,65.31298828125,47e7861c1c6a9f1bef8617591db1c219c483a0829c17fb33267e8209cc26bfc2,False,5,14,8,bfb88eeedf2c8f9f4af696c15e674436d9a6e0ed73b597a9ce413e220e6511ec,COMPLETED,8db9e8cf8dbd267239b9c785b251283bd1c3ed96e65686a88a06458364958572
C03_causal_tcn,temporal_convolutional_network,rolling_origin_2022-05-17,rolling_origin_2022-05-17__inner_3_2022-03-01,14,a5dbec6e83e80adadf7fd92874eb057b458f2e7b86380f52cab706804cbe13a6,"{""channels"":[32,32],""dropout"":0.1,""kernel_size"":3,""weight_decay"":0.0001}",42118,503,14,39aa646abc71af790b5651b8d371ac3c5da9fc850975ea1f0e8eec1efe1ac7db,9400eab919178645d0c73e6bb3aa0c337b1fad589dd35096e9a2f2224f92f670,27b9d01554473ba0d7d5e204594bbe3764c21dd3a9ac94c3b6ba29d175b53e9c,baa127dc377d14a943bf7c5e7dc2bc49cb4fbb6b4bfc7fa7e4552964e94e8504,e86643bea02486a38d5b4d4b4c1e2929c4f5105d99aa1faa3b7b234c0750b1ba,9c550f8d59add4345a65b64acb3a283518f28cff2d54771a03c2797412edb43c,be1bc92c0ab334e93007259b47fe9dc2c8fd6040e02a4c28591bb3e7968a62b4,False,94.27098314307929,82,work/gate_c1/checkpoints/inner/be1bc92c0ab334e93007259b47fe9dc2c8fd6040e02a4c28591bb3e7968a62b4/manifest.json,a3683026cd85bfda770707ed19ef5ce259369170087eb1a2c8a0a3bea7d8c897,metric_ascending_then_epoch,inner,,,6.733641624450684,182,5.678141400101595,0.000974200083874166,6.733641653077092,,,4225,1567.0078125,65.31298828125,95a7fc32d19608d4f431a4bf7105755559366b0f42fff40ff9633c1dfba11c69,False,5,14,82,be1bc92c0ab334e93007259b47fe9dc2c8fd6040e02a4c28591bb3e7968a62b4,COMPLETED,2e1ba8b9dd93632e9761a344d42875c1373f68e7b8aade6e9951a843bdb4068c
C03_causal_tcn,temporal_convolutional_network,rolling_origin_2022-05-17,rolling_origin_2022-05-17__inner_3_2022-03-01,14,a5dbec6e83e80adadf7fd92874eb057b458f2e7b86380f52cab706804cbe13a6,"{""channels"":[32,32],""dropout"":0.1,""kernel_size"":3,""weight_decay"":0.0001}",42119,503,14,39aa646abc71af790b5651b8d371ac3c5da9fc850975ea1f0e8eec1efe1ac7db,9400eab919178645d0c73e6bb3aa0c337b1fad589dd35096e9a2f2224f92f670,27b9d01554473ba0d7d5e204594bbe3764c21dd3a9ac94c3b6ba29d175b53e9c,baa127dc377d14a943bf7c5e7dc2bc49cb4fbb6b4bfc7fa7e4552964e94e8504,e86643bea02486a38d5b4d4b4c1e2929c4f5105d99aa1faa3b7b234c0750b1ba,9c550f8d59add4345a65b64acb3a283518f28cff2d54771a03c2797412edb43c,3ea958e3ac85a31c4a9a79675298b907799b2e6649404e7c75e5fba68ef8925c,False,100.7096128443482,95,work/gate_c1/checkpoints/inner/3ea958e3ac85a31c4a9a79675298b907799b2e6649404e7c75e5fba68ef8925c/manifest.json,514cccc3700488874d067656f89fb6c24839686d0d15f002726c10a9ad31de17,metric_ascending_then_epoch,inner,,,7.193544387817383,195,6.4410940000088885,0.0016747999470680952,7.1935437745963,,,4225,1567.046875,65.31298828125,0f485a70da287f8c62b920b52104748d46d2a263c5b4c8ab27c9cd90a7150962,False,5,14,95,3ea958e3ac85a31c4a9a79675298b907799b2e6649404e7c75e5fba68ef8925c,COMPLETED,c0a184954fa40c21ec36d5830cf7dfd84bf8b94b55fd23d35ff888c044e47039
C03_causal_tcn,temporal_convolutional_network,rolling_origin_2022-05-17,rolling_origin_2022-05-17__inner_3_2022-03-01,14,a5dbec6e83e80adadf7fd92874eb057b458f2e7b86380f52cab706804cbe13a6,"{""channels"":[32,32],""dropout"":0.1,""kernel_size"":3,""weight_decay"":0.0001}",42120,503,14,39aa646abc71af790b5651b8d371ac3c5da9fc850975ea1f0e8eec1efe1ac7db,9400eab919178645d0c73e6bb3aa0c337b1fad589dd35096e9a2f2224f92f670,27b9d01554473ba0d7d5e204594bbe3764c21dd3a9ac94c3b6ba29d175b53e9c,baa127dc377d14a943bf7c5e7dc2bc49cb4fbb6b4bfc7fa7e4552964e94e8504,e86643bea02486a38d5b4d4b4c1e2929c4f5105d99aa1faa3b7b234c0750b1ba,9c550f8d59add4345a65b64acb3a283518f28cff2d54771a03c2797412edb43c,ef7638d3dc72cab7db313c3f84a40f9f5481a9a578b81c39c59f40880f00afa2,False,89.6014379652593,268,work/gate_c1/checkpoints/inner/ef7638d3dc72cab7db313c3f84a40f9f5481a9a578b81c39c59f40880f00afa2/manifest.json,61b4efe31c687a787e273d607c128239a2d7d37e9838df142d7b0b4abe82d7aa,metric_ascending_then_epoch,inner,,,6.4001030921936035,368,15.90683530003298,0.0010349999647587538,6.4001027118042355,,,4225,1567.4765625,65.31298828125,a2301fa797677375180c154dc645bfb555b7646c362d1287aeefb3095ab68c5d,False,5,14,268,ef7638d3dc72cab7db313c3f84a40f9f5481a9a578b81c39c59f40880f00afa2,COMPLETED,3d9a36cc6a5ddcac5bc47aaec4fa1c0e68f753361bd3346ec4b98289fef5c54f
C03_causal_tcn,temporal_convolutional_network,rolling_origin_2022-05-17,rolling_origin_2022-05-17__inner_3_2022-03-01,14,a5dbec6e83e80adadf7fd92874eb057b458f2e7b86380f52cab706804cbe13a6,"{""channels"":[32,32],""dropout"":0.1,""kernel_size"":3,""weight_decay"":0.0001}",42121,503,14,39aa646abc71af790b5651b8d371ac3c5da9fc850975ea1f0e8eec1efe1ac7db,9400eab919178645d0c73e6bb3aa0c337b1fad589dd35096e9a2f2224f92f670,27b9d01554473ba0d7d5e204594bbe3764c21dd3a9ac94c3b6ba29d175b53e9c,baa127dc377d14a943bf7c5e7dc2bc49cb4fbb6b4bfc7fa7e4552964e94e8504,e86643bea02486a38d5b4d4b4c1e2929c4f5105d99aa1faa3b7b234c0750b1ba,9c550f8d59add4345a65b64acb3a283518f28cff2d54771a03c2797412edb43c,d5418ffd4706d2eac91390ddf3bdf21fa5edf296c6f7ee601399643acc3880b3,False,125.62968726787838,12,work/gate_c1/checkpoints/inner/d5418ffd4706d2eac91390ddf3bdf21fa5edf296c6f7ee601399643acc3880b3/manifest.json,5f0e323b17abb3f86d17bab6ae5b71a6aa6c25d4769aae8924058bc27e810c17,metric_ascending_then_epoch,inner,,,8.973549842834473,112,4.280670600011945,0.0009067000355571508,8.973549090562742,,,4225,1567.4765625,65.31298828125,1652b81c57b79bf65759169f7a54c75caedddebc3b5e2f0c9fed4b061ffd2b55,False,5,14,12,d5418ffd4706d2eac91390ddf3bdf21fa5edf296c6f7ee601399643acc3880b3,COMPLETED,0ac15db09f71c5e6f95f94a1c4f40a310238d69699a4371b12b6e99162946b0d
C03_causal_tcn,temporal_convolutional_network,rolling_origin_2022-05-17,rolling_origin_2022-05-17__inner_1_2021-07-13,15,a23d2bda92c8e91493326352ca4d086feeb942d383a33cdfc5de538cd367d9b6,"{""channels"":[32,32],""dropout"":0.1,""kernel_size"":3,""weight_decay"":0.01}",42117,400,12,7361169052bfe3cadd2368cd2ef02303aa4cc77ee8c797e07999b1f8a1146ed4,b4860670a6d31a3886d8b47a9de2a0cd076875a439a80eee28802b214ca9ca3f,9fa21e96643969d4eaee67813ebd6a585a3b32f898e4a48214608c4a2f3eb59b,f66f0702cd2af3d14cb93eea9ff18f36d2df935083344eb93d1e20db7a1a6a68,b2bdd728b334738463654ad9d97c6d4084726879a05cd64ed8b3609638304ed3,d428e315a0d44ced70e25cb6183a1693eabd86a6aa4a758a85235615bbd4d5ef,27d7953fb57ad3f41d968a48d82ecf17d27124d0cee5f7e5efc4773135630282,True,32.71268671281867,7,work/gate_c1/checkpoints/inner/27d7953fb57ad3f41d968a48d82ecf17d27124d0cee5f7e5efc4773135630282/manifest.json,e6aa1ed32e764caaa74eb0115c2a6e4ca1f35e4cce86aaad01ad5edfd92a629b,metric_ascending_then_epoch,inner,,,2.726057291030884,107,2.814460000023246,0.0009352000197395682,2.7260572260682228,,,4225,1567.2109375,65.24169921875,87c4025aac79d091af50b9805eca68776439fd9b7bbb8ff312ba8be0497a619d,False,5,12,7,27d7953fb57ad3f41d968a48d82ecf17d27124d0cee5f7e5efc4773135630282,COMPLETED,5fb085a7d6aaae842da47721e88536622bae8844c47e6c83911d0314b5b9ed13
C03_causal_tcn,temporal_convolutional_network,rolling_origin_2022-05-17,rolling_origin_2022-05-17__inner_1_2021-07-13,15,a23d2bda92c8e91493326352ca4d086feeb942d383a33cdfc5de538cd367d9b6,"{""channels"":[32,32],""dropout"":0.1,""kernel_size"":3,""weight_decay"":0.01}",42118,400,12,7361169052bfe3cadd2368cd2ef02303aa4cc77ee8c797e07999b1f8a1146ed4,b4860670a6d31a3886d8b47a9de2a0cd076875a439a80eee28802b214ca9ca3f,9fa21e96643969d4eaee67813ebd6a585a3b32f898e4a48214608c4a2f3eb59b,f66f0702cd2af3d14cb93eea9ff18f36d2df935083344eb93d1e20db7a1a6a68,b2bdd728b334738463654ad9d97c6d4084726879a05cd64ed8b3609638304ed3,d428e315a0d44ced70e25cb6183a1693eabd86a6aa4a758a85235615bbd4d5ef,09c2be3f58eac6130d625ca1170640e1c561821b4e1d3e64f1f4d05fa8f9fa07,True,40.21864205514865,5,work/gate_c1/checkpoints/inner/09c2be3f58eac6130d625ca1170640e1c561821b4e1d3e64f1f4d05fa8f9fa07/manifest.json,cb7739c30166f0a8d652c54baeecae00c96919e9000fc34adb829c2fbbb6e40b,metric_ascending_then_epoch,inner,,,3.351553440093994,105,2.7148798999842256,0.0009905999759212136,3.3515535045957208,,,4225,1567.43359375,65.24169921875,7b97344627d8f1ecc54262369ba9c77ae103c42914d3afa61d9321d054c16de7,False,5,12,5,09c2be3f58eac6130d625ca1170640e1c561821b4e1d3e64f1f4d05fa8f9fa07,COMPLETED,efafb035f373f24bc3ea2e65960b75eb63782b6eb15abc18226a16c8628c05ec
C03_causal_tcn,temporal_convolutional_network,rolling_origin_2022-05-17,rolling_origin_2022-05-17__inner_1_2021-07-13,15,a23d2bda92c8e91493326352ca4d086feeb942d383a33cdfc5de538cd367d9b6,"{""channels"":[32,32],""dropout"":0.1,""kernel_size"":3,""weight_decay"":0.01}",42119,400,12,7361169052bfe3cadd2368cd2ef02303aa4cc77ee8c797e07999b1f8a1146ed4,b4860670a6d31a3886d8b47a9de2a0cd076875a439a80eee28802b214ca9ca3f,9fa21e96643969d4eaee67813ebd6a585a3b32f898e4a48214608c4a2f3eb59b,f66f0702cd2af3d14cb93eea9ff18f36d2df935083344eb93d1e20db7a1a6a68,b2bdd728b334738463654ad9d97c6d4084726879a05cd64ed8b3609638304ed3,d428e315a0d44ced70e25cb6183a1693eabd86a6aa4a758a85235615bbd4d5ef,4407c4e9cda609f39c9ee6dfd125535902a6bdc293da2035b0db71c20d2277dd,True,26.277624893181596,72,work/gate_c1/checkpoints/inner/4407c4e9cda609f39c9ee6dfd125535902a6bdc293da2035b0db71c20d2277dd/manifest.json,b04fdd99e309d00dd6a802268e937b8ec396acf7efe4fb62087aabaca36ee6c9,metric_ascending_then_epoch,inner,,,2.1898021697998047,172,4.4705169999506325,0.0010955999605357647,2.1898020744317996,,,4225,1567.4765625,65.24169921875,21587e74c5df0f0dff9e1695a8962a4140979c54d62120fabdf12fd056a792c6,False,5,12,72,4407c4e9cda609f39c9ee6dfd125535902a6bdc293da2035b0db71c20d2277dd,COMPLETED,c4c9351d90b66026c4b6626035b114f559c1cf252855176e77a499e09aba77b1
C03_causal_tcn,temporal_convolutional_network,rolling_origin_2022-05-17,rolling_origin_2022-05-17__inner_1_2021-07-13,15,a23d2bda92c8e91493326352ca4d086feeb942d383a33cdfc5de538cd367d9b6,"{""channels"":[32,32],""dropout"":0.1,""kernel_size"":3,""weight_decay"":0.01}",42120,400,12,7361169052bfe3cadd2368cd2ef02303aa4cc77ee8c797e07999b1f8a1146ed4,b4860670a6d31a3886d8b47a9de2a0cd076875a439a80eee28802b214ca9ca3f,9fa21e96643969d4eaee67813ebd6a585a3b32f898e4a48214608c4a2f3eb59b,f66f0702cd2af3d14cb93eea9ff18f36d2df935083344eb93d1e20db7a1a6a68,b2bdd728b334738463654ad9d97c6d4084726879a05cd64ed8b3609638304ed3,d428e315a0d44ced70e25cb6183a1693eabd86a6aa4a758a85235615bbd4d5ef,8a005f5270fd9a241c3dd0848882a8373508d595c55d66e73af1bbaec3231e93,True,38.11201077554926,108,work/gate_c1/checkpoints/inner/8a005f5270fd9a241c3dd0848882a8373508d595c55d66e73af1bbaec3231e93/manifest.json,ff8af1e871107af8b898ca9dd81cf4d79ec05983a28632eb745e2cfc1031a24d,metric_ascending_then_epoch,inner,,,3.1760010719299316,208,5.391418299986981,0.0011267999652773142,3.1760008979624383,,,4225,1567.4921875,65.24169921875,f64c3eb4ba7bca75ac372fbdefc26a80aaae2808cc7831e5f5ff097b4ef7a8fc,False,5,12,108,8a005f5270fd9a241c3dd0848882a8373508d595c55d66e73af1bbaec3231e93,COMPLETED,eea3a8278fe6ce2be0f1b84625cc01a6a98bea86d55ea4704aa666edd26f76ed
C03_causal_tcn,temporal_convolutional_network,rolling_origin_2022-05-17,rolling_origin_2022-05-17__inner_1_2021-07-13,15,a23d2bda92c8e91493326352ca4d086feeb942d383a33cdfc5de538cd367d9b6,"{""channels"":[32,32],""dropout"":0.1,""kernel_size"":3,""weight_decay"":0.01}",42121,400,12,7361169052bfe3cadd2368cd2ef02303aa4cc77ee8c797e07999b1f8a1146ed4,b4860670a6d31a3886d8b47a9de2a0cd076875a439a80eee28802b214ca9ca3f,9fa21e96643969d4eaee67813ebd6a585a3b32f898e4a48214608c4a2f3eb59b,f66f0702cd2af3d14cb93eea9ff18f36d2df935083344eb93d1e20db7a1a6a68,b2bdd728b334738463654ad9d97c6d4084726879a05cd64ed8b3609638304ed3,d428e315a0d44ced70e25cb6183a1693eabd86a6aa4a758a85235615bbd4d5ef,c6ef79f362693da23ab594458ac892aa0e2285fe4fe6f2ce360334397d756ae0,True,45.80392498604799,42,work/gate_c1/checkpoints/inner/c6ef79f362693da23ab594458ac892aa0e2285fe4fe6f2ce360334397d756ae0/manifest.json,b05b87fb337184302a152f1998c0301ea7d653e17dbbf32b4cba7c0160b785cd,metric_ascending_then_epoch,inner,,,3.8169939517974854,142,3.6808433000696823,0.0010423000203445554,3.8169937488373322,,,4225,1567.51171875,65.24169921875,c0d3a316169b4c89d4d744f63052c2203a8e19f5863e69d2974cbd2c80f02f38,False,5,12,42,c6ef79f362693da23ab594458ac892aa0e2285fe4fe6f2ce360334397d756ae0,COMPLETED,f426fd20cd55341791c89d1e0d9f1f5d6eea89aa1f27fd2465331a058cf26898
C03_causal_tcn,temporal_convolutional_network,rolling_origin_2022-05-17,rolling_origin_2022-05-17__inner_2_2021-11-02,15,a23d2bda92c8e91493326352ca4d086feeb942d383a33cdfc5de538cd367d9b6,"{""channels"":[32,32],""dropout"":0.1,""kernel_size"":3,""weight_decay"":0.01}",42117,412,91,010c62a504d18f06befdb638b6898ac83ed39ef7db251812d6aaedfd6ba961f9,4addff335526e77628b914bf83380de2c81030fb22994a739cb072c37c504f5d,7f05fb1c5e91cc3379f52fbf863cec9f54ac307f58aa857ffe585f6291b77a09,8a00835d13809d189a545d27b156834a3b8a30dce15741eee57ecbb851955632,36f84953e3a28962ea8d373098a8b9484d9e8539a87ca2cfd298364bf9a5b1c6,ccc0c75b3414027ea1b2b86a97407abd5011c87de895d7b1f0e3319cf4615b15,2e27905bd6afe92ef8261a0a959d214b43397b50e8842ca44f28c05b498f2939,True,541.3669960781522,31,work/gate_c1/checkpoints/inner/2e27905bd6afe92ef8261a0a959d214b43397b50e8842ca44f28c05b498f2939/manifest.json,393c77fe7bf67fe886acffb59c1d19cd2da1ef2d2810fc37345b2058c5fca02e,metric_ascending_then_epoch,inner,,,5.949088096618652,131,3.430976500036195,0.0009678000351414084,5.949087868990683,,,4225,1567.8671875,65.49365234375,1b891629ca52d683629dcaf4d6c2aedc378667f2d140229e46f6436013a85649,False,5,91,31,2e27905bd6afe92ef8261a0a959d214b43397b50e8842ca44f28c05b498f2939,COMPLETED,fb6962ac5fd303b7b67117e268845a0e5949d14f381e451781fc94f1623e7bd7
C03_causal_tcn,temporal_convolutional_network,rolling_origin_2022-05-17,rolling_origin_2022-05-17__inner_2_2021-11-02,15,a23d2bda92c8e91493326352ca4d086feeb942d383a33cdfc5de538cd367d9b6,"{""channels"":[32,32],""dropout"":0.1,""kernel_size"":3,""weight_decay"":0.01}",42118,412,91,010c62a504d18f06befdb638b6898ac83ed39ef7db251812d6aaedfd6ba961f9,4addff335526e77628b914bf83380de2c81030fb22994a739cb072c37c504f5d,7f05fb1c5e91cc3379f52fbf863cec9f54ac307f58aa857ffe585f6291b77a09,8a00835d13809d189a545d27b156834a3b8a30dce15741eee57ecbb851955632,36f84953e3a28962ea8d373098a8b9484d9e8539a87ca2cfd298364bf9a5b1c6,ccc0c75b3414027ea1b2b86a97407abd5011c87de895d7b1f0e3319cf4615b15,d1ff9377a8f47c3e1f0295bf965b9b818af8e05ced4f115546e1fe4b096e90d3,True,504.3778401738562,41,work/gate_c1/checkpoints/inner/d1ff9377a8f47c3e1f0295bf965b9b818af8e05ced4f115546e1fe4b096e90d3/manifest.json,78c03434ffaed1f292276ba0b7b07f56ec724ab879282e1b36c90f0af147a4f2,metric_ascending_then_epoch,inner,,,5.542613506317139,141,3.7787751000141725,0.0009231000440195203,5.542613628284134,,,4225,1567.875,65.49365234375,e90c4e1545c41f12ce4b39b9be88ef20324d7eb217b1ac5f7d3874b6b424b9aa,False,5,91,41,d1ff9377a8f47c3e1f0295bf965b9b818af8e05ced4f115546e1fe4b096e90d3,COMPLETED,b6ba2ac017d532319431e47619130a3d94842be0406ffb3ee96c6c747278048d
C03_causal_tcn,temporal_convolutional_network,rolling_origin_2022-05-17,rolling_origin_2022-05-17__inner_2_2021-11-02,15,a23d2bda92c8e91493326352ca4d086feeb942d383a33cdfc5de538cd367d9b6,"{""channels"":[32,32],""dropout"":0.1,""kernel_size"":3,""weight_decay"":0.01}",42119,412,91,010c62a504d18f06befdb638b6898ac83ed39ef7db251812d6aaedfd6ba961f9,4addff335526e77628b914bf83380de2c81030fb22994a739cb072c37c504f5d,7f05fb1c5e91cc3379f52fbf863cec9f54ac307f58aa857ffe585f6291b77a09,8a00835d13809d189a545d27b156834a3b8a30dce15741eee57ecbb851955632,36f84953e3a28962ea8d373098a8b9484d9e8539a87ca2cfd298364bf9a5b1c6,ccc0c75b3414027ea1b2b86a97407abd5011c87de895d7b1f0e3319cf4615b15,15bbe1237682a04e8ee133df6a33c7fdcc1a03fd1f76d235b81d63cd05cf8805,True,505.68802329892617,15,work/gate_c1/checkpoints/inner/15bbe1237682a04e8ee133df6a33c7fdcc1a03fd1f76d235b81d63cd05cf8805/manifest.json,d8aa11a5c88d2782b1c6f58b28117ca84c933a77098a524dd9758e63eeb31d6b,metric_ascending_then_epoch,inner,,,5.557011127471924,115,3.039683200069703,0.0011544000590220094,5.557011245043145,,,4225,1567.953125,65.49365234375,40a4a90336a489a5a1cc302404fb50b11bb38708dff6e2f5b8cf5183dc804d34,False,5,91,15,15bbe1237682a04e8ee133df6a33c7fdcc1a03fd1f76d235b81d63cd05cf8805,COMPLETED,3bd4d8cc7e08e6084c876274b78ec6b22d374090950bcaddc3390dd9e3cf98b6
C03_causal_tcn,temporal_convolutional_network,rolling_origin_2022-05-17,rolling_origin_2022-05-17__inner_2_2021-11-02,15,a23d2bda92c8e91493326352ca4d086feeb942d383a33cdfc5de538cd367d9b6,"{""channels"":[32,32],""dropout"":0.1,""kernel_size"":3,""weight_decay"":0.01}",42120,412,91,010c62a504d18f06befdb638b6898ac83ed39ef7db251812d6aaedfd6ba961f9,4addff335526e77628b914bf83380de2c81030fb22994a739cb072c37c504f5d,7f05fb1c5e91cc3379f52fbf863cec9f54ac307f58aa857ffe585f6291b77a09,8a00835d13809d189a545d27b156834a3b8a30dce15741eee57ecbb851955632,36f84953e3a28962ea8d373098a8b9484d9e8539a87ca2cfd298364bf9a5b1c6,ccc0c75b3414027ea1b2b86a97407abd5011c87de895d7b1f0e3319cf4615b15,50d52c48d35154be7759fc379dbee0870169760315593377c141dec85d5ed517,True,502.8534982745505,18,work/gate_c1/checkpoints/inner/50d52c48d35154be7759fc379dbee0870169760315593377c141dec85d5ed517/manifest.json,ee625bcb4e9bcac5f8c591dceb3d6318963cbb1cce286b1d3459769e1c72f210,metric_ascending_then_epoch,inner,,,5.525862216949463,118,3.175465299980715,0.0009665000252425671,5.5258626184016535,,,4225,1567.953125,65.49365234375,1aec8e4a7526b2307b109da858964e84ed4f744469a335bbf19b78da2d9adb96,False,5,91,18,50d52c48d35154be7759fc379dbee0870169760315593377c141dec85d5ed517,COMPLETED,13832ae4edf4da159e19bdea054e9113beb27836b1b9a0f4e5a9637619d13900
C03_causal_tcn,temporal_convolutional_network,rolling_origin_2022-05-17,rolling_origin_2022-05-17__inner_2_2021-11-02,15,a23d2bda92c8e91493326352ca4d086feeb942d383a33cdfc5de538cd367d9b6,"{""channels"":[32,32],""dropout"":0.1,""kernel_size"":3,""weight_decay"":0.01}",42121,412,91,010c62a504d18f06befdb638b6898ac83ed39ef7db251812d6aaedfd6ba961f9,4addff335526e77628b914bf83380de2c81030fb22994a739cb072c37c504f5d,7f05fb1c5e91cc3379f52fbf863cec9f54ac307f58aa857ffe585f6291b77a09,8a00835d13809d189a545d27b156834a3b8a30dce15741eee57ecbb851955632,36f84953e3a28962ea8d373098a8b9484d9e8539a87ca2cfd298364bf9a5b1c6,ccc0c75b3414027ea1b2b86a97407abd5011c87de895d7b1f0e3319cf4615b15,be95a6abd1752ef3cfd0ee6ff525fb2de4763055241d33b052c09275b520ec41,True,539.6155582884339,31,work/gate_c1/checkpoints/inner/be95a6abd1752ef3cfd0ee6ff525fb2de4763055241d33b052c09275b520ec41/manifest.json,28b99936d13ec7d6342d7e0329333f041093e621398f47f8cb35005039ec0732,metric_ascending_then_epoch,inner,,,5.929841041564941,131,3.513107299921103,0.0010778999421745539,5.9298412998729,,,4225,1567.97265625,65.49365234375,61d0fd80d7712ba28727f3db85b9a840d9c8d941659ba90d179afff0f91a3623,False,5,91,31,be95a6abd1752ef3cfd0ee6ff525fb2de4763055241d33b052c09275b520ec41,COMPLETED,327c30befedb5f304b1b0051684021a5a06f7a8274d980018ab51c001c62ea80
C03_causal_tcn,temporal_convolutional_network,rolling_origin_2022-05-17,rolling_origin_2022-05-17__inner_3_2022-03-01,15,a23d2bda92c8e91493326352ca4d086feeb942d383a33cdfc5de538cd367d9b6,"{""channels"":[32,32],""dropout"":0.1,""kernel_size"":3,""weight_decay"":0.01}",42117,503,14,39aa646abc71af790b5651b8d371ac3c5da9fc850975ea1f0e8eec1efe1ac7db,9400eab919178645d0c73e6bb3aa0c337b1fad589dd35096e9a2f2224f92f670,27b9d01554473ba0d7d5e204594bbe3764c21dd3a9ac94c3b6ba29d175b53e9c,baa127dc377d14a943bf7c5e7dc2bc49cb4fbb6b4bfc7fa7e4552964e94e8504,e86643bea02486a38d5b4d4b4c1e2929c4f5105d99aa1faa3b7b234c0750b1ba,9c550f8d59add4345a65b64acb3a283518f28cff2d54771a03c2797412edb43c,21403a79eb72084a02f9ae26cb54b5e59e7296a8cfdad5659eeda160f3ecd8ce,False,110.59490165596048,8,work/gate_c1/checkpoints/inner/21403a79eb72084a02f9ae26cb54b5e59e7296a8cfdad5659eeda160f3ecd8ce/manifest.json,8d5e406187cb29b2b51f7ad2cb3028c9ba3aadfc5761754e18c8c3fdee963ca4,metric_ascending_then_epoch,inner,,,7.899636268615723,108,4.491763100028038,0.0015899999998509884,7.899635832568606,,,4225,1567.55859375,65.31298828125,47e7861c1c6a9f1bef8617591db1c219c483a0829c17fb33267e8209cc26bfc2,False,5,14,8,21403a79eb72084a02f9ae26cb54b5e59e7296a8cfdad5659eeda160f3ecd8ce,COMPLETED,8db9e8cf8dbd267239b9c785b251283bd1c3ed96e65686a88a06458364958572
C03_causal_tcn,temporal_convolutional_network,rolling_origin_2022-05-17,rolling_origin_2022-05-17__inner_3_2022-03-01,15,a23d2bda92c8e91493326352ca4d086feeb942d383a33cdfc5de538cd367d9b6,"{""channels"":[32,32],""dropout"":0.1,""kernel_size"":3,""weight_decay"":0.01}",42118,503,14,39aa646abc71af790b5651b8d371ac3c5da9fc850975ea1f0e8eec1efe1ac7db,9400eab919178645d0c73e6bb3aa0c337b1fad589dd35096e9a2f2224f92f670,27b9d01554473ba0d7d5e204594bbe3764c21dd3a9ac94c3b6ba29d175b53e9c,baa127dc377d14a943bf7c5e7dc2bc49cb4fbb6b4bfc7fa7e4552964e94e8504,e86643bea02486a38d5b4d4b4c1e2929c4f5105d99aa1faa3b7b234c0750b1ba,9c550f8d59add4345a65b64acb3a283518f28cff2d54771a03c2797412edb43c,d9f836ce23e14cfcf5e331e5b3d7cc39b5e718fbb5b5bb0fcc976ec86631e2a7,False,88.1678131727489,298,work/gate_c1/checkpoints/inner/d9f836ce23e14cfcf5e331e5b3d7cc39b5e718fbb5b5bb0fcc976ec86631e2a7/manifest.json,a8eece857a77c6210414fcc3d87dcfe7b8015acf312dc56e0c6b7ac4c3b62314,metric_ascending_then_epoch,inner,,,6.29770040512085,398,12.860750799998641,0.0013229999458417296,6.2977009409106355,,,4225,1567.56640625,65.31298828125,95a7fc32d19608d4f431a4bf7105755559366b0f42fff40ff9633c1dfba11c69,False,5,14,298,d9f836ce23e14cfcf5e331e5b3d7cc39b5e718fbb5b5bb0fcc976ec86631e2a7,COMPLETED,2e1ba8b9dd93632e9761a344d42875c1373f68e7b8aade6e9951a843bdb4068c
C03_causal_tcn,temporal_convolutional_network,rolling_origin_2022-05-17,rolling_origin_2022-05-17__inner_3_2022-03-01,15,a23d2bda92c8e91493326352ca4d086feeb942d383a33cdfc5de538cd367d9b6,"{""channels"":[32,32],""dropout"":0.1,""kernel_size"":3,""weight_decay"":0.01}",42119,503,14,39aa646abc71af790b5651b8d371ac3c5da9fc850975ea1f0e8eec1efe1ac7db,9400eab919178645d0c73e6bb3aa0c337b1fad589dd35096e9a2f2224f92f670,27b9d01554473ba0d7d5e204594bbe3764c21dd3a9ac94c3b6ba29d175b53e9c,baa127dc377d14a943bf7c5e7dc2bc49cb4fbb6b4bfc7fa7e4552964e94e8504,e86643bea02486a38d5b4d4b4c1e2929c4f5105d99aa1faa3b7b234c0750b1ba,9c550f8d59add4345a65b64acb3a283518f28cff2d54771a03c2797412edb43c,60b8348b9d26527655df7f16bd99fe2f00a8b308902571c5e830e8554e4c47d8,False,100.7628471955656,110,work/gate_c1/checkpoints/inner/60b8348b9d26527655df7f16bd99fe2f00a8b308902571c5e830e8554e4c47d8/manifest.json,d9c7945d48cb7b7e2d3ac61f0c0e2e13d93e40386d2cca41f45ae1636ffa1b7e,metric_ascending_then_epoch,inner,,,7.1973466873168945,210,8.535969100077637,0.0009610999841243029,7.197346228254686,,,4225,1567.6171875,65.31298828125,0f485a70da287f8c62b920b52104748d46d2a263c5b4c8ab27c9cd90a7150962,False,5,14,110,60b8348b9d26527655df7f16bd99fe2f00a8b308902571c5e830e8554e4c47d8,COMPLETED,c0a184954fa40c21ec36d5830cf7dfd84bf8b94b55fd23d35ff888c044e47039
C03_causal_tcn,temporal_convolutional_network,rolling_origin_2022-05-17,rolling_origin_2022-05-17__inner_3_2022-03-01,15,a23d2bda92c8e91493326352ca4d086feeb942d383a33cdfc5de538cd367d9b6,"{""channels"":[32,32],""dropout"":0.1,""kernel_size"":3,""weight_decay"":0.01}",42120,503,14,39aa646abc71af790b5651b8d371ac3c5da9fc850975ea1f0e8eec1efe1ac7db,9400eab919178645d0c73e6bb3aa0c337b1fad589dd35096e9a2f2224f92f670,27b9d01554473ba0d7d5e204594bbe3764c21dd3a9ac94c3b6ba29d175b53e9c,baa127dc377d14a943bf7c5e7dc2bc49cb4fbb6b4bfc7fa7e4552964e94e8504,e86643bea02486a38d5b4d4b4c1e2929c4f5105d99aa1faa3b7b234c0750b1ba,9c550f8d59add4345a65b64acb3a283518f28cff2d54771a03c2797412edb43c,cf310495a37198c883860a9f263bad79338bd97b1891fa3072a10954833c7ff1,False,74.59503433874741,583,work/gate_c1/checkpoints/inner/cf310495a37198c883860a9f263bad79338bd97b1891fa3072a10954833c7ff1/manifest.json,760e4421ee889e3aa6ee193b1d4a1ccfe58b61e48d617d5399e0a03a13b2250d,metric_ascending_then_epoch,inner,,,5.328217029571533,683,22.184220700059086,0.001688400050625205,5.328216738481958,,,4225,1567.62890625,65.31298828125,a2301fa797677375180c154dc645bfb555b7646c362d1287aeefb3095ab68c5d,False,5,14,583,cf310495a37198c883860a9f263bad79338bd97b1891fa3072a10954833c7ff1,COMPLETED,3d9a36cc6a5ddcac5bc47aaec4fa1c0e68f753361bd3346ec4b98289fef5c54f
C03_causal_tcn,temporal_convolutional_network,rolling_origin_2022-05-17,rolling_origin_2022-05-17__inner_3_2022-03-01,15,a23d2bda92c8e91493326352ca4d086feeb942d383a33cdfc5de538cd367d9b6,"{""channels"":[32,32],""dropout"":0.1,""kernel_size"":3,""weight_decay"":0.01}",42121,503,14,39aa646abc71af790b5651b8d371ac3c5da9fc850975ea1f0e8eec1efe1ac7db,9400eab919178645d0c73e6bb3aa0c337b1fad589dd35096e9a2f2224f92f670,27b9d01554473ba0d7d5e204594bbe3764c21dd3a9ac94c3b6ba29d175b53e9c,baa127dc377d14a943bf7c5e7dc2bc49cb4fbb6b4bfc7fa7e4552964e94e8504,e86643bea02486a38d5b4d4b4c1e2929c4f5105d99aa1faa3b7b234c0750b1ba,9c550f8d59add4345a65b64acb3a283518f28cff2d54771a03c2797412edb43c,011de0250b99795466fd9840b8231917f5ded3da193143eb841be46de587f4c9,False,125.57813313986723,12,work/gate_c1/checkpoints/inner/011de0250b99795466fd9840b8231917f5ded3da193143eb841be46de587f4c9/manifest.json,7724db476614dda1552dc56da461c874b63b3a804882b818308b16cc74fd7f98,metric_ascending_then_epoch,inner,,,8.969866752624512,112,3.494921100093052,0.0009214000310748816,8.96986665284766,,,4225,1567.65625,65.31298828125,1652b81c57b79bf65759169f7a54c75caedddebc3b5e2f0c9fed4b061ffd2b55,False,5,14,12,011de0250b99795466fd9840b8231917f5ded3da193143eb841be46de587f4c9,COMPLETED,0ac15db09f71c5e6f95f94a1c4f40a310238d69699a4371b12b6e99162946b0d
