correction_id,origin,target_type,target_ids,source_id,pdf_page,field,old_value,new_value,reason,severity,ledger_ref,status,confidence,affected_catalogues,basis
QA-C-M001,QA_MANUAL,OLD_EV,EV-RMR-1102,VKM-SRC-025,94,pdf_page,94,45,p.94 shows Рис.3.20 (lateral-pressure effects); Рис.2.13 caption is on p.45 (OCR p0045 l.37; new record EV-VN-S025-0255 EXACT),MAJOR,OLD:EV-RMR-1102 (QA-M-0061),PROPOSED,HIGH,mechanics_evidence_catalog.csv; rheology_evidence_catalog.csv; physical_evidence_v1 claims,QA-M-0061: OCR_SEARCH->RENDER120(p94)->NEW_RECORDS(p45); render VKM-SRC-025 p94 @120 dpi
QA-C-M002,QA_MANUAL,OLD_EV,EV-RMR-1102,VKM-SRC-025,45,locator_verification,NOT_FOUND,VERIFIED_QUOTE (caption on p.45),caption text matches OCR of p.45,MINOR,OLD:EV-RMR-1102 (QA-M-0061),PROPOSED,MEDIUM,mechanics_evidence_catalog.csv; rheology_evidence_catalog.csv; physical_evidence_v1 claims,QA-M-0061: OCR_SEARCH->RENDER120(p94)->NEW_RECORDS(p45); render VKM-SRC-025 p94 @120 dpi
QA-C-M003,QA_MANUAL,OLD_EV,EV-RMR-1109,VKM-SRC-025,159,pdf_page,159,160-161,"(6.2) and Рис.6.6 are on p.160, (6.3)-(6.4) and Рис.6.7 on p.161; p.159 is prose only",MAJOR,OLD:EV-RMR-1109 (QA-M-0062),PROPOSED,HIGH,mechanics_evidence_catalog.csv; rheology_evidence_catalog.csv; physical_evidence_v1 claims,"QA-M-0062: OCR->RENDER130(p159,p160,p161)->NEW_RECORDS; render VKM-SRC-025 p161 @130 dpi"
QA-C-M004,QA_MANUAL,OLD_EV,EV-RMR-1109,VKM-SRC-025,160-161,verbatim_quote,"OCR garbage ('ко] Дб К =, (6.2) ...')",visual transcription: K_t1^корр = Δσ_t/Δσ_пол (6.2); σпр − σ∞ = (σпр − σ∞_t1)/K_t1^корр (6.3); K_t^∞ = 1 − (1/K_t1^корр)[1 − K_t^1] (6.4),quote field must be verbatim and legible; OCR string is not a quote,MAJOR,OLD:EV-RMR-1109 (QA-M-0062),PROPOSED,HIGH,mechanics_evidence_catalog.csv; rheology_evidence_catalog.csv; physical_evidence_v1 claims,"QA-M-0062: OCR->RENDER130(p159,p160,p161)->NEW_RECORDS; render VKM-SRC-025 p161 @130 dpi"
QA-C-M005,QA_MANUAL,OLD_EV,EV-RMR-1177,VKM-SRC-014,188,pdf_page,188,188-191,"example spans p.188-191 (22,09 МПа on p.190; 21,99 on p.191)",MINOR,OLD:EV-RMR-1177 (QA-M-0064),PROPOSED,MEDIUM,mechanics_evidence_catalog.csv; rheology_evidence_catalog.csv; physical_evidence_v1 claims,QA-M-0064: TL
QA-C-M006,QA_MANUAL,OLD_EV,EV-RMR-1162,VKM-SRC-014,194,pdf_page,194,194-195,(7.31) is on p.195,MINOR,OLD:EV-RMR-1162 (QA-M-0063),PROPOSED,MEDIUM,mechanics_evidence_catalog.csv; rheology_evidence_catalog.csv; physical_evidence_v1 claims,QA-M-0063: TL(equation numbers)->PROSE
QA-C-M007,QA_MANUAL,OLD_EV,EV-RMR-1103 EV-RMR-1104 EV-RMR-1105 EV-RMR-1159 EV-GEO-0329 EV-GEO-0330 EV-GEO-0331 EV-GEO-0332 EV-GEO-0333 EV-GEO-0334 EV-GEO-0335,VKM-SRC-025,12-15;153-154,extraction_method,OCR,OCR_VISUALLY_CONFIRMED,OCR-only numbers confirmed on rendered pages (130/110 dpi),MINOR,"QA_MANUAL (S025 p153/154, p12-15) (QA-M-0034)",PROPOSED,MEDIUM,mechanics_evidence_catalog.csv; rheology_evidence_catalog.csv; physical_evidence_v1 claims; geology_evidence.csv; borehole_catalog.csv,QA-M-0034: OCR->RENDER130->FIGURE->PROSE; render VKM-SRC-025 p153 @130 dpi
QA-C-M008,QA_MANUAL,OLD_EV,EV-GEO-0180 EV-GEO-0181,VKM-SRC-011,131,locator_verification,VISUAL_NOT_CHECKABLE,"VISUAL_CONFIRMED (скв.128 174,40; 129-220 160,77; 2010 max ≈1090 мм at Rp 64)","rendered at 200/400 dpi and independently digitized; attribution (блок 201 СКРУ-1, профильная линия 12, наблюдения с 1989) confirmed in p.130 text layer",MAJOR,QA_MANUAL S011 p131 (QA-M-0039),PROPOSED,HIGH,geology_evidence.csv; borehole_catalog.csv; physical_evidence_v1 claims,QA-M-0039: TL(p130 prose)->RENDER200->CROP400->DIGITIZATION->CAPTION->LEGEND; render VKM-SRC-011 p131 @400 dpi crop
QA-C-M009,QA_MANUAL,OLD_EV,EV-GEO-0181,VKM-SRC-011,131,epistemic_status,FACT (graphic reading),"DERIVATION (digitized from levelling graph, ±~15 мм); underlying levelling = FACT of the company survey (secondary reproduction)",digitized curve values are derivations,MAJOR,QA_MANUAL S011 p131 (QA-M-0039),PROPOSED,HIGH,geology_evidence.csv; borehole_catalog.csv; physical_evidence_v1 claims,QA-M-0039: TL(p130 prose)->RENDER200->CROP400->DIGITIZATION->CAPTION->LEGEND; render VKM-SRC-011 p131 @400 dpi crop
QA-C-M010,QA_MANUAL,OLD_EV,EV-MIN-0302..EV-MIN-0328,VKM-SRC-023,42-43,locator_verification,VISUAL_NOT_CHECKABLE,VISUAL_CONFIRMED,Рис.14-18 re-read at 150/300 dpi; all values identical,MINOR,QA_MANUAL S023 p42/p43 (QA-M-0001),PROPOSED,MEDIUM,mining_geometry_catalog.csv; physical_evidence_v1 claims,QA-M-0001: TL(none)->RENDER150->CROP300->CAPTION->PROSE; render VKM-SRC-023 p42 @300 dpi crop
QA-C-M011,QA_MANUAL,OLD_EV,EV-MIN-1311..EV-MIN-1327,VKM-SRC-037,55-56,locator_verification,VISUAL_NOT_CHECKABLE,VISUAL_CONFIRMED,"Рис.3.27-3.30 re-read at 200 dpi; all dimensions identical; 13 vs 13,5 м conflict retained",MINOR,QA_MANUAL S037 p55/p56 (QA-M-0019),PROPOSED,MEDIUM,mining_geometry_catalog.csv; physical_evidence_v1 claims,QA-M-0019: OCR->RENDER200->CAPTION->XSRC(023 Fig.17; old EV-MIN); render VKM-SRC-037 p55 @200 dpi crop
QA-C-M012,QA_MANUAL,OLD_EV,EV-MIN-0570 EV-MIN-0571 EV-MIN-0572 EV-MIN-0573,VKM-SRC-026,22,locator_verification,VISUAL_NOT_CHECKABLE,"VISUAL_CONFIRMED (9,0/17,0/26,0 м)",Рис.14 read at 150 dpi,MINOR,QA_MANUAL S026 p22 (QA-M-0046),PROPOSED,MEDIUM,mining_geometry_catalog.csv; physical_evidence_v1 claims,QA-M-0046: TL(caption)->RENDER150->XSRC(037 p56); render VKM-SRC-026 p22 @150 dpi
QA-C-M013,QA_MANUAL,NEW_CONFLICT,EV-MIN-0570..0572 / EV-VN-S026-0109 vs EV-MIN-1326 / EV-VN-S037-0414,VKM-SRC-026;VKM-SRC-037,22;56,conflict_note (add),(none - new conflict row),"SKRU-1 carnallite seam Вк: 1992 normative (037 рис.3.30а) камера 8 / МКЦ 19 / межосевое 27 м vs 2018 teaching manual citing current design (026 рис.14) 9 / 17 / 26 м - different design epochs; keep both, no averaging",no existing conflict row found in merged records,MAJOR,QA_MANUAL S026 p22 (QA-M-0046),PROPOSED,HIGH,mining_geometry_catalog.csv; physical_evidence_v1 claims; mechanics_evidence_catalog.csv,QA-M-0046: TL(caption)->RENDER150->XSRC(037 p56); render VKM-SRC-026 p22 @150 dpi
QA-C-M014,QA_MANUAL,OLD_EV,EV-MIN-0337,VKM-SRC-025,16,locator_verification + scope,VISUAL_NOT_CHECKABLE,"VISUAL_CONFIRMED; scope VKM_REGIONAL (illustrative generic scheme, not SKRU-1)",Рис.1.4 read at 130 dpi,MINOR,QA_MANUAL S025 p16 (QA-M-0070),PROPOSED,MEDIUM,mining_geometry_catalog.csv; physical_evidence_v1 claims,QA-M-0070: RENDER130->CAPTION->XSRC(037 p55); render VKM-SRC-025 p16 @130 dpi
QA-C-M015,QA_MANUAL,OLD_EV,EV-SYN-0002 EV-SYN-0003,VKM-SRC-012,67,locator_verification,VISUAL_NOT_CHECKABLE,VISUAL_CONFIRMED (legends 65.71-123.83; 16.70-35.26),rendered at 200 dpi,MINOR,QA_MANUAL S012 p67 (QA-M-0008),PROPOSED,MEDIUM,spatial_hierarchy.csv; mining_geometry_catalog.csv; physical_evidence_v1 claims,"QA-M-0008: TL(caption)->RENDER200->INDEPENDENT_DIGITIZATION->CROP400(1407)->PROSE(p70,p72); render VKM-SRC-012 p67 @200 dpi"
QA-C-M016,QA_MANUAL,OLD_EV,EV-RMR-1089..EV-RMR-1098,VKM-SRC-025,64,site / evidence_scope,[→quote],"VKM_REGIONAL; site = 'Сибирское' (structure/field name inside the VKM contour, exact location UNKNOWN); not SKRU-1","protocol shows VKM carnallite-zone stratigraphy (зона карналлитовая, пласт И-К); VKM-SRC-011 p.20 lists 'Сибирская' among positive structures of the Solikamsk depression",MAJOR,QA_MANUAL S025 p64 (QA-M-0067),PROPOSED,HIGH,mechanics_evidence_catalog.csv; rheology_evidence_catalog.csv; physical_evidence_v1 claims,QA-M-0067: OCR->RENDER130->FORM_ARITHMETIC->XSRC(SRC-011 p20); render VKM-SRC-025 p64 @130 dpi
QA-C-M017,QA_MANUAL,OLD_EV,EV-GEO-0229,VKM-SRC-012,87,limitations,'TVD' interpreted as MD − 158.9 m,"MD picks = FACT as printed; 'TVD' labels = constant offset 158,90 m -> probable subsea depth with KB ≈ +158,9 м (HYPOTHESIS); absolute elevations INTERPOLATION until KB elevation is documented",verified all 7 pick pairs at 400 dpi,MINOR,QA_MANUAL S012 p87 (QA-M-0044),PROPOSED,MEDIUM,geology_evidence.csv; borehole_catalog.csv; physical_evidence_v1 claims,QA-M-0044: RENDER150->CROP400->HEADER->ARITHMETIC_OFFSET; render VKM-SRC-012 p87 @400 dpi crop
QA-C-M018,QA_MANUAL,OLD_EV,EV-SYN-0021,VKM-SRC-012,28,limitations / epistemic_status,DERIVED ≈205 ± 30 м,DERIVATION with unquantified scale error (Рис.1.1 has no scale bar/grid; scale inferred from a rounded textual distance); positions from Рис.1.1 are topological only,visual check of Рис.1.1,MINOR,QA_MANUAL S012 p28 (QA-M-0045),PROPOSED,MEDIUM,spatial_hierarchy.csv; mining_geometry_catalog.csv; physical_evidence_v1 claims,QA-M-0045: RENDER150->CAPTION->PROSE; render VKM-SRC-012 p28 @150 dpi
QA-C-M019,QA_MANUAL,OLD_EV,EV-MON-0056,VKM-SRC-002,13,evidence_scope,GENERAL_METHOD (sweep proposes NON_VKM),UNSTATED (site UNKNOWN); not attributable to VKM or SKRU-1,landscape impression (meanders/oxbows) is not evidence of NON_VKM; no place name on slide,MINOR,QA_MANUAL S002 p13 (QA-M-0041),PROPOSED,MEDIUM,monitoring_observation_catalog.csv; physical_evidence_v1 claims,QA-M-0041: RENDER110->CAPTION; render VKM-SRC-002 p13 @110 dpi
QA-C-M020,QA_MANUAL,OLD_EV,EV-MON-0058 EV-MON-0059 EV-MON-0060 EV-MON-0061 EV-MON-0062,VKM-SRC-002,14-15,epistemic_status / spatial_support,FACT (graph readings),DERIVATION (digitized); spatial support UNKNOWN (point/line locations not given),slide graphs without coordinates or benchmark lists,MAJOR,QA_MANUAL S002 p14/p15 (QA-M-0042),PROPOSED,HIGH,monitoring_observation_catalog.csv; physical_evidence_v1 claims,QA-M-0042: TL(legend)->RENDER110->CAPTION; render VKM-SRC-002 p14 @110 dpi
QA-C-M021,QA_MANUAL,NEW_VN,EV-VN-S023-0293 EV-VN-S023-0381,VKM-SRC-023,46;73,status,FACT,INTERPOLATION,values are the legend maximum (4 300 мм) of an interpolated raster (caption 'Интерполяция данных оседания') and a contour label (4000 мм),CRITICAL,QA_MANUAL S023 p46/p73 (QA-M-0007),PROPOSED,HIGH,mechanics_evidence_catalog.csv,QA-M-0007: RENDER150->CROP400->CAPTION->PROSE; render VKM-SRC-023 p73 @400 dpi crop
QA-C-M022,QA_MANUAL,NEW_VN,EV-VN-S023-0375 EV-VN-S023-0380,VKM-SRC-023,69;73,status,FACT,INTERPOLATION (isolines of an enterprise/derived subsidence surface; epoch not stated),interpolation != observation,MAJOR,QA_MANUAL S023 p46/p73 (QA-M-0007),PROPOSED,HIGH,monitoring_observation_catalog.csv,QA-M-0007: RENDER150->CROP400->CAPTION->PROSE; render VKM-SRC-023 p73 @400 dpi crop
QA-C-M023,QA_MANUAL,NEW_VN,EV-VN-S023-0182 EV-VN-S023-0183 EV-VN-S023-0196,VKM-SRC-023,37,scope,SKRU2 (keep),SKRU2 confirmed by title block; must never be attached to SKRU-1 geometry,title block [→quote] at 400 dpi,MAJOR,QA_MANUAL S023 p37 (QA-M-0006),PROPOSED,HIGH,mining_geometry_catalog.csv; information_lifecycle_matrix.csv,QA-M-0006: TL(caption)->RENDER150->CROP400(title block)->PROSE; render VKM-SRC-023 p37 @400 dpi crop
QA-C-M024,QA_MANUAL,NEW_VN,EV-VN-S012-0370..EV-VN-S012-0400,VKM-SRC-012,67,status,FACT,DERIVATION (digitized label-centre position ±150 map units; CRS unnamed),GRAPH_DIGITIZED values; independent re-digitization agrees within ±40 units,MAJOR,QA_MANUAL S012 p67 (QA-M-0008),PROPOSED,HIGH,physical_evidence_v1 claims,"QA-M-0008: TL(caption)->RENDER200->INDEPENDENT_DIGITIZATION->CROP400(1407)->PROSE(p70,p72); render VKM-SRC-012 p67 @200 dpi"
QA-C-M025,QA_MANUAL,NEW_VN,EV-VN-S011-1321,VKM-SRC-011,63,quote / lithology_notes / core,'ПЦТ 596 m to 613 m depth'; core=yes,"ПЦТ thickness 596 m, base 613 m; core = no (ГИС interpretation, ПермНИПИнефть 1984); replace English paraphrase by verbatim caption","Рис.2.52 read at 200 dpi (column 'Мощность, м' = 596)",MAJOR,QA_MANUAL S011 p63 (QA-M-0014),PROPOSED,HIGH,borehole_catalog.csv,QA-M-0014: TL->RENDER200->CAPTION->PROSE; render VKM-SRC-011 p63 @200 dpi
QA-C-M026,QA_MANUAL,NEW_VN,EV-VN-S037-0883 (+ any record using γ from p.331),VKM-SRC-037,166,unit,"γ=2,2 кН/м³ (as printed)","physical value 22 кН/м³ (2,2 т/м³); printed unit is a misprint; handwritten marginalia on the scan are NOT source text","visual check; consistent with γ=0,022 МН/м³ on p.182",MAJOR,QA_MANUAL S037 p166 (QA-M-0028),PROPOSED,HIGH,visual_ocr_qa_ledger.csv; catalogues of the records extracted from the same page/figure,"QA-M-0028: OCR->RENDER150->PROSE->XSRC(p.182 γ=0,022 МПа/м); render VKM-SRC-037 p166 @150 dpi"
QA-C-M027,QA_MANUAL,NEW_VN,EV-VN-S037-0682 EV-VN-S037-0685,VKM-SRC-037,110,usage flag,"СКПРУ-1 В(карн.) max 0,41","keep as printed; flag 'max<min - source misprint, do not use as bound'",visual check confirms print; row logic violated,MINOR,QA_MANUAL S037 p110 (QA-M-0021),PROPOSED,MEDIUM,mechanics_evidence_catalog.csv; conflict notes,QA-M-0021: OCR->RENDER200->PROSE->ROW_LOGIC; render VKM-SRC-037 p110 @200 dpi crop
QA-C-M028,QA_MANUAL,NEW_VN,EV-VN-S037-0323,VKM-SRC-037,39,evidence_type / spatial_support,horizon_pick FACT,DESIGN_VALUE/DESCRIPTIVE of a schematic typical section of СКПРУ-2 (not a borehole pick; ANALOGUE for SKRU-1),Рис.2.10 is a schematic section,MINOR,QA_MANUAL S037 p39 (QA-M-0018),PROPOSED,MEDIUM,borehole_picks.csv,QA-M-0018: RENDER300+ROTATE->CAPTION; render VKM-SRC-037 p39 @300 dpi crop
QA-C-M029,QA_MANUAL,NEW_VN,EV-VN-S037-0169..EV-VN-S037-0172,VKM-SRC-037,15,conditions,'... [20]',remove '[20]' (reference not printed on this page) or locate it,visual check of Табл.1.5 note,MINOR,QA_MANUAL S037 p15 (QA-M-0027),PROPOSED,MEDIUM,physical_evidence_v1 claims,QA-M-0027: OCR->RENDER150->NOTE->XSRC(old EV-MIN); render VKM-SRC-037 p15 @150 dpi
QA-C-M030,QA_MANUAL,NEW_VN,EV-VN-S020-0050 EV-VN-S020-0051 EV-VN-S020-0052 EV-VN-S020-0053 EV-VN-S020-0054 EV-VN-S020-0055 EV-VN-S020-0056 EV-VN-S020-0057 EV-VN-S020-0058 EV-VN-S020-0059 EV-VN-S020-0060 EV-VN-S020-0061 EV-VN-S020-0062 EV-VN-S020-0063 EV-VN-S020-0064 EV-VN-S020-0065 EV-VN-S020-0066 EV-VN-S020-0067 EV-VN-S020-0068 EV-VN-S020-0069 EV-VN-S020-0070 EV-VN-S020-0071 EV-VN-S020-0072,VKM-SRC-020,8,borehole_id aliases + independence,"69(?), 98(?), 165, 106, 202, 176/178(?)","cross-source likely readings 89, 99, 185, 196, 282, 178 (VKM-SRC-037 рис.1.3 print); mark figure as reproduction of the same W-E profile (one evidence item)",same profile line in SRC-037 (1992) with crisp labels,MINOR,XSRC:S020p8-S037p6 (QA-M-0065),PROPOSED,MEDIUM,borehole_catalog.csv,QA-M-0065: RENDER150(both)->CROP400/500->CAPTION->XSRC; render VKM-SRC-037 p6 @400 dpi crop
QA-C-M031,QA_MANUAL,NEW_CONFLICT,EV-VN-S020-0018,VKM-SRC-020;VKM-SRC-014;VKM-SRC-011,"020:6,13;014:8,28,81;011:148",conflict_note (add),(none - new conflict row),"SKRU-1 site attribution: 020 (1998) legend 'Новосоликамский (СКПРУ-1,3)' vs 014 (2013) [→quote], central Solikamsk site, vs 011 table 'СКРУ-1 1930 Соликамский'; 020 p.13 itself puts СКПРУ-3 in the Соликамский участок",keep all; epoch-dependent naming possible,MAJOR,XSRC:SKRU1-SITE (QA-M-0071),PROPOSED,HIGH,visual_ocr_qa_ledger.csv; catalogues of the records extracted from the same page/figure,QA-M-0071: TL->RENDER150->PROSE(p13)->XSRC(014 p8/p28/p81; 011 p148); render VKM-SRC-020 p6 @150 dpi
QA-C-M032,QA_MANUAL,NEW_VN,EV-VN-S025-0326 EV-VN-S025-0330,VKM-SRC-025,64,scope + LABEL_ERROR note,UNSTATED,"VKM_REGIONAL (site 'Сибирское', location UNKNOWN); note form label 'Глубина от поверхности 100,49 м' equals |abs. mark| (form error); Z=212,11 м = collar elevation",arithmetic of printed fields and stratigraphy,MINOR,QA_MANUAL S025 p64 (QA-M-0067),PROPOSED,MEDIUM,borehole_catalog.csv; coordinate_datum_evidence.csv,QA-M-0067: OCR->RENDER130->FORM_ARITHMETIC->XSRC(SRC-011 p20); render VKM-SRC-025 p64 @130 dpi
QA-C-M033,QA_MANUAL,NEW_VN,EV-VN-S025-0857 (+ creep_law_registry entry of EV-RMR-1108),VKM-SRC-025,157,unit flag,1/сут,keep as printed; add UNIT_DOUBT flag (plausibility of '1/сут' vs '%/сут' to be checked in local phase against Рис.6.3/6.5),visual confirmation of printed law; unit semantics unverified,MAJOR,QA_MANUAL S025 p157 (QA-M-0068),PROPOSED,HIGH,rheology_evidence_catalog.csv; mechanics_evidence_catalog.csv; physical_evidence_v1 claims,QA-M-0068: OCR->RENDER130->FIGURE_AXIS->PROSE; render VKM-SRC-025 p157 @130 dpi
QA-C-M034,QA_MANUAL,SOURCE_DEPENDENCY,VKM-SRC-025 §1.2 / VKM-SRC-011 / VKM-SRC-018,VKM-SRC-025;VKM-SRC-018,025:12;018:7,independence,treated as independent sources,"025 §1.2 is authored by А.И. Кудряшов (footnote p.12) = author of VKM-SRC-011; 018 Рис.3 fault after 'А.И.Кудряшову, 2004' -> agreement between these is not independent confirmation",footnote/legend read visually,MINOR,QA_MANUAL S025 p12; S018 p7 (QA-M-0035),PROPOSED,MEDIUM,SOURCE_DEPENDENCY,QA-M-0035: OCR->RENDER110->FOOTNOTE; render VKM-SRC-025 p12 @110 dpi
QA-C-M035,QA_MANUAL,OLD_EV,EV-SYN-0001 EV-SYN-0002 EV-SYN-0003 EV-SYN-0004 EV-SYN-0005 EV-SYN-0006,VKM-SRC-012,66-69,layer / physical_variable,"layer per figure title (СМТ, ПП, ПКС, карналлитовая зона, сильвинитовая зона, ПдКС до МГ)","layer per grid name (TOP_BASE): Q..СМТ roof (overburden Q+ПЦТ+ТКТ), СМТ, ПП, ПКС, карналлитовая зона, сильвинитовая зона; ПдКС→МГ not mapped; status INTERPOLATION","legend headers + cross-check with borehole 1405 picks (p.87): Рис.3.6 range 52-96 m (~59 at 1405) = CZ thickness, not SZ (≈23 m); Рис.3.5 ~20 at 1405 = ПКС (19.7 m), not CZ (59 m)",CRITICAL,XSRC:S012-ISOCHORE-SHIFT (QA-M-0072),PROPOSED,HIGH,spatial_hierarchy.csv; mining_geometry_catalog.csv; physical_evidence_v1 claims,QA-M-0072: RENDER130/200->LEGEND->XSRC(borehole 1405 log picks p.87)->CONSISTENCY; render VKM-SRC-012 p68 @130 dpi
QA-C-M036,QA_MANUAL,NEW_VN,EV-VN-S023-0047,VKM-SRC-023,17,cited_primary_source / scope,reproduced from 'Бабаянц/Барях et al. ... 2021' (sweep guess),"primary = VKM-SRC-004 (Бабаянц, Барях, Михайлов и др. 2023, Геофиз. исслед. 24(2), Рис.1, p.44); scope OTHER_VKM_SITE (Berezniki); Filatova figure = secondary reproduction, do not count as independent",visual side-by-side identity,MAJOR,XSRC:S023Fig1-S004Fig1 (QA-M-0076),PROPOSED,HIGH,visual_ocr_qa_ledger.csv; catalogues of the records extracted from the same page/figure,QA-M-0076: RENDER110(both)->CAPTION->XSRC; render VKM-SRC-004 p6 @110 dpi
QA-C-M037,QA_MANUAL,TOOLING,merge_sweep.verify_quote / page_text,VKM-SRC-033;VKM-SRC-035;VKM-SRC-038,all,quote_check,NOT_FOUND/FUZZY (artefact),decode text layer cp1252->cp1251 when Latin-1-accented characters dominate; re-run quote check,text layers are cp1251 mojibake; quotes are verbatim after decoding,MINOR,GRP:MOJIBAKE-033-035-038 (QA-M-0078),PROPOSED,MEDIUM,TOOLING,QA-M-0078: TL(re-decoded)
QA-C-M038,QA_MANUAL,TOOLING,merge_sweep.verify_quote,VKM-SRC-023,all,quote_check,checked against LibreOffice-rendered PDF page text,check DOCX_TEXT quotes against docx-derived all.md/all.txt (page-independent),112 DOCX_TEXT quotes flagged NOT_FOUND/FUZZY are verbatim in all.md,MINOR,GRP:S023:DOCX_TEXT_OK (QA-M-0003),PROPOSED,MEDIUM,TOOLING,QA-M-0003: DOCX_TEXT->all.md
QA-C-M039,QA_MANUAL,OLD_EV,EV-MON-0120,VKM-SRC-009,1,original_unit / physical_class,'~5 м/год' with unit 'мм/год'; treated as monitoring subsidence,"unit м/год (as printed); physical class = settlement of salt-dump body (not ground subsidence over workings); ANALOGUE, OTHER_POTASH_SITE, unsourced number",text layer p1 and sweep render: [→quote] refers to salt dumps 120–150 m high,MINOR,EV-VN-S009-0004 (QA-M-0083),PROPOSED,MEDIUM,monitoring_observation_catalog.csv; physical_evidence_v1 claims,QA-M-0083: text layer->sweep rendered page->context
QA-C-M040,QA_MANUAL,NEW_VN,EV-VN-S024-0220 EV-VN-S024-0455,VKM-SRC-024,82;154,value (Rp14.1 η),single value in either record,"keep both: -25 мм (Табл.Пр.8) and -32 мм (Рис.25 data table); conflict flag; axis label 'η, м' on Рис.25 is a unit misprint (values in мм)",rendered p154 and p82 confirm internal conflict of the source; no primary log available,MINOR,EV-VN-S024-0459 (QA-M-0080),PROPOSED,MEDIUM,monitoring_observation_catalog.csv,QA-M-0080: text layer->rendered page (p154)->rendered page (p82 chart data table)->caption; render VKM-SRC-024 p154 @150 dpi
QA-C-M041,QA_MANUAL,NEW_VN,EV-VN-S037-0192 EV-VN-S037-0193 EV-VN-S040-0056 EV-VN-S040-0126,VKM-SRC-037;VKM-SRC-040;VKM-SRC-014,037:18;040:19;014:39,"depth_m (shaft 2-bis, SKRU-1)","295,6 m (VKM-SRC-037 Tabl.1.7, as printed; conflicts with its own concrete-lining interval 266,1-395,9 m)","395,9 m (VKM-SRC-040 Ris.1.4 after company report [55], 2015); keep 037 value 295,6 as a conflicting printed value flagged PROBABLE_MISPRINT; do not average","cross-source: 040 prints depth 395,9 with the same lining intervals; 014 Tabl.2.1 hoisting height of the 2-bis skip hoist 402 m is compatible only with a ~396 m shaft",MAJOR,XSRC:SKRU1-SHAFT2BIS-DEPTH,PROPOSED,HIGH,mining_geometry_catalog.csv; spatial_hierarchy.csv; borehole_catalog.csv (shaft 2-bis vertical section),QA render 037 p18 @300 dpi crop (QA-M-0016) + 040 p19 @130 dpi + text layer 014 p39; cross-source
QA-C-M042,QA_MANUAL,NEW_VN,EV-VN-S037-0672,VKM-SRC-037;VKM-SRC-014,"037:109;014:177,181","equation_plain (6.26), stage 2",T_p2 = T_p(K_och1)*(1 - T1/T_p1) (record silently altered the printed form),as printed: T_p2 = T_p (1 - T_1/T_p2) + flag PROBABLE_MISPRINT; intended form T_p2 = T'_p2 (1 - T_1/T_p1) documented as cross-source correction (VKM-SRC-014 (7.12) and worked example p.181; own example p.222),catalogue must hold the printed form and the evidence for the correction separately (no silent edits),MAJOR,EV-VN-S037-0672,PROPOSED,HIGH,MATHEMATICAL_MODEL_REGISTRY.csv; rheology_evidence_catalog.csv,QA render 037 p109 @150 dpi + crop @400 dpi; example 037 p112; text layer 014 p177/p181
QA-C-M043,QA_MANUAL,NEW_VN,EV-VN-S012-0416,VKM-SRC-012,72,"picks (borehole 1404, unit 'PP' at MD 212.68)",PP (MD_RKB top) = 212.68 m,"not a PP pick: the line labelled PP lies inside the carnallite zone (below CZ 161.70, above SZ 229.30) - reused label for an unnamed intra-zone horizon; 1404 PP top = UNKNOWN (above the displayed window)",stratigraphic order PP > PKS > CZ is violated; same label defect as sweep LABEL_ERROR on Ris.3.8,MAJOR,EV-VN-S012-0421,PROPOSED,HIGH,borehole_picks.csv; borehole_catalog.csv; stratigraphic_units.csv,QA render 012 p72 @150 dpi; deterministic order check
QA-C-M044,QA_MANUAL,NEW_VN,EV-VN-S012-0416 EV-VN-S012-0417 EV-VN-S012-0418 EV-VN-S012-0419 EV-VN-S012-0479,VKM-SRC-012,72;87,collar/KB elevation (hypothesis),collar_elevation_m null; 'TVD' labels stored as tvd_as_printed,"MD minus printed 'TVD' is constant per well: 1404 177.38, 1405 158.90, 1407 206.55, 1409 199.52 m -> 'TVD' behaves as depth below a common datum (probably sea level) and the constant as KB elevation: record as HYPOTHESIS (DERIVATION), not as collar elevation, until a collar list is found",deterministic offset check on printed pairs; datum not printed,MINOR,EV-VN-S012-0421,PROPOSED,MEDIUM,borehole_catalog.csv; coordinate_datum_evidence.csv,"QA render 012 p72 @150 dpi, p87 @400 dpi (QA-M-0044); subtraction of printed pairs"
QA-C-M045,QA_MANUAL,NEW_VN,EV-VN-S023-0048 EV-VN-S023-0354 EV-VN-S023-0355 EV-VN-S023-0373 EV-VN-S023-0375 EV-VN-S023-0380 EV-VN-S023-0381 EV-VN-S023-0382 EV-VN-S023-0384 EV-VN-S023-0386 EV-VN-S023-0387 EV-VN-S023-0441 EV-VN-S023-0442 EV-VN-S023-0444 EV-VN-S023-0445 EV-VN-S023-0446 EV-VN-S023-0452 EV-VN-S023-0467 EV-VN-S023-0536,VKM-SRC-023,40 (+ figures with graticules),status / crs of latitude-longitude positions,positions read from graticules treated as coordinates of SKRU-1 objects,DERIVATION: graticules result from the thesis author's control-point georeferencing of local-CS MapInfo layers onto a raster mine-field layout over OpenStreetMap (QGIS 3.30); accuracy UNKNOWN; never survey coordinates; the local mine CS of the source data has no published transformation key,method described by the author on p.40,MAJOR,EV-VN-S023-0204,PROPOSED,HIGH,coordinate_datum_evidence.csv; spatial_hierarchy.csv; monitoring_observation_catalog.csv; geology_evidence.csv,docx text p.40 + QA render p40 @110 dpi
QA-C-M046,QA_MANUAL,OLD_EV,EV-SYN-0021 EV-VN-S012-0571 EV-VN-S012-0581,VKM-SRC-012,56;105;107,value / epistemic_status (intermine pillar widths),EV-SYN-0021 ~205 +-30 m (scale inferred from Ris.1.1),"SKRU-1/SKRU-2 pillar ~200 m along profile line 1 (Ris.2.11 distance axis 0-~0,2 km; Ris.4.12 X ~37395-37595 m); SKRU-2/SKRU-3 pillar ~200 m (Ris.4.10 Y ~27440-27650 m); DERIVATION (digitized, pillar as represented in the author's model/figures), same source - not an independent survey",metric-axis figures give a better-founded reading than the inferred scale of Ris.1.1,MINOR,EV-VN-S012-0581,PROPOSED,MEDIUM,spatial_hierarchy.csv; mining_geometry_catalog.csv,"QA render 012 p105/p107/p108 @110 dpi, p56 @110 dpi"
QA-C-M047,QA_MANUAL,OLD_EV,EV-MIN-0109,VKM-SRC-014,117,claim (meaning of 26 m / 52 m on Ris.4.2),26 m / 52 m = spacing of neighbouring ore-pass / ventilation boreholes,26 m = chamber axis spacing (chamber + pillar) of carnallite seam Vk at SKRU-1; 52 m = spacing of ventilation boreholes (every second chamber),dimension lines join chamber axes (dash-dot) and two ventilation boreholes respectively; section 4.2 is SKRU-1,MAJOR,OLD:EV-MIN-0109,PROPOSED,HIGH,mining_geometry_catalog.csv; physical_evidence_v1 claims,sweep visual_check EV-VN-S014-0844 + QA render 014 p117 @130 dpi
QA-C-M048,QA_MANUAL,NEW_CONFLICT,EV-MIN-0109 EV-MIN-0570..0572 EV-MIN-1326,VKM-SRC-014;VKM-SRC-026;VKM-SRC-037,014:117;026:22;037:56,conflict_note (supplement to QA-C-M013),1992 (037) 8/19/27 m vs 2018 (026) 9/17/26 m for SKRU-1 seam Vk,add 2013 (014 Ris.4.2): chamber axis spacing 26 m for Vk at SKRU-1 -> epoch-dependent design (1992: 27 m; 2013/2018: 26 m); keep all values with dates,third dated source for the same design parameter,MINOR,OLD:EV-MIN-0109,PROPOSED,HIGH,mining_geometry_catalog.csv; chronology_conflicts.csv,"QA render 014 p117 @130 dpi; QA-M-0046 (026 p22), QA-M-0020 (037 p56)"
QA-C-M049,QA_MANUAL,OLD_EV,EV-RMB-0004,VKM-SRC-016,4,boundary conditions,lateral boundaries fixed (encastre-type),"lateral and bottom boundaries = rollers (normal displacement fixed, tangential free) - visual interpretation of drawing symbols (text silent)",support symbols are triangles with wheels at two levels on each lateral boundary and three under the bottom,MAJOR,OLD:EV-RMB-0004,PROPOSED,MEDIUM,MATHEMATICAL_MODEL_REGISTRY.csv (reference problem set-up); physical_evidence_v1 claims,sweep visual_check EV-VN-S016-0025 + QA render 016 p4 @130 dpi
QA-C-M050,QA_MANUAL,NEW_VN,EV-VN-S025-0502,VKM-SRC-025,90;94,pdf_page / locator,94,quote p.90 (prose); values digitized from Ris.3.20a p.94 (+-3 MPa),"quote found on p.90 (c4 0.95), figure on p.94",MINOR,EV-VN-S025-0502,PROPOSED,HIGH,mechanics_evidence_catalog.csv,OCR p90 + QA render p94 @130 dpi
QA-C-M051,QA_MANUAL,OLD_EV,EV-RMR-0440..EV-RMR-0471 EV-VN-S025-0422 EV-VN-S025-0423 EV-VN-S025-0424 EV-VN-S025-0425 EV-VN-S025-0426 EV-VN-S025-0427 EV-VN-S025-0428 EV-VN-S025-0429 EV-VN-S025-0433,VKM-SRC-025,82;83;85,"conflict flag (deformation modulus D of motley sylvinite, Tabl.3.3)","Tabl.3.3 D (dry) 0,83/0,66/1,99/1,81; (PTFE) 0,62/1,16/1,91/1,95 GPa used as plain values","keep as printed + conflict flag: Ris.3.13v (~0,31/0,51/0,84/0,94 and ~0,37/0,60/0,87/0,97 GPa) and Tabl.3.4 D_pr (0,32 / 0,51 / 0,96 GPa) agree with each other, not with Tabl.3.3 D; definition of Tabl.3.3 'D' doubtful; never average",three presentations of the same tests in one source disagree,MAJOR,XSRC:S025-TABL33-D,PROPOSED,HIGH,mechanics_evidence_catalog.csv; physical_evidence_v1 parameters.csv,"QA render 025 p82, p83, p85 @130 dpi"
QA-C-M052,QA_MANUAL,NEW_VN,EV-VN-S036-0044 EV-VN-S036-0049 EV-VN-S036-0064 EV-VN-S036-0070 EV-VN-S036-0091 EV-VN-S036-0096 EV-VN-S036-0108 EV-VN-S036-0116,VKM-SRC-036,6-16,status,FACT (scale CALIBRATED_EFFECTIVE_MODEL),"DERIVATION (calibrated model parameters fitted to small-specimen creep curves); E 1.5 GPa, sigma_c 5 MPa, viscosities per load level are NOT laboratory properties of sylvinite",tables are titled model parameters; values result from calibration,MINOR,EV-VN-S036-0050,PROPOSED,HIGH,rheology_evidence_catalog.csv; mechanics_evidence_catalog.csv,QA render 036 p7 @110 dpi
QA-C-M053,QA_MANUAL,NEW_VN,EV-VN-S025-0776,VKM-SRC-025,141,equation flag (5.2),tau formula stored [AS PRINTED] without flag,"flag PROBABLE_MISPRINT: printed tau deviates from the Cauchy relation tau^2 = sum sigma_i^2 cos^2 a_i - sigma^2 (index placement, angle set of the sigma_3^2 term, '+' instead of '-'); keep printed form; any Phase-2 use takes the TEXTBOOK_STANDARD form",formula is used to reduce triaxial contact tests,MINOR,EV-VN-S025-0776,PROPOSED,HIGH,MATHEMATICAL_MODEL_REGISTRY.csv; interfaces_damage_catalog.csv,QA render 025 p141 @130 dpi
QA-C-M054,QA_MANUAL,OLD_EV,EV-RMB-0088,VKM-SRC-012,78,validity range,"Ss = 0,597 e^(9,75e-04 Vp) - 20,0 without range",add validity range of the data: Vp ~3700-4570 m/s (Ss ~2-34 MPa); outside it the regression is extrapolation (Ss = 0 at Vp = 3600),visual reading of the scatter plot,MINOR,OLD:EV-RMB-0088,PROPOSED,MEDIUM,mechanics_evidence_catalog.csv; MATHEMATICAL_MODEL_REGISTRY.csv,QA render 012 p78 @130 dpi
QA-C-M055,QA_MANUAL,NEW_VN,EV-VN-S012-0587 EV-VN-S012-0581 EV-VN-S012-0571,VKM-SRC-012,94;107;108,model_choice note,Kt criterion maps and computed subsidence of the author's sections used without model qualification,"the author's FE section models are LINEAR ELASTIC (elastoplastic Mohr-Coulomb runs did not converge, ~1.4 million elements per section) - results are MODEL_OUTPUT of an elastic MODEL_CHOICE, not observations",prose p.94,MINOR,OLD:EV-MIN-0076,PROPOSED,HIGH,physics_coverage_and_execution_matrix.csv; MATHEMATICAL_MODEL_REGISTRY.csv,text layer 012 p94 + QA render p94 @110 dpi
QA-C-M056,QA_MANUAL,NEW_VN,EV-VN-S014-0852,VKM-SRC-014,115;119,scope,VKM_REGIONAL,SKRU1 (section 4.2 heading: carnallite seam Vk technology at the SKRU-1 mine),section heading p.115,MINOR,EV-VN-S014-0851,PROPOSED,HIGH,visual_ocr_qa_ledger.csv; stratigraphic_units.csv,text layer 014 p113-115
QA-C-M057,QA_MANUAL,NEW_VN,EV-VN-S037-0828,VKM-SRC-037;VKM-SRC-014,037:126;014:113-115,open question status,was seam V mined at SKPRU-1 (UNKNOWN),partially answered: VKM-SRC-014 (2013) documents extraction of sylvinite Vs (incl. joint Vs+AB) and carnallite Vk at SKRU-1; start dates and panels/blocks remain UNKNOWN,cross-source,MINOR,EV-VN-S037-0828,PROPOSED,MEDIUM,mining_chronology_catalog.csv; open questions,text layer 014 p113-115; QA render 037 p126 @150 dpi
QA-C-M058,QA_MANUAL,NEW_VN,EV-VN-S037-0364 EV-VN-S027-0058 EV-VN-S012-0221 EV-VN-S002-0010,VKM-SRC-037;VKM-SRC-027;VKM-SRC-012;VKM-SRC-002,037:45/47;027:4/6;012:42/45;002:10/6,pdf_page (split locator),single page (figure/table page),"quote page and value page recorded separately: 037-0364 quote p.45, figure p.47; 027-0058 quote p.4, table p.6; 012-0221 quote p.42, Ris.2.1 p.45; 002-0010 quote p.10, slide p.6",best-matching page of the quote differs from the figure page,MINOR,GRP:SPLIT-LOCATORS,PROPOSED,MEDIUM,all catalogues citing these vn_ids (locator),deterministic char-4gram page search
QA-C-M059,QA_MANUAL,NEW_VN,EV-VN-S012-0352 EV-VN-S012-0354 EV-VN-S012-0355,VKM-SRC-012,49;50;51,quote / spatial attribution,quotes with English annotation; scope SKRU1_SKRU2 per line,quote = verbatim legend date only; line 1 trough lies in SKRU-2 panels (Ris.2.11); side of lines 10 and 7 troughs relative to SKRU-1 = UNKNOWN (not labelled),charts mark only the pillar band,MINOR,EV-VN-S012-0354,PROPOSED,HIGH,monitoring_observation_catalog.csv; information_lifecycle_matrix.csv,"QA render 012 p49-51 @110 dpi, p56 @110 dpi"
QA-C-M060,QA_MANUAL,NEW_VN,EV-VN-S023-0204,VKM-SRC-023,40,data class,subsidence 2022 as a vector layer (.cpg sidecar),subsidence 2022 of SKRU-1 delivered as an Excel file; the .cpg belongs to a separate shapefile export,file icons on Ris.12,MINOR,EV-VN-S023-0204,PROPOSED,MEDIUM,monitoring_observation_catalog.csv; information_lifecycle_matrix.csv,QA render 023 p40 @110 dpi
QA-C-M061,QA_MANUAL,NEW_VN,EV-VN-S015-0040,VKM-SRC-015,6,confidence of picks,picks from borehole 1 log labels,labels are handwritten and only partly legible -> picks LOW confidence; height datum of the -140...-155 m marks UNKNOWN,visual check,MINOR,EV-VN-S015-0040,PROPOSED,MEDIUM,borehole_picks.csv; gpr_evidence_catalog.csv,QA render 015 p6 @130 dpi
QA-C-M062,QA_MANUAL,NEW_VN,EV-VN-S030-0038,VKM-SRC-030,3;4,transfer note,stress orientation evidence scoped VKM_REGIONAL,"orientations come from sub-salt strata at 1900-2405 m of oil fields (Sibirskoe, Unvinskoe, Yurchukskoe); salt-section intervals gave no measurable orientation -> any use for the SKRU-1 salt massif requires an explicit Transfer",Tabl.1 content,MINOR,EV-VN-S030-0038,PROPOSED,HIGH,mechanics_evidence_catalog.csv (in-situ stress),text layer p3 + QA render p4 @130 dpi
QA-C-M063,QA_MANUAL,NEW_VN,EV-VN-S011-0491 EV-VN-S011-0492 EV-VN-S011-0493 EV-VN-S011-0494,VKM-SRC-011,27,derived collar mark (addition),collar elevation null,"depth + absolute mark is constant within each well: 43s 108,58; 91 108,21; 17 108,76; 16 112,72; 99 117,58 m -> implied collar marks (DERIVATION, datum not stated); BKPRU-1 wells",deterministic consistency check of printed pairs,MINOR,EV-VN-S011-0491,PROPOSED,HIGH,borehole_catalog.csv; coordinate_datum_evidence.csv,QA render 011 p27 crop @300 dpi
QA-C-M064,QA_MANUAL,NEW_VN,EV-VN-S037-0781,VKM-SRC-037,134,seam label,"row 'IISVP, AV, Ural-10KS' (section 1, SKPRU-2)",'AV' is a probable misprint of AB (no seam AV in the VKM sequence); keep as printed with alias AB (probable),visual check of Tabl.7.11,MINOR,EV-VN-S037-0781,PROPOSED,MEDIUM,mining_geometry_catalog.csv,QA render 037 p134 @150 dpi
QA-C-M065,QA_MANUAL,NEW_VN,EV-VN-S012-0514,VKM-SRC-012,56,panel alias,panels 'I SPV -143' ... 'IV SPV -143' (Tabl.2.1),alias of 'I SVP' ... 'IV SVP' (-143) used on Ris.2.11 of the same page - 'SPV' is a label inconsistency,same panels on the same page,MINOR,EV-VN-S012-0514,PROPOSED,HIGH,spatial_hierarchy.csv; mining_geometry_catalog.csv,QA render 012 p56 @110 dpi
QA-C-M066,QA_MANUAL,NEW_VN,EV-VN-S035-0018,VKM-SRC-035,4,status / evidence type,FACT,DERIVATION of a MODEL_OUTPUT (digitized critical subsidence eta* from the authors' FE scenarios) - not an observed threshold,Ris.4 shows modelling results,MINOR,EV-VN-S035-0018,PROPOSED,HIGH,physics_coverage_and_execution_matrix.csv; MATHEMATICAL_MODEL_REGISTRY.csv,QA render 035 p4 @130 dpi
QA-C-R1-001,QA_RULE,NEW_VN,EV-VN-S001-0041 EV-VN-S001-0051 EV-VN-S001-0053 EV-VN-S001-0062,VKM-SRC-001,,status,FACT,DERIVATION (value digitized from a graph/map; keep digitization uncertainty),"extraction_method=GRAPH_DIGITIZED_APPROX: the figure is a FACT of the source, the number read from it is a derivation of this project",MAJOR,rule R1,PROPOSED,HIGH,monitoring_observation_catalog.csv,rule R1 over merged records (extraction_method + status)
QA-C-R1-002,QA_RULE,NEW_VN,EV-VN-S002-0030 EV-VN-S002-0032 EV-VN-S002-0033 EV-VN-S002-0034 EV-VN-S002-0035,VKM-SRC-002,,status,FACT,DERIVATION (value digitized from a graph/map; keep digitization uncertainty),"extraction_method=GRAPH_DIGITIZED_APPROX: the figure is a FACT of the source, the number read from it is a derivation of this project",MAJOR,rule R1,PROPOSED,HIGH,monitoring_observation_catalog.csv,rule R1 over merged records (extraction_method + status)
QA-C-R1-003,QA_RULE,NEW_VN,EV-VN-S003-0260 EV-VN-S003-0267,VKM-SRC-003,,status,FACT,DERIVATION (value digitized from a graph/map; keep digitization uncertainty),"extraction_method=GRAPH_DIGITIZED_APPROX: the figure is a FACT of the source, the number read from it is a derivation of this project",MAJOR,rule R1,PROPOSED,HIGH,monitoring_observation_catalog.csv,rule R1 over merged records (extraction_method + status)
QA-C-R1-004,QA_RULE,NEW_VN,EV-VN-S011-0675 EV-VN-S011-0676 EV-VN-S011-0677 EV-VN-S011-0678 EV-VN-S011-0679 EV-VN-S011-1705 EV-VN-S011-1815 EV-VN-S011-1816 EV-VN-S011-1817 EV-VN-S011-1818 EV-VN-S011-1819 EV-VN-S011-1820 EV-VN-S011-1821 EV-VN-S011-1822 EV-VN-S011-2080 EV-VN-S011-2093 EV-VN-S011-2097,VKM-SRC-011,,status,FACT,DERIVATION (value digitized from a graph/map; keep digitization uncertainty),"extraction_method=GRAPH_DIGITIZED_APPROX: the figure is a FACT of the source, the number read from it is a derivation of this project",MAJOR,rule R1,PROPOSED,HIGH,borehole_catalog.csv; claims (context); MATHEMATICAL_MODEL_REGISTRY.csv; monitoring_observation_catalog.csv,rule R1 over merged records (extraction_method + status)
QA-C-R1-005,QA_RULE,NEW_VN,EV-VN-S012-0233 EV-VN-S012-0234 EV-VN-S012-0239 EV-VN-S012-0240 EV-VN-S012-0241 EV-VN-S012-0242 EV-VN-S012-0278 EV-VN-S012-0340 EV-VN-S012-0341 EV-VN-S012-0342 EV-VN-S012-0343 EV-VN-S012-0344 EV-VN-S012-0370 EV-VN-S012-0371 EV-VN-S012-0372 EV-VN-S012-0373 EV-VN-S012-0374 EV-VN-S012-0375 EV-VN-S012-0376 EV-VN-S012-0377 EV-VN-S012-0378 EV-VN-S012-0379 EV-VN-S012-0380 EV-VN-S012-0381 EV-VN-S012-0382 EV-VN-S012-0383 EV-VN-S012-0384 EV-VN-S012-0385 EV-VN-S012-0386 EV-VN-S012-0387 EV-VN-S012-0388 EV-VN-S012-0389 EV-VN-S012-0390 EV-VN-S012-0391 EV-VN-S012-0392 EV-VN-S012-0393 EV-VN-S012-0394 EV-VN-S012-0395 EV-VN-S012-0396 EV-VN-S012-0397 EV-VN-S012-0398 EV-VN-S012-0399 EV-VN-S012-0400 EV-VN-S012-0444 EV-VN-S012-0447 EV-VN-S012-0450 EV-VN-S012-0459 EV-VN-S012-0561 EV-VN-S012-0562 EV-VN-S012-0568 EV-VN-S012-0571 EV-VN-S012-0579 EV-VN-S012-0581,VKM-SRC-012,,status,FACT,DERIVATION (value digitized from a graph/map; keep digitization uncertainty),"extraction_method=GRAPH_DIGITIZED_APPROX: the figure is a FACT of the source, the number read from it is a derivation of this project",MAJOR,rule R1,PROPOSED,HIGH,monitoring_observation_catalog.csv; borehole_catalog.csv; mechanics_evidence_catalog.csv; spatial_hierarchy.csv,rule R1 over merged records (extraction_method + status)
QA-C-R1-006,QA_RULE,NEW_VN,EV-VN-S014-0914 EV-VN-S014-0915 EV-VN-S014-0955,VKM-SRC-014,,status,FACT,DERIVATION (value digitized from a graph/map; keep digitization uncertainty),"extraction_method=GRAPH_DIGITIZED_APPROX: the figure is a FACT of the source, the number read from it is a derivation of this project",MAJOR,rule R1,PROPOSED,HIGH,mechanics_evidence_catalog.csv,rule R1 over merged records (extraction_method + status)
QA-C-R1-007,QA_RULE,NEW_VN,EV-VN-S015-0039 EV-VN-S015-0043 EV-VN-S015-0044,VKM-SRC-015,,status,FACT,DERIVATION (value digitized from a graph/map; keep digitization uncertainty),"extraction_method=GRAPH_DIGITIZED_APPROX: the figure is a FACT of the source, the number read from it is a derivation of this project",MAJOR,rule R1,PROPOSED,HIGH,gpr_evidence_catalog.csv,rule R1 over merged records (extraction_method + status)
QA-C-R1-008,QA_RULE,NEW_VN,EV-VN-S017-0021 EV-VN-S017-0031,VKM-SRC-017,,status,FACT,DERIVATION (value digitized from a graph/map; keep digitization uncertainty),"extraction_method=GRAPH_DIGITIZED_APPROX: the figure is a FACT of the source, the number read from it is a derivation of this project",MAJOR,rule R1,PROPOSED,HIGH,monitoring_observation_catalog.csv,rule R1 over merged records (extraction_method + status)
QA-C-R1-009,QA_RULE,NEW_VN,EV-VN-S021-0041 EV-VN-S021-0042 EV-VN-S021-0043,VKM-SRC-021,,status,FACT,DERIVATION (value digitized from a graph/map; keep digitization uncertainty),"extraction_method=GRAPH_DIGITIZED_APPROX: the figure is a FACT of the source, the number read from it is a derivation of this project",MAJOR,rule R1,PROPOSED,HIGH,borehole_catalog.csv; claims (context),rule R1 over merged records (extraction_method + status)
QA-C-R1-010,QA_RULE,NEW_VN,EV-VN-S024-0256 EV-VN-S024-0257 EV-VN-S024-0258 EV-VN-S024-0259 EV-VN-S024-0260,VKM-SRC-024,,status,FACT,DERIVATION (value digitized from a graph/map; keep digitization uncertainty),"extraction_method=GRAPH_DIGITIZED_APPROX: the figure is a FACT of the source, the number read from it is a derivation of this project",MAJOR,rule R1,PROPOSED,HIGH,borehole_catalog.csv,rule R1 over merged records (extraction_method + status)
QA-C-R1-011,QA_RULE,NEW_VN,EV-VN-S025-0255 EV-VN-S025-0259 EV-VN-S025-0260 EV-VN-S025-0265 EV-VN-S025-0359 EV-VN-S025-0502 EV-VN-S025-1035 EV-VN-S025-1040,VKM-SRC-025,,status,FACT,DERIVATION (value digitized from a graph/map; keep digitization uncertainty),"extraction_method=GRAPH_DIGITIZED_APPROX: the figure is a FACT of the source, the number read from it is a derivation of this project",MAJOR,rule R1,PROPOSED,HIGH,mechanics_evidence_catalog.csv; claims (context),rule R1 over merged records (extraction_method + status)
QA-C-R1-012,QA_RULE,NEW_VN,EV-VN-S029-0057 EV-VN-S029-0074 EV-VN-S029-0125 EV-VN-S029-0202,VKM-SRC-029,,status,FACT,DERIVATION (value digitized from a graph/map; keep digitization uncertainty),"extraction_method=GRAPH_DIGITIZED_APPROX: the figure is a FACT of the source, the number read from it is a derivation of this project",MAJOR,rule R1,PROPOSED,HIGH,mechanics_evidence_catalog.csv; hydro_evidence_catalog.csv,rule R1 over merged records (extraction_method + status)
QA-C-R1-013,QA_RULE,NEW_VN,EV-VN-S034-0016 EV-VN-S034-0032 EV-VN-S034-0036 EV-VN-S034-0037,VKM-SRC-034,,status,FACT,DERIVATION (value digitized from a graph/map; keep digitization uncertainty),"extraction_method=GRAPH_DIGITIZED_APPROX: the figure is a FACT of the source, the number read from it is a derivation of this project",MAJOR,rule R1,PROPOSED,HIGH,monitoring_observation_catalog.csv,rule R1 over merged records (extraction_method + status)
QA-C-R1-014,QA_RULE,NEW_VN,EV-VN-S035-0018,VKM-SRC-035,,status,FACT,DERIVATION (value digitized from a graph/map; keep digitization uncertainty),"extraction_method=GRAPH_DIGITIZED_APPROX: the figure is a FACT of the source, the number read from it is a derivation of this project",MAJOR,rule R1,PROPOSED,HIGH,mechanics_evidence_catalog.csv,rule R1 over merged records (extraction_method + status)
QA-C-R1-015,QA_RULE,NEW_VN,EV-VN-S036-0014,VKM-SRC-036,,status,FACT,DERIVATION (value digitized from a graph/map; keep digitization uncertainty),"extraction_method=GRAPH_DIGITIZED_APPROX: the figure is a FACT of the source, the number read from it is a derivation of this project",MAJOR,rule R1,PROPOSED,HIGH,mechanics_evidence_catalog.csv,rule R1 over merged records (extraction_method + status)
QA-C-R1-016,QA_RULE,NEW_VN,EV-VN-S037-0120 EV-VN-S037-0888 EV-VN-S037-0889 EV-VN-S037-0901 EV-VN-S037-0902 EV-VN-S037-0904 EV-VN-S037-0912 EV-VN-S037-0913 EV-VN-S037-0937 EV-VN-S037-0950 EV-VN-S037-0979 EV-VN-S037-1078 EV-VN-S037-1079,VKM-SRC-037,,status,FACT,DERIVATION (value digitized from a graph/map; keep digitization uncertainty),"extraction_method=GRAPH_DIGITIZED_APPROX: the figure is a FACT of the source, the number read from it is a derivation of this project",MAJOR,rule R1,PROPOSED,HIGH,claims (context); mechanics_evidence_catalog.csv; rheology_evidence_catalog.csv; hydro_evidence_catalog.csv,rule R1 over merged records (extraction_method + status)
QA-C-R1-017,QA_RULE,NEW_VN,EV-VN-S039-0020 EV-VN-S039-0021 EV-VN-S039-0024,VKM-SRC-039,,status,FACT,DERIVATION (value digitized from a graph/map; keep digitization uncertainty),"extraction_method=GRAPH_DIGITIZED_APPROX: the figure is a FACT of the source, the number read from it is a derivation of this project",MAJOR,rule R1,PROPOSED,HIGH,monitoring_observation_catalog.csv,rule R1 over merged records (extraction_method + status)
QA-C-R1-018,QA_RULE,NEW_VN,EV-VN-S040-0334,VKM-SRC-040,,status,FACT,DERIVATION (value digitized from a graph/map; keep digitization uncertainty),"extraction_method=GRAPH_DIGITIZED_APPROX: the figure is a FACT of the source, the number read from it is a derivation of this project",MAJOR,rule R1,PROPOSED,HIGH,borehole_picks.csv,rule R1 over merged records (extraction_method + status)
QA-C-R2-001,QA_RULE,NEW_VN,EV-VN-S002-0005 EV-VN-S002-0006 EV-VN-S002-0011 EV-VN-S002-0012 EV-VN-S002-0016 EV-VN-S002-0017,VKM-SRC-002,4;7;10,quote,English paraphrase / summary,verbatim source sentence(s) (Russian),quote field must be verbatim; numbers were checked on the page by numeric-token presence; n=6,MAJOR,QA-A-00049 QA-A-00050 QA-A-00053 QA-A-00054 QA-A-00055 QA-A-00056,PROPOSED,MEDIUM,monitoring_observation_catalog.csv; information_lifecycle_matrix.csv; MATHEMATICAL_MODEL_REGISTRY.csv,rule R2 over ledger QA_AUTO_QUOTE rows still UNRESOLVED (quote triage + numeric-token check)
QA-C-R2-002,QA_RULE,NEW_VN,EV-VN-S003-0157 EV-VN-S003-0295 EV-VN-S003-0296 EV-VN-S003-0297 EV-VN-S003-0298 EV-VN-S003-0299 EV-VN-S003-0300 EV-VN-S003-0301 EV-VN-S003-0302 EV-VN-S003-0387,VKM-SRC-003,43;78;79;80;109,quote,English paraphrase / summary,verbatim source sentence(s) (Russian),quote field must be verbatim; numbers were checked on the page by numeric-token presence; n=10,MAJOR,QA-A-00132 QA-A-00157 QA-A-00158 QA-A-00159 QA-A-00160 QA-A-00161 QA-A-00162 QA-A-00163 QA-A-00164 QA-A-00187,PROPOSED,MEDIUM,coordinate_datum_evidence.csv; SOURCE_CITATION_GRAPH.csv; MATHEMATICAL_MODEL_REGISTRY.csv,rule R2 over ledger QA_AUTO_QUOTE rows still UNRESOLVED (quote triage + numeric-token check)
QA-C-R2-003,QA_RULE,NEW_VN,EV-VN-S004-0015,VKM-SRC-004,3,quote,English paraphrase / summary,verbatim source sentence(s) (Russian),quote field must be verbatim; numbers were checked on the page by numeric-token presence; n=1,MAJOR,QA-A-00200,PROPOSED,MEDIUM,MATHEMATICAL_MODEL_REGISTRY.csv,rule R2 over ledger QA_AUTO_QUOTE rows still UNRESOLVED (quote triage + numeric-token check)
QA-C-R2-004,QA_RULE,NEW_VN,EV-VN-S005-0020 EV-VN-S005-0031,VKM-SRC-005,2;3,quote,English paraphrase / summary,verbatim source sentence(s) (Russian),quote field must be verbatim; numbers were checked on the page by numeric-token presence; n=2,MAJOR,QA-A-00224 QA-A-00228,PROPOSED,MEDIUM,stratigraphic_units.csv; coordinate_datum_evidence.csv,rule R2 over ledger QA_AUTO_QUOTE rows still UNRESOLVED (quote triage + numeric-token check)
QA-C-R2-005,QA_RULE,NEW_VN,EV-VN-S006-0113,VKM-SRC-006,19,quote,English paraphrase / summary,verbatim source sentence(s) (Russian),quote field must be verbatim; numbers were checked on the page by numeric-token presence; n=1,MAJOR,QA-A-00288,PROPOSED,MEDIUM,claims (context),rule R2 over ledger QA_AUTO_QUOTE rows still UNRESOLVED (quote triage + numeric-token check)
QA-C-R2-006,QA_RULE,NEW_VN,EV-VN-S011-1187 EV-VN-S011-1188 EV-VN-S011-1189 EV-VN-S011-1190 EV-VN-S011-1191 EV-VN-S011-1192 EV-VN-S011-1193 EV-VN-S011-1194 EV-VN-S011-1195 EV-VN-S011-1196 EV-VN-S011-1197 EV-VN-S011-1309 EV-VN-S011-1310 EV-VN-S011-1311 EV-VN-S011-1312 EV-VN-S011-1313 EV-VN-S011-1314 EV-VN-S011-1315 EV-VN-S011-1316 EV-VN-S011-1317 EV-VN-S011-1318 EV-VN-S011-1319 EV-VN-S011-1320 EV-VN-S011-1322 EV-VN-S011-1323 EV-VN-S011-1339 EV-VN-S011-1340 EV-VN-S011-1351 EV-VN-S011-1352 EV-VN-S011-1353 EV-VN-S011-1354 EV-VN-S011-1355 EV-VN-S011-1356 EV-VN-S011-1357 EV-VN-S011-1358 EV-VN-S011-1359 EV-VN-S011-1360 EV-VN-S011-1361 EV-VN-S011-1362 EV-VN-S011-1363 EV-VN-S011-1369 EV-VN-S011-1370 EV-VN-S011-1371 EV-VN-S011-1372 EV-VN-S011-1373 EV-VN-S011-1374 EV-VN-S011-1375 EV-VN-S011-1376 EV-VN-S011-1377 EV-VN-S011-1378 EV-VN-S011-1379 EV-VN-S011-1381 EV-VN-S011-1382 EV-VN-S011-1383 EV-VN-S011-1384 EV-VN-S011-1385 EV-VN-S011-1393 EV-VN-S011-1394 EV-VN-S011-2039 EV-VN-S011-3921 EV-VN-S011-3974,VKM-SRC-011,61;63;64;65;66;121;173;178,quote,English paraphrase / summary,verbatim source sentence(s) (Russian),quote field must be verbatim; numbers were checked on the page by numeric-token presence; n=61,MAJOR,QA-A-00769 QA-A-00770 QA-A-00771 QA-A-00772 QA-A-00773 QA-A-00774 QA-A-00775 QA-A-00776 QA-A-00777 QA-A-00778 QA-A-00779 QA-A-00818 QA-A-00819 QA-A-00820 QA-A-00821 QA-A-00822 QA-A-00823 QA-A-00824 QA-A-00825 QA-A-00826 QA-A-00827 QA-A-00828 QA-A-00829 QA-A-00831 QA-A-00832 QA-A-00834 QA-A-00835 QA-A-00837 QA-A-00838 QA-A-00839 QA-A-00840 QA-A-00841 QA-A-00842 QA-A-00843 QA-A-00844 QA-A-00845 QA-A-00846 QA-A-00847 QA-A-00848 QA-A-00849 QA-A-00853 QA-A-00854 QA-A-00855 QA-A-00856 QA-A-00857 QA-A-00858 QA-A-00859 QA-A-00860 QA-A-00861 QA-A-00862 ...,PROPOSED,MEDIUM,borehole_catalog.csv; MATHEMATICAL_MODEL_REGISTRY.csv; conflict notes; claims (context),rule R2 over ledger QA_AUTO_QUOTE rows still UNRESOLVED (quote triage + numeric-token check)
QA-C-R2-007,QA_RULE,NEW_VN,EV-VN-S012-0085 EV-VN-S012-0163,VKM-SRC-012,28,quote,English paraphrase / summary,verbatim source sentence(s) (Russian),quote field must be verbatim; numbers were checked on the page by numeric-token presence; n=2,MAJOR,QA-A-01562 QA-A-01568,PROPOSED,MEDIUM,borehole_catalog.csv; mining_geometry_catalog.csv,rule R2 over ledger QA_AUTO_QUOTE rows still UNRESOLVED (quote triage + numeric-token check)
QA-C-R2-008,QA_RULE,NEW_VN,EV-VN-S014-1063,VKM-SRC-014,191,quote,English paraphrase / summary,verbatim source sentence(s) (Russian),quote field must be verbatim; numbers were checked on the page by numeric-token presence; n=1,MAJOR,QA-A-02084,PROPOSED,MEDIUM,conflict notes,rule R2 over ledger QA_AUTO_QUOTE rows still UNRESOLVED (quote triage + numeric-token check)
QA-C-R2-009,QA_RULE,NEW_VN,EV-VN-S016-0031,VKM-SRC-016,5,quote,English paraphrase / summary,verbatim source sentence(s) (Russian),quote field must be verbatim; numbers were checked on the page by numeric-token presence; n=1,MAJOR,QA-A-02183,PROPOSED,MEDIUM,MATHEMATICAL_MODEL_REGISTRY.csv,rule R2 over ledger QA_AUTO_QUOTE rows still UNRESOLVED (quote triage + numeric-token check)
QA-C-R2-010,QA_RULE,NEW_VN,EV-VN-S023-0206,VKM-SRC-023,40,quote,English paraphrase / summary,verbatim source sentence(s) (Russian),quote field must be verbatim; numbers were checked on the page by numeric-token presence; n=1; all members resolved or corrected by QA verdicts of the resume pass,MAJOR,QA-A-02588,RESOLVED_BY_QA,MEDIUM,information_lifecycle_matrix.csv,v1 rule group re-evaluated against visual_ocr_qa_ledger.csv (QA-A-02588)
QA-C-R2-011,QA_RULE,NEW_VN,EV-VN-S025-0102 EV-VN-S025-0104 EV-VN-S025-0796 EV-VN-S025-1136 EV-VN-S025-1137,VKM-SRC-025,11;145;198,quote,English paraphrase / summary,verbatim source sentence(s) (Russian),quote field must be verbatim; numbers were checked on the page by numeric-token presence; n=5,MAJOR,QA-A-02898 QA-A-02900 QA-A-03318 QA-A-03472 QA-A-03473,PROPOSED,MEDIUM,stratigraphic_units.csv; conflict notes; SOURCE_CITATION_GRAPH.csv,rule R2 over ledger QA_AUTO_QUOTE rows still UNRESOLVED (quote triage + numeric-token check)
QA-C-R2-012,QA_RULE,NEW_VN,EV-VN-S026-0179 EV-VN-S026-0180 EV-VN-S026-0181 EV-VN-S026-0182 EV-VN-S026-0183 EV-VN-S026-0184,VKM-SRC-026,5;9;13;20;21,quote,English paraphrase / summary,verbatim source sentence(s) (Russian),quote field must be verbatim; numbers were checked on the page by numeric-token presence; n=6,MAJOR,QA-A-03528 QA-A-03529 QA-A-03530 QA-A-03531 QA-A-03532 QA-A-03533,PROPOSED,MEDIUM,open questions,rule R2 over ledger QA_AUTO_QUOTE rows still UNRESOLVED (quote triage + numeric-token check)
QA-C-R2-013,QA_RULE,NEW_VN,EV-VN-S029-0391,VKM-SRC-029,155,quote,English paraphrase / summary,verbatim source sentence(s) (Russian),quote field must be verbatim; numbers were checked on the page by numeric-token presence; n=1,MAJOR,QA-A-03715,PROPOSED,MEDIUM,conflict notes,rule R2 over ledger QA_AUTO_QUOTE rows still UNRESOLVED (quote triage + numeric-token check)
QA-C-R2-014,QA_RULE,NEW_VN,EV-VN-S037-0699 EV-VN-S037-0709 EV-VN-S037-0732 EV-VN-S037-0861 EV-VN-S037-0870 EV-VN-S037-0899,VKM-SRC-037,115;118;121;160;162;167,quote,English paraphrase / summary,verbatim source sentence(s) (Russian),quote field must be verbatim; numbers were checked on the page by numeric-token presence; n=6,MAJOR,QA-A-04437 QA-A-04446 QA-A-04465 QA-A-04567 QA-A-04573 QA-A-04594,PROPOSED,MEDIUM,MATHEMATICAL_MODEL_REGISTRY.csv; conflict notes,rule R2 over ledger QA_AUTO_QUOTE rows still UNRESOLVED (quote triage + numeric-token check)
QA-C-R2-015,QA_RULE,NEW_VN,EV-VN-S041-0031,VKM-SRC-041,4,quote,English paraphrase / summary,verbatim source sentence(s) (Russian),quote field must be verbatim; numbers were checked on the page by numeric-token presence; n=1,MAJOR,QA-A-04991,PROPOSED,MEDIUM,conflict notes,rule R2 over ledger QA_AUTO_QUOTE rows still UNRESOLVED (quote triage + numeric-token check)
QA-C-R3-016,QA_RULE,NEW_VN,EV-VN-S003-0287,VKM-SRC-003,78,quote / pdf_page,quote not matching stated page (text-layer extraction),re-check quote against the page; correct wording or page,char-4gram containment <0.6 on the stated page despite TEXT_LAYER/DOCX method; n=1,MAJOR,QA-A-00150,PROPOSED,MEDIUM,mechanics_evidence_catalog.csv,rule R3 over ledger QA_AUTO_QUOTE rows still UNRESOLVED (quote triage + numeric-token check)
QA-C-R3-017,QA_RULE,NEW_VN,EV-VN-S005-0045,VKM-SRC-005,5,quote / pdf_page,quote not matching stated page (text-layer extraction),re-check quote against the page; correct wording or page,char-4gram containment <0.6 on the stated page despite TEXT_LAYER/DOCX method; n=1,MAJOR,QA-A-00232,PROPOSED,MEDIUM,lifecycle_stages.csv,rule R3 over ledger QA_AUTO_QUOTE rows still UNRESOLVED (quote triage + numeric-token check)
QA-C-R3-018,QA_RULE,NEW_VN,EV-VN-S006-0273,VKM-SRC-006,85,quote / pdf_page,quote not matching stated page (text-layer extraction),re-check quote against the page; correct wording or page,char-4gram containment <0.6 on the stated page despite TEXT_LAYER/DOCX method; n=1,MAJOR,QA-A-00318,PROPOSED,MEDIUM,claims (context),rule R3 over ledger QA_AUTO_QUOTE rows still UNRESOLVED (quote triage + numeric-token check)
QA-C-R3-019,QA_RULE,NEW_VN,EV-VN-S011-0332 EV-VN-S011-0333 EV-VN-S011-0379 EV-VN-S011-0758 EV-VN-S011-0824 EV-VN-S011-1468 EV-VN-S011-1670 EV-VN-S011-2766,VKM-SRC-011,19;23;35;43;71;78;148,quote / pdf_page,quote not matching stated page (text-layer extraction),re-check quote against the page; correct wording or page,char-4gram containment <0.6 on the stated page despite TEXT_LAYER/DOCX method; n=8,MAJOR,QA-A-00512 QA-A-00513 QA-A-00529 QA-A-00623 QA-A-00664 QA-A-00884 QA-A-00983 QA-A-01285,PROPOSED,MEDIUM,SOURCE_CITATION_GRAPH.csv; stratigraphic_units.csv; open questions; conflict notes,rule R3 over ledger QA_AUTO_QUOTE rows still UNRESOLVED (quote triage + numeric-token check)
QA-C-R3-020,QA_RULE,NEW_VN,EV-VN-S012-0358,VKM-SRC-012,59,quote / pdf_page,quote not matching stated page (text-layer extraction),re-check quote against the page; correct wording or page,char-4gram containment <0.6 on the stated page despite TEXT_LAYER/DOCX method; n=1,MAJOR,QA-A-01623,PROPOSED,MEDIUM,claims (context),rule R3 over ledger QA_AUTO_QUOTE rows still UNRESOLVED (quote triage + numeric-token check)
QA-C-R3-021,QA_RULE,NEW_VN,EV-VN-S014-0881 EV-VN-S014-1000,VKM-SRC-014,130;171,quote / pdf_page,quote not matching stated page (text-layer extraction),re-check quote against the page; correct wording or page,char-4gram containment <0.6 on the stated page despite TEXT_LAYER/DOCX method; n=2,MAJOR,QA-A-01978 QA-A-02040,PROPOSED,MEDIUM,open questions; mechanics_evidence_catalog.csv,rule R3 over ledger QA_AUTO_QUOTE rows still UNRESOLVED (quote triage + numeric-token check)
QA-C-R3-022,QA_RULE,NEW_VN,EV-VN-S016-0115,VKM-SRC-016,11,quote / pdf_page,quote not matching stated page (text-layer extraction),re-check quote against the page; correct wording or page,char-4gram containment <0.6 on the stated page despite TEXT_LAYER/DOCX method; n=1,MAJOR,QA-A-02206,PROPOSED,MEDIUM,conflict notes,rule R3 over ledger QA_AUTO_QUOTE rows still UNRESOLVED (quote triage + numeric-token check)
QA-C-R3-023,QA_RULE,NEW_VN,EV-VN-S028-0194,VKM-SRC-028,420,quote / pdf_page,quote not matching stated page (text-layer extraction),re-check quote against the page; correct wording or page,char-4gram containment <0.6 on the stated page despite TEXT_LAYER/DOCX method; n=1,MAJOR,QA-A-03586,PROPOSED,MEDIUM,claims (context),rule R3 over ledger QA_AUTO_QUOTE rows still UNRESOLVED (quote triage + numeric-token check)
QA-C-R3-024,QA_RULE,NEW_VN,EV-VN-S030-0063 EV-VN-S030-0078,VKM-SRC-030,5;6,quote / pdf_page,quote not matching stated page (text-layer extraction),re-check quote against the page; correct wording or page,char-4gram containment <0.6 on the stated page despite TEXT_LAYER/DOCX method; n=2,MAJOR,QA-A-03751 QA-A-03754,PROPOSED,MEDIUM,conflict notes; open questions,rule R3 over ledger QA_AUTO_QUOTE rows still UNRESOLVED (quote triage + numeric-token check)
QA-C-R4-025,QA_RULE,NEW_VN,EV-VN-S002-0010,VKM-SRC-002,6,pdf_page,stated page,best-matching page (see ledger surrounding_context_result),quote found with c4>=0.85 on another page and <0.6 on the stated page; n=1; all members resolved or corrected by QA verdicts of the resume pass,MAJOR,QA-A-00052,RESOLVED_BY_QA,MEDIUM,coordinate_datum_evidence.csv,v1 rule group re-evaluated against visual_ocr_qa_ledger.csv (QA-A-00052)
QA-C-R4-026,QA_RULE,NEW_VN,EV-VN-S012-0221,VKM-SRC-012,45,pdf_page,stated page,best-matching page (see ledger surrounding_context_result),quote found with c4>=0.85 on another page and <0.6 on the stated page; n=1; all members resolved or corrected by QA verdicts of the resume pass,MAJOR,QA-A-01572,RESOLVED_BY_QA,MEDIUM,spatial_hierarchy.csv,v1 rule group re-evaluated against visual_ocr_qa_ledger.csv (QA-A-01572)
QA-C-R4-027,QA_RULE,NEW_VN,EV-VN-S025-0502,VKM-SRC-025,94,pdf_page,stated page,best-matching page (see ledger surrounding_context_result),quote found with c4>=0.85 on another page and <0.6 on the stated page; n=1; all members resolved or corrected by QA verdicts of the resume pass,MAJOR,QA-A-03108,RESOLVED_BY_QA,MEDIUM,mechanics_evidence_catalog.csv,v1 rule group re-evaluated against visual_ocr_qa_ledger.csv (QA-A-03108)
QA-C-R4-028,QA_RULE,NEW_VN,EV-VN-S027-0058,VKM-SRC-027,6,pdf_page,stated page,best-matching page (see ledger surrounding_context_result),quote found with c4>=0.85 on another page and <0.6 on the stated page; n=1; all members resolved or corrected by QA verdicts of the resume pass,MAJOR,QA-A-03549,RESOLVED_BY_QA,MEDIUM,MATHEMATICAL_MODEL_REGISTRY.csv,v1 rule group re-evaluated against visual_ocr_qa_ledger.csv (QA-A-03549)
QA-C-R4-029,QA_RULE,NEW_VN,EV-VN-S037-0388,VKM-SRC-037,52,pdf_page,stated page,best-matching page (see ledger surrounding_context_result),quote found with c4>=0.85 on another page and <0.6 on the stated page; n=1,MAJOR,QA-A-04211,PROPOSED,MEDIUM,mining_geometry_catalog.csv,rule R4 over ledger QA_AUTO_QUOTE rows still UNRESOLVED (quote triage + numeric-token check)
QA-C-R5-030,QA_RULE,NEW_VN,EV-VN-S002-0032 EV-VN-S002-0033 EV-VN-S002-0034 EV-VN-S002-0035,VKM-SRC-002,15,locator_verification,visual/OCR transcription with numbers not present on page text,render and confirm (local/next pass) before use as parameter/coordinate,critical record; transcription cannot be verified deterministically (raster table/figure or noisy OCR); n=4; members rendered/checked by QA; remaining open issue is tracked in the ledger (unresolved_class) and in the QA-C-M rows,MAJOR,QA-A-00065 QA-A-00066 QA-A-00067 QA-A-00068,CHECKED_BY_QA_OPEN_ISSUE,MEDIUM,monitoring_observation_catalog.csv,"v1 rule group re-evaluated against visual_ocr_qa_ledger.csv (QA-A-00065, QA-A-00066, QA-A-00067, QA-A-00068)"
QA-C-R5-031,QA_RULE,NEW_VN,EV-VN-S003-0144 EV-VN-S003-0174,VKM-SRC-003,42;47,locator_verification,visual/OCR transcription with numbers not present on page text,render and confirm (local/next pass) before use as parameter/coordinate,"critical record; transcription cannot be verified deterministically (raster table/figure or noisy OCR); n=2; open members judged low-impact by QA (criticality downgraded, not rendered); re-check on the page before any use",MAJOR,QA-A-00127 QA-A-00136,DOWNGRADED_BY_QA,MEDIUM,monitoring_observation_catalog.csv; mechanics_evidence_catalog.csv,"v1 rule group re-evaluated against visual_ocr_qa_ledger.csv (QA-A-00127, QA-A-00136)"
QA-C-R5-032,QA_RULE,NEW_VN,EV-VN-S004-0034,VKM-SRC-004,6,locator_verification,visual/OCR transcription with numbers not present on page text,render and confirm (local/next pass) before use as parameter/coordinate,critical record; transcription cannot be verified deterministically (raster table/figure or noisy OCR); n=1; all members resolved or corrected by QA verdicts of the resume pass,MAJOR,QA-A-00205,RESOLVED_BY_QA,MEDIUM,coordinate_datum_evidence.csv,v1 rule group re-evaluated against visual_ocr_qa_ledger.csv (QA-A-00205)
QA-C-R5-033,QA_RULE,NEW_VN,EV-VN-S005-0015 EV-VN-S005-0016 EV-VN-S005-0017 EV-VN-S005-0018 EV-VN-S005-0023 EV-VN-S005-0036,VKM-SRC-005,2;4,locator_verification,visual/OCR transcription with numbers not present on page text,render and confirm (local/next pass) before use as parameter/coordinate,"critical record; transcription cannot be verified deterministically (raster table/figure or noisy OCR); n=6; open members judged low-impact by QA (criticality downgraded, not rendered); re-check on the page before any use",MAJOR,QA-A-00220 QA-A-00221 QA-A-00222 QA-A-00223 QA-A-00227 QA-A-00229,DOWNGRADED_BY_QA,MEDIUM,borehole_catalog.csv; coordinate_datum_evidence.csv; mining_geometry_catalog.csv,"v1 rule group re-evaluated against visual_ocr_qa_ledger.csv (QA-A-00220, QA-A-00221, QA-A-00222, QA-A-00223, QA-A-00227, QA-A-00229)"
QA-C-R5-034,QA_RULE,NEW_VN,EV-VN-S011-0491 EV-VN-S011-0492 EV-VN-S011-0493 EV-VN-S011-0494 EV-VN-S011-0882 EV-VN-S011-0883 EV-VN-S011-0884 EV-VN-S011-0885 EV-VN-S011-0886 EV-VN-S011-0887 EV-VN-S011-0888 EV-VN-S011-0889 EV-VN-S011-0890 EV-VN-S011-0891 EV-VN-S011-0892 EV-VN-S011-0893 EV-VN-S011-0894 EV-VN-S011-0895 EV-VN-S011-0896 EV-VN-S011-0897 EV-VN-S011-0898 EV-VN-S011-0899 EV-VN-S011-0900 EV-VN-S011-0901 EV-VN-S011-0902 EV-VN-S011-0903 EV-VN-S011-0904 EV-VN-S011-1536,VKM-SRC-011,27;47;78,locator_verification,visual/OCR transcription with numbers not present on page text,render and confirm (local/next pass) before use as parameter/coordinate,critical record; transcription cannot be verified deterministically (raster table/figure or noisy OCR); n=28; members rendered/checked by QA; remaining open issue is tracked in the ledger (unresolved_class) and in the QA-C-M rows,MAJOR,QA-A-00561 QA-A-00562 QA-A-00563 QA-A-00564 QA-A-00692 QA-A-00693 QA-A-00694 QA-A-00695 QA-A-00696 QA-A-00697 QA-A-00698 QA-A-00699 QA-A-00700 QA-A-00701 QA-A-00702 QA-A-00703 QA-A-00704 QA-A-00705 QA-A-00706 QA-A-00707 QA-A-00708 QA-A-00709 QA-A-00710 QA-A-00711 QA-A-00712 QA-A-00713 QA-A-00714 QA-A-00911,CHECKED_BY_QA_OPEN_ISSUE,MEDIUM,borehole_catalog.csv,"v1 rule group re-evaluated against visual_ocr_qa_ledger.csv (QA-A-00561, QA-A-00562, QA-A-00563, QA-A-00564, QA-A-00692, QA-A-00693, QA-A-00694, QA-A-00695, QA-A-00696, QA-A-00697, QA-A-00698, QA-A-00699...)"
QA-C-R5-035,QA_RULE,NEW_VN,EV-VN-S012-0076 EV-VN-S012-0421 EV-VN-S012-0490 EV-VN-S012-0491 EV-VN-S012-0513 EV-VN-S012-0514 EV-VN-S012-0517 EV-VN-S012-0570 EV-VN-S012-0571 EV-VN-S012-0574 EV-VN-S012-0581 EV-VN-S012-0587 EV-VN-S012-0732 EV-VN-S012-0735 EV-VN-S012-0736,VKM-SRC-012,28;72;90;96;97;105;106;107;108;129;130,locator_verification,visual/OCR transcription with numbers not present on page text,render and confirm (local/next pass) before use as parameter/coordinate,"critical record; transcription cannot be verified deterministically (raster table/figure or noisy OCR); n=15; 3 open members checked by QA (issue tracked in ledger), 5 downgraded as low-impact (not rendered)",MAJOR,QA-A-01561 QA-A-01657 QA-A-01675 QA-A-01676 QA-A-01685 QA-A-01686 QA-A-01689 QA-A-01710 QA-A-01711 QA-A-01713 QA-A-01715 QA-A-01718 QA-A-01743 QA-A-01746 QA-A-01747,CHECKED_OR_DOWNGRADED_BY_QA,MEDIUM,mining_geometry_catalog.csv; claims (context); spatial_hierarchy.csv; stratigraphic_units.csv; conflict notes; coordinate_datum_evidence.csv; monitoring_observation_catalog.csv; mining_chronology_catalog.csv; information_lifecycle_matrix.csv,"v1 rule group re-evaluated against visual_ocr_qa_ledger.csv (QA-A-01561, QA-A-01657, QA-A-01675, QA-A-01676, QA-A-01685, QA-A-01686, QA-A-01689, QA-A-01710, QA-A-01711, QA-A-01713, QA-A-01715, QA-A-01718...)"
QA-C-R5-036,QA_RULE,NEW_VN,EV-VN-S014-0598 EV-VN-S014-0672 EV-VN-S014-0738 EV-VN-S014-0745 EV-VN-S014-0813 EV-VN-S014-0851 EV-VN-S014-0900 EV-VN-S014-0998 EV-VN-S014-1065 EV-VN-S014-1097,VKM-SRC-014,99;103;111;119;138;170;192;203,locator_verification,visual/OCR transcription with numbers not present on page text,render and confirm (local/next pass) before use as parameter/coordinate,"critical record; transcription cannot be verified deterministically (raster table/figure or noisy OCR); n=10; open members judged low-impact by QA (criticality downgraded, not rendered); re-check on the page before any use",MAJOR,QA-A-01943 QA-A-01953 QA-A-01959 QA-A-01960 QA-A-01966 QA-A-01972 QA-A-01983 QA-A-02039 QA-A-02086 QA-A-02107,DOWNGRADED_BY_QA,MEDIUM,coordinate_datum_evidence.csv; borehole_catalog.csv; mechanics_evidence_catalog.csv; stratigraphic_units.csv,"v1 rule group re-evaluated against visual_ocr_qa_ledger.csv (QA-A-01943, QA-A-01953, QA-A-01959, QA-A-01960, QA-A-01966, QA-A-01972, QA-A-01983, QA-A-02039, QA-A-02086, QA-A-02107)"
QA-C-R5-037,QA_RULE,NEW_VN,EV-VN-S015-0038 EV-VN-S015-0040,VKM-SRC-015,6,locator_verification,visual/OCR transcription with numbers not present on page text,render and confirm (local/next pass) before use as parameter/coordinate,critical record; transcription cannot be verified deterministically (raster table/figure or noisy OCR); n=2; all members resolved or corrected by QA verdicts of the resume pass,MAJOR,QA-A-02166 QA-A-02167,RESOLVED_BY_QA,MEDIUM,coordinate_datum_evidence.csv; borehole_catalog.csv,"v1 rule group re-evaluated against visual_ocr_qa_ledger.csv (QA-A-02166, QA-A-02167)"
QA-C-R5-038,QA_RULE,NEW_VN,EV-VN-S018-0033 EV-VN-S018-0035,VKM-SRC-018,5;6,locator_verification,visual/OCR transcription with numbers not present on page text,render and confirm (local/next pass) before use as parameter/coordinate,"critical record; transcription cannot be verified deterministically (raster table/figure or noisy OCR); n=2; open members judged low-impact by QA (criticality downgraded, not rendered); re-check on the page before any use",MAJOR,QA-A-02238 QA-A-02239,DOWNGRADED_BY_QA,MEDIUM,coordinate_datum_evidence.csv; seismic_geophysics_catalog.csv,"v1 rule group re-evaluated against visual_ocr_qa_ledger.csv (QA-A-02238, QA-A-02239)"
QA-C-R5-039,QA_RULE,NEW_VN,EV-VN-S020-0050 EV-VN-S020-0051 EV-VN-S020-0052 EV-VN-S020-0053 EV-VN-S020-0054 EV-VN-S020-0055 EV-VN-S020-0056 EV-VN-S020-0057 EV-VN-S020-0058 EV-VN-S020-0059 EV-VN-S020-0060 EV-VN-S020-0061 EV-VN-S020-0062 EV-VN-S020-0063 EV-VN-S020-0064 EV-VN-S020-0065 EV-VN-S020-0066 EV-VN-S020-0067 EV-VN-S020-0068 EV-VN-S020-0069 EV-VN-S020-0070 EV-VN-S020-0071 EV-VN-S020-0072 EV-VN-S020-0145,VKM-SRC-020,8;22,locator_verification,visual/OCR transcription with numbers not present on page text,render and confirm (local/next pass) before use as parameter/coordinate,critical record; transcription cannot be verified deterministically (raster table/figure or noisy OCR); n=24; members rendered/checked by QA; remaining open issue is tracked in the ledger (unresolved_class) and in the QA-C-M rows,MAJOR,QA-A-02336 QA-A-02337 QA-A-02338 QA-A-02339 QA-A-02340 QA-A-02341 QA-A-02342 QA-A-02343 QA-A-02344 QA-A-02345 QA-A-02346 QA-A-02347 QA-A-02348 QA-A-02349 QA-A-02350 QA-A-02351 QA-A-02352 QA-A-02353 QA-A-02354 QA-A-02355 QA-A-02356 QA-A-02357 QA-A-02358 QA-A-02386,CHECKED_BY_QA_OPEN_ISSUE,MEDIUM,borehole_catalog.csv; mining_geometry_catalog.csv,"v1 rule group re-evaluated against visual_ocr_qa_ledger.csv (QA-A-02336, QA-A-02337, QA-A-02338, QA-A-02339, QA-A-02340, QA-A-02341, QA-A-02342, QA-A-02343, QA-A-02344, QA-A-02345, QA-A-02346, QA-A-02347...)"
QA-C-R5-040,QA_RULE,NEW_VN,EV-VN-S021-0044,VKM-SRC-021,4,locator_verification,visual/OCR transcription with numbers not present on page text,render and confirm (local/next pass) before use as parameter/coordinate,"critical record; transcription cannot be verified deterministically (raster table/figure or noisy OCR); n=1; open members judged low-impact by QA (criticality downgraded, not rendered); re-check on the page before any use",MAJOR,QA-A-02515,DOWNGRADED_BY_QA,MEDIUM,coordinate_datum_evidence.csv,v1 rule group re-evaluated against visual_ocr_qa_ledger.csv (QA-A-02515)
QA-C-R5-041,QA_RULE,NEW_VN,EV-VN-S023-0204 EV-VN-S023-0205 EV-VN-S023-0281 EV-VN-S023-0304 EV-VN-S023-0305 EV-VN-S023-0352 EV-VN-S023-0384,VKM-SRC-023,40;44;48;63;73,locator_verification,visual/OCR transcription with numbers not present on page text,render and confirm (local/next pass) before use as parameter/coordinate,critical record; transcription cannot be verified deterministically (raster table/figure or noisy OCR); n=7; all members resolved or corrected by QA verdicts of the resume pass,MAJOR,QA-A-02586 QA-A-02587 QA-A-02650 QA-A-02662 QA-A-02663 QA-A-02693 QA-A-02710,RESOLVED_BY_QA,MEDIUM,monitoring_observation_catalog.csv; information_lifecycle_matrix.csv; mining_chronology_catalog.csv; mechanics_evidence_catalog.csv; spatial_hierarchy.csv,"v1 rule group re-evaluated against visual_ocr_qa_ledger.csv (QA-A-02586, QA-A-02587, QA-A-02650, QA-A-02662, QA-A-02663, QA-A-02693, QA-A-02710)"
QA-C-R5-042,QA_RULE,NEW_VN,EV-VN-S025-0366 EV-VN-S025-0367 EV-VN-S025-0401 EV-VN-S025-0565 EV-VN-S025-0571 EV-VN-S025-0577 EV-VN-S025-0624 EV-VN-S025-0628 EV-VN-S025-0629 EV-VN-S025-0692 EV-VN-S025-0799 EV-VN-S025-0857 EV-VN-S025-0939 EV-VN-S025-0940 EV-VN-S025-0941 EV-VN-S025-0942,VKM-SRC-025,73;76;107;115;127;146;157;170,locator_verification,visual/OCR transcription with numbers not present on page text,render and confirm (local/next pass) before use as parameter/coordinate,critical record; transcription cannot be verified deterministically (raster table/figure or noisy OCR); n=16; members rendered/checked by QA; remaining open issue is tracked in the ledger (unresolved_class) and in the QA-C-M rows,MAJOR,QA-A-03018 QA-A-03019 QA-A-03048 QA-A-03158 QA-A-03164 QA-A-03170 QA-A-03204 QA-A-03208 QA-A-03209 QA-A-03256 QA-A-03321 QA-A-03354 QA-A-03405 QA-A-03406 QA-A-03407 QA-A-03408,CHECKED_BY_QA_OPEN_ISSUE,MEDIUM,MATHEMATICAL_MODEL_REGISTRY.csv; rheology_evidence_catalog.csv; mechanics_evidence_catalog.csv; conflict notes,"v1 rule group re-evaluated against visual_ocr_qa_ledger.csv (QA-A-03018, QA-A-03019, QA-A-03048, QA-A-03158, QA-A-03164, QA-A-03170, QA-A-03204, QA-A-03208, QA-A-03209, QA-A-03256, QA-A-03321, QA-A-03354...)"
QA-C-R5-043,QA_RULE,NEW_VN,EV-VN-S028-0038,VKM-SRC-028,23,locator_verification,visual/OCR transcription with numbers not present on page text,render and confirm (local/next pass) before use as parameter/coordinate,critical record; transcription cannot be verified deterministically (raster table/figure or noisy OCR); n=1; all members resolved or corrected by QA verdicts of the resume pass,MAJOR,QA-A-03554,RESOLVED_BY_QA,MEDIUM,mining_geometry_catalog.csv,v1 rule group re-evaluated against visual_ocr_qa_ledger.csv (QA-A-03554)
QA-C-R5-044,QA_RULE,NEW_VN,EV-VN-S029-0220,VKM-SRC-029,126,locator_verification,visual/OCR transcription with numbers not present on page text,render and confirm (local/next pass) before use as parameter/coordinate,"critical record; transcription cannot be verified deterministically (raster table/figure or noisy OCR); n=1; open members judged low-impact by QA (criticality downgraded, not rendered); re-check on the page before any use",MAJOR,QA-A-03682,DOWNGRADED_BY_QA,MEDIUM,MATHEMATICAL_MODEL_REGISTRY.csv,v1 rule group re-evaluated against visual_ocr_qa_ledger.csv (QA-A-03682)
QA-C-R5-045,QA_RULE,NEW_VN,EV-VN-S030-0035 EV-VN-S030-0038,VKM-SRC-030,4,locator_verification,visual/OCR transcription with numbers not present on page text,render and confirm (local/next pass) before use as parameter/coordinate,critical record; transcription cannot be verified deterministically (raster table/figure or noisy OCR); n=2; all members resolved or corrected by QA verdicts of the resume pass,MAJOR,QA-A-03726 QA-A-03729,RESOLVED_BY_QA,MEDIUM,borehole_catalog.csv; mechanics_evidence_catalog.csv,"v1 rule group re-evaluated against visual_ocr_qa_ledger.csv (QA-A-03726, QA-A-03729)"
QA-C-R5-046,QA_RULE,NEW_VN,EV-VN-S035-0018,VKM-SRC-035,4,locator_verification,visual/OCR transcription with numbers not present on page text,render and confirm (local/next pass) before use as parameter/coordinate,critical record; transcription cannot be verified deterministically (raster table/figure or noisy OCR); n=1; all members resolved or corrected by QA verdicts of the resume pass,MAJOR,QA-A-03842,RESOLVED_BY_QA,MEDIUM,mechanics_evidence_catalog.csv,v1 rule group re-evaluated against visual_ocr_qa_ledger.csv (QA-A-03842)
QA-C-R5-047,QA_RULE,NEW_VN,EV-VN-S036-0012 EV-VN-S036-0026 EV-VN-S036-0039 EV-VN-S036-0041 EV-VN-S036-0042 EV-VN-S036-0048 EV-VN-S036-0061 EV-VN-S036-0062,VKM-SRC-036,2;4;5;6;7;9,locator_verification,visual/OCR transcription with numbers not present on page text,render and confirm (local/next pass) before use as parameter/coordinate,critical record; transcription cannot be verified deterministically (raster table/figure or noisy OCR); n=8; all members resolved or corrected by QA verdicts of the resume pass,MAJOR,QA-A-03855 QA-A-03864 QA-A-03875 QA-A-03876 QA-A-03877 QA-A-03881 QA-A-03892 QA-A-03893,RESOLVED_BY_QA,MEDIUM,mechanics_evidence_catalog.csv; MATHEMATICAL_MODEL_REGISTRY.csv,"v1 rule group re-evaluated against visual_ocr_qa_ledger.csv (QA-A-03855, QA-A-03864, QA-A-03875, QA-A-03876, QA-A-03877, QA-A-03881, QA-A-03892, QA-A-03893)"
QA-C-R5-048,QA_RULE,NEW_VN,EV-VN-S037-0065 EV-VN-S037-0066 EV-VN-S037-0067 EV-VN-S037-0068 EV-VN-S037-0069 EV-VN-S037-0070 EV-VN-S037-0071 EV-VN-S037-0072 EV-VN-S037-0073 EV-VN-S037-0074 EV-VN-S037-0075 EV-VN-S037-0076 EV-VN-S037-0077 EV-VN-S037-0078 EV-VN-S037-0079 EV-VN-S037-0080 EV-VN-S037-0081 EV-VN-S037-0082 EV-VN-S037-0083 EV-VN-S037-0084 EV-VN-S037-0102 EV-VN-S037-0103 EV-VN-S037-0192 EV-VN-S037-0193 EV-VN-S037-0194 EV-VN-S037-0195 EV-VN-S037-0197 EV-VN-S037-0406 EV-VN-S037-0566 EV-VN-S037-0634 EV-VN-S037-0664 EV-VN-S037-0671 EV-VN-S037-0672 EV-VN-S037-0692 EV-VN-S037-0711 EV-VN-S037-0713 EV-VN-S037-0731 EV-VN-S037-0733 EV-VN-S037-0756 EV-VN-S037-0757 EV-VN-S037-0781 EV-VN-S037-0784 EV-VN-S037-0791 EV-VN-S037-0792 EV-VN-S037-0802 EV-VN-S037-0803 EV-VN-S037-0809 EV-VN-S037-0933 EV-VN-S037-0954 EV-VN-S037-0959 EV-VN-S037-0969 EV-VN-S037-0972 EV-VN-S037-0982 EV-VN-S037-1040 EV-VN-S037-1124,VKM-SRC-037,6;8;18;55;88;102;108;109;112;119;121;126;134;135;137;138;142;144;170;172;173;175;176;180;184;194,locator_verification,visual/OCR transcription with numbers not present on page text,render and confirm (local/next pass) before use as parameter/coordinate,"critical record; transcription cannot be verified deterministically (raster table/figure or noisy OCR); n=55; 21 open members checked by QA (issue tracked in ledger), 14 downgraded as low-impact (not rendered)",MAJOR,QA-A-03995 QA-A-03996 QA-A-03997 QA-A-03998 QA-A-03999 QA-A-04000 QA-A-04001 QA-A-04002 QA-A-04003 QA-A-04004 QA-A-04005 QA-A-04006 QA-A-04007 QA-A-04008 QA-A-04009 QA-A-04010 QA-A-04011 QA-A-04012 QA-A-04013 QA-A-04014 QA-A-04023 QA-A-04024 QA-A-04097 QA-A-04098 QA-A-04099 QA-A-04100 QA-A-04101 QA-A-04225 QA-A-04334 QA-A-04382 QA-A-04404 QA-A-04410 QA-A-04411 QA-A-04431 QA-A-04447 QA-A-04449 QA-A-04464 QA-A-04466 QA-A-04483 QA-A-04484 QA-A-04499 QA-A-04502 QA-A-04507 QA-A-04508 QA-A-04517 QA-A-04518 QA-A-04524 QA-A-04619 QA-A-04635 QA-A-04639 ...,CHECKED_OR_DOWNGRADED_BY_QA,MEDIUM,borehole_catalog.csv; borehole_picks.csv; coordinate_datum_evidence.csv; mechanics_evidence_catalog.csv; conflict notes; mining_chronology_catalog.csv; MATHEMATICAL_MODEL_REGISTRY.csv; mining_geometry_catalog.csv,"v1 rule group re-evaluated against visual_ocr_qa_ledger.csv (QA-A-03995, QA-A-03996, QA-A-03997, QA-A-03998, QA-A-03999, QA-A-04000, QA-A-04001, QA-A-04002, QA-A-04003, QA-A-04004, QA-A-04005, QA-A-04006...)"
QA-C-R5-049,QA_RULE,NEW_VN,EV-VN-S038-0024,VKM-SRC-038,4,locator_verification,visual/OCR transcription with numbers not present on page text,render and confirm (local/next pass) before use as parameter/coordinate,critical record; transcription cannot be verified deterministically (raster table/figure or noisy OCR); n=1; all members resolved or corrected by QA verdicts of the resume pass,MAJOR,QA-A-04890,RESOLVED_BY_QA,MEDIUM,MATHEMATICAL_MODEL_REGISTRY.csv,v1 rule group re-evaluated against visual_ocr_qa_ledger.csv (QA-A-04890)
QA-C-R5-050,QA_RULE,NEW_VN,EV-VN-S039-0010,VKM-SRC-039,2,locator_verification,visual/OCR transcription with numbers not present on page text,render and confirm (local/next pass) before use as parameter/coordinate,"critical record; transcription cannot be verified deterministically (raster table/figure or noisy OCR); n=1; open members judged low-impact by QA (criticality downgraded, not rendered); re-check on the page before any use",MAJOR,QA-A-04914,DOWNGRADED_BY_QA,MEDIUM,borehole_catalog.csv,v1 rule group re-evaluated against visual_ocr_qa_ledger.csv (QA-A-04914)
QA-C-R5-051,QA_RULE,NEW_VN,EV-VN-S040-0056 EV-VN-S040-0059 EV-VN-S040-0080 EV-VN-S040-0126 EV-VN-S040-0127,VKM-SRC-040,19;28,locator_verification,visual/OCR transcription with numbers not present on page text,render and confirm (local/next pass) before use as parameter/coordinate,critical record; transcription cannot be verified deterministically (raster table/figure or noisy OCR); n=5; all members resolved or corrected by QA verdicts of the resume pass,MAJOR,QA-A-04937 QA-A-04938 QA-A-04943 QA-A-04954 QA-A-04955,RESOLVED_BY_QA,MEDIUM,mining_geometry_catalog.csv; coordinate_datum_evidence.csv; borehole_picks.csv; borehole_catalog.csv,"v1 rule group re-evaluated against visual_ocr_qa_ledger.csv (QA-A-04937, QA-A-04938, QA-A-04943, QA-A-04954, QA-A-04955)"
QA-C-S-001,SWEEP_VISUAL_CHECK,OLD_EV,EV-MON-0064,VKM-SRC-001,12,UNIT_DOUBT,50-60 см/год with original_unit 'мм/год',Printed unit is см/год; existing record's unit column 'мм/год' is wrong,sweep visual check EV-VN-S001-0036 (UNIT_DOUBT),MINOR,QA-S-0003,PROPOSED,HIGH,monitoring_observation_catalog.csv; physical_evidence_v1 claims,sweep agent visual check EV-VN-S001-0036 (UNIT_DOUBT); QA ledger status UNRESOLVED
QA-C-S-002,SWEEP_VISUAL_CHECK,OLD_EV,EV-MON-0053 EV-MON-0054 EV-MON-0055,VKM-SRC-002,12,MAP_ATTRIBUTION,title/content mismatch flagged (EV-MON-0053),"Confirmed: slide 12 maps are BEREZNIKI, not Solikamsk/SKRU; figure numbers 32-33 show reproduction from another document (report/thesis); must be scoped OTHER_VKM_SITE (Berezniki, mine not named)",sweep visual check EV-VN-S002-0021 (MAP_ATTRIBUTION),MINOR,QA-S-0012,PROPOSED,HIGH,monitoring_observation_catalog.csv; physical_evidence_v1 claims,sweep agent visual check EV-VN-S002-0021 (MAP_ATTRIBUTION); QA ledger status RESOLVED
QA-C-S-003,SWEEP_VISUAL_CHECK,OLD_EV,EV-MON-0056,VKM-SRC-002,13,MAP_ATTRIBUTION,"1 см (среднее отклонение, в зоне максимальных оседаний), GENERAL_METHOD",Landscape is not VKM (likely tundra/floodplain site); the 1 cm accuracy value must not be attributed to VKM,sweep visual check EV-VN-S002-0026 (MAP_ATTRIBUTION),MINOR,QA-S-0014,PROPOSED,HIGH,monitoring_observation_catalog.csv; physical_evidence_v1 claims,sweep agent visual check EV-VN-S002-0026 (MAP_ATTRIBUTION); QA ledger status CORRECTED
QA-C-S-004,SWEEP_VISUAL_CHECK,NEW_VN,EV-VN-S003-0137,VKM-SRC-003,40,MAP_ATTRIBUTION,(as currently recorded in the target record(s); the check states no explicit old value),"Map is BKPRU-1 (former БРУ-1) area in Berezniki - NOT SKRU. Basemap from OSM, overlays by author; no coordinate grid or mine-field boundaries; 'Провал № 5' shown but not discussed in text p.39",sweep visual check EV-VN-S003-0137 (MAP_ATTRIBUTION),MAJOR,QA-S-0027,PROPOSED,HIGH,visual_ocr_qa_ledger.csv; catalogues of the records extracted from the same page/figure,sweep agent visual check EV-VN-S003-0137 (MAP_ATTRIBUTION); QA ledger status UNRESOLVED
QA-C-S-005,SWEEP_VISUAL_CHECK,NEW_VN,EV-VN-S003-0261,VKM-SRC-003,72,LABEL_ERROR,(as currently recorded in the target record(s); the check states no explicit old value),Cross-reference error: should be Fig. 3.21.,sweep visual check EV-VN-S003-0261 (LABEL_ERROR),MINOR,QA-S-0050,PROPOSED,HIGH,visual_ocr_qa_ledger.csv; catalogues of the records extracted from the same page/figure,sweep agent visual check EV-VN-S003-0261 (LABEL_ERROR); QA ledger status CORRECTED
QA-C-S-006,SWEEP_VISUAL_CHECK,OLD_EV,EV-RMB-0116,VKM-SRC-005,2,UNIT_DOUBT,"EV-RMB-0116: 1108,9; 1060,0; 1079,89; 936,4 (м, подпись оси не приведена)","Числа прочитаны при 300 dpi. Смысл нижних чисел не указан; для скв.89 разность устье−забой согласуется с положением забоя на оси, для скв.47 — нет (схема может быть не в масштабе). Не использовать как геометрию без первичных данных.",sweep visual check EV-VN-S005-0019 (UNIT_DOUBT),MINOR,QA-S-0080,PROPOSED,MEDIUM,mechanics_evidence_catalog.csv; MATHEMATICAL_MODEL_REGISTRY.csv; physical_evidence_v1 claims,sweep agent visual check EV-VN-S005-0019 (UNIT_DOUBT); QA ledger status UNRESOLVED
QA-C-S-007,SWEEP_VISUAL_CHECK,NEW_VN,EV-VN-S006-0096,VKM-SRC-006,3,OK_CONFIRMED,(as currently recorded in the target record(s); the check states no explicit old value),"TOC page numbers MATCH body (printed page = PDF page). CORRECTION to the TOC claim record (p.3) whose data text said numbers do not match — that remark was erroneous. Chunk c1 (pp.1-47) ends inside §4.2; §5 (seismic/volcanic/crustal movements incl. InSAR, pp.49-66) and bibliography (p.85+) are outsi",sweep visual check EV-VN-S006-0096 (OK_CONFIRMED),MINOR,QA-S-0092,PROPOSED,HIGH,visual_ocr_qa_ledger.csv; catalogues of the records extracted from the same page/figure,sweep agent visual check EV-VN-S006-0096 (OK_CONFIRMED); QA ledger status CORRECTED
QA-C-S-008,SWEEP_VISUAL_CHECK,NEW_VN,EV-VN-S011-0661,VKM-SRC-011,35,LABEL_ERROR,(as currently recorded in the target record(s); the check states no explicit old value),text cross-reference should read рис. 1.65а/б; house numbers must not be taken as borehole IDs,sweep visual check EV-VN-S011-0661 (LABEL_ERROR),MINOR,QA-S-0161,PROPOSED,HIGH,visual_ocr_qa_ledger.csv; catalogues of the records extracted from the same page/figure,sweep agent visual check EV-VN-S011-0661 (LABEL_ERROR); QA ledger status RESOLVED
QA-C-S-009,SWEEP_VISUAL_CHECK,OLD_EV,EV-GEO-0142,VKM-SRC-011,45,NUMBER_CONFLICT,EV-GEO-0142 states 'NaCl mostly 92–99%',"printed NaCl 69,67% with Н.О. 1,12 and CaSO4 1,87 is implausible for 'relatively pure' КС layer — probable misprint (e.g. of 96,67); keep as printed, flag",sweep visual check EV-VN-S011-0856 (NUMBER_CONFLICT),MAJOR,QA-S-0168,PROPOSED,HIGH,geology_evidence.csv; borehole_catalog.csv; physical_evidence_v1 claims,sweep agent visual check EV-VN-S011-0856 (NUMBER_CONFLICT); QA ledger status UNRESOLVED
QA-C-S-010,SWEEP_VISUAL_CHECK,OLD_EV,EV-GEO-0144,VKM-SRC-011,49,UNCLEAR_MINE_ATTRIBUTION,EV-GEO-0144 SITE_SPECIFIC SKRU-1,Only the qualitative sketches are SKRU-1; the quantitative patch sizes are SKRU-3. EV-GEO-0144 should be split / scope-corrected.,sweep visual check EV-VN-S011-0982 (UNCLEAR_MINE_ATTRIBUTION),MAJOR,QA-S-0175,PROPOSED,HIGH,geology_evidence.csv; borehole_catalog.csv; physical_evidence_v1 claims,sweep agent visual check EV-VN-S011-0982 (UNCLEAR_MINE_ATTRIBUTION); QA ledger status UNRESOLVED
QA-C-S-011,SWEEP_VISUAL_CHECK,OLD_EV,EV-GEO-0151 EV-GEO-0152,VKM-SRC-011,58,NUMBER_CONFLICT,EV-GEO-0150..0153 thickness only,"Printed as in text layer; the NaCl inner-zone values for А and А' coincide with KCl values in the same rows, while Table 2.11 t-values for NaCl are small (1,067 and 0,322) - suspected misprint in Table 2.10; not resolvable from source",sweep visual check EV-VN-S011-1099 (NUMBER_CONFLICT),MAJOR,QA-S-0182,PROPOSED,MEDIUM,geology_evidence.csv; borehole_catalog.csv; physical_evidence_v1 claims,sweep agent visual check EV-VN-S011-1099 (NUMBER_CONFLICT); QA ledger status UNRESOLVED
QA-C-S-012,SWEEP_VISUAL_CHECK,NEW_VN,EV-VN-S011-1700,VKM-SRC-011,99,UNCLEAR_MINE_ATTRIBUTION,(as currently recorded in the target record(s); the check states no explicit old value),"Printed abbreviation non-standard; probably СКПРУ-2 (Solikamsk mine 2, SKRU-2). Not SKRU-1.",sweep visual check EV-VN-S011-1700 (UNCLEAR_MINE_ATTRIBUTION),MAJOR,QA-S-0216,PROPOSED,HIGH,visual_ocr_qa_ledger.csv; catalogues of the records extracted from the same page/figure,sweep agent visual check EV-VN-S011-1700 (UNCLEAR_MINE_ATTRIBUTION); QA ledger status UNRESOLVED
QA-C-S-013,SWEEP_VISUAL_CHECK,NEW_VN,EV-VN-S011-2064,VKM-SRC-011,125,OK_CONFIRMED,(as currently recorded in the target record(s); the check states no explicit old value),"Mine attribution explicit: BKPRU-4, not SKRU-1. Scale bars 20/50 cm.",sweep visual check EV-VN-S011-2064 (OK_CONFIRMED),MINOR,QA-S-0232,PROPOSED,HIGH,visual_ocr_qa_ledger.csv; catalogues of the records extracted from the same page/figure,sweep agent visual check EV-VN-S011-2064 (OK_CONFIRMED); QA ledger status RESOLVED
QA-C-S-014,SWEEP_VISUAL_CHECK,NEW_VN,EV-VN-S014-0391,VKM-SRC-014,41,UNIT_DOUBT,(as currently recorded in the target record(s); the check states no explicit old value),"Printed 2253 кН is an order of magnitude above all other hoists (80–513 кН) with max tension difference only 112 кН — likely misprint (e.g. 225,3). Irrelevant for geomechanics; recorded as possible typo.",sweep visual check EV-VN-S014-0391 (UNIT_DOUBT),MAJOR,QA-S-0321,PROPOSED,MEDIUM,visual_ocr_qa_ledger.csv; catalogues of the records extracted from the same page/figure,sweep agent visual check EV-VN-S014-0391 (UNIT_DOUBT); QA ledger status UNRESOLVED
QA-C-S-015,SWEEP_VISUAL_CHECK,NEW_VN,EV-VN-S014-0466,VKM-SRC-014,78,LABEL_ERROR,(as currently recorded in the target record(s); the check states no explicit old value),Same numeral used for a borehole and a block — risk of mis-attribution when digitizing,sweep visual check EV-VN-S014-0466 (LABEL_ERROR),MAJOR,QA-S-0330,PROPOSED,HIGH,visual_ocr_qa_ledger.csv; catalogues of the records extracted from the same page/figure,sweep agent visual check EV-VN-S014-0466 (LABEL_ERROR); QA ledger status RESOLVED
QA-C-S-016,SWEEP_VISUAL_CHECK,NEW_VN,EV-VN-S014-0537,VKM-SRC-014,78,LABEL_ERROR,(as currently recorded in the target record(s); the check states no explicit old value),"CORRECTION: the borehole record with borehole_id_as_printed='86' (written in batch pp76-80) is withdrawn — 86 is a block, not a borehole",sweep visual check EV-VN-S014-0537 (LABEL_ERROR),MAJOR,QA-S-0332,PROPOSED,HIGH,visual_ocr_qa_ledger.csv; catalogues of the records extracted from the same page/figure,sweep agent visual check EV-VN-S014-0537 (LABEL_ERROR); QA ledger status CORRECTED
QA-C-S-017,SWEEP_VISUAL_CHECK,NEW_VN,EV-VN-S014-0868,VKM-SRC-014,125,LABEL_ERROR,(as currently recorded in the target record(s); the check states no explicit old value),Label error in figure: should be Кр. II,sweep visual check EV-VN-S014-0868 (LABEL_ERROR),MINOR,QA-S-0353,PROPOSED,HIGH,visual_ocr_qa_ledger.csv; catalogues of the records extracted from the same page/figure,sweep agent visual check EV-VN-S014-0868 (LABEL_ERROR); QA ledger status CORRECTED
QA-C-S-018,SWEEP_VISUAL_CHECK,NEW_VN,EV-VN-S014-0939,VKM-SRC-014,151,UNIT_DOUBT,(as currently recorded in the target record(s); the check states no explicit old value),"Printed value implausible (salt fill density 1,35–1,70 t/m3 elsewhere in the book); likely misprint; teaching example only",sweep visual check EV-VN-S014-0939 (UNIT_DOUBT),MINOR,QA-S-0364,PROPOSED,HIGH,visual_ocr_qa_ledger.csv; catalogues of the records extracted from the same page/figure,sweep agent visual check EV-VN-S014-0939 (UNIT_DOUBT); QA ledger status UNRESOLVED
QA-C-S-019,SWEEP_VISUAL_CHECK,NEW_VN,EV-VN-S014-0946,VKM-SRC-014,153,EQUATION_ILLEGIBLE,(as currently recorded in the target record(s); the check states no explicit old value),"Legible; probable misprint (dimensional inconsistency) — flag, do not use without checking a primary hydraulics source",sweep visual check EV-VN-S014-0946 (EQUATION_ILLEGIBLE),MINOR,QA-S-0365,PROPOSED,HIGH,visual_ocr_qa_ledger.csv; catalogues of the records extracted from the same page/figure,sweep agent visual check EV-VN-S014-0946 (EQUATION_ILLEGIBLE); QA ledger status UNRESOLVED
QA-C-S-020,SWEEP_VISUAL_CHECK,OLD_EV,EV-MIN-0197,VKM-SRC-014,157,LABEL_ERROR,(as currently recorded in the target record(s); the check states no explicit old value),"Confirms (6.7) misprint (missing square root) by the book's own example; safety factor value inconsistent (1,15 vs 1,05–1,1)",sweep visual check EV-VN-S014-0960 (LABEL_ERROR),MINOR,QA-S-0366,PROPOSED,HIGH,mining_geometry_catalog.csv; physical_evidence_v1 claims,sweep agent visual check EV-VN-S014-0960 (LABEL_ERROR); QA ledger status RESOLVED
QA-C-S-021,SWEEP_VISUAL_CHECK,OLD_EV,EV-RMR-1175 EV-MIN-0233,VKM-SRC-014,186,EQUATION_ILLEGIBLE,"EV-RMR-1175: exp(5,48√(ωγH/σ̄сж)); EV-MIN-0233 distorted","Text layer garbled. Visual read (250 dpi): U(t)/Lр = U0/Lр + A1(b/h)^−0,5(1,7+ω)(1−ω)^0,5·exp(5,48√ω·γH/σ̄сж)·t^0,3; U0/Lр = A2(b/h)^−0,4(1−ω)^0,4·γH/σ̄сж. Existing EV-MIN-0233 gives a wrong/distorted structure (""(1,7ω)(1−ω)^0,3·(A1/(b/h))^0,5·...[1−exp(−5,48·(γ·t/σсж)]""); existing EV-RMR-1175 puts ",sweep visual check EV-VN-S014-1048 (EQUATION_ILLEGIBLE),MINOR,QA-S-0375,PROPOSED,HIGH,mechanics_evidence_catalog.csv; rheology_evidence_catalog.csv; physical_evidence_v1 claims; mining_geometry_catalog.csv,sweep agent visual check EV-VN-S014-1048 (EQUATION_ILLEGIBLE); QA ledger status UNRESOLVED
QA-C-S-022,SWEEP_VISUAL_CHECK,NEW_VN,EV-VN-S020-0018,VKM-SRC-020,6,UNCLEAR_MINE_ATTRIBUTION,(as currently recorded in the target record(s); the check states no explicit old value),"Легенда относит СКПРУ-1 и СКПРУ-3 к Новосоликамскому участку (№4), а СКПРУ-2 — к Соликамскому (№5). Это требует сверки с другими источниками корпуса: в распространённых описаниях СКРУ-1 отрабатывает Соликамский участок, а СКРУ-3 — Новосоликамский. Привязку шахтного поля СКРУ-1 по этому рисунку НЕ ис",sweep visual check EV-VN-S020-0018 (UNCLEAR_MINE_ATTRIBUTION),MAJOR,QA-S-0429,PROPOSED,MEDIUM,visual_ocr_qa_ledger.csv; catalogues of the records extracted from the same page/figure,sweep agent visual check EV-VN-S020-0018 (UNCLEAR_MINE_ATTRIBUTION); QA ledger status UNRESOLVED
QA-C-S-023,SWEEP_VISUAL_CHECK,NEW_VN,EV-VN-S020-0049,VKM-SRC-020,8,MAP_ATTRIBUTION,(as currently recorded in the target record(s); the check states no explicit old value),"Профиль относится к Березниковскому району (Березниковское поднятие, Дурыманская мульда, Еловский купол) — НЕ СКРУ-1. Подписи скважин плохо читаемы (скан 1998, 500 dpi); профиль не имеет плановой привязки и горизонтального масштаба. Подпись оси '-300' в самом низу, вероятно, '-800'.",sweep visual check EV-VN-S020-0049 (MAP_ATTRIBUTION),MINOR,QA-S-0431,PROPOSED,MEDIUM,visual_ocr_qa_ledger.csv; catalogues of the records extracted from the same page/figure,sweep agent visual check EV-VN-S020-0049 (MAP_ATTRIBUTION); QA ledger status UNRESOLVED
QA-C-S-024,SWEEP_VISUAL_CHECK,NEW_VN,EV-VN-S020-0266,VKM-SRC-020,110,MAP_ATTRIBUTION,(as currently recorded in the target record(s); the check states no explicit old value),"Учебная иллюстрация без указания месторождения/рудника; положительные отметки почвы +140..+175 м не согласуются с глубиной залегания калийных пластов ВКМ (отметки почвы отрицательные при устьях ~+100..+200 м) — вероятно, рисунок заимствован из общего учебника маркшейдерии. Не использовать как данные",sweep visual check EV-VN-S020-0266 (MAP_ATTRIBUTION),MINOR,QA-S-0446,PROPOSED,MEDIUM,visual_ocr_qa_ledger.csv; catalogues of the records extracted from the same page/figure,sweep agent visual check EV-VN-S020-0266 (MAP_ATTRIBUTION); QA ledger status UNRESOLVED
QA-C-S-025,SWEEP_VISUAL_CHECK,NEW_VN,EV-VN-S020-0327,VKM-SRC-020,140,UNIT_DOUBT,(as currently recorded in the target record(s); the check states no explicit old value),"Единица 'Па' явно ошибочна (2 Па физически неправдоподобно для гусеничной машины 59 т); вероятно, кгс/см2 или ×10^5 Па. Значение не использовать без проверки по паспорту машины.",sweep visual check EV-VN-S020-0327 (UNIT_DOUBT),MAJOR,QA-S-0450,PROPOSED,HIGH,visual_ocr_qa_ledger.csv; catalogues of the records extracted from the same page/figure,sweep agent visual check EV-VN-S020-0327 (UNIT_DOUBT); QA ledger status UNRESOLVED
QA-C-S-026,SWEEP_VISUAL_CHECK,OLD_EV,EV-MON-0115,VKM-SRC-023,17,FIGURE_REPRODUCED_FROM_OTHER_SOURCE,(as currently recorded in the target record(s); the check states no explicit old value),"Map is of Berezniki (BKPRU area), NOT SKRU-1/Solikamsk. No source reference in caption; context cites [3]/[4]; almost certainly reproduced from Бабаянц/Барях et al. [→quote] (Геофизические исследования, 2021-2023).",sweep visual check EV-VN-S023-0047 (FIGURE_REPRODUCED_FROM_OTHER_SOURCE),MINOR,QA-S-0468,PROPOSED,HIGH,monitoring_observation_catalog.csv; physical_evidence_v1 claims,sweep agent visual check EV-VN-S023-0047 (FIGURE_REPRODUCED_FROM_OTHER_SOURCE); QA ledger status RESOLVED
QA-C-S-027,SWEEP_VISUAL_CHECK,OLD_EV,EV-GEO-0337,VKM-SRC-023,28,FIGURE_REPRODUCED_FROM_OTHER_SOURCE,(as currently recorded in the target record(s); the check states no explicit old value),"Low-resolution raster copied from literature (context [12], Kudryashov 2013 monograph most likely); no numeric picks readable; borehole types only partially distinguishable (open vs filled triangles). Section line position shown in Fig. 9 (legend item 5). Not SKRU-1-specific.",sweep visual check EV-VN-S023-0085 (FIGURE_REPRODUCED_FROM_OTHER_SOURCE),MINOR,QA-S-0473,PROPOSED,MEDIUM,geology_evidence.csv; borehole_catalog.csv; physical_evidence_v1 claims,sweep agent visual check EV-VN-S023-0085 (FIGURE_REPRODUCED_FROM_OTHER_SOURCE); QA ledger status RESOLVED
QA-C-S-028,SWEEP_VISUAL_CHECK,OLD_EV,EV-GEO-0250 EV-GEO-0243 EV-GEO-0244,VKM-SRC-023,31,OK_CONFIRMED,(as currently recorded in the target record(s); the check states no explicit old value),"Values read visually at 300 dpi; clear. Regional average column of the Solikamsk depression, not SKRU-1-specific; source not cited in caption (probably Kudryashov [12]/[16]).",sweep visual check EV-VN-S023-0130 (OK_CONFIRMED),MINOR,QA-S-0474,PROPOSED,HIGH,geology_evidence.csv; borehole_catalog.csv; physical_evidence_v1 claims,sweep agent visual check EV-VN-S023-0130 (OK_CONFIRMED); QA ledger status RESOLVED
QA-C-S-029,SWEEP_VISUAL_CHECK,OLD_EV,EV-MIN-0296,VKM-SRC-023,37,MAP_ATTRIBUTION,(as currently recorded in the target record(s); the check states no explicit old value),Figure 10 depicts СКРУ-2 (not СКРУ-1). Drawing in ГОСТ format with empty signature fields — likely a course-project/design drawing; not a mine survey record. Must NOT be used as SKRU-1 geometry.,sweep visual check EV-VN-S023-0180 (MAP_ATTRIBUTION),MAJOR,QA-S-0477,PROPOSED,HIGH,mining_geometry_catalog.csv; physical_evidence_v1 claims,sweep agent visual check EV-VN-S023-0180 (MAP_ATTRIBUTION); QA ledger status UNRESOLVED
QA-C-S-030,SWEEP_VISUAL_CHECK,NEW_VN,EV-VN-S023-0208,VKM-SRC-023,40,LABEL_ERROR,(as currently recorded in the target record(s); the check states no explicit old value),Figure cross-reference error in text: 12а/12б should be 13а/13б,sweep visual check EV-VN-S023-0208 (LABEL_ERROR),MAJOR,QA-S-0480,PROPOSED,HIGH,visual_ocr_qa_ledger.csv; catalogues of the records extracted from the same page/figure,sweep agent visual check EV-VN-S023-0208 (LABEL_ERROR); QA ledger status CORRECTED
QA-C-S-031,SWEEP_VISUAL_CHECK,NEW_VN,EV-VN-S023-0403,VKM-SRC-023,42,VISUAL_NOT_CHECKABLE,(as currently recorded in the target record(s); the check states no explicit old value),"CORRECTION to the earlier Fig.14 visual_check record of this chunk: that record gave '1 СЗП ... 41893,91651' as if certain; the row is only partly legible and must not be used as a coordinate",sweep visual check EV-VN-S023-0403 (VISUAL_NOT_CHECKABLE),MAJOR,QA-S-0509,PROPOSED,LOW,visual_ocr_qa_ledger.csv; catalogues of the records extracted from the same page/figure,sweep agent visual check EV-VN-S023-0403 (VISUAL_NOT_CHECKABLE); QA ledger status UNRESOLVED
QA-C-S-032,SWEEP_VISUAL_CHECK,NEW_VN,EV-VN-S024-0458,VKM-SRC-024,154,TABLE_FROM_IMAGE,(as currently recorded in the target record(s); the check states no explicit old value),Values re-read visually at 130 dpi; interval-based transcription recorded in monitoring_observation records. Any automatic parsing of the text layer for these tables must be rejected.,sweep visual check EV-VN-S024-0458 (TABLE_FROM_IMAGE),MAJOR,QA-S-0552,PROPOSED,HIGH,visual_ocr_qa_ledger.csv; catalogues of the records extracted from the same page/figure,sweep agent visual check EV-VN-S024-0458 (TABLE_FROM_IMAGE); QA ledger status RESOLVED
QA-C-S-033,SWEEP_VISUAL_CHECK,OLD_EV,EV-GEO-0325 EV-MIN-0334 EV-MIN-0338,VKM-SRC-025,10,OCR_ONLY,digest uses КрIII/КрII/КрI correctly,Roman numerals of seam names systematically garbled by tesseract; any automatic parse of OCR seam names must be re-checked visually,sweep visual check EV-VN-S025-0206 (OCR_ONLY),MINOR,QA-S-0564,PROPOSED,HIGH,geology_evidence.csv; borehole_catalog.csv; physical_evidence_v1 claims; mining_geometry_catalog.csv,sweep agent visual check EV-VN-S025-0206 (OCR_ONLY); QA ledger status UNRESOLVED
QA-C-S-034,SWEEP_VISUAL_CHECK,NEW_VN,EV-VN-S025-0272,VKM-SRC-025,51,OK_CONFIRMED,(as currently recorded in the target record(s); the check states no explicit old value),OCR lost the '≠' sign - meaning reversed; correct: correction factor applies when h/d ≠ 2.0,sweep visual check EV-VN-S025-0272 (OK_CONFIRMED),MINOR,QA-S-0573,PROPOSED,HIGH,visual_ocr_qa_ledger.csv; catalogues of the records extracted from the same page/figure,sweep agent visual check EV-VN-S025-0272 (OK_CONFIRMED); QA ledger status CORRECTED
QA-C-S-035,SWEEP_VISUAL_CHECK,OLD_EV,EV-RMR-0328 EV-RMR-0329 EV-RMR-0330 EV-RMR-0331 EV-RMR-0332 EV-RMR-0333 EV-RMR-0334 EV-RMR-0335 EV-RMR-0336,VKM-SRC-025,73,OK_CONFIRMED,EV-RMR-0328..0336 as in digest,Existing values confirmed at 250 dpi; OCR n=20 wrong (visual 90). Text p.68 says '>200 specimens' for the program.,sweep visual check EV-VN-S025-0368 (OK_CONFIRMED),MAJOR,QA-S-0591,PROPOSED,HIGH,mechanics_evidence_catalog.csv; rheology_evidence_catalog.csv; physical_evidence_v1 claims,sweep agent visual check EV-VN-S025-0368 (OK_CONFIRMED); QA ledger status RESOLVED
QA-C-S-036,SWEEP_VISUAL_CHECK,OLD_EV,EV-RMR-0340 EV-RMR-0368,VKM-SRC-025,79,UNIT_DOUBT,(as currently recorded in the target record(s); the check states no explicit old value),Unit on axis is a misprint (should be ГПа); legend swapped; also text calls it 'секущий' modulus while §3.1 used initial tangent D_y — modulus definition ambiguity between chapters.,sweep visual check EV-VN-S025-0412 (UNIT_DOUBT),MINOR,QA-S-0598,PROPOSED,HIGH,mechanics_evidence_catalog.csv; rheology_evidence_catalog.csv; physical_evidence_v1 claims,sweep agent visual check EV-VN-S025-0412 (UNIT_DOUBT); QA ledger status RESOLVED
QA-C-S-037,SWEEP_VISUAL_CHECK,OLD_EV,EV-RMR-0472..EV-RMR-0506,VKM-SRC-025,85,UNCLEAR_MINE_ATTRIBUTION,scope OTHER_VKM_SITE in digest,Abbreviation 'БРУ-1' not standard (БКПРУ-1 / Berezniki mine 1?). Not SKRU-1. Keep OTHER_VKM_SITE with unresolved mine.,sweep visual check EV-VN-S025-0470 (UNCLEAR_MINE_ATTRIBUTION),MAJOR,QA-S-0605,PROPOSED,HIGH,mechanics_evidence_catalog.csv; rheology_evidence_catalog.csv; physical_evidence_v1 claims,sweep agent visual check EV-VN-S025-0470 (UNCLEAR_MINE_ATTRIBUTION); QA ledger status UNRESOLVED
QA-C-S-038,SWEEP_VISUAL_CHECK,NEW_VN,EV-VN-S025-0494,VKM-SRC-025,92,GRAPH_DIGITIZED,(as currently recorded in the target record(s); the check states no explicit old value),"Caption confirmed: д = 10,0 MPa (OCR '109,0' wrong). Approximate values only.",sweep visual check EV-VN-S025-0494 (GRAPH_DIGITIZED),MINOR,QA-S-0610,PROPOSED,MEDIUM,visual_ocr_qa_ledger.csv; catalogues of the records extracted from the same page/figure,sweep agent visual check EV-VN-S025-0494 (GRAPH_DIGITIZED); QA ledger status RESOLVED
QA-C-S-039,SWEEP_VISUAL_CHECK,OLD_EV,EV-RMR-1102,VKM-SRC-025,94,LABEL_ERROR,"EV-RMR-1102 tagged pdf_page 94, describes Рис. 2.13 (full stress-strain curve model)","Existing EV-RMR-1102 has a wrong page locator (Рис. 2.13 belongs to Ch. II, not p.94).",sweep visual check EV-VN-S025-0505 (LABEL_ERROR),MINOR,QA-S-0613,PROPOSED,HIGH,mechanics_evidence_catalog.csv; rheology_evidence_catalog.csv; physical_evidence_v1 claims,sweep agent visual check EV-VN-S025-0505 (LABEL_ERROR); QA ledger status RESOLVED
QA-C-S-040,SWEEP_VISUAL_CHECK,OLD_EV,EV-RMR-0602..EV-RMR-0708,VKM-SRC-025,107,OK_CONFIRMED,EV-RMR-0602..: 107 values,"All values confirmed at 220 dpi; existing digest correct in values but scope VKM_REGIONAL should be SKRU3 (ПдКС, 8th panel, blocks 1-2).",sweep visual check EV-VN-S025-0579 (OK_CONFIRMED),MAJOR,QA-S-0618,PROPOSED,HIGH,mechanics_evidence_catalog.csv; rheology_evidence_catalog.csv; physical_evidence_v1 claims,sweep agent visual check EV-VN-S025-0579 (OK_CONFIRMED); QA ledger status CORRECTED
QA-C-S-041,SWEEP_VISUAL_CHECK,NEW_VN,EV-VN-S025-0777,VKM-SRC-025,141,EQUATION_ILLEGIBLE,(as currently recorded in the target record(s); the check states no explicit old value),Legible but likely misprinted; standard form uses minus sign and σ1²,sweep visual check EV-VN-S025-0777 (EQUATION_ILLEGIBLE),MINOR,QA-S-0640,PROPOSED,MEDIUM,visual_ocr_qa_ledger.csv; catalogues of the records extracted from the same page/figure,sweep agent visual check EV-VN-S025-0777 (EQUATION_ILLEGIBLE); QA ledger status UNRESOLVED
QA-C-S-042,SWEEP_VISUAL_CHECK,NEW_VN,EV-VN-S025-1008,VKM-SRC-025,175,NUMBER_CONFLICT,(as currently recorded in the target record(s); the check states no explicit old value),"All numbers confirmed at 250 dpi. Row 5 prints h1 (8,3) > h2 (7,8) although h2 is defined as total penetration after spall (should be >= h1) - probable typo or swapped values in source; not recalculated.",sweep visual check EV-VN-S025-1008 (NUMBER_CONFLICT),MAJOR,QA-S-0667,PROPOSED,HIGH,visual_ocr_qa_ledger.csv; catalogues of the records extracted from the same page/figure,sweep agent visual check EV-VN-S025-1008 (NUMBER_CONFLICT); QA ledger status CORRECTED
QA-C-S-043,SWEEP_VISUAL_CHECK,NEW_VN,EV-VN-S025-1051,VKM-SRC-025,190,LABEL_ERROR,(as currently recorded in the target record(s); the check states no explicit old value),CORRECTION to the two preceding p.190 records (claim 'control_questions_ch4_ch5' and open_question): their quotes normalized the source typo 'гипосометрией' to 'гипсометрией'; the verbatim printed word is 'гипосометрией'. 'КрII и АБ' is printed correctly.,sweep visual check EV-VN-S025-1051 (LABEL_ERROR),MINOR,QA-S-0672,PROPOSED,HIGH,visual_ocr_qa_ledger.csv; catalogues of the records extracted from the same page/figure,sweep agent visual check EV-VN-S025-1051 (LABEL_ERROR); QA ledger status CORRECTED
QA-C-S-044,SWEEP_VISUAL_CHECK,NEW_VN,EV-VN-S025-1143,VKM-SRC-025,197,LABEL_ERROR,(as currently recorded in the target record(s); the check states no explicit old value),"Possible citation mismatch: text names an 'Instruction' (normative), list entry is a monograph on rockburst prevention (which may contain/reproduce the Instruction). Thresholds K1>=0.7, K2>=1, K3>=0.5, K4>=1 attributed to [61] should be traced to the actual normative instruction before use.",sweep visual check EV-VN-S025-1143 (LABEL_ERROR),MINOR,QA-S-0673,PROPOSED,HIGH,visual_ocr_qa_ledger.csv; catalogues of the records extracted from the same page/figure,sweep agent visual check EV-VN-S025-1143 (LABEL_ERROR); QA ledger status CORRECTED
QA-C-S-045,SWEEP_VISUAL_CHECK,OLD_EV,EV-MIN-0519,VKM-SRC-026,6,OK_CONFIRMED,60 м offset,60 м confirmed visually; figure is BKPRU-2 (not SKRU-1); no other numbers,sweep visual check EV-VN-S026-0028 (OK_CONFIRMED),MINOR,QA-S-0676,PROPOSED,HIGH,mining_geometry_catalog.csv; physical_evidence_v1 claims,sweep agent visual check EV-VN-S026-0028 (OK_CONFIRMED); QA ledger status RESOLVED
QA-C-S-046,SWEEP_VISUAL_CHECK,NEW_VN,EV-VN-S026-0040,VKM-SRC-026,8,OK_CONFIRMED,(as currently recorded in the target record(s); the check states no explicit old value),Confirmed; attribution СКРУ-3 by caption (not SKRU-1),sweep visual check EV-VN-S026-0040 (OK_CONFIRMED),MINOR,QA-S-0678,PROPOSED,HIGH,visual_ocr_qa_ledger.csv; catalogues of the records extracted from the same page/figure,sweep agent visual check EV-VN-S026-0040 (OK_CONFIRMED); QA ledger status RESOLVED
QA-C-S-047,SWEEP_VISUAL_CHECK,OLD_EV,EV-RMB-0205,VKM-SRC-029,45,LABEL_ERROR,EV-RMB-0205: 'all points lie between the dashed «Литостатика» ... lines',"Labels are ambiguous: in a horizontal-stress plot 'Литостатика' presumably means the Dinnik (lithostatic, λ=ν/(1−ν)) hypothesis for horizontal stress and 'Гидростатика' the Heim hypothesis (σh = γH); it must NOT be read as vertical lithostatic stress. Interpretation only; ν and γ not stated in the f",sweep visual check EV-VN-S029-0058 (LABEL_ERROR),MINOR,QA-S-0726,PROPOSED,HIGH,mechanics_evidence_catalog.csv; MATHEMATICAL_MODEL_REGISTRY.csv; physical_evidence_v1 claims,sweep agent visual check EV-VN-S029-0058 (LABEL_ERROR); QA ledger status UNRESOLVED
QA-C-S-048,SWEEP_VISUAL_CHECK,OLD_EV,EV-RMB-0205,VKM-SRC-029,45,FIGURE_REPRODUCED_FROM_OTHER_SOURCE,(as currently recorded in the target record(s); the check states no explicit old value),reproduced from Toksarov & Asanov [62]; primary source should be consulted for site/borehole data,sweep visual check EV-VN-S029-0060 (FIGURE_REPRODUCED_FROM_OTHER_SOURCE),MINOR,QA-S-0728,PROPOSED,HIGH,mechanics_evidence_catalog.csv; MATHEMATICAL_MODEL_REGISTRY.csv; physical_evidence_v1 claims,sweep agent visual check EV-VN-S029-0060 (FIGURE_REPRODUCED_FROM_OTHER_SOURCE); QA ledger status CORRECTED
QA-C-S-049,SWEEP_VISUAL_CHECK,OLD_EV,EV-RMB-0223,VKM-SRC-029,131,VISUAL_NOT_CHECKABLE,(as currently recorded in the target record(s); the check states no explicit old value),"no scale bar, no north arrow, no coordinates — orientation and distances not recoverable; mine attribution explicit (СКРУ-3), not SKRU-1",sweep visual check EV-VN-S029-0239 (VISUAL_NOT_CHECKABLE),MAJOR,QA-S-0750,PROPOSED,HIGH,mechanics_evidence_catalog.csv; MATHEMATICAL_MODEL_REGISTRY.csv; physical_evidence_v1 claims,sweep agent visual check EV-VN-S029-0239 (VISUAL_NOT_CHECKABLE); QA ledger status UNRESOLVED
QA-C-S-050,SWEEP_VISUAL_CHECK,NEW_VN,EV-VN-S030-0023,VKM-SRC-030,3,LABEL_ERROR,(as currently recorded in the target record(s); the check states no explicit old value),Well 158 depth ticks 2188/2196 precede 2004 — inconsistent sequence (probably 1988/1996 misprint). 'D1^fm' printed although Famennian is Upper Devonian (D3fm) — probable label error. Oil-field attribution of wells 57 and 158 not stated; they are not in Tables 1-2. Rendered 130 and 300 dpi.,sweep visual check EV-VN-S030-0023 (LABEL_ERROR),MAJOR,QA-S-0757,PROPOSED,HIGH,visual_ocr_qa_ledger.csv; catalogues of the records extracted from the same page/figure,sweep agent visual check EV-VN-S030-0023 (LABEL_ERROR); QA ledger status RESOLVED
QA-C-S-051,SWEEP_VISUAL_CHECK,OLD_EV,EV-RMB-0414,VKM-SRC-035,5,GRAPH_DIGITIZED,"EV-RMB-0414: η/H 0.005–0.035, L/H 1.4–2.2, H 200–400 м, example ≈0.018 and ≈0.016",existing reading confirmed; the guide-line depth correction procedure is newly described; values approximate,sweep visual check EV-VN-S035-0021 (GRAPH_DIGITIZED),MINOR,QA-S-0778,PROPOSED,MEDIUM,mechanics_evidence_catalog.csv; MATHEMATICAL_MODEL_REGISTRY.csv; physical_evidence_v1 claims,sweep agent visual check EV-VN-S035-0021 (GRAPH_DIGITIZED); QA ledger status CORRECTED
QA-C-S-052,SWEEP_VISUAL_CHECK,NEW_VN,EV-VN-S037-0297,VKM-SRC-037,36,LABEL_ERROR,(as currently recorded in the target record(s); the check states no explicit old value),"Printed 2,31 m between axes of adjacent block drifts of width 5,3 m is geometrically impossible; likely misprint for 23,1 m. Recorded as printed; not corrected.",sweep visual check EV-VN-S037-0297 (LABEL_ERROR),MINOR,QA-S-0813,PROPOSED,MEDIUM,visual_ocr_qa_ledger.csv; catalogues of the records extracted from the same page/figure,sweep agent visual check EV-VN-S037-0297 (LABEL_ERROR); QA ledger status CORRECTED
QA-C-S-053,SWEEP_VISUAL_CHECK,NEW_VN,EV-VN-S037-0382,VKM-SRC-037,50,NUMBER_CONFLICT,(as currently recorded in the target record(s); the check states no explicit old value),Printed component (750) exceeds printed panel total (450); likely misprint in source (possibly 200). Kept as printed.,sweep visual check EV-VN-S037-0382 (NUMBER_CONFLICT),MINOR,QA-S-0823,PROPOSED,MEDIUM,visual_ocr_qa_ledger.csv; catalogues of the records extracted from the same page/figure,sweep agent visual check EV-VN-S037-0382 (NUMBER_CONFLICT); QA ledger status UNRESOLVED
QA-C-S-054,SWEEP_VISUAL_CHECK,NEW_VN,EV-VN-S037-0397,VKM-SRC-037,53,LABEL_ERROR,(as currently recorded in the target record(s); the check states no explicit old value),probable misprint of 550 as 5500 on left; kept both as printed,sweep visual check EV-VN-S037-0397 (LABEL_ERROR),MINOR,QA-S-0824,PROPOSED,MEDIUM,visual_ocr_qa_ledger.csv; catalogues of the records extracted from the same page/figure,sweep agent visual check EV-VN-S037-0397 (LABEL_ERROR); QA ledger status RESOLVED
QA-C-S-055,SWEEP_VISUAL_CHECK,NEW_VN,EV-VN-S037-0533,VKM-SRC-037,85,LABEL_ERROR,(as currently recorded in the target record(s); the check states no explicit old value),"OCR '8,31' is visually '2,31'; subscript X5 appears twice (probable misprint for X3)",sweep visual check EV-VN-S037-0533 (LABEL_ERROR),MINOR,QA-S-0842,PROPOSED,HIGH,visual_ocr_qa_ledger.csv; catalogues of the records extracted from the same page/figure,sweep agent visual check EV-VN-S037-0533 (LABEL_ERROR); QA ledger status RESOLVED
QA-C-S-056,SWEEP_VISUAL_CHECK,NEW_VN,EV-VN-S037-0813,VKM-SRC-037,145,LABEL_ERROR,(as currently recorded in the target record(s); the check states no explicit old value),misprint in the book; content belongs to Table 8.6,sweep visual check EV-VN-S037-0813 (LABEL_ERROR),MAJOR,QA-S-0862,PROPOSED,HIGH,visual_ocr_qa_ledger.csv; catalogues of the records extracted from the same page/figure,sweep agent visual check EV-VN-S037-0813 (LABEL_ERROR); QA ledger status RESOLVED
QA-C-S-057,SWEEP_VISUAL_CHECK,OLD_EV,EV-MIN-1338,VKM-SRC-037,166,UNIT_DOUBT,"2,2 кН/м3 [sic] (= 22 кН/м3)","Printed unit misprint confirmed; handwritten annotation is by a reader, not part of the publication",sweep visual check EV-VN-S037-0883 (UNIT_DOUBT),MINOR,QA-S-0868,PROPOSED,HIGH,mining_geometry_catalog.csv; physical_evidence_v1 claims,sweep agent visual check EV-VN-S037-0883 (UNIT_DOUBT); QA ledger status CORRECTED
QA-C-S-058,SWEEP_VISUAL_CHECK,OLD_EV,EV-MIN-1345 EV-MIN-1346 EV-MIN-1347 EV-MIN-1348 EV-MIN-1349,VKM-SRC-037,167,UNIT_DOUBT,"21,5; 23; 19; 11,5 МПа",values confirmed; printed unit Па is misprint (MPa intended),sweep visual check EV-VN-S037-0897 (UNIT_DOUBT),MAJOR,QA-S-0871,PROPOSED,HIGH,mining_geometry_catalog.csv; physical_evidence_v1 claims,sweep agent visual check EV-VN-S037-0897 (UNIT_DOUBT); QA ledger status RESOLVED
QA-C-S-059,SWEEP_VISUAL_CHECK,OLD_EV,EV-MIN-1356,VKM-SRC-037,168,LABEL_ERROR,≈10^-3.6…10^-2.6 %/сут при C 0.3–0.4,"misprinted tick (0,6 for 0,8); line identities LOW-MEDIUM confidence",sweep visual check EV-VN-S037-0903 (LABEL_ERROR),MINOR,QA-S-0872,PROPOSED,HIGH,mining_geometry_catalog.csv; physical_evidence_v1 claims,sweep agent visual check EV-VN-S037-0903 (LABEL_ERROR); QA ledger status RESOLVED
QA-C-S-060,SWEEP_VISUAL_CHECK,NEW_VN,EV-VN-S037-0917,VKM-SRC-037,169,EQUATION_ILLEGIBLE,(as currently recorded in the target record(s); the check states no explicit old value),printed notation ambiguous/misprinted; do not implement literally without cross-check against original method source [21]? (source not cited here),sweep visual check EV-VN-S037-0917 (EQUATION_ILLEGIBLE),MINOR,QA-S-0873,PROPOSED,HIGH,visual_ocr_qa_ledger.csv; catalogues of the records extracted from the same page/figure,sweep agent visual check EV-VN-S037-0917 (EQUATION_ILLEGIBLE); QA ledger status UNRESOLVED
QA-C-S-061,SWEEP_VISUAL_CHECK,NEW_VN,EV-VN-S037-0927,VKM-SRC-037,170,LABEL_ERROR,(as currently recorded in the target record(s); the check states no explicit old value),"misprint; interpret as ΣS_i by analogy with (8.135) — ENGINEERING interpretation, not source fact",sweep visual check EV-VN-S037-0927 (LABEL_ERROR),MINOR,QA-S-0875,PROPOSED,HIGH,visual_ocr_qa_ledger.csv; catalogues of the records extracted from the same page/figure,sweep agent visual check EV-VN-S037-0927 (LABEL_ERROR); QA ledger status RESOLVED
QA-C-S-062,SWEEP_VISUAL_CHECK,NEW_VN,EV-VN-S037-0936,VKM-SRC-037,170,TABLE_FROM_IMAGE,(as currently recorded in the target record(s); the check states no explicit old value),"values transcribed visually; header «Итого» likely misprint for F(Z), F′(Z) (LABEL_ERROR)",sweep visual check EV-VN-S037-0936 (TABLE_FROM_IMAGE),MAJOR,QA-S-0876,PROPOSED,HIGH,visual_ocr_qa_ledger.csv; catalogues of the records extracted from the same page/figure,sweep agent visual check EV-VN-S037-0936 (TABLE_FROM_IMAGE); QA ledger status RESOLVED
QA-C-S-063,SWEEP_VISUAL_CHECK,NEW_VN,EV-VN-S037-0946,VKM-SRC-037,171,LABEL_ERROR,(as currently recorded in the target record(s); the check states no explicit old value),prime vs double prime inconsistency — misprint in first expression likely,sweep visual check EV-VN-S037-0946 (LABEL_ERROR),MINOR,QA-S-0877,PROPOSED,HIGH,visual_ocr_qa_ledger.csv; catalogues of the records extracted from the same page/figure,sweep agent visual check EV-VN-S037-0946 (LABEL_ERROR); QA ledger status RESOLVED
QA-C-S-064,SWEEP_VISUAL_CHECK,NEW_VN,EV-VN-S037-1198,VKM-SRC-037,218,OK_CONFIRMED,(as currently recorded in the target record(s); the check states no explicit old value),OCR dimension/mass values wrong; image values used,sweep visual check EV-VN-S037-1198 (OK_CONFIRMED),MINOR,QA-S-0901,PROPOSED,HIGH,visual_ocr_qa_ledger.csv; catalogues of the records extracted from the same page/figure,sweep agent visual check EV-VN-S037-1198 (OK_CONFIRMED); QA ledger status RESOLVED
QA-C-S-065,SWEEP_VISUAL_CHECK,NEW_VN,EV-VN-S040-0225,VKM-SRC-040,104,UNCLEAR_MINE_ATTRIBUTION,(as currently recorded in the target record(s); the check states no explicit old value),"рисунок отнесен к стволу № 3 СКРУ-3, но источник [56] (с.154) = [→quote]» – касается БКПРУ-4 и СКРУ-2, не СКРУ-3; атрибуция ссылки сом",sweep visual check EV-VN-S040-0225 (UNCLEAR_MINE_ATTRIBUTION),MINOR,QA-S-0951,PROPOSED,MEDIUM,visual_ocr_qa_ledger.csv; catalogues of the records extracted from the same page/figure,sweep agent visual check EV-VN-S040-0225 (UNCLEAR_MINE_ATTRIBUTION); QA ledger status UNRESOLVED
